Timestamp (UTC),Predicted_Offshore_MW,Predicted_Onshore_MW
2024-03-14 03:00:00+00:00,3205.5061991550747,1575.1577461781399
2024-03-14 04:00:00+00:00,3069.6100384103925,1569.2328105084343
2024-03-14 05:00:00+00:00,2818.6867316645357,1482.1637889186072
2024-03-14 06:00:00+00:00,2856.0575392738356,1553.7506314154443
2024-03-14 07:00:00+00:00,2907.6589085144715,1554.3907635447447
2024-03-14 08:00:00+00:00,2915.206985845737,1417.9734786605466
2024-03-14 09:00:00+00:00,2712.128427634755,1177.6035104441478
2024-03-14 10:00:00+00:00,2420.680689966355,994.8003416843915
2024-03-14 11:00:00+00:00,2441.7495249601693,961.2610431666974
2024-03-14 12:00:00+00:00,2284.8481887704434,847.5367959303526
2024-03-14 13:00:00+00:00,2559.830384149434,1006.6400451792072
2024-03-14 14:00:00+00:00,2349.141503715056,949.4170957019637
2024-03-14 15:00:00+00:00,2208.9131338444827,861.1435823997807
2024-03-14 16:00:00+00:00,2283.1932173344985,777.6495749696396
2024-03-14 17:00:00+00:00,2505.8944777897314,821.8969400867193
2024-03-14 18:00:00+00:00,2776.0035347103635,886.6167740080921
2024-03-14 19:00:00+00:00,3140.599984221469,1083.4189427905328
2024-03-14 20:00:00+00:00,3187.8526989527813,1375.3118552201242
2024-03-14 21:00:00+00:00,3181.7279430327694,1492.128365037981
2024-03-14 22:00:00+00:00,3296.5089387786993,1529.942844335793
2024-03-14 23:00:00+00:00,3489.764828614441,1679.974077388656
2024-03-15 00:00:00+00:00,3506.6526459106926,1580.6819803547528
2024-03-15 01:00:00+00:00,3667.8230621737794,1678.5374935714087
2024-03-15 02:00:00+00:00,3681.429583395088,1771.7773358380662
2024-03-15 03:00:00+00:00,3705.6046507047267,1696.4313085703093
2024-03-15 04:00:00+00:00,3666.02821656262,1703.758522633758
2024-03-15 05:00:00+00:00,3639.300401347296,1731.8415789095673
2024-03-15 06:00:00+00:00,3666.6156527321045,1733.2336010426754
2024-03-15 07:00:00+00:00,3611.699389321341,1820.9196781753735
2024-03-15 08:00:00+00:00,3713.195698231412,1946.8076736929822
2024-03-15 09:00:00+00:00,3674.859210633684,2046.6193033776822
2024-03-15 10:00:00+00:00,3653.7924976248296,2172.1325917179465
2024-03-15 11:00:00+00:00,3674.4956438773747,2119.9795063879687
2024-03-15 12:00:00+00:00,3696.6618987591546,2105.6212719949326
2024-03-15 13:00:00+00:00,3665.1192996718455,2051.370958197137
2024-03-15 14:00:00+00:00,3785.0659476802093,2147.9976201024538
2024-03-15 15:00:00+00:00,3728.0902030942575,2208.9013984933813
2024-03-15 16:00:00+00:00,3728.393990996305,2185.4572279549116
2024-03-15 17:00:00+00:00,3727.837831023069,2083.7465761828353
2024-03-15 18:00:00+00:00,3744.849953537733,2078.4914799773915
2024-03-15 19:00:00+00:00,3739.6055387901083,2053.5200420124174
2024-03-15 20:00:00+00:00,3735.8695631365604,2060.0751983636324
2024-03-15 21:00:00+00:00,3698.425441188472,2047.9542783219238
2024-03-15 22:00:00+00:00,3607.5772888936635,2033.9990442018207
2024-03-15 23:00:00+00:00,3134.5020395759852,1868.9343125618468
2024-03-16 00:00:00+00:00,2512.0438870303483,1590.451689296514
2024-03-16 01:00:00+00:00,2364.61424225006,1306.1596202690807
2024-03-16 02:00:00+00:00,2594.0271535017596,1203.8455566510424
2024-03-16 03:00:00+00:00,2424.068141680645,1279.2913183328892
2024-03-16 04:00:00+00:00,2388.948594620692,1234.4719213230526
2024-03-16 05:00:00+00:00,2234.942792656866,1185.1342676556467
2024-03-16 06:00:00+00:00,1940.4573541199652,1001.132759635295
2024-03-16 07:00:00+00:00,1555.702915552052,917.690659484087
2024-03-16 08:00:00+00:00,1254.0502188183923,949.3696908762732
2024-03-16 09:00:00+00:00,909.6668932035454,762.0381025995072
2024-03-16 10:00:00+00:00,831.02067709238,724.5480413307133
2024-03-16 11:00:00+00:00,705.6001761487856,668.8382644282844
2024-03-16 12:00:00+00:00,446.22772191173675,513.4959224246097
2024-03-16 13:00:00+00:00,389.770333482785,412.4752656714125
2024-03-16 14:00:00+00:00,351.47167227894477,419.483161948757
2024-03-16 15:00:00+00:00,322.7350204326632,411.1432969334271
2024-03-16 16:00:00+00:00,292.442496577921,372.11220907212487
2024-03-16 17:00:00+00:00,209.09879256781122,322.2687702728087
2024-03-16 18:00:00+00:00,182.6538565487461,280.08877959429014
2024-03-16 19:00:00+00:00,166.7758695003376,226.10319818180508
2024-03-16 20:00:00+00:00,178.52737403899022,179.2728696411358
2024-03-16 21:00:00+00:00,209.5603582747661,168.02429882828065
2024-03-16 22:00:00+00:00,290.0186203403978,191.9821411258856
2024-03-16 23:00:00+00:00,349.05087374960675,229.44156109407072
2024-03-17 00:00:00+00:00,808.9839244028478,260.8899454140231
2024-03-17 01:00:00+00:00,976.0490758423894,323.5689209394086
2024-03-17 02:00:00+00:00,1045.9755110190076,430.96984780223676
2024-03-17 03:00:00+00:00,1070.642980040276,516.5167382688232
2024-03-17 04:00:00+00:00,1394.435170604357,659.6840287750609
2024-03-17 05:00:00+00:00,1493.7672065533984,766.6215342539401
2024-03-17 06:00:00+00:00,1429.796227236021,803.7079178859101
2024-03-17 07:00:00+00:00,1373.9236938830911,752.3728768667072
2024-03-17 08:00:00+00:00,1569.9952492392663,771.2708650718685
2024-03-17 09:00:00+00:00,1738.5044794634816,747.8773409372112
2024-03-17 10:00:00+00:00,1752.0250325628363,690.9945046120665
2024-03-17 11:00:00+00:00,1940.5605478649993,781.2155738641356
2024-03-17 12:00:00+00:00,2162.904868623525,942.0179512300588
2024-03-17 13:00:00+00:00,2214.086250535539,1046.971783262731
2024-03-17 14:00:00+00:00,2134.388272912487,1051.7579815740728
2024-03-17 15:00:00+00:00,2331.8344775775104,1094.3074782764766
2024-03-17 16:00:00+00:00,2753.614288738663,1154.5396757946075
2024-03-17 17:00:00+00:00,3042.9901885631157,1196.553108147808
2024-03-17 18:00:00+00:00,2855.6901015348335,1299.7144467250732
2024-03-17 19:00:00+00:00,2763.1057597402414,1408.974988237995
2024-03-17 20:00:00+00:00,2888.3409645469196,1623.575614160835
2024-03-17 21:00:00+00:00,2687.42763109041,1542.966091789982
2024-03-17 22:00:00+00:00,2060.84009936849,1324.9439595734611
2024-03-17 23:00:00+00:00,1636.874753312511,1150.8976607615377
2024-03-18 00:00:00+00:00,1598.9753115946676,1030.475448431579
2024-03-18 01:00:00+00:00,1443.4159911639345,846.7744695634317
2024-03-18 02:00:00+00:00,1136.4846628092969,604.0000955693051
2024-03-18 03:00:00+00:00,1064.7662773022453,461.9552180819706
2024-03-18 04:00:00+00:00,1069.2635331274919,403.30414788358473
2024-03-18 05:00:00+00:00,856.0002619319616,362.31957527253945
2024-03-18 06:00:00+00:00,601.2890420018516,321.3040445379839
2024-03-18 07:00:00+00:00,569.8373536716416,275.02160462980294
2024-03-18 08:00:00+00:00,666.8373467641574,257.4762239116339
2024-03-18 09:00:00+00:00,630.5062689291733,258.35418543188405
2024-03-18 10:00:00+00:00,493.9169912834673,280.6435817550916
2024-03-18 11:00:00+00:00,355.96367789611065,348.18176064038914
2024-03-18 12:00:00+00:00,308.88424734919965,316.99149646426537
2024-03-18 13:00:00+00:00,297.47708404397645,317.6554214843988
2024-03-18 14:00:00+00:00,360.75530745719124,321.59620051350794
2024-03-18 15:00:00+00:00,332.1885632068999,325.51824173101875
2024-03-18 16:00:00+00:00,315.5022251557248,274.86328369992174
2024-03-18 17:00:00+00:00,517.2127076624147,179.76344727377787
2024-03-18 18:00:00+00:00,823.1044495566634,142.22970970500242
2024-03-18 19:00:00+00:00,983.1631983125386,149.93629100080764
2024-03-18 20:00:00+00:00,1094.3867745226605,180.6061056707269
2024-03-18 21:00:00+00:00,1081.8619505420554,246.7021632842774
2024-03-18 22:00:00+00:00,1215.2430342275652,269.44855401257644
2024-03-18 23:00:00+00:00,1310.312444340069,329.0756650494093
2024-03-19 00:00:00+00:00,1684.5098912285132,453.4089655765726
2024-03-19 01:00:00+00:00,1734.0048700966815,601.2001052873816
2024-03-19 02:00:00+00:00,1745.133862894458,783.7394756176786
2024-03-19 03:00:00+00:00,1935.624990185845,839.6614333432301
2024-03-19 04:00:00+00:00,1918.4549993454445,842.611054555453
2024-03-19 05:00:00+00:00,1718.4834445936144,784.5653876612669
2024-03-19 06:00:00+00:00,1796.569789377556,783.1782464780199
2024-03-19 07:00:00+00:00,2019.5859557287506,765.4248488948612
2024-03-19 08:00:00+00:00,2046.1235850766884,720.440794497115
2024-03-19 09:00:00+00:00,2006.5826386461717,692.4689078744476
2024-03-19 10:00:00+00:00,2033.2466350713619,603.5190678841202
2024-03-19 11:00:00+00:00,2331.634607587129,631.2444210290681
2024-03-19 12:00:00+00:00,2345.184127351756,700.5631898807623
2024-03-19 13:00:00+00:00,2404.2741330498525,768.9112586229191
2024-03-19 14:00:00+00:00,2340.5000365355004,875.682839422283
2024-03-19 15:00:00+00:00,2500.3245173859827,806.8549650261324
2024-03-19 16:00:00+00:00,2448.915022984946,803.2487057205086
2024-03-19 17:00:00+00:00,2075.4427384574383,606.596504506859
2024-03-19 18:00:00+00:00,1525.9438309424725,392.7969879204676
2024-03-19 19:00:00+00:00,1263.2537430629939,228.0608016292666
2024-03-19 20:00:00+00:00,907.1843594688451,166.16160647000174
2024-03-19 21:00:00+00:00,602.3046404425617,122.82561954502951
2024-03-19 22:00:00+00:00,405.16140899212496,91.67220300385125
2024-03-19 23:00:00+00:00,340.79048602211884,103.28832798521661
2024-03-20 00:00:00+00:00,311.1394832823383,135.5975653887424
2024-03-20 01:00:00+00:00,262.48571447785537,164.38296270142823
2024-03-20 02:00:00+00:00,306.4792899649327,188.47213940677548
2024-03-20 03:00:00+00:00,293.54965683714147,177.93429288263505
2024-03-20 04:00:00+00:00,283.0913328612575,168.3941669354816
2024-03-20 05:00:00+00:00,294.6355447015523,174.2711412359991
2024-03-20 06:00:00+00:00,370.081487425057,186.93360213706404
2024-03-20 07:00:00+00:00,369.620464843076,188.30399696695028
2024-03-20 08:00:00+00:00,294.96639833146406,199.72375398250497
2024-03-20 09:00:00+00:00,265.83770077488214,153.13538761769183
2024-03-20 10:00:00+00:00,224.6313521328426,153.3048878699517
2024-03-20 11:00:00+00:00,225.43182782348822,158.39021226064884
2024-03-20 12:00:00+00:00,191.17277176379295,143.41987756439502
2024-03-20 13:00:00+00:00,247.3680118720266,185.49350626886533
2024-03-20 14:00:00+00:00,213.61179901729986,182.3919458452041
2024-03-20 15:00:00+00:00,170.90896003060882,147.58953850957303
2024-03-20 16:00:00+00:00,163.89730713886178,132.55172053531666
2024-03-20 17:00:00+00:00,166.456240453219,126.79880503091246
2024-03-20 18:00:00+00:00,202.06686301037325,134.86516136148765
2024-03-20 19:00:00+00:00,308.3566014370914,172.10257899660616
2024-03-20 20:00:00+00:00,348.14430764739984,195.6148325135707
2024-03-20 21:00:00+00:00,518.2595810495363,224.88143855309943
2024-03-20 22:00:00+00:00,684.2857344140773,301.8605778174059
2024-03-20 23:00:00+00:00,515.3345362423806,257.5981554682662
2024-03-21 00:00:00+00:00,937.9796360077268,373.02637892396586
2024-03-21 01:00:00+00:00,1723.5247306010142,652.3314291809712
2024-03-21 02:00:00+00:00,1796.373540220333,940.9298908657524
2024-03-21 03:00:00+00:00,1785.4402534548058,891.7947322927687
2024-03-21 04:00:00+00:00,1787.8377881310967,1029.2699825520892
2024-03-21 05:00:00+00:00,1423.3183756727526,876.652589063116
2024-03-21 06:00:00+00:00,781.1095739734033,604.5518652823358
2024-03-21 07:00:00+00:00,293.87372140488,287.49804522731966
2024-03-21 08:00:00+00:00,69.10000829581523,139.72567727341988
2024-03-21 09:00:00+00:00,32.27577298456328,84.54395928438153
2024-03-21 10:00:00+00:00,70.22644949160784,157.9332178555573
2024-03-21 11:00:00+00:00,213.17856632981483,177.69572523786556
2024-03-21 12:00:00+00:00,274.6329760807964,267.5929222789578
2024-03-21 13:00:00+00:00,487.8651760017803,404.622764799296
2024-03-21 14:00:00+00:00,872.6821644625169,460.50122726652387
2024-03-21 15:00:00+00:00,1281.6435925946914,592.5634224738353
2024-03-21 16:00:00+00:00,1864.4388671531797,664.7410654067028
2024-03-21 17:00:00+00:00,1967.9657288378548,737.7257015299022
2024-03-21 18:00:00+00:00,1852.0894725391324,649.3061778161377
2024-03-21 19:00:00+00:00,2232.955860460816,779.8553173670948
2024-03-21 20:00:00+00:00,2699.0528590726394,1061.2365080971074
2024-03-21 21:00:00+00:00,2863.430537620676,1212.2620928085162
2024-03-21 22:00:00+00:00,3014.094672661979,1290.8310041317352
2024-03-21 23:00:00+00:00,3315.9818183426896,1372.9916914279415
2024-03-22 00:00:00+00:00,3575.3790300264636,1591.8076913145928
2024-03-22 01:00:00+00:00,3647.079854492694,1643.2374623813205
2024-03-22 02:00:00+00:00,3492.186405279917,1665.2606369465059
2024-03-22 03:00:00+00:00,3253.673073007821,1556.2970942734585
2024-03-22 04:00:00+00:00,3346.3421422983356,1560.3712557440656
2024-03-22 05:00:00+00:00,3387.0841190877222,1623.0612748105862
2024-03-22 06:00:00+00:00,3421.1040191172597,1723.409950189871
2024-03-22 07:00:00+00:00,3264.1897829183954,1740.1220866773047
2024-03-22 08:00:00+00:00,3052.318903114193,1699.866930906158
2024-03-22 09:00:00+00:00,2628.109693944949,1643.0618519731047
2024-03-22 10:00:00+00:00,2278.6891557600065,1375.8946944132413
2024-03-22 11:00:00+00:00,2062.812186148588,1157.1292051491591
2024-03-22 12:00:00+00:00,1667.6880434963593,869.2919783756618
2024-03-22 13:00:00+00:00,1395.1924678595803,820.9420879940554
2024-03-22 14:00:00+00:00,1220.8376740625026,755.1373377232572
2024-03-22 15:00:00+00:00,971.1760680560583,636.6358416029518
2024-03-22 16:00:00+00:00,915.7539663481191,651.9557677407157
2024-03-22 17:00:00+00:00,830.9875464689743,520.8266612385015
2024-03-22 18:00:00+00:00,506.08579684370494,346.1178404792939
2024-03-22 19:00:00+00:00,395.9926447458506,284.1861143971154
2024-03-22 20:00:00+00:00,361.8833780279054,241.719172690739
2024-03-22 21:00:00+00:00,419.10777207098846,266.0597709985705
2024-03-22 22:00:00+00:00,774.472496271964,286.32580049206456
2024-03-22 23:00:00+00:00,1257.775513014121,392.78752849383943
2024-03-23 00:00:00+00:00,1538.920353859674,555.6176629496814
2024-03-23 01:00:00+00:00,1804.5756325339598,785.0461437839649
2024-03-23 02:00:00+00:00,2108.7049791484365,907.5206443484955
2024-03-23 03:00:00+00:00,2449.3201942154483,1066.0374613035726
2024-03-23 04:00:00+00:00,2983.2428206049863,1124.722386291996
2024-03-23 05:00:00+00:00,3373.891251389265,1323.9121126439497
2024-03-23 06:00:00+00:00,3504.8803221690514,1560.6006355246939
2024-03-23 07:00:00+00:00,3577.847351991015,1564.3927340922078
2024-03-23 08:00:00+00:00,3441.052637323945,1658.6113389331547
2024-03-23 09:00:00+00:00,3643.8196563162496,1886.4915515086118
2024-03-23 10:00:00+00:00,3511.101999786314,1944.159293941818
2024-03-23 11:00:00+00:00,2934.2938633772087,1772.862022185104
2024-03-23 12:00:00+00:00,2974.655471643233,1895.1165571352199
2024-03-23 13:00:00+00:00,2980.2270286667813,1910.6870449275928
2024-03-23 14:00:00+00:00,2862.0895620602078,1731.6120425034976
2024-03-23 15:00:00+00:00,2821.58312046782,1699.6006186273069
2024-03-23 16:00:00+00:00,2524.4376368505946,1542.8578288785254
2024-03-23 17:00:00+00:00,2797.514356209407,1838.3409879924131
2024-03-23 18:00:00+00:00,2779.74222081465,1617.0217251012257
2024-03-23 19:00:00+00:00,3005.261469128723,1484.534263039379
2024-03-23 20:00:00+00:00,3009.301413725977,1466.9470616982228
2024-03-23 21:00:00+00:00,3349.3083288222615,1655.3163807583837
2024-03-23 22:00:00+00:00,3561.597776939655,1785.5644480321625
2024-03-23 23:00:00+00:00,3635.845857533304,2010.692284281738
2024-03-24 00:00:00+00:00,3405.2404248806583,2056.331981043766
2024-03-24 01:00:00+00:00,3475.35242775668,2026.0811872911825
2024-03-24 02:00:00+00:00,3513.153563854254,1954.4417359469992
2024-03-24 03:00:00+00:00,3529.773912221105,1860.6400700443214
2024-03-24 04:00:00+00:00,3340.9087200598065,1960.3703071200337
2024-03-24 05:00:00+00:00,3582.155057200383,1815.65737345901
2024-03-24 06:00:00+00:00,3592.526571701278,1859.8892902887842
2024-03-24 07:00:00+00:00,3530.507855102452,1981.9070227502957
2024-03-24 08:00:00+00:00,3478.5927113507487,1992.085184760495
2024-03-24 09:00:00+00:00,3479.7749133771913,2065.3878658163057
2024-03-24 10:00:00+00:00,3569.1750944916807,2194.3298985696015
2024-03-24 11:00:00+00:00,3521.799389271527,2212.7411110169373
2024-03-24 12:00:00+00:00,3351.988469526619,2194.6271689719624
2024-03-24 13:00:00+00:00,3199.816076432898,2208.0944958238783
2024-03-24 14:00:00+00:00,3183.5002401347265,2213.307590364677
2024-03-24 15:00:00+00:00,3089.940807970392,2242.951894563113
2024-03-24 16:00:00+00:00,2958.191000143881,2351.4758680906475
2024-03-24 17:00:00+00:00,2931.009586660257,2215.2945225607273
2024-03-24 18:00:00+00:00,3080.522658840285,2086.9647726946337
2024-03-24 19:00:00+00:00,2805.6351608186123,1984.9324098963725
2024-03-24 20:00:00+00:00,2555.133974123404,1823.794109734115
2024-03-24 21:00:00+00:00,2256.268232672295,1615.3023724756322
2024-03-24 22:00:00+00:00,1923.6787753440624,1367.1573524378723
2024-03-24 23:00:00+00:00,1473.198701709877,1110.265033133556
2024-03-25 00:00:00+00:00,945.9753408312852,908.7961733496136
2024-03-25 01:00:00+00:00,624.648666086057,625.8279261855578
2024-03-25 02:00:00+00:00,528.4184168627492,532.5854074434723
2024-03-25 03:00:00+00:00,495.66689468884056,480.5035243247928
2024-03-25 04:00:00+00:00,383.8614958504675,443.52504152096367
2024-03-25 05:00:00+00:00,340.01861491343004,371.4870722272081
2024-03-25 06:00:00+00:00,278.37094319258205,349.0314796619984
2024-03-25 07:00:00+00:00,258.4731976917818,309.16741913244766
2024-03-25 08:00:00+00:00,270.6906129371802,277.37148008963726
2024-03-25 09:00:00+00:00,311.68351346449145,267.3950437468136
2024-03-25 10:00:00+00:00,347.9778398429107,278.3697437915981
2024-03-25 11:00:00+00:00,448.554061956037,240.23277541851843
2024-03-25 12:00:00+00:00,412.78027560465125,223.10446941986197
2024-03-25 13:00:00+00:00,333.6416035536423,212.7626457508717
2024-03-25 14:00:00+00:00,209.6772206649757,206.8396868692338
2024-03-25 15:00:00+00:00,122.63003797892058,214.57437488243644
2024-03-25 16:00:00+00:00,233.05051339435656,252.45752285106397
2024-03-25 17:00:00+00:00,531.7246901411423,333.8715490894517
2024-03-25 18:00:00+00:00,1313.4947040827635,524.5876206408474
2024-03-25 19:00:00+00:00,1920.444285083048,957.5799300645077
2024-03-25 20:00:00+00:00,2219.63897922666,1053.117151821166
2024-03-25 21:00:00+00:00,2352.753479070832,1173.1825310432964
2024-03-25 22:00:00+00:00,2835.1947375211257,1376.944645508548
2024-03-25 23:00:00+00:00,2917.4725587700286,1339.2811010710193
2024-03-26 00:00:00+00:00,2712.71625404012,1462.267044319271
2024-03-26 01:00:00+00:00,2502.084061259642,1266.1519484443577
2024-03-26 02:00:00+00:00,2255.660475826542,1252.0303370405943
2024-03-26 03:00:00+00:00,1979.830655975216,1242.5461982261634
2024-03-26 04:00:00+00:00,1702.2684484989236,1130.2345616517352
2024-03-26 05:00:00+00:00,1628.7870793267118,1032.8888242529408
2024-03-26 06:00:00+00:00,1358.4710642100465,939.3062187563879
2024-03-26 07:00:00+00:00,1261.7881203210236,846.1126717827791
2024-03-26 08:00:00+00:00,1155.6740828233503,673.1998747913087
2024-03-26 09:00:00+00:00,878.93833051562,611.2960291244551
2024-03-26 10:00:00+00:00,734.8551050013763,556.90731320012
2024-03-26 11:00:00+00:00,688.1003726680066,475.3397183753724
2024-03-26 12:00:00+00:00,479.167074805773,438.74522492806466
2024-03-26 13:00:00+00:00,390.54066573738123,431.6063450111901
2024-03-26 14:00:00+00:00,370.3680763695989,424.01567563689025
2024-03-26 15:00:00+00:00,361.72098366072026,390.41886996199236
2024-03-26 16:00:00+00:00,397.4306586349829,334.16614912735815
2024-03-26 17:00:00+00:00,567.532195501322,330.06469562681445
2024-03-26 18:00:00+00:00,632.4528740959141,375.9565834183732
2024-03-26 19:00:00+00:00,878.5420303263577,531.7303476929534
2024-03-26 20:00:00+00:00,1427.395071726571,889.8070759300867
2024-03-26 21:00:00+00:00,2071.934151126281,1143.4737760146286
2024-03-26 22:00:00+00:00,2489.758021019471,1116.9690962484385
2024-03-26 23:00:00+00:00,2161.7702805531244,1072.1404661140461
2024-03-27 00:00:00+00:00,2226.870326170335,1152.8794332703362
2024-03-27 01:00:00+00:00,2117.436437269922,1169.4900959084864
2024-03-27 02:00:00+00:00,2530.7945525863493,1218.622176773285
2024-03-27 03:00:00+00:00,2771.2504618482963,1175.4152272900199
2024-03-27 04:00:00+00:00,2445.5863910617954,1180.307606533752
2024-03-27 05:00:00+00:00,2267.4651160918042,1130.5265818460157
2024-03-27 06:00:00+00:00,2085.5385265132686,960.1316217125468
2024-03-27 07:00:00+00:00,1772.0976643052204,884.4152932728872
2024-03-27 08:00:00+00:00,1822.4726866727053,641.2485114851444
2024-03-27 09:00:00+00:00,2200.0542547524633,734.9481151531504
2024-03-27 10:00:00+00:00,2280.5323408796407,751.7057836175595
2024-03-27 11:00:00+00:00,2084.317400530366,649.7195411816623
2024-03-27 12:00:00+00:00,1892.5886724652019,669.9582333848052
2024-03-27 13:00:00+00:00,1541.882014342151,527.8190331936764
2024-03-27 14:00:00+00:00,1520.4276726662583,579.4114249296615
2024-03-27 15:00:00+00:00,1553.5061560744325,647.9291297053217
2024-03-27 16:00:00+00:00,1821.1121586131776,638.1831141326595
2024-03-27 17:00:00+00:00,1846.9942361176622,724.7293998115691
2024-03-27 18:00:00+00:00,2362.1917238249716,779.8381184095891
2024-03-27 19:00:00+00:00,2731.7544137489526,936.8911230392755
2024-03-27 20:00:00+00:00,2566.172265050545,905.936529841394
2024-03-27 21:00:00+00:00,2104.1282460353477,925.1615245412354
2024-03-27 22:00:00+00:00,1936.698567217515,791.668285548623
2024-03-27 23:00:00+00:00,1920.2951067568936,686.3702480637648
2024-03-28 00:00:00+00:00,2069.549651449363,613.0249769579202
2024-03-28 01:00:00+00:00,2122.9042574234622,681.7773117222894
2024-03-28 02:00:00+00:00,2371.3497160925976,726.2826467159894
2024-03-28 03:00:00+00:00,2656.6483767382574,789.8945299048142
2024-03-28 04:00:00+00:00,3124.5845775532403,1039.3373470676206
2024-03-28 05:00:00+00:00,3286.0664947822956,1212.2696060373212
2024-03-28 06:00:00+00:00,3404.553552830379,1421.4928421147688
2024-03-28 07:00:00+00:00,3271.0860217531963,1329.5368959149366
2024-03-28 08:00:00+00:00,2808.552104011574,1000.516403310789
2024-03-28 09:00:00+00:00,2398.9965876788224,986.5375432543227
2024-03-28 10:00:00+00:00,2522.9826050456145,1215.013201842792
2024-03-28 11:00:00+00:00,3026.2230154116637,1328.168854626604
2024-03-28 12:00:00+00:00,3022.9566618188496,1444.893200572014
2024-03-28 13:00:00+00:00,2966.3414955849903,1831.7507095595552
2024-03-28 14:00:00+00:00,3246.9383233319154,1894.5193007056282
2024-03-28 15:00:00+00:00,3185.568822118514,2074.708976617749
2024-03-28 16:00:00+00:00,3615.26431769041,2086.832612284327
2024-03-28 17:00:00+00:00,3392.085213847056,1834.920024823706
2024-03-28 18:00:00+00:00,3604.6455002847492,1582.8855963272815
2024-03-28 19:00:00+00:00,3799.276145085265,1831.8928272610494
2024-03-28 20:00:00+00:00,3869.4169329584793,2187.3301232436215
2024-03-28 21:00:00+00:00,4003.817494069442,2491.089878117069
2024-03-28 22:00:00+00:00,3843.4577349518495,2478.541416797076
2024-03-28 23:00:00+00:00,3830.431202776641,2410.0160987597387
2024-03-29 00:00:00+00:00,3794.714939715213,2318.437435992207
2024-03-29 01:00:00+00:00,3755.2838371947346,2183.4965926272153
2024-03-29 02:00:00+00:00,3761.0331736767344,2134.190782406359
2024-03-29 03:00:00+00:00,3723.468950142909,2059.7784011032472
2024-03-29 04:00:00+00:00,3685.3023611152134,2032.6329817397639
2024-03-29 05:00:00+00:00,3687.8718737212853,1990.4766672408973
2024-03-29 06:00:00+00:00,3568.8278795142237,1795.4759734121137
2024-03-29 07:00:00+00:00,3284.641147415699,1687.8653832948735
2024-03-29 08:00:00+00:00,3028.437735676998,1377.4358341479567
2024-03-29 09:00:00+00:00,2704.4254500357847,1209.1876221415864
2024-03-29 10:00:00+00:00,2552.9203123299567,1147.170556785576
2024-03-29 11:00:00+00:00,2019.8523902498662,991.0514772307434
2024-03-29 12:00:00+00:00,2555.3201258631643,1286.527170562755
2024-03-29 13:00:00+00:00,2487.842704330394,1095.2957069215042
2024-03-29 14:00:00+00:00,2529.2528726270557,1142.8852295291751
2024-03-29 15:00:00+00:00,2430.6446575179093,1196.22512913713
2024-03-29 16:00:00+00:00,1962.040626834959,930.1610093985996
2024-03-29 17:00:00+00:00,1734.2049596657369,623.8918307214316
2024-03-29 18:00:00+00:00,1793.1457800113637,484.4275233018577
2024-03-29 19:00:00+00:00,1793.2004545175598,473.56176923224825
2024-03-29 20:00:00+00:00,1787.174150986871,656.2273552855463
2024-03-29 21:00:00+00:00,1617.8197734520293,871.919038969541
2024-03-29 22:00:00+00:00,1253.5129442997531,816.7264492606246
2024-03-29 23:00:00+00:00,1381.013230600947,1014.8166310597702
2024-03-30 00:00:00+00:00,1739.6020334123145,980.7290628905287
2024-03-30 01:00:00+00:00,2141.782214621338,862.7330597806055
2024-03-30 02:00:00+00:00,1875.1925385568127,561.3930053999253
2024-03-30 03:00:00+00:00,1145.0281296388036,280.53446562537124
2024-03-30 04:00:00+00:00,986.3664963607122,160.4930282264453
2024-03-30 05:00:00+00:00,572.9873587497685,166.46338025122574
2024-03-30 06:00:00+00:00,280.35027024095905,153.5442106444123
2024-03-30 07:00:00+00:00,165.29306913535925,152.04425624172927
2024-03-30 08:00:00+00:00,149.87410164750244,149.12418356651798
2024-03-30 09:00:00+00:00,88.26379026000343,138.75158786724262
2024-03-30 10:00:00+00:00,64.79083288364033,156.01529968007415
2024-03-30 11:00:00+00:00,84.18420184612225,162.59525353042633
2024-03-30 12:00:00+00:00,157.6878264049742,215.54979482708453
2024-03-30 13:00:00+00:00,332.49688456229933,347.3749480794717
2024-03-30 14:00:00+00:00,570.1446155015733,482.77432893371173
2024-03-30 15:00:00+00:00,420.9790831573374,615.8644213454531
2024-03-30 16:00:00+00:00,250.3314123399022,614.1154047026071
2024-03-30 17:00:00+00:00,447.32954655183875,515.9993074455108
2024-03-30 18:00:00+00:00,508.7840698864861,265.53241489540216
2024-03-30 19:00:00+00:00,206.4074464616488,191.6270852465304
2024-03-30 20:00:00+00:00,139.6295369934457,105.24500727076254
2024-03-30 21:00:00+00:00,144.4325693924262,66.10700574441047
2024-03-30 22:00:00+00:00,223.6371049488219,118.8598106467209
2024-03-30 23:00:00+00:00,388.02556167695036,138.8552613253583
2024-03-31 00:00:00+00:00,399.4498139355011,145.84342941704105
2024-03-31 01:00:00+00:00,232.9841752866362,168.19716749009675
2024-03-31 02:00:00+00:00,347.3565261762162,282.6331910042152
2024-03-31 03:00:00+00:00,721.7514402215199,347.40138670314263
2024-03-31 04:00:00+00:00,1103.9726834844175,512.8442668232562
2024-03-31 05:00:00+00:00,1853.7398893177078,811.9044037548181
2024-03-31 06:00:00+00:00,1980.5344204446305,979.8776351564964
2024-03-31 07:00:00+00:00,1936.5380912493529,913.3080185302374
2024-03-31 08:00:00+00:00,2493.661282574566,920.1763851304023
2024-03-31 09:00:00+00:00,2446.4682920256737,830.1244464632242
2024-03-31 10:00:00+00:00,1667.5697903875855,653.4629819826512
2024-03-31 11:00:00+00:00,962.9614564505234,442.77458317102287
2024-03-31 12:00:00+00:00,887.7215793339117,475.7162096355723
2024-03-31 13:00:00+00:00,1055.636447119114,739.1256361575988
2024-03-31 14:00:00+00:00,1383.1528199705813,942.4377062613238
2024-03-31 15:00:00+00:00,2015.067141254285,735.6367783513203
2024-03-31 16:00:00+00:00,1213.892751229299,572.7070809610854
2024-03-31 17:00:00+00:00,657.0275138459484,673.8926598597193
2024-03-31 18:00:00+00:00,653.4168208078697,827.209954749718
2024-03-31 19:00:00+00:00,1241.528916852549,601.3514142089678
2024-03-31 20:00:00+00:00,1442.0175878889042,763.4238191257515
2024-03-31 21:00:00+00:00,1376.832238950661,822.661376367463
2024-03-31 22:00:00+00:00,827.8179957978638,710.5617065952989
2024-03-31 23:00:00+00:00,1019.5945964273633,752.0659472040919
2024-04-01 00:00:00+00:00,1120.5339508629725,785.4694691941696
2024-04-01 01:00:00+00:00,905.8686911698659,661.0056990234244
2024-04-01 02:00:00+00:00,835.3571183209286,572.2955559797601
2024-04-01 03:00:00+00:00,711.57238092307,541.1826403993547
2024-04-01 04:00:00+00:00,790.1576662116241,403.7036891619536
2024-04-01 05:00:00+00:00,1160.7538608353002,346.4593392858304
2024-04-01 06:00:00+00:00,1182.5819479897893,318.2583614195066
2024-04-01 07:00:00+00:00,1215.9138161071276,334.07263126271516
2024-04-01 08:00:00+00:00,1426.4361103635995,420.39076466030224
2024-04-01 09:00:00+00:00,1717.3198073231417,499.77961384182424
2024-04-01 10:00:00+00:00,1719.4176813688441,555.7088904958183
2024-04-01 11:00:00+00:00,1823.3858899366292,674.7051627506726
2024-04-01 12:00:00+00:00,2110.263213132456,843.2695977228099
2024-04-01 13:00:00+00:00,2334.115587125353,1048.5956382615177
2024-04-01 14:00:00+00:00,2164.2821928095827,1318.4274747064405
2024-04-01 15:00:00+00:00,1789.6201256948598,1405.681270522779
2024-04-01 16:00:00+00:00,1594.0613356955628,1200.0489392382876
2024-04-01 17:00:00+00:00,1579.627928207804,866.4511153870795
2024-04-01 18:00:00+00:00,2063.868962255396,821.7950030071696
2024-04-01 19:00:00+00:00,2399.5331608260726,942.078349083056
2024-04-01 20:00:00+00:00,2218.9725905576083,1019.2464011725057
2024-04-01 21:00:00+00:00,2167.6843092280033,899.9494664298588
2024-04-01 22:00:00+00:00,2341.0250069014505,1103.2760091969885
2024-04-01 23:00:00+00:00,2398.4201846324695,1167.0910901477648
2024-04-02 00:00:00+00:00,2384.6187501133886,1233.119069710912
2024-04-02 01:00:00+00:00,2521.455417791843,1298.567953552723
2024-04-02 02:00:00+00:00,2436.5109104180033,1321.335155754815
2024-04-02 03:00:00+00:00,2646.4324472543176,1354.4790684330328
2024-04-02 04:00:00+00:00,2701.6179425203886,1482.8638898682048
2024-04-02 05:00:00+00:00,2684.2208551820618,1494.3321986168262
2024-04-02 06:00:00+00:00,2823.301258651122,1560.5421742871033
2024-04-02 07:00:00+00:00,3009.821917650384,1538.215489689432
2024-04-02 08:00:00+00:00,3186.2414143336396,1474.7607118426363
2024-04-02 09:00:00+00:00,3351.345180085738,1459.3649195347414
2024-04-02 10:00:00+00:00,3466.9096811510767,1466.3876612112247
2024-04-02 11:00:00+00:00,3286.5837004593704,1411.3462304312031
2024-04-02 12:00:00+00:00,3444.6342657270357,1457.6737935455149
2024-04-02 13:00:00+00:00,3114.895156635785,1399.5809010087833
2024-04-02 14:00:00+00:00,2939.3353172402626,1418.9228116124923
2024-04-02 15:00:00+00:00,2982.0251338411117,1347.2263722157838
2024-04-02 16:00:00+00:00,2780.7340340226438,1345.2140098545126
2024-04-02 17:00:00+00:00,2738.0949190399974,1392.0744129228076
2024-04-02 18:00:00+00:00,2639.6119444952174,1215.7264282234348
2024-04-02 19:00:00+00:00,2241.430380459065,975.9019093858734
2024-04-02 20:00:00+00:00,2092.5814021545957,863.7218359281268
2024-04-02 21:00:00+00:00,1829.9152367613501,769.2963151355495
2024-04-02 22:00:00+00:00,1779.0017311991303,671.4172195657789
2024-04-02 23:00:00+00:00,1935.670866555918,611.7627455661795
2024-04-03 00:00:00+00:00,1723.2549236151228,667.4575272359867
2024-04-03 01:00:00+00:00,1586.3235687728236,638.4841537289298
2024-04-03 02:00:00+00:00,2048.066894853882,714.1530081562665
2024-04-03 03:00:00+00:00,2505.7789693249797,735.7144388523359
2024-04-03 04:00:00+00:00,2529.5447853020055,776.4857289226165
2024-04-03 05:00:00+00:00,2526.1333988116,772.1154575372121
2024-04-03 06:00:00+00:00,2422.2454047442548,788.8023911467038
2024-04-03 07:00:00+00:00,2382.1489380774387,784.7909566804251
2024-04-03 08:00:00+00:00,2341.9966617935715,811.4596294846904
2024-04-03 09:00:00+00:00,2445.318046358989,860.6880629822448
2024-04-03 10:00:00+00:00,2389.92993380525,851.2629537731299
2024-04-03 11:00:00+00:00,2387.1784250920477,796.6907967391959
2024-04-03 12:00:00+00:00,2549.3327944718403,808.1907939991938
2024-04-03 13:00:00+00:00,2785.7464943744235,810.8359806622846
2024-04-03 14:00:00+00:00,3035.3282369388407,1045.256804273279
2024-04-03 15:00:00+00:00,3472.232215951491,1216.134689761051
2024-04-03 16:00:00+00:00,3526.922992069802,1452.3141784571612
2024-04-03 17:00:00+00:00,3606.4235077817125,1856.6870154683033
2024-04-03 18:00:00+00:00,3680.1973892287283,2239.39399158469
2024-04-03 19:00:00+00:00,3758.1125334460958,2297.622340683485
2024-04-03 20:00:00+00:00,3832.9439598399485,2283.556803705409
2024-04-03 21:00:00+00:00,3843.733566889683,2247.530466195347
2024-04-03 22:00:00+00:00,3813.962257747649,2208.010068287586
2024-04-03 23:00:00+00:00,3742.777942531815,2114.894276236861
2024-04-04 00:00:00+00:00,3259.9922151932647,1870.7879300680358
2024-04-04 01:00:00+00:00,2840.532619804578,1620.2776668239985
2024-04-04 02:00:00+00:00,2816.6260500814974,1350.743418608302
2024-04-04 03:00:00+00:00,2746.019884661287,1311.4235569516409
2024-04-04 04:00:00+00:00,2683.579895919113,1230.854239776912
2024-04-04 05:00:00+00:00,3166.2814358692294,1290.406411910679
2024-04-04 06:00:00+00:00,3384.5842528906564,1438.1477112055363
2024-04-04 07:00:00+00:00,3716.018839229412,1605.9012986567175
2024-04-04 08:00:00+00:00,3744.107157343349,1704.6211329999667
2024-04-04 09:00:00+00:00,3601.455505938431,1792.5244960032396
2024-04-04 10:00:00+00:00,3129.138338462713,1962.9256349317934
2024-04-04 11:00:00+00:00,2530.3953617028965,1969.0192883732288
2024-04-04 12:00:00+00:00,1874.3707182975888,2003.8768400726362
2024-04-04 13:00:00+00:00,1716.8468444667744,1890.0394101736076
2024-04-04 14:00:00+00:00,1728.5579723458548,1661.4956230158323
2024-04-04 15:00:00+00:00,2037.9345169893554,2034.194894276631
2024-04-04 16:00:00+00:00,2897.5324005876737,2039.1029244297251
2024-04-04 17:00:00+00:00,2992.2954276745545,1879.4473124126923
2024-04-04 18:00:00+00:00,2919.538037998443,1634.3320418786645
2024-04-04 19:00:00+00:00,3032.79145336243,1439.5940316203073
2024-04-04 20:00:00+00:00,3213.880228548885,1348.7712580898217
2024-04-04 21:00:00+00:00,3301.9315343336298,1420.5179261418764
2024-04-04 22:00:00+00:00,3342.3918040295634,1499.014625487433
2024-04-04 23:00:00+00:00,3048.4474698338977,1614.8998899619605
2024-04-05 00:00:00+00:00,2728.826549721483,1600.9787012476475
2024-04-05 01:00:00+00:00,2957.614574898286,1573.137269744734
2024-04-05 02:00:00+00:00,3097.4034767261846,1580.075256477356
2024-04-05 03:00:00+00:00,3129.6553814572935,1550.3137849627344
2024-04-05 04:00:00+00:00,2948.7639263745145,1538.160909775807
2024-04-05 05:00:00+00:00,2946.2443586460754,1442.4948074109786
2024-04-05 06:00:00+00:00,3063.3745559511326,1282.37673231299
2024-04-05 07:00:00+00:00,3374.67397838348,1484.0619993759542
2024-04-05 08:00:00+00:00,3767.994051811605,1711.3328543021028
2024-04-05 09:00:00+00:00,3836.290266641318,2026.0625817391103
2024-04-05 10:00:00+00:00,3827.269540674397,2176.333097204677
2024-04-05 11:00:00+00:00,3795.565894486389,2343.813028347164
2024-04-05 12:00:00+00:00,3802.239589574873,2389.9221772144056
2024-04-05 13:00:00+00:00,3694.4434088327944,2350.2574310428818
2024-04-05 14:00:00+00:00,2333.9884547095617,2041.433685385903
2024-04-05 15:00:00+00:00,2206.4666958946887,1970.357394886463
2024-04-05 16:00:00+00:00,3091.1348270278936,2231.542808168994
2024-04-05 17:00:00+00:00,3830.3986629321225,2179.1733337497335
2024-04-05 18:00:00+00:00,3788.4143177278315,2000.9410650305936
2024-04-05 19:00:00+00:00,3354.505328706841,1815.1968218563443
2024-04-05 20:00:00+00:00,2983.9979565075905,1645.1456754415024
2024-04-05 21:00:00+00:00,2798.5520583031375,1389.4186318917343
2024-04-05 22:00:00+00:00,2646.5160670873233,1123.847150264396
2024-04-05 23:00:00+00:00,2425.109100246987,1095.4127179321695
2024-04-06 00:00:00+00:00,2361.4467862988176,959.4575584254125
2024-04-06 01:00:00+00:00,1882.4447618112051,746.7881073936044
2024-04-06 02:00:00+00:00,1329.664315433156,646.0847614233223
2024-04-06 03:00:00+00:00,1807.8908700214686,690.5252500370144
2024-04-06 04:00:00+00:00,2257.6698439101474,1074.754362514048
2024-04-06 05:00:00+00:00,2784.267066559707,1398.7800803003822
2024-04-06 06:00:00+00:00,3168.582116387742,1538.0980057159104
2024-04-06 07:00:00+00:00,3396.0870879277927,1632.7635078618082
2024-04-06 08:00:00+00:00,3214.400487690889,1654.171887777557
2024-04-06 09:00:00+00:00,2675.892168466577,1199.5570578676657
2024-04-06 10:00:00+00:00,2819.214102831539,1244.0518899135543
2024-04-06 11:00:00+00:00,2641.698278247224,1302.9588461186652
2024-04-06 12:00:00+00:00,2178.147382721702,1394.0300197413148
2024-04-06 13:00:00+00:00,2320.090346582639,1619.7483267951523
2024-04-06 14:00:00+00:00,2693.0917465160855,1762.6003252660275
2024-04-06 15:00:00+00:00,2554.661383196816,1703.3255931438055
2024-04-06 16:00:00+00:00,3241.402504716322,1858.820267135662
2024-04-06 17:00:00+00:00,3659.1096781295964,1833.7553167847668
2024-04-06 18:00:00+00:00,3613.55351743402,1498.9427351332652
2024-04-06 19:00:00+00:00,3349.838131240209,1336.8591209967854
2024-04-06 20:00:00+00:00,3460.245823690005,1285.0451887486138
2024-04-06 21:00:00+00:00,3383.0439074600395,1376.4729763649643
2024-04-06 22:00:00+00:00,3540.0206578586085,1236.8300308745406
2024-04-06 23:00:00+00:00,3402.192849218351,1283.5970710749887
2024-04-07 00:00:00+00:00,3605.436718078188,1421.3587595079262
2024-04-07 01:00:00+00:00,3683.294350012221,1808.0815686451558
2024-04-07 02:00:00+00:00,3848.6894608838415,2078.233222573554
2024-04-07 03:00:00+00:00,3545.8021558148416,2135.9825548914205
2024-04-07 04:00:00+00:00,3577.691960183116,2048.3497266419895
2024-04-07 05:00:00+00:00,3579.4090045368716,1905.7879381797811
2024-04-07 06:00:00+00:00,3535.9107998219197,1875.315508899468
2024-04-07 07:00:00+00:00,3405.139218628376,1816.831570673092
2024-04-07 08:00:00+00:00,2752.129429654696,1426.2658437353073
2024-04-07 09:00:00+00:00,2164.3327052426425,1497.4589560602699
2024-04-07 10:00:00+00:00,1715.705112131504,1556.4326000281285
2024-04-07 11:00:00+00:00,1118.490372953181,1174.0602924289071
2024-04-07 12:00:00+00:00,868.6918242154048,883.2097028693108
2024-04-07 13:00:00+00:00,963.9380301563505,815.0528228970835
2024-04-07 14:00:00+00:00,1320.7224796706769,1170.058553701184
2024-04-07 15:00:00+00:00,2622.768602069125,1427.7361906631818
2024-04-07 16:00:00+00:00,2788.6722426039114,1319.6707048706876
2024-04-07 17:00:00+00:00,2767.478587824953,870.866696614124
2024-04-07 18:00:00+00:00,2370.492295519412,606.6179029109024
2024-04-07 19:00:00+00:00,2066.384746280985,512.8655028555071
2024-04-07 20:00:00+00:00,1928.3796711621608,493.22671346685627
2024-04-07 21:00:00+00:00,1973.4995709190243,507.0111686193935
2024-04-07 22:00:00+00:00,1774.3994242363922,487.47439731886107
2024-04-07 23:00:00+00:00,1488.5409576257518,368.08433618979547
2024-04-08 00:00:00+00:00,1425.0868419269552,309.3894565294796
2024-04-08 01:00:00+00:00,1429.2888331280642,211.29005486121306
2024-04-08 02:00:00+00:00,1036.3191305839362,230.32085049800386
2024-04-08 03:00:00+00:00,827.3236550203887,252.26840807001136
2024-04-08 04:00:00+00:00,707.4678200703727,299.70970411849663
2024-04-08 05:00:00+00:00,650.0120085011677,292.0213145179622
2024-04-08 06:00:00+00:00,573.4019106933744,263.33484027957746
2024-04-08 07:00:00+00:00,529.8745714664706,224.09405801250108
2024-04-08 08:00:00+00:00,268.23125919454765,98.17946836781383
2024-04-08 09:00:00+00:00,151.15819580253947,104.93606793298346
2024-04-08 10:00:00+00:00,113.53523028195285,144.60857069535186
2024-04-08 11:00:00+00:00,98.45491011129069,180.4208925129078
2024-04-08 12:00:00+00:00,159.45424808093452,195.32267511732704
2024-04-08 13:00:00+00:00,317.7790372127213,212.85220387950838
2024-04-08 14:00:00+00:00,427.5195919054686,213.8259871044829
2024-04-08 15:00:00+00:00,544.0830378197411,263.4705333230692
2024-04-08 16:00:00+00:00,507.304169108913,282.962089374533
2024-04-08 17:00:00+00:00,832.7619711280416,335.8998286657187
2024-04-08 18:00:00+00:00,1250.0087624969283,440.76695043831523
2024-04-08 19:00:00+00:00,1583.4451168289727,710.1448371336968
2024-04-08 20:00:00+00:00,1697.0047283461713,903.2819627158223
2024-04-08 21:00:00+00:00,1936.1095869014844,901.2949511636523
2024-04-08 22:00:00+00:00,1958.7629942403341,997.5546219132216
2024-04-08 23:00:00+00:00,2162.0208628007194,980.2866534346828
2024-04-09 00:00:00+00:00,2071.6448499843586,981.2593488450875
2024-04-09 01:00:00+00:00,3122.955768004281,1078.0181845932668
2024-04-09 02:00:00+00:00,3588.5383227756142,1355.3534821618846
2024-04-09 03:00:00+00:00,3690.0819345565183,1620.6098759343108
2024-04-09 04:00:00+00:00,3603.3458438827597,1558.7857794236982
2024-04-09 05:00:00+00:00,3670.5720275462277,1563.6916339476527
2024-04-09 06:00:00+00:00,3774.6662334189487,1813.2281612630013
2024-04-09 07:00:00+00:00,3805.9366456305243,1747.1359533439595
2024-04-09 08:00:00+00:00,3726.6548279433982,1806.9657546744143
2024-04-09 09:00:00+00:00,3582.0685692707957,2154.6301560219827
2024-04-09 10:00:00+00:00,3591.6795528824628,2271.5798707010504
2024-04-09 11:00:00+00:00,3747.9310744137997,2435.2420536201694
2024-04-09 12:00:00+00:00,3900.7789863435733,2596.094071597056
2024-04-09 13:00:00+00:00,3852.862935931834,2549.58250022723
2024-04-09 14:00:00+00:00,3675.376534078171,2439.420753648622
2024-04-09 15:00:00+00:00,3735.1103067340246,2477.36164230272
2024-04-09 16:00:00+00:00,3824.7008752754045,2466.497958302462
2024-04-09 17:00:00+00:00,3688.8560710271267,2289.8607480775054
2024-04-09 18:00:00+00:00,3752.7682430266514,2303.2778389276605
2024-04-09 19:00:00+00:00,3822.6768002289114,2355.671820534049
2024-04-09 20:00:00+00:00,3794.5688171420484,2324.9667065521253
2024-04-09 21:00:00+00:00,3783.1131173090366,2307.578079422634
2024-04-09 22:00:00+00:00,3672.93084512605,2176.143406189919
2024-04-09 23:00:00+00:00,3531.512966342378,2056.8055898064727
2024-04-10 00:00:00+00:00,3522.5379289301404,1846.816219644123
2024-04-10 01:00:00+00:00,3588.0485436781,1647.423352480387
2024-04-10 02:00:00+00:00,3345.685387456212,1491.722994996917
2024-04-10 03:00:00+00:00,3099.948514864533,1279.618812720897
2024-04-10 04:00:00+00:00,2516.1197193639064,1029.9810201175137
2024-04-10 05:00:00+00:00,1881.0858106530584,784.4038563722197
2024-04-10 06:00:00+00:00,1395.8396463979718,516.9489990375041
2024-04-10 07:00:00+00:00,896.7119684147808,361.06387844283165
2024-04-10 08:00:00+00:00,653.4601113014696,327.37899980335385
2024-04-10 09:00:00+00:00,470.2798685746126,415.5588391132037
2024-04-10 10:00:00+00:00,657.5544038049505,525.5768075556782
2024-04-10 11:00:00+00:00,980.6122200695745,693.2422693452453
2024-04-10 12:00:00+00:00,1179.5898055388643,897.9196033259079
2024-04-10 13:00:00+00:00,1557.6961946651754,1119.2832227769593
2024-04-10 14:00:00+00:00,1699.3164422596512,989.5239930447827
2024-04-10 15:00:00+00:00,2255.948494729713,996.4969141677224
2024-04-10 16:00:00+00:00,2734.3719667161517,1092.034436524495
2024-04-10 17:00:00+00:00,3076.458061803923,1176.1696565547397
2024-04-10 18:00:00+00:00,3139.3678697415207,974.6163185399049
2024-04-10 19:00:00+00:00,3303.3903059981617,1081.4790457364895
2024-04-10 20:00:00+00:00,3612.05188365787,1356.4901339117112
2024-04-10 21:00:00+00:00,3820.0653526110973,1826.7188298759434
2024-04-10 22:00:00+00:00,3915.6615928780793,2154.7068224366667
2024-04-10 23:00:00+00:00,3900.9621879954107,2159.840141420476
2024-04-11 00:00:00+00:00,3893.7980225421843,2144.8944502126124
2024-04-11 01:00:00+00:00,3869.656932473225,2107.675033908907
2024-04-11 02:00:00+00:00,3805.7761024883757,2117.2446022538415
2024-04-11 03:00:00+00:00,3706.012922023403,2169.838244101865
2024-04-11 04:00:00+00:00,3822.691503890117,2146.1075022620785
2024-04-11 05:00:00+00:00,3823.419722058249,2024.313787518836
2024-04-11 06:00:00+00:00,3782.992392511769,1868.0421154098362
2024-04-11 07:00:00+00:00,3709.26784828819,1691.945458203414
2024-04-11 08:00:00+00:00,3590.8747421372072,1466.7130346322394
2024-04-11 09:00:00+00:00,3107.9612363447063,1330.6876268611263
2024-04-11 10:00:00+00:00,2717.552719519926,1273.6215569066428
2024-04-11 11:00:00+00:00,2130.9335173670747,1078.1344464852702
2024-04-11 12:00:00+00:00,1601.1307131320505,846.2137917577891
2024-04-11 13:00:00+00:00,1564.714194117864,669.2000904182777
2024-04-11 14:00:00+00:00,1875.2058939246097,685.193852792803
2024-04-11 15:00:00+00:00,1616.2845772275098,686.7951975796341
2024-04-11 16:00:00+00:00,1463.0559825804,571.2080239862934
2024-04-11 17:00:00+00:00,1360.92164327679,518.8950576184558
2024-04-11 18:00:00+00:00,1519.5641840205876,525.5810155113522
2024-04-11 19:00:00+00:00,1863.7515483761824,535.4072691524
2024-04-11 20:00:00+00:00,2572.0083356065797,717.8563433054221
2024-04-11 21:00:00+00:00,3178.100795803276,940.9498678442408
2024-04-11 22:00:00+00:00,3424.3720303982445,1063.6447622440085
2024-04-11 23:00:00+00:00,3478.202134072127,1085.8356825109556
2024-04-12 00:00:00+00:00,3343.394711815753,1206.0604585627873
2024-04-12 01:00:00+00:00,3148.038193122194,1369.7203334891733
2024-04-12 02:00:00+00:00,3293.137210876391,1470.6148252554622
2024-04-12 03:00:00+00:00,3465.820490521612,1558.2229146340226
2024-04-12 04:00:00+00:00,3562.475781333854,1510.7598832006393
2024-04-12 05:00:00+00:00,3696.541055637795,1491.7499839539985
2024-04-12 06:00:00+00:00,3887.028147372341,1519.6801688218086
2024-04-12 07:00:00+00:00,3863.627657502003,1621.2554787957642
2024-04-12 08:00:00+00:00,3619.3445126774195,1700.4207646038863
2024-04-12 09:00:00+00:00,3410.14082104344,1714.3664133805391
2024-04-12 10:00:00+00:00,3385.200703069489,1773.9423596089816
2024-04-12 11:00:00+00:00,2559.3742147156254,1820.7150928426051
2024-04-12 12:00:00+00:00,2613.006592840137,1769.14896605594
2024-04-12 13:00:00+00:00,2637.33883050477,1788.0956008655512
2024-04-12 14:00:00+00:00,3295.4878619770307,1725.3796490927969
2024-04-12 15:00:00+00:00,3396.4861499832778,1695.7152060796257
2024-04-12 16:00:00+00:00,3450.8773144136917,1598.7071241330614
2024-04-12 17:00:00+00:00,3433.3029568268657,1476.1673920528588
2024-04-12 18:00:00+00:00,3606.591021273782,1424.8247222226742
2024-04-12 19:00:00+00:00,3603.4970614053514,1456.809344933329
2024-04-12 20:00:00+00:00,3658.4287788542993,1599.8649407183932
2024-04-12 21:00:00+00:00,3633.1682758414463,1754.2195262630933
2024-04-12 22:00:00+00:00,3573.2164189061277,1809.670902054125
2024-04-12 23:00:00+00:00,3581.9697405849224,1817.7815189628516
2024-04-13 00:00:00+00:00,3325.108774414264,1844.8830751340329
2024-04-13 01:00:00+00:00,3009.4575405435335,1772.9227767859056
2024-04-13 02:00:00+00:00,2939.7772770284137,1656.4080633539443
2024-04-13 03:00:00+00:00,2786.996370171171,1512.0866951552227
2024-04-13 04:00:00+00:00,2724.5191594237817,1420.9981911285172
2024-04-13 05:00:00+00:00,2438.6677970246956,1257.932363461762
2024-04-13 06:00:00+00:00,2124.7359241688937,1060.3330527612754
2024-04-13 07:00:00+00:00,1989.594960966223,819.7845411483136
2024-04-13 08:00:00+00:00,2001.7173557533754,690.5157559050359
2024-04-13 09:00:00+00:00,1950.7074529925817,608.194406606812
2024-04-13 10:00:00+00:00,1922.554778514423,753.2067017802793
2024-04-13 11:00:00+00:00,1749.8629862232406,948.4195212059371
2024-04-13 12:00:00+00:00,1615.5016072683088,1113.2317955793158
2024-04-13 13:00:00+00:00,1503.922584005399,1302.6238514924937
2024-04-13 14:00:00+00:00,1651.3300765688825,1465.118558002945
2024-04-13 15:00:00+00:00,2279.6488619009556,1635.903807802666
2024-04-13 16:00:00+00:00,2867.9216455317637,1642.8035008234172
2024-04-13 17:00:00+00:00,3616.1588483956793,2026.5949831672021
2024-04-13 18:00:00+00:00,3765.1676857459943,1963.030088429048
2024-04-13 19:00:00+00:00,3717.983249998613,2109.943460588331
2024-04-13 20:00:00+00:00,3605.558669481765,2214.3889832703976
2024-04-13 21:00:00+00:00,3573.665267511353,2099.093512903147
2024-04-13 22:00:00+00:00,3490.8329659862325,1832.193041636652
2024-04-13 23:00:00+00:00,3232.40296438955,1546.7362597247882
2024-04-14 00:00:00+00:00,2889.838419904916,1513.724412156615
2024-04-14 01:00:00+00:00,2422.0650418928008,1282.3741047085318
2024-04-14 02:00:00+00:00,1943.7754506110236,965.2842336703642
2024-04-14 03:00:00+00:00,1490.1705979243627,755.9379068492287
2024-04-14 04:00:00+00:00,1267.5949905045904,698.3326865281025
2024-04-14 05:00:00+00:00,1061.4067102331276,526.6417105450361
2024-04-14 06:00:00+00:00,1171.7679414505246,380.61128356769075
2024-04-14 07:00:00+00:00,1212.1773750935638,400.0743361098438
2024-04-14 08:00:00+00:00,1101.2372839508073,462.6377373975895
2024-04-14 09:00:00+00:00,1132.5231925503542,599.2684620107707
2024-04-14 10:00:00+00:00,1173.0074987840062,682.6964069166395
2024-04-14 11:00:00+00:00,1068.0856548665674,746.6314566521846
2024-04-14 12:00:00+00:00,743.3994564907243,638.424553637948
2024-04-14 13:00:00+00:00,560.724361913972,663.235337434057
2024-04-14 14:00:00+00:00,575.2201404358651,593.6589668935088
2024-04-14 15:00:00+00:00,382.8726244366984,469.9730747488644
2024-04-14 16:00:00+00:00,316.9317341292471,354.5767585473576
2024-04-14 17:00:00+00:00,307.09285662117736,271.86653610408956
2024-04-14 18:00:00+00:00,299.3794320342295,192.7882993560167
2024-04-14 19:00:00+00:00,306.13576435822546,125.8224090871505
2024-04-14 20:00:00+00:00,416.2541191455432,131.58798550280258
2024-04-14 21:00:00+00:00,529.7790075201783,183.25195935071451
2024-04-14 22:00:00+00:00,701.4837198183184,268.3891202289535
2024-04-14 23:00:00+00:00,1103.1144191198575,452.9783025969966
2024-04-15 00:00:00+00:00,1565.3426788997924,603.9562213662034
2024-04-15 01:00:00+00:00,1782.9452565898196,703.3394282705459
2024-04-15 02:00:00+00:00,2564.029084302572,1037.9118073803108
2024-04-15 03:00:00+00:00,2748.72196617596,1242.6279803081713
2024-04-15 04:00:00+00:00,2771.6747682564314,1242.8303491189754
2024-04-15 05:00:00+00:00,3172.198823583019,1183.6549809237736
2024-04-15 06:00:00+00:00,3685.41889675108,1497.8519066197298
2024-04-15 07:00:00+00:00,3709.8087882451773,1750.5735986917714
2024-04-15 08:00:00+00:00,3879.983932839477,2207.65257827672
2024-04-15 09:00:00+00:00,3924.638564982581,2313.9861671391277
2024-04-15 10:00:00+00:00,3827.335926138838,2247.7879627605776
2024-04-15 11:00:00+00:00,3877.853062780016,2327.5723500931476
2024-04-15 12:00:00+00:00,3615.7262512054713,2449.8911403168127
2024-04-15 13:00:00+00:00,3580.1364261956496,2298.2758855485704
2024-04-15 14:00:00+00:00,3581.496901795625,2086.3736851449016
2024-04-15 15:00:00+00:00,3590.5052159148017,2123.305412708965
2024-04-15 16:00:00+00:00,3757.130200204843,2292.821988056633
2024-04-15 17:00:00+00:00,3786.9871450982723,2304.3014846044907
2024-04-15 18:00:00+00:00,3754.8310119184225,2226.4962874578914
2024-04-15 19:00:00+00:00,3721.5895163785244,2272.9559874832157
2024-04-15 20:00:00+00:00,3597.3590567288984,2329.447066896868
2024-04-15 21:00:00+00:00,3700.480476025551,2292.2843370764945
2024-04-15 22:00:00+00:00,3759.8879105578076,2038.7868334066286
2024-04-15 23:00:00+00:00,3701.2965292224644,2081.4794941249106
2024-04-16 00:00:00+00:00,3659.131846023001,1826.8298812118915
2024-04-16 01:00:00+00:00,3532.849838696734,2077.8295036998347
2024-04-16 02:00:00+00:00,3580.838719487446,2084.3304566449956
2024-04-16 03:00:00+00:00,3574.7808110707183,2036.326872193078
2024-04-16 04:00:00+00:00,3247.776802995415,2165.2468324211745
2024-04-16 05:00:00+00:00,3277.1140895467606,2290.2652922298876
2024-04-16 06:00:00+00:00,3504.9480938052034,2304.8420376230247
2024-04-16 07:00:00+00:00,3619.486132151137,2330.0553341446384
2024-04-16 08:00:00+00:00,3472.7904128715427,2197.905405181959
2024-04-16 09:00:00+00:00,3511.586796839554,2075.366060040209
2024-04-16 10:00:00+00:00,3598.09965692752,1959.3644269966342
2024-04-16 11:00:00+00:00,3723.337317369733,1868.1216312618826
2024-04-16 12:00:00+00:00,3731.3558429266977,1803.1386070942888
2024-04-16 13:00:00+00:00,3558.3688165960443,1809.5147723884281
2024-04-16 14:00:00+00:00,3248.3409592595685,1886.092407293582
2024-04-16 15:00:00+00:00,3428.9313261873544,1808.950809593501
2024-04-16 16:00:00+00:00,3458.4284183196983,1739.2326261100088
2024-04-16 17:00:00+00:00,3352.7241848507374,1666.5535895858422
2024-04-16 18:00:00+00:00,3068.116442638887,1619.5580765380305
2024-04-16 19:00:00+00:00,2935.491740194646,1480.8115240977404
2024-04-16 20:00:00+00:00,2638.688278358841,1237.9207772954865
2024-04-16 21:00:00+00:00,2280.3470923389978,1051.7409876826769
2024-04-16 22:00:00+00:00,1442.1821040721036,810.9517036174724
2024-04-16 23:00:00+00:00,1132.6369524554716,563.6265454117436
2024-04-17 00:00:00+00:00,1335.3067046411904,530.7260393833579
2024-04-17 01:00:00+00:00,1860.6308897545098,657.9099035084424
2024-04-17 02:00:00+00:00,2199.835067245974,837.9005158344187
2024-04-17 03:00:00+00:00,2261.81080575856,866.168497971506
2024-04-17 04:00:00+00:00,2326.376323335604,909.4271529115924
2024-04-17 05:00:00+00:00,2167.114971271197,1002.2670371101946
2024-04-17 06:00:00+00:00,1831.9181218659517,916.3555761124624
2024-04-17 07:00:00+00:00,1013.5813109387154,674.2690808843121
2024-04-17 08:00:00+00:00,605.5792830736967,493.21603230161446
2024-04-17 09:00:00+00:00,657.6346451665959,569.1658111998258
2024-04-17 10:00:00+00:00,1257.8598125018657,301.82340785294946
2024-04-17 11:00:00+00:00,1177.5581851925415,267.5005644394503
2024-04-17 12:00:00+00:00,844.9447303672831,601.0892976349413
2024-04-17 13:00:00+00:00,1298.4842871900375,528.5358710060086
2024-04-17 14:00:00+00:00,1415.4665190075707,496.28546994560037
2024-04-17 15:00:00+00:00,1597.5161275754037,472.0367142521547
2024-04-17 16:00:00+00:00,1250.582854489654,430.6491485677937
2024-04-17 17:00:00+00:00,862.8320244277951,415.4188641279104
2024-04-17 18:00:00+00:00,830.8500135516966,336.4276038889265
2024-04-17 19:00:00+00:00,589.7892437945602,343.65503377918236
2024-04-17 20:00:00+00:00,554.1848118581462,407.58084535916737
2024-04-17 21:00:00+00:00,582.6919703263583,295.8634432320819
2024-04-17 22:00:00+00:00,668.0451275040352,243.13659782168926
2024-04-17 23:00:00+00:00,605.6432730203253,258.1175004287557
2024-04-18 00:00:00+00:00,509.8704437169555,300.96416265124435
2024-04-18 01:00:00+00:00,536.0611951375986,348.0319364551127
2024-04-18 02:00:00+00:00,519.3021652380871,302.93667814890483
2024-04-18 03:00:00+00:00,531.5742568391589,285.59143649343133
2024-04-18 04:00:00+00:00,614.9345842504043,300.81166053354235
2024-04-18 05:00:00+00:00,511.5658629151187,291.66177530795443
2024-04-18 06:00:00+00:00,573.7943206046765,342.3308336591552
2024-04-18 07:00:00+00:00,693.977307303608,326.3184982388964
2024-04-18 08:00:00+00:00,687.4088819657435,343.3856762487407
2024-04-18 09:00:00+00:00,710.9967951491471,391.31787055612017
2024-04-18 10:00:00+00:00,644.6368021300282,425.5420446641604
2024-04-18 11:00:00+00:00,636.3755694285568,436.589911367942
2024-04-18 12:00:00+00:00,571.1589311700969,506.616001125234
2024-04-18 13:00:00+00:00,638.7041166700817,593.8837781345742
2024-04-18 14:00:00+00:00,721.0845224496612,709.7530298599917
2024-04-18 15:00:00+00:00,883.7744877768469,872.4672755750893
2024-04-18 16:00:00+00:00,982.2001187451714,939.0862755210379
2024-04-18 17:00:00+00:00,1335.4053739466494,984.5504796419718
2024-04-18 18:00:00+00:00,1923.0525748339248,1022.5202663402314
2024-04-18 19:00:00+00:00,2870.026203776435,1304.5408413221803
2024-04-18 20:00:00+00:00,3589.1033379003793,1569.1077835145704
2024-04-18 21:00:00+00:00,3972.201426536782,1745.4033270857217
2024-04-18 22:00:00+00:00,3946.3605158447585,1959.0564239882212
2024-04-18 23:00:00+00:00,3960.002030997526,2131.450854078442
2024-04-19 00:00:00+00:00,3971.273935065468,2145.7861498770444
2024-04-19 01:00:00+00:00,3966.1516438275626,2262.71333969967
2024-04-19 02:00:00+00:00,3870.8784971686523,2279.9021131183003
2024-04-19 03:00:00+00:00,3811.7067081541386,2224.1326739190836
2024-04-19 04:00:00+00:00,3747.9589849970457,2040.4487340613198
2024-04-19 05:00:00+00:00,3774.0854562672207,1936.7875356230388
2024-04-19 06:00:00+00:00,3736.8023885880325,1852.201822499145
2024-04-19 07:00:00+00:00,3523.2406091603893,1769.4322050033752
2024-04-19 08:00:00+00:00,3523.366751095996,1660.0924913013178
2024-04-19 09:00:00+00:00,3749.0095228963437,1596.0018439404485
2024-04-19 10:00:00+00:00,3808.178990280141,1720.9919605074952
2024-04-19 11:00:00+00:00,3803.542693738928,2225.261179916617
2024-04-19 12:00:00+00:00,3798.605746019905,2279.721799799305
2024-04-19 13:00:00+00:00,3626.9196067674984,2215.8980432362405
2024-04-19 14:00:00+00:00,3586.380838946617,2365.4027422137933
2024-04-19 15:00:00+00:00,3684.414404527662,2485.082031781818
2024-04-19 16:00:00+00:00,3836.6473767704942,2479.4320110324384
2024-04-19 17:00:00+00:00,3882.70514106935,2490.908325459674
2024-04-19 18:00:00+00:00,3831.9742497146062,2358.4315794761774
2024-04-19 19:00:00+00:00,3830.8838663039846,2298.6489962302776
2024-04-19 20:00:00+00:00,3746.2136784600216,2275.4383835124127
2024-04-19 21:00:00+00:00,3653.4374169968746,2125.894446998372
2024-04-19 22:00:00+00:00,3623.1137653207957,1938.0040057901635
2024-04-19 23:00:00+00:00,3563.1635796550167,1864.7677479277622
2024-04-20 00:00:00+00:00,3584.092206076353,1751.7775895312852
2024-04-20 01:00:00+00:00,3599.3908620654947,1696.0248187411828
2024-04-20 02:00:00+00:00,3673.3453330689713,1688.8661052205073
2024-04-20 03:00:00+00:00,3634.8130335444525,1724.6587051424772
2024-04-20 04:00:00+00:00,3606.226563532154,1611.918789158129
2024-04-20 05:00:00+00:00,3696.4760153025286,1578.0732609973518
2024-04-20 06:00:00+00:00,3635.360741221424,1510.0085828841388
2024-04-20 07:00:00+00:00,3491.9445504558935,1671.345459182138
2024-04-20 08:00:00+00:00,3256.614495898095,1482.6807760793267
2024-04-20 09:00:00+00:00,2956.307924904681,1511.702799493401
2024-04-20 10:00:00+00:00,2917.9927730881345,1474.5684125309908
2024-04-20 11:00:00+00:00,2816.931610481592,1513.3098280077952
2024-04-20 12:00:00+00:00,3004.6805766679395,1541.3363007892392
2024-04-20 13:00:00+00:00,2975.8506380133686,1600.867867477884
2024-04-20 14:00:00+00:00,3528.6874135205953,1766.3951913454218
2024-04-20 15:00:00+00:00,3856.546390173636,2059.3204820943024
2024-04-20 16:00:00+00:00,3815.6943647776743,2146.2149824228727
2024-04-20 17:00:00+00:00,3772.2524368611334,2274.127949349594
2024-04-20 18:00:00+00:00,3648.6191377297755,2113.2782038724213
2024-04-20 19:00:00+00:00,3612.019491513469,1989.9063722575256
2024-04-20 20:00:00+00:00,3510.402105633563,1757.7379263961975
2024-04-20 21:00:00+00:00,3401.395117449015,1639.8478164217795
2024-04-20 22:00:00+00:00,3412.4766178617547,1537.179818837124
2024-04-20 23:00:00+00:00,3335.732901967636,1610.853178391554
2024-04-21 00:00:00+00:00,3296.1887947628315,1491.4441956790172
2024-04-21 01:00:00+00:00,3527.419750876014,1665.3593819917708
2024-04-21 02:00:00+00:00,3570.7896832957936,1742.226767569842
2024-04-21 03:00:00+00:00,3711.33495685984,1814.1136904768202
2024-04-21 04:00:00+00:00,3708.1172226417007,1949.4392905256968
2024-04-21 05:00:00+00:00,3634.624142133596,1844.222129807743
2024-04-21 06:00:00+00:00,3473.693304954426,1490.2447545737052
2024-04-21 07:00:00+00:00,3237.0121736146693,1156.2393559209788
2024-04-21 08:00:00+00:00,2907.678256959437,987.7214126617774
2024-04-21 09:00:00+00:00,2696.262319503175,1007.507400876456
2024-04-21 10:00:00+00:00,1533.1247498965754,736.9570331814244
2024-04-21 11:00:00+00:00,1430.4843312320502,612.9986414810228
2024-04-21 12:00:00+00:00,2180.7743691583883,651.674157853937
2024-04-21 13:00:00+00:00,1992.117330738701,697.7099074007589
2024-04-21 14:00:00+00:00,2085.237506174278,787.9109267166593
2024-04-21 15:00:00+00:00,2498.646293071225,1139.5780109729824
2024-04-21 16:00:00+00:00,2662.7511252688887,1051.9625879953944
2024-04-21 17:00:00+00:00,2753.830847687394,1073.555140630813
2024-04-21 18:00:00+00:00,2829.3030302112993,1154.007979362093
2024-04-21 19:00:00+00:00,3007.3329914074798,955.1801255028072
2024-04-21 20:00:00+00:00,2732.0591772233406,708.4072382944922
2024-04-21 21:00:00+00:00,2481.623615885452,683.3734654197391
2024-04-21 22:00:00+00:00,2163.474160944779,584.5771611488016
2024-04-21 23:00:00+00:00,1990.3696981157132,527.8265656747602
2024-04-22 00:00:00+00:00,1659.4774273209127,368.56851096166343
2024-04-22 01:00:00+00:00,1607.2470168562124,324.4282073729133
2024-04-22 02:00:00+00:00,1476.273176867601,226.95564288415545
2024-04-22 03:00:00+00:00,1153.4771093416216,144.02905968931904
2024-04-22 04:00:00+00:00,1319.190421575792,166.48294554606724
2024-04-22 05:00:00+00:00,1434.9017968599237,269.9956443278511
2024-04-22 06:00:00+00:00,1576.1278342945527,423.83816680878306
2024-04-22 07:00:00+00:00,1583.6940384561697,499.4099237495794
2024-04-22 08:00:00+00:00,1885.9899688883095,468.82253050572876
2024-04-22 09:00:00+00:00,1846.1965869527842,546.8891152687601
2024-04-22 10:00:00+00:00,1557.2275648726875,677.6039553284995
2024-04-22 11:00:00+00:00,1256.8657392708724,765.7712953971843
2024-04-22 12:00:00+00:00,1051.2781469354613,841.3904687269765
2024-04-22 13:00:00+00:00,1076.678332375383,889.6105171321813
2024-04-22 14:00:00+00:00,1328.1937293965448,896.4133174309659
2024-04-22 15:00:00+00:00,1338.8838026797175,996.8616474017732
2024-04-22 16:00:00+00:00,1402.8133845999337,1075.0347255037634
2024-04-22 17:00:00+00:00,1516.8885073911474,1049.2845296985402
2024-04-22 18:00:00+00:00,1519.7062988833281,1021.964270808711
2024-04-22 19:00:00+00:00,1456.093826160539,912.1554618094295
2024-04-22 20:00:00+00:00,1436.5408556289253,794.0897176594452
2024-04-22 21:00:00+00:00,1161.7648167611012,624.2748877771385
2024-04-22 22:00:00+00:00,920.5132293628538,460.88725265507105
2024-04-22 23:00:00+00:00,703.4963035325694,338.460216782952
2024-04-23 00:00:00+00:00,550.1215098602316,302.68406744491955
2024-04-23 01:00:00+00:00,414.27239416958514,230.761630630265
2024-04-23 02:00:00+00:00,308.26954872437796,167.2169802781644
2024-04-23 03:00:00+00:00,220.8387593594513,131.34996565591348
2024-04-23 04:00:00+00:00,159.32663913289426,110.98007847960093
2024-04-23 05:00:00+00:00,141.55217026118632,101.62758282274332
2024-04-23 06:00:00+00:00,115.71517343365846,91.76759269942828
2024-04-23 07:00:00+00:00,107.04387710401699,81.53445857714975
2024-04-23 08:00:00+00:00,119.90813697485818,78.72982755211879
2024-04-23 09:00:00+00:00,199.99693396041937,120.62979748094955
2024-04-23 10:00:00+00:00,336.02807052392524,147.55979045890092
2024-04-23 11:00:00+00:00,543.505472073206,164.53713177070503
2024-04-23 12:00:00+00:00,807.3109552017262,253.72877470585746
2024-04-23 13:00:00+00:00,1158.088982164378,483.5090312361207
2024-04-23 14:00:00+00:00,1509.5491277515837,852.8926202478078
2024-04-23 15:00:00+00:00,1742.3301159442246,1246.5379659068838
2024-04-23 16:00:00+00:00,2291.924578125547,1410.174149998616
2024-04-23 17:00:00+00:00,2220.4034387908223,1339.1852354383336
2024-04-23 18:00:00+00:00,2806.296404734257,1189.674587164731
2024-04-23 19:00:00+00:00,3316.527909670367,1352.0999115105358
2024-04-23 20:00:00+00:00,3230.5223214832567,1281.3178872353005
2024-04-23 21:00:00+00:00,3025.6597160587776,1107.7440021551758
2024-04-23 22:00:00+00:00,3066.8570101811415,1014.9618378354401
2024-04-23 23:00:00+00:00,3119.633192959998,1062.4220627990223
2024-04-24 00:00:00+00:00,3253.6851307395627,1112.0850209518114
2024-04-24 01:00:00+00:00,3455.3809019879677,1372.268617722109
2024-04-24 02:00:00+00:00,3362.651863377535,1350.0988431267724
2024-04-24 03:00:00+00:00,3425.8801665813176,1484.0580770274435
2024-04-24 04:00:00+00:00,3554.171109866034,1401.435599811113
2024-04-24 05:00:00+00:00,3576.747504189045,1510.4612642468376
2024-04-24 06:00:00+00:00,3532.846895285076,1509.7932737708416
2024-04-24 07:00:00+00:00,3523.0601525963434,1410.908523419206
2024-04-24 08:00:00+00:00,3760.397565467058,1340.6491438724734
2024-04-24 09:00:00+00:00,3591.278982357863,1429.6509640034137
2024-04-24 10:00:00+00:00,3412.800597597179,1623.2652407404005
2024-04-24 11:00:00+00:00,3499.623683037833,1786.0000296005085
2024-04-24 12:00:00+00:00,3455.958414252308,1700.657496714213
2024-04-24 13:00:00+00:00,3408.4878350976596,1760.8364422648617
2024-04-24 14:00:00+00:00,3214.3210122766604,1782.6261116031055
2024-04-24 15:00:00+00:00,3230.1509253588365,1769.5469296915303
2024-04-24 16:00:00+00:00,3114.390101554752,1654.8610063955382
2024-04-24 17:00:00+00:00,2981.717883926824,1473.5150913182986
2024-04-24 18:00:00+00:00,2934.08376661421,1224.7167501547367
2024-04-24 19:00:00+00:00,2198.1742485570294,1087.477463353246
2024-04-24 20:00:00+00:00,2356.03947103541,896.9722502122714
2024-04-24 21:00:00+00:00,2310.5656056981884,772.5805791614031
2024-04-24 22:00:00+00:00,2123.582269041912,890.6516455591318
2024-04-24 23:00:00+00:00,1725.4173673664097,659.4085450442778
2024-04-25 00:00:00+00:00,988.0800353916109,476.5006954062603
2024-04-25 01:00:00+00:00,990.2954452072635,458.17585773370837
2024-04-25 02:00:00+00:00,721.0378514893531,455.6605150656222
2024-04-25 03:00:00+00:00,780.2735495874782,398.8141675162515
2024-04-25 04:00:00+00:00,722.6736685256376,351.19306551857625
2024-04-25 05:00:00+00:00,664.5524974892658,323.95776905637643
2024-04-25 06:00:00+00:00,845.4730198195145,308.8557459293561
2024-04-25 07:00:00+00:00,673.9289916450437,321.07814272221947
2024-04-25 08:00:00+00:00,844.879347275659,348.6178717554005
2024-04-25 09:00:00+00:00,991.0594296789407,375.1304553579776
2024-04-25 10:00:00+00:00,947.9256115227319,679.8665879968662
2024-04-25 11:00:00+00:00,1203.8684412902705,688.9128124880674
2024-04-25 12:00:00+00:00,1877.2556764990022,747.929814587967
2024-04-25 13:00:00+00:00,2640.0677053821446,1068.2054107343974
2024-04-25 14:00:00+00:00,2620.571247444763,1269.0133342908914
2024-04-25 15:00:00+00:00,3082.453131435126,1688.4231006718894
2024-04-25 16:00:00+00:00,2849.0853412366273,1317.5761354508372
2024-04-25 17:00:00+00:00,1754.0851226169868,1111.1823677343568
2024-04-25 18:00:00+00:00,990.1272621785396,951.1781822715619
2024-04-25 19:00:00+00:00,589.4347766651393,694.5462665733312
2024-04-25 20:00:00+00:00,529.2212365041519,431.8495044181157
2024-04-25 21:00:00+00:00,479.46949358217165,347.20379891377684
2024-04-25 22:00:00+00:00,445.32809683087487,359.3617965089327
2024-04-25 23:00:00+00:00,499.22330639003167,337.2873385322917
2024-04-26 00:00:00+00:00,586.1738354721294,361.6562175115548
2024-04-26 01:00:00+00:00,654.6158609504221,387.2200378775824
2024-04-26 02:00:00+00:00,820.2933689724937,415.09027849569225
2024-04-26 03:00:00+00:00,1052.164639873401,441.6876793736874
2024-04-26 04:00:00+00:00,979.8918056208817,500.253983857775
2024-04-26 05:00:00+00:00,736.9625973495209,533.526257552407
2024-04-26 06:00:00+00:00,663.7031635173961,472.64743642336623
2024-04-26 07:00:00+00:00,459.52330571038584,423.39496872388355
2024-04-26 08:00:00+00:00,345.2547192136624,418.45592281705615
2024-04-26 09:00:00+00:00,242.1912302375257,319.7072284713961
2024-04-26 10:00:00+00:00,146.56950159392724,297.6731711935423
2024-04-26 11:00:00+00:00,109.51872230517513,273.931543302995
2024-04-26 12:00:00+00:00,118.57970393784942,251.71391686202895
2024-04-26 13:00:00+00:00,125.9584682107218,197.3020017190116
2024-04-26 14:00:00+00:00,193.24464663113633,225.75605662663222
2024-04-26 15:00:00+00:00,152.70866598305238,212.299624118118
2024-04-26 16:00:00+00:00,129.7491665905837,217.3991599864751
2024-04-26 17:00:00+00:00,112.00179279830195,196.18234594579556
2024-04-26 18:00:00+00:00,97.8454907594045,146.2778545135503
2024-04-26 19:00:00+00:00,117.66940603727093,116.43126977165339
2024-04-26 20:00:00+00:00,153.98629574613707,115.39270570043425
2024-04-26 21:00:00+00:00,158.31502498889006,109.59624568197974
2024-04-26 22:00:00+00:00,189.59726186781072,107.81019610709114
2024-04-26 23:00:00+00:00,314.07621778168766,183.94969173000652
2024-04-27 00:00:00+00:00,407.57052304166297,219.3550860325517
2024-04-27 01:00:00+00:00,605.6065715887894,249.44683285918504
2024-04-27 02:00:00+00:00,721.290029264298,283.1799648244139
2024-04-27 03:00:00+00:00,888.7067026970369,325.4198388958407
2024-04-27 04:00:00+00:00,1057.318414284681,413.4772503565679
2024-04-27 05:00:00+00:00,1342.7525929492112,455.96780229675716
2024-04-27 06:00:00+00:00,1256.1181086149916,461.49810154392
2024-04-27 07:00:00+00:00,770.0357705944409,437.79005219823296
2024-04-27 08:00:00+00:00,507.32318684820336,352.8826372570795
2024-04-27 09:00:00+00:00,519.4208011234952,365.23779993913115
2024-04-27 10:00:00+00:00,581.3882154525527,329.9300567866786
2024-04-27 11:00:00+00:00,475.84015607710666,344.5978328818242
2024-04-27 12:00:00+00:00,404.3438619625342,389.690867200897
2024-04-27 13:00:00+00:00,323.91627971600514,390.2897168402858
2024-04-27 14:00:00+00:00,280.15511370293973,279.69224749342106
2024-04-27 15:00:00+00:00,191.69693698705723,189.72757226542595
2024-04-27 16:00:00+00:00,187.98249190215182,145.12292675300984
2024-04-27 17:00:00+00:00,299.86184881029675,128.42814841236435
2024-04-27 18:00:00+00:00,421.3756595455779,176.9513230186494
2024-04-27 19:00:00+00:00,430.0654385901137,269.7197099743378
2024-04-27 20:00:00+00:00,472.0013639312633,468.35030197858697
2024-04-27 21:00:00+00:00,985.5746114579575,788.943200858726
2024-04-27 22:00:00+00:00,1745.4367603367166,1226.239203314065
2024-04-27 23:00:00+00:00,2036.6686086214618,1591.9777783818763
2024-04-28 00:00:00+00:00,2215.033387584837,1679.3270889722428
2024-04-28 01:00:00+00:00,3116.4919055730966,1937.5888704660983
2024-04-28 02:00:00+00:00,3250.6601586579122,1832.5302159627875
2024-04-28 03:00:00+00:00,3111.9854132556798,1468.126073556715
2024-04-28 04:00:00+00:00,3288.182198792398,1583.0248867624841
2024-04-28 05:00:00+00:00,3310.375778350374,1695.4287269938072
2024-04-28 06:00:00+00:00,3361.513870041636,1686.9222268079614
2024-04-28 07:00:00+00:00,2842.722255369673,1420.2991941076123
2024-04-28 08:00:00+00:00,2836.5513510303626,1473.7733654861145
2024-04-28 09:00:00+00:00,2542.3076911311173,1592.7431176075247
2024-04-28 10:00:00+00:00,2323.1017248035505,1520.1821078316798
2024-04-28 11:00:00+00:00,2159.624143694602,1582.1953902594803
2024-04-28 12:00:00+00:00,2207.5601776065364,1846.4872784477707
2024-04-28 13:00:00+00:00,2346.290274385311,1905.789117570138
2024-04-28 14:00:00+00:00,2906.3896923964408,1932.6246648426609
2024-04-28 15:00:00+00:00,2923.4572699995483,2023.9668224590366
2024-04-28 16:00:00+00:00,3061.6561096852884,2148.480324599182
2024-04-28 17:00:00+00:00,3494.1024799959064,2245.4807089448686
2024-04-28 18:00:00+00:00,3392.353876517065,1915.5828275650083
2024-04-28 19:00:00+00:00,3330.4625219466825,1647.3303161415977
2024-04-28 20:00:00+00:00,2857.538425408747,1382.3770177108863
2024-04-28 21:00:00+00:00,2609.3515621269494,916.3746495167882
2024-04-28 22:00:00+00:00,2398.4094014880825,724.1406251562126
2024-04-28 23:00:00+00:00,2253.143197406589,605.3220248707441
2024-04-29 00:00:00+00:00,1734.018313257684,595.7463334971135
2024-04-29 01:00:00+00:00,1455.1031139349493,640.2914182188624
2024-04-29 02:00:00+00:00,1282.2051543183668,529.463737465016
2024-04-29 03:00:00+00:00,1076.943090008633,524.8289789769586
2024-04-29 04:00:00+00:00,901.2767874198225,505.7259319160307
2024-04-29 05:00:00+00:00,867.1910807335606,518.9294608885439
2024-04-29 06:00:00+00:00,902.8009824056853,561.9637046278615
2024-04-29 07:00:00+00:00,785.9373888689557,401.00582075333574
2024-04-29 08:00:00+00:00,901.055575449936,349.4602384211319
2024-04-29 09:00:00+00:00,954.1994771638614,404.58788702161615
2024-04-29 10:00:00+00:00,800.9518368285451,464.0556351213983
2024-04-29 11:00:00+00:00,554.4217408855168,501.95337756257027
2024-04-29 12:00:00+00:00,401.00042592948574,483.84404253959707
2024-04-29 13:00:00+00:00,324.4489883311518,542.7099895716958
2024-04-29 14:00:00+00:00,225.7684187566204,566.3940888025329
2024-04-29 15:00:00+00:00,187.6212564325165,485.03617765027815
2024-04-29 16:00:00+00:00,250.08005938059574,401.0683329722976
2024-04-29 17:00:00+00:00,199.062927865343,313.05722506694684
2024-04-29 18:00:00+00:00,219.54777559293512,309.00389795293273
2024-04-29 19:00:00+00:00,259.0270481433985,351.6595847254104
2024-04-29 20:00:00+00:00,205.83524619977322,328.50887148670563
2024-04-29 21:00:00+00:00,233.62212106457721,350.03557340230435
2024-04-29 22:00:00+00:00,271.91375822290706,387.89170554292895
2024-04-29 23:00:00+00:00,267.13370237142675,384.0501555050726
2024-04-30 00:00:00+00:00,282.581574833694,332.3804196482124
2024-04-30 01:00:00+00:00,285.297082401041,285.788495212098
2024-04-30 02:00:00+00:00,347.80117283901825,329.9374595494504
2024-04-30 03:00:00+00:00,388.96208214043867,377.3971522882583
2024-04-30 04:00:00+00:00,400.89620664183576,467.1392970804484
2024-04-30 05:00:00+00:00,624.5198079415228,401.9748085313141
2024-04-30 06:00:00+00:00,692.4137386702805,323.1919459900239
2024-04-30 07:00:00+00:00,564.0443648074393,273.86317661151435
2024-04-30 08:00:00+00:00,443.927765065246,211.7862207470625
2024-04-30 09:00:00+00:00,502.5810641079197,218.86181043478422
2024-04-30 10:00:00+00:00,396.41419666404335,255.92691140837587
2024-04-30 11:00:00+00:00,312.1998835314254,238.42402232384487
2024-04-30 12:00:00+00:00,359.864869880957,238.9887128095285
2024-04-30 13:00:00+00:00,351.0660331417309,211.9273570804306
2024-04-30 14:00:00+00:00,295.5342807852335,225.77661985655385
2024-04-30 15:00:00+00:00,227.01101845273269,192.9479676074374
2024-04-30 16:00:00+00:00,160.8845094317582,131.91301108320337
2024-04-30 17:00:00+00:00,253.37249860343854,180.98007102489836
2024-04-30 18:00:00+00:00,461.1413657928322,155.60078750339113
2024-04-30 19:00:00+00:00,496.18981871199037,266.6530308239995
2024-04-30 20:00:00+00:00,486.90491560148695,300.38988836264946
2024-04-30 21:00:00+00:00,452.0725459407525,405.07675966897693
2024-04-30 22:00:00+00:00,666.0981750023878,332.26487848808796
2024-04-30 23:00:00+00:00,679.3054779323925,304.77667848988705
2024-05-01 00:00:00+00:00,513.1747563228479,271.1038330763814
2024-05-01 01:00:00+00:00,396.9856125355131,342.06153991125313
2024-05-01 02:00:00+00:00,652.8053290359092,365.9012906965795
2024-05-01 03:00:00+00:00,596.7150309706694,308.6140674976887
2024-05-01 04:00:00+00:00,426.83038287476984,314.10619171330285
2024-05-01 05:00:00+00:00,361.22233336020804,286.53907729627326
2024-05-01 06:00:00+00:00,476.40097583715794,318.25909324420815
2024-05-01 07:00:00+00:00,503.3416133105982,363.6183367186431
2024-05-01 08:00:00+00:00,475.6982939826825,288.52374348016974
2024-05-01 09:00:00+00:00,700.8949339873051,264.6139325608986
2024-05-01 10:00:00+00:00,1205.6757798561368,312.5447893772994
2024-05-01 11:00:00+00:00,1420.837321738644,343.6113300703596
2024-05-01 12:00:00+00:00,1567.9120256036933,360.76057998430866
2024-05-01 13:00:00+00:00,1768.3537785153708,476.87460750234146
2024-05-01 14:00:00+00:00,1896.795873636029,499.7597889626698
2024-05-01 15:00:00+00:00,1992.6729734032192,519.288277154659
2024-05-01 16:00:00+00:00,2089.127198362187,626.0353905628538
2024-05-01 17:00:00+00:00,1812.3604453016653,621.5549772593847
2024-05-01 18:00:00+00:00,2110.135948804112,790.1046120847005
2024-05-01 19:00:00+00:00,2531.685452314651,1018.2985968667728
2024-05-01 20:00:00+00:00,2620.515315459376,1257.251457080132
2024-05-01 21:00:00+00:00,2542.2920146923066,1310.1415359607188
2024-05-01 22:00:00+00:00,2524.699566693458,1363.9789749398133
2024-05-01 23:00:00+00:00,2399.177159917251,1372.938156488358
2024-05-02 00:00:00+00:00,2408.4343873394837,1349.733059554519
2024-05-02 01:00:00+00:00,2462.4639110780813,1377.7363079821691
2024-05-02 02:00:00+00:00,2602.3474840952845,1403.6567189470734
2024-05-02 03:00:00+00:00,2199.726409535586,1273.4970860952183
2024-05-02 04:00:00+00:00,2094.682463789678,1276.1345985410744
2024-05-02 05:00:00+00:00,2162.117471610655,1285.2261589062439
2024-05-02 06:00:00+00:00,2199.7604719211504,1222.634783605258
2024-05-02 07:00:00+00:00,1580.1782583643426,842.7264496789682
2024-05-02 08:00:00+00:00,1187.7843183021923,558.9422645833507
2024-05-02 09:00:00+00:00,907.1196477617943,425.5248838871325
2024-05-02 10:00:00+00:00,890.8495364070836,404.86759533262097
2024-05-02 11:00:00+00:00,1008.0670110347472,463.46873634739933
2024-05-02 12:00:00+00:00,1005.6504202543553,491.59696082890264
2024-05-02 13:00:00+00:00,838.7974696258921,434.64286195474256
2024-05-02 14:00:00+00:00,766.8589692998634,344.9041524315511
2024-05-02 15:00:00+00:00,1087.0422002558928,443.4126198676559
2024-05-02 16:00:00+00:00,1091.322932500805,482.00723807485485
2024-05-02 17:00:00+00:00,1186.791961018209,628.8063946589541
2024-05-02 18:00:00+00:00,1202.1169379416503,561.0953073322527
2024-05-02 19:00:00+00:00,1445.1695739766114,781.5078756075515
2024-05-02 20:00:00+00:00,2021.7581864132408,894.0061131602324
2024-05-02 21:00:00+00:00,2491.5388666651775,1074.1572320029188
2024-05-02 22:00:00+00:00,2106.6072017814167,1306.166010431914
2024-05-02 23:00:00+00:00,1598.1209102647745,1235.081295412232
2024-05-03 00:00:00+00:00,2005.1310973870902,959.3366074549223
2024-05-03 01:00:00+00:00,2707.224988639003,1022.3672133470345
2024-05-03 02:00:00+00:00,2410.434004201135,769.3813276581582
2024-05-03 03:00:00+00:00,1624.1868605134534,622.7069535916305
2024-05-03 04:00:00+00:00,1662.966305869595,580.9658225179269
2024-05-03 05:00:00+00:00,1601.248940416385,564.651730043219
2024-05-03 06:00:00+00:00,1594.5025559436913,698.4969710740187
2024-05-03 07:00:00+00:00,1471.1936236203207,800.6193414967297
2024-05-03 08:00:00+00:00,1741.0961286126444,905.2068319224476
2024-05-03 09:00:00+00:00,1997.7374308205335,1025.7511952310815
2024-05-03 10:00:00+00:00,2387.7360690932696,1385.8779922771698
2024-05-03 11:00:00+00:00,2702.851649283338,1631.4723402985871
2024-05-03 12:00:00+00:00,3001.7434700581425,1754.139312775839
2024-05-03 13:00:00+00:00,3118.5600342784396,1803.1388285552503
2024-05-03 14:00:00+00:00,3403.4407959456908,1799.8761939197761
2024-05-03 15:00:00+00:00,3375.184111757265,1824.0521656103392
2024-05-03 16:00:00+00:00,3348.8279538543034,1776.6847412937914
2024-05-03 17:00:00+00:00,3400.6743883362788,1703.0902477741197
2024-05-03 18:00:00+00:00,3219.9695621918904,1553.3604196615875
2024-05-03 19:00:00+00:00,2824.9192398964265,1243.2224958665288
2024-05-03 20:00:00+00:00,2536.1991054744876,984.484131279195
2024-05-03 21:00:00+00:00,2268.23089884877,796.2631784860577
2024-05-03 22:00:00+00:00,2044.4116081763345,692.5109906517922
2024-05-03 23:00:00+00:00,1819.9110697926124,670.7805917997932
2024-05-04 00:00:00+00:00,1586.4101266323617,601.7393296095485
2024-05-04 01:00:00+00:00,1364.3944973364416,552.2473607615667
2024-05-04 02:00:00+00:00,1113.7703348921193,367.55191325840764
2024-05-04 03:00:00+00:00,972.841859490474,324.1162268869491
2024-05-04 04:00:00+00:00,714.2705167141744,311.49829031853403
2024-05-04 05:00:00+00:00,593.8272277286143,266.82029455538566
2024-05-04 06:00:00+00:00,538.1629514032805,257.85385539628055
2024-05-04 07:00:00+00:00,449.9403567261946,193.1804046816576
2024-05-04 08:00:00+00:00,324.6501692958911,169.45542091132924
2024-05-04 09:00:00+00:00,245.57598626669912,212.50898199075556
2024-05-04 10:00:00+00:00,178.38096343492546,283.94627173147046
2024-05-04 11:00:00+00:00,123.04129583793143,357.48749438962744
2024-05-04 12:00:00+00:00,156.57261784550576,412.48116749916335
2024-05-04 13:00:00+00:00,71.15383771226261,277.4575808177477
2024-05-04 14:00:00+00:00,151.5137729803583,284.4714808157045
2024-05-04 15:00:00+00:00,160.8746390813958,342.7140958687902
2024-05-04 16:00:00+00:00,316.9738429900349,271.74492200923277
2024-05-04 17:00:00+00:00,679.3831343653908,335.5539792100729
2024-05-04 18:00:00+00:00,574.8553498825512,325.5394927019495
2024-05-04 19:00:00+00:00,431.9208709219614,183.49289772132354
2024-05-04 20:00:00+00:00,313.2286256363526,197.64354487199253
2024-05-04 21:00:00+00:00,333.03793497296584,195.59805991159837
2024-05-04 22:00:00+00:00,414.9787048293409,209.65528951833508
2024-05-04 23:00:00+00:00,238.50223517365274,126.63455092249274
2024-05-05 00:00:00+00:00,49.56486549805406,34.66693847601485
2024-05-05 01:00:00+00:00,40.772512224262094,108.16533518385557
2024-05-05 02:00:00+00:00,212.47876613878833,233.9129819038101
2024-05-05 03:00:00+00:00,282.5967674318008,315.5882441738439
2024-05-05 04:00:00+00:00,356.37386243317667,355.0453568200623
2024-05-05 05:00:00+00:00,409.256707895238,508.08992921189355
2024-05-05 06:00:00+00:00,579.691047414996,677.2819109558914
2024-05-05 07:00:00+00:00,650.9033028442625,627.1306123805159
2024-05-05 08:00:00+00:00,689.5438375342746,641.0569993648629
2024-05-05 09:00:00+00:00,534.1654595065125,586.4009502986053
2024-05-05 10:00:00+00:00,337.2904109207623,563.9412099693382
2024-05-05 11:00:00+00:00,231.10421404075962,547.6785013773992
2024-05-05 12:00:00+00:00,212.7155577793449,454.5400851472796
2024-05-05 13:00:00+00:00,117.49367509356406,300.64521110217066
2024-05-05 14:00:00+00:00,125.87263486982533,270.79456209835985
2024-05-05 15:00:00+00:00,126.0508817851932,209.20120501759473
2024-05-05 16:00:00+00:00,56.978466301617246,148.2622787770948
2024-05-05 17:00:00+00:00,35.194506283681086,138.5933512997958
2024-05-05 18:00:00+00:00,94.3908681325679,104.94145618877505
2024-05-05 19:00:00+00:00,183.506191244667,122.87849553704
2024-05-05 20:00:00+00:00,205.0192972364823,146.7975478137583
2024-05-05 21:00:00+00:00,282.3677172425089,196.1515252929483
2024-05-05 22:00:00+00:00,377.5147013873045,233.65301429353008
2024-05-05 23:00:00+00:00,465.5450903447112,239.52630821578595
2024-05-06 00:00:00+00:00,441.62216734236057,225.68580295640578
2024-05-06 01:00:00+00:00,354.0229772203932,193.9535337426411
2024-05-06 02:00:00+00:00,335.44465540299535,196.75211675887158
2024-05-06 03:00:00+00:00,357.3569299756426,177.3772963744851
2024-05-06 04:00:00+00:00,313.76385022316026,191.22665591874917
2024-05-06 05:00:00+00:00,286.8056977162338,243.0455235766117
2024-05-06 06:00:00+00:00,329.54944349684655,291.6640631856628
2024-05-06 07:00:00+00:00,429.2540377294407,288.1957478669019
2024-05-06 08:00:00+00:00,508.86068745342726,233.08953340960656
2024-05-06 09:00:00+00:00,482.49741709211645,281.16075241424903
2024-05-06 10:00:00+00:00,453.91568871871766,352.80914185413604
2024-05-06 11:00:00+00:00,521.5183957277143,367.2350459813327
2024-05-06 12:00:00+00:00,471.3819994460233,348.08772749598523
2024-05-06 13:00:00+00:00,492.0209504378518,321.39370362939354
2024-05-06 14:00:00+00:00,630.7410800981233,356.0072321396913
2024-05-06 15:00:00+00:00,670.7964133908152,360.6483289409717
2024-05-06 16:00:00+00:00,679.6562624428207,376.31862297488556
2024-05-06 17:00:00+00:00,886.0388050549673,428.01317985986293
2024-05-06 18:00:00+00:00,1003.2153467590691,475.21817885206485
2024-05-06 19:00:00+00:00,1056.656423433415,529.1542729507129
2024-05-06 20:00:00+00:00,940.8511830526999,564.5751864438402
2024-05-06 21:00:00+00:00,920.5755480455341,517.8762848280627
2024-05-06 22:00:00+00:00,817.7557212479513,420.81304957492165
2024-05-06 23:00:00+00:00,700.2472648208789,344.0740753197023
2024-05-07 00:00:00+00:00,572.0829426484092,351.7808352058425
2024-05-07 01:00:00+00:00,447.44257747566496,357.1586278630923
2024-05-07 02:00:00+00:00,426.6748764724918,339.3708049879529
2024-05-07 03:00:00+00:00,439.3613732686691,310.96983950158295
2024-05-07 04:00:00+00:00,430.13482134707283,273.85737052306587
2024-05-07 05:00:00+00:00,487.9227712905733,264.27945348219663
2024-05-07 06:00:00+00:00,501.94253953079976,253.28039952542477
2024-05-07 07:00:00+00:00,453.05164598944526,198.82532579160716
2024-05-07 08:00:00+00:00,410.60759114091417,211.320378917214
2024-05-07 09:00:00+00:00,459.20406761386107,234.08343898384294
2024-05-07 10:00:00+00:00,493.93187929845277,276.54302511897373
2024-05-07 11:00:00+00:00,486.9767659460367,305.020582588793
2024-05-07 12:00:00+00:00,470.2804876992087,380.95342984701347
2024-05-07 13:00:00+00:00,421.8010522925688,482.7353215662923
2024-05-07 14:00:00+00:00,489.8574083456722,536.8955306790511
2024-05-07 15:00:00+00:00,647.7246145709391,647.8269952639138
2024-05-07 16:00:00+00:00,622.9459708994257,763.9773108347495
2024-05-07 17:00:00+00:00,725.590840898428,766.823939232891
2024-05-07 18:00:00+00:00,830.8830936936488,629.6393748150272
2024-05-07 19:00:00+00:00,1164.676279813584,567.7104258219407
2024-05-07 20:00:00+00:00,1442.857879860855,568.2916152756321
2024-05-07 21:00:00+00:00,1429.6259010549445,469.39776871876046
2024-05-07 22:00:00+00:00,1207.0099222134534,322.2979051371011
2024-05-07 23:00:00+00:00,763.2715323997681,241.0520031078313
2024-05-08 00:00:00+00:00,580.6293113082679,199.26170172257972
2024-05-08 01:00:00+00:00,471.1436595152138,181.64781958054223
2024-05-08 02:00:00+00:00,642.9672992325487,204.98656541285408
2024-05-08 03:00:00+00:00,863.3201615649691,238.1809407541358
2024-05-08 04:00:00+00:00,834.8027840052074,219.28681610921183
2024-05-08 05:00:00+00:00,714.297418257319,178.10005761817817
2024-05-08 06:00:00+00:00,640.4145072939699,170.14252309513464
2024-05-08 07:00:00+00:00,726.296570949339,185.55875237535776
2024-05-08 08:00:00+00:00,943.9142817818283,175.19977128595875
2024-05-08 09:00:00+00:00,1013.9460626613811,168.71877343943027
2024-05-08 10:00:00+00:00,963.0521169893766,201.84783028566676
2024-05-08 11:00:00+00:00,848.8710330839785,224.84077516680213
2024-05-08 12:00:00+00:00,838.2172478536088,240.5137787086586
2024-05-08 13:00:00+00:00,864.1483033140017,250.57263340934236
2024-05-08 14:00:00+00:00,950.55499544476,293.8335565185021
2024-05-08 15:00:00+00:00,789.3991723382121,323.62338674581525
2024-05-08 16:00:00+00:00,540.1820186612342,278.100459961204
2024-05-08 17:00:00+00:00,439.61529287014866,268.974933978611
2024-05-08 18:00:00+00:00,342.4856020963079,277.10665115510847
2024-05-08 19:00:00+00:00,259.78503299034554,255.7686954981552
2024-05-08 20:00:00+00:00,198.10356851737498,266.14069190249285
2024-05-08 21:00:00+00:00,142.58507339616824,255.1831514781275
2024-05-08 22:00:00+00:00,83.87381628515945,188.4769408136266
2024-05-08 23:00:00+00:00,43.5090184781644,140.6973326013083
2024-05-09 00:00:00+00:00,29.86983933573476,94.5968028322244
2024-05-09 01:00:00+00:00,11.745263330584397,68.07913890225483
2024-05-09 02:00:00+00:00,0.5299322483567483,61.6416383350194
2024-05-09 03:00:00+00:00,6.098938704592568,30.578290990605883
2024-05-09 04:00:00+00:00,31.56579777153135,0.0
2024-05-09 05:00:00+00:00,57.82063943106707,0.0
2024-05-09 06:00:00+00:00,73.29996153909684,2.1662935581832965
2024-05-09 07:00:00+00:00,62.87580710686382,15.530361254297055
2024-05-09 08:00:00+00:00,67.34030205117007,64.25863593502413
2024-05-09 09:00:00+00:00,75.62946099276175,96.89640093037971
2024-05-09 10:00:00+00:00,69.54777687927641,113.17734426885207
2024-05-09 11:00:00+00:00,71.3672114627437,134.46459342002206
2024-05-09 12:00:00+00:00,69.27750346200038,133.33811549287907
2024-05-09 13:00:00+00:00,114.35741964998495,127.57508886707363
2024-05-09 14:00:00+00:00,76.76513189328148,158.6140506400036
2024-05-09 15:00:00+00:00,74.16681054445264,157.40948082322876
2024-05-09 16:00:00+00:00,64.80797657437212,151.2888475330683
2024-05-09 17:00:00+00:00,56.8780209714588,152.74095025402937
2024-05-09 18:00:00+00:00,43.42599141335135,130.56977252065101
2024-05-09 19:00:00+00:00,44.56504919879935,101.17829439298175
2024-05-09 20:00:00+00:00,16.769852273885895,77.25556492691275
2024-05-09 21:00:00+00:00,11.248552463818228,83.50552883726276
2024-05-09 22:00:00+00:00,29.372644628264553,82.83850604267495
2024-05-09 23:00:00+00:00,29.537440772060148,72.08253365561217
2024-05-10 00:00:00+00:00,4.281052411378217,83.33260416963931
2024-05-10 01:00:00+00:00,24.852024162289805,86.10297927282433
2024-05-10 02:00:00+00:00,13.219622723931243,75.94890472158573
2024-05-10 03:00:00+00:00,0.0,63.07322621012923
2024-05-10 04:00:00+00:00,0.0,60.6048644744052
2024-05-10 05:00:00+00:00,0.0,66.30460473612234
2024-05-10 06:00:00+00:00,2.526839554815364,76.59328377122452
2024-05-10 07:00:00+00:00,0.0,77.2687253940626
2024-05-10 08:00:00+00:00,0.0,88.40722224173842
2024-05-10 09:00:00+00:00,0.0,106.30482252461542
2024-05-10 10:00:00+00:00,12.493958436013942,138.11788103993695
2024-05-10 11:00:00+00:00,91.72829273824273,179.86864054365097
2024-05-10 12:00:00+00:00,173.6452273919351,216.34100036674238
2024-05-10 13:00:00+00:00,278.89287007424343,283.1023567754861
2024-05-10 14:00:00+00:00,287.50707320080835,305.6665583127551
2024-05-10 15:00:00+00:00,343.7475554205817,330.4967794033192
2024-05-10 16:00:00+00:00,479.68427047069446,332.8637281274767
2024-05-10 17:00:00+00:00,552.886417563461,363.8118246161882
2024-05-10 18:00:00+00:00,699.3683681819925,425.65895614622167
2024-05-10 19:00:00+00:00,830.5033755091191,429.22616850488805
2024-05-10 20:00:00+00:00,1120.1926428612478,525.9844873463439
2024-05-10 21:00:00+00:00,1179.8948117821367,573.590348361842
2024-05-10 22:00:00+00:00,1013.8987430405261,526.8096292830115
2024-05-10 23:00:00+00:00,1098.8800404571862,531.9735159650058
2024-05-11 00:00:00+00:00,1284.649227250748,578.8952746090634
2024-05-11 01:00:00+00:00,1324.3543566418566,564.3051549469161
2024-05-11 02:00:00+00:00,1132.9248142198865,481.28563804885147
2024-05-11 03:00:00+00:00,903.6747987171793,428.17028293646433
2024-05-11 04:00:00+00:00,791.2169134792152,405.8175197868602
2024-05-11 05:00:00+00:00,876.828316644745,425.0740411191092
2024-05-11 06:00:00+00:00,876.1972915985377,370.8674800669035
2024-05-11 07:00:00+00:00,609.504343916455,292.4973336461583
2024-05-11 08:00:00+00:00,531.3587963505246,289.9831521957618
2024-05-11 09:00:00+00:00,559.688056644556,293.7494650041402
2024-05-11 10:00:00+00:00,448.763849670254,291.27723254278385
2024-05-11 11:00:00+00:00,491.9220533979463,316.0566987434942
2024-05-11 12:00:00+00:00,455.73986494108453,341.91672638853436
2024-05-11 13:00:00+00:00,508.51420912526515,355.8898523848915
2024-05-11 14:00:00+00:00,724.3503701014135,418.4160059589729
2024-05-11 15:00:00+00:00,930.5473114194908,497.690982880341
2024-05-11 16:00:00+00:00,1442.1448921993838,604.3272483832405
2024-05-11 17:00:00+00:00,1621.75691572963,723.3294662158918
2024-05-11 18:00:00+00:00,1816.0248612577732,808.1660468779739
2024-05-11 19:00:00+00:00,1941.8712477694044,861.3543167844597
2024-05-11 20:00:00+00:00,2308.661208687092,1161.398549348144
2024-05-11 21:00:00+00:00,2645.9593368670835,1402.4531168117064
2024-05-11 22:00:00+00:00,2754.162375337801,1473.5746037248953
2024-05-11 23:00:00+00:00,2772.9137185909635,1406.0178615827824
2024-05-12 00:00:00+00:00,2787.8442685724726,1335.3610552817522
2024-05-12 01:00:00+00:00,2825.095164376415,1322.358416969556
2024-05-12 02:00:00+00:00,2760.2678644139255,1295.2894649414047
2024-05-12 03:00:00+00:00,2787.314366233409,1154.623037665067
2024-05-12 04:00:00+00:00,2797.9029297368747,1059.6424947224607
2024-05-12 05:00:00+00:00,2705.52941727577,1027.2028141113385
2024-05-12 06:00:00+00:00,2359.8639414964136,837.0073557890895
2024-05-12 07:00:00+00:00,1794.7544497631038,542.9317821504272
2024-05-12 08:00:00+00:00,1271.6115588715793,396.4788135900677
2024-05-12 09:00:00+00:00,1032.6078953842962,466.591879707899
2024-05-12 10:00:00+00:00,838.9413638512732,498.22828798217597
2024-05-12 11:00:00+00:00,819.8867492448195,539.6162637260018
2024-05-12 12:00:00+00:00,800.8677936982535,565.7871106393163
2024-05-12 13:00:00+00:00,701.1409186012384,554.8522623439704
2024-05-12 14:00:00+00:00,1022.750511952774,722.8515767525126
2024-05-12 15:00:00+00:00,1404.3162905948188,804.3295771675099
2024-05-12 16:00:00+00:00,1607.7313414009552,791.4729619797926
2024-05-12 17:00:00+00:00,1670.086699206511,827.4722102664573
2024-05-12 18:00:00+00:00,1732.8987058685384,818.1426970430415
2024-05-12 19:00:00+00:00,1915.9681583017048,1043.067757260487
2024-05-12 20:00:00+00:00,2370.4432152583618,1391.7707849797985
2024-05-12 21:00:00+00:00,2991.629844589762,1509.0439012884265
2024-05-12 22:00:00+00:00,2382.3040862771672,1521.010539885135
2024-05-12 23:00:00+00:00,2061.787682612337,1291.8970642291076
2024-05-13 00:00:00+00:00,1726.6850300109913,1136.7692189178968
2024-05-13 01:00:00+00:00,1631.9525038132751,989.7413508329984
2024-05-13 02:00:00+00:00,1515.2277725586048,810.6327151712338
2024-05-13 03:00:00+00:00,1362.1024471532694,716.1730267465251
2024-05-13 04:00:00+00:00,1305.7690675183205,577.4759279037659
2024-05-13 05:00:00+00:00,1092.265744496695,459.54057882352004
2024-05-13 06:00:00+00:00,1036.339081357561,441.7892375374651
2024-05-13 07:00:00+00:00,1055.701128347361,348.2908438235407
2024-05-13 08:00:00+00:00,788.6448646806157,267.39485539143163
2024-05-13 09:00:00+00:00,650.3296129214838,299.60925977075334
2024-05-13 10:00:00+00:00,648.5830931321151,348.56760070625086
2024-05-13 11:00:00+00:00,709.1434503097576,412.33485407026205
2024-05-13 12:00:00+00:00,611.9325952578142,392.385763154252
2024-05-13 13:00:00+00:00,387.6194241867312,360.9274566431316
2024-05-13 14:00:00+00:00,184.43826197692724,305.9506695741667
2024-05-13 15:00:00+00:00,50.268660186148814,217.6401610411568
2024-05-13 16:00:00+00:00,72.18461194814674,296.49526099956
2024-05-13 17:00:00+00:00,116.23017347903729,259.1689344298578
2024-05-13 18:00:00+00:00,338.74551345408844,217.23334777720103
2024-05-13 19:00:00+00:00,400.6902840381969,237.72554988349455
2024-05-13 20:00:00+00:00,715.2789375095319,235.94956419524996
2024-05-13 21:00:00+00:00,1054.1349359883877,385.1278139051781
2024-05-13 22:00:00+00:00,1303.977018318702,539.3560058112993
2024-05-13 23:00:00+00:00,1228.1445680065694,607.0331275205772
2024-05-14 00:00:00+00:00,1207.5271479260707,781.5403897028629
2024-05-14 01:00:00+00:00,1428.5634836370164,898.771944095014
2024-05-14 02:00:00+00:00,1326.8660705046625,999.4717744637805
2024-05-14 03:00:00+00:00,1835.283269568768,1065.29336707307
2024-05-14 04:00:00+00:00,2230.5114517070365,1136.74086585264
2024-05-14 05:00:00+00:00,2732.8849965369936,1156.7321960621125
2024-05-14 06:00:00+00:00,3109.047338964475,1134.179897006163
2024-05-14 07:00:00+00:00,2601.623464865761,857.1060986348588
2024-05-14 08:00:00+00:00,1749.4797332596645,747.7200212586959
2024-05-14 09:00:00+00:00,1182.556419495054,764.4343467637844
2024-05-14 10:00:00+00:00,1253.1202316127676,853.0449333014392
2024-05-14 11:00:00+00:00,1280.5018415038687,1050.6260264345578
2024-05-14 12:00:00+00:00,1365.5701334791152,1082.2751113352808
2024-05-14 13:00:00+00:00,1180.0561242728634,1013.4768339466043
2024-05-14 14:00:00+00:00,806.8141959508896,953.1429626025224
2024-05-14 15:00:00+00:00,414.9745437992862,905.1118056081743
2024-05-14 16:00:00+00:00,377.595986625583,840.5898091299331
2024-05-14 17:00:00+00:00,285.1108037299861,909.7282265335488
2024-05-14 18:00:00+00:00,418.6491204101788,834.2424964699305
2024-05-14 19:00:00+00:00,437.8062124777478,623.7032299853166
2024-05-14 20:00:00+00:00,371.1399065753125,461.66028494791374
2024-05-14 21:00:00+00:00,244.4843448702469,366.7792196540578
2024-05-14 22:00:00+00:00,203.42997729185583,313.98615083463085
2024-05-14 23:00:00+00:00,271.1397098645859,298.98229898645997
2024-05-15 00:00:00+00:00,349.92436261648106,336.1083638887605
2024-05-15 01:00:00+00:00,402.51049276679066,354.9379925678361
2024-05-15 02:00:00+00:00,341.72964938031777,286.1295545243749
2024-05-15 03:00:00+00:00,367.2378280653809,291.30626298502614
2024-05-15 04:00:00+00:00,331.680858566278,395.9973437054788
2024-05-15 05:00:00+00:00,359.62614287758424,453.1173999411241
2024-05-15 06:00:00+00:00,420.25585862015066,520.2624420281705
2024-05-15 07:00:00+00:00,396.83649283052836,475.09446078404216
2024-05-15 08:00:00+00:00,383.8528210739304,414.52171728437634
2024-05-15 09:00:00+00:00,267.66186288395545,415.94488633123586
2024-05-15 10:00:00+00:00,220.38114282157144,418.4372949499506
2024-05-15 11:00:00+00:00,244.68833211106963,369.61167151957096
2024-05-15 12:00:00+00:00,261.58579132263696,316.9942368757101
2024-05-15 13:00:00+00:00,215.34755444117482,321.43986203255884
2024-05-15 14:00:00+00:00,234.3701387930211,335.3589914063453
2024-05-15 15:00:00+00:00,240.09474846692584,348.4931376218993
2024-05-15 16:00:00+00:00,244.49808594624162,367.47585349973275
2024-05-15 17:00:00+00:00,497.9425800464411,315.310084153092
2024-05-15 18:00:00+00:00,585.4895395644074,385.6883917448774
2024-05-15 19:00:00+00:00,601.5325360926423,272.475134399768
2024-05-15 20:00:00+00:00,612.5578142155731,230.62233289157223
2024-05-15 21:00:00+00:00,630.537141241371,264.42833126682933
2024-05-15 22:00:00+00:00,608.8857535763415,263.36968780639256
2024-05-15 23:00:00+00:00,592.8566916603829,299.8084569886061
2024-05-16 00:00:00+00:00,543.2549877407251,299.3443569852921
2024-05-16 01:00:00+00:00,586.3215036550021,364.34206564374426
2024-05-16 02:00:00+00:00,564.1410845641766,426.7860630662799
2024-05-16 03:00:00+00:00,657.5862074165864,457.59655525876275
2024-05-16 04:00:00+00:00,664.9159102420692,451.2583871880665
2024-05-16 05:00:00+00:00,730.396491923152,438.9118368705468
2024-05-16 06:00:00+00:00,788.3873162738558,556.4021976552881
2024-05-16 07:00:00+00:00,811.7086317448047,506.11218195006484
2024-05-16 08:00:00+00:00,594.9380776010167,487.7885054952025
2024-05-16 09:00:00+00:00,456.0618125455519,592.7853735406076
2024-05-16 10:00:00+00:00,314.8982631378495,573.0806705642075
2024-05-16 11:00:00+00:00,254.32063284707286,447.2204945925112
2024-05-16 12:00:00+00:00,279.93709508169985,364.26044171697293
2024-05-16 13:00:00+00:00,242.51443582782358,462.85348450814365
2024-05-16 14:00:00+00:00,220.57264697223,431.92861237322603
2024-05-16 15:00:00+00:00,565.789820147259,379.4981821614761
2024-05-16 16:00:00+00:00,305.5642985799565,347.74192654480873
2024-05-16 17:00:00+00:00,336.3296000506822,254.5310793612945
2024-05-16 18:00:00+00:00,319.38085372448677,241.09487139420912
2024-05-16 19:00:00+00:00,259.8647699383712,269.21041924926664
2024-05-16 20:00:00+00:00,220.8699187007914,171.03288675870672
2024-05-16 21:00:00+00:00,172.11464570877894,132.09551579676676
2024-05-16 22:00:00+00:00,121.92836545050153,108.0744215155667
2024-05-16 23:00:00+00:00,101.72453240381509,99.44924125302892
2024-05-17 00:00:00+00:00,143.30977000267745,152.85571726902737
2024-05-17 01:00:00+00:00,280.53241268394913,138.04409533257106
2024-05-17 02:00:00+00:00,361.0238619034114,154.92795862035487
2024-05-17 03:00:00+00:00,286.15396428789364,160.11124731458108
2024-05-17 04:00:00+00:00,324.15423257425135,156.44760550359976
2024-05-17 05:00:00+00:00,280.7635917723388,181.0954670328116
2024-05-17 06:00:00+00:00,321.3731162074367,230.1013332214633
2024-05-17 07:00:00+00:00,329.32261897479316,232.42812316718562
2024-05-17 08:00:00+00:00,305.6950323381878,234.92541857701116
2024-05-17 09:00:00+00:00,326.3050980399852,261.9861936972642
2024-05-17 10:00:00+00:00,395.3799387750901,301.6556156444148
2024-05-17 11:00:00+00:00,579.7350285349931,368.22933862813227
2024-05-17 12:00:00+00:00,677.024072244709,416.6894687906811
2024-05-17 13:00:00+00:00,666.2874051017375,360.2212911355871
2024-05-17 14:00:00+00:00,718.6021973852221,397.377112241186
2024-05-17 15:00:00+00:00,1016.2866904512389,510.6594620388321
2024-05-17 16:00:00+00:00,1406.744396783967,554.5525714118888
2024-05-17 17:00:00+00:00,1443.6840862470717,469.78730886958203
2024-05-17 18:00:00+00:00,1406.9617380282211,484.9034601451603
2024-05-17 19:00:00+00:00,1183.2213133905439,438.33471167876934
2024-05-17 20:00:00+00:00,1266.5791317088724,420.6551723531938
2024-05-17 21:00:00+00:00,1263.7588242450306,385.69332692005855
2024-05-17 22:00:00+00:00,1120.3696317907852,341.57716698243996
2024-05-17 23:00:00+00:00,923.2687021723546,335.9877424012436
2024-05-18 00:00:00+00:00,819.2857223222626,324.1619498334808
2024-05-18 01:00:00+00:00,797.7160069680748,348.5878252476797
2024-05-18 02:00:00+00:00,810.4354533161971,302.9076502342558
2024-05-18 03:00:00+00:00,833.2927171679025,193.4017134196849
2024-05-18 04:00:00+00:00,700.2816175108657,181.18488079491797
2024-05-18 05:00:00+00:00,565.3254298395226,250.89714536954116
2024-05-18 06:00:00+00:00,532.9898717479097,331.53311780729973
2024-05-18 07:00:00+00:00,256.82586324444463,212.87616870105057
2024-05-18 08:00:00+00:00,145.6731383056251,110.89918031388567
2024-05-18 09:00:00+00:00,83.02622413982438,103.0611060606693
2024-05-18 10:00:00+00:00,116.9957062409674,84.40556931491562
2024-05-18 11:00:00+00:00,251.2387610986277,143.27959043876302
2024-05-18 12:00:00+00:00,521.7181735544119,187.01966099713232
2024-05-18 13:00:00+00:00,445.6257556319995,181.70529985618202
2024-05-18 14:00:00+00:00,490.52404406769676,208.89280495284044
2024-05-18 15:00:00+00:00,471.6418702881625,312.84467384566267
2024-05-18 16:00:00+00:00,313.3486181309542,441.8368474627425
2024-05-18 17:00:00+00:00,324.72371308290496,539.1639210517959
2024-05-18 18:00:00+00:00,433.64353736462095,452.67560499426634
2024-05-18 19:00:00+00:00,325.03085516182875,247.23321325413738
2024-05-18 20:00:00+00:00,270.1517071469388,254.6746832822532
2024-05-18 21:00:00+00:00,355.863797562979,287.3537682737337
2024-05-18 22:00:00+00:00,325.113785458501,301.17970992792226
2024-05-18 23:00:00+00:00,298.7732072262096,352.56068965261215
2024-05-19 00:00:00+00:00,282.0763483705367,415.4791412695282
2024-05-19 01:00:00+00:00,261.341645303379,433.3309278857415
2024-05-19 02:00:00+00:00,304.6797410048329,372.4967168696132
2024-05-19 03:00:00+00:00,398.93481319580354,372.7304603137343
2024-05-19 04:00:00+00:00,399.10251238382335,403.7477944071937
2024-05-19 05:00:00+00:00,390.4897607793706,402.2475011521104
2024-05-19 06:00:00+00:00,377.3519373744659,363.82130789398735
2024-05-19 07:00:00+00:00,310.49415151340725,227.8819075279672
2024-05-19 08:00:00+00:00,288.37208361148885,234.12238816051806
2024-05-19 09:00:00+00:00,418.3410106498469,257.7703928748339
2024-05-19 10:00:00+00:00,638.2285149931229,316.5212342034418
2024-05-19 11:00:00+00:00,833.6086651476397,385.9586651621534
2024-05-19 12:00:00+00:00,1072.5108188552158,552.0446315065744
2024-05-19 13:00:00+00:00,1242.2012049084437,811.4410194514008
2024-05-19 14:00:00+00:00,1491.0060295374399,1065.4726784379866
2024-05-19 15:00:00+00:00,1826.4644018243946,1239.6830075802038
2024-05-19 16:00:00+00:00,1670.6916936228408,1182.9684582386133
2024-05-19 17:00:00+00:00,1842.9372424340975,1302.438308111718
2024-05-19 18:00:00+00:00,2007.1574222556044,1056.475370241964
2024-05-19 19:00:00+00:00,1983.6423769667585,881.2785866723525
2024-05-19 20:00:00+00:00,1902.6786024520136,790.2107667351667
2024-05-19 21:00:00+00:00,1894.2022939260999,692.6721579903076
2024-05-19 22:00:00+00:00,1750.9266105010217,620.8326998563956
2024-05-19 23:00:00+00:00,1597.3513132409305,489.11568054638076
2024-05-20 00:00:00+00:00,1357.2100434903114,493.86530281757706
2024-05-20 01:00:00+00:00,1301.1328091240805,474.842863617942
2024-05-20 02:00:00+00:00,1259.617631659163,493.48563301711783
2024-05-20 03:00:00+00:00,1328.8503012319254,534.5280013460488
2024-05-20 04:00:00+00:00,1588.3194588186393,518.3328369163937
2024-05-20 05:00:00+00:00,1672.7007937622914,446.6982369365718
2024-05-20 06:00:00+00:00,1744.698225886072,400.4204702695897
2024-05-20 07:00:00+00:00,1530.0451038153687,374.81624920477486
2024-05-20 08:00:00+00:00,1351.6600035424237,329.24339005950685
2024-05-20 09:00:00+00:00,1069.364789829415,312.8793168400718
2024-05-20 10:00:00+00:00,842.4514346227926,218.94861145708876
2024-05-20 11:00:00+00:00,834.1363418194644,376.2493853701376
2024-05-20 12:00:00+00:00,866.0224118970254,353.35409163909486
2024-05-20 13:00:00+00:00,937.6560925795096,396.3703848882926
2024-05-20 14:00:00+00:00,1242.1987857049237,517.802402352556
2024-05-20 15:00:00+00:00,1424.4743523109032,569.1131767910898
2024-05-20 16:00:00+00:00,1174.1127218325921,508.77669270720617
2024-05-20 17:00:00+00:00,1028.2256533596765,399.2450760472684
2024-05-20 18:00:00+00:00,1186.705450300327,462.24132924939386
2024-05-20 19:00:00+00:00,1359.7348210521263,494.089321063547
2024-05-20 20:00:00+00:00,1109.8800620953662,536.516344719296
2024-05-20 21:00:00+00:00,588.1206653129701,444.7068453668891
2024-05-20 22:00:00+00:00,368.77963485287074,409.88410413616504
2024-05-20 23:00:00+00:00,328.68433631802526,420.7781646601605
2024-05-21 00:00:00+00:00,393.1918175751453,422.650821721072
2024-05-21 01:00:00+00:00,425.30057533674017,355.264439890851
2024-05-21 02:00:00+00:00,333.374107494132,330.98366830379337
2024-05-21 03:00:00+00:00,335.6740926648505,379.5856605607663
2024-05-21 04:00:00+00:00,374.6319784726417,447.57606912590927
2024-05-21 05:00:00+00:00,452.72834363100657,475.26646615432793
2024-05-21 06:00:00+00:00,458.2526432534393,422.4780422056598
2024-05-21 07:00:00+00:00,457.1909999806375,306.8025679017677
2024-05-21 08:00:00+00:00,478.5097471616404,286.9450196469618
2024-05-21 09:00:00+00:00,504.56529483518256,372.4070611871548
2024-05-21 10:00:00+00:00,665.8762856555157,540.4928863135791
2024-05-21 11:00:00+00:00,797.0400331204622,606.8505744229434
2024-05-21 12:00:00+00:00,801.8010740322738,607.9325873893852
2024-05-21 13:00:00+00:00,649.0020507977423,453.3516756100197
2024-05-21 14:00:00+00:00,407.6687427045828,470.2175884076837
2024-05-21 15:00:00+00:00,638.023560070892,515.0966683674305
2024-05-21 16:00:00+00:00,1007.3033168674924,688.3428481387098
2024-05-21 17:00:00+00:00,1122.2684162497148,611.2182044583011
2024-05-21 18:00:00+00:00,1244.8806179592696,723.4653286855859
2024-05-21 19:00:00+00:00,1163.7824324969426,694.0234766926174
2024-05-21 20:00:00+00:00,966.8815226255616,538.5571364248609
2024-05-21 21:00:00+00:00,834.1816293093625,618.2412006614937
2024-05-21 22:00:00+00:00,679.0653961750485,698.4323783400296
2024-05-21 23:00:00+00:00,600.5925303728359,688.5043541657178
2024-05-22 00:00:00+00:00,625.6442537377089,822.1419307663441
2024-05-22 01:00:00+00:00,922.1603198875425,636.4907043364269
2024-05-22 02:00:00+00:00,897.9513502609642,760.2232875802537
2024-05-22 03:00:00+00:00,987.957623693489,860.1645524932284
2024-05-22 04:00:00+00:00,1460.5783521099925,1001.6949257306978
2024-05-22 05:00:00+00:00,1978.154268628988,1151.5413594529034
2024-05-22 06:00:00+00:00,2813.103075758674,1361.7846605788568
2024-05-22 07:00:00+00:00,3434.076428107734,1406.3437766810227
2024-05-22 08:00:00+00:00,3659.1343509825087,1412.5245513706952
2024-05-22 09:00:00+00:00,3333.125581181712,1296.1983113198712
2024-05-22 10:00:00+00:00,3199.8156615058606,1319.8828943914123
2024-05-22 11:00:00+00:00,2719.4837702528102,1256.5318891850857
2024-05-22 12:00:00+00:00,3034.621994187828,1360.8547187456943
2024-05-22 13:00:00+00:00,3265.001584198184,1308.6693054664697
2024-05-22 14:00:00+00:00,3232.024743637438,1143.0539225907967
2024-05-22 15:00:00+00:00,3320.854606782163,1034.7739534481368
2024-05-22 16:00:00+00:00,3157.0149192903123,947.6372424631248
2024-05-22 17:00:00+00:00,3168.554713617918,905.2259920143275
2024-05-22 18:00:00+00:00,3252.3895988704285,891.1305510879894
2024-05-22 19:00:00+00:00,3103.330277205553,976.6203650845941
2024-05-22 20:00:00+00:00,2909.9629527639077,816.6724019116085
2024-05-22 21:00:00+00:00,2738.0678981586566,843.5476241218628
2024-05-22 22:00:00+00:00,2762.032915302259,1006.2395446955928
2024-05-22 23:00:00+00:00,2983.428938192587,1220.8406055065416
2024-05-23 00:00:00+00:00,3166.7372143972666,1273.5472119921567
2024-05-23 01:00:00+00:00,3175.99695779116,1222.1150419209796
2024-05-23 02:00:00+00:00,3196.278398886774,1133.4613935606653
2024-05-23 03:00:00+00:00,3044.7025249520525,1093.5650503233207
2024-05-23 04:00:00+00:00,2719.2416563645093,973.0552332409551
2024-05-23 05:00:00+00:00,2419.406346216829,832.0754707246818
2024-05-23 06:00:00+00:00,2055.1195835655567,754.9778253555585
2024-05-23 07:00:00+00:00,1660.4845901304398,712.6438926512666
2024-05-23 08:00:00+00:00,1481.315667916952,688.989452855587
2024-05-23 09:00:00+00:00,1639.0614785095756,721.7475490340371
2024-05-23 10:00:00+00:00,1642.6221590187374,837.8014351525579
2024-05-23 11:00:00+00:00,1575.6834749919635,928.0570800839442
2024-05-23 12:00:00+00:00,1657.0971245933238,936.105092818643
2024-05-23 13:00:00+00:00,1659.6709636025282,828.6216222429717
2024-05-23 14:00:00+00:00,1406.7266882141992,624.3287876315684
2024-05-23 15:00:00+00:00,1142.6531089515709,524.9585999015706
2024-05-23 16:00:00+00:00,1031.18753261352,514.0106879072156
2024-05-23 17:00:00+00:00,1007.640747374489,339.13962589956316
2024-05-23 18:00:00+00:00,746.641975786027,174.42485201437032
2024-05-23 19:00:00+00:00,556.7166457288429,148.61519218662065
2024-05-23 20:00:00+00:00,450.2085012443728,171.073771298198
2024-05-23 21:00:00+00:00,401.14664259024624,119.96480681731872
2024-05-23 22:00:00+00:00,388.75557892795496,183.47644713738623
2024-05-23 23:00:00+00:00,461.0579516554559,151.88053633003727
2024-05-24 00:00:00+00:00,322.32686300323786,142.44298147740966
2024-05-24 01:00:00+00:00,305.6801300445034,112.43750344830643
2024-05-24 02:00:00+00:00,225.45266431316472,103.17925996059556
2024-05-24 03:00:00+00:00,171.2396681795953,124.61079040970989
2024-05-24 04:00:00+00:00,174.19719286710247,121.77654833359178
2024-05-24 05:00:00+00:00,128.7737437312416,138.54816057803862
2024-05-24 06:00:00+00:00,94.48860395478373,156.94073594915602
2024-05-24 07:00:00+00:00,53.28279423602854,103.52994770288284
2024-05-24 08:00:00+00:00,9.791611335816777,86.76622810992063
2024-05-24 09:00:00+00:00,13.210623286836123,88.16897907906974
2024-05-24 10:00:00+00:00,14.850746505386642,93.72530895610981
2024-05-24 11:00:00+00:00,31.636922355025046,118.606907881434
2024-05-24 12:00:00+00:00,48.612570224365015,128.7396934416949
2024-05-24 13:00:00+00:00,97.78946200587681,181.2243138122971
2024-05-24 14:00:00+00:00,140.45956118332606,268.1294707323737
2024-05-24 15:00:00+00:00,259.79219383276535,389.3009883615826
2024-05-24 16:00:00+00:00,331.68008442115155,545.0466014837101
2024-05-24 17:00:00+00:00,470.75682887233484,655.9265854176631
2024-05-24 18:00:00+00:00,554.2834592123025,716.3090827525009
2024-05-24 19:00:00+00:00,696.4106015741332,775.3157306613341
2024-05-24 20:00:00+00:00,877.6132998029775,912.9339615022278
2024-05-24 21:00:00+00:00,1055.2293836609233,635.3667907650154
2024-05-24 22:00:00+00:00,1228.2222728236381,525.4538592462246
2024-05-24 23:00:00+00:00,1412.9000117570295,553.7737330305977
2024-05-25 00:00:00+00:00,1408.9151964867071,480.8395853037981
2024-05-25 01:00:00+00:00,1187.1714856664569,352.9133127577156
2024-05-25 02:00:00+00:00,1219.5987799555558,357.0925352229206
2024-05-25 03:00:00+00:00,1470.8614185929277,423.2316724862705
2024-05-25 04:00:00+00:00,1502.2317144799833,452.1215590040716
2024-05-25 05:00:00+00:00,1235.694902193094,468.9237983650841
2024-05-25 06:00:00+00:00,967.2123728989833,434.52277269200016
2024-05-25 07:00:00+00:00,799.6961734334237,324.8593094402118
2024-05-25 08:00:00+00:00,663.1238610424506,295.822819189087
2024-05-25 09:00:00+00:00,620.1450170637454,282.8068268734592
2024-05-25 10:00:00+00:00,513.1433066770853,297.67592908555537
2024-05-25 11:00:00+00:00,510.7207646560338,321.1772332984066
2024-05-25 12:00:00+00:00,637.3029277262967,364.15989961867365
2024-05-25 13:00:00+00:00,580.0633628367538,388.90675495593183
2024-05-25 14:00:00+00:00,1014.9734500123369,465.78376896401346
2024-05-25 15:00:00+00:00,1238.2894495844314,465.38479391946316
2024-05-25 16:00:00+00:00,1224.8729339340005,459.87346122789864
2024-05-25 17:00:00+00:00,1013.7114966880631,410.13454008457546
2024-05-25 18:00:00+00:00,674.3513845796695,344.8841698104743
2024-05-25 19:00:00+00:00,409.66981108834625,299.95781861394283
2024-05-25 20:00:00+00:00,334.91639812232586,228.42429295719464
2024-05-25 21:00:00+00:00,381.38639470102254,192.1175518070957
2024-05-25 22:00:00+00:00,458.79377069683625,215.71394281430818
2024-05-25 23:00:00+00:00,548.3998110989802,265.6331430039562
2024-05-26 00:00:00+00:00,688.1688590215374,274.18788210799477
2024-05-26 01:00:00+00:00,838.0335819223557,395.23403661078726
2024-05-26 02:00:00+00:00,1358.2774928515616,553.6308064866247
2024-05-26 03:00:00+00:00,2030.8913570789575,681.6507022089387
2024-05-26 04:00:00+00:00,2321.9302496909318,706.5875134066025
2024-05-26 05:00:00+00:00,2289.543694789113,681.2223580336532
2024-05-26 06:00:00+00:00,1356.4830244484226,562.2156404824544
2024-05-26 07:00:00+00:00,1071.3637293140807,514.0702003138124
2024-05-26 08:00:00+00:00,878.7057153445561,454.7297990873332
2024-05-26 09:00:00+00:00,880.2914548679727,415.24423660771737
2024-05-26 10:00:00+00:00,652.9944139830475,480.80484554124814
2024-05-26 11:00:00+00:00,678.2312548012857,469.9479923673933
2024-05-26 12:00:00+00:00,791.7363164750009,399.24391482957867
2024-05-26 13:00:00+00:00,658.2630521774662,568.6295296233327
2024-05-26 14:00:00+00:00,907.4686904456879,571.1260992721022
2024-05-26 15:00:00+00:00,643.3854827530494,386.58015854649113
2024-05-26 16:00:00+00:00,716.9963784725879,378.01791991154
2024-05-26 17:00:00+00:00,1474.487320828994,421.40889940194535
2024-05-26 18:00:00+00:00,1661.5401370103707,567.9595070163799
2024-05-26 19:00:00+00:00,2130.7237578335235,560.9970392852624
2024-05-26 20:00:00+00:00,2201.4854607991892,573.0354314583799
2024-05-26 21:00:00+00:00,2760.1958689171643,756.3278376879674
2024-05-26 22:00:00+00:00,2784.6998846050656,884.5808962455577
2024-05-26 23:00:00+00:00,2711.9724336270315,946.8510980872027
2024-05-27 00:00:00+00:00,2781.267905723178,1028.8194226716728
2024-05-27 01:00:00+00:00,2813.248034433604,1057.442277504915
2024-05-27 02:00:00+00:00,2738.3293656751193,1098.2211461864263
2024-05-27 03:00:00+00:00,2622.0074801906317,1025.3571553617123
2024-05-27 04:00:00+00:00,2594.4169478835265,960.2797097552346
2024-05-27 05:00:00+00:00,2445.8240486573445,844.0779135334892
2024-05-27 06:00:00+00:00,2093.482732379943,789.4619264775259
2024-05-27 07:00:00+00:00,1971.1898655350542,702.9568695316366
2024-05-27 08:00:00+00:00,1814.027179758938,675.2234590646289
2024-05-27 09:00:00+00:00,1410.5090645339515,593.3010993470425
2024-05-27 10:00:00+00:00,1222.1630389188201,533.7902410405305
2024-05-27 11:00:00+00:00,1385.424440001204,584.5530174976701
2024-05-27 12:00:00+00:00,1221.8387688789735,587.3014746169621
2024-05-27 13:00:00+00:00,1032.4124237398644,546.2649123764797
2024-05-27 14:00:00+00:00,941.9963372310187,315.2269119360678
2024-05-27 15:00:00+00:00,738.4146033023412,244.49477163741895
2024-05-27 16:00:00+00:00,730.8954768412272,267.0916324222106
2024-05-27 17:00:00+00:00,773.67517198615,202.65463465965135
2024-05-27 18:00:00+00:00,1123.7209060432392,231.88626996273263
2024-05-27 19:00:00+00:00,1330.7875026427557,216.4202534740639
2024-05-27 20:00:00+00:00,1295.6132511405474,221.9167322560144
2024-05-27 21:00:00+00:00,1173.655298830994,242.32629437005812
2024-05-27 22:00:00+00:00,1128.5937625417541,246.50459753792546
2024-05-27 23:00:00+00:00,1095.6996587413987,296.52071102059244
2024-05-28 00:00:00+00:00,1122.5288193166284,334.286510101773
2024-05-28 01:00:00+00:00,1258.9166432471518,428.34523973504474
2024-05-28 02:00:00+00:00,1325.5915373220837,495.46502533734036
2024-05-28 03:00:00+00:00,1398.8192795880939,557.443132545957
2024-05-28 04:00:00+00:00,1371.9000278737722,606.9493263106376
2024-05-28 05:00:00+00:00,1326.5203179375565,656.5126132783948
2024-05-28 06:00:00+00:00,1096.3797452349957,562.2301073195051
2024-05-28 07:00:00+00:00,937.9973938121386,450.288189808328
2024-05-28 08:00:00+00:00,784.1552584037698,438.26973187221694
2024-05-28 09:00:00+00:00,756.9532017979375,494.7632143961321
2024-05-28 10:00:00+00:00,923.4830436042437,533.3908305393466
2024-05-28 11:00:00+00:00,786.6218299288889,570.0137494935171
2024-05-28 12:00:00+00:00,907.1130675282194,629.5421712175857
2024-05-28 13:00:00+00:00,1085.0585501374749,763.7587599887352
2024-05-28 14:00:00+00:00,1735.6794351627898,872.5382946583151
2024-05-28 15:00:00+00:00,2417.4220187214255,944.4203791582528
2024-05-28 16:00:00+00:00,2808.8003771457984,1074.6109778151663
2024-05-28 17:00:00+00:00,3038.5678118974047,1334.2865418462231
2024-05-28 18:00:00+00:00,3306.4183484638997,1337.4131204757214
2024-05-28 19:00:00+00:00,3784.4111602173452,1496.4569789091402
2024-05-28 20:00:00+00:00,3927.6949721662513,1565.8769916025065
2024-05-28 21:00:00+00:00,3990.8594083971007,1575.5114212376075
2024-05-28 22:00:00+00:00,4070.1907043764186,1791.452914335025
2024-05-28 23:00:00+00:00,4101.82653204185,1840.52597390145
2024-05-29 00:00:00+00:00,4088.1299693919223,1827.2414499950808
2024-05-29 01:00:00+00:00,4039.5798448584223,1774.2850849380409
2024-05-29 02:00:00+00:00,4055.123130707526,1566.9623430698061
2024-05-29 03:00:00+00:00,4034.8951056256374,1513.6057449823852
2024-05-29 04:00:00+00:00,3816.5660521900704,1588.5106726648755
2024-05-29 05:00:00+00:00,3393.807721064561,1684.4739928455253
2024-05-29 06:00:00+00:00,3081.2599802589666,1800.7132383377632
2024-05-29 07:00:00+00:00,3195.9598381672354,1676.3932724792335
2024-05-29 08:00:00+00:00,2843.078362127845,1563.6616785549948
2024-05-29 09:00:00+00:00,2322.3782861828718,1425.9381639769022
2024-05-29 10:00:00+00:00,2139.317929954941,1126.0890159850862
2024-05-29 11:00:00+00:00,2235.626228557571,1030.7496567763649
2024-05-29 12:00:00+00:00,1912.8808675373746,956.0319754463377
2024-05-29 13:00:00+00:00,1999.3257830837517,1032.1984693805384
2024-05-29 14:00:00+00:00,2062.442415853042,1168.9950419378335
2024-05-29 15:00:00+00:00,2015.6946947102272,1056.8315737682772
2024-05-29 16:00:00+00:00,1669.5653124638388,929.8790306390725
2024-05-29 17:00:00+00:00,1458.3650711934376,817.9744172461768
2024-05-29 18:00:00+00:00,1224.0226322807227,609.9088347450314
2024-05-29 19:00:00+00:00,1026.1295586616397,409.6727141325705
2024-05-29 20:00:00+00:00,884.4687419703615,359.4120191740119
2024-05-29 21:00:00+00:00,836.7803377307545,284.72907760653476
2024-05-29 22:00:00+00:00,476.22359983505737,268.38508377631734
2024-05-29 23:00:00+00:00,488.1595629311298,206.1432833839995
2024-05-30 00:00:00+00:00,589.1394886834645,207.65015687265773
2024-05-30 01:00:00+00:00,599.0527073322326,222.86297952090297
2024-05-30 02:00:00+00:00,635.6640624935767,225.7671365787547
2024-05-30 03:00:00+00:00,650.5283746827029,237.04289903416628
2024-05-30 04:00:00+00:00,686.9335653200561,287.6160583193931
2024-05-30 05:00:00+00:00,681.9290073819018,253.58971888751674
2024-05-30 06:00:00+00:00,622.8317844932725,186.82781815798097
2024-05-30 07:00:00+00:00,486.79740619704955,214.7389070275293
2024-05-30 08:00:00+00:00,570.0122495873346,208.32767901052318
2024-05-30 09:00:00+00:00,645.6052955191087,284.749834372738
2024-05-30 10:00:00+00:00,711.6219727002664,380.9449626346928
2024-05-30 11:00:00+00:00,769.8369604491514,411.046047586914
2024-05-30 12:00:00+00:00,703.1726141015674,435.31220718470973
2024-05-30 13:00:00+00:00,726.2994256094928,504.5269746514227
2024-05-30 14:00:00+00:00,728.0240757990389,488.087228745876
2024-05-30 15:00:00+00:00,834.2741396519747,730.983632617503
2024-05-30 16:00:00+00:00,1086.454720873049,736.7616583051337
2024-05-30 17:00:00+00:00,1008.6410396460187,582.3205764892353
2024-05-30 18:00:00+00:00,1168.8920806360143,448.87372989414115
2024-05-30 19:00:00+00:00,961.8083560755746,417.3389765517827
2024-05-30 20:00:00+00:00,1266.381047324639,390.34816479733365
2024-05-30 21:00:00+00:00,2047.4619335108762,418.28517543260085
2024-05-30 22:00:00+00:00,2127.914965778438,446.3565486313796
2024-05-30 23:00:00+00:00,2120.012879400077,489.8492314377739
2024-05-31 00:00:00+00:00,2398.6172594545374,547.7573190280872
2024-05-31 01:00:00+00:00,2658.5401628534987,623.6512654937029
2024-05-31 02:00:00+00:00,2373.5283771235945,582.2642090472148
2024-05-31 03:00:00+00:00,2079.2163989169385,491.0798802684964
2024-05-31 04:00:00+00:00,1723.8773991735952,308.92628990400493
2024-05-31 05:00:00+00:00,1428.1230918282001,203.02812339511647
2024-05-31 06:00:00+00:00,1258.7681041510118,166.80779619475885
2024-05-31 07:00:00+00:00,1433.6607454540645,184.4514345400947
2024-05-31 08:00:00+00:00,1401.5797843409166,150.8253765226696
2024-05-31 09:00:00+00:00,999.4305512357965,130.52366250155612
2024-05-31 10:00:00+00:00,1335.7958345384016,255.37194612084343
2024-05-31 11:00:00+00:00,1993.2214552253174,443.56159442042946
2024-05-31 12:00:00+00:00,2590.093153815955,696.9522612423046
2024-05-31 13:00:00+00:00,3231.243437668556,965.3625531193024
2024-05-31 14:00:00+00:00,3514.1106478618794,1139.2108726467577
2024-05-31 15:00:00+00:00,3736.9587734731685,1218.0773912457762
2024-05-31 16:00:00+00:00,3803.7860773698726,1291.6380159161652
2024-05-31 17:00:00+00:00,3914.1396910019016,1359.623634458338
2024-05-31 18:00:00+00:00,3892.3312486443415,1427.2577911130973
2024-05-31 19:00:00+00:00,3810.988723626475,1324.6819167984909
2024-05-31 20:00:00+00:00,3868.9470338818674,1281.5402604228766
2024-05-31 21:00:00+00:00,3900.475642447285,1280.470972466951
2024-05-31 22:00:00+00:00,3892.0092042717333,1096.1699519057245
2024-05-31 23:00:00+00:00,3952.424264085953,1055.8206370012585
2024-06-01 00:00:00+00:00,3997.0510211185433,1030.486350665227
2024-06-01 01:00:00+00:00,3976.673973099811,1154.8042843928
2024-06-01 02:00:00+00:00,4007.141228696849,1230.7368897306683
2024-06-01 03:00:00+00:00,3924.827151545273,1203.975950694708
2024-06-01 04:00:00+00:00,3946.1618170854385,1233.4201735071263
2024-06-01 05:00:00+00:00,3858.920306203932,1214.074964173827
2024-06-01 06:00:00+00:00,3899.3384232565118,1251.6313569982997
2024-06-01 07:00:00+00:00,3886.2062124037743,1179.2447234121903
2024-06-01 08:00:00+00:00,3874.9907848841563,1095.386420269604
2024-06-01 09:00:00+00:00,3794.6681960704036,1023.4606933381621
2024-06-01 10:00:00+00:00,3778.750223980092,1024.7669664709258
2024-06-01 11:00:00+00:00,3787.824366079916,1034.1556050283752
2024-06-01 12:00:00+00:00,3853.8388175938353,1074.4302149281375
2024-06-01 13:00:00+00:00,3991.587878961101,1226.204947392219
2024-06-01 14:00:00+00:00,3996.0454065992694,1262.068962202105
2024-06-01 15:00:00+00:00,4056.773608117143,1227.8793265326156
2024-06-01 16:00:00+00:00,4092.086238060706,1243.1220505363704
2024-06-01 17:00:00+00:00,4039.7164814732428,1361.79104727615
2024-06-01 18:00:00+00:00,3970.7424731408596,1419.9648601811214
2024-06-01 19:00:00+00:00,4008.378312608935,1392.6232155321738
2024-06-01 20:00:00+00:00,3958.0507508650785,1365.8511481600208
2024-06-01 21:00:00+00:00,4047.1397590908864,1401.3610883426911
2024-06-01 22:00:00+00:00,3940.6870627510993,1273.243650334443
2024-06-01 23:00:00+00:00,3799.940511454173,1275.0179909642936
2024-06-02 00:00:00+00:00,3655.3619417812592,1222.1921661292033
2024-06-02 01:00:00+00:00,3513.5791972325633,1093.8507098749851
2024-06-02 02:00:00+00:00,3299.7672806099017,1003.7017034347689
2024-06-02 03:00:00+00:00,3251.5148148775265,983.2155977213462
2024-06-02 04:00:00+00:00,3227.976351698605,986.6029664903215
2024-06-02 05:00:00+00:00,3249.33133854834,876.7916415193789
2024-06-02 06:00:00+00:00,3372.9630893894455,889.2583778677819
2024-06-02 07:00:00+00:00,3132.8155297096737,868.9159728434587
2024-06-02 08:00:00+00:00,2019.4376863966709,619.7755563021414
2024-06-02 09:00:00+00:00,1657.1745391059699,513.0828265890806
2024-06-02 10:00:00+00:00,1415.8917923663826,561.0507939874811
2024-06-02 11:00:00+00:00,1400.0980705688685,635.0100066298571
2024-06-02 12:00:00+00:00,1519.2852607026737,692.5559394531974
2024-06-02 13:00:00+00:00,1543.285307913248,714.6555571464485
2024-06-02 14:00:00+00:00,1406.5337325414284,691.0464048406669
2024-06-02 15:00:00+00:00,1339.4546379423425,700.4674607252869
2024-06-02 16:00:00+00:00,1296.6597985833832,806.8294853171373
2024-06-02 17:00:00+00:00,1686.9036473249262,838.2266343632671
2024-06-02 18:00:00+00:00,1750.1532395196864,773.0238740144434
2024-06-02 19:00:00+00:00,1312.7863060171353,590.8289636538269
2024-06-02 20:00:00+00:00,894.3176098054925,473.69074213348495
2024-06-02 21:00:00+00:00,503.9811539531966,297.6052399586953
2024-06-02 22:00:00+00:00,263.1088250908101,207.59393458284842
2024-06-02 23:00:00+00:00,164.98225312240308,150.58848811397223
2024-06-03 00:00:00+00:00,231.15763005448548,178.03865823283564
2024-06-03 01:00:00+00:00,337.37208323160405,231.67062216094257
2024-06-03 02:00:00+00:00,474.31634816380705,263.6507992554391
2024-06-03 03:00:00+00:00,452.3673984657937,292.87347140947804
2024-06-03 04:00:00+00:00,293.2064263899623,276.99410980734905
2024-06-03 05:00:00+00:00,268.05541891262055,232.3245328724509
2024-06-03 06:00:00+00:00,181.23736541528856,200.4605138349765
2024-06-03 07:00:00+00:00,152.40374957136717,212.60666942890097
2024-06-03 08:00:00+00:00,129.85696629944354,198.62912838611945
2024-06-03 09:00:00+00:00,142.52449654002257,222.3287709995738
2024-06-03 10:00:00+00:00,208.62091066920587,245.4320194652124
2024-06-03 11:00:00+00:00,315.2334679776075,268.11152024225385
2024-06-03 12:00:00+00:00,362.3276190645142,313.6920724547161
2024-06-03 13:00:00+00:00,435.7226008698754,343.9754685842192
2024-06-03 14:00:00+00:00,354.0518141263539,321.5674024421434
2024-06-03 15:00:00+00:00,220.56016388206578,307.1478366281697
2024-06-03 16:00:00+00:00,142.07849217903967,269.66261677126124
2024-06-03 17:00:00+00:00,161.10001208133704,257.0826616981132
2024-06-03 18:00:00+00:00,100.61354342721013,218.07145664473694
2024-06-03 19:00:00+00:00,59.89941263189911,175.84013445775403
2024-06-03 20:00:00+00:00,63.68469199587578,153.46651777380586
2024-06-03 21:00:00+00:00,90.00494891859755,124.71704182831681
2024-06-03 22:00:00+00:00,86.83095390010341,128.31676828229462
2024-06-03 23:00:00+00:00,87.9086606842793,149.58171237700842
2024-06-04 00:00:00+00:00,109.7856088375229,172.42175149964993
2024-06-04 01:00:00+00:00,133.55138037920173,150.0260716795976
2024-06-04 02:00:00+00:00,207.6285533852224,160.12837527550406
2024-06-04 03:00:00+00:00,297.2671078826778,158.37962981889683
2024-06-04 04:00:00+00:00,344.3853542366456,164.61759447978667
2024-06-04 05:00:00+00:00,403.93491979948067,175.57605420148968
2024-06-04 06:00:00+00:00,515.0052708584376,211.07250732453494
2024-06-04 07:00:00+00:00,628.2738311960186,246.2691606513402
2024-06-04 08:00:00+00:00,758.7983767068596,308.71823840126825
2024-06-04 09:00:00+00:00,1017.9643597084228,410.2537100499802
2024-06-04 10:00:00+00:00,1293.8270080293773,560.4525249569373
2024-06-04 11:00:00+00:00,1306.8834494278626,593.4557348360532
2024-06-04 12:00:00+00:00,1452.2386801988991,640.5429186168218
2024-06-04 13:00:00+00:00,1837.1590232101853,703.6183765421983
2024-06-04 14:00:00+00:00,2097.829170192464,758.7184462225524
2024-06-04 15:00:00+00:00,2420.054886296523,913.6907851314852
2024-06-04 16:00:00+00:00,2974.992304604404,1005.3457941470925
2024-06-04 17:00:00+00:00,3303.212613495221,905.6985108458917
2024-06-04 18:00:00+00:00,3524.6394086543255,981.0589261671639
2024-06-04 19:00:00+00:00,3586.2280724802617,1217.7832160977207
2024-06-04 20:00:00+00:00,3545.214250752869,1277.8938433409592
2024-06-04 21:00:00+00:00,3263.3871045369474,1336.3886361689897
2024-06-04 22:00:00+00:00,3138.8467008536577,1485.883511235641
2024-06-04 23:00:00+00:00,3279.857429174989,1430.2465719100855
2024-06-05 00:00:00+00:00,3053.4838466577926,1541.8843955387742
2024-06-05 01:00:00+00:00,1486.4750548803986,1296.0186128823912
2024-06-05 02:00:00+00:00,1615.6772637471017,803.4280367836745
2024-06-05 03:00:00+00:00,1990.1699686730858,604.1045365071715
2024-06-05 04:00:00+00:00,1838.8640778512179,634.260876067794
2024-06-05 05:00:00+00:00,1365.0098459438382,591.9146054255491
2024-06-05 06:00:00+00:00,1132.411072160338,549.0740431200583
2024-06-05 07:00:00+00:00,826.7558357200575,571.2856699362942
2024-06-05 08:00:00+00:00,644.2711047777219,540.3181230512804
2024-06-05 09:00:00+00:00,664.8231095950346,590.599671544183
2024-06-05 10:00:00+00:00,722.7938545565208,586.2240097531383
2024-06-05 11:00:00+00:00,647.824866364816,573.8232692767662
2024-06-05 12:00:00+00:00,939.1785457388379,751.4275474215334
2024-06-05 13:00:00+00:00,841.1025835080734,980.3384873588502
2024-06-05 14:00:00+00:00,743.1631611239885,903.5311947962206
2024-06-05 15:00:00+00:00,945.7248136963412,849.5018645939043
2024-06-05 16:00:00+00:00,903.916525532917,749.4571545384061
2024-06-05 17:00:00+00:00,866.7947184288121,681.791499853814
2024-06-05 18:00:00+00:00,1039.871021728903,591.5362903790611
2024-06-05 19:00:00+00:00,993.5162760059086,422.5487797165902
2024-06-05 20:00:00+00:00,866.7012404047917,403.09131933995394
2024-06-05 21:00:00+00:00,610.5900340722476,379.0504843580291
2024-06-05 22:00:00+00:00,506.4754011665867,338.7337803170155
2024-06-05 23:00:00+00:00,630.5049658345524,367.24748068742645
2024-06-06 00:00:00+00:00,774.6717386842586,484.3246898949892
2024-06-06 01:00:00+00:00,917.2558202069835,576.1666065745666
2024-06-06 02:00:00+00:00,880.9587679669829,572.4393397110042
2024-06-06 03:00:00+00:00,841.8338603481575,506.8202828204255
2024-06-06 04:00:00+00:00,685.7707509560398,483.5157566219068
2024-06-06 05:00:00+00:00,509.20910114440557,443.01049985852933
2024-06-06 06:00:00+00:00,541.969035917531,440.1264705739656
2024-06-06 07:00:00+00:00,526.3115152782037,407.25815548313557
2024-06-06 08:00:00+00:00,453.0099389207571,385.2155342248203
2024-06-06 09:00:00+00:00,360.4108357313943,471.35514628694915
2024-06-06 10:00:00+00:00,424.1508730558033,451.83072235687393
2024-06-06 11:00:00+00:00,439.00439559722935,529.5736176889033
2024-06-06 12:00:00+00:00,397.1358934581875,461.83214516598827
2024-06-06 13:00:00+00:00,562.5811337502853,449.8310087270818
2024-06-06 14:00:00+00:00,450.67211740698275,427.78083955378355
2024-06-06 15:00:00+00:00,276.47221503193765,409.2860286419027
2024-06-06 16:00:00+00:00,274.6233629336648,328.8475599795327
2024-06-06 17:00:00+00:00,325.46321521495776,281.77663324642
2024-06-06 18:00:00+00:00,225.49214571461428,278.18416440300274
2024-06-06 19:00:00+00:00,153.43916867801008,191.21146332064237
2024-06-06 20:00:00+00:00,135.67602167877664,144.5430436692194
2024-06-06 21:00:00+00:00,152.9035570186392,130.91504124705307
2024-06-06 22:00:00+00:00,154.27553571901143,113.48119623098839
2024-06-06 23:00:00+00:00,256.4386939130728,167.03302404248888
2024-06-07 00:00:00+00:00,392.6577542060274,224.00571449570165
2024-06-07 01:00:00+00:00,643.226347545491,290.5958880633565
2024-06-07 02:00:00+00:00,921.356757246275,371.0625162547015
2024-06-07 03:00:00+00:00,1051.5449366996684,418.6061069715897
2024-06-07 04:00:00+00:00,1004.0167805012389,467.78333744159437
2024-06-07 05:00:00+00:00,741.8577105204216,560.244763758623
2024-06-07 06:00:00+00:00,505.4993493143294,498.5559932910214
2024-06-07 07:00:00+00:00,501.3742202398359,375.6508260351713
2024-06-07 08:00:00+00:00,505.7158680293867,387.0104864686632
2024-06-07 09:00:00+00:00,379.0259294422991,460.227874543607
2024-06-07 10:00:00+00:00,298.13405365617444,491.2658202510585
2024-06-07 11:00:00+00:00,300.2856932670347,496.0325704831778
2024-06-07 12:00:00+00:00,435.3818802460913,501.11454293397827
2024-06-07 13:00:00+00:00,662.1698239422269,618.3564515171958
2024-06-07 14:00:00+00:00,968.142217964005,801.7557865423759
2024-06-07 15:00:00+00:00,946.5000232723521,756.139333349674
2024-06-07 16:00:00+00:00,1072.0613308411637,702.1629353203795
2024-06-07 17:00:00+00:00,1113.5000614748433,654.4937879407931
2024-06-07 18:00:00+00:00,1261.119086131936,518.8137745762082
2024-06-07 19:00:00+00:00,1218.5482650189467,383.9423557962128
2024-06-07 20:00:00+00:00,1536.0838228743355,404.39783439306973
2024-06-07 21:00:00+00:00,1984.4114901498986,553.0783087866828
2024-06-07 22:00:00+00:00,2259.6220179699494,787.579640986604
2024-06-07 23:00:00+00:00,2398.06045557233,865.0635363897615
2024-06-08 00:00:00+00:00,2266.38243382306,819.9812917183887
2024-06-08 01:00:00+00:00,2185.7850234894136,804.3856059210376
2024-06-08 02:00:00+00:00,1915.7724931209916,814.4466379048896
2024-06-08 03:00:00+00:00,1615.3700249000372,826.5969424328512
2024-06-08 04:00:00+00:00,1296.9576509207895,795.8964272323963
2024-06-08 05:00:00+00:00,1166.7362799950993,713.3951037283572
2024-06-08 06:00:00+00:00,1197.9202004429592,608.614464093587
2024-06-08 07:00:00+00:00,1237.0366892335344,603.2867973332756
2024-06-08 08:00:00+00:00,1233.579357098755,724.9336884542026
2024-06-08 09:00:00+00:00,1453.546404853775,905.8226643705481
2024-06-08 10:00:00+00:00,1204.4463406271745,808.6508552634207
2024-06-08 11:00:00+00:00,1976.223937756155,1015.8133974745482
2024-06-08 12:00:00+00:00,1320.0231114274427,977.1971032038083
2024-06-08 13:00:00+00:00,1016.0445765629379,939.4325621084582
2024-06-08 14:00:00+00:00,1031.4907071986706,973.9569187770018
2024-06-08 15:00:00+00:00,1238.1983907639312,956.4515621048802
2024-06-08 16:00:00+00:00,1477.3668503950103,971.3482432371064
2024-06-08 17:00:00+00:00,1024.725646474801,869.0825108137889
2024-06-08 18:00:00+00:00,800.3396815697953,737.728372031803
2024-06-08 19:00:00+00:00,472.87755106220703,477.86038455275
2024-06-08 20:00:00+00:00,337.0404588130559,396.9552515313346
2024-06-08 21:00:00+00:00,302.3355327937652,343.5097719065819
2024-06-08 22:00:00+00:00,364.7787560711744,361.2905790915127
2024-06-08 23:00:00+00:00,460.92344393973315,395.5096806598781
2024-06-09 00:00:00+00:00,695.1482127932258,429.4216401493197
2024-06-09 01:00:00+00:00,923.9673681489865,646.4651288342559
2024-06-09 02:00:00+00:00,1091.2050689053012,869.6143485156682
2024-06-09 03:00:00+00:00,1358.5145747965405,946.6072423723672
2024-06-09 04:00:00+00:00,1613.943178663827,1106.4511797939845
2024-06-09 05:00:00+00:00,1265.276245461037,947.3766458599296
2024-06-09 06:00:00+00:00,1151.0098120554464,851.2947847067902
2024-06-09 07:00:00+00:00,1035.5226485535663,865.7362685046569
2024-06-09 08:00:00+00:00,1272.1562667361861,801.9647573424502
2024-06-09 09:00:00+00:00,1494.3379501617321,830.1520103898462
2024-06-09 10:00:00+00:00,1360.9128763983197,902.7138910789583
2024-06-09 11:00:00+00:00,1253.9182784700092,995.8382275445905
2024-06-09 12:00:00+00:00,1158.3472563321939,1050.0580942161573
2024-06-09 13:00:00+00:00,1245.3993919621398,996.0334088845997
2024-06-09 14:00:00+00:00,1232.511810969364,969.7198289635936
2024-06-09 15:00:00+00:00,1194.455223625056,966.2529167828745
2024-06-09 16:00:00+00:00,1118.4125929110894,930.2179126681813
2024-06-09 17:00:00+00:00,1077.1603344847465,796.7243754451474
2024-06-09 18:00:00+00:00,1131.4283916904355,737.3114948812032
2024-06-09 19:00:00+00:00,1044.4140924035453,689.8598338980823
2024-06-09 20:00:00+00:00,897.8702585589674,597.3388467903866
2024-06-09 21:00:00+00:00,912.8579985116937,497.8134913466036
2024-06-09 22:00:00+00:00,912.3889633331986,534.2506154704233
2024-06-09 23:00:00+00:00,774.3252603560964,486.0860635939718
2024-06-10 00:00:00+00:00,715.7508757322514,413.4508810381978
2024-06-10 01:00:00+00:00,589.601024331047,370.0391447815892
2024-06-10 02:00:00+00:00,649.4971166061147,292.1531777533756
2024-06-10 03:00:00+00:00,588.0966184299793,237.68848768556518
2024-06-10 04:00:00+00:00,372.8615085684232,209.8304398531971
2024-06-10 05:00:00+00:00,375.9731849042371,200.56337836865512
2024-06-10 06:00:00+00:00,691.8016801796714,270.53236882084127
2024-06-10 07:00:00+00:00,1024.0673328128858,373.67912678214304
2024-06-10 08:00:00+00:00,1005.8576008438247,487.4060294186599
2024-06-10 09:00:00+00:00,1192.1551416861969,635.9217076684773
2024-06-10 10:00:00+00:00,1277.0495413124115,704.8772332859663
2024-06-10 11:00:00+00:00,1522.7114334961127,820.541385717384
2024-06-10 12:00:00+00:00,1288.2549049453855,858.6394865940983
2024-06-10 13:00:00+00:00,2220.77096418961,1331.0246813558756
2024-06-10 14:00:00+00:00,3059.161233478983,1464.4684313704638
2024-06-10 15:00:00+00:00,3081.5349953151426,1674.6481558279065
2024-06-10 16:00:00+00:00,3267.0836475158035,1839.4214623422704
2024-06-10 17:00:00+00:00,3357.5537306472197,2030.3403592851982
2024-06-10 18:00:00+00:00,3412.3001127729217,1913.2640693749731
2024-06-10 19:00:00+00:00,3590.8528154657456,1771.6309283719659
2024-06-10 20:00:00+00:00,3340.0584378617423,1638.968194021837
2024-06-10 21:00:00+00:00,3322.3668992867065,1460.2717906399134
2024-06-10 22:00:00+00:00,2521.426287562495,1458.8641044955832
2024-06-10 23:00:00+00:00,2559.0321289069207,1394.4766157330646
2024-06-11 00:00:00+00:00,2586.8047788550257,1328.2483066279603
2024-06-11 01:00:00+00:00,2425.110828117446,1278.7005993308733
2024-06-11 02:00:00+00:00,2233.727444098641,1218.8838569312682
2024-06-11 03:00:00+00:00,2306.967959759238,1254.1873906695955
2024-06-11 04:00:00+00:00,2411.0829313533914,1211.950419642393
2024-06-11 05:00:00+00:00,2378.8572051015954,1164.3225922589315
2024-06-11 06:00:00+00:00,2491.0068354270165,1246.0690274965295
2024-06-11 07:00:00+00:00,2229.2217259263507,1243.4159353800035
2024-06-11 08:00:00+00:00,1785.2845259673759,1189.229647253297
2024-06-11 09:00:00+00:00,1551.6234315340885,1155.9250529996352
2024-06-11 10:00:00+00:00,1299.7938283597239,1095.9870601195978
2024-06-11 11:00:00+00:00,1325.1332434072183,1073.0770092470818
2024-06-11 12:00:00+00:00,1299.0551971409382,1012.3550976583609
2024-06-11 13:00:00+00:00,1243.101148617956,901.4921933012605
2024-06-11 14:00:00+00:00,1123.4655349196476,974.0962648997648
2024-06-11 15:00:00+00:00,1734.103856294158,955.8755981307925
2024-06-11 16:00:00+00:00,1661.497171955852,1018.2079251188359
2024-06-11 17:00:00+00:00,1749.8308080745148,967.9533265531483
2024-06-11 18:00:00+00:00,1621.1818226688097,814.6536249580773
2024-06-11 19:00:00+00:00,1735.8865189841185,654.6233604813348
2024-06-11 20:00:00+00:00,1802.7424662505018,673.3757197999754
2024-06-11 21:00:00+00:00,1783.3096817497715,615.1901979499663
2024-06-11 22:00:00+00:00,1624.326980781343,571.7242715345053
2024-06-11 23:00:00+00:00,1495.10561182276,597.9343579289175
2024-06-12 00:00:00+00:00,1572.9281957187445,515.3457495618698
2024-06-12 01:00:00+00:00,1508.8144640265712,521.8227799146251
2024-06-12 02:00:00+00:00,1563.9130821848132,494.7202493416135
2024-06-12 03:00:00+00:00,1633.7599391472825,499.5846870118782
2024-06-12 04:00:00+00:00,1528.1544478802668,554.9452565272867
2024-06-12 05:00:00+00:00,1542.4581338456235,589.9082631781116
2024-06-12 06:00:00+00:00,2029.490928545188,687.2697378412222
2024-06-12 07:00:00+00:00,1669.1615957803888,625.3874794760756
2024-06-12 08:00:00+00:00,1610.7057037449629,676.6130011825577
2024-06-12 09:00:00+00:00,1444.1250586647327,759.7233349807705
2024-06-12 10:00:00+00:00,1514.5053016193342,757.9164318715378
2024-06-12 11:00:00+00:00,1486.8204203749415,818.1607926853725
2024-06-12 12:00:00+00:00,1084.3121774674246,804.3235291587094
2024-06-12 13:00:00+00:00,1109.4762486437753,906.501202573892
2024-06-12 14:00:00+00:00,995.770489846025,839.3958838086471
2024-06-12 15:00:00+00:00,1009.4666654233904,806.0430022527223
2024-06-12 16:00:00+00:00,912.6222713206861,762.8522844297186
2024-06-12 17:00:00+00:00,793.9194057316237,686.6025698944231
2024-06-12 18:00:00+00:00,619.7732822508324,526.7702930337732
2024-06-12 19:00:00+00:00,544.5366333816534,312.73126158463594
2024-06-12 20:00:00+00:00,441.37821485938423,251.12193776063754
2024-06-12 21:00:00+00:00,512.360839490514,277.4555486867908
2024-06-12 22:00:00+00:00,368.84940468239313,290.09598384794367
2024-06-12 23:00:00+00:00,464.58166673482924,297.7790839236564
2024-06-13 00:00:00+00:00,576.2895021133925,364.86621027842943
2024-06-13 01:00:00+00:00,802.8420089229428,338.8934961334187
2024-06-13 02:00:00+00:00,1087.1092605774725,367.9712096125276
2024-06-13 03:00:00+00:00,1437.734974486493,385.0192884352622
2024-06-13 04:00:00+00:00,1452.1891349108055,391.1503726846299
2024-06-13 05:00:00+00:00,1685.6911425206051,463.0077329245912
2024-06-13 06:00:00+00:00,1626.14157695777,517.3953955523186
2024-06-13 07:00:00+00:00,1341.0576989629637,511.6680763704713
2024-06-13 08:00:00+00:00,1331.0740331076875,543.309371435859
2024-06-13 09:00:00+00:00,1348.9569790652408,604.2424311078225
2024-06-13 10:00:00+00:00,1261.8203648483698,699.7291681949941
2024-06-13 11:00:00+00:00,1196.5499635691215,652.6138248852507
2024-06-13 12:00:00+00:00,1143.0709537835787,642.7694567686673
2024-06-13 13:00:00+00:00,853.24030817773,591.684587554849
2024-06-13 14:00:00+00:00,839.7394107085147,463.8305524258795
2024-06-13 15:00:00+00:00,747.3169819522316,369.83239964875344
2024-06-13 16:00:00+00:00,482.3618933109152,294.1990981704034
2024-06-13 17:00:00+00:00,329.25981645140894,216.36799867802773
2024-06-13 18:00:00+00:00,287.9369172822764,138.18315115091178
2024-06-13 19:00:00+00:00,302.0640013906587,80.25344192913678
2024-06-13 20:00:00+00:00,273.0706213462637,55.620531077679715
2024-06-13 21:00:00+00:00,288.4868506264868,97.58877697785915
2024-06-13 22:00:00+00:00,457.8069291968788,200.6227456230407
2024-06-13 23:00:00+00:00,1013.3669053386467,307.02677968401923
2024-06-14 00:00:00+00:00,1502.4729574550172,464.9083075941258
2024-06-14 01:00:00+00:00,2017.1357658631362,535.3209678758978
2024-06-14 02:00:00+00:00,2281.4821345147016,612.7025793542215
2024-06-14 03:00:00+00:00,2559.1066403753425,688.2390643076934
2024-06-14 04:00:00+00:00,3016.1290218706226,831.9626390725
2024-06-14 05:00:00+00:00,3251.376629972453,923.8983724645906
2024-06-14 06:00:00+00:00,3032.980612983447,1149.112962959333
2024-06-14 07:00:00+00:00,2954.1966376085375,1151.3926268204818
2024-06-14 08:00:00+00:00,2995.8001643860125,1242.9441906935656
2024-06-14 09:00:00+00:00,2987.0565822551875,1408.6955328070735
2024-06-14 10:00:00+00:00,3004.4169802523793,1300.9245640850622
2024-06-14 11:00:00+00:00,2991.414438708324,1216.8617898609493
2024-06-14 12:00:00+00:00,2488.872904385924,1180.437777820209
2024-06-14 13:00:00+00:00,2453.17687906848,1042.3343515213053
2024-06-14 14:00:00+00:00,2167.6231917500522,797.0567256247516
2024-06-14 15:00:00+00:00,1723.5456779869064,662.9364695377764
2024-06-14 16:00:00+00:00,1293.7683665360478,630.8176236975023
2024-06-14 17:00:00+00:00,1078.212494479749,601.6936550470873
2024-06-14 18:00:00+00:00,887.8518529411413,346.5446627226649
2024-06-14 19:00:00+00:00,1051.0407746860599,371.2531011080224
2024-06-14 20:00:00+00:00,1007.3467657627151,453.8627081616254
2024-06-14 21:00:00+00:00,883.46941738024,405.7142197965479
2024-06-14 22:00:00+00:00,879.6123360557839,374.45027209624
2024-06-14 23:00:00+00:00,709.7225108643511,337.2915963304872
2024-06-15 00:00:00+00:00,629.5516061113145,300.5951335893027
2024-06-15 01:00:00+00:00,674.7918731566264,307.7993281361579
2024-06-15 02:00:00+00:00,918.1105731947383,413.12665938242145
2024-06-15 03:00:00+00:00,1459.450616197019,634.7560870283776
2024-06-15 04:00:00+00:00,1777.8240893836619,825.5692647774729
2024-06-15 05:00:00+00:00,2120.7425111817674,1118.1063217454328
2024-06-15 06:00:00+00:00,2594.5669385017786,1568.6622689993758
2024-06-15 07:00:00+00:00,2564.1476799025813,1731.6424618645722
2024-06-15 08:00:00+00:00,2287.3706694191346,1615.4186025067227
2024-06-15 09:00:00+00:00,1637.4911251205474,1739.1975376899964
2024-06-15 10:00:00+00:00,1361.996002198381,1650.1747188725005
2024-06-15 11:00:00+00:00,1081.110313224378,1426.0381254663564
2024-06-15 12:00:00+00:00,1003.308050637963,1306.457476072027
2024-06-15 13:00:00+00:00,1137.016171213238,1361.9134589742719
2024-06-15 14:00:00+00:00,1298.1751876684325,1382.1272591394616
2024-06-15 15:00:00+00:00,1434.0936861160383,1613.319024155617
2024-06-15 16:00:00+00:00,2534.0945919482006,1776.0284597628333
2024-06-15 17:00:00+00:00,2932.1855627641253,1837.604156657901
2024-06-15 18:00:00+00:00,3497.9236603401228,2088.4492407676876
2024-06-15 19:00:00+00:00,3509.7843378226466,2058.1426202843904
2024-06-15 20:00:00+00:00,3502.75006813105,2027.6047239445631
2024-06-15 21:00:00+00:00,3491.348845781081,1932.6430507894142
2024-06-15 22:00:00+00:00,3437.2848725843555,1852.3597498408296
2024-06-15 23:00:00+00:00,3381.3002453288777,1861.192165124916
2024-06-16 00:00:00+00:00,3341.105469145282,1775.076261257285
2024-06-16 01:00:00+00:00,3273.2102320466233,1736.4704179457524
2024-06-16 02:00:00+00:00,3173.602526915013,1559.0470962242955
2024-06-16 03:00:00+00:00,3159.4654756881278,1506.2237873608663
2024-06-16 04:00:00+00:00,3110.199460448932,1458.8685558300604
2024-06-16 05:00:00+00:00,3072.9408231937246,1465.556105273143
2024-06-16 06:00:00+00:00,2963.2974877152246,1560.302759619417
2024-06-16 07:00:00+00:00,2577.5051669871195,1281.6546403653115
2024-06-16 08:00:00+00:00,2568.762359001421,1351.6117162401606
2024-06-16 09:00:00+00:00,2424.0206382431056,1321.1285906680305
2024-06-16 10:00:00+00:00,1525.9913896287912,1052.9753633570883
2024-06-16 11:00:00+00:00,1410.11473436016,1119.887629681422
2024-06-16 12:00:00+00:00,1397.2983747190185,948.5520884663213
2024-06-16 13:00:00+00:00,1934.552866816396,943.0403687021935
2024-06-16 14:00:00+00:00,2390.567698429586,1025.2647417872408
2024-06-16 15:00:00+00:00,2285.9406298342774,954.3063091913132
2024-06-16 16:00:00+00:00,2133.1820556826037,867.0612178885966
2024-06-16 17:00:00+00:00,2604.357551916143,901.1963730948113
2024-06-16 18:00:00+00:00,2435.390507715453,811.1878256109775
2024-06-16 19:00:00+00:00,2365.773571855543,732.1208034242053
2024-06-16 20:00:00+00:00,1951.807400467544,562.8400369110163
2024-06-16 21:00:00+00:00,1838.7841473669107,516.5070156356331
2024-06-16 22:00:00+00:00,1804.8318839468227,538.293588393371
2024-06-16 23:00:00+00:00,1955.1993173391372,567.2378102222357
2024-06-17 00:00:00+00:00,2103.2044468780527,634.1993799143106
2024-06-17 01:00:00+00:00,2341.3165854840745,749.6549002341467
2024-06-17 02:00:00+00:00,2262.55718921693,744.0259942515008
2024-06-17 03:00:00+00:00,2061.9297382430427,697.1849402368769
2024-06-17 04:00:00+00:00,1797.56691900754,664.6790702174422
2024-06-17 05:00:00+00:00,1696.003142677642,666.7854707224749
2024-06-17 06:00:00+00:00,1457.6386327603939,583.2431639436963
2024-06-17 07:00:00+00:00,1273.3131298595429,509.706441004087
2024-06-17 08:00:00+00:00,1078.8701307646786,517.1995852193942
2024-06-17 09:00:00+00:00,943.0247890315235,537.1757712148303
2024-06-17 10:00:00+00:00,708.1940580802927,560.1098205862666
2024-06-17 11:00:00+00:00,531.5226248129121,563.3079592558922
2024-06-17 12:00:00+00:00,651.4774282236748,576.9624277645695
2024-06-17 13:00:00+00:00,598.6611834345244,500.72045468053875
2024-06-17 14:00:00+00:00,725.7220101132929,561.7557498932656
2024-06-17 15:00:00+00:00,590.530675859787,620.4782865406872
2024-06-17 16:00:00+00:00,529.7825401049072,454.5836308106431
2024-06-17 17:00:00+00:00,502.87538440818645,366.11703526651036
2024-06-17 18:00:00+00:00,404.4135350239158,249.65096525221898
2024-06-17 19:00:00+00:00,340.2423230561027,135.9752892502422
2024-06-17 20:00:00+00:00,305.392922202586,110.93183956140828
2024-06-17 21:00:00+00:00,256.05133104541943,100.10939350961937
2024-06-17 22:00:00+00:00,229.75710475257495,107.67559162322756
2024-06-17 23:00:00+00:00,298.25298170122716,143.1755646873947
2024-06-18 00:00:00+00:00,275.6550080828162,175.39204958174375
2024-06-18 01:00:00+00:00,184.85804217175126,147.61586759649902
2024-06-18 02:00:00+00:00,131.88154934142324,119.56084821351676
2024-06-18 03:00:00+00:00,69.01903575790288,94.86697948135962
2024-06-18 04:00:00+00:00,82.1008304092799,107.0815320068088
2024-06-18 05:00:00+00:00,66.27091732710365,114.70758726351539
2024-06-18 06:00:00+00:00,129.4620555168071,98.35469681235247
2024-06-18 07:00:00+00:00,23.83392655285149,53.73906811595468
2024-06-18 08:00:00+00:00,8.916053197788273,47.87066098480962
2024-06-18 09:00:00+00:00,32.16866328876362,84.20148530595208
2024-06-18 10:00:00+00:00,70.51874840414136,108.6726905461106
2024-06-18 11:00:00+00:00,150.86087833432845,127.12037537341803
2024-06-18 12:00:00+00:00,136.90139664582514,151.96651482314496
2024-06-18 13:00:00+00:00,70.64270839251608,80.64951392946288
2024-06-18 14:00:00+00:00,139.45133392425012,154.00241973759918
2024-06-18 15:00:00+00:00,192.26670780013325,179.4254908428219
2024-06-18 16:00:00+00:00,262.8620663317503,208.62833762401286
2024-06-18 17:00:00+00:00,391.69820132177773,279.4133617116131
2024-06-18 18:00:00+00:00,468.79364521569767,262.77978922002853
2024-06-18 19:00:00+00:00,570.6570640936071,239.1485737781429
2024-06-18 20:00:00+00:00,629.4513059333673,240.71810463797416
2024-06-18 21:00:00+00:00,659.2619896950246,262.393248881572
2024-06-18 22:00:00+00:00,656.1696669873721,324.0246358416746
2024-06-18 23:00:00+00:00,700.5722606217817,371.95408952003373
2024-06-19 00:00:00+00:00,758.8476800746012,435.26493594792515
2024-06-19 01:00:00+00:00,743.5719581348309,431.6892563769381
2024-06-19 02:00:00+00:00,734.2056730179082,421.95694576741005
2024-06-19 03:00:00+00:00,720.3638613886271,406.251766818735
2024-06-19 04:00:00+00:00,844.0313680577607,394.30143365375255
2024-06-19 05:00:00+00:00,1293.1968538964372,504.6832551988272
2024-06-19 06:00:00+00:00,1383.7485125705546,476.8936224420102
2024-06-19 07:00:00+00:00,1227.5178975266986,426.12866870170245
2024-06-19 08:00:00+00:00,1331.803568121237,483.50385414058746
2024-06-19 09:00:00+00:00,1419.357543329412,472.87363195250435
2024-06-19 10:00:00+00:00,1337.5891417238506,444.32843355226044
2024-06-19 11:00:00+00:00,1138.5663968289782,434.17547183464114
2024-06-19 12:00:00+00:00,1087.6638387924418,518.4272826218221
2024-06-19 13:00:00+00:00,1178.9216145900332,633.4305086515227
2024-06-19 14:00:00+00:00,1128.7767510960216,722.5796582768429
2024-06-19 15:00:00+00:00,968.7186657787967,727.9898198771929
2024-06-19 16:00:00+00:00,1106.3618628000188,625.5539690623352
2024-06-19 17:00:00+00:00,987.3406300276989,539.6256502356601
2024-06-19 18:00:00+00:00,895.201199699208,446.7547495308035
2024-06-19 19:00:00+00:00,1029.5029928183387,407.93853228115483
2024-06-19 20:00:00+00:00,715.3587712256983,330.27900270243134
2024-06-19 21:00:00+00:00,535.7068792214392,307.7229780730606
2024-06-19 22:00:00+00:00,377.8370360643351,266.0051197372212
2024-06-19 23:00:00+00:00,327.71442924270923,272.1562833758065
2024-06-20 00:00:00+00:00,278.6141778287171,241.72096126523525
2024-06-20 01:00:00+00:00,230.04053863700085,220.45146906790347
2024-06-20 02:00:00+00:00,279.8896786927041,228.26501259742508
2024-06-20 03:00:00+00:00,299.35342899849286,265.5956453493932
2024-06-20 04:00:00+00:00,340.4664380702134,279.9785360380008
2024-06-20 05:00:00+00:00,446.22436335103623,323.4081260165884
2024-06-20 06:00:00+00:00,364.22117804384015,324.3380194656805
2024-06-20 07:00:00+00:00,282.15831098580094,183.60374562661883
2024-06-20 08:00:00+00:00,364.70163186295065,191.49886469884137
2024-06-20 09:00:00+00:00,448.6542113667188,243.1006814168721
2024-06-20 10:00:00+00:00,437.8763693798334,251.5209611892583
2024-06-20 11:00:00+00:00,369.77247597755826,239.8556585830251
2024-06-20 12:00:00+00:00,321.4946569922912,224.86153193300538
2024-06-20 13:00:00+00:00,612.7132238497104,260.1373899830618
2024-06-20 14:00:00+00:00,764.0852073117501,385.544110446933
2024-06-20 15:00:00+00:00,939.7536387996583,464.28836250004093
2024-06-20 16:00:00+00:00,1073.0087877078124,480.2473158979843
2024-06-20 17:00:00+00:00,818.8026557633503,396.8243726208922
2024-06-20 18:00:00+00:00,650.5109564173574,343.7670783929897
2024-06-20 19:00:00+00:00,821.2677273822869,277.802994696361
2024-06-20 20:00:00+00:00,767.6065031876033,313.00061570457433
2024-06-20 21:00:00+00:00,603.8360533005003,359.9023917275552
2024-06-20 22:00:00+00:00,583.5438709412565,351.025076026134
2024-06-20 23:00:00+00:00,451.923813308331,364.4238347227268
2024-06-21 00:00:00+00:00,311.9546730626186,303.8940078935092
2024-06-21 01:00:00+00:00,175.82067196543406,270.7266308635128
2024-06-21 02:00:00+00:00,171.71750925890396,301.9828854966266
2024-06-21 03:00:00+00:00,161.76480920868627,320.1347501174847
2024-06-21 04:00:00+00:00,169.05619185040928,337.7490193320854
2024-06-21 05:00:00+00:00,172.13612823603827,297.48007036856046
2024-06-21 06:00:00+00:00,168.30294864236177,241.35396809122187
2024-06-21 07:00:00+00:00,142.4495979990374,184.48056175047785
2024-06-21 08:00:00+00:00,166.63969783815818,214.01527487056896
2024-06-21 09:00:00+00:00,152.9035570186392,212.39890823058676
2024-06-21 10:00:00+00:00,194.431701414425,213.1101056814533
2024-06-21 11:00:00+00:00,313.60998887927593,274.567793828806
2024-06-21 12:00:00+00:00,294.74262062528527,292.58800539409515
2024-06-21 13:00:00+00:00,311.4654133426946,326.42371158858026
2024-06-21 14:00:00+00:00,337.71435214564104,359.0544608937273
2024-06-21 15:00:00+00:00,231.31681364611424,283.9929139753398
2024-06-21 16:00:00+00:00,239.6807743605503,306.42715589950404
2024-06-21 17:00:00+00:00,286.55439085455606,320.13987882894753
2024-06-21 18:00:00+00:00,314.34929747504714,325.0092516743934
2024-06-21 19:00:00+00:00,745.6449252472145,320.6447182195416
2024-06-21 20:00:00+00:00,1123.6957463266292,364.95180169897384
2024-06-21 21:00:00+00:00,994.3039686720837,473.8973421141095
2024-06-21 22:00:00+00:00,966.5255126355299,602.851485851852
2024-06-21 23:00:00+00:00,1343.7685616595518,638.1691961228078
2024-06-22 00:00:00+00:00,1671.7948504280494,677.0166694819372
2024-06-22 01:00:00+00:00,2269.187161616232,799.4598656335712
2024-06-22 02:00:00+00:00,2477.1703460454796,890.0962931990362
2024-06-22 03:00:00+00:00,2560.4917795428646,864.6435626586558
2024-06-22 04:00:00+00:00,2443.3880074806502,871.7730522008075
2024-06-22 05:00:00+00:00,2006.3670200814868,817.9298071332645
2024-06-22 06:00:00+00:00,1603.7309464599628,742.4986543010617
2024-06-22 07:00:00+00:00,1183.1366412673372,762.3949098121908
2024-06-22 08:00:00+00:00,1081.1274411853008,761.4868859629213
2024-06-22 09:00:00+00:00,633.7342154614478,644.9930918762884
2024-06-22 10:00:00+00:00,304.2171892917719,570.6275498106608
2024-06-22 11:00:00+00:00,321.5544597033104,537.4062729262345
2024-06-22 12:00:00+00:00,280.63614813089504,525.9437479590639
2024-06-22 13:00:00+00:00,296.8724874044638,530.1906597387639
2024-06-22 14:00:00+00:00,322.9847895925897,606.1404414216257
2024-06-22 15:00:00+00:00,350.4570712316277,508.4847916104596
2024-06-22 16:00:00+00:00,395.1609524724422,435.47555180639324
2024-06-22 17:00:00+00:00,399.6796375756008,394.7706623685293
2024-06-22 18:00:00+00:00,387.54307412363386,346.8600300935573
2024-06-22 19:00:00+00:00,416.50657700455446,266.3784028403871
2024-06-22 20:00:00+00:00,414.37332334044766,219.01436540876762
2024-06-22 21:00:00+00:00,385.0092971247238,210.28863699992178
2024-06-22 22:00:00+00:00,328.2362030579446,197.70257343788526
2024-06-22 23:00:00+00:00,396.59921734926775,218.34095591688651
2024-06-23 00:00:00+00:00,410.3905402010824,238.69802131454202
2024-06-23 01:00:00+00:00,380.5240937982847,292.420983583061
2024-06-23 02:00:00+00:00,280.41774243709193,263.95150625299914
2024-06-23 03:00:00+00:00,231.88532647335975,213.28694945877945
2024-06-23 04:00:00+00:00,185.22643848380636,210.52412227057744
2024-06-23 05:00:00+00:00,136.07354520121487,213.84660800114105
2024-06-23 06:00:00+00:00,112.36060906441708,178.85460719612658
2024-06-23 07:00:00+00:00,97.43229079815542,151.81729835001943
2024-06-23 08:00:00+00:00,87.10093701295703,150.13169410528926
2024-06-23 09:00:00+00:00,114.5216351849357,177.05404240011683
2024-06-23 10:00:00+00:00,124.86402053818617,187.00122666630847
2024-06-23 11:00:00+00:00,162.69871853562185,198.15210983600767
2024-06-23 12:00:00+00:00,223.9387267502275,201.50256155926473
2024-06-23 13:00:00+00:00,223.49243208482216,271.4271838188905
2024-06-23 14:00:00+00:00,187.71754073262022,332.5094115799091
2024-06-23 15:00:00+00:00,190.2468663970531,380.26037642254835
2024-06-23 16:00:00+00:00,127.37563763285127,387.70455595860676
2024-06-23 17:00:00+00:00,64.27720332204163,330.7642949285822
2024-06-23 18:00:00+00:00,22.975980216449997,229.87407324277632
2024-06-23 19:00:00+00:00,0.0,149.7473794340713
2024-06-23 20:00:00+00:00,10.875414512863552,100.45359778647253
2024-06-23 21:00:00+00:00,0.0,73.7152057273205
2024-06-23 22:00:00+00:00,0.0,65.91579034635681
2024-06-23 23:00:00+00:00,0.0,66.72080450973647
2024-06-24 00:00:00+00:00,0.0,67.26609298318813
2024-06-24 01:00:00+00:00,0.0,76.87613704680557
2024-06-24 02:00:00+00:00,0.0,74.33326384265958
2024-06-24 03:00:00+00:00,0.0,62.019130852310425
2024-06-24 04:00:00+00:00,0.0,61.52880668283757
2024-06-24 05:00:00+00:00,0.0,58.4753847677899
2024-06-24 06:00:00+00:00,0.0,68.93098884578544
2024-06-24 07:00:00+00:00,0.0,87.84064477730905
2024-06-24 08:00:00+00:00,0.0,90.98822209336267
2024-06-24 09:00:00+00:00,0.0,108.24178201509369
2024-06-24 10:00:00+00:00,0.0,100.82451007018862
2024-06-24 11:00:00+00:00,0.0,86.51405033497564
2024-06-24 12:00:00+00:00,0.0,107.63417485896184
2024-06-24 13:00:00+00:00,1.4285212511475636,131.67820318953335
2024-06-24 14:00:00+00:00,48.59447458203397,151.02491242901516
2024-06-24 15:00:00+00:00,105.46220184251435,176.99177210150702
2024-06-24 16:00:00+00:00,169.0204844064512,223.71574876177124
2024-06-24 17:00:00+00:00,199.80223646111418,274.7918120747759
2024-06-24 18:00:00+00:00,236.6730270079639,300.2797178343398
2024-06-24 19:00:00+00:00,324.7354220279427,304.3562209180774
2024-06-24 20:00:00+00:00,409.32144578143834,385.1621665951648
2024-06-24 21:00:00+00:00,481.43925747238376,475.83749495323445
2024-06-24 22:00:00+00:00,616.8356434162612,527.8218724199311
2024-06-24 23:00:00+00:00,680.9576004004032,551.6884279802612
2024-06-25 00:00:00+00:00,654.4734666312236,531.8916501178825
2024-06-25 01:00:00+00:00,683.915318624192,490.4463876346985
2024-06-25 02:00:00+00:00,595.7719770544276,412.98687780302464
2024-06-25 03:00:00+00:00,487.37172511274355,397.16760921633727
2024-06-25 04:00:00+00:00,507.3971177077805,352.1691173708336
2024-06-25 05:00:00+00:00,407.4345638038281,325.2931210154529
2024-06-25 06:00:00+00:00,378.947450480104,271.95098976508285
2024-06-25 07:00:00+00:00,254.6657080371933,162.3998138446843
2024-06-25 08:00:00+00:00,132.75807516085982,138.88994565137156
2024-06-25 09:00:00+00:00,123.13370941240284,163.00475987694395
2024-06-25 10:00:00+00:00,147.37229009006833,218.31144163394015
2024-06-25 11:00:00+00:00,227.4935044028001,258.7597019623819
2024-06-25 12:00:00+00:00,376.45073567912334,319.3869743093929
2024-06-25 13:00:00+00:00,683.9022065411126,390.89413064777096
2024-06-25 14:00:00+00:00,1151.3507262155122,633.4607970795955
2024-06-25 15:00:00+00:00,1554.3168759653313,694.4195486929434
2024-06-25 16:00:00+00:00,2042.884219841825,715.9254454582685
2024-06-25 17:00:00+00:00,2152.351630840337,665.3032247256522
2024-06-25 18:00:00+00:00,1937.0376791360575,585.4646701522198
2024-06-25 19:00:00+00:00,1809.7179009124875,565.8585255272325
2024-06-25 20:00:00+00:00,1839.962783321949,604.7390452064479
2024-06-25 21:00:00+00:00,1713.4289559380195,801.5365583193759
2024-06-25 22:00:00+00:00,1537.274941919538,928.8869636595116
2024-06-25 23:00:00+00:00,1226.9859630566784,838.0311627188355
2024-06-26 00:00:00+00:00,1038.0909717787447,624.6281398751571
2024-06-26 01:00:00+00:00,879.1532679957919,475.98221170781244
2024-06-26 02:00:00+00:00,806.9930718591728,447.5272012148013
2024-06-26 03:00:00+00:00,597.6428922888045,447.5487805102015
2024-06-26 04:00:00+00:00,522.0288476704752,410.830399785124
2024-06-26 05:00:00+00:00,465.76388311107746,385.3414779600816
2024-06-26 06:00:00+00:00,326.9749271106564,259.9260967476081
2024-06-26 07:00:00+00:00,224.3918919536302,107.83971039003751
2024-06-26 08:00:00+00:00,175.52107780149328,107.49347398222739
2024-06-26 09:00:00+00:00,166.502383846352,187.56306249183825
2024-06-26 10:00:00+00:00,185.11292945463887,256.8819645740779
2024-06-26 11:00:00+00:00,252.99036121538876,289.5634687690786
2024-06-26 12:00:00+00:00,289.15542171132756,236.05029982983083
2024-06-26 13:00:00+00:00,253.64083665789843,241.45973566912474
2024-06-26 14:00:00+00:00,265.300429943824,249.87270944687992
2024-06-26 15:00:00+00:00,316.026966732231,259.42430555344947
2024-06-26 16:00:00+00:00,374.11146264323685,249.64941696196604
2024-06-26 17:00:00+00:00,462.0093760158777,301.15653395819885
2024-06-26 18:00:00+00:00,477.32477289337913,355.7093314182147
2024-06-26 19:00:00+00:00,393.30832641667786,356.70459174642235
2024-06-26 20:00:00+00:00,303.9094666040032,379.2355050432535
2024-06-26 21:00:00+00:00,205.03516721157476,384.49441803952095
2024-06-26 22:00:00+00:00,132.1798855195335,361.14465273517465
2024-06-26 23:00:00+00:00,109.65535891999568,338.2282151653654
2024-06-27 00:00:00+00:00,128.28874180951317,254.24571011405246
2024-06-27 01:00:00+00:00,189.5944555917273,242.75744482142704
2024-06-27 02:00:00+00:00,293.3448048313174,242.67877232295035
2024-06-27 03:00:00+00:00,442.87686305607383,252.8010101558632
2024-06-27 04:00:00+00:00,660.8321979318414,294.4798709309571
2024-06-27 05:00:00+00:00,517.8024991206968,346.9477020291291
2024-06-27 06:00:00+00:00,662.2597699291077,271.51393645712466
2024-06-27 07:00:00+00:00,387.4506605491625,157.80623020054054
2024-06-27 08:00:00+00:00,383.4372986773019,182.0643580426492
2024-06-27 09:00:00+00:00,667.8676772251983,234.18315855294532
2024-06-27 10:00:00+00:00,750.0830508731506,260.2110305382165
2024-06-27 11:00:00+00:00,1010.8400956458748,457.3719080198776
2024-06-27 12:00:00+00:00,1266.2762474281442,756.8326770785615
2024-06-27 13:00:00+00:00,1618.0713075506853,714.9519579617426
2024-06-27 14:00:00+00:00,2210.586310905876,609.4278487011464
2024-06-27 15:00:00+00:00,2477.8808177352903,599.3324156432374
2024-06-27 16:00:00+00:00,2810.779285625317,649.1858618812066
2024-06-27 17:00:00+00:00,2705.418714522686,695.3575706658634
2024-06-27 18:00:00+00:00,2835.501803775162,877.1410712758357
2024-06-27 19:00:00+00:00,3036.6034186390075,889.272893088903
2024-06-27 20:00:00+00:00,3068.4033650712495,913.0551152145191
2024-06-27 21:00:00+00:00,2831.171042401452,905.2808595501655
2024-06-27 22:00:00+00:00,2778.8310904013574,815.6894311372835
2024-06-27 23:00:00+00:00,2308.4730914213615,817.831877774767
2024-06-28 00:00:00+00:00,1518.0648209108062,874.7213839149379
2024-06-28 01:00:00+00:00,1690.6706375102901,1072.6155219835698
2024-06-28 02:00:00+00:00,2148.389169010541,1116.1484119524696
2024-06-28 03:00:00+00:00,1961.8805768530674,963.1147259764792
2024-06-28 04:00:00+00:00,2088.4277582404284,891.3320223571511
2024-06-28 05:00:00+00:00,2299.430302199159,941.4091481525974
2024-06-28 06:00:00+00:00,2119.765152959609,946.616919186448
2024-06-28 07:00:00+00:00,1892.6168447071057,1026.2929032833233
2024-06-28 08:00:00+00:00,1984.7619843559041,1052.090709013824
2024-06-28 09:00:00+00:00,1705.0685756447933,1008.7808696094859
2024-06-28 10:00:00+00:00,1510.3831723572057,846.9955697469836
2024-06-28 11:00:00+00:00,1798.6662050871162,1110.9555432123034
2024-06-28 12:00:00+00:00,1514.7221590228842,932.6498895829616
2024-06-28 13:00:00+00:00,1120.0136218007535,799.4658168742309
2024-06-28 14:00:00+00:00,1581.564849053977,790.7440075750877
2024-06-28 15:00:00+00:00,1799.4357053428193,970.4023346607107
2024-06-28 16:00:00+00:00,1616.12510670276,1119.4562373097008
2024-06-28 17:00:00+00:00,1269.3959555196452,899.2194967462498
2024-06-28 18:00:00+00:00,1134.4508478004245,589.6740842773569
2024-06-28 19:00:00+00:00,883.7416261603321,286.4948058718537
2024-06-28 20:00:00+00:00,907.3017654027944,184.8062833124367
2024-06-28 21:00:00+00:00,816.1035987799406,184.51418867940853
2024-06-28 22:00:00+00:00,731.9684419865034,204.43164850939203
2024-06-28 23:00:00+00:00,623.681118465142,201.06976604950208
2024-06-29 00:00:00+00:00,449.54931666919043,171.49142259392426
2024-06-29 01:00:00+00:00,198.35177879854686,87.92144617488353
2024-06-29 02:00:00+00:00,49.75607934429017,47.049196237492644
2024-06-29 03:00:00+00:00,62.768684774989644,72.87390351113793
2024-06-29 04:00:00+00:00,113.6161756913976,109.91882227936237
2024-06-29 05:00:00+00:00,204.84888854051985,128.3451697316217
2024-06-29 06:00:00+00:00,175.47588707973605,125.96341548192059
2024-06-29 07:00:00+00:00,115.20510856346083,88.53737539112484
2024-06-29 08:00:00+00:00,132.19265891412016,103.32238004085022
2024-06-29 09:00:00+00:00,96.99131838049452,118.1160514871867
2024-06-29 10:00:00+00:00,36.98200738068181,109.77125086463056
2024-06-29 11:00:00+00:00,21.6583852112117,116.5038942613296
2024-06-29 12:00:00+00:00,16.80226960105649,135.365601579083
2024-06-29 13:00:00+00:00,35.80172636724971,164.4565239094122
2024-06-29 14:00:00+00:00,70.63641846336358,224.4182854640355
2024-06-29 15:00:00+00:00,99.43423009518611,264.66720342241325
2024-06-29 16:00:00+00:00,177.26261403161033,356.7961827916969
2024-06-29 17:00:00+00:00,247.59824687329942,421.42665635578356
2024-06-29 18:00:00+00:00,305.8263467052639,465.2741879345199
2024-06-29 19:00:00+00:00,607.6270903688551,591.8170631396149
2024-06-29 20:00:00+00:00,917.3217193108735,720.7909959621525
2024-06-29 21:00:00+00:00,735.9869809538972,806.8636444708424
2024-06-29 22:00:00+00:00,682.5666610457545,639.4382619054309
2024-06-29 23:00:00+00:00,486.30117917098744,422.05279461088014
2024-06-30 00:00:00+00:00,367.7099598243819,291.75473493359965
2024-06-30 01:00:00+00:00,508.819560993584,341.5219607581091
2024-06-30 02:00:00+00:00,681.6892643130506,364.48571794877336
2024-06-30 03:00:00+00:00,1139.8516712751866,390.1168405567327
2024-06-30 04:00:00+00:00,1252.2087724944995,489.615633145864
2024-06-30 05:00:00+00:00,1140.5637880233908,545.2811674570281
2024-06-30 06:00:00+00:00,921.6531580615691,529.3842424373426
2024-06-30 07:00:00+00:00,653.5789903216671,505.96490083975544
2024-06-30 08:00:00+00:00,517.2337443730993,490.5796857486612
2024-06-30 09:00:00+00:00,392.07579060720957,452.0925769458997
2024-06-30 10:00:00+00:00,276.70745838224127,491.48698383687463
2024-06-30 11:00:00+00:00,315.2006635778737,497.66354911242195
2024-06-30 12:00:00+00:00,269.62703028747916,496.3621143866986
2024-06-30 13:00:00+00:00,265.8177524245822,468.48234210671916
2024-06-30 14:00:00+00:00,236.79040676276367,571.4188228980456
2024-06-30 15:00:00+00:00,252.90143129398643,557.0659787171589
2024-06-30 16:00:00+00:00,571.5817320630955,390.0687467907513
2024-06-30 17:00:00+00:00,629.6926940606122,317.17383854504925
2024-06-30 18:00:00+00:00,605.6551008114044,338.41105856742166
2024-06-30 19:00:00+00:00,767.613422109671,344.93153781539974
2024-06-30 20:00:00+00:00,986.8409193485677,358.1323088958998
2024-06-30 21:00:00+00:00,1213.5900590202393,450.24343454320444
2024-06-30 22:00:00+00:00,1357.9040645961845,528.6671905139572
2024-06-30 23:00:00+00:00,1201.779410666513,557.6826336944563
2024-07-01 00:00:00+00:00,1063.0099292544294,544.6062096748941
2024-07-01 01:00:00+00:00,1166.9584596463937,613.4449361464282
2024-07-01 02:00:00+00:00,1420.646107892408,687.7362570480564
2024-07-01 03:00:00+00:00,1440.964998258515,753.6689394829929
2024-07-01 04:00:00+00:00,1160.251363038868,681.4983407712369
2024-07-01 05:00:00+00:00,810.9290192183871,542.2693074584574
2024-07-01 06:00:00+00:00,886.4107817882323,464.8862444580216
2024-07-01 07:00:00+00:00,915.5899566629781,649.8571424739899
2024-07-01 08:00:00+00:00,806.6677373697771,795.4690991225893
2024-07-01 09:00:00+00:00,833.5780864151445,796.6032217328561
2024-07-01 10:00:00+00:00,728.57889593436,875.0158493674159
2024-07-01 11:00:00+00:00,574.7594526550107,711.0343481652113
2024-07-01 12:00:00+00:00,531.5240763350242,722.5990602890748
2024-07-01 13:00:00+00:00,770.6151698375273,772.245616241997
2024-07-01 14:00:00+00:00,862.2264880375599,785.1836134361338
2024-07-01 15:00:00+00:00,758.9358842349474,746.4071195082867
2024-07-01 16:00:00+00:00,932.190144145984,804.9703274118684
2024-07-01 17:00:00+00:00,1235.2053521687476,930.9622532072746
2024-07-01 18:00:00+00:00,1428.7702771539225,967.0409965216128
2024-07-01 19:00:00+00:00,1599.0967201966798,992.9748582580892
2024-07-01 20:00:00+00:00,1604.9926094798143,803.560947825074
2024-07-01 21:00:00+00:00,1705.3263659719053,770.8592190886445
2024-07-01 22:00:00+00:00,1326.8420720057422,807.7976021818483
2024-07-01 23:00:00+00:00,1066.4427790495843,871.5481630415702
2024-07-02 00:00:00+00:00,1143.6342411312207,810.06081545906
2024-07-02 01:00:00+00:00,1161.940160632245,785.6464070695469
2024-07-02 02:00:00+00:00,1296.5711589664033,782.4723636669823
2024-07-02 03:00:00+00:00,1131.3899747385349,594.4949762842581
2024-07-02 04:00:00+00:00,1454.1339810047596,494.050033198379
2024-07-02 05:00:00+00:00,1544.7813433701358,449.0799911862729
2024-07-02 06:00:00+00:00,1557.0086753381804,613.093183954592
2024-07-02 07:00:00+00:00,1530.057006296688,653.0416852198321
2024-07-02 08:00:00+00:00,1787.4033611785023,711.4790945403637
2024-07-02 09:00:00+00:00,1780.2024567484345,780.3589958558115
2024-07-02 10:00:00+00:00,1834.800009473574,845.6814583948144
2024-07-02 11:00:00+00:00,2040.499852852322,1036.6998329864925
2024-07-02 12:00:00+00:00,1865.218881000208,991.1188453173966
2024-07-02 13:00:00+00:00,1536.386997459486,979.5165387708292
2024-07-02 14:00:00+00:00,1142.0106652647482,834.5466387364893
2024-07-02 15:00:00+00:00,1093.9999263481106,866.4205160283085
2024-07-02 16:00:00+00:00,1305.3734793586984,889.2061230717457
2024-07-02 17:00:00+00:00,1210.5401207582609,808.114904915557
2024-07-02 18:00:00+00:00,1063.669113829612,752.4843522872949
2024-07-02 19:00:00+00:00,839.0052308242063,669.9864640522544
2024-07-02 20:00:00+00:00,597.7871735867488,434.2154854608651
2024-07-02 21:00:00+00:00,567.3155634233748,338.1744120790763
2024-07-02 22:00:00+00:00,624.9009292640942,342.6969679078672
2024-07-02 23:00:00+00:00,621.3006705853419,375.50281916380584
2024-07-03 00:00:00+00:00,613.1988063802836,446.1610286028776
2024-07-03 01:00:00+00:00,728.5041425455861,364.04406815412676
2024-07-03 02:00:00+00:00,914.3849030054993,390.42199888876996
2024-07-03 03:00:00+00:00,1133.626673545165,396.60064467934467
2024-07-03 04:00:00+00:00,1481.5745226936126,440.95480585927993
2024-07-03 05:00:00+00:00,1751.206851036801,588.0651204001465
2024-07-03 06:00:00+00:00,1898.3548083844419,671.1744865169511
2024-07-03 07:00:00+00:00,1779.6977141259815,702.5224773475506
2024-07-03 08:00:00+00:00,1328.7761768360667,815.3170673314553
2024-07-03 09:00:00+00:00,1093.983669300455,848.2807474250513
2024-07-03 10:00:00+00:00,977.3243533089706,760.7289495000446
2024-07-03 11:00:00+00:00,672.1510222099125,664.0907199213311
2024-07-03 12:00:00+00:00,423.9073076453902,461.9544117118989
2024-07-03 13:00:00+00:00,478.22060395690687,404.80590564285603
2024-07-03 14:00:00+00:00,587.689853550094,372.8334699996241
2024-07-03 15:00:00+00:00,939.7731859641016,482.6264090238132
2024-07-03 16:00:00+00:00,2060.036179263717,651.2169283886204
2024-07-03 17:00:00+00:00,2310.1154403071505,715.9836514949644
2024-07-03 18:00:00+00:00,2698.383477149681,688.5700113492559
2024-07-03 19:00:00+00:00,3063.5597325512585,643.0212958551194
2024-07-03 20:00:00+00:00,3225.7487490972107,912.3431920025965
2024-07-03 21:00:00+00:00,3275.9030958690214,1331.885724272783
2024-07-03 22:00:00+00:00,3303.36821666564,1488.3449056652266
2024-07-03 23:00:00+00:00,3368.1467454851622,1547.7038379906705
2024-07-04 00:00:00+00:00,3585.136140779387,1526.2676626707976
2024-07-04 01:00:00+00:00,3523.6016671123034,1663.79947956195
2024-07-04 02:00:00+00:00,3444.4089431106217,1705.0972190144726
2024-07-04 03:00:00+00:00,3074.5791078176,1739.2091498668933
2024-07-04 04:00:00+00:00,3097.102086126885,1727.9281135478077
2024-07-04 05:00:00+00:00,3383.106712981477,1627.483944607055
2024-07-04 06:00:00+00:00,2905.0355190339774,1648.0042094741827
2024-07-04 07:00:00+00:00,2877.5413677951165,1586.3538075744116
2024-07-04 08:00:00+00:00,2434.9925971204516,1535.0231472829416
2024-07-04 09:00:00+00:00,2017.266209316945,1153.3013783979147
2024-07-04 10:00:00+00:00,1582.1815524153446,1041.0186918788831
2024-07-04 11:00:00+00:00,1440.0132835936706,1085.1579310180844
2024-07-04 12:00:00+00:00,1274.700204389881,947.9958651929583
2024-07-04 13:00:00+00:00,1185.1950931585995,901.9615187841781
2024-07-04 14:00:00+00:00,1050.033515108392,997.1026968405253
2024-07-04 15:00:00+00:00,1460.565965787969,1251.9242741605246
2024-07-04 16:00:00+00:00,1821.4961319390432,1357.8640025858901
2024-07-04 17:00:00+00:00,2493.119477477131,1238.876541894712
2024-07-04 18:00:00+00:00,3223.613463302147,1507.8256871637977
2024-07-04 19:00:00+00:00,3185.4695910948303,1418.7764506438614
2024-07-04 20:00:00+00:00,3319.7278385505974,1409.61037881027
2024-07-04 21:00:00+00:00,3063.5289602824814,1370.4204430008217
2024-07-04 22:00:00+00:00,2823.3363066490933,1394.9136206569524
2024-07-04 23:00:00+00:00,2560.171283460509,1380.1753489712285
2024-07-05 00:00:00+00:00,2540.7946244814475,1488.176722636503
2024-07-05 01:00:00+00:00,2860.2638033264566,1585.686204170979
2024-07-05 02:00:00+00:00,3082.9141348579346,1613.959338943342
2024-07-05 03:00:00+00:00,3134.2693742571696,1535.2886790613181
2024-07-05 04:00:00+00:00,3036.9043675569196,1370.059013994905
2024-07-05 05:00:00+00:00,2831.9529289791785,1270.398183153991
2024-07-05 06:00:00+00:00,2618.1321096875627,1172.7175187784262
2024-07-05 07:00:00+00:00,2502.7138451019377,1187.9141811471563
2024-07-05 08:00:00+00:00,2859.7013868920817,1372.6860754815536
2024-07-05 09:00:00+00:00,2754.2997860977484,1388.8388070814644
2024-07-05 10:00:00+00:00,2880.115206804321,1453.5991434905152
2024-07-05 11:00:00+00:00,2915.3800332863257,1542.8930098704134
2024-07-05 12:00:00+00:00,2781.882964026152,1418.6162026026839
2024-07-05 13:00:00+00:00,2634.582306552317,1240.3727708878814
2024-07-05 14:00:00+00:00,3113.183789911443,1262.425746337263
2024-07-05 15:00:00+00:00,3166.8163707364474,1292.2935233019969
2024-07-05 16:00:00+00:00,3238.0892030218597,1283.768443633116
2024-07-05 17:00:00+00:00,2988.2193482351336,1242.4528988426848
2024-07-05 18:00:00+00:00,2885.3482343229225,1150.3755936605924
2024-07-05 19:00:00+00:00,2854.593964420249,1057.5699146826403
2024-07-05 20:00:00+00:00,2842.9010828938854,901.3494602935691
2024-07-05 21:00:00+00:00,2644.8174728055524,918.2805948181375
2024-07-05 22:00:00+00:00,2357.5283456498782,880.3744819327858
2024-07-05 23:00:00+00:00,2261.0640568042663,945.2558752859869
2024-07-06 00:00:00+00:00,2385.7424518563485,1026.8417721779847
2024-07-06 01:00:00+00:00,2449.1751293735165,1114.5122562276922
2024-07-06 02:00:00+00:00,2921.717378827825,1127.5450861998206
2024-07-06 03:00:00+00:00,3309.0949552386423,1122.5034660637368
2024-07-06 04:00:00+00:00,3318.374632869542,1003.0141657943299
2024-07-06 05:00:00+00:00,2970.855853657436,1129.2555598567383
2024-07-06 06:00:00+00:00,2962.2659393342137,1250.2320896822196
2024-07-06 07:00:00+00:00,3051.5078412224984,1315.1990260718949
2024-07-06 08:00:00+00:00,3430.946559361448,1414.9139503035203
2024-07-06 09:00:00+00:00,3048.0648307725587,1490.6450843722268
2024-07-06 10:00:00+00:00,2855.4010107145855,1637.4599657792073
2024-07-06 11:00:00+00:00,2346.138348404243,1678.2626394233575
2024-07-06 12:00:00+00:00,1723.061643746586,1535.7672942857532
2024-07-06 13:00:00+00:00,1606.9089089722302,1426.0309646239368
2024-07-06 14:00:00+00:00,1432.777058792208,1262.8041097678213
2024-07-06 15:00:00+00:00,1807.888983051221,1234.8524387592217
2024-07-06 16:00:00+00:00,2545.970752333254,1654.4530319138928
2024-07-06 17:00:00+00:00,2842.2115131224896,1804.6996986664792
2024-07-06 18:00:00+00:00,2801.494188978532,1720.85900732552
2024-07-06 19:00:00+00:00,3294.91997090056,1832.8979348978569
2024-07-06 20:00:00+00:00,2917.0657342991963,1637.1648229497437
2024-07-06 21:00:00+00:00,2569.426769056207,1456.5017038740436
2024-07-06 22:00:00+00:00,2467.093879543169,1357.405902207306
2024-07-06 23:00:00+00:00,2732.2780667578477,1456.9150006034336
2024-07-07 00:00:00+00:00,2570.4976053023856,1433.6108130934076
2024-07-07 01:00:00+00:00,2484.312608982218,1247.074932320226
2024-07-07 02:00:00+00:00,2402.6385563139443,1228.8541687831128
2024-07-07 03:00:00+00:00,2078.127950869133,1211.8214277106963
2024-07-07 04:00:00+00:00,2033.6891175659912,1090.6769083927727
2024-07-07 05:00:00+00:00,2003.3569502935209,937.8441130770991
2024-07-07 06:00:00+00:00,1647.7437096391284,792.616035643084
2024-07-07 07:00:00+00:00,1337.316739407477,697.6737161160968
2024-07-07 08:00:00+00:00,1374.43951419299,746.7727579283288
2024-07-07 09:00:00+00:00,1163.8731042448796,847.6790431255088
2024-07-07 10:00:00+00:00,1257.891771867857,945.2431018914003
2024-07-07 11:00:00+00:00,1476.9482314178758,1010.3629319435518
2024-07-07 12:00:00+00:00,1542.9582315973178,919.6550894901708
2024-07-07 13:00:00+00:00,1534.6383003869494,888.3098565515843
2024-07-07 14:00:00+00:00,1649.227745846556,777.7251605993062
2024-07-07 15:00:00+00:00,2292.831102068634,830.2448110368808
2024-07-07 16:00:00+00:00,2206.9892455757704,825.0846499283077
2024-07-07 17:00:00+00:00,2842.939596613927,942.1750679870906
2024-07-07 18:00:00+00:00,3175.2442951919575,802.7271451398041
2024-07-07 19:00:00+00:00,3232.2116996854784,752.8164605465471
2024-07-07 20:00:00+00:00,3266.424462940621,669.8206034589099
2024-07-07 21:00:00+00:00,3206.8450927904173,939.1677077070675
2024-07-07 22:00:00+00:00,3150.4261701189944,1015.7904634251768
2024-07-07 23:00:00+00:00,2960.5583687215203,1096.3764551182082
2024-07-08 00:00:00+00:00,2578.5729066527924,1061.4065779293858
2024-07-08 01:00:00+00:00,2074.9452467179663,964.3031355137392
2024-07-08 02:00:00+00:00,1669.3853237219364,762.5609155577465
2024-07-08 03:00:00+00:00,1317.7601884546534,650.7007187414814
2024-07-08 04:00:00+00:00,1002.1829274647913,514.9418877262086
2024-07-08 05:00:00+00:00,863.9481867988113,368.71840481177463
2024-07-08 06:00:00+00:00,539.1423417563958,323.4679287276076
2024-07-08 07:00:00+00:00,376.3445810286572,304.14826618348155
2024-07-08 08:00:00+00:00,340.0904938431753,306.22012046224586
2024-07-08 09:00:00+00:00,343.61924086587067,333.779154739518
2024-07-08 10:00:00+00:00,301.11683482843245,309.64827700257155
2024-07-08 11:00:00+00:00,300.9490388722718,296.4208946833493
2024-07-08 12:00:00+00:00,277.5906612033936,265.1353193035707
2024-07-08 13:00:00+00:00,208.16687455253592,231.9671681284479
2024-07-08 14:00:00+00:00,112.4596028724634,174.0760028667584
2024-07-08 15:00:00+00:00,47.74997901720475,126.61839064297784
2024-07-08 16:00:00+00:00,21.462332957935207,81.57752039980919
2024-07-08 17:00:00+00:00,0.16385838349355544,54.08394976979349
2024-07-08 18:00:00+00:00,30.233977849594318,87.14720428028073
2024-07-08 19:00:00+00:00,99.32236612441235,134.6889503544848
2024-07-08 20:00:00+00:00,238.00774997412515,188.611642065631
2024-07-08 21:00:00+00:00,441.11239277658535,290.97178390632416
2024-07-08 22:00:00+00:00,720.2484169966434,402.69060246886903
2024-07-08 23:00:00+00:00,1082.9060396133473,521.2118342576354
2024-07-09 00:00:00+00:00,1242.551408810027,565.3198656714261
2024-07-09 01:00:00+00:00,991.4460184014677,517.0869471034939
2024-07-09 02:00:00+00:00,829.9381527986611,523.8291221620625
2024-07-09 03:00:00+00:00,1064.6828568727137,547.6987259188281
2024-07-09 04:00:00+00:00,1584.6211740132487,665.2190364431494
2024-07-09 05:00:00+00:00,1901.8245268412445,716.9371079863431
2024-07-09 06:00:00+00:00,1923.2478319983902,729.25815989876
2024-07-09 07:00:00+00:00,1580.7760919382529,540.3616687146439
2024-07-09 08:00:00+00:00,1096.2445601422871,359.4796117203661
2024-07-09 09:00:00+00:00,904.6056114636091,279.95081196565934
2024-07-09 10:00:00+00:00,709.8680501481259,264.8025820514033
2024-07-09 11:00:00+00:00,421.9516235196656,272.77584139732807
2024-07-09 12:00:00+00:00,420.8820452593176,338.48198961463373
2024-07-09 13:00:00+00:00,414.07885788796966,296.9234116385639
2024-07-09 14:00:00+00:00,329.5308640138114,316.9892049323881
2024-07-09 15:00:00+00:00,514.6332941251727,306.49794179450487
2024-07-09 16:00:00+00:00,348.13918395485973,297.2105710964109
2024-07-09 17:00:00+00:00,570.8129575684484,426.9883084805681
2024-07-09 18:00:00+00:00,272.5245587276856,297.9656045150633
2024-07-09 19:00:00+00:00,253.45978346644713,804.8424966978614
2024-07-09 20:00:00+00:00,221.74131580876517,742.30197305487
2024-07-09 21:00:00+00:00,302.2944063339219,435.53312885017385
2024-07-09 22:00:00+00:00,615.8604140932007,442.27690058306575
2024-07-09 23:00:00+00:00,852.4949999572287,366.7231425164597
2024-07-10 00:00:00+00:00,1042.5120178278282,578.9622381625024
2024-07-10 01:00:00+00:00,1316.9552710594146,605.1779371090814
2024-07-10 02:00:00+00:00,1532.2232578968103,668.1193227753689
2024-07-10 03:00:00+00:00,1460.0373214347362,632.642138608362
2024-07-10 04:00:00+00:00,1695.0294616448343,630.2603843586609
2024-07-10 05:00:00+00:00,1672.447261233375,637.8771982579203
2024-07-10 06:00:00+00:00,1553.6854638465607,691.2066044977742
2024-07-10 07:00:00+00:00,1636.8785827892345,660.3350516084416
2024-07-10 08:00:00+00:00,1916.5239945025046,644.7146415511141
2024-07-10 09:00:00+00:00,1948.9074528238175,708.4630735117382
2024-07-10 10:00:00+00:00,2156.1393294078334,787.2595803608824
2024-07-10 11:00:00+00:00,2056.554848630017,743.2563972276569
2024-07-10 12:00:00+00:00,2268.8364738739447,783.7515901043903
2024-07-10 13:00:00+00:00,2765.6570757117906,1025.1679736464332
2024-07-10 14:00:00+00:00,2726.4203041221913,1194.9764168314466
2024-07-10 15:00:00+00:00,2999.6995333880013,1264.2006675759587
2024-07-10 16:00:00+00:00,3367.034686011,1168.250991703163
2024-07-10 17:00:00+00:00,3516.3816025903557,1122.944341713257
2024-07-10 18:00:00+00:00,3515.983691995354,1159.8474528191364
2024-07-10 19:00:00+00:00,3316.2453466992083,1073.0062717361513
2024-07-10 20:00:00+00:00,3122.198903445374,841.1363555892153
2024-07-10 21:00:00+00:00,2812.119137302941,725.0450202002019
2024-07-10 22:00:00+00:00,2651.7720055491236,678.8237661274516
2024-07-10 23:00:00+00:00,2518.432474822185,676.2538946120202
2024-07-11 00:00:00+00:00,2351.476079051198,809.9993193055767
2024-07-11 01:00:00+00:00,1949.2482702157422,853.9911321822573
2024-07-11 02:00:00+00:00,1622.3492335195144,803.7899496302955
2024-07-11 03:00:00+00:00,1148.9300711732064,655.9578899112144
2024-07-11 04:00:00+00:00,875.921792701658,571.7494796351857
2024-07-11 05:00:00+00:00,676.3185357300798,524.0631075265356
2024-07-11 06:00:00+00:00,818.486223942909,522.2376733183384
2024-07-11 07:00:00+00:00,843.0302048729637,510.17687932062387
2024-07-11 08:00:00+00:00,655.721001502517,498.8295568250849
2024-07-11 09:00:00+00:00,595.963723125438,491.47101709364136
2024-07-11 10:00:00+00:00,485.74214962154105,506.7452875112995
2024-07-11 11:00:00+00:00,494.391818271712,564.5694771235325
2024-07-11 12:00:00+00:00,468.8323524720208,559.0161470588574
2024-07-11 13:00:00+00:00,439.72115721619235,497.8001373431721
2024-07-11 14:00:00+00:00,303.7242523824972,446.2751666249603
2024-07-11 15:00:00+00:00,217.3794918618559,385.4841141996322
2024-07-11 16:00:00+00:00,151.85517098112805,307.60138890413566
2024-07-11 17:00:00+00:00,124.08639175865511,233.53882788737693
2024-07-11 18:00:00+00:00,127.76900012523477,194.23319366957548
2024-07-11 19:00:00+00:00,175.68539010458485,182.37740297816225
2024-07-11 20:00:00+00:00,228.74665182626046,195.04783626296552
2024-07-11 21:00:00+00:00,296.0696021401819,179.13407358677935
2024-07-11 22:00:00+00:00,338.45946682986073,186.2549991484695
2024-07-11 23:00:00+00:00,544.5048934314684,195.20450388293327
2024-07-12 00:00:00+00:00,721.4571962275435,196.40075163959864
2024-07-12 01:00:00+00:00,804.098736767613,251.80841095152772
2024-07-12 02:00:00+00:00,967.3310106396136,285.0532508782407
2024-07-12 03:00:00+00:00,1080.1086661988768,298.6023872656487
2024-07-12 04:00:00+00:00,1219.680161961975,381.6203558734604
2024-07-12 05:00:00+00:00,1452.0896572620552,469.8893024899934
2024-07-12 06:00:00+00:00,1642.0850958372546,484.87684890643817
2024-07-12 07:00:00+00:00,1848.527150855998,551.030114318346
2024-07-12 08:00:00+00:00,1940.4139195688397,695.6409077821485
2024-07-12 09:00:00+00:00,1897.0991449893204,774.9081916363223
2024-07-12 10:00:00+00:00,1967.2544987846848,712.7643206025018
2024-07-12 11:00:00+00:00,1967.8786532928948,846.2727117351498
2024-07-12 12:00:00+00:00,1765.8457418419155,1061.2239764476817
2024-07-12 13:00:00+00:00,1669.1749497838202,1054.9968498185622
2024-07-12 14:00:00+00:00,1676.1865757304681,1007.8112528385923
2024-07-12 15:00:00+00:00,1632.1545556912818,976.4257643534298
2024-07-12 16:00:00+00:00,1909.5154651363625,1000.5410624197062
2024-07-12 17:00:00+00:00,2163.4933210366594,946.6134355333788
2024-07-12 18:00:00+00:00,2195.9973524614184,817.3398117787596
2024-07-12 19:00:00+00:00,1940.9583371290241,791.5967284318856
2024-07-12 20:00:00+00:00,1808.0548436445654,818.8835539290656
2024-07-12 21:00:00+00:00,1644.9743989854921,793.3340068638072
2024-07-12 22:00:00+00:00,1728.698581484919,719.8656506156784
2024-07-12 23:00:00+00:00,1602.4626064383956,808.1054216377578
2024-07-13 00:00:00+00:00,1344.8804275974328,725.8964346870989
2024-07-13 01:00:00+00:00,1285.8438299490197,761.3602648506743
2024-07-13 02:00:00+00:00,1555.796847910845,728.7035332997204
2024-07-13 03:00:00+00:00,1687.1283429478817,745.6395546153997
2024-07-13 04:00:00+00:00,1882.3243917145119,814.2501985790499
2024-07-13 05:00:00+00:00,1983.060800440504,932.9132924622403
2024-07-13 06:00:00+00:00,2412.276082529551,937.1808642400028
2024-07-13 07:00:00+00:00,2337.119170608398,935.960134143713
2024-07-13 08:00:00+00:00,2405.758941782431,914.6095986284548
2024-07-13 09:00:00+00:00,2362.318755692425,1044.8189703046849
2024-07-13 10:00:00+00:00,2123.465760200379,1191.3906733738156
2024-07-13 11:00:00+00:00,2036.7688604153384,1307.600598119389
2024-07-13 12:00:00+00:00,2009.572174441321,1368.0675256570814
2024-07-13 13:00:00+00:00,1796.5398219610067,1424.3691653418452
2024-07-13 14:00:00+00:00,1959.6895526088983,1589.8125912313028
2024-07-13 15:00:00+00:00,2409.2880758776896,1558.444908084049
2024-07-13 16:00:00+00:00,2403.1156232481267,1621.5058991723747
2024-07-13 17:00:00+00:00,2102.0463257688657,1473.6586952392572
2024-07-13 18:00:00+00:00,1996.4560270999573,1305.4423782749536
2024-07-13 19:00:00+00:00,1993.7114890903679,1183.099966141971
2024-07-13 20:00:00+00:00,2039.378890709205,1044.906545472116
2024-07-13 21:00:00+00:00,1969.071998005336,940.4593688505693
2024-07-13 22:00:00+00:00,1837.310175046127,975.3923773777439
2024-07-13 23:00:00+00:00,1981.6948213648618,1045.1735287726046
2024-07-14 00:00:00+00:00,2088.477690601085,965.2639463838193
2024-07-14 01:00:00+00:00,1975.6934548082468,1000.9852281860137
2024-07-14 02:00:00+00:00,1872.009488513251,1052.6995741557864
2024-07-14 03:00:00+00:00,1818.4357427178575,1110.1501419763606
2024-07-14 04:00:00+00:00,1971.2028324659225,1064.9574848563261
2024-07-14 05:00:00+00:00,2271.1608446161467,1114.3577175068222
2024-07-14 06:00:00+00:00,2285.6437451782795,1080.250044452597
2024-07-14 07:00:00+00:00,1929.4866675725473,963.8997091347117
2024-07-14 08:00:00+00:00,1772.660734926442,821.6055449618467
2024-07-14 09:00:00+00:00,1113.1760817394188,846.144687484861
2024-07-14 10:00:00+00:00,985.3833008435806,813.2799044311705
2024-07-14 11:00:00+00:00,819.0557044515626,825.0109126050122
2024-07-14 12:00:00+00:00,823.3106963710201,878.4007989328709
2024-07-14 13:00:00+00:00,868.1817929591504,898.2435900462036
2024-07-14 14:00:00+00:00,1103.7392526478473,1011.2655851610065
2024-07-14 15:00:00+00:00,1569.3023902508191,1159.809422939799
2024-07-14 16:00:00+00:00,1726.5439420616935,1133.6597682493214
2024-07-14 17:00:00+00:00,1753.7934634405922,1080.515769767255
2024-07-14 18:00:00+00:00,1616.4006055996397,874.2328983401404
2024-07-14 19:00:00+00:00,1378.9552962519244,733.4230122950551
2024-07-14 20:00:00+00:00,1129.1407928417402,595.4003390096553
2024-07-14 21:00:00+00:00,923.4935913315917,558.7905805226346
2024-07-14 22:00:00+00:00,805.979715888634,568.4422832708698
2024-07-14 23:00:00+00:00,702.2585422434975,547.1735652186644
2024-07-15 00:00:00+00:00,538.2981364959891,504.1122747839911
2024-07-15 01:00:00+00:00,439.13019418027943,453.807550321365
2024-07-15 02:00:00+00:00,382.1867639936434,441.76804531462824
2024-07-15 03:00:00+00:00,381.71134211785494,426.6876982511488
2024-07-15 04:00:00+00:00,371.8353792032978,379.0654350357839
2024-07-15 05:00:00+00:00,353.70877106719047,336.3146251808922
2024-07-15 06:00:00+00:00,340.80164290997146,280.33382026697643
2024-07-15 07:00:00+00:00,266.5831884183715,206.96363529769718
2024-07-15 08:00:00+00:00,200.0507370467085,193.8437502868947
2024-07-15 09:00:00+00:00,189.4198858657101,210.84050570694836
2024-07-15 10:00:00+00:00,199.34849064886666,208.7376856231256
2024-07-15 11:00:00+00:00,143.5673667935077,181.3326941300018
2024-07-15 12:00:00+00:00,50.86126828045546,163.8534648558983
2024-07-15 13:00:00+00:00,40.6464233367896,158.7415426655178
2024-07-15 14:00:00+00:00,134.9698077871617,205.16684445917892
2024-07-15 15:00:00+00:00,192.74841960507422,225.16760956238028
2024-07-15 16:00:00+00:00,352.97430087845964,257.60637087616476
2024-07-15 17:00:00+00:00,284.08351314717106,247.14118675222923
2024-07-15 18:00:00+00:00,372.7310651146143,285.26778584641147
2024-07-15 19:00:00+00:00,668.7263009385855,525.7251487289792
2024-07-15 20:00:00+00:00,906.0328447723825,767.5970682938745
2024-07-15 21:00:00+00:00,1213.301786728773,671.7102433285332
2024-07-15 22:00:00+00:00,1483.3044467468328,551.6571718707802
2024-07-15 23:00:00+00:00,1737.7738848024328,654.7346438432636
2024-07-16 00:00:00+00:00,1762.2633852692127,834.8799082134311
2024-07-16 01:00:00+00:00,2099.514484132772,1019.2621172447955
2024-07-16 02:00:00+00:00,2499.7180969988112,1128.1673053452143
2024-07-16 03:00:00+00:00,3112.983479859971,1307.0221181736401
2024-07-16 04:00:00+00:00,3724.740440942219,1522.430902655911
2024-07-16 05:00:00+00:00,3759.5185236759603,1640.7669202231714
2024-07-16 06:00:00+00:00,3634.078756892003,1538.8763578817654
2024-07-16 07:00:00+00:00,3289.8148708641065,1489.2129158882722
2024-07-16 08:00:00+00:00,3037.8058595566845,1443.6621198791083
2024-07-16 09:00:00+00:00,2517.8836059275236,1372.6163056520313
2024-07-16 10:00:00+00:00,2599.9561497996433,1159.5959524211771
2024-07-16 11:00:00+00:00,2695.385019538612,1050.357591611957
2024-07-16 12:00:00+00:00,2717.118176282624,1053.020844383268
2024-07-16 13:00:00+00:00,2141.828482600057,1029.676498094807
2024-07-16 14:00:00+00:00,2485.1438473117564,1070.2243812242102
2024-07-16 15:00:00+00:00,2690.9334915251743,1083.9980680823626
2024-07-16 16:00:00+00:00,3166.0495799886867,1139.1541665162445
2024-07-16 17:00:00+00:00,3010.0779164896326,1168.0550362180272
2024-07-16 18:00:00+00:00,3024.6531338580953,1180.7392105788251
2024-07-16 19:00:00+00:00,2648.4273115302444,1104.488915434685
2024-07-16 20:00:00+00:00,2513.062230079918,1153.6639686215215
2024-07-16 21:00:00+00:00,2478.963072622084,1394.4494238854977
2024-07-16 22:00:00+00:00,2166.3723667619715,1467.3175757402664
2024-07-16 23:00:00+00:00,1756.8577233874103,1329.536000277689
2024-07-17 00:00:00+00:00,1642.297211601905,1025.916088143018
2024-07-17 01:00:00+00:00,1405.2223306972019,816.5167987411897
2024-07-17 02:00:00+00:00,1234.419498097248,774.71983245024
2024-07-17 03:00:00+00:00,1043.1377206262912,786.8234463502619
2024-07-17 04:00:00+00:00,901.6426677602166,755.6827812613429
2024-07-17 05:00:00+00:00,710.3969364217107,627.4514955354343
2024-07-17 06:00:00+00:00,521.284749051734,489.59671497433607
2024-07-17 07:00:00+00:00,394.80978088945085,388.22120106237935
2024-07-17 08:00:00+00:00,355.18825917200013,389.77326527279484
2024-07-17 09:00:00+00:00,358.1228498101359,423.47727002764054
2024-07-17 10:00:00+00:00,405.0804610503628,420.180427854391
2024-07-17 11:00:00+00:00,493.08341623985046,429.96170314316777
2024-07-17 12:00:00+00:00,444.60707741371635,419.10267268614473
2024-07-17 13:00:00+00:00,437.47303976894676,464.506042432788
2024-07-17 14:00:00+00:00,449.7222413368139,535.052629821438
2024-07-17 15:00:00+00:00,333.2959188363593,492.6552656008466
2024-07-17 16:00:00+00:00,217.83546334134203,382.9472890042867
2024-07-17 17:00:00+00:00,55.85053685236213,274.8680653697324
2024-07-17 18:00:00+00:00,0.0,139.6857668413745
2024-07-17 19:00:00+00:00,0.0,64.43794729994089
2024-07-17 20:00:00+00:00,0.0,58.906873907651644
2024-07-17 21:00:00+00:00,0.0,51.818414057202496
2024-07-17 22:00:00+00:00,3.6763482994706007,39.30987387197059
2024-07-17 23:00:00+00:00,2.3023374681413893,49.79470192849006
2024-07-18 00:00:00+00:00,6.491043589146113,65.15703135428326
2024-07-18 01:00:00+00:00,0.14169847924858117,65.04952194984585
2024-07-18 02:00:00+00:00,3.695411623209727,56.2472983256915
2024-07-18 03:00:00+00:00,26.02466049259809,50.75193237736031
2024-07-18 04:00:00+00:00,17.10534741806636,45.51958223574457
2024-07-18 05:00:00+00:00,21.139514440200557,49.51136481220498
2024-07-18 06:00:00+00:00,33.599380250606174,63.62228864107239
2024-07-18 07:00:00+00:00,47.23575311695238,70.81961264993025
2024-07-18 08:00:00+00:00,8.193098417813589,68.40215095627109
2024-07-18 09:00:00+00:00,0.0,74.69807973350478
2024-07-18 10:00:00+00:00,0.0,95.49761745500372
2024-07-18 11:00:00+00:00,0.0,100.47808012609688
2024-07-18 12:00:00+00:00,0.0,102.09468263842233
2024-07-18 13:00:00+00:00,0.20237211534755628,126.70746571659137
2024-07-18 14:00:00+00:00,13.6424994992611,136.17985709990978
2024-07-18 15:00:00+00:00,20.4243978796313,142.0163307445883
2024-07-18 16:00:00+00:00,43.06969111889722,162.03175622112204
2024-07-18 17:00:00+00:00,73.91618105976058,179.2419216797096
2024-07-18 18:00:00+00:00,151.28946442996596,219.505947564071
2024-07-18 19:00:00+00:00,229.43709251092372,266.432786535521
2024-07-18 20:00:00+00:00,347.2045972509385,368.24022504397317
2024-07-18 21:00:00+00:00,554.2041577209105,396.74226485341677
2024-07-18 22:00:00+00:00,643.5503756649857,425.74566040038536
2024-07-18 23:00:00+00:00,782.970816360283,446.5288926901582
2024-07-19 00:00:00+00:00,1032.972904811423,521.024055680398
2024-07-19 01:00:00+00:00,1041.2408715301776,562.550313097438
2024-07-19 02:00:00+00:00,804.1198806063795,483.85241298377696
2024-07-19 03:00:00+00:00,561.7024306476806,399.2077235449166
2024-07-19 04:00:00+00:00,439.69135262882355,361.71902003493904
2024-07-19 05:00:00+00:00,364.0584140310015,316.1558860878222
2024-07-19 06:00:00+00:00,276.3272563570076,277.46837046544783
2024-07-19 07:00:00+00:00,219.12441497690122,205.20279382348897
2024-07-19 08:00:00+00:00,206.26247754143944,178.06212450698155
2024-07-19 09:00:00+00:00,198.07337685744295,196.77519596045423
2024-07-19 10:00:00+00:00,169.57138543206972,195.48900221690803
2024-07-19 11:00:00+00:00,137.70815263573934,211.38700378216012
2024-07-19 12:00:00+00:00,147.42377074097806,182.81077909676975
2024-07-19 13:00:00+00:00,202.58074008812704,290.0428097545698
2024-07-19 14:00:00+00:00,293.4742806037181,323.71342950083687
2024-07-19 15:00:00+00:00,265.8531695641178,281.7068634168976
2024-07-19 16:00:00+00:00,239.4299513395766,230.99735782127266
2024-07-19 17:00:00+00:00,221.52378102822934,232.9590415717273
2024-07-19 18:00:00+00:00,261.7500068575877,251.06310273102645
2024-07-19 19:00:00+00:00,339.7613853962882,224.3759010183617
2024-07-19 20:00:00+00:00,566.4339088924753,284.82657150839856
2024-07-19 21:00:00+00:00,900.7782379583809,405.2352174995496
2024-07-19 22:00:00+00:00,1322.0661771843168,518.7213126176664
2024-07-19 23:00:00+00:00,1559.1327360289104,639.7598224373351
2024-07-20 00:00:00+00:00,1765.426735792218,703.771318588745
2024-07-20 01:00:00+00:00,2080.774172447662,750.1715453379193
2024-07-20 02:00:00+00:00,1813.6842334679154,614.4456638745914
2024-07-20 03:00:00+00:00,1472.7471393528483,475.1961157159607
2024-07-20 04:00:00+00:00,1283.8337621281612,409.9363589322012
2024-07-20 05:00:00+00:00,1103.1111306458643,339.2610215322065
2024-07-20 06:00:00+00:00,977.9514108614047,319.633781452523
2024-07-20 07:00:00+00:00,623.2130993521255,216.1902839874343
2024-07-20 08:00:00+00:00,483.23508062949395,154.64447635185857
2024-07-20 09:00:00+00:00,337.79389555738504,124.93157679648758
2024-07-20 10:00:00+00:00,266.47519517323,142.31147357405192
2024-07-20 11:00:00+00:00,240.16258293363208,167.87403595424902
2024-07-20 12:00:00+00:00,202.4539738236689,179.6331552729953
2024-07-20 13:00:00+00:00,248.21591791607528,228.31794477044693
2024-07-20 14:00:00+00:00,236.25044053705645,230.76908177710717
2024-07-20 15:00:00+00:00,392.19636371065604,236.9617105640286
2024-07-20 16:00:00+00:00,325.479181958191,208.7424272620252
2024-07-20 17:00:00+00:00,261.431736442471,179.0234676018361
2024-07-20 18:00:00+00:00,259.3092240419939,159.2773962452407
2024-07-20 19:00:00+00:00,210.28445177783186,233.11537050320223
2024-07-20 20:00:00+00:00,128.1193007949588,353.00771007907355
2024-07-20 21:00:00+00:00,105.48649064585709,265.6031448803058
2024-07-20 22:00:00+00:00,127.46669645335136,225.59067987399177
2024-07-20 23:00:00+00:00,154.74021633117025,177.09415279448163
2024-07-21 00:00:00+00:00,188.2845052696128,124.22168571552194
2024-07-21 01:00:00+00:00,296.7135941172575,163.71315105172707
2024-07-21 02:00:00+00:00,139.1100326916212,123.2782931107872
2024-07-21 03:00:00+00:00,106.26034546789666,65.02697497303765
2024-07-21 04:00:00+00:00,139.90953107097482,98.33321428509315
2024-07-21 05:00:00+00:00,192.69626157717883,138.53233898701654
2024-07-21 06:00:00+00:00,449.6132804102644,180.2598741369367
2024-07-21 07:00:00+00:00,546.776380384719,157.8423247170618
2024-07-21 08:00:00+00:00,876.6363286533824,244.5517680723547
2024-07-21 09:00:00+00:00,240.30105814312796,219.4726109395627
2024-07-21 10:00:00+00:00,323.97076017927986,315.50105607897615
2024-07-21 11:00:00+00:00,144.4992439894863,240.25221442405527
2024-07-21 12:00:00+00:00,322.593555999304,299.5949380859138
2024-07-21 13:00:00+00:00,199.91429396816955,235.42029084910197
2024-07-21 14:00:00+00:00,287.869663424415,195.05969036021446
2024-07-21 15:00:00+00:00,586.3557111927776,372.93870535275255
2024-07-21 16:00:00+00:00,555.540090288832,715.4441207258908
2024-07-21 17:00:00+00:00,401.3995945103177,574.1833435287118
2024-07-21 18:00:00+00:00,327.6067263019902,574.6970855882602
2024-07-21 19:00:00+00:00,385.7585728389982,491.56217268228227
2024-07-21 20:00:00+00:00,464.9330802381726,493.22561702276744
2024-07-21 21:00:00+00:00,495.69722049120855,474.2133868619876
2024-07-21 22:00:00+00:00,486.62452991349653,524.1987280758777
2024-07-21 23:00:00+00:00,487.10982213964735,482.3927623478329
2024-07-22 00:00:00+00:00,331.63199065517006,430.6910930045062
2024-07-22 01:00:00+00:00,294.6242731890774,434.2737398816314
2024-07-22 02:00:00+00:00,243.8110321465066,439.20494756905345
2024-07-22 03:00:00+00:00,262.9481899770692,440.88532633418
2024-07-22 04:00:00+00:00,283.9016858105933,375.4098249804896
2024-07-22 05:00:00+00:00,246.08130949799715,326.92521247831644
2024-07-22 06:00:00+00:00,296.7911053980445,307.20323638878216
2024-07-22 07:00:00+00:00,598.2950127897079,264.8213066866496
2024-07-22 08:00:00+00:00,583.1821516309171,283.5942776192823
2024-07-22 09:00:00+00:00,720.9476151980499,362.1658953091892
2024-07-22 10:00:00+00:00,1171.5681068019117,523.0768466354231
2024-07-22 11:00:00+00:00,1494.560033044886,603.6727086788169
2024-07-22 12:00:00+00:00,1580.8280564298668,595.1431292913884
2024-07-22 13:00:00+00:00,1997.936386118034,684.1462074081593
2024-07-22 14:00:00+00:00,1737.3517821722294,809.1555011177331
2024-07-22 15:00:00+00:00,2405.45934761849,976.088430614574
2024-07-22 16:00:00+00:00,3024.658359337699,993.289548251996
2024-07-22 17:00:00+00:00,3372.061984462244,916.1642755786721
2024-07-22 18:00:00+00:00,3601.6591072860283,815.1764632228616
2024-07-22 19:00:00+00:00,3612.8110549052763,784.4242254511449
2024-07-22 20:00:00+00:00,3809.386630287262,861.582205756062
2024-07-22 21:00:00+00:00,3841.840342278801,911.1879739376336
2024-07-22 22:00:00+00:00,3797.969150889637,909.8738625854644
2024-07-22 23:00:00+00:00,3872.452363014487,947.5031218199653
2024-07-23 00:00:00+00:00,3626.5606464963676,901.21059801151
2024-07-23 01:00:00+00:00,2939.687029039542,907.2219316866281
2024-07-23 02:00:00+00:00,2367.9160184930265,923.5475879541624
2024-07-23 03:00:00+00:00,2073.449985406205,816.8869368797793
2024-07-23 04:00:00+00:00,1696.4960795869165,687.2049515709514
2024-07-23 05:00:00+00:00,1426.0639625599522,601.4109953077879
2024-07-23 06:00:00+00:00,1262.2921095348077,489.6221166112981
2024-07-23 07:00:00+00:00,997.9537726389294,444.253631779416
2024-07-23 08:00:00+00:00,810.0049802418139,396.0801288499398
2024-07-23 09:00:00+00:00,576.0936433963975,399.9771754165494
2024-07-23 10:00:00+00:00,341.4276360128568,370.3005155299109
2024-07-23 11:00:00+00:00,280.88832590584,400.12165025077536
2024-07-23 12:00:00+00:00,394.51105763877734,461.7374091561375
2024-07-23 13:00:00+00:00,640.648250738091,593.919447766804
2024-07-23 14:00:00+00:00,1114.8202692198834,720.2539811647399
2024-07-23 15:00:00+00:00,1424.3217489528495,877.4488907317451
2024-07-23 16:00:00+00:00,1330.5239062271955,989.8216683898687
2024-07-23 17:00:00+00:00,1483.3247680564025,1050.1887312062477
2024-07-23 18:00:00+00:00,1771.4559715733856,1043.654752802627
2024-07-23 19:00:00+00:00,1687.8217834449101,786.0250608045276
2024-07-23 20:00:00+00:00,1613.8548293512695,773.2796805946687
2024-07-23 21:00:00+00:00,1459.9008783561974,652.6056963614228
2024-07-23 22:00:00+00:00,1531.7369012211107,553.7515247422823
2024-07-23 23:00:00+00:00,1437.5627271958551,623.3812823808493
2024-07-24 00:00:00+00:00,1273.0367600493958,633.0419845661796
2024-07-24 01:00:00+00:00,1192.5579874563794,563.8522316638655
2024-07-24 02:00:00+00:00,943.8436410390386,531.6675351037717
2024-07-24 03:00:00+00:00,816.93493387762,534.4713435996058
2024-07-24 04:00:00+00:00,628.6569846495469,505.63061529733505
2024-07-24 05:00:00+00:00,484.6673458815894,424.1111013499313
2024-07-24 06:00:00+00:00,375.8108079639617,347.32843627913724
2024-07-24 07:00:00+00:00,287.3715010355367,308.39014601985957
2024-07-24 08:00:00+00:00,182.3782617954119,292.7197552178049
2024-07-24 09:00:00+00:00,91.21329269286389,255.6715886688546
2024-07-24 10:00:00+00:00,83.48403421398584,226.67675710234752
2024-07-24 11:00:00+00:00,109.6905825232497,253.16539059007476
2024-07-24 12:00:00+00:00,117.53770459763159,286.29696340797227
2024-07-24 13:00:00+00:00,117.44093645682383,290.4126092046666
2024-07-24 14:00:00+00:00,103.40307257426628,275.17070773010863
2024-07-24 15:00:00+00:00,68.74885910876765,239.4532966535465
2024-07-24 16:00:00+00:00,41.2271289497769,216.61069317517357
2024-07-24 17:00:00+00:00,38.01616850149421,190.8047952088978
2024-07-24 18:00:00+00:00,31.369455213832428,119.89005342854473
2024-07-24 19:00:00+00:00,43.94379773481361,97.10929084015676
2024-07-24 20:00:00+00:00,86.92752850462955,106.83636992207236
2024-07-24 21:00:00+00:00,148.15737001644158,113.43576358887915
2024-07-24 22:00:00+00:00,272.8945033299936,124.18404290874773
2024-07-24 23:00:00+00:00,488.097050712168,146.0904630088761
2024-07-25 00:00:00+00:00,719.9134056931671,199.49341303574386
2024-07-25 01:00:00+00:00,706.4965513542433,272.2016192497749
2024-07-25 02:00:00+00:00,918.3303336425128,371.6477699703068
2024-07-25 03:00:00+00:00,1121.0259133217432,466.3160421225265
2024-07-25 04:00:00+00:00,1574.2411458532242,673.5110016608246
2024-07-25 05:00:00+00:00,1712.717516566801,765.1421089456524
2024-07-25 06:00:00+00:00,1550.9350229803822,736.6038778515466
2024-07-25 07:00:00+00:00,1570.3905479942023,676.7316873072584
2024-07-25 08:00:00+00:00,1660.4499471360305,693.7965070183527
2024-07-25 09:00:00+00:00,1796.3586720014146,689.4760030675684
2024-07-25 10:00:00+00:00,1575.0382250290575,682.5972881623201
2024-07-25 11:00:00+00:00,1092.2503583623065,719.3760038231912
2024-07-25 12:00:00+00:00,1314.8845296142697,827.4216972969556
2024-07-25 13:00:00+00:00,1702.0503773329997,890.1783525824411
2024-07-25 14:00:00+00:00,1635.4512527123202,945.7032344009411
2024-07-25 15:00:00+00:00,2392.59286208041,810.43100198172
2024-07-25 16:00:00+00:00,2114.230595914251,646.3046388727263
2024-07-25 17:00:00+00:00,1890.1339677502604,643.8678719349759
2024-07-25 18:00:00+00:00,1952.7688887146098,651.3539036919337
2024-07-25 19:00:00+00:00,2015.0060926202393,444.34459383177534
2024-07-25 20:00:00+00:00,2118.2435707135483,452.5954809736775
2024-07-25 21:00:00+00:00,2130.178372591931,648.7696137235221
2024-07-25 22:00:00+00:00,2082.3038832175507,725.1482234223733
2024-07-25 23:00:00+00:00,2064.224885006721,676.396192163078
2024-07-26 00:00:00+00:00,2391.110567699517,840.2367989522664
2024-07-26 01:00:00+00:00,2854.755567215398,788.0588368198839
2024-07-26 02:00:00+00:00,2575.8959128054867,906.279700299583
2024-07-26 03:00:00+00:00,2286.1208121124614,1028.4510263596176
2024-07-26 04:00:00+00:00,1889.7648940612196,909.3269290536191
2024-07-26 05:00:00+00:00,1645.6059078724036,743.8623593253949
2024-07-26 06:00:00+00:00,1466.714710223034,663.7703689911871
2024-07-26 07:00:00+00:00,1070.7436390677847,645.6874032865841
2024-07-26 08:00:00+00:00,670.8932299156934,525.677442035561
2024-07-26 09:00:00+00:00,525.5047109042191,507.3627650177938
2024-07-26 10:00:00+00:00,546.6479690618671,497.3077810427423
2024-07-26 11:00:00+00:00,460.8890912497464,500.6423627909069
2024-07-26 12:00:00+00:00,511.7896655393962,545.9355136251701
2024-07-26 13:00:00+00:00,518.8731902146642,532.1125717833465
2024-07-26 14:00:00+00:00,432.76643093633953,532.8490741030344
2024-07-26 15:00:00+00:00,384.0042632142945,471.5855996142828
2024-07-26 16:00:00+00:00,415.61360060118056,380.3647892464799
2024-07-26 17:00:00+00:00,425.4356636613078,287.74901774486295
2024-07-26 18:00:00+00:00,387.4139854237963,188.57520886061687
2024-07-26 19:00:00+00:00,330.6151510315623,110.42854846106718
2024-07-26 20:00:00+00:00,296.63530869134405,69.87002688418382
2024-07-26 21:00:00+00:00,246.49189671944444,66.11851960134905
2024-07-26 22:00:00+00:00,230.43157869400494,84.42327788468344
2024-07-26 23:00:00+00:00,202.01638829093625,87.18436324635091
2024-07-27 00:00:00+00:00,166.3488128068901,97.84569639170373
2024-07-27 01:00:00+00:00,123.49407396877089,90.04386180721986
2024-07-27 02:00:00+00:00,199.49335255565586,95.38594702051158
2024-07-27 03:00:00+00:00,267.85936665934406,101.92862850879622
2024-07-27 04:00:00+00:00,277.3895770067951,94.06999707366701
2024-07-27 05:00:00+00:00,301.9854256603228,107.8932715559746
2024-07-27 06:00:00+00:00,292.92221836040994,132.06561444125717
2024-07-27 07:00:00+00:00,233.83501097435425,109.64506520901725
2024-07-27 08:00:00+00:00,167.6438608353202,100.30815527083848
2024-07-27 09:00:00+00:00,160.46801935372164,119.23628786924758
2024-07-27 10:00:00+00:00,116.19698200674024,131.55704947724206
2024-07-27 11:00:00+00:00,110.33699370384545,146.33843136969594
2024-07-27 12:00:00+00:00,114.37522498789357,154.95592461304832
2024-07-27 13:00:00+00:00,87.90943482940577,132.89032092129122
2024-07-27 14:00:00+00:00,106.26934490499177,157.42206068153376
2024-07-27 15:00:00+00:00,82.1883088085701,152.0753305974833
2024-07-27 16:00:00+00:00,55.58732750936506,154.7322934396416
2024-07-27 17:00:00+00:00,140.79776583544913,219.15337284303794
2024-07-27 18:00:00+00:00,277.5319229419233,294.716710955584
2024-07-27 19:00:00+00:00,283.8543661897383,340.2779579239551
2024-07-27 20:00:00+00:00,252.0879015342157,362.74872982127425
2024-07-27 21:00:00+00:00,288.1837728094769,324.84953585799025
2024-07-27 22:00:00+00:00,188.96565621275855,276.42356484914654
2024-07-27 23:00:00+00:00,317.9787801323233,297.24753652619944
2024-07-28 00:00:00+00:00,509.4878901580727,286.07807387346514
2024-07-28 01:00:00+00:00,608.1644922388309,351.6058784072621
2024-07-28 02:00:00+00:00,572.3104929315186,403.6144479091606
2024-07-28 03:00:00+00:00,620.8942927780198,355.2364738981576
2024-07-28 04:00:00+00:00,682.7968724527361,373.37841978458295
2024-07-28 05:00:00+00:00,623.0623345887469,360.8233341236225
2024-07-28 06:00:00+00:00,399.3975584451462,294.5139817005918
2024-07-28 07:00:00+00:00,223.6604215772644,225.0979365009987
2024-07-28 08:00:00+00:00,152.55538524801293,255.32119123098977
2024-07-28 09:00:00+00:00,67.72495541088087,269.5644938764822
2024-07-28 10:00:00+00:00,62.205300659206934,229.64110394378167
2024-07-28 11:00:00+00:00,73.91260063855069,218.62971204905682
2024-07-28 12:00:00+00:00,57.397859423878025,244.41218002923952
2024-07-28 13:00:00+00:00,41.502531078515744,237.34713806886586
2024-07-28 14:00:00+00:00,92.98531088733537,233.80368228876773
2024-07-28 15:00:00+00:00,49.50264358351468,217.6590308286143
2024-07-28 16:00:00+00:00,25.588526481977574,230.53591894183091
2024-07-28 17:00:00+00:00,54.03816634317383,233.30169755832756
2024-07-28 18:00:00+00:00,60.399026542889516,213.42948893018925
2024-07-28 19:00:00+00:00,81.1392453940733,212.674358743396
2024-07-28 20:00:00+00:00,99.18456829190212,227.94630672567476
2024-07-28 21:00:00+00:00,146.44805757721352,221.2971742344928
2024-07-28 22:00:00+00:00,176.99514689041771,242.5648762212196
2024-07-28 23:00:00+00:00,232.51819011424243,265.53535879766997
2024-07-29 00:00:00+00:00,365.41268416160597,286.26667497989945
2024-07-29 01:00:00+00:00,521.6439040063419,368.9081187518282
2024-07-29 02:00:00+00:00,603.5552805399467,367.7385790020258
2024-07-29 03:00:00+00:00,549.6204444271292,338.25816490494543
2024-07-29 04:00:00+00:00,503.24353879988956,295.5211445101188
2024-07-29 05:00:00+00:00,490.43835587901145,270.3453643887303
2024-07-29 06:00:00+00:00,470.6274014840045,262.3684762375252
2024-07-29 07:00:00+00:00,335.7059293831763,185.18754978721924
2024-07-29 08:00:00+00:00,243.29719331881745,141.85066368752544
2024-07-29 09:00:00+00:00,199.97129040310531,158.53136226368338
2024-07-29 10:00:00+00:00,122.74702392173508,192.0664582287492
2024-07-29 11:00:00+00:00,72.80441189002036,188.341852489059
2024-07-29 12:00:00+00:00,58.61104160518476,177.66252046951595
2024-07-29 13:00:00+00:00,105.29314790052321,174.79992532814114
2024-07-29 14:00:00+00:00,176.40011959259087,196.07106258386665
2024-07-29 15:00:00+00:00,306.40202037492924,232.495618945399
2024-07-29 16:00:00+00:00,465.17635534416326,256.63617349642624
2024-07-29 17:00:00+00:00,535.7349903663438,266.6920767688154
2024-07-29 18:00:00+00:00,617.3710615393505,226.3294078609181
2024-07-29 19:00:00+00:00,756.2882111343066,223.4280086950794
2024-07-29 20:00:00+00:00,789.2611809694203,323.974606712877
2024-07-29 21:00:00+00:00,732.285260879508,415.8754551902063
2024-07-29 22:00:00+00:00,566.9027505346888,436.21766667824784
2024-07-29 23:00:00+00:00,610.323292692111,454.14802902479704
2024-07-30 00:00:00+00:00,585.8761282869344,442.776369341845
2024-07-30 01:00:00+00:00,380.7142431949719,313.1223500257105
2024-07-30 02:00:00+00:00,267.13486358911643,213.55577135394338
2024-07-30 03:00:00+00:00,163.55056847915245,172.1527360682044
2024-07-30 04:00:00+00:00,126.49088652144603,141.13312792343598
2024-07-30 05:00:00+00:00,73.75099784340175,106.22198899608398
2024-07-30 06:00:00+00:00,27.149977202051392,66.35308557466703
2024-07-30 07:00:00+00:00,6.151096732487944,58.10940765925499
2024-07-30 08:00:00+00:00,0.41913272713187705,48.08364766272747
2024-07-30 09:00:00+00:00,21.51700695749158,78.48161727094691
2024-07-30 10:00:00+00:00,64.15624314603194,124.57024455871145
2024-07-30 11:00:00+00:00,185.32601290069752,156.9615410994297
2024-07-30 12:00:00+00:00,303.16725496400784,168.12829424422137
2024-07-30 13:00:00+00:00,512.991477464158,251.63688942194597
2024-07-30 14:00:00+00:00,485.0951578321005,296.68100744584046
2024-07-30 15:00:00+00:00,391.2686475447322,316.555877197851
2024-07-30 16:00:00+00:00,289.7331275119498,296.37492981646557
2024-07-30 17:00:00+00:00,264.7912359868936,282.40601323423357
2024-07-30 18:00:00+00:00,366.16892718201854,308.6341468869063
2024-07-30 19:00:00+00:00,473.0148650540132,380.3700631101539
2024-07-30 20:00:00+00:00,671.5304481229124,496.8351654430372
2024-07-30 21:00:00+00:00,791.8023607311021,588.2976058584371
2024-07-30 22:00:00+00:00,990.848862204543,568.9123345148433
2024-07-30 23:00:00+00:00,1144.9222250853718,601.7087024929829
2024-07-31 00:00:00+00:00,954.6102579215903,591.9284432696846
2024-07-31 01:00:00+00:00,908.2521253136674,549.2203081648892
2024-07-31 02:00:00+00:00,878.1181391935714,392.69634050217445
2024-07-31 03:00:00+00:00,711.766641070774,379.82341988273095
2024-07-31 04:00:00+00:00,790.6294824804418,392.2895272382187
2024-07-31 05:00:00+00:00,1245.67972926606,439.75841295040334
2024-07-31 06:00:00+00:00,1430.6576429722368,490.2043221304679
2024-07-31 07:00:00+00:00,1291.6626917920712,352.648603508536
2024-07-31 08:00:00+00:00,1066.1141544434013,251.54878202974052
2024-07-31 09:00:00+00:00,885.963422673278,248.63020651890844
2024-07-31 10:00:00+00:00,811.9667607604094,257.2838910469229
2024-07-31 11:00:00+00:00,869.1471519318484,278.1165718566485
2024-07-31 12:00:00+00:00,1248.9386867121832,345.9558285858497
2024-07-31 13:00:00+00:00,1534.7555833736083,377.96885846415046
2024-07-31 14:00:00+00:00,1612.0759406188006,392.9523406186814
2024-07-31 15:00:00+00:00,1747.3965087243553,408.82188025451836
2024-07-31 16:00:00+00:00,1871.3414012691142,467.06357601026633
2024-07-31 17:00:00+00:00,1805.5702248611858,452.01932346330824
2024-07-31 18:00:00+00:00,1969.9311055594271,530.0603614371663
2024-07-31 19:00:00+00:00,1842.28463809249,533.3067390249846
2024-07-31 20:00:00+00:00,1759.4607863751387,573.7676759798721
2024-07-31 21:00:00+00:00,1494.718539259529,623.3825403666798
2024-07-31 22:00:00+00:00,1442.3362995819014,605.5327374973531
2024-07-31 23:00:00+00:00,1670.94077481728,668.2223808453291
2024-08-01 00:00:00+00:00,1597.5975881592863,681.2332928335645
2024-08-01 01:00:00+00:00,1564.3207663620362,645.7196754615435
2024-08-01 02:00:00+00:00,1406.7827169677269,695.7091777054883
2024-08-01 03:00:00+00:00,1175.600725533793,656.2390981284017
2024-08-01 04:00:00+00:00,1134.4815233010606,580.0546537040811
2024-08-01 05:00:00+00:00,1229.9650670395856,600.6467205316882
2024-08-01 06:00:00+00:00,1366.2596064823701,531.1754691077643
2024-08-01 07:00:00+00:00,1029.7175277865094,424.54941264372
2024-08-01 08:00:00+00:00,792.2596869645595,312.0496751848566
2024-08-01 09:00:00+00:00,607.0328372161547,322.87498194480816
2024-08-01 10:00:00+00:00,459.20784157135256,313.7554072028748
2024-08-01 11:00:00+00:00,319.5696483672027,269.48291833378124
2024-08-01 12:00:00+00:00,427.40528239930865,238.625300056725
2024-08-01 13:00:00+00:00,267.03045076518487,188.1447357862336
2024-08-01 14:00:00+00:00,295.9194179856483,268.72154660190586
2024-08-01 15:00:00+00:00,468.335931909677,333.0071868962242
2024-08-01 16:00:00+00:00,654.7371114308543,355.2016857515372
2024-08-01 17:00:00+00:00,868.849396362583,384.4333089586009
2024-08-01 18:00:00+00:00,1098.9945171677618,393.86631570861056
2024-08-01 19:00:00+00:00,1085.1563827278314,391.93061420396276
2024-08-01 20:00:00+00:00,774.8810481728257,360.44879303462614
2024-08-01 21:00:00+00:00,556.8603948020128,310.56955808713167
2024-08-01 22:00:00+00:00,471.5079431812846,334.10840833861636
2024-08-01 23:00:00+00:00,418.591640134539,338.3773348703501
2024-08-02 00:00:00+00:00,400.50381183086034,276.21735194108527
2024-08-02 01:00:00+00:00,326.13623763427563,210.41361305377498
2024-08-02 02:00:00+00:00,267.86101171773777,149.09879097030736
2024-08-02 03:00:00+00:00,225.43563312038256,161.9415199298188
2024-08-02 04:00:00+00:00,210.25987267006667,174.68283587776378
2024-08-02 05:00:00+00:00,190.87914942909094,173.33862963380335
2024-08-02 06:00:00+00:00,177.90002577511095,169.53535139563644
2024-08-02 07:00:00+00:00,206.12516354963324,147.97328072457245
2024-08-02 08:00:00+00:00,184.61796041440724,159.79834753127923
2024-08-02 09:00:00+00:00,140.00629921178256,170.65326534231795
2024-08-02 10:00:00+00:00,98.36445829855646,161.41074667748833
2024-08-02 11:00:00+00:00,61.450605929047306,149.32624448527596
2024-08-02 12:00:00+00:00,46.00631388798995,134.7775415873943
2024-08-02 13:00:00+00:00,29.518087143898597,130.102672704972
2024-08-02 14:00:00+00:00,7.629230461326842,98.28657204122382
2024-08-02 15:00:00+00:00,0.0,90.25849354353144
2024-08-02 16:00:00+00:00,0.0,94.57232049260004
2024-08-02 17:00:00+00:00,22.494849020353875,107.8496291244703
2024-08-02 18:00:00+00:00,26.564917022727748,105.24772735443158
2024-08-02 19:00:00+00:00,55.479431032364424,109.95714246312224
2024-08-02 20:00:00+00:00,195.49895723939363,156.54950235587032
2024-08-02 21:00:00+00:00,322.1527771179247,186.1752622004439
2024-08-02 22:00:00+00:00,487.80195626677477,216.55248713847772
2024-08-02 23:00:00+00:00,693.6963519926168,247.1096403383259
2024-08-03 00:00:00+00:00,885.5762533419062,253.56838151246862
2024-08-03 01:00:00+00:00,747.5649503130514,316.10111532012496
2024-08-03 02:00:00+00:00,632.2932894607501,297.38006049503565
2024-08-03 03:00:00+00:00,626.9899115037814,293.02394586843405
2024-08-03 04:00:00+00:00,593.0611143578393,246.4515685967628
2024-08-03 05:00:00+00:00,671.7147914311512,251.6374216467204
2024-08-03 06:00:00+00:00,682.3343691237454,310.46635486496024
2024-08-03 07:00:00+00:00,658.212829512387,345.04441785165193
2024-08-03 08:00:00+00:00,600.4254601777313,338.47187734391935
2024-08-03 09:00:00+00:00,633.9857642434775,345.85015777608766
2024-08-03 10:00:00+00:00,879.8750615580769,401.3095275632609
2024-08-03 11:00:00+00:00,1071.725545392561,527.6179335631787
2024-08-03 12:00:00+00:00,1609.8180495893334,672.485210984192
2024-08-03 13:00:00+00:00,1754.1350549776434,758.150659156363
2024-08-03 14:00:00+00:00,1961.319515172664,837.3625916339947
2024-08-03 15:00:00+00:00,2131.7117605511708,1039.584781568394
2024-08-03 16:00:00+00:00,2860.681648158464,1155.62013658795
2024-08-03 17:00:00+00:00,3063.4304503151393,1082.2310818312133
2024-08-03 18:00:00+00:00,2799.45257474377,979.0416007357449
2024-08-03 19:00:00+00:00,2820.2341135910788,1010.4921174115301
2024-08-03 20:00:00+00:00,2002.7567942842313,1014.097117729182
2024-08-03 21:00:00+00:00,995.9666388674424,774.8848221303172
2024-08-03 22:00:00+00:00,646.3318307202933,694.9243880835375
2024-08-03 23:00:00+00:00,430.68127103821416,513.4337562517198
2024-08-04 00:00:00+00:00,452.86265781044773,415.3561973466319
2024-08-04 01:00:00+00:00,506.59534527711793,478.2534083566407
2024-08-04 02:00:00+00:00,468.56575624409544,520.9190138635512
2024-08-04 03:00:00+00:00,399.79208215521936,582.9446342293045
2024-08-04 04:00:00+00:00,396.5983464360005,577.0875973547044
2024-08-04 05:00:00+00:00,451.26898329948494,483.9689702093799
2024-08-04 06:00:00+00:00,454.8730159357287,372.08612964816587
2024-08-04 07:00:00+00:00,352.900660323305,356.58474440403194
2024-08-04 08:00:00+00:00,296.61082635171965,348.03435986632974
2024-08-04 09:00:00+00:00,196.6763352086015,305.0405652098698
2024-08-04 10:00:00+00:00,142.89773125911807,300.7100457565119
2024-08-04 11:00:00+00:00,190.63558401867783,305.40175229543473
2024-08-04 12:00:00+00:00,169.96755420053663,278.71672786593814
2024-08-04 13:00:00+00:00,130.34293590258005,261.86305623808636
2024-08-04 14:00:00+00:00,101.57173550947965,270.117233496776
2024-08-04 15:00:00+00:00,86.17960754432646,291.06618122768214
2024-08-04 16:00:00+00:00,101.07454685001824,236.82396111558876
2024-08-04 17:00:00+00:00,77.75545704630798,224.70278379801027
2024-08-04 18:00:00+00:00,104.33020813134532,202.6825522682744
2024-08-04 19:00:00+00:00,90.4765968368945,153.0049337421529
2024-08-04 20:00:00+00:00,87.33492237743016,133.6359194462149
2024-08-04 21:00:00+00:00,116.858489017302,134.35626148638778
2024-08-04 22:00:00+00:00,187.24705403201293,141.9002573596894
2024-08-04 23:00:00+00:00,278.2310727592593,155.75706805079565
2024-08-05 00:00:00+00:00,376.0647275654412,165.02498835258731
2024-08-05 01:00:00+00:00,390.06736784474475,176.00105987591732
2024-08-05 02:00:00+00:00,451.721954966606,178.7226638361352
2024-08-05 03:00:00+00:00,494.71899135578303,215.17765377795163
2024-08-05 04:00:00+00:00,491.72213041903746,227.259639998503
2024-08-05 05:00:00+00:00,453.32008081204594,243.35073029271933
2024-08-05 06:00:00+00:00,457.4956260879003,249.17312417291032
2024-08-05 07:00:00+00:00,455.19912457025083,226.89816260851563
2024-08-05 08:00:00+00:00,555.104149814493,213.55451336811288
2024-08-05 09:00:00+00:00,521.0497960058528,224.90628719812898
2024-08-05 10:00:00+00:00,473.57544289371253,285.0820877842014
2024-08-05 11:00:00+00:00,459.2904815636024,307.44375360275984
2024-08-05 12:00:00+00:00,435.142959706437,322.27768059567234
2024-08-05 13:00:00+00:00,400.13483490996043,330.3840445192782
2024-08-05 14:00:00+00:00,436.59486889111645,318.3356852276575
2024-08-05 15:00:00+00:00,424.5304944721921,308.6681125043298
2024-08-05 16:00:00+00:00,367.37320669437094,274.28779521337873
2024-08-05 17:00:00+00:00,356.2244524237695,191.97322212508095
2024-08-05 18:00:00+00:00,307.04291577149894,133.1315155122545
2024-08-05 19:00:00+00:00,249.3013661515158,116.24092683868456
2024-08-05 20:00:00+00:00,263.644436750181,132.06648535452445
2024-08-05 21:00:00+00:00,283.2138578657318,130.0738357990113
2024-08-05 22:00:00+00:00,283.65008864449317,143.36939127343263
2024-08-05 23:00:00+00:00,273.31031603104447,190.94670568739235
2024-08-06 00:00:00+00:00,318.27943874581297,236.88482827615684
2024-08-06 01:00:00+00:00,530.3834702593233,323.37459585579853
2024-08-06 02:00:00+00:00,865.022022857355,453.60554682742884
2024-08-06 03:00:00+00:00,1041.8098681981273,517.9721820556032
2024-08-06 04:00:00+00:00,919.5350969955691,469.4238477327081
2024-08-06 05:00:00+00:00,799.2102038302872,399.09247268921456
2024-08-06 06:00:00+00:00,684.574212894952,328.12479873583965
2024-08-06 07:00:00+00:00,528.9307869295175,281.30692069093914
2024-08-06 08:00:00+00:00,281.1906295777234,206.8640124967356
2024-08-06 09:00:00+00:00,177.091140886099,208.5277471416432
2024-08-06 10:00:00+00:00,156.49278412933936,244.09923186186728
2024-08-06 11:00:00+00:00,144.51830731322542,255.11091406101454
2024-08-06 12:00:00+00:00,128.98769809056753,256.2773572303111
2024-08-06 13:00:00+00:00,231.26330086424755,296.0859801480136
2024-08-06 14:00:00+00:00,357.6156879841625,342.7550771764223
2024-08-06 15:00:00+00:00,385.6339354736378,309.54497701225927
2024-08-06 16:00:00+00:00,484.93597424047175,280.7632772758812
2024-08-06 17:00:00+00:00,693.5095894808578,300.87692241533483
2024-08-06 18:00:00+00:00,906.8870171512925,284.6246647826032
2024-08-06 19:00:00+00:00,1350.1691935651395,281.50195687873713
2024-08-06 20:00:00+00:00,1182.0539993079801,231.1876523701711
2024-08-06 21:00:00+00:00,1061.9837031211632,208.0494222216305
2024-08-06 22:00:00+00:00,803.4371329889104,194.12263606870263
2024-08-06 23:00:00+00:00,653.6303258203657,206.18363569871633
2024-08-07 00:00:00+00:00,441.05471896466395,262.3240112768241
2024-08-07 01:00:00+00:00,341.70565088139745,254.24914538305114
2024-08-07 02:00:00+00:00,479.71784901555475,234.99426910919587
2024-08-07 03:00:00+00:00,227.89780169509487,272.2512129219389
2024-08-07 04:00:00+00:00,215.7243695814802,208.69089822704507
2024-08-07 05:00:00+00:00,401.0195860213657,218.669145066436
2024-08-07 06:00:00+00:00,574.8713650098549,168.5095607190039
2024-08-07 07:00:00+00:00,552.7858754651618,228.81513947791714
2024-08-07 08:00:00+00:00,494.7326840477073,253.69829274150302
2024-08-07 09:00:00+00:00,478.1325933328422,274.56155228372387
2024-08-07 10:00:00+00:00,454.29153617761494,333.7632847644255
2024-08-07 11:00:00+00:00,488.60484153105665,426.55043264341305
2024-08-07 12:00:00+00:00,670.1998378027355,559.572563868502
2024-08-07 13:00:00+00:00,811.6913102476002,644.401935304094
2024-08-07 14:00:00+00:00,1069.4379465438658,812.3186097203863
2024-08-07 15:00:00+00:00,1460.0614167017975,917.1090229373781
2024-08-07 16:00:00+00:00,2112.7349475299266,973.0533946462798
2024-08-07 17:00:00+00:00,2243.4075482962035,838.3826246062492
2024-08-07 18:00:00+00:00,2334.4373383540515,687.5512847469023
2024-08-07 19:00:00+00:00,2065.672923465768,576.7946801924793
2024-08-07 20:00:00+00:00,1941.1735494741806,535.0573230762672
2024-08-07 21:00:00+00:00,1812.2309695292647,529.0640850434801
2024-08-07 22:00:00+00:00,1601.1852669797333,487.6145163780302
2024-08-07 23:00:00+00:00,1282.6306438334984,476.3665263790304
2024-08-08 00:00:00+00:00,971.539263547061,487.3486459111609
2024-08-08 01:00:00+00:00,706.1953121319087,436.4709572868121
2024-08-08 02:00:00+00:00,883.3012343515161,512.2335410012813
2024-08-08 03:00:00+00:00,1098.5755111180642,578.3925157334968
2024-08-08 04:00:00+00:00,889.5271997629458,542.244825118833
2024-08-08 05:00:00+00:00,734.8149252324338,435.73653548215174
2024-08-08 06:00:00+00:00,484.1062842011861,356.7484760982787
2024-08-08 07:00:00+00:00,326.16594545350364,276.8852940330107
2024-08-08 08:00:00+00:00,298.7699171094221,282.56863209486096
2024-08-08 09:00:00+00:00,420.93304206952325,374.13292097846096
2024-08-08 10:00:00+00:00,677.0607957541456,445.59861216850294
2024-08-08 11:00:00+00:00,769.699985145838,474.73356400289964
2024-08-08 12:00:00+00:00,818.8292670020725,537.12061337457
2024-08-08 13:00:00+00:00,955.8207305949544,518.9095750356079
2024-08-08 14:00:00+00:00,1260.3101044747832,528.2072031566274
2024-08-08 15:00:00+00:00,1198.6086089966655,572.7408208536907
2024-08-08 16:00:00+00:00,1108.112011394668,559.8365957406959
2024-08-08 17:00:00+00:00,1507.0783468123395,628.8463599011077
2024-08-08 18:00:00+00:00,2171.8430568343965,605.2841885276883
2024-08-08 19:00:00+00:00,2701.6540467727013,703.8226057033731
2024-08-08 20:00:00+00:00,3373.473251027784,1016.0079014375717
2024-08-08 21:00:00+00:00,4021.4261416428885,1305.043596766685
2024-08-08 22:00:00+00:00,4050.5816083231366,1560.359562518071
2024-08-08 23:00:00+00:00,3876.7453848132823,1541.634443431068
2024-08-09 00:00:00+00:00,4024.725161099306,1787.9725513827336
2024-08-09 01:00:00+00:00,4097.463063036548,1830.1323014335715
2024-08-09 02:00:00+00:00,4043.4494092730424,1901.1523753351937
2024-08-09 03:00:00+00:00,3992.1905509420517,1894.6280737456539
2024-08-09 04:00:00+00:00,3969.4825519475426,1992.7447753636984
2024-08-09 05:00:00+00:00,3881.225749732681,2061.4894432023675
2024-08-09 06:00:00+00:00,3981.1438870600027,2001.4738422734022
2024-08-09 07:00:00+00:00,3855.547355887937,1966.1929522800237
2024-08-09 08:00:00+00:00,3808.3531465434353,1941.4026964316133
2024-08-09 09:00:00+00:00,3844.601717944891,1878.6783617051576
2024-08-09 10:00:00+00:00,3624.3852986910097,1754.3849103172092
2024-08-09 11:00:00+00:00,2793.600231123999,1545.1762541527721
2024-08-09 12:00:00+00:00,2179.0958289879372,1432.9474674881706
2024-08-09 13:00:00+00:00,1865.369839299868,1378.4789066947278
2024-08-09 14:00:00+00:00,1244.5654441246586,1220.2150962443602
2024-08-09 15:00:00+00:00,798.5726953186457,1049.8134643561953
2024-08-09 16:00:00+00:00,814.6359163883095,852.1166365266704
2024-08-09 17:00:00+00:00,1102.7716680079106,642.0286966507839
2024-08-09 18:00:00+00:00,946.4716702070955,383.4110987031782
2024-08-09 19:00:00+00:00,876.8335421243486,269.1566161629775
2024-08-09 20:00:00+00:00,845.656008373782,263.34723759772515
2024-08-09 21:00:00+00:00,762.1401676815144,313.3445780610755
2024-08-09 22:00:00+00:00,989.1609355244334,436.5657900648037
2024-08-09 23:00:00+00:00,1161.381808459784,530.5585722101149
2024-08-10 00:00:00+00:00,1222.7222620045482,558.5159041549517
2024-08-10 01:00:00+00:00,1014.1935955655673,469.60751366396124
2024-08-10 02:00:00+00:00,1251.2946038682887,512.4455116137207
2024-08-10 03:00:00+00:00,1599.7695490797162,572.2212243216235
2024-08-10 04:00:00+00:00,1330.2137643359067,554.1736273724857
2024-08-10 05:00:00+00:00,952.0717392837806,537.5781815283793
2024-08-10 06:00:00+00:00,627.5447316391027,425.6121687501411
2024-08-10 07:00:00+00:00,625.1225766906143,356.4323829663301
2024-08-10 08:00:00+00:00,594.1637389382731,399.7263523955757
2024-08-10 09:00:00+00:00,535.2013140697891,485.4353462311101
2024-08-10 10:00:00+00:00,735.5292676478765,629.9837726281619
2024-08-10 11:00:00+00:00,828.5597874009956,684.1374498914162
2024-08-10 12:00:00+00:00,812.4242805301484,702.3196513244176
2024-08-10 13:00:00+00:00,763.6973122193223,686.1898537738781
2024-08-10 14:00:00+00:00,1170.3933415725055,812.311739182389
2024-08-10 15:00:00+00:00,1788.7989513052316,964.6093099112549
2024-08-10 16:00:00+00:00,1615.991276364023,940.7569308835531
2024-08-10 17:00:00+00:00,1849.5145729648002,754.8115293055804
2024-08-10 18:00:00+00:00,1466.5369471483702,537.9598834597955
2024-08-10 19:00:00+00:00,1130.8953927708665,416.1557924941264
2024-08-10 20:00:00+00:00,684.8409058910181,264.84535356964034
2024-08-10 21:00:00+00:00,556.4009880535281,187.43469955305676
2024-08-10 22:00:00+00:00,416.93854998512023,168.02775214592214
2024-08-10 23:00:00+00:00,322.5603645270069,161.4879192697825
2024-08-11 00:00:00+00:00,225.3424454007847,145.08030038698402
2024-08-11 01:00:00+00:00,154.86611168236112,108.14612670790524
2024-08-11 02:00:00+00:00,79.57431102093041,79.63131955188376
2024-08-11 03:00:00+00:00,30.16933673153474,82.09377843101852
2024-08-11 04:00:00+00:00,8.782416395332774,25.601311972581797
2024-08-11 05:00:00+00:00,0.0,26.30530019695816
2024-08-11 06:00:00+00:00,0.0,34.04965450580222
2024-08-11 07:00:00+00:00,5.125354439925817,50.581426913257054
2024-08-11 08:00:00+00:00,6.8410539544477365,83.36773100475253
2024-08-11 09:00:00+00:00,7.5985549606907865,105.9251527241562
2024-08-11 10:00:00+00:00,0.0,107.3425156825673
2024-08-11 11:00:00+00:00,0.0,112.37886195497694
2024-08-11 12:00:00+00:00,0.0,110.30574969038214
2024-08-11 13:00:00+00:00,30.53753950730822,124.29629395208472
2024-08-11 14:00:00+00:00,122.61841906260157,163.48593945711048
2024-08-11 15:00:00+00:00,229.44889822410227,220.06207406929312
2024-08-11 16:00:00+00:00,405.88482202879203,284.14445288384474
2024-08-11 17:00:00+00:00,1183.206120792437,453.6554791880856
2024-08-11 18:00:00+00:00,1661.337698059801,574.9451991012912
2024-08-11 19:00:00+00:00,1980.602502591424,767.7995556285147
2024-08-11 20:00:00+00:00,2052.609805065567,955.4510762970689
2024-08-11 21:00:00+00:00,2124.698973386833,1007.6459728540926
2024-08-11 22:00:00+00:00,2236.0659429894013,1018.4818757254626
2024-08-11 23:00:00+00:00,2131.9625835721445,983.0814770781867
2024-08-12 00:00:00+00:00,1923.6633543950186,892.1532935681864
2024-08-12 01:00:00+00:00,1889.9653976489733,856.0758082396786
2024-08-12 02:00:00+00:00,1899.4916405026513,860.4877580835263
2024-08-12 03:00:00+00:00,2033.3657184394117,881.6779487894661
2024-08-12 04:00:00+00:00,2184.60212973618,896.6204012522945
2024-08-12 05:00:00+00:00,2208.0372445407183,903.5467744668906
2024-08-12 06:00:00+00:00,2232.2981786589107,882.0407325493544
2024-08-12 07:00:00+00:00,1618.83858213915,595.3290208898801
2024-08-12 08:00:00+00:00,1274.2525549705044,428.3850114409167
2024-08-12 09:00:00+00:00,1382.7264474673432,461.82314572889317
2024-08-12 10:00:00+00:00,1391.4337415453651,576.070806115167
2024-08-12 11:00:00+00:00,1299.3801445577708,670.5951356579351
2024-08-12 12:00:00+00:00,1194.9092597417261,648.4071202680562
2024-08-12 13:00:00+00:00,1171.631877006704,643.7794258542777
2024-08-12 14:00:00+00:00,1180.1988572805546,695.4040193734511
2024-08-12 15:00:00+00:00,1128.27820163458,634.7958103501792
2024-08-12 16:00:00+00:00,962.4985064558155,557.7684670353527
2024-08-12 17:00:00+00:00,1122.48827346563,512.075615395483
2024-08-12 18:00:00+00:00,1344.0526729209635,522.4043564408797
2024-08-12 19:00:00+00:00,1416.0140105282228,609.3824160590373
2024-08-12 20:00:00+00:00,1513.606422359371,792.3759055016696
2024-08-12 21:00:00+00:00,1436.9822151191495,887.1378008301208
2024-08-12 22:00:00+00:00,1209.8256815746772,826.0918127378347
2024-08-12 23:00:00+00:00,1007.79780206702,782.8924825502992
2024-08-13 00:00:00+00:00,1041.8630906755716,733.86325895166
2024-08-13 01:00:00+00:00,1118.6230636173461,651.3627579768176
2024-08-13 02:00:00+00:00,937.5954189552232,489.3808736362644
2024-08-13 03:00:00+00:00,786.4051660616204,457.04038036947026
2024-08-13 04:00:00+00:00,549.2853847395824,355.6578507673049
2024-08-13 05:00:00+00:00,726.1851908192692,247.0622723334005
2024-08-13 06:00:00+00:00,950.7739817474079,313.9506369269544
2024-08-13 07:00:00+00:00,839.815760771612,393.3347683111536
2024-08-13 08:00:00+00:00,577.0149728650281,278.83014012696486
2024-08-13 09:00:00+00:00,358.7259088636498,299.6153077795538
2024-08-13 10:00:00+00:00,278.8437118587131,271.63659007559846
2024-08-13 11:00:00+00:00,243.51085737372097,184.29883118204089
2024-08-13 12:00:00+00:00,249.55460837600967,184.23893170288088
2024-08-13 13:00:00+00:00,329.20630366954225,246.51311313431654
2024-08-13 14:00:00+00:00,432.90684150865155,275.8361822344435
2024-08-13 15:00:00+00:00,416.91010015172276,413.19526799425415
2024-08-13 16:00:00+00:00,376.4154153077285,256.0284695721536
2024-08-13 17:00:00+00:00,212.65169080641178,243.6034886765092
2024-08-13 18:00:00+00:00,389.00833731174475,197.1883475376329
2024-08-13 19:00:00+00:00,466.77994858955884,240.1778964919149
2024-08-13 20:00:00+00:00,411.1053664572292,278.94398784462516
2024-08-13 21:00:00+00:00,418.756726582757,275.1253718561402
2024-08-13 22:00:00+00:00,563.4869319323162,205.0906879323632
2024-08-13 23:00:00+00:00,536.7507655404028,225.501217727815
2024-08-14 00:00:00+00:00,368.98178349901815,233.83653507257196
2024-08-14 01:00:00+00:00,200.23024194790685,66.6298424573772
2024-08-14 02:00:00+00:00,164.2092692136308,106.55506493674424
2024-08-14 03:00:00+00:00,179.44028427234787,114.57719219377695
2024-08-14 04:00:00+00:00,115.71962476813562,87.81122726250351
2024-08-14 05:00:00+00:00,220.32211425567874,78.10364091295185
2024-08-14 06:00:00+00:00,278.09937131961993,120.48943529270792
2024-08-14 07:00:00+00:00,312.70656151669476,136.7570306757576
2024-08-14 08:00:00+00:00,314.4392918459983,191.67604716466036
2024-08-14 09:00:00+00:00,204.92001312401354,195.25946818691207
2024-08-14 10:00:00+00:00,134.85668583055744,140.66162515735022
2024-08-14 11:00:00+00:00,93.08285317326958,124.63261162546205
2024-08-14 12:00:00+00:00,113.63572285584077,127.87613455312655
2024-08-14 13:00:00+00:00,199.51319002452144,138.81751469797697
2024-08-14 14:00:00+00:00,266.68943983697835,162.10917073376825
2024-08-14 15:00:00+00:00,246.78074961975557,185.849298718133
2024-08-14 16:00:00+00:00,188.1470945096658,171.0374832453951
2024-08-14 17:00:00+00:00,222.93166070884126,211.07110418649324
2024-08-14 18:00:00+00:00,191.4917885285448,231.97428058679728
2024-08-14 19:00:00+00:00,175.45653345157453,182.81585942416214
2024-08-14 20:00:00+00:00,99.06525317428617,109.12595251765408
2024-08-14 21:00:00+00:00,98.59825012674797,122.9359758126798
2024-08-14 22:00:00+00:00,101.2139897409222,128.98321046803758
2024-08-14 23:00:00+00:00,95.90751520344774,126.15656469097286
2024-08-15 00:00:00+00:00,98.40645567166702,107.11801359589332
2024-08-15 01:00:00+00:00,103.71369830625915,110.9621763735515
2024-08-15 02:00:00+00:00,109.58616969931813,159.13785658619594
2024-08-15 03:00:00+00:00,154.18689610203154,171.13531583575173
2024-08-15 04:00:00+00:00,199.35361936032947,150.01581425667197
2024-08-15 05:00:00+00:00,208.60358917200128,151.33965080699238
2024-08-15 06:00:00+00:00,563.8469578001914,239.2708887081239
2024-08-15 07:00:00+00:00,676.6314838974521,292.91275927464596
2024-08-15 08:00:00+00:00,1063.4880606381605,366.7283196119929
2024-08-15 09:00:00+00:00,1526.5166470970958,511.4993127329025
2024-08-15 10:00:00+00:00,2111.6869485649786,692.3233088426956
2024-08-15 11:00:00+00:00,2297.085223074824,874.0356848691742
2024-08-15 12:00:00+00:00,2408.7208210362746,1062.0891803946438
2024-08-15 13:00:00+00:00,3098.477742016608,1418.3396392562554
2024-08-15 14:00:00+00:00,3073.9133430088427,1469.1144633469255
2024-08-15 15:00:00+00:00,2393.789303373357,1250.1408373254378
2024-08-15 16:00:00+00:00,3422.680237701087,1476.0905753858967
2024-08-15 17:00:00+00:00,3779.0339481689402,1442.1906635299858
2024-08-15 18:00:00+00:00,3864.443444608675,1302.2392560460764
2024-08-15 19:00:00+00:00,3965.1024388220208,1141.9880215197993
2024-08-15 20:00:00+00:00,3910.5677853884063,1296.6799263566713
2024-08-15 21:00:00+00:00,3960.8740581412853,1403.2461317256261
2024-08-15 22:00:00+00:00,3917.5846368146576,1377.4569383596572
2024-08-15 23:00:00+00:00,3908.291798716608,1386.40992674719
2024-08-16 00:00:00+00:00,3769.7925907218005,1249.9018200176426
2024-08-16 01:00:00+00:00,3553.7139771688585,1110.8921600800743
2024-08-16 02:00:00+00:00,3276.609503296918,1005.2666378079117
2024-08-16 03:00:00+00:00,3257.6166267643,1056.8622492689133
2024-08-16 04:00:00+00:00,2804.750823989276,1031.9033265510748
2024-08-16 05:00:00+00:00,1551.023565829221,929.1971055508004
2024-08-16 06:00:00+00:00,850.1160519836111,782.0843234223432
2024-08-16 07:00:00+00:00,571.0171383455527,572.1017156677259
2024-08-16 08:00:00+00:00,400.63880338728717,468.6468479460923
2024-08-16 09:00:00+00:00,279.3824200985899,357.6455167635665
2024-08-16 10:00:00+00:00,368.6231607691846,298.344016329692
2024-08-16 11:00:00+00:00,451.3832664737789,303.738840179724
2024-08-16 12:00:00+00:00,603.7404463773823,252.83763689715892
2024-08-16 13:00:00+00:00,466.02593123638485,303.1970353593414
2024-08-16 14:00:00+00:00,258.6686189498466,254.1750209871924
2024-08-16 15:00:00+00:00,208.48417728624452,179.54112877108716
2024-08-16 16:00:00+00:00,222.2028030722773,226.91722593225478
2024-08-16 17:00:00+00:00,181.2714278008529,240.90094804003039
2024-08-16 18:00:00+00:00,152.7238585811592,197.2906798465371
2024-08-16 19:00:00+00:00,113.7747786741815,146.15355583668276
2024-08-16 20:00:00+00:00,79.83500439226647,130.65100937485911
2024-08-16 21:00:00+00:00,45.66201284299598,96.0669044273757
2024-08-16 22:00:00+00:00,23.736964875762126,81.12406489198409
2024-08-16 23:00:00+00:00,31.710853214602164,102.07542577840158
2024-08-17 00:00:00+00:00,29.297359014716125,93.65311992306724
2024-08-17 01:00:00+00:00,67.87494602913289,114.95942634996756
2024-08-17 02:00:00+00:00,65.16901850772582,106.2123121820032
2024-08-17 03:00:00+00:00,61.82480832955087,99.58868414393288
2024-08-17 04:00:00+00:00,36.4012049995537,96.33282327831539
2024-08-17 05:00:00+00:00,21.075550699126637,96.33175882876651
2024-08-17 06:00:00+00:00,23.98817496929904,101.51233196704129
2024-08-17 07:00:00+00:00,20.432042562755115,96.04435745056749
2024-08-17 08:00:00+00:00,0.0,99.45717624057515
2024-08-17 09:00:00+00:00,30.306941027763358,116.4102227010277
2024-08-17 10:00:00+00:00,31.648921604485206,106.42984696253902
2024-08-17 11:00:00+00:00,24.674841696470818,114.78906603807552
2024-08-17 12:00:00+00:00,47.572119174400115,121.10265500100661
2024-08-17 13:00:00+00:00,65.65285921176456,144.26918983073347
2024-08-17 14:00:00+00:00,43.43005567526527,130.63528455197786
2024-08-17 15:00:00+00:00,56.43559703168578,150.76339652848225
2024-08-17 16:00:00+00:00,72.32202270809374,155.6052872219387
2024-08-17 17:00:00+00:00,87.9786240500833,147.30848359722322
2024-08-17 18:00:00+00:00,89.17835545981777,156.0811929384312
2024-08-17 19:00:00+00:00,104.7196998980965,160.9983692454361
2024-08-17 20:00:00+00:00,115.89467833485683,167.79468607878667
2024-08-17 21:00:00+00:00,139.76670129514258,202.50590202722987
2024-08-17 22:00:00+00:00,178.63159291961753,229.9161673840277
2024-08-17 23:00:00+00:00,185.6465089830528,237.59467097305208
2024-08-18 00:00:00+00:00,170.92323635915395,239.34917413403736
2024-08-18 01:00:00+00:00,209.21787332984886,232.28272903562197
2024-08-18 02:00:00+00:00,194.40228389961942,186.66723142831052
2024-08-18 03:00:00+00:00,149.1068590140472,141.98468756254417
2024-08-18 04:00:00+00:00,102.5414490485141,103.78502852205206
2024-08-18 05:00:00+00:00,55.73044758961972,80.86269414366235
2024-08-18 06:00:00+00:00,17.791143231970867,31.04771324166427
2024-08-18 07:00:00+00:00,14.621889852376317,41.066022091349595
2024-08-18 08:00:00+00:00,46.03718292490762,62.85994922778895
2024-08-18 09:00:00+00:00,109.71990326991444,107.0154877507075
2024-08-18 10:00:00+00:00,201.4060716268618,160.21982116856736
2024-08-18 11:00:00+00:00,372.04110827065506,225.36593586696577
2024-08-18 12:00:00+00:00,523.2337077916725,305.69471784173015
2024-08-18 13:00:00+00:00,590.3387846365653,368.60339587642466
2024-08-18 14:00:00+00:00,680.575414628283,441.44938782694834
2024-08-18 15:00:00+00:00,657.3050475834694,502.14749445303056
2024-08-18 16:00:00+00:00,574.6868765494049,514.4759491282193
2024-08-18 17:00:00+00:00,472.54824907903827,416.9172126100721
2024-08-18 18:00:00+00:00,378.1010195524587,344.2244046264471
2024-08-18 19:00:00+00:00,293.92986501064104,263.9951003004331
2024-08-18 20:00:00+00:00,307.32538197451674,217.44352817903544
2024-08-18 21:00:00+00:00,356.56227000332933,233.51057159026107
2024-08-18 22:00:00+00:00,392.7543288105535,224.84711348002503
2024-08-18 23:00:00+00:00,365.65441097734373,204.26046566830314
2024-08-19 00:00:00+00:00,272.18683791626654,199.01774923960338
2024-08-19 01:00:00+00:00,256.07552308062134,238.1835051098672
2024-08-19 02:00:00+00:00,200.61983048279885,221.97605112632957
2024-08-19 03:00:00+00:00,133.36394049045714,179.84996429247508
2024-08-19 04:00:00+00:00,189.21754368328112,162.2623063165965
2024-08-19 05:00:00+00:00,285.5427767105519,210.37340589126939
2024-08-19 06:00:00+00:00,391.11904399904336,258.1125650207301
2024-08-19 07:00:00+00:00,559.0097119774937,267.77713793169266
2024-08-19 08:00:00+00:00,749.4515903703096,250.61414694174888
2024-08-19 09:00:00+00:00,898.2128177774268,306.7041547025662
2024-08-19 10:00:00+00:00,1344.8064967378557,406.13022603388043
2024-08-19 11:00:00+00:00,1378.9411681033664,419.4963254829506
2024-08-19 12:00:00+00:00,1078.665079074307,353.21208439245953
2024-08-19 13:00:00+00:00,1007.8153171005063,317.5209942501971
2024-08-19 14:00:00+00:00,802.7266612991,289.1913952676728
2024-08-19 15:00:00+00:00,867.6209248150286,267.9283381517048
2024-08-19 16:00:00+00:00,604.2403022087248,243.35440748207003
2024-08-19 17:00:00+00:00,478.62161113241416,265.9717831127129
2024-08-19 18:00:00+00:00,562.7023842307174,305.8253548318206
2024-08-19 19:00:00+00:00,814.1633975567453,434.38836174441815
2024-08-19 20:00:00+00:00,1136.1854167244035,655.9792272862625
2024-08-19 21:00:00+00:00,1459.964455024708,786.8629761357819
2024-08-19 22:00:00+00:00,1680.5513994897424,848.24823332974
2024-08-19 23:00:00+00:00,1844.0516243436396,867.6320531512215
2024-08-20 00:00:00+00:00,1690.8436589460543,814.109207397893
2024-08-20 01:00:00+00:00,1283.0545850583771,794.216677460185
2024-08-20 02:00:00+00:00,1508.4500352082894,797.3323696738424
2024-08-20 03:00:00+00:00,1746.6277826137784,813.6605902971082
2024-08-20 04:00:00+00:00,1948.5556038638404,834.8661671374365
2024-08-20 05:00:00+00:00,2200.753700118401,864.1122087974804
2024-08-20 06:00:00+00:00,2128.687562614647,773.9680407643045
2024-08-20 07:00:00+00:00,2070.848664245011,670.8452329178527
2024-08-20 08:00:00+00:00,1968.6771839908404,607.9682464492728
2024-08-20 09:00:00+00:00,1975.4528892101987,599.7920643120742
2024-08-20 10:00:00+00:00,1990.9257278527944,700.1179825847597
2024-08-20 11:00:00+00:00,1957.0698455009508,766.9304809559203
2024-08-20 12:00:00+00:00,2207.4148318590433,834.1084725949117
2024-08-20 13:00:00+00:00,2317.0939715496424,819.2848514089953
2024-08-20 14:00:00+00:00,2427.2089549464395,894.5426925010113
2024-08-20 15:00:00+00:00,2631.177229213574,816.9883498913458
2024-08-20 16:00:00+00:00,2604.9474505025073,776.6990312341809
2024-08-20 17:00:00+00:00,2645.4383371969748,682.7246834196935
2024-08-20 18:00:00+00:00,2772.360785434388,746.1635057138031
2024-08-20 19:00:00+00:00,2733.8370015062605,709.6892710079836
2024-08-20 20:00:00+00:00,2527.100964875743,760.0115105040959
2024-08-20 21:00:00+00:00,1729.515498129618,867.6557613457194
2024-08-20 22:00:00+00:00,1331.6362560057805,873.2969568822479
2024-08-20 23:00:00+00:00,1962.7623281521076,951.8711389278861
2024-08-21 00:00:00+00:00,2617.7498755313723,792.3001844314875
2024-08-21 01:00:00+00:00,3056.5862332520887,958.9256331609118
2024-08-21 02:00:00+00:00,3129.4719969084845,1039.7370946220253
2024-08-21 03:00:00+00:00,3324.1609806172823,1119.1165811354656
2024-08-21 04:00:00+00:00,3283.8891769936035,1132.2638878181695
2024-08-21 05:00:00+00:00,3344.329396524433,1253.87047500845
2024-08-21 06:00:00+00:00,3268.038555529294,1226.1711753110771
2024-08-21 07:00:00+00:00,3008.3655074698986,1162.8435879948258
2024-08-21 08:00:00+00:00,2523.5029318642296,1171.1259731665612
2024-08-21 09:00:00+00:00,2414.1322890065253,1263.6602175095475
2024-08-21 10:00:00+00:00,1781.229553794968,1247.1488631798031
2024-08-21 11:00:00+00:00,1585.0028275605946,1268.6720330582623
2024-08-21 12:00:00+00:00,1581.3736352077408,1212.8402026971203
2024-08-21 13:00:00+00:00,1208.5183439923646,1041.8591231817984
2024-08-21 14:00:00+00:00,1270.9088286330334,1072.7093870801532
2024-08-21 15:00:00+00:00,1325.2303018524483,1103.2291877776497
2024-08-21 16:00:00+00:00,2212.9644847343675,1268.9634019302346
2024-08-21 17:00:00+00:00,2615.427053079423,1276.7598174988332
2024-08-21 18:00:00+00:00,3290.9385425151663,1129.1115688632162
2024-08-21 19:00:00+00:00,3756.0282903733064,965.8763919469916
2024-08-21 20:00:00+00:00,3738.521772483495,995.6460460169462
2024-08-21 21:00:00+00:00,3807.8994974993284,1211.3275231200134
2024-08-21 22:00:00+00:00,3730.05726967076,1394.5144520761205
2024-08-21 23:00:00+00:00,3598.9716624795155,1429.696154725171
2024-08-22 00:00:00+00:00,3495.4429122823753,1364.1147406413666
2024-08-22 01:00:00+00:00,3392.531155751025,1269.222934083881
2024-08-22 02:00:00+00:00,3539.5927959170654,1303.525498173693
2024-08-22 03:00:00+00:00,3732.7679388310667,1428.172540348153
2024-08-22 04:00:00+00:00,3786.6066357959917,1460.1097040040604
2024-08-22 05:00:00+00:00,3992.881475467419,1549.4775980116765
2024-08-22 06:00:00+00:00,4044.4023819237173,1642.2341187740985
2024-08-22 07:00:00+00:00,3725.34195170548,1706.1651522164268
2024-08-22 08:00:00+00:00,3158.721328685316,1696.7532893051837
2024-08-22 09:00:00+00:00,1940.7609301217763,1397.1263209646625
2024-08-22 10:00:00+00:00,1663.7396768509307,1528.5986136465744
2024-08-22 11:00:00+00:00,2345.7565013206154,1757.090934606757
2024-08-22 12:00:00+00:00,1986.618964978005,1557.6769561185986
2024-08-22 13:00:00+00:00,1774.8865957013018,1353.7068432567892
2024-08-22 14:00:00+00:00,1916.9180343718738,1502.7261029113702
2024-08-22 15:00:00+00:00,2831.5699206778613,1806.8845297496366
2024-08-22 16:00:00+00:00,3927.186745890729,2081.530512236215
2024-08-22 17:00:00+00:00,4004.95620407741,1894.3437689479606
2024-08-22 18:00:00+00:00,3926.8627661553046,1687.8690062976243
2024-08-22 19:00:00+00:00,3845.756355401009,1392.0908939895905
2024-08-22 20:00:00+00:00,3881.729718210008,1490.6758566410037
2024-08-22 21:00:00+00:00,3933.8370395996003,1486.2858731651195
2024-08-22 22:00:00+00:00,3685.737074108248,1470.133044797068
2024-08-22 23:00:00+00:00,3735.6245343477112,1425.3911336769158
2024-08-23 00:00:00+00:00,3729.3504751703,1509.4183939933523
2024-08-23 01:00:00+00:00,3688.513158531741,1641.62331826932
2024-08-23 02:00:00+00:00,3653.402193393621,1637.906647517176
2024-08-23 03:00:00+00:00,3412.638027120622,1816.9553836997804
2024-08-23 04:00:00+00:00,3419.6591363450693,1915.5565066307088
2024-08-23 05:00:00+00:00,3734.6022757082183,2105.614941265574
2024-08-23 06:00:00+00:00,3898.390482549159,2137.3196678472614
2024-08-23 07:00:00+00:00,3817.467157117272,2208.1080788197896
2024-08-23 08:00:00+00:00,3276.9036784449736,2084.364851080474
2024-08-23 09:00:00+00:00,3181.7535009515314,1962.3617080491633
2024-08-23 10:00:00+00:00,3224.4806993800657,2057.4575018474716
2024-08-23 11:00:00+00:00,3294.887456805249,2149.0235809416768
2024-08-23 12:00:00+00:00,2717.529634417339,1813.7682282141366
2024-08-23 13:00:00+00:00,2591.0244504030884,1585.460153794052
2024-08-23 14:00:00+00:00,1650.5608237543236,1535.6766225378165
2024-08-23 15:00:00+00:00,1765.038114938734,1270.8910232951248
2024-08-23 16:00:00+00:00,1435.4283123140588,1106.898829213361
2024-08-23 17:00:00+00:00,1547.6870971023109,900.6382144586322
2024-08-23 18:00:00+00:00,1419.9187017779561,486.8738046442173
2024-08-23 19:00:00+00:00,1494.508262089554,371.5892252451181
2024-08-23 20:00:00+00:00,1776.5715225690462,403.6071902986001
2024-08-23 21:00:00+00:00,1960.9728916922907,473.798445074204
2024-08-23 22:00:00+00:00,2543.7476010663368,661.0009131853398
2024-08-23 23:00:00+00:00,2665.6394607357183,702.075311768878
2024-08-24 00:00:00+00:00,2429.3419183061237,735.5394766867317
2024-08-24 01:00:00+00:00,2423.252299205092,967.668054074047
2024-08-24 02:00:00+00:00,2463.2057356455134,998.2412707852693
2024-08-24 03:00:00+00:00,2051.774115401551,874.7710259711723
2024-08-24 04:00:00+00:00,1567.6527837544695,820.6563462686636
2024-08-24 05:00:00+00:00,1396.4663622443536,867.6508261705382
2024-08-24 06:00:00+00:00,987.4760086566889,736.489884981675
2024-08-24 07:00:00+00:00,638.3447819143033,632.1243806709701
2024-08-24 08:00:00+00:00,534.5757564235374,647.560350651918
2024-08-24 09:00:00+00:00,580.1696142553607,928.1280111311564
2024-08-24 10:00:00+00:00,554.5651512701938,1099.339205285319
2024-08-24 11:00:00+00:00,559.1450906064838,1250.456398232612
2024-08-24 12:00:00+00:00,540.8795718042469,1257.2559084146092
2024-08-24 13:00:00+00:00,637.8756983517378,1110.0571477930444
2024-08-24 14:00:00+00:00,1153.709933488405,1305.8692225440566
2024-08-24 15:00:00+00:00,1383.9865621969416,1443.7666294711807
2024-08-24 16:00:00+00:00,1081.3511691268484,1101.3093078640238
2024-08-24 17:00:00+00:00,746.5223219799183,1066.8552048657068
2024-08-24 18:00:00+00:00,1604.7767197576723,507.4646134859939
2024-08-24 19:00:00+00:00,2217.490524216227,621.074620208415
2024-08-24 20:00:00+00:00,2695.0738131977746,809.4930283928705
2024-08-24 21:00:00+00:00,2803.70669574996,1133.5445173936193
2024-08-24 22:00:00+00:00,2680.246224518085,1349.3311814657445
2024-08-24 23:00:00+00:00,3016.7562729593383,1243.2955558128385
2024-08-25 00:00:00+00:00,3139.2655133670737,1243.4324827320816
2024-08-25 01:00:00+00:00,3215.302821833296,1277.14398701784
2024-08-25 02:00:00+00:00,3181.9421988261065,1259.8177481743535
2024-08-25 03:00:00+00:00,2747.121718948911,1208.3447419477554
2024-08-25 04:00:00+00:00,2487.696590866265,1072.4484034043946
2024-08-25 05:00:00+00:00,2406.0989850292294,1058.8531569978918
2024-08-25 06:00:00+00:00,2456.8436174599674,1015.3523940517401
2024-08-25 07:00:00+00:00,2338.421089174825,1095.7310116190206
2024-08-25 08:00:00+00:00,1891.3838250569333,952.5032284236424
2024-08-25 09:00:00+00:00,1779.4345047829843,1020.372241356142
2024-08-25 10:00:00+00:00,1187.3203150670192,1060.0556946837098
2024-08-25 11:00:00+00:00,1147.8940714577186,1031.302783469222
2024-08-25 12:00:00+00:00,1162.024058610325,968.2019239068833
2024-08-25 13:00:00+00:00,1375.5354133876376,1013.6741441857113
2024-08-25 14:00:00+00:00,1872.5161664985203,1064.6229573935539
2024-08-25 15:00:00+00:00,2361.0907679855745,1080.0277680331617
2024-08-25 16:00:00+00:00,2445.3932368944684,1062.5177664902812
2024-08-25 17:00:00+00:00,3185.1636102335965,1225.001925865697
2024-08-25 18:00:00+00:00,3767.4252549250796,1116.2218589713427
2024-08-25 19:00:00+00:00,3824.0721633362455,1080.3861004585726
2024-08-25 20:00:00+00:00,3809.859245886967,1136.7867339513828
2024-08-25 21:00:00+00:00,3850.2634283272705,1191.4366382406993
2024-08-25 22:00:00+00:00,3850.5901175706376,1291.057310303178
2024-08-25 23:00:00+00:00,3812.6821660906107,1330.0835144183793
2024-08-26 00:00:00+00:00,3624.9922284701556,1440.3214901221434
2024-08-26 01:00:00+00:00,3627.7067683560945,1437.9488320776782
2024-08-26 02:00:00+00:00,3538.7381396974515,1496.9400454680526
2024-08-26 03:00:00+00:00,3514.7659617114296,1479.9385605051168
2024-08-26 04:00:00+00:00,3539.3876474585527,1386.6180750180674
2024-08-26 05:00:00+00:00,3355.1987811725226,1286.4508564963066
2024-08-26 06:00:00+00:00,3299.3767243936018,1219.7704466373486
2024-08-26 07:00:00+00:00,2909.309961349737,1070.638161794304
2024-08-26 08:00:00+00:00,2584.039919535867,1031.7889466086401
2024-08-26 09:00:00+00:00,2053.791924673674,1098.6080252133756
2024-08-26 10:00:00+00:00,2123.232161908469,1086.7608952705648
2024-08-26 11:00:00+00:00,2227.33242474522,1022.6416477943653
2024-08-26 12:00:00+00:00,2364.583323723608,1024.2300000575838
2024-08-26 13:00:00+00:00,2365.9361423321,1008.8841212157278
2024-08-26 14:00:00+00:00,2147.437938186401,958.6266196058159
2024-08-26 15:00:00+00:00,1991.6656170574104,869.6445401756002
2024-08-26 16:00:00+00:00,1904.3542395782406,771.0686253453524
2024-08-26 17:00:00+00:00,1756.4147188387924,574.2190993567402
2024-08-26 18:00:00+00:00,1579.3508907604364,342.43129097727956
2024-08-26 19:00:00+00:00,1493.5842231129807,287.6511367704359
2024-08-26 20:00:00+00:00,1372.5834044841565,254.75282355595547
2024-08-26 21:00:00+00:00,1428.8155646438204,288.8529970792681
2024-08-26 22:00:00+00:00,1379.2316660620713,287.6171711530124
2024-08-26 23:00:00+00:00,1405.0849199372549,344.1771333896625
2024-08-27 00:00:00+00:00,1496.959495864355,462.5019258525891
2024-08-27 01:00:00+00:00,1349.1635790458654,508.0189013965407
2024-08-27 02:00:00+00:00,1180.1497958331652,434.2552087826667
2024-08-27 03:00:00+00:00,1221.7228406462857,414.25845955730887
2024-08-27 04:00:00+00:00,1307.0914041624585,449.3113638109442
2024-08-27 05:00:00+00:00,1359.964935690967,506.19961196528465
2024-08-27 06:00:00+00:00,1191.9170920598096,421.9552523249459
2024-08-27 07:00:00+00:00,996.2138814672062,348.75020218795504
2024-08-27 08:00:00+00:00,759.3799048490438,236.45358105664712
2024-08-27 09:00:00+00:00,624.2335193969432,201.71937057874447
2024-08-27 10:00:00+00:00,588.7914620650495,257.71344482396853
2024-08-27 11:00:00+00:00,510.4874566685463,297.5957082968257
2024-08-27 12:00:00+00:00,408.9708548072919,273.1207714352373
2024-08-27 13:00:00+00:00,208.49617653570468,218.54276587454106
2024-08-27 14:00:00+00:00,101.723564722407,191.19777062871805
2024-08-27 15:00:00+00:00,56.80002584996775,182.63146773185298
2024-08-27 16:00:00+00:00,36.078289713678245,168.3287494479046
2024-08-27 17:00:00+00:00,40.90353628691579,156.17418712174745
2024-08-27 18:00:00+00:00,64.9188728637378,145.89489459630363
2024-08-27 19:00:00+00:00,151.71514748137923,207.66563977518697
2024-08-27 20:00:00+00:00,188.77241023556547,273.9378332321475
2024-08-27 21:00:00+00:00,249.0965079974258,317.08781166787116
2024-08-27 22:00:00+00:00,320.04865066420103,340.58437424182284
2024-08-27 23:00:00+00:00,288.1816439103792,311.784482094973
2024-08-28 00:00:00+00:00,344.10046883010756,256.1850404239805
2024-08-28 01:00:00+00:00,370.97036879261736,195.24592064719897
2024-08-28 02:00:00+00:00,339.47185511899136,183.70917451602887
2024-08-28 03:00:00+00:00,218.29317664736269,173.29010041118826
2024-08-28 04:00:00+00:00,205.1554500105988,180.67365470703064
2024-08-28 05:00:00+00:00,177.85009341445416,199.4454644219736
2024-08-28 06:00:00+00:00,209.74584030609591,189.30058284411174
2024-08-28 07:00:00+00:00,267.5389673451296,244.92180944280352
2024-08-28 08:00:00+00:00,263.4859305355379,242.08297087999705
2024-08-28 09:00:00+00:00,192.10229872890088,195.59273766385394
2024-08-28 10:00:00+00:00,170.60438533519243,192.27925137038545
2024-08-28 11:00:00+00:00,153.55354862044484,227.50426985846497
2024-08-28 12:00:00+00:00,149.75985042821787,272.33409483454074
2024-08-28 13:00:00+00:00,160.70519806684143,355.67343043797496
2024-08-28 14:00:00+00:00,179.04769592509084,408.85134615339433
2024-08-28 15:00:00+00:00,196.0343753624829,386.73731000716293
2024-08-28 16:00:00+00:00,205.9700442199184,359.88608629582905
2024-08-28 17:00:00+00:00,234.52041971569554,298.92477032674975
2024-08-28 18:00:00+00:00,289.9339214041259,260.0302192671172
2024-08-28 19:00:00+00:00,307.2461288671952,239.5833530347921
2024-08-28 20:00:00+00:00,276.7130709344081,236.80625254582094
2024-08-28 21:00:00+00:00,266.1017669178529,277.8285898696046
2024-08-28 22:00:00+00:00,266.12083024159205,281.20937840500494
2024-08-28 23:00:00+00:00,335.18376849537765,298.2313298297214
2024-08-29 00:00:00+00:00,535.3987694611072,337.0411603820768
2024-08-29 01:00:00+00:00,608.0203560930978,278.6522802841602
2024-08-29 02:00:00+00:00,794.2901728631285,336.1613444458527
2024-08-29 03:00:00+00:00,737.2820289823272,358.29439553175285
2024-08-29 04:00:00+00:00,806.449089755622,380.932769848951
2024-08-29 05:00:00+00:00,668.1805770085002,331.08808112772493
2024-08-29 06:00:00+00:00,397.4221336186968,262.18374585672325
2024-08-29 07:00:00+00:00,363.9221644887442,231.6063197313758
2024-08-29 08:00:00+00:00,470.4740239808242,227.9093896799566
2024-08-29 09:00:00+00:00,583.2436961684708,250.66475667939133
2024-08-29 10:00:00+00:00,531.3348462356747,279.6455568654813
2024-08-29 11:00:00+00:00,379.01509141052867,356.918159033185
2024-08-29 12:00:00+00:00,391.9483469657658,394.1055749367577
2024-08-29 13:00:00+00:00,409.3073176328804,359.19153296518147
2024-08-29 14:00:00+00:00,280.0278635977775,354.38588194045747
2024-08-29 15:00:00+00:00,171.47404061663167,347.4287848411549
2024-08-29 16:00:00+00:00,192.7044868691475,299.09513063864176
2024-08-29 17:00:00+00:00,179.77355374928976,257.0141982384917
2024-08-29 18:00:00+00:00,150.63908575559708,245.12032928367063
2024-08-29 19:00:00+00:00,116.7810745046558,242.6581123248879
2024-08-29 20:00:00+00:00,62.214783937006096,213.1388458192732
2024-08-29 21:00:00+00:00,49.5615753812666,152.46162901558782
2024-08-29 22:00:00+00:00,22.25147714622239,95.04358133833377
2024-08-29 23:00:00+00:00,11.944218628085126,71.8805785457464
2024-08-30 00:00:00+00:00,15.795010023388645,71.85232224863053
2024-08-30 01:00:00+00:00,49.22414487426998,87.63230297014998
2024-08-30 02:00:00+00:00,93.9162204019059,102.01233295059492
2024-08-30 03:00:00+00:00,45.1963645494291,65.35453512967189
2024-08-30 04:00:00+00:00,65.74382126412385,86.31219199325068
2024-08-30 05:00:00+00:00,86.62541836902776,76.52244949215326
2024-08-30 06:00:00+00:00,60.8647716045972,58.612408455173664
2024-08-30 07:00:00+00:00,60.797130674172585,55.36119246031495
2024-08-30 08:00:00+00:00,59.01030695415752,64.02648916522635
2024-08-30 09:00:00+00:00,0.0,66.69670924267534
2024-08-30 10:00:00+00:00,0.04531741100406433,94.4381998494405
2024-08-30 11:00:00+00:00,46.43277108452969,152.03091402085252
2024-08-30 12:00:00+00:00,67.77469423525605,198.07338895346055
2024-08-30 13:00:00+00:00,125.71770907639213,226.76433226977852
2024-08-30 14:00:00+00:00,347.14285917710316,315.1533681490539
2024-08-30 15:00:00+00:00,866.8329418444312,500.8088039930962
2024-08-30 16:00:00+00:00,1388.6506898157343,663.8792815336662
2024-08-30 17:00:00+00:00,1720.2346592810284,705.6059941543895
2024-08-30 18:00:00+00:00,2251.4313689957003,865.338551445937
2024-08-30 19:00:00+00:00,2435.7249384100846,915.1739504256456
2024-08-30 20:00:00+00:00,2594.824341756327,973.7824458191253
2024-08-30 21:00:00+00:00,2591.70511750553,1007.9338580729957
2024-08-30 22:00:00+00:00,2512.9764935071626,924.2523503236653
2024-08-30 23:00:00+00:00,2380.934817084738,926.7032937940439
2024-08-31 00:00:00+00:00,2351.0510733767705,876.0992654718995
2024-08-31 01:00:00+00:00,2471.764877699959,959.4640510963661
2024-08-31 02:00:00+00:00,2418.8961845784906,989.4859797094067
2024-08-31 03:00:00+00:00,2558.7677583462337,1015.2144994510891
2024-08-31 04:00:00+00:00,2617.331256554238,1046.6751767816593
2024-08-31 05:00:00+00:00,2747.0011458454646,1109.7242653886656
2024-08-31 06:00:00+00:00,2806.504456236994,1097.8804255626421
2024-08-31 07:00:00+00:00,2929.070596311524,1020.5737126253038
2024-08-31 08:00:00+00:00,2864.338129127026,1047.6167307917185
2024-08-31 09:00:00+00:00,2700.1111755356624,1315.6671903371227
2024-08-31 10:00:00+00:00,2283.3704680144237,1370.9684409822162
2024-08-31 11:00:00+00:00,1599.649750121396,1158.6469472642755
2024-08-31 12:00:00+00:00,1846.2631634336599,1157.6629120404016
2024-08-31 13:00:00+00:00,1332.421723004717,1140.791193154289
2024-08-31 14:00:00+00:00,1110.693495086996,1099.518323113954
2024-08-31 15:00:00+00:00,2684.766651447778,1464.7470268478494
2024-08-31 16:00:00+00:00,3120.3266334570258,1387.0484997083804
2024-08-31 17:00:00+00:00,2725.8369857694024,1243.2297534770894
2024-08-31 18:00:00+00:00,2376.9504856551193,1077.3793207873944
2024-08-31 19:00:00+00:00,2858.059425078856,1324.1685618115057
2024-08-31 20:00:00+00:00,2897.4163826993386,1448.4804959143485
2024-08-31 21:00:00+00:00,3189.069172396597,1414.2361862453029
2024-08-31 22:00:00+00:00,3167.308146428032,1375.435645434465
2024-08-31 23:00:00+00:00,2894.377476005412,1273.9264463359823
2024-09-01 00:00:00+00:00,2682.199973280993,1235.0384271258542
2024-09-01 01:00:00+00:00,2482.7393525489656,1274.797843443956
2024-09-01 02:00:00+00:00,2276.319554202608,1127.1421436614971
2024-09-01 03:00:00+00:00,1878.0286604077744,969.102544993381
2024-09-01 04:00:00+00:00,1743.2306402625816,951.9710036491998
2024-09-01 05:00:00+00:00,1746.6726830311131,1125.8761260753092
2024-09-01 06:00:00+00:00,1722.515484359867,1194.0444428673272
2024-09-01 07:00:00+00:00,1855.592966961498,894.3108360356359
2024-09-01 08:00:00+00:00,1550.25309789211,642.3484669720831
2024-09-01 09:00:00+00:00,1089.0583644696223,591.3812194334167
2024-09-01 10:00:00+00:00,1030.5338638223636,616.5692407246174
2024-09-01 11:00:00+00:00,981.2508173903857,622.9749529575976
2024-09-01 12:00:00+00:00,977.2831300809864,735.1891276329374
2024-09-01 13:00:00+00:00,1092.5948529435823,854.2182470087331
2024-09-01 14:00:00+00:00,1526.9572324421936,860.8866363599358
2024-09-01 15:00:00+00:00,1844.6223628381238,886.12299333747
2024-09-01 16:00:00+00:00,2209.568310064579,959.2308398770194
2024-09-01 17:00:00+00:00,2211.18936995939,931.2784914914342
2024-09-01 18:00:00+00:00,2187.837862828509,876.230870143398
2024-09-01 19:00:00+00:00,2299.578357454595,1091.3595108580305
2024-09-01 20:00:00+00:00,2755.5389989089326,1239.287322652441
2024-09-01 21:00:00+00:00,2366.7393179008045,1141.6269795864455
2024-09-01 22:00:00+00:00,1987.608903058468,1002.585192626129
2024-09-01 23:00:00+00:00,1830.8390959340313,877.0433354536199
2024-09-02 00:00:00+00:00,1561.9589463493414,833.850198427096
2024-09-02 01:00:00+00:00,1307.4931854830922,725.2181867881774
2024-09-02 02:00:00+00:00,819.6973739932588,597.673374253159
2024-09-02 03:00:00+00:00,674.7002337272814,534.4118311930091
2024-09-02 04:00:00+00:00,609.1521562679852,459.53274060411457
2024-09-02 05:00:00+00:00,444.65739684693636,319.69435830866865
2024-09-02 06:00:00+00:00,420.2096034488445,253.59102525741764
2024-09-02 07:00:00+00:00,441.74438550420075,220.85150856200272
2024-09-02 08:00:00+00:00,352.69018961704813,145.57560811570846
2024-09-02 09:00:00+00:00,410.11775081214535,167.0756020244443
2024-09-02 10:00:00+00:00,403.0595551977338,156.76340833112585
2024-09-02 11:00:00+00:00,447.71962466279757,196.89963978953298
2024-09-02 12:00:00+00:00,561.4041912377111,227.47780377195406
2024-09-02 13:00:00+00:00,626.4184472482413,244.99912718730891
2024-09-02 14:00:00+00:00,709.1627555538487,235.6305680190772
2024-09-02 15:00:00+00:00,749.6920108161465,237.3700237341669
2024-09-02 16:00:00+00:00,687.6922759280592,203.04075163749187
2024-09-02 17:00:00+00:00,669.5813926148331,185.2320631319908
2024-09-02 18:00:00+00:00,689.8957832623925,214.66483101574096
2024-09-02 19:00:00+00:00,415.31855453985776,207.17623490305178
2024-09-02 20:00:00+00:00,180.1614004576472,148.44928320920576
2024-09-02 21:00:00+00:00,136.2497599856258,166.47326873198645
2024-09-02 22:00:00+00:00,155.28956906653582,98.79392740347885
2024-09-02 23:00:00+00:00,130.32716269562837,38.24639200449344
2024-09-03 00:00:00+00:00,213.80313491388318,63.7648281124822
2024-09-03 01:00:00+00:00,370.14242057986627,108.51834536152224
2024-09-03 02:00:00+00:00,339.9993382545344,89.47292977645415
2024-09-03 03:00:00+00:00,283.0222569469325,64.57022934842509
2024-09-03 04:00:00+00:00,341.5214043412995,99.41256612766277
2024-09-03 05:00:00+00:00,244.97921714233772,124.03826170462085
2024-09-03 06:00:00+00:00,337.17506329691946,139.2550034625688
2024-09-03 07:00:00+00:00,368.6255799727048,167.4040814784162
2024-09-03 08:00:00+00:00,280.450933909389,147.693136956934
2024-09-03 09:00:00+00:00,360.6592395488478,175.0941488602671
2024-09-03 10:00:00+00:00,458.3659587463252,208.88796654580005
2024-09-03 11:00:00+00:00,633.0989810011154,254.5672706459566
2024-09-03 12:00:00+00:00,736.6790183128838,298.9508977247678
2024-09-03 13:00:00+00:00,721.1975189216859,288.48740704329646
2024-09-03 14:00:00+00:00,709.3340351630784,280.3885910346736
2024-09-03 15:00:00+00:00,628.9895283654328,293.5072543476984
2024-09-03 16:00:00+00:00,619.9795435429642,175.04682923941212
2024-09-03 17:00:00+00:00,580.2399163096576,79.58970925133643
2024-09-03 18:00:00+00:00,514.7958162176593,116.01710212899623
2024-09-03 19:00:00+00:00,426.9721482010532,82.90808233591572
2024-09-03 20:00:00+00:00,525.5458857481328,63.05754977131837
2024-09-03 21:00:00+00:00,582.6199287328241,117.40490242039056
2024-09-03 22:00:00+00:00,678.0213163198033,144.58852469539903
2024-09-03 23:00:00+00:00,606.0974279830366,149.47894461147058
2024-09-04 00:00:00+00:00,631.615573786603,163.30222514178698
2024-09-04 01:00:00+00:00,627.9176276697053,115.39928593400917
2024-09-04 02:00:00+00:00,587.4391756813316,140.08493542220646
2024-09-04 03:00:00+00:00,615.3748315626275,140.7939555899048
2024-09-04 04:00:00+00:00,574.996921672553,121.42702180899418
2024-09-04 05:00:00+00:00,557.2616438978722,126.95833712163545
2024-09-04 06:00:00+00:00,549.7498718154595,115.9866685487122
2024-09-04 07:00:00+00:00,424.0659106281741,121.12321823092826
2024-09-04 08:00:00+00:00,286.9781385431532,117.67019227841499
2024-09-04 09:00:00+00:00,221.07632514513432,127.46312812815907
2024-09-04 10:00:00+00:00,163.2615220425597,119.24906126383421
2024-09-04 11:00:00+00:00,147.81277866702519,94.16124943044872
2024-09-04 12:00:00+00:00,174.24131913931083,110.8323135285875
2024-09-04 13:00:00+00:00,237.54384350709282,140.87553113260574
2024-09-04 14:00:00+00:00,259.36389804155027,158.17365883118754
2024-09-04 15:00:00+00:00,245.01269891905721,146.39494396392766
2024-09-04 16:00:00+00:00,184.1666338056799,116.94196363476628
2024-09-04 17:00:00+00:00,213.45438253441205,107.12614211972117
2024-09-04 18:00:00+00:00,276.4878914707485,103.03778493873463
2024-09-04 19:00:00+00:00,253.03526163272355,89.49392846300942
2024-09-04 20:00:00+00:00,273.87476459637605,94.81259578622567
2024-09-04 21:00:00+00:00,287.00697544911395,132.51103819339525
2024-09-04 22:00:00+00:00,296.0838270568807,122.25845367481436
2024-09-04 23:00:00+00:00,322.26212511703744,162.80328860778224
2024-09-05 00:00:00+00:00,363.19940324505114,207.086288916171
2024-09-05 01:00:00+00:00,465.3869712026313,301.03707368837166
2024-09-05 02:00:00+00:00,567.4316368082737,416.8205896214756
2024-09-05 03:00:00+00:00,847.7605219000689,485.7731638106699
2024-09-05 04:00:00+00:00,1147.8854590931867,560.8083897947578
2024-09-05 05:00:00+00:00,1550.4175069633422,707.6981697427234
2024-09-05 06:00:00+00:00,2079.9404181464624,973.5822325357941
2024-09-05 07:00:00+00:00,2904.280533999395,1185.8248602189763
2024-09-05 08:00:00+00:00,3742.738928059897,1264.157315448877
2024-09-05 09:00:00+00:00,3774.4254622311123,1057.2073244590335
2024-09-05 10:00:00+00:00,3370.8616724436647,974.7473209511194
2024-09-05 11:00:00+00:00,3194.5503134282294,991.6018151081681
2024-09-05 12:00:00+00:00,2307.3436136818536,900.7881083087434
2024-09-05 13:00:00+00:00,1510.603029573121,862.4575703578088
2024-09-05 14:00:00+00:00,2290.5961450885384,1180.1945027142183
2024-09-05 15:00:00+00:00,2846.771034381069,1434.5536250892974
2024-09-05 16:00:00+00:00,2761.728095658714,1558.3682677165293
2024-09-05 17:00:00+00:00,2673.7734035794547,1485.7926459514224
2024-09-05 18:00:00+00:00,2653.716077497951,1331.0627112352129
2024-09-05 19:00:00+00:00,2134.7721497723564,1422.5554400786857
2024-09-05 20:00:00+00:00,1886.5632233544545,1547.4053082762787
2024-09-05 21:00:00+00:00,2178.5355414526603,1681.177295824487
2024-09-05 22:00:00+00:00,2513.780443220993,1683.5351483434085
2024-09-05 23:00:00+00:00,2520.8849665828166,1655.0646065637977
2024-09-06 00:00:00+00:00,2361.7698867977633,1583.9095411057485
2024-09-06 01:00:00+00:00,2359.792333072216,1513.8911142296274
2024-09-06 02:00:00+00:00,2410.8942334788167,1464.8541491797234
2024-09-06 03:00:00+00:00,2335.8813125511847,1381.2837312560405
2024-09-06 04:00:00+00:00,2138.831960351805,1311.4078438513288
2024-09-06 05:00:00+00:00,1949.4108406922992,1293.1303741837023
2024-09-06 06:00:00+00:00,1832.7744587501863,1243.917581421951
2024-09-06 07:00:00+00:00,1651.9353184263568,1103.6980294198631
2024-09-06 08:00:00+00:00,1500.1052345857331,994.3245802860757
2024-09-06 09:00:00+00:00,1510.2733405173888,879.9327353699983
2024-09-06 10:00:00+00:00,1441.326814336995,834.0666687580829
2024-09-06 11:00:00+00:00,1296.0029364435802,710.2735570421809
2024-09-06 12:00:00+00:00,941.7732866664569,581.6744072289916
2024-09-06 13:00:00+00:00,648.5683359906419,516.1035408725352
2024-09-06 14:00:00+00:00,1018.3737857121804,678.6768720897054
2024-09-06 15:00:00+00:00,1286.0236251546405,640.515871921466
2024-09-06 16:00:00+00:00,939.9785279588956,604.2666715270949
2024-09-06 17:00:00+00:00,379.8598772797803,438.2730703730748
2024-09-06 18:00:00+00:00,393.52692564676255,493.8090321436974
2024-09-06 19:00:00+00:00,589.9580503865573,507.263480905325
2024-09-06 20:00:00+00:00,310.8382590221196,311.9200542602446
2024-09-06 21:00:00+00:00,287.2663140664787,367.69914598464663
2024-09-06 22:00:00+00:00,203.38159322145196,246.76717788800727
2024-09-06 23:00:00+00:00,156.2159304784884,171.79227474369554
2024-09-07 00:00:00+00:00,159.97334061791244,123.84845099642646
2024-09-07 01:00:00+00:00,188.41272305618307,126.58389280077988
2024-09-07 02:00:00+00:00,251.31327256704967,125.19323784923174
2024-09-07 03:00:00+00:00,255.20083585586013,117.10845322102601
2024-09-07 04:00:00+00:00,327.5643418563164,135.22896496426245
2024-09-07 05:00:00+00:00,332.0582543154282,135.18493546019494
2024-09-07 06:00:00+00:00,303.4383992945511,108.6553206648356
2024-09-07 07:00:00+00:00,347.3581682904004,154.71985873354782
2024-09-07 08:00:00+00:00,228.78458493745708,122.23701953162544
2024-09-07 09:00:00+00:00,177.6832651397016,148.34385431979572
2024-09-07 10:00:00+00:00,139.7218976459486,177.13329550743836
2024-09-07 11:00:00+00:00,115.89138821806937,188.68745990395388
2024-09-07 12:00:00+00:00,98.28820500359996,182.0882113893583
2024-09-07 13:00:00+00:00,105.51184389874872,160.62131218477873
2024-09-07 14:00:00+00:00,194.58798196182948,170.45460034923963
2024-09-07 15:00:00+00:00,275.4098943821502,203.30105793626473
2024-09-07 16:00:00+00:00,348.67044104789426,258.58905134606744
2024-09-07 17:00:00+00:00,466.6168458882274,244.315798960995
2024-09-07 18:00:00+00:00,497.8139268032372,274.14201400925185
2024-09-07 19:00:00+00:00,669.403823076451,403.8625130381213
2024-09-07 20:00:00+00:00,903.7624706527512,626.4096413474277
2024-09-07 21:00:00+00:00,1477.59444906219,748.6117880603097
2024-09-07 22:00:00+00:00,1751.0998254730678,859.8541202975172
2024-09-07 23:00:00+00:00,1739.0245162542321,972.8925659962573
2024-09-08 00:00:00+00:00,1368.399440380052,773.6531572341162
2024-09-08 01:00:00+00:00,964.3898397679029,525.7907091443764
2024-09-08 02:00:00+00:00,922.4679458071704,478.4498960665508
2024-09-08 03:00:00+00:00,1071.6669038992313,554.819506328307
2024-09-08 04:00:00+00:00,1647.7433225665652,536.4151736280814
2024-09-08 05:00:00+00:00,1579.675257568424,671.3739256551559
2024-09-08 06:00:00+00:00,1718.40670910117,670.7076286216242
2024-09-08 07:00:00+00:00,1893.45717924188,634.3385808848626
2024-09-08 08:00:00+00:00,2122.568332462528,734.3733238218576
2024-09-08 09:00:00+00:00,2373.7406864245263,840.0046521824687
2024-09-08 10:00:00+00:00,2571.525670030327,859.4633705449355
2024-09-08 11:00:00+00:00,2613.6339394302554,904.078128328066
2024-09-08 12:00:00+00:00,2284.7561877907906,813.1735562444228
2024-09-08 13:00:00+00:00,1882.4238693632624,945.5454055632837
2024-09-08 14:00:00+00:00,1798.1902993706237,945.891545202953
2024-09-08 15:00:00+00:00,1604.3719386246735,817.1781122154698
2024-09-08 16:00:00+00:00,1713.2718044773478,755.7589377881586
2024-09-08 17:00:00+00:00,1679.784995814545,587.7897182714077
2024-09-08 18:00:00+00:00,1144.4745756659952,373.6254204639947
2024-09-08 19:00:00+00:00,834.1093435081791,249.26345723235434
2024-09-08 20:00:00+00:00,663.2105652966143,216.22918478003902
2024-09-08 21:00:00+00:00,565.6752466685426,204.4336322562786
2024-09-08 22:00:00+00:00,407.04555587778094,299.73549381043705
2024-09-08 23:00:00+00:00,253.04329338841058,255.68847470942558
2024-09-09 00:00:00+00:00,215.22040110415347,199.59081016946686
2024-09-09 01:00:00+00:00,156.67654682873328,168.42251777634732
2024-09-09 02:00:00+00:00,43.928508368565986,95.75008553437114
2024-09-09 03:00:00+00:00,47.0574094334437,78.54364564920468
2024-09-09 04:00:00+00:00,134.33181543481624,77.44000500329231
2024-09-09 05:00:00+00:00,149.8689081229082,61.1406696700577
2024-09-09 06:00:00+00:00,229.6328544597778,89.75326708037419
2024-09-09 07:00:00+00:00,343.9592841126691,116.74083105409738
2024-09-09 08:00:00+00:00,379.5698631617795,121.58664085725657
2024-09-09 09:00:00+00:00,534.4675696421143,150.71448023330393
2024-09-09 10:00:00+00:00,696.5998800575533,249.65202970176787
2024-09-09 11:00:00+00:00,1082.5481910286403,392.03938159423063
2024-09-09 12:00:00+00:00,1930.8774192922363,686.8488448127789
2024-09-09 13:00:00+00:00,2856.799116812976,903.1501218577197
2024-09-09 14:00:00+00:00,3235.2769273137046,1040.8302843087304
2024-09-09 15:00:00+00:00,4010.0191132044715,1311.7056961887351
2024-09-09 16:00:00+00:00,4235.81905418296,2011.610692095577
2024-09-09 17:00:00+00:00,4023.7149017092734,1951.342332782822
2024-09-09 18:00:00+00:00,3571.148886634472,1894.7631620702214
2024-09-09 19:00:00+00:00,3099.190342605516,1810.6066195176659
2024-09-09 20:00:00+00:00,2604.81720058498,1615.1927456660774
2024-09-09 21:00:00+00:00,2387.990956376157,1433.0384295405297
2024-09-09 22:00:00+00:00,2316.4051759233726,1264.8689483563771
2024-09-09 23:00:00+00:00,1857.7863136410465,1148.5199677924631
2024-09-10 00:00:00+00:00,1803.2675301825245,825.1362273473583
2024-09-10 01:00:00+00:00,2240.3001297585847,793.6394555002668
2024-09-10 02:00:00+00:00,2507.948420910792,853.5711584511517
2024-09-10 03:00:00+00:00,2618.936446473957,841.5149125560552
2024-09-10 04:00:00+00:00,2591.0873496946133,1041.14052296816
2024-09-10 05:00:00+00:00,3028.6825592413297,1298.2346033068886
2024-09-10 06:00:00+00:00,3590.7285651729485,1661.5351050670486
2024-09-10 07:00:00+00:00,3824.5606489110432,1698.8130959504174
2024-09-10 08:00:00+00:00,3786.1522126067584,1690.6675409297843
2024-09-10 09:00:00+00:00,3814.7096521768144,1965.9177436875666
2024-09-10 10:00:00+00:00,4072.815830500251,2225.2921652644295
2024-09-10 11:00:00+00:00,4102.35720852604,2319.678261518054
2024-09-10 12:00:00+00:00,3995.9513479664042,2297.630608316417
2024-09-10 13:00:00+00:00,3837.5573843666502,2269.1569699563
2024-09-10 14:00:00+00:00,3900.2290772245065,2242.02705399944
2024-09-10 15:00:00+00:00,3773.756600841849,2166.9930376171123
2024-09-10 16:00:00+00:00,4068.7430529899348,2129.1019237935857
2024-09-10 17:00:00+00:00,4106.064202464104,2016.4460025554586
2024-09-10 18:00:00+00:00,3694.6610320535387,1727.1936433590768
2024-09-10 19:00:00+00:00,3326.4791581984728,1675.9413652616613
2024-09-10 20:00:00+00:00,3019.244956004632,1426.588542651271
2024-09-10 21:00:00+00:00,2759.8515678721706,1108.7573581257147
2024-09-10 22:00:00+00:00,2388.072628686999,995.5745343608894
2024-09-10 23:00:00+00:00,1226.2493639688498,937.7296363665236
2024-09-11 00:00:00+00:00,1008.5197891655866,534.1828777718579
2024-09-11 01:00:00+00:00,1909.5475921591108,275.26950800187336
2024-09-11 02:00:00+00:00,2525.966455192913,367.730934318902
2024-09-11 03:00:00+00:00,2854.625123761589,817.9602890976189
2024-09-11 04:00:00+00:00,3207.479891794116,977.5286308542156
2024-09-11 05:00:00+00:00,3140.061141020795,1293.0936990583361
2024-09-11 06:00:00+00:00,3222.3005131676673,1331.544423040154
2024-09-11 07:00:00+00:00,3477.4769392600087,1539.7404973791786
2024-09-11 08:00:00+00:00,3569.5297621024765,1427.848367076447
2024-09-11 09:00:00+00:00,3441.51673691816,1443.0873171227104
2024-09-11 10:00:00+00:00,3444.9461998283864,1628.2820882324374
2024-09-11 11:00:00+00:00,3031.3564565081297,1822.6590914552708
2024-09-11 12:00:00+00:00,2856.515779696691,1395.7854048374895
2024-09-11 13:00:00+00:00,2971.4937492416407,1554.5591833899139
2024-09-11 14:00:00+00:00,2714.609171927761,1538.3559388205013
2024-09-11 15:00:00+00:00,2881.776135173145,1220.2466426582637
2024-09-11 16:00:00+00:00,2576.53961447814,938.2807309284236
2024-09-11 17:00:00+00:00,2416.96972443129,670.4582087386922
2024-09-11 18:00:00+00:00,1857.9045643091135,631.2896103042921
2024-09-11 19:00:00+00:00,1829.7053603963277,656.1694734510905
2024-09-11 20:00:00+00:00,1768.1732091646236,624.5991578169852
2024-09-11 21:00:00+00:00,1301.5868452407506,673.2560176097961
2024-09-11 22:00:00+00:00,1205.646555877613,504.5444896849089
2024-09-11 23:00:00+00:00,1263.484776870263,403.5898688013955
2024-09-12 00:00:00+00:00,1206.6588473986028,387.63410875209877
2024-09-12 01:00:00+00:00,894.3706387466551,415.02041189802907
2024-09-12 02:00:00+00:00,943.2516135535768,456.5193323152909
2024-09-12 03:00:00+00:00,1050.605318052425,567.0003412046935
2024-09-12 04:00:00+00:00,670.897971554593,481.2378345872924
2024-09-12 05:00:00+00:00,913.4012548541884,507.6356511748716
2024-09-12 06:00:00+00:00,1321.6456228443662,486.3694007102569
2024-09-12 07:00:00+00:00,1333.2742503252332,426.3495903671665
2024-09-12 08:00:00+00:00,1017.9313617724074,381.33072882802287
2024-09-12 09:00:00+00:00,764.4758119121205,369.6508626165981
2024-09-12 10:00:00+00:00,792.8692294835075,346.47794108957794
2024-09-12 11:00:00+00:00,628.7881538644118,290.31719581783017
2024-09-12 12:00:00+00:00,517.4253452918986,373.72412396761865
2024-09-12 13:00:00+00:00,829.3146756674367,420.46579710163303
2024-09-12 14:00:00+00:00,900.6420851842645,317.6116176140635
2024-09-12 15:00:00+00:00,829.1363319839281,362.59564262251644
2024-09-12 16:00:00+00:00,724.225587583842,416.73296606997417
2024-09-12 17:00:00+00:00,1840.9575598094527,427.7404872390667
2024-09-12 18:00:00+00:00,2317.5700708024165,426.28794906147203
2024-09-12 19:00:00+00:00,2060.827355582961,363.88783599079267
2024-09-12 20:00:00+00:00,1993.4343451350944,336.5731896531305
2024-09-12 21:00:00+00:00,1948.8550044914996,247.49632582899366
2024-09-12 22:00:00+00:00,1877.6098478943584,198.92581950583602
2024-09-12 23:00:00+00:00,1853.2289212815647,183.57205406050429
2024-09-13 00:00:00+00:00,1550.7742910985005,239.22700435626757
2024-09-13 01:00:00+00:00,1564.6059420729966,310.82541305142735
2024-09-13 02:00:00+00:00,1248.673058165666,299.48559008680104
2024-09-13 03:00:00+00:00,1311.6607957714004,362.987456824647
2024-09-13 04:00:00+00:00,1260.1583720299968,439.60232593928043
2024-09-13 05:00:00+00:00,1178.4986410465626,539.8706671681854
2024-09-13 06:00:00+00:00,1286.1921952559276,623.7431952274703
2024-09-13 07:00:00+00:00,1581.4902408174141,530.9636920316066
2024-09-13 08:00:00+00:00,1694.7691553460616,631.2175180393904
2024-09-13 09:00:00+00:00,1771.3775893793313,717.6782551767897
2024-09-13 10:00:00+00:00,1737.6703428917685,782.4125609559632
2024-09-13 11:00:00+00:00,1783.8093924289026,869.0637377944721
2024-09-13 12:00:00+00:00,1618.0935642230713,909.4189555555272
2024-09-13 13:00:00+00:00,1527.2255704966533,975.1860677015417
2024-09-13 14:00:00+00:00,1395.1613470974203,971.6481277054696
2024-09-13 15:00:00+00:00,1226.4812204342252,951.9944215392752
2024-09-13 16:00:00+00:00,1226.5642474990382,933.4673868365055
2024-09-13 17:00:00+00:00,1200.9809767367083,805.0479838448666
2024-09-13 18:00:00+00:00,1074.8199969993111,615.9882448072078
2024-09-13 19:00:00+00:00,843.4027622150736,537.6995771610227
2024-09-13 20:00:00+00:00,733.822422796239,529.8679863732405
2024-09-13 21:00:00+00:00,623.0118700033157,523.9875799926352
2024-09-13 22:00:00+00:00,570.8067644074366,362.17136270914483
2024-09-13 23:00:00+00:00,560.443864208335,383.0023984604767
2024-09-14 00:00:00+00:00,345.4095482389548,265.872595768385
2024-09-14 01:00:00+00:00,262.6079531939892,246.81783600972014
2024-09-14 02:00:00+00:00,300.41004032797264,261.53307687793193
2024-09-14 03:00:00+00:00,291.2209376768689,252.4539512188562
2024-09-14 04:00:00+00:00,225.84825247278678,175.00081598845804
2024-09-14 05:00:00+00:00,120.82666016740532,138.97810142764743
2024-09-14 06:00:00+00:00,124.00800956460084,127.85803891079549
2024-09-14 07:00:00+00:00,131.7976513633429,155.4752308406931
2024-09-14 08:00:00+00:00,130.06966267293896,188.04637097110253
2024-09-14 09:00:00+00:00,134.1928563846163,198.77249038672613
2024-09-14 10:00:00+00:00,180.8406160379768,211.22027227554838
2024-09-14 11:00:00+00:00,394.7653643128201,241.74108903852326
2024-09-14 12:00:00+00:00,372.3378961585124,258.21213943762126
2024-09-14 13:00:00+00:00,383.9863611082451,267.551716547681
2024-09-14 14:00:00+00:00,389.5053384829334,276.8661339411308
2024-09-14 15:00:00+00:00,339.7979637535135,220.58229959427555
2024-09-14 16:00:00+00:00,358.16504071952806,190.38849866714287
2024-09-14 17:00:00+00:00,420.3773026368644,178.999372334775
2024-09-14 18:00:00+00:00,459.4327791146602,188.37644709939775
2024-09-14 19:00:00+00:00,488.31124699184596,226.28160439935908
2024-09-14 20:00:00+00:00,559.9262998072247,237.99775866358675
2024-09-14 21:00:00+00:00,649.7968075381963,226.0543928047425
2024-09-14 22:00:00+00:00,734.470043578595,228.72146791761523
2024-09-14 23:00:00+00:00,778.0543174302637,260.14072848391964
2024-09-15 00:00:00+00:00,765.3306616680162,278.99633940880216
2024-09-15 01:00:00+00:00,654.0219464862146,286.5843647861713
2024-09-15 02:00:00+00:00,485.1978288294975,310.2624160082079
2024-09-15 03:00:00+00:00,337.98733507085973,326.5142865683763
2024-09-15 04:00:00+00:00,306.5505594710691,350.16393634108584
2024-09-15 05:00:00+00:00,259.6247849491679,333.60279480289586
2024-09-15 06:00:00+00:00,249.3526532661439,314.27118139338006
2024-09-15 07:00:00+00:00,283.76127523828126,313.7286991960118
2024-09-15 08:00:00+00:00,276.9499593431055,272.0418066652309
2024-09-15 09:00:00+00:00,280.195756322079,195.6484761129592
2024-09-15 10:00:00+00:00,386.9615943655201,213.49959744820447
2024-09-15 11:00:00+00:00,502.6943796008056,227.22698075098037
2024-09-15 12:00:00+00:00,679.3662483248198,200.8679077077771
2024-09-15 13:00:00+00:00,757.748006922462,220.055590603859
2024-09-15 14:00:00+00:00,794.8698624106373,257.51850540431127
2024-09-15 15:00:00+00:00,768.4162106058121,309.0347669898504
2024-09-15 16:00:00+00:00,895.7432948240131,308.0435225394862
2024-09-15 17:00:00+00:00,1040.011045228652,315.5680196324151
2024-09-15 18:00:00+00:00,1205.3618640073566,399.29563740084046
2024-09-15 19:00:00+00:00,1187.6073293726552,419.25140531856624
2024-09-15 20:00:00+00:00,1059.4739246211736,279.76419460611163
2024-09-15 21:00:00+00:00,663.6421995886873,195.84651211312226
2024-09-15 22:00:00+00:00,642.9837014324156,139.85404663823917
2024-09-15 23:00:00+00:00,605.5426562317858,135.3719398923059
2024-09-16 00:00:00+00:00,562.7642190726935,159.54152488557546
2024-09-16 01:00:00+00:00,390.77938782480817,161.91863426451778
2024-09-16 02:00:00+00:00,441.1950327688352,137.2604185442395
2024-09-16 03:00:00+00:00,384.84537189419547,143.61165031394484
2024-09-16 04:00:00+00:00,392.9978942209666,127.85794214265468
2024-09-16 05:00:00+00:00,433.5494787317558,130.9982618481477
2024-09-16 06:00:00+00:00,769.1985326401723,150.17949756684828
2024-09-16 07:00:00+00:00,1705.9840022568346,283.60032562808277
2024-09-16 08:00:00+00:00,1974.3009612620233,400.9829350880347
2024-09-16 09:00:00+00:00,2175.8931905997642,526.3941552704536
2024-09-16 10:00:00+00:00,2049.0483504112785,617.6153043267492
2024-09-16 11:00:00+00:00,1907.650355990434,810.486353358262
2024-09-16 12:00:00+00:00,1694.761413894797,919.4477153644198
2024-09-16 13:00:00+00:00,1601.5515343926907,944.7164896691246
2024-09-16 14:00:00+00:00,1772.4464902626937,981.9245171866893
2024-09-16 15:00:00+00:00,1861.3802823906462,1028.7842958365595
2024-09-16 16:00:00+00:00,2145.4741255368485,1070.8524064580527
2024-09-16 17:00:00+00:00,2667.0991113716627,1177.9607069518122
2024-09-16 18:00:00+00:00,2772.520839939284,1039.482013802856
2024-09-16 19:00:00+00:00,2699.2160702331907,791.6770943728264
2024-09-16 20:00:00+00:00,2684.7265894374837,804.0982045428386
2024-09-16 21:00:00+00:00,2329.4433281432453,862.9374435680744
2024-09-16 22:00:00+00:00,2256.1118504302895,860.0781385434871
2024-09-16 23:00:00+00:00,2223.442732557312,866.4053234302016
2024-09-17 00:00:00+00:00,2262.154246678607,974.0039480934342
2024-09-17 01:00:00+00:00,2426.1170232455647,891.0700709999845
2024-09-17 02:00:00+00:00,2307.6637226916455,862.5803691284939
2024-09-17 03:00:00+00:00,2301.105358716541,925.1713573569165
2024-09-17 04:00:00+00:00,1925.3289276346015,858.3875023554349
2024-09-17 05:00:00+00:00,2089.204999947396,922.3279223074215
2024-09-17 06:00:00+00:00,2478.389237547094,921.2714077460826
2024-09-17 07:00:00+00:00,2586.71904228227,894.34605963889
2024-09-17 08:00:00+00:00,2847.516923210415,970.6634151046101
2024-09-17 09:00:00+00:00,2887.770534423622,1024.5578505186404
2024-09-17 10:00:00+00:00,2749.4557665051943,1062.688562258807
2024-09-17 11:00:00+00:00,2648.1886812950124,1056.8364121753175
2024-09-17 12:00:00+00:00,2651.8676124722415,1082.3624929664302
2024-09-17 13:00:00+00:00,2825.5070095836927,1091.2730001401483
2024-09-17 14:00:00+00:00,3014.8420055978795,1059.9808929108654
2024-09-17 15:00:00+00:00,3117.7622777256206,1089.7515146622281
2024-09-17 16:00:00+00:00,3336.230677283951,1187.2665119807302
2024-09-17 17:00:00+00:00,3611.6599011022276,1162.9136481287708
2024-09-17 18:00:00+00:00,3753.8630064545923,1180.531933221215
2024-09-17 19:00:00+00:00,3749.844419103128,1187.8440242450708
2024-09-17 20:00:00+00:00,3734.0015390900835,1146.8128810204737
2024-09-17 21:00:00+00:00,3606.863297898669,1114.1726968215978
2024-09-17 22:00:00+00:00,3326.4183878060453,942.9784370920765
2024-09-17 23:00:00+00:00,2844.32725175311,799.7968122998637
2024-09-18 00:00:00+00:00,2370.288579769351,642.9483810610208
2024-09-18 01:00:00+00:00,2039.0732969205342,645.9300493996595
2024-09-18 02:00:00+00:00,2042.606301741425,738.5257898961293
2024-09-18 03:00:00+00:00,2014.893454504339,801.7230789107829
2024-09-18 04:00:00+00:00,1923.5365881305604,796.4115724299863
2024-09-18 05:00:00+00:00,1955.8230847747839,773.5439543872146
2024-09-18 06:00:00+00:00,2098.2518534315122,767.0526991177605
2024-09-18 07:00:00+00:00,2198.880075376081,662.3919068253807
2024-09-18 08:00:00+00:00,2341.8782277733226,620.2948625297862
2024-09-18 09:00:00+00:00,2312.5785765632713,564.3170574282354
2024-09-18 10:00:00+00:00,2292.9567071154024,566.643750605817
2024-09-18 11:00:00+00:00,2070.55623092349,558.0857697690614
2024-09-18 12:00:00+00:00,1801.19204709848,558.7564697529998
2024-09-18 13:00:00+00:00,1834.7280139768131,624.3231750794015
2024-09-18 14:00:00+00:00,1982.4714824629848,689.8482217211855
2024-09-18 15:00:00+00:00,2328.8814923177156,857.5315881499904
2024-09-18 16:00:00+00:00,2707.1700243350247,940.1278412001619
2024-09-18 17:00:00+00:00,3182.506163550734,1038.068134497514
2024-09-18 18:00:00+00:00,3636.4155139562286,1348.8785968711866
2024-09-18 19:00:00+00:00,3601.9590885225325,1446.838921173686
2024-09-18 20:00:00+00:00,3431.6529667893446,1428.0065829866676
2024-09-18 21:00:00+00:00,3370.76529137542,1399.8427962134176
2024-09-18 22:00:00+00:00,3240.6663321478513,1305.0089537722758
2024-09-18 23:00:00+00:00,3080.1953371738,1108.6448167779552
2024-09-19 00:00:00+00:00,2624.728793846427,871.8956574352109
2024-09-19 01:00:00+00:00,2042.879187898503,688.7494194823134
2024-09-19 02:00:00+00:00,1656.5172898936037,657.8537713259198
2024-09-19 03:00:00+00:00,1502.4330889810044,648.6769098446282
2024-09-19 04:00:00+00:00,1523.745691385066,663.4941443332514
2024-09-19 05:00:00+00:00,1427.9171692245613,603.7732507771161
2024-09-19 06:00:00+00:00,1444.7034418423405,560.2016051678228
2024-09-19 07:00:00+00:00,1523.1433097085378,555.3064436128516
2024-09-19 08:00:00+00:00,1461.469876991254,438.70257576605
2024-09-19 09:00:00+00:00,1447.8907908642661,390.64069488699545
2024-09-19 10:00:00+00:00,1504.4161584905776,426.282433277446
2024-09-19 11:00:00+00:00,1366.9484988767806,457.85361982481857
2024-09-19 12:00:00+00:00,1461.4033005103784,523.5796538950601
2024-09-19 13:00:00+00:00,1716.4041891952945,575.9660062186722
2024-09-19 14:00:00+00:00,1901.737241978236,657.0754651694031
2024-09-19 15:00:00+00:00,2155.261835906989,743.0838112485262
2024-09-19 16:00:00+00:00,2442.156923193294,817.1671774155586
2024-09-19 17:00:00+00:00,2584.2288109467236,875.9568227686304
2024-09-19 18:00:00+00:00,2817.488607900081,1052.4152693580932
2024-09-19 19:00:00+00:00,2903.187828153394,1187.0744272212269
2024-09-19 20:00:00+00:00,3096.109825611042,1322.3829960773212
2024-09-19 21:00:00+00:00,3211.3492626724546,1210.4838017003108
2024-09-19 22:00:00+00:00,2793.88066519606,1138.0930070841466
2024-09-19 23:00:00+00:00,2163.389779125995,1040.0429787151186
2024-09-20 00:00:00+00:00,1749.0496956419147,981.9875132463551
2024-09-20 01:00:00+00:00,1675.4300424056332,961.0404041101243
2024-09-20 02:00:00+00:00,1737.2546269588584,939.7449296669857
2024-09-20 03:00:00+00:00,1728.041138736271,1011.4726689823351
2024-09-20 04:00:00+00:00,1831.081790431177,1070.7531223455837
2024-09-20 05:00:00+00:00,1883.4842546502337,1203.1652272110207
2024-09-20 06:00:00+00:00,1956.8153452906265,1274.9918635662757
2024-09-20 07:00:00+00:00,2188.876765588221,1166.6715421088988
2024-09-20 08:00:00+00:00,1872.3994641207062,906.7972163166229
2024-09-20 09:00:00+00:00,1659.3870458773981,811.5557864663989
2024-09-20 10:00:00+00:00,1569.926060918325,806.1910091240877
2024-09-20 11:00:00+00:00,1437.4875383504475,946.5096033182921
2024-09-20 12:00:00+00:00,1623.2441452857045,1015.1689216567686
2024-09-20 13:00:00+00:00,1757.1207391941257,1204.255804157924
2024-09-20 14:00:00+00:00,1896.044372254516,1223.352996746333
2024-09-20 15:00:00+00:00,2067.3684948290015,1202.7497048143923
2024-09-20 16:00:00+00:00,2268.246575287581,1211.0617978053554
2024-09-20 17:00:00+00:00,2398.352114748724,1079.8340382152644
2024-09-20 18:00:00+00:00,2429.297017888789,1034.3631726904077
2024-09-20 19:00:00+00:00,2463.4588811018666,1146.2625606037
2024-09-20 20:00:00+00:00,2376.285301455207,1271.5344346633556
2024-09-20 21:00:00+00:00,2368.4228900145777,1255.171619429751
2024-09-20 22:00:00+00:00,2218.845084651254,1170.0678135468283
2024-09-20 23:00:00+00:00,1913.5319235887291,1040.2241286747108
2024-09-21 00:00:00+00:00,1484.9798903367782,800.7203190516625
2024-09-21 01:00:00+00:00,995.6966557545887,559.3043225821829
2024-09-21 02:00:00+00:00,693.4074507082353,554.4245471616002
2024-09-21 03:00:00+00:00,562.9708674373885,567.2348104098706
2024-09-21 04:00:00+00:00,504.9953808370026,516.2390646537365
2024-09-21 05:00:00+00:00,431.57802139907955,481.57047507131904
2024-09-21 06:00:00+00:00,400.0357443337733,476.25625908257996
2024-09-21 07:00:00+00:00,364.88462041721806,452.3239979546414
2024-09-21 08:00:00+00:00,288.30153963683995,329.48468141861093
2024-09-21 09:00:00+00:00,294.9356730661967,226.02487852179613
2024-09-21 10:00:00+00:00,268.8653682511814,193.86392644425314
2024-09-21 11:00:00+00:00,247.73091599434684,206.06344966783308
2024-09-21 12:00:00+00:00,258.27090189112675,217.3016660846113
2024-09-21 13:00:00+00:00,261.4997644454589,219.66934056982487
2024-09-21 14:00:00+00:00,251.86891523156777,205.05406119106746
2024-09-21 15:00:00+00:00,259.8701889542564,174.10987171604108
2024-09-21 16:00:00+00:00,292.71871496029127,170.90481412434767
2024-09-21 17:00:00+00:00,418.0501256185788,199.62666276563613
2024-09-21 18:00:00+00:00,496.5833263565851,259.9958181930601
2024-09-21 19:00:00+00:00,619.7045768708589,340.21084921830493
2024-09-21 20:00:00+00:00,763.0675451589454,448.4913505857393
2024-09-21 21:00:00+00:00,846.4701187423975,496.3037631977915
2024-09-21 22:00:00+00:00,876.1134903885982,452.44215185456767
2024-09-21 23:00:00+00:00,916.1048599402161,422.77395918024985
2024-09-22 00:00:00+00:00,807.8165203533763,360.5360778976347
2024-09-22 01:00:00+00:00,627.7630405647649,278.8993293476424
2024-09-22 02:00:00+00:00,534.6963295269838,234.23971953124746
2024-09-22 03:00:00+00:00,439.0774555435392,199.14780562084897
2024-09-22 04:00:00+00:00,296.6321153426974,155.43739449763726
2024-09-22 05:00:00+00:00,302.25986010765354,154.1250249720026
2024-09-22 06:00:00+00:00,350.8024367261706,172.77660027199195
2024-09-22 07:00:00+00:00,420.0140350362721,199.20151193899727
2024-09-22 08:00:00+00:00,450.74759655681277,224.75107110027335
2024-09-22 09:00:00+00:00,436.33388521535795,193.94555037102447
2024-09-22 10:00:00+00:00,406.58503629567684,163.98627912915694
2024-09-22 11:00:00+00:00,296.3674544775882,160.2939455644261
2024-09-22 12:00:00+00:00,300.7791140170134,162.35123623799882
2024-09-22 13:00:00+00:00,344.04182733677806,193.90418199082916
2024-09-22 14:00:00+00:00,326.75855354781027,208.63898211950172
2024-09-22 15:00:00+00:00,427.6502993318339,223.11980216660672
2024-09-22 16:00:00+00:00,728.8573946436047,220.78222257318436
2024-09-22 17:00:00+00:00,951.4999363397477,197.18394458722614
2024-09-22 18:00:00+00:00,1014.1808221709807,214.6763464244971
2024-09-22 19:00:00+00:00,780.1198817798755,165.52663439453468
2024-09-22 20:00:00+00:00,767.9765929421225,246.54465954821987
2024-09-22 21:00:00+00:00,810.9332770165827,250.36598504464743
2024-09-22 22:00:00+00:00,801.1641945135477,239.856964952926
2024-09-22 23:00:00+00:00,1284.4631421159747,338.4936985596715
2024-09-23 00:00:00+00:00,1390.944481825441,295.78749881769215
2024-09-23 01:00:00+00:00,646.9960956228681,281.83498443532704
2024-09-23 02:00:00+00:00,717.987622922952,337.45915036629583
2024-09-23 03:00:00+00:00,1200.9989756108985,461.45416880799326
2024-09-23 04:00:00+00:00,1297.3684316785184,479.2319277964886
2024-09-23 05:00:00+00:00,1133.6455433326225,465.2961543024832
2024-09-23 06:00:00+00:00,1234.473301183537,483.91211892665535
2024-09-23 07:00:00+00:00,1390.8913561161376,601.8832238349296
2024-09-23 08:00:00+00:00,1588.770688659226,639.9178448112741
2024-09-23 09:00:00+00:00,1891.0679738453368,666.3773027045478
2024-09-23 10:00:00+00:00,1799.5185388713508,654.129939731356
2024-09-23 11:00:00+00:00,1542.2186326971241,586.5422317841845
2024-09-23 12:00:00+00:00,1610.7576682365766,579.1199702320191
2024-09-23 13:00:00+00:00,1600.9456690630934,551.1841208144416
2024-09-23 14:00:00+00:00,1199.3388213872008,478.87649841530174
2024-09-23 15:00:00+00:00,1080.197112279575,418.95495611920165
2024-09-23 16:00:00+00:00,993.0181136170303,346.25672911969144
2024-09-23 17:00:00+00:00,931.0774072948357,308.7874276219458
2024-09-23 18:00:00+00:00,649.0738043741512,314.62811068074944
2024-09-23 19:00:00+00:00,678.9943199756252,276.8200723061063
2024-09-23 20:00:00+00:00,1074.1624574825223,272.9259771677913
2024-09-23 21:00:00+00:00,852.6057027103128,309.0302672713028
2024-09-23 22:00:00+00:00,728.3511037308987,418.29098152104933
2024-09-23 23:00:00+00:00,851.2032420455861,442.64118424913653
2024-09-24 00:00:00+00:00,905.7697321975262,499.8283975745025
2024-09-24 01:00:00+00:00,902.938586701914,550.4782456113194
2024-09-24 02:00:00+00:00,925.3672160739113,603.4134184455226
2024-09-24 03:00:00+00:00,944.1440093481059,601.4364937128906
2024-09-24 04:00:00+00:00,980.9770603200406,568.1657683085116
2024-09-24 05:00:00+00:00,1052.6727693807825,625.7149912486393
2024-09-24 06:00:00+00:00,1169.4546906066705,692.1950910561253
2024-09-24 07:00:00+00:00,1523.9846119247202,744.8126708521975
2024-09-24 08:00:00+00:00,1568.4626363248894,702.6904184559224
2024-09-24 09:00:00+00:00,1673.574803610067,822.5187459066494
2024-09-24 10:00:00+00:00,1770.2173393710464,915.044377885104
2024-09-24 11:00:00+00:00,2140.1416203694966,867.9017459596527
2024-09-24 12:00:00+00:00,2160.3679036248504,846.7708741240281
2024-09-24 13:00:00+00:00,1980.189689702738,793.9056162715585
2024-09-24 14:00:00+00:00,1989.7765094125616,820.9623271298976
2024-09-24 15:00:00+00:00,2431.977882461727,851.149438959297
2024-09-24 16:00:00+00:00,3082.8682667591916,940.9964320320523
2024-09-24 17:00:00+00:00,2963.416899600981,842.9617897974126
2024-09-24 18:00:00+00:00,2513.132870822708,1049.5519968397327
2024-09-24 19:00:00+00:00,2237.457275317935,1198.0618690011017
2024-09-24 20:00:00+00:00,1765.0294058060613,963.4830255203935
2024-09-24 21:00:00+00:00,2248.7110230213125,812.5314028620226
2024-09-24 22:00:00+00:00,2283.183705502665,774.9009824098321
2024-09-24 23:00:00+00:00,2523.3349423717873,941.6038456519025
2024-09-25 00:00:00+00:00,2368.9256972742146,1169.133323611048
2024-09-25 01:00:00+00:00,2442.7067597693635,1292.9314188862015
2024-09-25 02:00:00+00:00,2392.6985328901724,1155.4890157571556
2024-09-25 03:00:00+00:00,1964.7987169072658,1051.3189830908823
2024-09-25 04:00:00+00:00,1687.6319243526452,955.7801847439559
2024-09-25 05:00:00+00:00,1547.9113088845625,866.202787711491
2024-09-25 06:00:00+00:00,2008.1595531218095,911.1281712266144
2024-09-25 07:00:00+00:00,2000.4010706644074,881.7420092986808
2024-09-25 08:00:00+00:00,1928.5886592258514,839.6460294526352
2024-09-25 09:00:00+00:00,1415.774219075301,707.8562888848032
2024-09-25 10:00:00+00:00,1056.6798413234906,594.2979563495735
2024-09-25 11:00:00+00:00,936.3902685296035,528.2860691913858
2024-09-25 12:00:00+00:00,1083.2879834651155,542.4501187295566
2024-09-25 13:00:00+00:00,686.7196593448006,513.6199381546339
2024-09-25 14:00:00+00:00,1066.1043808611796,430.32385791014076
2024-09-25 15:00:00+00:00,1196.6123790199424,405.26961857360675
2024-09-25 16:00:00+00:00,1239.0041790724374,361.89513805120913
2024-09-25 17:00:00+00:00,999.4918054689277,337.8556094391852
2024-09-25 18:00:00+00:00,712.6906800473472,408.1850491198626
2024-09-25 19:00:00+00:00,672.7497266970901,573.7742078293767
2024-09-25 20:00:00+00:00,1227.5890221101922,730.7262777470248
2024-09-25 21:00:00+00:00,1840.3949498387965,805.3360626000513
2024-09-25 22:00:00+00:00,2012.4541232108572,798.086096722594
2024-09-25 23:00:00+00:00,2089.911600911574,718.953078663791
2024-09-26 00:00:00+00:00,1758.5281350340338,663.482483772284
2024-09-26 01:00:00+00:00,1566.8152554957783,639.7672252001069
2024-09-26 02:00:00+00:00,1468.9416354474429,709.4354481746449
2024-09-26 03:00:00+00:00,1777.094070529408,864.0155374248135
2024-09-26 04:00:00+00:00,1502.2976135838735,945.5795647169889
2024-09-26 05:00:00+00:00,1652.379097120101,1074.6039137408873
2024-09-26 06:00:00+00:00,2241.065565752374,1250.9789461929738
2024-09-26 07:00:00+00:00,2737.3320732159546,1673.4352639510223
2024-09-26 08:00:00+00:00,3155.5161743254816,1934.1027014253584
2024-09-26 09:00:00+00:00,3013.6126631370576,1978.3692874378626
2024-09-26 10:00:00+00:00,3213.52306218756,2118.1053858084747
2024-09-26 11:00:00+00:00,3606.7870446037127,2222.800966247475
2024-09-26 12:00:00+00:00,3434.3717644734793,1943.6815861476357
2024-09-26 13:00:00+00:00,3111.0326341412865,1914.868291613284
2024-09-26 14:00:00+00:00,3366.2152533946396,1620.649694662508
2024-09-26 15:00:00+00:00,2836.6465708809174,1392.4745796678933
2024-09-26 16:00:00+00:00,2549.7300010673534,1040.3908601813225
2024-09-26 17:00:00+00:00,2900.7235306795837,801.4994477373762
2024-09-26 18:00:00+00:00,3008.5592372877954,977.6437849417769
2024-09-26 19:00:00+00:00,3541.016835877192,1268.522719816996
2024-09-26 20:00:00+00:00,3512.6618352577057,1809.3706968232693
2024-09-26 21:00:00+00:00,3589.432646231251,2176.1029839290354
2024-09-26 22:00:00+00:00,3520.4752820190865,2215.2458904220507
2024-09-26 23:00:00+00:00,3856.964428541926,2295.7958843667016
2024-09-27 00:00:00+00:00,3578.1827692535053,2113.0029952799637
2024-09-27 01:00:00+00:00,3472.549505530078,2174.573466695428
2024-09-27 02:00:00+00:00,3372.3546113200464,2195.3486188454435
2024-09-27 03:00:00+00:00,3402.6918105358386,2127.5991145668413
2024-09-27 04:00:00+00:00,3473.1262436492925,2221.8685084426515
2024-09-27 05:00:00+00:00,3881.016730548536,2382.3112471195873
2024-09-27 06:00:00+00:00,3823.9692020344264,2499.2779954944176
2024-09-27 07:00:00+00:00,3683.191297859878,2402.2230339173157
2024-09-27 08:00:00+00:00,3482.826282083861,2199.845047276216
2024-09-27 09:00:00+00:00,3542.154442140528,2152.009652230722
2024-09-27 10:00:00+00:00,3386.043819591274,2122.540269701694
2024-09-27 11:00:00+00:00,3378.3790086941735,2232.33766006036
2024-09-27 12:00:00+00:00,2784.850262295881,2100.3824943558175
2024-09-27 13:00:00+00:00,3036.521552791884,2126.072113304895
2024-09-27 14:00:00+00:00,3383.0234923803823,2060.6901383592954
2024-09-27 15:00:00+00:00,3703.693757389097,1749.8640963149528
2024-09-27 16:00:00+00:00,3951.2661429767654,1828.8855407074045
2024-09-27 17:00:00+00:00,4106.863120234612,1909.149875100391
2024-09-27 18:00:00+00:00,4134.5391955781915,1951.7098581816097
2024-09-27 19:00:00+00:00,4095.4982827055874,1931.4702209228244
2024-09-27 20:00:00+00:00,3994.4320881557223,1977.227036303768
2024-09-27 21:00:00+00:00,3873.1262563470723,1935.900266409003
2024-09-27 22:00:00+00:00,3936.1327669721236,1627.8336646679343
2024-09-27 23:00:00+00:00,3670.4686097790386,1636.7707830803747
2024-09-28 00:00:00+00:00,3572.742851449857,1400.386633164757
2024-09-28 01:00:00+00:00,3451.4625664303803,1463.247798042315
2024-09-28 02:00:00+00:00,3639.699824655244,1488.5469575432332
2024-09-28 03:00:00+00:00,3548.6773889760966,1431.794088017883
2024-09-28 04:00:00+00:00,3709.3097932090154,1256.1462681439666
2024-09-28 05:00:00+00:00,3583.4945660387243,1068.9991997934433
2024-09-28 06:00:00+00:00,3399.3567933310405,1124.910767102611
2024-09-28 07:00:00+00:00,3348.820212403039,1090.2316781769161
2024-09-28 08:00:00+00:00,3019.2221187234013,1039.422211091837
2024-09-28 09:00:00+00:00,2631.064978170237,1022.2358022118176
2024-09-28 10:00:00+00:00,2313.7057318673997,877.3526064316413
2024-09-28 11:00:00+00:00,2239.4878579846445,984.4969046737816
2024-09-28 12:00:00+00:00,1802.2321110758817,878.1881025593755
2024-09-28 13:00:00+00:00,1482.5846853155047,897.3058099936358
2024-09-28 14:00:00+00:00,1487.6890112068318,1060.6580763602378
2024-09-28 15:00:00+00:00,1407.1332111737324,1107.3688320732642
2024-09-28 16:00:00+00:00,1794.91934267504,1023.6929368761007
2024-09-28 17:00:00+00:00,1676.887177069916,752.4495641406745
2024-09-28 18:00:00+00:00,1211.5835716205906,577.035197406457
2024-09-28 19:00:00+00:00,970.8558869366766,416.99511096342235
2024-09-28 20:00:00+00:00,833.4671901257789,333.9916575767318
2024-09-28 21:00:00+00:00,730.6517178945325,257.8126805523668
2024-09-28 22:00:00+00:00,617.538615575159,244.66106768739706
2024-09-28 23:00:00+00:00,534.9117837924923,239.1861682008467
2024-09-29 00:00:00+00:00,398.67750670939574,273.01248788567347
2024-09-29 01:00:00+00:00,330.0984091596489,271.69358651053426
2024-09-29 02:00:00+00:00,290.9936293141115,244.2047575194181
2024-09-29 03:00:00+00:00,315.15411810214516,252.22572355876113
2024-09-29 04:00:00+00:00,365.0322886000907,228.1703733557151
2024-09-29 05:00:00+00:00,500.7873214658369,260.86436064087997
2024-09-29 06:00:00+00:00,704.5606563133138,309.889132905042
2024-09-29 07:00:00+00:00,970.9575902526656,381.05160112586293
2024-09-29 08:00:00+00:00,1040.2914793007128,419.16063680248857
2024-09-29 09:00:00+00:00,982.5053195678173,325.33816658499893
2024-09-29 10:00:00+00:00,1262.6016708172515,418.7576942641651
2024-09-29 11:00:00+00:00,1391.7454317269069,480.8846308733441
2024-09-29 12:00:00+00:00,1402.5483366622614,503.2288784265572
2024-09-29 13:00:00+00:00,1322.6175620506392,549.8745091808199
2024-09-29 14:00:00+00:00,1497.9190487486046,593.2645209898171
2024-09-29 15:00:00+00:00,1750.4466405226153,645.8357972305128
2024-09-29 16:00:00+00:00,2036.2364421046143,699.7310067896696
2024-09-29 17:00:00+00:00,2773.534970054949,811.2936899570211
2024-09-29 18:00:00+00:00,3365.012618940681,1011.6228531368687
2024-09-29 19:00:00+00:00,3622.173953137271,1220.565493682225
2024-09-29 20:00:00+00:00,3810.2668332960493,1322.8994476448122
2024-09-29 21:00:00+00:00,3937.1964423758823,1442.345492555278
2024-09-29 22:00:00+00:00,3820.0853159349663,1454.0246330056468
2024-09-29 23:00:00+00:00,3701.0469552017234,1458.36536149786
2024-09-30 00:00:00+00:00,3700.436541769508,1511.438525700855
2024-09-30 01:00:00+00:00,3743.49526784845,1591.8182077176843
2024-09-30 02:00:00+00:00,3726.2271866575893,1669.8074263521398
2024-09-30 03:00:00+00:00,3686.7968787863747,1698.5694337718635
2024-09-30 04:00:00+00:00,3781.9559589487712,1702.1256629465481
2024-09-30 05:00:00+00:00,3808.0160063408607,1676.7147362429969
2024-09-30 06:00:00+00:00,3956.486590637062,1733.4684766816144
2024-09-30 07:00:00+00:00,4125.874189177703,1714.4034111159535
2024-09-30 08:00:00+00:00,3901.5656387853433,1685.9475780937455
2024-09-30 09:00:00+00:00,3926.7776101913937,1665.6218171896414
2024-09-30 10:00:00+00:00,3941.124067674987,1716.9911847374344
2024-09-30 11:00:00+00:00,4041.4544372821497,1703.6139569521713
2024-09-30 12:00:00+00:00,3996.857871909491,1671.5182870816207
2024-09-30 13:00:00+00:00,4052.6021271032023,1841.7015132759827
2024-09-30 14:00:00+00:00,4042.3903787400423,2028.7117514754038
2024-09-30 15:00:00+00:00,4104.378114378669,2096.626342202224
2024-09-30 16:00:00+00:00,4129.2568163077785,2216.657544060154
2024-09-30 17:00:00+00:00,4054.201036376592,2227.265695035374
2024-09-30 18:00:00+00:00,4014.6735006190493,2292.346009517704
2024-09-30 19:00:00+00:00,3904.613523040882,2224.54098742405
2024-09-30 20:00:00+00:00,3791.1560394486796,2063.8721570045877
2024-09-30 21:00:00+00:00,3695.592319997452,1928.0906683639541
2024-09-30 22:00:00+00:00,3692.780243517823,1831.544775603845
2024-09-30 23:00:00+00:00,3697.8871572789126,1681.1116633542758
2024-10-01 00:00:00+00:00,3734.1493057988814,1637.2660520434858
2024-10-01 01:00:00+00:00,3625.6534440581713,1582.0566761766854
2024-10-01 02:00:00+00:00,3536.7708277778893,1498.0046284454386
2024-10-01 03:00:00+00:00,3270.050914149883,1481.6999703503718
2024-10-01 04:00:00+00:00,3018.6221022555887,1502.7838605197492
2024-10-01 05:00:00+00:00,3262.5523018342665,1519.3943096538826
2024-10-01 06:00:00+00:00,3419.5667501435246,1477.9187968337253
2024-10-01 07:00:00+00:00,3468.112845313623,1310.0201441314027
2024-10-01 08:00:00+00:00,3434.34855530346,1111.8568960760365
2024-10-01 09:00:00+00:00,3521.551597108791,1102.5030997974022
2024-10-01 10:00:00+00:00,3526.696093043831,1160.6493094635398
2024-10-01 11:00:00+00:00,3552.601834247667,1288.786893878959
2024-10-01 12:00:00+00:00,3618.5349153780626,1331.907789144675
2024-10-01 13:00:00+00:00,3561.5165583754965,1261.155569095466
2024-10-01 14:00:00+00:00,3483.975234835874,1136.1837016676368
2024-10-01 15:00:00+00:00,3509.285860377998,969.4756677338319
2024-10-01 16:00:00+00:00,3083.881416370543,783.215507802903
2024-10-01 17:00:00+00:00,2556.385771719996,584.0282907993277
2024-10-01 18:00:00+00:00,1803.1632602604618,400.9725923652151
2024-10-01 19:00:00+00:00,1144.0333392368414,232.9574639820317
2024-10-01 20:00:00+00:00,912.5473917152163,170.79823123450694
2024-10-01 21:00:00+00:00,642.5525500142387,156.30822065968042
2024-10-01 22:00:00+00:00,501.0254443779232,136.5978233423679
2024-10-01 23:00:00+00:00,464.01208825469735,111.3101539219606
2024-10-02 00:00:00+00:00,504.78535684513196,193.85024561129615
2024-10-02 01:00:00+00:00,593.7151929960332,265.8515523149768
2024-10-02 02:00:00+00:00,588.5244458031051,331.23620491727735
2024-10-02 03:00:00+00:00,788.3172394858841,494.95035376190975
2024-10-02 04:00:00+00:00,1142.608316187506,700.5269277819584
2024-10-02 05:00:00+00:00,1388.0615624238612,804.8375107747939
2024-10-02 06:00:00+00:00,1980.4561972535598,765.5394393731425
2024-10-02 07:00:00+00:00,2473.5881743362165,769.7217154215521
2024-10-02 08:00:00+00:00,2430.484714099652,818.0967051527808
2024-10-02 09:00:00+00:00,2347.1685214598815,919.4474982245627
2024-10-02 10:00:00+00:00,2977.578493852029,964.9597045997126
2024-10-02 11:00:00+00:00,2753.8810644363043,1005.3730366994369
2024-10-02 12:00:00+00:00,2468.0399606150413,1016.4619089624882
2024-10-02 13:00:00+00:00,2423.1373990925636,1019.5952742848747
2024-10-02 14:00:00+00:00,2884.1005850549877,1196.4225991383482
2024-10-02 15:00:00+00:00,3100.276930339745,1236.686764877552
2024-10-02 16:00:00+00:00,3068.7487796795654,1051.5140664593262
2024-10-02 17:00:00+00:00,3353.427548224046,1051.2960317336563
2024-10-02 18:00:00+00:00,3286.508031888754,952.4053212751847
2024-10-02 19:00:00+00:00,3490.6292168503614,988.086302156762
2024-10-02 20:00:00+00:00,3648.447613726061,1125.457865456034
2024-10-02 21:00:00+00:00,3685.548580870774,1155.290362669934
2024-10-02 22:00:00+00:00,3375.7839049376807,1095.876529523192
2024-10-02 23:00:00+00:00,2898.828922792191,925.8253287495414
2024-10-03 00:00:00+00:00,2346.655156712636,859.9185938854193
2024-10-03 01:00:00+00:00,2166.168897269124,850.1063532013675
2024-10-03 02:00:00+00:00,1895.9447365041647,781.13090791463
2024-10-03 03:00:00+00:00,1857.4297884952455,714.1073141414296
2024-10-03 04:00:00+00:00,1731.425089312722,597.8586276739436
2024-10-03 05:00:00+00:00,1498.0019163297927,515.2137805177881
2024-10-03 06:00:00+00:00,1337.6958313779598,504.85233641545653
2024-10-03 07:00:00+00:00,1167.3872702017748,552.0458123378359
2024-10-03 08:00:00+00:00,1240.475977879863,536.1979035759082
2024-10-03 09:00:00+00:00,1469.503586291093,525.6889397546983
2024-10-03 10:00:00+00:00,1506.7206901022114,733.8042961724226
2024-10-03 11:00:00+00:00,1752.9414650663352,1021.8750012077375
2024-10-03 12:00:00+00:00,1442.5690815060311,960.3996695863488
2024-10-03 13:00:00+00:00,920.0845548175125,732.528923789973
2024-10-03 14:00:00+00:00,1101.0566704067194,690.224230041741
2024-10-03 15:00:00+00:00,1527.2632226164271,846.2603794930403
2024-10-03 16:00:00+00:00,1618.2580926784422,757.2422058611036
2024-10-03 17:00:00+00:00,1717.1922938485202,622.2663124285535
2024-10-03 18:00:00+00:00,1816.8875340410714,645.3907790375955
2024-10-03 19:00:00+00:00,1716.8852436129034,762.6490021236036
2024-10-03 20:00:00+00:00,1689.2644767081745,812.0246172362324
2024-10-03 21:00:00+00:00,1524.9124963804077,652.6012774964793
2024-10-03 22:00:00+00:00,1310.3998403218184,463.82877829542144
2024-10-03 23:00:00+00:00,829.6507052490913,348.293136089605
2024-10-04 00:00:00+00:00,507.1314337400444,311.26011712794696
2024-10-04 01:00:00+00:00,298.8089152745518,228.5777846591152
2024-10-04 02:00:00+00:00,146.5694371435894,201.12791736305064
2024-10-04 03:00:00+00:00,117.9598135021377,189.8645979472089
2024-10-04 04:00:00+00:00,123.02672355745187,186.8568132653515
2024-10-04 05:00:00+00:00,142.21629780949277,180.60567728554207
2024-10-04 06:00:00+00:00,189.26346477890706,183.16814226448219
2024-10-04 07:00:00+00:00,256.2749024623378,194.21802786512472
2024-10-04 08:00:00+00:00,200.99229947310022,180.18941596454434
2024-10-04 09:00:00+00:00,150.62802134629473,134.21619836024053
2024-10-04 10:00:00+00:00,104.59906007934191,136.3212359771302
2024-10-04 11:00:00+00:00,110.23938887120212,169.01593537947056
2024-10-04 12:00:00+00:00,114.02211216821775,171.8697106371543
2024-10-04 13:00:00+00:00,70.78750782175271,134.09207063880746
2024-10-04 14:00:00+00:00,57.40767272816307,113.69139145899572
2024-10-04 15:00:00+00:00,67.9318437692442,110.50513988151566
2024-10-04 16:00:00+00:00,85.10941565717457,115.70489517283876
2024-10-04 17:00:00+00:00,98.84037286562558,130.5135309054133
2024-10-04 18:00:00+00:00,90.17700374140018,144.5404961643516
2024-10-04 19:00:00+00:00,102.63752243849835,152.76319492676683
2024-10-04 20:00:00+00:00,134.23153876436223,173.63365128094483
2024-10-04 21:00:00+00:00,224.2087842915541,211.40999575976443
2024-10-04 22:00:00+00:00,266.35234931204224,227.81427567417867
2024-10-04 23:00:00+00:00,363.7984707440193,225.55643939902865
2024-10-05 00:00:00+00:00,366.82984114586816,236.5295140101305
2024-10-05 01:00:00+00:00,356.54055869197015,209.53887811732724
2024-10-05 02:00:00+00:00,335.6834207628386,171.85716710229235
2024-10-05 03:00:00+00:00,239.15883748280388,134.35863286228292
2024-10-05 04:00:00+00:00,226.43262225985828,112.15802907573692
2024-10-05 05:00:00+00:00,195.68507659931126,102.60973536078778
2024-10-05 06:00:00+00:00,204.00274783996693,97.79428322418046
2024-10-05 07:00:00+00:00,258.2861299362638,107.62463091246593
2024-10-05 08:00:00+00:00,311.6581443142902,147.98352697672752
2024-10-05 09:00:00+00:00,377.1400456347482,154.62748384945291
2024-10-05 10:00:00+00:00,393.0752748343442,142.10516160630957
2024-10-05 11:00:00+00:00,444.4486779192613,181.30036633596575
2024-10-05 12:00:00+00:00,435.2880230191191,217.27480055195323
2024-10-05 13:00:00+00:00,465.34654601371676,225.01251492013097
2024-10-05 14:00:00+00:00,440.9945080604829,228.67580826745717
2024-10-05 15:00:00+00:00,432.4220916716657,253.0422785503778
2024-10-05 16:00:00+00:00,479.65915516692434,237.40218564981149
2024-10-05 17:00:00+00:00,851.3018150335383,291.055921040548
2024-10-05 18:00:00+00:00,1586.4180487189926,587.4109286079475
2024-10-05 19:00:00+00:00,2199.6158697487253,847.6109162233886
2024-10-05 20:00:00+00:00,2297.5371925863606,991.514513194359
2024-10-05 21:00:00+00:00,2101.220120395617,1206.5025643811523
2024-10-05 22:00:00+00:00,2189.472557233337,937.3328354347806
2024-10-05 23:00:00+00:00,2188.8231992587075,845.2249324839732
2024-10-06 00:00:00+00:00,2173.3480611061714,876.2948324612812
2024-10-06 01:00:00+00:00,1888.44554302091,826.4780142498404
2024-10-06 02:00:00+00:00,1592.504036228226,813.3691969982872
2024-10-06 03:00:00+00:00,1660.148946637503,785.7151098156238
2024-10-06 04:00:00+00:00,2129.1458065879556,825.2656985561562
2024-10-06 05:00:00+00:00,2461.2422364713248,876.7868877284525
2024-10-06 06:00:00+00:00,2412.5919185714083,950.0110074662858
2024-10-06 07:00:00+00:00,2439.1687146750405,834.5495609956373
2024-10-06 08:00:00+00:00,2315.8129775883044,717.1051221121613
2024-10-06 09:00:00+00:00,2383.3388454929845,625.2304611068951
2024-10-06 10:00:00+00:00,2359.868777861646,606.9780681023966
2024-10-06 11:00:00+00:00,2705.2266783629193,806.6524973094898
2024-10-06 12:00:00+00:00,2444.2264229094135,965.9038114282793
2024-10-06 13:00:00+00:00,1936.0139205006883,1094.363072131548
2024-10-06 14:00:00+00:00,1744.4155420885895,1269.8356952199317
2024-10-06 15:00:00+00:00,2415.696322373148,1376.1658357561766
2024-10-06 16:00:00+00:00,2926.079679633811,1303.9478140616718
2024-10-06 17:00:00+00:00,3352.4655220599625,1158.806233159655
2024-10-06 18:00:00+00:00,3468.7296579005024,1171.8795023239932
2024-10-06 19:00:00+00:00,3418.0158074392043,1361.1720012695016
2024-10-06 20:00:00+00:00,3192.1417114951582,1385.2348598919991
2024-10-06 21:00:00+00:00,2909.0344202448878,1268.2291541448722
2024-10-06 22:00:00+00:00,2904.540444619754,1060.496109171936
2024-10-06 23:00:00+00:00,2886.6104543626534,1049.8134730881202
2024-10-07 00:00:00+00:00,3009.755033874107,1136.671010732428
2024-10-07 01:00:00+00:00,3390.207323387275,1189.862960003826
2024-10-07 02:00:00+00:00,3558.840475123251,1256.750027812641
2024-10-07 03:00:00+00:00,3773.3568119102165,1374.2221205895771
2024-10-07 04:00:00+00:00,3919.056313745089,1498.3905237573304
2024-10-07 05:00:00+00:00,3817.3016091646255,1673.3542377170293
2024-10-07 06:00:00+00:00,3580.919421150827,1689.7514951891462
2024-10-07 07:00:00+00:00,3126.709209423964,1660.2427083498303
2024-10-07 08:00:00+00:00,2842.1017307764587,1342.2479237669324
2024-10-07 09:00:00+00:00,2642.66301347737,1089.499667610944
2024-10-07 10:00:00+00:00,2563.3512595886614,1281.8628626351656
2024-10-07 11:00:00+00:00,2656.0831428605547,1258.262032285189
2024-10-07 12:00:00+00:00,2261.354664032852,936.1611046145107
2024-10-07 13:00:00+00:00,2029.912594667925,697.4532774344167
2024-10-07 14:00:00+00:00,1367.72331033454,544.6741367205715
2024-10-07 15:00:00+00:00,1033.8178024541317,401.0959451964637
2024-10-07 16:00:00+00:00,782.7881074355028,199.1854129623644
2024-10-07 17:00:00+00:00,1103.2827361843042,317.2613994538847
2024-10-07 18:00:00+00:00,1347.183102490878,494.14761596138186
2024-10-07 19:00:00+00:00,1258.7213484420643,410.64535281605305
2024-10-07 20:00:00+00:00,1189.7804341991746,413.75004720161223
2024-10-07 21:00:00+00:00,1169.599291094765,540.8225934890431
2024-10-07 22:00:00+00:00,1242.9265680884128,724.4227007084187
2024-10-07 23:00:00+00:00,1160.453746553221,840.1663524981427
2024-10-08 00:00:00+00:00,1543.117863236833,977.6681942096873
2024-10-08 01:00:00+00:00,1738.9444299407742,1107.1885701593856
2024-10-08 02:00:00+00:00,1649.1336889419813,966.8596384708867
2024-10-08 03:00:00+00:00,1829.7100293694439,1037.8576924311353
2024-10-08 04:00:00+00:00,2212.647972872011,1086.1052611576467
2024-10-08 05:00:00+00:00,2707.430853492791,1372.9734819184935
2024-10-08 06:00:00+00:00,2853.5579009869734,1288.9403221354944
2024-10-08 07:00:00+00:00,3203.666072041911,1355.24912814411
2024-10-08 08:00:00+00:00,3043.8626002360133,1378.0000008229395
2024-10-08 09:00:00+00:00,2837.9876450642873,1238.5151182679308
2024-10-08 10:00:00+00:00,2354.9025066690465,996.9205345666744
2024-10-08 11:00:00+00:00,2351.1822588931577,1165.114614151846
2024-10-08 12:00:00+00:00,2383.849304402038,1036.3794925428872
2024-10-08 13:00:00+00:00,2417.7526872003227,994.9302291277305
2024-10-08 14:00:00+00:00,2351.7103465539094,992.9832206778467
2024-10-08 15:00:00+00:00,2164.8238816313406,873.6289196427075
2024-10-08 16:00:00+00:00,1612.2237322277526,592.7434322740065
2024-10-08 17:00:00+00:00,1492.9181524129654,600.4472936272479
2024-10-08 18:00:00+00:00,1610.7545404378995,843.4453003139462
2024-10-08 19:00:00+00:00,2296.4364610792477,1162.894166328099
2024-10-08 20:00:00+00:00,3009.2831257517337,1441.474355397848
2024-10-08 21:00:00+00:00,3235.816459520261,1590.1711324664504
2024-10-08 22:00:00+00:00,3297.7454893446875,1476.9805985428156
2024-10-08 23:00:00+00:00,3384.790453552376,1406.2818459163386
2024-10-09 00:00:00+00:00,3459.618111665804,1455.8353951875881
2024-10-09 01:00:00+00:00,3529.4926717197695,1470.6804507588354
2024-10-09 02:00:00+00:00,3524.9595641403175,1394.7615535430548
2024-10-09 03:00:00+00:00,3700.3795915574265,1525.5484874993538
2024-10-09 04:00:00+00:00,3951.1336678235484,1648.418659024214
2024-10-09 05:00:00+00:00,4021.9287974167255,1607.7908760659234
2024-10-09 06:00:00+00:00,4065.0781698967226,1644.433398805219
2024-10-09 07:00:00+00:00,4011.100869423312,1600.4318408447941
2024-10-09 08:00:00+00:00,3940.711782286824,1507.7897479730323
2024-10-09 09:00:00+00:00,3694.184344532176,1457.6252946525603
2024-10-09 10:00:00+00:00,3744.692849094575,1515.0431075452473
2024-10-09 11:00:00+00:00,3477.4328370079575,1446.6505249691797
2024-10-09 12:00:00+00:00,2696.673827951261,1080.517528037061
2024-10-09 13:00:00+00:00,2147.7664177220113,810.0369754822979
2024-10-09 14:00:00+00:00,1829.512819817483,683.8392317825554
2024-10-09 15:00:00+00:00,1264.8508266629037,493.481646278422
2024-10-09 16:00:00+00:00,845.022492423267,306.29723607990485
2024-10-09 17:00:00+00:00,513.8449854374671,194.65046501872436
2024-10-09 18:00:00+00:00,307.5439617408454,99.1828864348433
2024-10-09 19:00:00+00:00,217.12764406284893,24.483860092046076
2024-10-09 20:00:00+00:00,185.4850033779063,5.455753203840537
2024-10-09 21:00:00+00:00,263.48409329403523,40.066126812592444
2024-10-09 22:00:00+00:00,708.304355272093,127.22731849412993
2024-10-09 23:00:00+00:00,1148.2477732279087,155.07348158128167
2024-10-10 00:00:00+00:00,1433.8582503580037,223.82620647826482
2024-10-10 01:00:00+00:00,1788.6493733818247,396.5394456195666
2024-10-10 02:00:00+00:00,2597.877266650209,713.0401934960702
2024-10-10 03:00:00+00:00,3415.9646731207754,1008.7192062387476
2024-10-10 04:00:00+00:00,3796.4070827840906,1556.1752471523885
2024-10-10 05:00:00+00:00,3902.6553755445957,1994.6971290646993
2024-10-10 06:00:00+00:00,3833.4274613496136,1990.8951303743436
2024-10-10 07:00:00+00:00,3868.0503296842267,1983.7576168847145
2024-10-10 08:00:00+00:00,3720.7646276416385,1923.9692211950294
2024-10-10 09:00:00+00:00,3406.72333278017,1711.3792614067847
2024-10-10 10:00:00+00:00,2955.5092339517596,1506.8877757982489
2024-10-10 11:00:00+00:00,2801.2898145380714,1434.9585944200244
2024-10-10 12:00:00+00:00,2628.994531790046,1326.8134673490836
2024-10-10 13:00:00+00:00,2486.5730091582464,1303.2788901098834
2024-10-10 14:00:00+00:00,2453.220185836064,1177.0685544446426
2024-10-10 15:00:00+00:00,2388.7328560674396,986.0597706016918
2024-10-10 16:00:00+00:00,2188.1393586708673,765.2813525110603
2024-10-10 17:00:00+00:00,1851.7409322055796,729.682945864771
2024-10-10 18:00:00+00:00,2176.3674207101603,726.996643748217
2024-10-10 19:00:00+00:00,2259.5046137173063,705.9046172319024
2024-10-10 20:00:00+00:00,1997.1868512275673,626.5453044581187
2024-10-10 21:00:00+00:00,1928.3262349800486,579.0174634211184
2024-10-10 22:00:00+00:00,1959.4239341427265,534.7690545062867
2024-10-10 23:00:00+00:00,2043.2383811711443,460.9766012487433
2024-10-11 00:00:00+00:00,1980.6090443424569,584.0025257006923
2024-10-11 01:00:00+00:00,1750.3432582776343,546.7490504815379
2024-10-11 02:00:00+00:00,1386.1563980439416,449.7060656680582
2024-10-11 03:00:00+00:00,1156.1333463294204,326.3530406969679
2024-10-11 04:00:00+00:00,1299.5799518140693,386.96097961805765
2024-10-11 05:00:00+00:00,1245.2375812024757,299.14107679521067
2024-10-11 06:00:00+00:00,1152.4467094152856,259.8897893884497
2024-10-11 07:00:00+00:00,1079.4295822179927,254.35872011260705
2024-10-11 08:00:00+00:00,1076.1955780328913,316.5958172160171
2024-10-11 09:00:00+00:00,980.4570239837808,280.5718505665159
2024-10-11 10:00:00+00:00,882.9811661409726,401.14999378683405
2024-10-11 11:00:00+00:00,918.7619141338072,451.5438146019244
2024-10-11 12:00:00+00:00,914.006994239036,538.165107601226
2024-10-11 13:00:00+00:00,889.4993486506229,510.7004326380416
2024-10-11 14:00:00+00:00,739.7845111714687,470.7765889817524
2024-10-11 15:00:00+00:00,739.297783274316,423.9022225234864
2024-10-11 16:00:00+00:00,668.2947409585045,373.7750607931446
2024-10-11 17:00:00+00:00,560.2944699214326,294.73422788519935
2024-10-11 18:00:00+00:00,470.1127502468,210.97784918998397
2024-10-11 19:00:00+00:00,480.7735925441761,193.73987219063832
2024-10-11 20:00:00+00:00,549.2020137912779,204.63101427238612
2024-10-11 21:00:00+00:00,692.427775573338,253.79813549474216
2024-10-11 22:00:00+00:00,887.1351586976473,310.7510627073528
2024-10-11 23:00:00+00:00,1030.7932123413973,333.4381522378688
2024-10-12 00:00:00+00:00,1063.301792807543,349.21356033690716
2024-10-12 01:00:00+00:00,988.4833365150563,362.3873715026871
2024-10-12 02:00:00+00:00,1281.3431050438978,395.77104514034033
2024-10-12 03:00:00+00:00,1343.7172124180586,432.1420173005977
2024-10-12 04:00:00+00:00,1440.6882293056508,537.6014718532596
2024-10-12 05:00:00+00:00,1190.2927334724163,596.188884618209
2024-10-12 06:00:00+00:00,1118.0214380777256,642.1990063675507
2024-10-12 07:00:00+00:00,1105.8379365677642,538.7710232948854
2024-10-12 08:00:00+00:00,1148.4727819652392,540.8987748803089
2024-10-12 09:00:00+00:00,1043.4884319569621,462.2749781835459
2024-10-12 10:00:00+00:00,1344.0977803599317,506.33053630370466
2024-10-12 11:00:00+00:00,1513.654020028219,590.5587262600206
2024-10-12 12:00:00+00:00,1520.3981798879304,623.6947256224462
2024-10-12 13:00:00+00:00,1643.58528149826,572.7158627180419
2024-10-12 14:00:00+00:00,1918.961493377558,642.5664980375601
2024-10-12 15:00:00+00:00,2335.696466000584,835.0685436967207
2024-10-12 16:00:00+00:00,2900.943016938112,984.4700833881456
2024-10-12 17:00:00+00:00,3678.7911510166527,992.5031762085356
2024-10-12 18:00:00+00:00,3872.230862229721,1795.8527525371383
2024-10-12 19:00:00+00:00,4036.2003373901534,2055.7493706453392
2024-10-12 20:00:00+00:00,3638.8959298665545,2134.539042272226
2024-10-12 21:00:00+00:00,3790.286225216554,1977.7787579434914
2024-10-12 22:00:00+00:00,3747.747853647052,1695.404512807778
2024-10-12 23:00:00+00:00,3600.1428968484406,1607.878051211682
2024-10-13 00:00:00+00:00,3334.900311357225,1418.7935134194447
2024-10-13 01:00:00+00:00,3140.7918699149145,1575.9235172274696
2024-10-13 02:00:00+00:00,3012.2195721059784,1682.0572231019382
2024-10-13 03:00:00+00:00,3033.0614059539657,1763.1473499641243
2024-10-13 04:00:00+00:00,3134.304489290099,1803.9840626884165
2024-10-13 05:00:00+00:00,3233.8234419656715,1775.924320494156
2024-10-13 06:00:00+00:00,3871.3726713503634,2105.8462147972114
2024-10-13 07:00:00+00:00,3772.1177625051664,2141.5725267545836
2024-10-13 08:00:00+00:00,3487.666424229843,1947.6769863904701
2024-10-13 09:00:00+00:00,3167.020159158058,1894.367641256117
2024-10-13 10:00:00+00:00,2803.8572194419376,1763.2593215957877
2024-10-13 11:00:00+00:00,1712.327339547547,1594.2224520736759
2024-10-13 12:00:00+00:00,1627.0101867287954,1647.8921211438314
2024-10-13 13:00:00+00:00,2359.1334070765347,1709.5073204435264
2024-10-13 14:00:00+00:00,2056.046734753649,1472.98836431216
2024-10-13 15:00:00+00:00,1320.174401970648,1121.3144307781236
2024-10-13 16:00:00+00:00,1146.9176742261773,783.6649441099255
2024-10-13 17:00:00+00:00,950.770302985844,578.5526261716784
2024-10-13 18:00:00+00:00,837.6972617864374,488.210068353121
2024-10-13 19:00:00+00:00,757.06892104359,430.81995778453063
2024-10-13 20:00:00+00:00,539.1778890723958,335.59191107511026
2024-10-13 21:00:00+00:00,469.4534155610451,264.71362607900676
2024-10-13 22:00:00+00:00,383.9177194949401,214.20550896169942
2024-10-13 23:00:00+00:00,372.8000794337884,180.2193460979215
2024-10-14 00:00:00+00:00,304.2862265438432,172.0568950473528
2024-10-14 01:00:00+00:00,240.1471130518882,151.95101315211502
2024-10-14 02:00:00+00:00,177.2872463933054,130.24813101721463
2024-10-14 03:00:00+00:00,282.5369962897811,113.15487686748753
2024-10-14 04:00:00+00:00,440.28829251856445,162.49998067910087
2024-10-14 05:00:00+00:00,672.2553984141409,187.0051078744143
2024-10-14 06:00:00+00:00,666.5426658206644,180.50455411646197
2024-10-14 07:00:00+00:00,546.2815011164522,163.05136347602456
2024-10-14 08:00:00+00:00,523.8193234619936,181.04794585835782
2024-10-14 09:00:00+00:00,506.1829197235533,197.8907651865748
2024-10-14 10:00:00+00:00,551.5656710072516,155.52713135368256
2024-10-14 11:00:00+00:00,630.5286274516524,114.6369512066583
2024-10-14 12:00:00+00:00,574.615893450489,160.72373865363105
2024-10-14 13:00:00+00:00,323.26415891423665,136.22805543244147
2024-10-14 14:00:00+00:00,218.9549319792241,135.14165939374206
2024-10-14 15:00:00+00:00,175.5441309232239,153.6811492116058
2024-10-14 16:00:00+00:00,221.39448000264446,181.10925904420807
2024-10-14 17:00:00+00:00,378.5146039608166,184.87290067042986
2024-10-14 18:00:00+00:00,611.6254235534288,229.40018529807534
2024-10-14 19:00:00+00:00,681.5329164402362,233.73768153657196
2024-10-14 20:00:00+00:00,737.1087185030423,257.8845673134537
2024-10-14 21:00:00+00:00,642.8063265496695,266.21981887517074
2024-10-14 22:00:00+00:00,607.00092736284,261.561324377736
2024-10-14 23:00:00+00:00,761.6585471758752,308.2719952845218
2024-10-15 00:00:00+00:00,1010.6085822311576,413.2422035469313
2024-10-15 01:00:00+00:00,1560.0310038492953,590.7235357161411
2024-10-15 02:00:00+00:00,1664.688059615885,656.8358102017075
2024-10-15 03:00:00+00:00,1779.4374788682312,733.2749493151213
2024-10-15 04:00:00+00:00,1933.8029650817018,802.501943328009
2024-10-15 05:00:00+00:00,1930.642381741584,824.1054942273811
2024-10-15 06:00:00+00:00,2030.1615281397028,884.1587086376264
2024-10-15 07:00:00+00:00,2136.354222529468,963.9526379436536
2024-10-15 08:00:00+00:00,2186.4177464034065,1090.160552077068
2024-10-15 09:00:00+00:00,2001.0341809937174,952.0767678369475
2024-10-15 10:00:00+00:00,1521.3573970750952,774.2761324810782
2024-10-15 11:00:00+00:00,1553.57965561806,846.16177471706
2024-10-15 12:00:00+00:00,1730.4663564319226,895.9990306571176
2024-10-15 13:00:00+00:00,1720.003982883057,931.3231746087226
2024-10-15 14:00:00+00:00,1749.578054220419,968.7362287752521
2024-10-15 15:00:00+00:00,1974.4174780455824,1025.9164409651103
2024-10-15 16:00:00+00:00,2464.3297864115516,1161.7862670867792
2024-10-15 17:00:00+00:00,3193.1577862496124,1466.6112118160927
2024-10-15 18:00:00+00:00,3598.15995286625,1739.5732533255136
2024-10-15 19:00:00+00:00,3871.066202282385,1738.2111901036706
2024-10-15 20:00:00+00:00,3867.3323939282673,1780.229222914266
2024-10-15 21:00:00+00:00,3799.9091989730364,1766.658571112738
2024-10-15 22:00:00+00:00,3701.324570137451,1744.2533963174783
2024-10-15 23:00:00+00:00,3502.9844533974674,1729.7608189189157
2024-10-16 00:00:00+00:00,3394.265423283615,1721.7751881223273
2024-10-16 01:00:00+00:00,3483.2212666863343,1666.5067268789574
2024-10-16 02:00:00+00:00,3634.1024591851033,1576.9809517455224
2024-10-16 03:00:00+00:00,3801.8018682487304,1600.1710902977027
2024-10-16 04:00:00+00:00,3954.6508943710924,1703.7803008122728
2024-10-16 05:00:00+00:00,3922.314339525911,1733.272814957714
2024-10-16 06:00:00+00:00,3813.529831191466,1704.9129965394975
2024-10-16 07:00:00+00:00,3658.2375763173077,1708.7860914042828
2024-10-16 08:00:00+00:00,3521.3078941457593,1562.6559443493625
2024-10-16 09:00:00+00:00,3302.8613143428997,1393.6749637818093
2024-10-16 10:00:00+00:00,3086.6702461446366,1197.279433959883
2024-10-16 11:00:00+00:00,2938.1611862232344,1163.5814939217696
2024-10-16 12:00:00+00:00,2935.927758988897,1195.2226816876164
2024-10-16 13:00:00+00:00,2859.5979762527736,1024.316583317892
2024-10-16 14:00:00+00:00,2733.2401208686547,989.2579361157588
2024-10-16 15:00:00+00:00,2949.916076599882,1389.1214184737407
2024-10-16 16:00:00+00:00,3226.47728929386,1671.7560267114534
2024-10-16 17:00:00+00:00,3419.916613061836,1781.1310013665031
2024-10-16 18:00:00+00:00,3679.604010820216,1787.523845388807
2024-10-16 19:00:00+00:00,3959.721775738602,1869.0568219914471
2024-10-16 20:00:00+00:00,3869.558653428398,1821.6914657400137
2024-10-16 21:00:00+00:00,3829.88970021218,1816.5975313895142
2024-10-16 22:00:00+00:00,3776.7345582245466,1760.6194644596683
2024-10-16 23:00:00+00:00,3693.5194887538564,1629.2002201127998
2024-10-17 00:00:00+00:00,3302.1976208998567,1571.3004255253402
2024-10-17 01:00:00+00:00,2916.537875624157,1446.8451192667678
2024-10-17 02:00:00+00:00,2731.315487372849,1321.6282896793566
2024-10-17 03:00:00+00:00,2626.172188015472,1383.0411457796183
2024-10-17 04:00:00+00:00,2639.0394332520004,1374.3490088572926
2024-10-17 05:00:00+00:00,2298.6179706712223,1337.7767105409691
2024-10-17 06:00:00+00:00,2402.5764629364658,1432.2769900752141
2024-10-17 07:00:00+00:00,2507.3156570626147,1435.5053763064775
2024-10-17 08:00:00+00:00,1790.3930700195447,1290.9270437073349
2024-10-17 09:00:00+00:00,2002.881131748525,1216.3439603083966
2024-10-17 10:00:00+00:00,2297.944397378327,1277.4020135654205
2024-10-17 11:00:00+00:00,2184.3131446622456,1217.9550538632902
2024-10-17 12:00:00+00:00,1686.5357009233815,1121.1732070419944
2024-10-17 13:00:00+00:00,1054.6781368052743,740.6620258748029
2024-10-17 14:00:00+00:00,699.1172088137674,387.32314391804846
2024-10-17 15:00:00+00:00,503.1494183736971,165.21940935104314
2024-10-17 16:00:00+00:00,422.6102384327061,71.07558535550777
2024-10-17 17:00:00+00:00,365.7293033613012,30.933077375273847
2024-10-17 18:00:00+00:00,249.1623791811595,83.98835539037697
2024-10-17 19:00:00+00:00,162.12158000821248,60.00453556670047
2024-10-17 20:00:00+00:00,116.91623014613313,70.56028338280086
2024-10-17 21:00:00+00:00,88.03549785520148,59.950293253783954
2024-10-17 22:00:00+00:00,80.31584811445042,64.72390737425667
2024-10-17 23:00:00+00:00,86.2349436501923,86.93516590083983
2024-10-18 00:00:00+00:00,76.33310628855514,93.84999532369207
2024-10-18 01:00:00+00:00,98.1724175265679,114.96502033853015
2024-10-18 02:00:00+00:00,108.1179332685279,92.66402589628164
2024-10-18 03:00:00+00:00,93.95924273205048,92.8679188760839
2024-10-18 04:00:00+00:00,96.07982658326712,93.80495483171674
2024-10-18 05:00:00+00:00,118.61653293351982,110.67789196202746
2024-10-18 06:00:00+00:00,227.013015008065,146.02625123189884
2024-10-18 07:00:00+00:00,243.84101456150302,171.1949265783455
2024-10-18 08:00:00+00:00,268.81533776354433,160.72582117100197
2024-10-18 09:00:00+00:00,169.118547790624,115.0136446976089
2024-10-18 10:00:00+00:00,122.67511713622515,90.45781667967536
2024-10-18 11:00:00+00:00,127.39022704776649,110.60723166332639
2024-10-18 12:00:00+00:00,105.2995608061495,101.97083840364965
2024-10-18 13:00:00+00:00,249.59525221048793,107.15005910508293
2024-10-18 14:00:00+00:00,213.97907152059122,104.9967845742068
2024-10-18 15:00:00+00:00,99.80569231299346,78.81499479596414
2024-10-18 16:00:00+00:00,63.04393334655454,53.815971969291176
2024-10-18 17:00:00+00:00,74.14007020508573,76.7899161599898
2024-10-18 18:00:00+00:00,63.56417524418778,48.78238219191144
2024-10-18 19:00:00+00:00,112.41111547459718,45.17023159676365
2024-10-18 20:00:00+00:00,105.6857467018605,72.85308657752743
2024-10-18 21:00:00+00:00,153.81746934578595,93.91460179282656
2024-10-18 22:00:00+00:00,306.71415121449576,99.57895218040694
2024-10-18 23:00:00+00:00,311.26198170745346,175.28571715434504
2024-10-19 00:00:00+00:00,357.4202527739484,156.7659870361866
2024-10-19 01:00:00+00:00,479.83902655100644,145.6257298677742
2024-10-19 02:00:00+00:00,471.33649557070584,124.08814149535957
2024-10-19 03:00:00+00:00,360.3316120584694,92.83556721088013
2024-10-19 04:00:00+00:00,249.60203249960247,107.26425854602681
2024-10-19 05:00:00+00:00,404.3222246950379,166.0355624378906
2024-10-19 06:00:00+00:00,500.6762594885231,118.80494021729079
2024-10-19 07:00:00+00:00,784.4314073636905,177.92494469218934
2024-10-19 08:00:00+00:00,1055.503588574336,223.71549404315127
2024-10-19 09:00:00+00:00,1113.9843570776407,304.4128484430577
2024-10-19 10:00:00+00:00,1285.0714891667237,546.4664577173702
2024-10-19 11:00:00+00:00,1616.3490538476,609.8551384962525
2024-10-19 12:00:00+00:00,1709.4972468711276,722.5967204192299
2024-10-19 13:00:00+00:00,1852.797494972175,722.4311360729249
2024-10-19 14:00:00+00:00,2014.3477629765305,784.0775731331834
2024-10-19 15:00:00+00:00,2189.6159119174736,783.5402352208541
2024-10-19 16:00:00+00:00,2553.13549484102,844.2794695975837
2024-10-19 17:00:00+00:00,3043.7370680261206,1060.9244297214304
2024-10-19 18:00:00+00:00,3055.528959409079,1210.6091917752979
2024-10-19 19:00:00+00:00,2781.9456496942184,1250.4823285551374
2024-10-19 20:00:00+00:00,2376.365414999928,1193.0324545810658
2024-10-19 21:00:00+00:00,1934.2826221059206,1053.4970104415172
2024-10-19 22:00:00+00:00,1287.4612504957886,852.8603129171576
2024-10-19 23:00:00+00:00,1008.2565967985881,664.3106430747863
2024-10-20 00:00:00+00:00,889.3514414866523,555.0724365373044
2024-10-20 01:00:00+00:00,566.6164114918527,430.56540635891525
2024-10-20 02:00:00+00:00,346.45274768604776,340.8122493869597
2024-10-20 03:00:00+00:00,341.93174776572914,384.5995502113644
2024-10-20 04:00:00+00:00,753.701006148476,548.7364500822899
2024-10-20 05:00:00+00:00,1005.927276903916,773.9280130656819
2024-10-20 06:00:00+00:00,1419.603564246089,897.3343601675946
2024-10-20 07:00:00+00:00,1969.8775901770161,1025.727561482633
2024-10-20 08:00:00+00:00,2841.164888543372,1199.1307434719783
2024-10-20 09:00:00+00:00,3471.2259666299387,1400.1934368752786
2024-10-20 10:00:00+00:00,3812.038167586262,1549.463535819154
2024-10-20 11:00:00+00:00,3418.797671635387,1581.876223624965
2024-10-20 12:00:00+00:00,3232.613257219995,1507.076558419453
2024-10-20 13:00:00+00:00,3486.077124461389,1801.8374231547452
2024-10-20 14:00:00+00:00,3658.685462843961,2086.398795836271
2024-10-20 15:00:00+00:00,4278.571749654486,2397.338570871121
2024-10-20 16:00:00+00:00,4286.269193885978,2362.802238191528
2024-10-20 17:00:00+00:00,4220.597879956446,2376.358221099281
2024-10-20 18:00:00+00:00,4232.207581293626,2341.2146893244703
2024-10-20 19:00:00+00:00,4191.04167020897,2355.6641281966013
2024-10-20 20:00:00+00:00,3336.119700994197,2267.328911035223
2024-10-20 21:00:00+00:00,3448.9470611345964,2214.747887870656
2024-10-20 22:00:00+00:00,3658.8712965995733,1975.5500321385257
2024-10-20 23:00:00+00:00,3251.9274156822075,1874.7437002205913
2024-10-21 00:00:00+00:00,3168.384947747645,1796.0463861400563
2024-10-21 01:00:00+00:00,3251.708107261159,1812.5340683807622
2024-10-21 02:00:00+00:00,3257.682037009998,1782.4018032405752
2024-10-21 03:00:00+00:00,3599.3700940967,1816.8215578999316
2024-10-21 04:00:00+00:00,3537.3728493120616,1696.8127862984077
2024-10-21 05:00:00+00:00,3439.719891679108,1594.3598614428154
2024-10-21 06:00:00+00:00,3373.36693248327,1448.5405255429444
2024-10-21 07:00:00+00:00,3132.1397322815246,1291.857413792094
2024-10-21 08:00:00+00:00,2937.660030345773,1178.4134588303866
2024-10-21 09:00:00+00:00,2723.060115613639,1139.9606242854763
2024-10-21 10:00:00+00:00,2294.133778977424,1033.7016403444775
2024-10-21 11:00:00+00:00,1950.5555957515116,808.5599415887514
2024-10-21 12:00:00+00:00,1558.2391316854869,538.8780670158566
2024-10-21 13:00:00+00:00,1511.5618358446263,503.22823732852123
2024-10-21 14:00:00+00:00,1198.7160990554594,488.72046122987166
2024-10-21 15:00:00+00:00,1145.1633161244056,289.3988189313839
2024-10-21 16:00:00+00:00,756.2527573205299,199.0487798091114
2024-10-21 17:00:00+00:00,429.5527696847071,136.02653017920582
2024-10-21 18:00:00+00:00,335.73402626470454,131.5859301595883
2024-10-21 19:00:00+00:00,287.8252216843658,135.4793962081177
2024-10-21 20:00:00+00:00,287.0309455138135,147.69827661747132
2024-10-21 21:00:00+00:00,358.68873613331675,167.41136478641084
2024-10-21 22:00:00+00:00,636.0215132449937,229.53726045893805
2024-10-21 23:00:00+00:00,789.9844787752569,302.6643087351476
2024-10-22 00:00:00+00:00,367.59564410288215,396.7878147253835
2024-10-22 01:00:00+00:00,477.3211694147802,328.0222157063706
2024-10-22 02:00:00+00:00,570.938624684129,243.48672952447131
2024-10-22 03:00:00+00:00,1004.9627450281948,249.81305567214656
2024-10-22 04:00:00+00:00,1136.9042479991647,358.1617977190362
2024-10-22 05:00:00+00:00,1523.6183607862783,554.6202192769828
2024-10-22 06:00:00+00:00,1616.2614360577797,767.7269976401999
2024-10-22 07:00:00+00:00,1751.0966632173943,855.8496299930771
2024-10-22 08:00:00+00:00,1929.7651969867484,940.1721358598551
2024-10-22 09:00:00+00:00,2093.869990470657,924.6331751249936
2024-10-22 10:00:00+00:00,2174.508253291132,846.6956292623752
2024-10-22 11:00:00+00:00,2292.540876063494,1031.5917114009428
2024-10-22 12:00:00+00:00,1906.6003742260132,1135.1355423924374
2024-10-22 13:00:00+00:00,2057.798797917542,1116.3905061154178
2024-10-22 14:00:00+00:00,2022.4130183376953,1214.1744753164007
2024-10-22 15:00:00+00:00,2235.0352022141856,1024.461518047169
2024-10-22 16:00:00+00:00,2277.1819697176,857.4408520038698
2024-10-22 17:00:00+00:00,1946.3748930198683,762.7640816899285
2024-10-22 18:00:00+00:00,1831.142852627031,750.3409715494314
2024-10-22 19:00:00+00:00,1376.653835466846,614.7155221621244
2024-10-22 20:00:00+00:00,881.4337667512071,593.0141233354436
2024-10-22 21:00:00+00:00,564.2282616079806,487.38691178231306
2024-10-22 22:00:00+00:00,353.90132624587744,447.01003640548714
2024-10-22 23:00:00+00:00,185.13914567600824,264.3324992160999
2024-10-23 00:00:00+00:00,145.63663656037915,167.65306876984354
2024-10-23 01:00:00+00:00,133.18322072508877,118.00645753750163
2024-10-23 02:00:00+00:00,115.89325330476612,98.23597765005783
2024-10-23 03:00:00+00:00,149.55857908558215,103.86927114222935
2024-10-23 04:00:00+00:00,222.10299667151665,140.24717907951631
2024-10-23 05:00:00+00:00,335.0644335562544,172.68168825743996
2024-10-23 06:00:00+00:00,474.24126048455076,223.0698373244113
2024-10-23 07:00:00+00:00,743.8220831159164,250.7452647765866
2024-10-23 08:00:00+00:00,848.6715803382268,230.97542140761013
2024-10-23 09:00:00+00:00,792.1840394066548,178.16612912512426
2024-10-23 10:00:00+00:00,623.8583003924707,170.16967739587324
2024-10-23 11:00:00+00:00,592.0511141529348,187.25037237564143
2024-10-23 12:00:00+00:00,650.236812197808,213.73874850439535
2024-10-23 13:00:00+00:00,619.5873727130333,214.11922587328434
2024-10-23 14:00:00+00:00,554.2974858746819,204.60589501830646
2024-10-23 15:00:00+00:00,501.9032901499578,164.34846264086153
2024-10-23 16:00:00+00:00,471.716494534474,163.68450590175303
2024-10-23 17:00:00+00:00,342.555427824549,203.82575820943586
2024-10-23 18:00:00+00:00,358.4395669624227,244.2482280838524
2024-10-23 19:00:00+00:00,358.95560422547663,255.1681164366107
2024-10-23 20:00:00+00:00,404.70009770196646,293.3491390566054
2024-10-23 21:00:00+00:00,603.6262580991513,346.15263469518504
2024-10-23 22:00:00+00:00,987.9441940261675,374.96786278921786
2024-10-23 23:00:00+00:00,1405.6139178606247,435.55413770534136
2024-10-24 00:00:00+00:00,1420.3754114563037,467.4839804355495
2024-10-24 01:00:00+00:00,1546.1563055535737,541.970731034596
2024-10-24 02:00:00+00:00,1535.8510839273483,513.3441595985258
2024-10-24 03:00:00+00:00,1183.3556106830836,361.3915542200949
2024-10-24 04:00:00+00:00,888.5874927488987,299.26512708554645
2024-10-24 05:00:00+00:00,893.5287547116995,332.9323315228097
2024-10-24 06:00:00+00:00,846.5279344552972,358.04235471965524
2024-10-24 07:00:00+00:00,986.7620247375925,404.56144791232913
2024-10-24 08:00:00+00:00,1214.751816105627,492.0258583720946
2024-10-24 09:00:00+00:00,1274.4634281305885,421.9882111850057
2024-10-24 10:00:00+00:00,1013.6176164038678,324.62496215154425
2024-10-24 11:00:00+00:00,732.8867205666323,327.6043629618475
2024-10-24 12:00:00+00:00,601.9492111517173,376.51879256305045
2024-10-24 13:00:00+00:00,618.3416257352184,454.4926755964244
2024-10-24 14:00:00+00:00,713.2676640967088,479.8760927446676
2024-10-24 15:00:00+00:00,1212.5709926003735,509.71054139964303
2024-10-24 16:00:00+00:00,1541.565165826541,595.1158455166037
2024-10-24 17:00:00+00:00,2017.498453071776,779.9540848119282
2024-10-24 18:00:00+00:00,2203.02289635361,903.8554325720853
2024-10-24 19:00:00+00:00,2050.020566966133,848.6360836190399
2024-10-24 20:00:00+00:00,1744.061984712463,699.9941158455531
2024-10-24 21:00:00+00:00,1269.545501058395,521.8706890758574
2024-10-24 22:00:00+00:00,1029.9337476479463,420.6524864510345
2024-10-24 23:00:00+00:00,581.0705649722624,353.92513080059683
2024-10-25 00:00:00+00:00,459.8615296542773,449.88467739969434
2024-10-25 01:00:00+00:00,619.9652298505617,426.92176076870743
2024-10-25 02:00:00+00:00,717.2599079236998,404.80878786510345
2024-10-25 03:00:00+00:00,515.5526191288844,366.6865968549032
2024-10-25 04:00:00+00:00,427.3347685571298,387.3248244474419
2024-10-25 05:00:00+00:00,459.66743478028326,435.0857095517261
2024-10-25 06:00:00+00:00,527.5139258516591,446.47140582673904
2024-10-25 07:00:00+00:00,518.3554756714768,384.30102801899125
2024-10-25 08:00:00+00:00,577.9905571653779,433.2914443296513
2024-10-25 09:00:00+00:00,494.52190065386003,358.02574344159564
2024-10-25 10:00:00+00:00,543.3055164403436,282.54295885723127
2024-10-25 11:00:00+00:00,500.55500808078676,267.415127254345
2024-10-25 12:00:00+00:00,407.7887077778461,223.7987065876039
2024-10-25 13:00:00+00:00,364.6702793846001,147.11000995785466
2024-10-25 14:00:00+00:00,366.8840288160074,131.30803732038288
2024-10-25 15:00:00+00:00,429.9089233964374,120.88292774982845
2024-10-25 16:00:00+00:00,493.19289953243674,118.60495793092288
2024-10-25 17:00:00+00:00,552.1924513255755,180.17470949716446
2024-10-25 18:00:00+00:00,570.9330381531148,255.18892997251277
2024-10-25 19:00:00+00:00,219.25169056791702,254.03454502402556
2024-10-25 20:00:00+00:00,185.5135915689351,203.02337415316404
2024-10-25 21:00:00+00:00,156.46857412841115,188.96835425829372
2024-10-25 22:00:00+00:00,382.3345938211945,165.00356991933708
2024-10-25 23:00:00+00:00,275.40206210554106,115.71044272903727
2024-10-26 00:00:00+00:00,147.62791351777392,127.58557844687776
2024-10-26 01:00:00+00:00,134.61090074831847,141.5343553758252
2024-10-26 02:00:00+00:00,166.64080665350468,120.12212132703317
2024-10-26 03:00:00+00:00,167.6120720367158,133.96979687612384
2024-10-26 04:00:00+00:00,153.57989264917742,129.37534478114475
2024-10-26 05:00:00+00:00,160.20522180192552,139.5380357090195
2024-10-26 06:00:00+00:00,163.0171749967887,225.04005355426622
2024-10-26 07:00:00+00:00,195.2706410191937,228.42514528051322
2024-10-26 08:00:00+00:00,218.013557092546,212.35487083938233
2024-10-26 09:00:00+00:00,222.84565922809801,210.50024141935882
2024-10-26 10:00:00+00:00,190.54186498823861,172.64989941281996
2024-10-26 11:00:00+00:00,160.269194997786,151.2575890100339
2024-10-26 12:00:00+00:00,133.1040205243403,148.87233802032677
2024-10-26 13:00:00+00:00,172.0378899963934,184.41206855218965
2024-10-26 14:00:00+00:00,210.13397756964287,207.7151332363598
2024-10-26 15:00:00+00:00,243.0805689444158,251.94627006796134
2024-10-26 16:00:00+00:00,308.39037942877326,261.4749144449004
2024-10-26 17:00:00+00:00,464.75809936896536,348.8471718620972
2024-10-26 18:00:00+00:00,423.77896628582386,413.518338031056
2024-10-26 19:00:00+00:00,581.9875965101421,418.56698004131357
2024-10-26 20:00:00+00:00,604.6730652468716,465.49398887467123
2024-10-26 21:00:00+00:00,686.2529304540232,487.59479994969587
2024-10-26 22:00:00+00:00,794.1695815180528,450.20241753091176
2024-10-26 23:00:00+00:00,886.3404218847171,419.1966760194241
2024-10-27 00:00:00+00:00,814.9767398758585,415.6470041007354
2024-10-27 01:00:00+00:00,494.4812129102795,251.2474593079242
2024-10-27 02:00:00+00:00,656.3322613557859,314.14225692938436
2024-10-27 03:00:00+00:00,821.6873501436446,419.3982360808794
2024-10-27 04:00:00+00:00,782.9564250062185,509.1412590578088
2024-10-27 05:00:00+00:00,854.2100572979324,284.62515289900585
2024-10-27 06:00:00+00:00,585.2805846321479,213.23754273960893
2024-10-27 07:00:00+00:00,622.4997845894951,214.9117222640445
2024-10-27 08:00:00+00:00,775.4094665511279,293.84594481023913
2024-10-27 09:00:00+00:00,773.6893093820631,419.00796992313394
2024-10-27 10:00:00+00:00,707.7567737237808,378.1553000818866
2024-10-27 11:00:00+00:00,654.3414293433392,411.8243337372695
2024-10-27 12:00:00+00:00,462.5659050483735,361.34592264375857
2024-10-27 13:00:00+00:00,339.03116720622523,291.11823452553534
2024-10-27 14:00:00+00:00,198.80380053647795,209.0798288302802
2024-10-27 15:00:00+00:00,183.31586015565674,181.56956247089542
2024-10-27 16:00:00+00:00,209.54516708842306,179.74390391082107
2024-10-27 17:00:00+00:00,213.21714942949112,181.16050974867773
2024-10-27 18:00:00+00:00,149.00951701971925,152.36159630273917
2024-10-27 19:00:00+00:00,172.72251195642127,121.04370119104817
2024-10-27 20:00:00+00:00,440.29789354954664,144.07948991685606
2024-10-27 21:00:00+00:00,875.4240436532154,235.92444518783762
2024-10-27 22:00:00+00:00,1144.9412391570136,429.7232824764558
2024-10-27 23:00:00+00:00,1361.2028749550384,586.5446237911594
2024-10-28 00:00:00+00:00,1754.5081055722299,718.9490178230579
2024-10-28 01:00:00+00:00,2373.267732366954,1033.6249120601071
2024-10-28 02:00:00+00:00,2822.7969976298314,1336.2103172244715
2024-10-28 03:00:00+00:00,3474.045120256173,1547.1999486483303
2024-10-28 04:00:00+00:00,3588.0597912712133,1613.7273262637946
2024-10-28 05:00:00+00:00,3569.3748720005046,1632.26956652117
2024-10-28 06:00:00+00:00,3729.2461626189374,1738.6850722072184
2024-10-28 07:00:00+00:00,3954.8118939101314,1784.4443971819755
2024-10-28 08:00:00+00:00,4015.1768828721038,1647.0401567691197
2024-10-28 09:00:00+00:00,3998.2159769600094,1738.4131614056473
2024-10-28 10:00:00+00:00,3992.68244383306,1794.0235675296792
2024-10-28 11:00:00+00:00,3899.0905481790587,1740.4349912494731
2024-10-28 12:00:00+00:00,4017.8010692989005,1715.883720030692
2024-10-28 13:00:00+00:00,4154.875753820253,1777.6090540137598
2024-10-28 14:00:00+00:00,4091.6888251212504,1700.8619830787459
2024-10-28 15:00:00+00:00,4020.4228826859744,1598.1903430620355
2024-10-28 16:00:00+00:00,3910.8766454689667,1537.0208936340337
2024-10-28 17:00:00+00:00,3596.2673446591384,1404.7543830976954
2024-10-28 18:00:00+00:00,3421.055934259284,1322.130578165822
2024-10-28 19:00:00+00:00,3130.1139473714943,1216.1379679337076
2024-10-28 20:00:00+00:00,2785.397693845189,1150.4609295522469
2024-10-28 21:00:00+00:00,2465.67726097907,1143.3929296145413
2024-10-28 22:00:00+00:00,2068.1323971437855,1041.2743067298986
2024-10-28 23:00:00+00:00,1887.2266801757617,986.3095651637785
2024-10-29 00:00:00+00:00,1697.4167249078605,901.9922997597217
2024-10-29 01:00:00+00:00,1399.24566801118,772.8272038261008
2024-10-29 02:00:00+00:00,1320.5524078735048,743.8201055828141
2024-10-29 03:00:00+00:00,1403.1469453154637,668.3607053273848
2024-10-29 04:00:00+00:00,1193.3477888192097,652.8188277311974
2024-10-29 05:00:00+00:00,917.2035832595266,659.7655060130747
2024-10-29 06:00:00+00:00,869.5821142389568,652.9469224379011
2024-10-29 07:00:00+00:00,845.7720224269302,650.9742342916683
2024-10-29 08:00:00+00:00,772.7118147695796,562.2102879537042
2024-10-29 09:00:00+00:00,692.7079445683328,562.5655517755384
2024-10-29 10:00:00+00:00,621.0240999502063,609.1721508079906
2024-10-29 11:00:00+00:00,637.8212661214274,628.5827752889282
2024-10-29 12:00:00+00:00,496.7886974107374,605.4077682327161
2024-10-29 13:00:00+00:00,448.8731692178507,564.3486439355851
2024-10-29 14:00:00+00:00,394.56820685216053,499.89777495422624
2024-10-29 15:00:00+00:00,430.81552344720217,407.4086506347414
2024-10-29 16:00:00+00:00,335.2898723299204,321.0452317297001
2024-10-29 17:00:00+00:00,310.1514715330564,283.0758545899826
2024-10-29 18:00:00+00:00,300.54847191146956,245.1170078140351
2024-10-29 19:00:00+00:00,187.22573972893548,223.2090556548156
2024-10-29 20:00:00+00:00,192.05230477180098,177.07275107284406
2024-10-29 21:00:00+00:00,197.71289440057564,168.41679205396477
2024-10-29 22:00:00+00:00,189.66650996049069,177.6344693505619
2024-10-29 23:00:00+00:00,189.932883669375,175.34804557764386
2024-10-30 00:00:00+00:00,224.5031285978189,182.29368565464242
2024-10-30 01:00:00+00:00,381.7184933831625,154.77497770082704
2024-10-30 02:00:00+00:00,328.9186561808222,132.6948812850494
2024-10-30 03:00:00+00:00,264.4930007465181,125.56280927482834
2024-10-30 04:00:00+00:00,216.00507559716092,129.59663073529586
2024-10-30 05:00:00+00:00,212.74026732186337,121.48088432164656
2024-10-30 06:00:00+00:00,188.95756434330409,88.34109414256659
2024-10-30 07:00:00+00:00,128.2749835650969,90.73015188349575
2024-10-30 08:00:00+00:00,110.25115361049828,87.40077715240699
2024-10-30 09:00:00+00:00,49.61257912360895,59.295780072077285
2024-10-30 10:00:00+00:00,19.239054944937322,59.47800974745732
2024-10-30 11:00:00+00:00,17.194384593779553,72.5693777615605
2024-10-30 12:00:00+00:00,42.40882153842831,75.68498116428701
2024-10-30 13:00:00+00:00,45.08867552205562,75.73125543888162
2024-10-30 14:00:00+00:00,41.38979873079584,72.90239433599348
2024-10-30 15:00:00+00:00,46.817039453495134,60.94899774562813
2024-10-30 16:00:00+00:00,72.11858673130169,53.135566704998055
2024-10-30 17:00:00+00:00,45.146023982023294,34.11347804034145
2024-10-30 18:00:00+00:00,3.5393203826192536,29.551902433188655
2024-10-30 19:00:00+00:00,0.0,25.05390451527589
2024-10-30 20:00:00+00:00,11.527466859077428,30.867159699550697
2024-10-30 21:00:00+00:00,41.91829445239448,50.11063319501355
2024-10-30 22:00:00+00:00,76.993304705209,69.83781128730719
2024-10-30 23:00:00+00:00,112.95088180180403,86.51385355601039
2024-10-31 00:00:00+00:00,183.89933129750023,110.35676623774478
2024-10-31 01:00:00+00:00,258.7790177239804,123.48921750204894
2024-10-31 02:00:00+00:00,253.57602925508573,124.55070783305403
2024-10-31 03:00:00+00:00,273.0585865026207,127.75287774733519
2024-10-31 04:00:00+00:00,399.27809744198834,130.26251556917913
2024-10-31 05:00:00+00:00,469.21931517117474,145.31520091417673
2024-10-31 06:00:00+00:00,575.5455352376528,149.34926956628206
2024-10-31 07:00:00+00:00,643.3430823647458,162.34566655314566
2024-10-31 08:00:00+00:00,728.2156885022654,205.36620705782613
2024-10-31 09:00:00+00:00,758.6053790140486,244.515244490995
2024-10-31 10:00:00+00:00,773.3453669372398,261.9184751197538
2024-10-31 11:00:00+00:00,921.9617256570513,299.59082678750076
2024-10-31 12:00:00+00:00,1088.489788204559,366.85246244386144
2024-10-31 13:00:00+00:00,1186.6029177904254,475.58697176068875
2024-10-31 14:00:00+00:00,1182.615321166225,517.4999948514073
2024-10-31 15:00:00+00:00,1069.7255698564468,426.30773674043286
2024-10-31 16:00:00+00:00,949.007457131116,405.3714949093725
2024-10-31 17:00:00+00:00,1047.395760448172,524.2828345157562
2024-10-31 18:00:00+00:00,1151.8496521733607,592.3046833349815
2024-10-31 19:00:00+00:00,1104.2059359053897,561.7259900969428
2024-10-31 20:00:00+00:00,1128.3712915392505,515.7511140140311
2024-10-31 21:00:00+00:00,1044.1772264474691,519.6339508221355
2024-10-31 22:00:00+00:00,1033.6021704294303,540.5225835437572
2024-10-31 23:00:00+00:00,1140.426629961041,627.7504810444835
2024-11-01 00:00:00+00:00,1277.8397692728577,663.054291877238
2024-11-01 01:00:00+00:00,1417.396158960983,659.1552392976946
2024-11-01 02:00:00+00:00,1501.2540434253679,680.2556163762487
2024-11-01 03:00:00+00:00,1568.5357510427173,789.716473601563
2024-11-01 04:00:00+00:00,1700.6980455845626,818.4274362627754
2024-11-01 05:00:00+00:00,1790.8150200711432,792.4816581385561
2024-11-01 06:00:00+00:00,1979.083290532465,807.354091341276
2024-11-01 07:00:00+00:00,1961.3715153014145,803.3886925261492
2024-11-01 08:00:00+00:00,1793.2246441563366,789.1861486618448
2024-11-01 09:00:00+00:00,1840.0670640112419,762.4414471642827
2024-11-01 10:00:00+00:00,1866.6421426069512,718.5712101238571
2024-11-01 11:00:00+00:00,1841.7040659133536,763.2135255257614
2024-11-01 12:00:00+00:00,1613.4493839862616,780.2183326727275
2024-11-01 13:00:00+00:00,1764.4891106463278,842.5874031189323
2024-11-01 14:00:00+00:00,1497.2360916680466,631.7564192882082
2024-11-01 15:00:00+00:00,1079.0024742694588,480.9139021167722
2024-11-01 16:00:00+00:00,846.9311534548631,357.95786461785804
2024-11-01 17:00:00+00:00,601.6755700086819,297.7473209911779
2024-11-01 18:00:00+00:00,414.3624233166233,245.867333311388
2024-11-01 19:00:00+00:00,397.9260580599229,194.98331781900654
2024-11-01 20:00:00+00:00,390.9827415843196,170.54575475360951
2024-11-01 21:00:00+00:00,523.8783301196739,148.4247728409411
2024-11-01 22:00:00+00:00,539.0683551386286,151.74668238456857
2024-11-01 23:00:00+00:00,546.0233884978633,216.71884145128445
2024-11-02 00:00:00+00:00,554.4878234357816,294.5339780148685
2024-11-02 01:00:00+00:00,640.1754204031004,388.5461983297707
2024-11-02 02:00:00+00:00,826.3329709076467,401.15237859721634
2024-11-02 03:00:00+00:00,1249.128954926628,439.5706557511635
2024-11-02 04:00:00+00:00,1176.427224582403,397.838181432688
2024-11-02 05:00:00+00:00,1000.0276134180112,378.0419874351229
2024-11-02 06:00:00+00:00,935.2352244698794,363.52961357201036
2024-11-02 07:00:00+00:00,893.1898055379596,414.9035505309131
2024-11-02 08:00:00+00:00,1154.1657389428137,457.3273704219644
2024-11-02 09:00:00+00:00,986.9747084227484,359.39123004875694
2024-11-02 10:00:00+00:00,678.0782535539242,239.7622436795363
2024-11-02 11:00:00+00:00,521.8526440862986,211.91116184954626
2024-11-02 12:00:00+00:00,371.73452200941114,199.17469922940248
2024-11-02 13:00:00+00:00,316.48026959710955,167.89828287453292
2024-11-02 14:00:00+00:00,312.2360880528813,174.47679393108325
2024-11-02 15:00:00+00:00,385.34370706636037,187.1767092675795
2024-11-02 16:00:00+00:00,401.9147423273297,186.82688366177672
2024-11-02 17:00:00+00:00,451.5570771443378,261.95713589190444
2024-11-02 18:00:00+00:00,529.888794792579,305.0861440872479
2024-11-02 19:00:00+00:00,617.2489892578515,335.72154308699606
2024-11-02 20:00:00+00:00,621.7868839061039,331.9113311820749
2024-11-02 21:00:00+00:00,532.6763254536284,326.93012305060694
2024-11-02 22:00:00+00:00,398.26500723366286,305.4852102672988
2024-11-02 23:00:00+00:00,355.59211704837264,315.40738373160224
2024-11-03 00:00:00+00:00,402.6424745089884,303.1799999299086
2024-11-03 01:00:00+00:00,405.7652959075384,269.03161225052
2024-11-03 02:00:00+00:00,310.4514633046804,224.8193608600458
2024-11-03 03:00:00+00:00,217.1560987393742,163.93060989633844
2024-11-03 04:00:00+00:00,155.46932665180202,176.36583242708735
2024-11-03 05:00:00+00:00,162.50538942990477,190.24663165564212
2024-11-03 06:00:00+00:00,174.2084303295147,154.42001050895817
2024-11-03 07:00:00+00:00,146.28981574407993,123.90929497131215
2024-11-03 08:00:00+00:00,181.8239103066012,124.79691070429456
2024-11-03 09:00:00+00:00,234.03404713782564,141.10948238878885
2024-11-03 10:00:00+00:00,192.2873345810133,133.64236683270497
2024-11-03 11:00:00+00:00,140.92496619075925,125.22232751293406
2024-11-03 12:00:00+00:00,65.92742497117094,124.31730948865112
2024-11-03 13:00:00+00:00,72.66369373095993,143.06041767089602
2024-11-03 14:00:00+00:00,92.14368018546187,139.23858775899865
2024-11-03 15:00:00+00:00,103.62672052743719,112.40000287740335
2024-11-03 16:00:00+00:00,164.70994333238622,112.08730545559686
2024-11-03 17:00:00+00:00,217.1685571979189,145.0512002450152
2024-11-03 18:00:00+00:00,208.65646371223437,173.20064238181985
2024-11-03 19:00:00+00:00,308.14892263697834,192.15104547151688
2024-11-03 20:00:00+00:00,446.47452044137526,200.25660758968917
2024-11-03 21:00:00+00:00,438.30829749528885,215.17592068651626
2024-11-03 22:00:00+00:00,410.73256243063497,247.16988492756755
2024-11-03 23:00:00+00:00,441.91106617777524,271.9290443137316
2024-11-04 00:00:00+00:00,424.0699602818322,265.428695253051
2024-11-04 01:00:00+00:00,423.2979313586812,236.26235615669887
2024-11-04 02:00:00+00:00,309.7448907272166,218.16728557208864
2024-11-04 03:00:00+00:00,224.83080583287554,262.99865313857595
2024-11-04 04:00:00+00:00,213.43072300454313,298.1521714555531
2024-11-04 05:00:00+00:00,287.4487982583366,380.274226801037
2024-11-04 06:00:00+00:00,410.06722141835485,513.9476038247029
2024-11-04 07:00:00+00:00,594.1930296943998,596.9910412808915
2024-11-04 08:00:00+00:00,844.2515961012011,569.9374985510726
2024-11-04 09:00:00+00:00,823.5554267887641,427.8883789491281
2024-11-04 10:00:00+00:00,671.4776435649554,306.9630207546727
2024-11-04 11:00:00+00:00,522.0350715149889,294.6945042644505
2024-11-04 12:00:00+00:00,329.05718237464066,310.9756826109452
2024-11-04 13:00:00+00:00,378.1166145905722,347.8578120509997
2024-11-04 14:00:00+00:00,478.32476746421446,395.2752985320637
2024-11-04 15:00:00+00:00,638.3480315015615,430.42748201419676
2024-11-04 16:00:00+00:00,835.0329300380528,529.7175404259169
2024-11-04 17:00:00+00:00,965.4101054484216,786.3385998711396
2024-11-04 18:00:00+00:00,995.6949372674536,867.106045041525
2024-11-04 19:00:00+00:00,1156.8564693585038,889.9677119776725
2024-11-04 20:00:00+00:00,1160.386069316204,745.4220062723593
2024-11-04 21:00:00+00:00,1072.8861621372514,712.0134137265537
2024-11-04 22:00:00+00:00,887.5492878701737,631.7150888463694
2024-11-04 23:00:00+00:00,712.3995765031119,601.7980287460439
2024-11-05 00:00:00+00:00,682.9852547557272,568.612452495854
2024-11-05 01:00:00+00:00,752.9950187260732,539.2804455638538
2024-11-05 02:00:00+00:00,652.2130104652975,443.2882202302403
2024-11-05 03:00:00+00:00,468.89579075563296,353.59948053697
2024-11-05 04:00:00+00:00,331.28813634403826,369.75978217258466
2024-11-05 05:00:00+00:00,302.3829304938493,410.1754171982163
2024-11-05 06:00:00+00:00,322.32961476050195,453.9486562399724
2024-11-05 07:00:00+00:00,326.82721717179425,419.60988156115667
2024-11-05 08:00:00+00:00,277.58347887072523,324.1208395254319
2024-11-05 09:00:00+00:00,248.4271263165399,277.64124755647714
2024-11-05 10:00:00+00:00,173.2224323246912,187.60311484277017
2024-11-05 11:00:00+00:00,104.47675695168432,138.63010082341063
2024-11-05 12:00:00+00:00,67.00488388197738,111.43204986213864
2024-11-05 13:00:00+00:00,53.94841932713037,111.45024316668011
2024-11-05 14:00:00+00:00,56.83779294294991,106.57295439973977
2024-11-05 15:00:00+00:00,65.99327682347865,99.78171639949684
2024-11-05 16:00:00+00:00,96.2300545881239,102.59535049749702
2024-11-05 17:00:00+00:00,93.69713131399999,105.08545400016448
2024-11-05 18:00:00+00:00,69.82899890541991,85.7496358886136
2024-11-05 19:00:00+00:00,31.710070824838482,65.78268190766201
2024-11-05 20:00:00+00:00,28.162771945872567,67.22420466260806
2024-11-05 21:00:00+00:00,52.38488277977035,71.80080952133858
2024-11-05 22:00:00+00:00,58.00532848656764,80.69080958287903
2024-11-05 23:00:00+00:00,58.105193908235485,77.39317425808272
2024-11-06 00:00:00+00:00,52.456864984695294,58.87634530107234
2024-11-06 01:00:00+00:00,32.57454942052359,45.71259957542374
2024-11-06 02:00:00+00:00,29.745886070945687,52.270297096072014
2024-11-06 03:00:00+00:00,17.435742508919365,48.78796017951775
2024-11-06 04:00:00+00:00,27.701314596443034,49.493642867085484
2024-11-06 05:00:00+00:00,36.8089421758953,41.29073668195082
2024-11-06 06:00:00+00:00,29.87857854211227,16.631294402471966
2024-11-06 07:00:00+00:00,64.32809507465869,39.66045839238704
2024-11-06 08:00:00+00:00,48.88820874822417,54.24822570502602
2024-11-06 09:00:00+00:00,69.77659427820807,56.541966350422705
2024-11-06 10:00:00+00:00,40.68826886274301,53.28585922077541
2024-11-06 11:00:00+00:00,13.74616012324055,33.71282983380867
2024-11-06 12:00:00+00:00,26.702363749799243,33.98731142841257
2024-11-06 13:00:00+00:00,34.590743295007755,32.53204481840531
2024-11-06 14:00:00+00:00,10.41362133918806,31.952232112801113
2024-11-06 15:00:00+00:00,5.341742928741164,40.70499137703962
2024-11-06 16:00:00+00:00,27.307192249147956,53.572601520613766
2024-11-06 17:00:00+00:00,38.327292091866994,43.08000863294221
2024-11-06 18:00:00+00:00,1.5634682799819246,42.51927912177553
2024-11-06 19:00:00+00:00,0.0,39.979731111758795
2024-11-06 20:00:00+00:00,8.403656693976243,34.3094515707827
2024-11-06 21:00:00+00:00,37.6241801973323,27.096300703365973
2024-11-06 22:00:00+00:00,73.79909436166474,65.40091914225653
2024-11-06 23:00:00+00:00,136.3612152971939,89.94012740911349
2024-11-07 00:00:00+00:00,166.086009741645,110.03630699851162
2024-11-07 01:00:00+00:00,165.6940626807625,97.57221866425958
2024-11-07 02:00:00+00:00,122.5305465327833,79.37812310955003
2024-11-07 03:00:00+00:00,104.93356709832337,70.08885911464843
2024-11-07 04:00:00+00:00,105.70322298175158,77.85028103468713
2024-11-07 05:00:00+00:00,124.91119975802755,100.67041977568555
2024-11-07 06:00:00+00:00,292.98450667169885,154.9582455810858
2024-11-07 07:00:00+00:00,501.473423891838,192.03605192161618
2024-11-07 08:00:00+00:00,702.5756864339945,248.5302299486628
2024-11-07 09:00:00+00:00,760.0174365257699,272.17944944281453
2024-11-07 10:00:00+00:00,742.6046642997923,264.98607390642115
2024-11-07 11:00:00+00:00,699.0037178295769,249.68313174732324
2024-11-07 12:00:00+00:00,489.8472595915813,231.3157548545217
2024-11-07 13:00:00+00:00,335.1054673681278,198.47079632162686
2024-11-07 14:00:00+00:00,262.7601873655983,164.41891225763214
2024-11-07 15:00:00+00:00,340.58788126438225,177.1237219885567
2024-11-07 16:00:00+00:00,436.40373536443144,215.3955257375304
2024-11-07 17:00:00+00:00,584.0424017184492,255.68899865576535
2024-11-07 18:00:00+00:00,576.0325027641023,312.4196278439416
2024-11-07 19:00:00+00:00,628.8190904946571,356.36768081194407
2024-11-07 20:00:00+00:00,756.3004158682962,389.151521212395
2024-11-07 21:00:00+00:00,902.872994126846,423.77906516247896
2024-11-07 22:00:00+00:00,994.0336117081832,410.2890759132729
2024-11-07 23:00:00+00:00,944.1000109843651,394.7072521484184
2024-11-08 00:00:00+00:00,902.2505655828866,376.5208195344804
2024-11-08 01:00:00+00:00,751.9862790905729,397.42532195924827
2024-11-08 02:00:00+00:00,729.6402044725314,374.9028513884786
2024-11-08 03:00:00+00:00,713.2565404730082,377.7283506850928
2024-11-08 04:00:00+00:00,778.5417306702416,368.00076647805895
2024-11-08 05:00:00+00:00,785.3179950370253,420.98589853208796
2024-11-08 06:00:00+00:00,853.959701607177,471.29745527008953
2024-11-08 07:00:00+00:00,932.1175446573955,513.8346866845596
2024-11-08 08:00:00+00:00,838.5646064055103,460.9855594696437
2024-11-08 09:00:00+00:00,834.7372888392539,422.0564360770362
2024-11-08 10:00:00+00:00,838.0886141877786,439.8704992078048
2024-11-08 11:00:00+00:00,890.7657454611191,438.44885066053723
2024-11-08 12:00:00+00:00,738.5948204281906,389.8373791306118
2024-11-08 13:00:00+00:00,699.4310627329912,411.2472895780086
2024-11-08 14:00:00+00:00,760.620089738706,461.89913032459424
2024-11-08 15:00:00+00:00,848.3307525080396,531.5837384145891
2024-11-08 16:00:00+00:00,1038.5690414459064,574.250844315555
2024-11-08 17:00:00+00:00,959.7398259074455,552.765392103649
2024-11-08 18:00:00+00:00,914.3414007238641,449.1589721894655
2024-11-08 19:00:00+00:00,817.2171860041473,296.1208000145085
2024-11-08 20:00:00+00:00,678.2023437560957,255.49460715180595
2024-11-08 21:00:00+00:00,537.2621258412847,222.28446005281953
2024-11-08 22:00:00+00:00,416.37142391444775,188.13022629119718
2024-11-08 23:00:00+00:00,362.46147378594867,194.68742942856989
2024-11-09 00:00:00+00:00,302.33181126315395,206.0730268269277
2024-11-09 01:00:00+00:00,330.33545977198906,208.5559308731445
2024-11-09 02:00:00+00:00,288.88923337007634,187.07367979294793
2024-11-09 03:00:00+00:00,275.0874365889598,193.45013640476733
2024-11-09 04:00:00+00:00,270.0589654163461,177.62349404184394
2024-11-09 05:00:00+00:00,217.53894914798596,156.74376021918275
2024-11-09 06:00:00+00:00,171.58622143582042,148.0257066608902
2024-11-09 07:00:00+00:00,168.79888852808128,147.25184851961953
2024-11-09 08:00:00+00:00,176.94850019610806,156.17591158884767
2024-11-09 09:00:00+00:00,153.03656542931128,143.57778976879405
2024-11-09 10:00:00+00:00,147.61031347316316,124.40273891867193
2024-11-09 11:00:00+00:00,183.56394168334447,132.81738946073895
2024-11-09 12:00:00+00:00,203.3705177296968,129.17215325487996
2024-11-09 13:00:00+00:00,265.45101665794357,176.17386340117832
2024-11-09 14:00:00+00:00,279.44829258622576,168.562733996917
2024-11-09 15:00:00+00:00,326.05410060543693,149.1678803424705
2024-11-09 16:00:00+00:00,412.9406758927006,139.9652322974511
2024-11-09 17:00:00+00:00,447.60398847277304,143.64601466082453
2024-11-09 18:00:00+00:00,512.2007499587565,144.1162225942319
2024-11-09 19:00:00+00:00,548.1291151835555,155.4233119284271
2024-11-09 20:00:00+00:00,558.1545653141284,180.4962069412763
2024-11-09 21:00:00+00:00,502.75521141044305,196.27761323448385
2024-11-09 22:00:00+00:00,481.87241241147325,194.52744700059108
2024-11-09 23:00:00+00:00,532.4582529907685,207.28263438729758
2024-11-10 00:00:00+00:00,700.4622968075306,217.3376115590046
2024-11-10 01:00:00+00:00,784.7842588527054,253.43441316579487
2024-11-10 02:00:00+00:00,685.6266457205141,211.40738529172677
2024-11-10 03:00:00+00:00,585.5046885709698,216.8742261148003
2024-11-10 04:00:00+00:00,574.0074099906577,225.97775031306523
2024-11-10 05:00:00+00:00,596.9823401352413,226.05334151590193
2024-11-10 06:00:00+00:00,509.9858634458154,236.91083869928158
2024-11-10 07:00:00+00:00,393.0275108121325,240.61124807869567
2024-11-10 08:00:00+00:00,468.4262255204839,254.04512482612304
2024-11-10 09:00:00+00:00,524.6133791738114,271.44741612665825
2024-11-10 10:00:00+00:00,588.7484361187276,271.10990066441747
2024-11-10 11:00:00+00:00,530.4097264500612,245.9097019581055
2024-11-10 12:00:00+00:00,514.9144691967614,234.80224459059087
2024-11-10 13:00:00+00:00,405.9154895466607,239.73089977986433
2024-11-10 14:00:00+00:00,361.15738958161484,221.34879026545042
2024-11-10 15:00:00+00:00,424.2483337676627,212.51480382903355
2024-11-10 16:00:00+00:00,428.5265288812511,235.3161560055598
2024-11-10 17:00:00+00:00,350.5019468429661,252.6946180322119
2024-11-10 18:00:00+00:00,349.586645646551,273.77146246684816
2024-11-10 19:00:00+00:00,368.9417508856406,301.5270788863231
2024-11-10 20:00:00+00:00,402.1261406159691,331.49367619086206
2024-11-10 21:00:00+00:00,371.77268839828616,309.4507079590807
2024-11-10 22:00:00+00:00,513.9795904226331,334.8234464285713
2024-11-10 23:00:00+00:00,864.9255181662369,420.10678619144556
2024-11-11 00:00:00+00:00,1241.8433274710108,647.0454198389347
2024-11-11 01:00:00+00:00,1737.22051119163,834.2297549685401
2024-11-11 02:00:00+00:00,2153.567364257281,968.3916321068099
2024-11-11 03:00:00+00:00,2270.253880246885,983.3876611284256
2024-11-11 04:00:00+00:00,3009.7723569488476,1252.7630675087864
2024-11-11 05:00:00+00:00,3954.2186339794316,1313.8735864503385
2024-11-11 06:00:00+00:00,3834.9346282599126,1261.5211661124013
2024-11-11 07:00:00+00:00,3572.867986472467,1532.3056637048296
2024-11-11 08:00:00+00:00,3381.6298567980602,1486.2785807480163
2024-11-11 09:00:00+00:00,3490.0148865773776,1491.457047806442
2024-11-11 10:00:00+00:00,3513.5914317300185,1577.0345950566161
2024-11-11 11:00:00+00:00,3437.5956256205814,1712.394758378245
2024-11-11 12:00:00+00:00,3463.175807312507,1799.5962558120552
2024-11-11 13:00:00+00:00,3421.8410149009105,1938.599430614803
2024-11-11 14:00:00+00:00,3659.0658858568427,2027.8435219900134
2024-11-11 15:00:00+00:00,3899.7561858213044,2029.9733251412267
2024-11-11 16:00:00+00:00,3960.1785232432444,1930.7525792647434
2024-11-11 17:00:00+00:00,3970.16585642327,2068.175902872037
2024-11-11 18:00:00+00:00,3924.99781384611,2160.6243888862687
2024-11-11 19:00:00+00:00,3887.2463114159423,2119.552608377283
2024-11-11 20:00:00+00:00,3918.391271257834,2022.4213239767253
2024-11-11 21:00:00+00:00,3867.114628927566,2104.0305555504465
2024-11-11 22:00:00+00:00,3843.0373723934144,2057.862474483437
2024-11-11 23:00:00+00:00,3769.8413576502608,1839.7344429434295
2024-11-12 00:00:00+00:00,3839.2132188801215,1761.223214727824
2024-11-12 01:00:00+00:00,3731.249799158222,1586.9571640275399
2024-11-12 02:00:00+00:00,3599.7521534920706,1671.3698454037844
2024-11-12 03:00:00+00:00,3441.024272513407,1444.3180968628417
2024-11-12 04:00:00+00:00,3372.2820578233295,1430.6145834769113
2024-11-12 05:00:00+00:00,3264.648688376209,1342.8902262908439
2024-11-12 06:00:00+00:00,3133.1377932382725,1089.5525144937533
2024-11-12 07:00:00+00:00,3075.2417543545635,1037.2040492220206
2024-11-12 08:00:00+00:00,2924.131528639399,995.1038526231661
2024-11-12 09:00:00+00:00,2852.816147876565,807.6796427282477
2024-11-12 10:00:00+00:00,2509.65067580911,689.2062278273756
2024-11-12 11:00:00+00:00,2159.77800471847,513.4080339177312
2024-11-12 12:00:00+00:00,1403.5315755038675,363.7592051651913
2024-11-12 13:00:00+00:00,1263.028540719655,420.4346117414849
2024-11-12 14:00:00+00:00,1428.331422633612,502.0345489096252
2024-11-12 15:00:00+00:00,1659.2954237875563,501.85350575410655
2024-11-12 16:00:00+00:00,1899.0434292287557,489.3814516693266
2024-11-12 17:00:00+00:00,1950.2850692231123,495.0147019029615
2024-11-12 18:00:00+00:00,1849.7358166084814,501.4254192757789
2024-11-12 19:00:00+00:00,1574.5707865644188,441.7710073958025
2024-11-12 20:00:00+00:00,1169.7054906909161,326.66923699608157
2024-11-12 21:00:00+00:00,748.2285212511911,240.35871710152767
2024-11-12 22:00:00+00:00,527.1775969092797,225.35339367433096
2024-11-12 23:00:00+00:00,408.66168976587124,212.67478625701236
2024-11-13 00:00:00+00:00,281.1182204144913,146.2982820576743
2024-11-13 01:00:00+00:00,213.49608047357526,90.52132438788932
2024-11-13 02:00:00+00:00,144.21429587652577,90.05877939525351
2024-11-13 03:00:00+00:00,135.1896258107164,90.45082533279113
2024-11-13 04:00:00+00:00,200.4160832748105,102.87695121126931
2024-11-13 05:00:00+00:00,262.63293311046317,147.8824838259537
2024-11-13 06:00:00+00:00,346.6887686383914,184.7049906429728
2024-11-13 07:00:00+00:00,447.39061265103123,199.45931568115583
2024-11-13 08:00:00+00:00,481.3386267888259,316.7856254272736
2024-11-13 09:00:00+00:00,811.8177296215357,303.05403107128996
2024-11-13 10:00:00+00:00,728.98440505747,219.29176033240307
2024-11-13 11:00:00+00:00,651.2192506430474,232.8025631175112
2024-11-13 12:00:00+00:00,829.9213035984859,313.6411994795806
2024-11-13 13:00:00+00:00,1064.6781143660507,377.44635446470005
2024-11-13 14:00:00+00:00,1082.6680296279444,466.10677694475686
2024-11-13 15:00:00+00:00,1034.8890500957737,452.60803711157297
2024-11-13 16:00:00+00:00,1058.3634556636791,418.8766122868114
2024-11-13 17:00:00+00:00,888.1566871625554,456.0030659416592
2024-11-13 18:00:00+00:00,817.4354562203173,523.4785718030372
2024-11-13 19:00:00+00:00,1029.0202262313235,673.0126541973142
2024-11-13 20:00:00+00:00,1131.9391567624807,654.5926254856631
2024-11-13 21:00:00+00:00,1203.3879221330674,615.7160550352501
2024-11-13 22:00:00+00:00,1142.7172065534742,570.2459442767091
2024-11-13 23:00:00+00:00,1220.1506792283078,593.4678683057741
2024-11-14 00:00:00+00:00,1236.115600593412,503.1751405647236
2024-11-14 01:00:00+00:00,898.396847949714,437.69916786144256
2024-11-14 02:00:00+00:00,980.0633291067478,560.3144269684971
2024-11-14 03:00:00+00:00,1342.6845628482013,737.7092811049656
2024-11-14 04:00:00+00:00,1316.2031204448874,690.4648782086833
2024-11-14 05:00:00+00:00,1824.2341429807186,825.2970896303167
2024-11-14 06:00:00+00:00,2017.3954235971444,933.1589135890842
2024-11-14 07:00:00+00:00,2311.23212344013,843.4058051933331
2024-11-14 08:00:00+00:00,2125.316919617275,737.4379141249979
2024-11-14 09:00:00+00:00,2025.1157128286545,651.7584744817262
2024-11-14 10:00:00+00:00,1853.0661801061212,536.9641610410906
2024-11-14 11:00:00+00:00,1589.3491880681227,459.2195729709323
2024-11-14 12:00:00+00:00,1254.5756743503853,388.78246409717195
2024-11-14 13:00:00+00:00,1171.0040378025633,431.0979151742154
2024-11-14 14:00:00+00:00,1090.3959323618985,437.4556346598902
2024-11-14 15:00:00+00:00,1237.609033592294,433.0532010291477
2024-11-14 16:00:00+00:00,1341.7899268727056,454.1969355209704
2024-11-14 17:00:00+00:00,1426.4906359453048,421.6261248739684
2024-11-14 18:00:00+00:00,1261.6213281640344,337.6439524541021
2024-11-14 19:00:00+00:00,966.0082103352224,309.2128601651975
2024-11-14 20:00:00+00:00,908.3171427575703,296.1163011267007
2024-11-14 21:00:00+00:00,783.7617259238164,243.29060767904738
2024-11-14 22:00:00+00:00,606.9768418727626,232.28692136107773
2024-11-14 23:00:00+00:00,419.21215021594986,207.73095350117848
2024-11-15 00:00:00+00:00,354.88356693780656,192.9403778093133
2024-11-15 01:00:00+00:00,248.46242528241655,156.56424965181844
2024-11-15 02:00:00+00:00,201.3505665423182,159.76325551313585
2024-11-15 03:00:00+00:00,193.1505277801819,159.26852616925956
2024-11-15 04:00:00+00:00,180.71688727591487,137.15496000572492
2024-11-15 05:00:00+00:00,147.97348742740672,129.77095027826658
2024-11-15 06:00:00+00:00,142.44697454297025,134.39066535862796
2024-11-15 07:00:00+00:00,146.95505787970492,150.2883505982527
2024-11-15 08:00:00+00:00,192.93774521837082,186.8516028255559
2024-11-15 09:00:00+00:00,278.82635842554186,218.2422340766671
2024-11-15 10:00:00+00:00,303.83305551779046,204.79489774456198
2024-11-15 11:00:00+00:00,368.2948009312122,238.91882581139106
2024-11-15 12:00:00+00:00,419.9055721982831,247.69314018644502
2024-11-15 13:00:00+00:00,429.05759539588274,240.2858450067067
2024-11-15 14:00:00+00:00,453.65306447950115,254.36904474828526
2024-11-15 15:00:00+00:00,557.363206004902,284.01938507143353
2024-11-15 16:00:00+00:00,749.8975591895606,364.3273504254917
2024-11-15 17:00:00+00:00,897.5014209609774,385.6864877104861
2024-11-15 18:00:00+00:00,1301.8474166418073,498.08141079973285
2024-11-15 19:00:00+00:00,1646.9114193641576,686.0973480371971
2024-11-15 20:00:00+00:00,2033.5186464870903,807.356662134309
2024-11-15 21:00:00+00:00,2417.296518123859,944.8020352356936
2024-11-15 22:00:00+00:00,2648.3916297224882,1053.070983821904
2024-11-15 23:00:00+00:00,2872.7295107104433,1016.4602213618172
2024-11-16 00:00:00+00:00,2801.9905808469393,1018.5478041812956
2024-11-16 01:00:00+00:00,2814.5004552523014,1222.6362405846307
2024-11-16 02:00:00+00:00,2743.95848768579,1287.3064179870385
2024-11-16 03:00:00+00:00,2723.830562510308,1270.9262146704443
2024-11-16 04:00:00+00:00,2856.0086773169724,1364.7553154200705
2024-11-16 05:00:00+00:00,2793.4630626030566,1273.4002074581188
2024-11-16 06:00:00+00:00,2867.7558172047643,1427.802531405393
2024-11-16 07:00:00+00:00,2861.2087983628685,1330.1538254686097
2024-11-16 08:00:00+00:00,2794.044061828522,1385.3677362056237
2024-11-16 09:00:00+00:00,2738.9126142218756,1386.520539127629
2024-11-16 10:00:00+00:00,2631.8382933827847,1402.2873116758792
2024-11-16 11:00:00+00:00,2463.1353399293303,1465.474635881502
2024-11-16 12:00:00+00:00,2544.500741671534,1602.1641958311748
2024-11-16 13:00:00+00:00,2783.4581293784204,1711.7095431582864
2024-11-16 14:00:00+00:00,2678.3736023468978,1644.2869363073958
2024-11-16 15:00:00+00:00,2691.126317817226,1569.6980461236137
2024-11-16 16:00:00+00:00,2833.734337712218,1631.3438832759675
2024-11-16 17:00:00+00:00,2906.431025347032,1691.5468134002037
2024-11-16 18:00:00+00:00,2844.7683791633085,1693.0422239321883
2024-11-16 19:00:00+00:00,2957.9744368928045,1646.6740165152225
2024-11-16 20:00:00+00:00,2887.6776834309826,1472.9436795323609
2024-11-16 21:00:00+00:00,2651.5537051531196,1013.3009144775291
2024-11-16 22:00:00+00:00,2493.7617905917905,741.6409629806976
2024-11-16 23:00:00+00:00,2415.2681624207958,711.6511791005338
2024-11-17 00:00:00+00:00,2459.1907546501056,803.7902306225781
2024-11-17 01:00:00+00:00,3111.6552578876926,1014.0022465922717
2024-11-17 02:00:00+00:00,3403.714550978301,1043.701728613013
2024-11-17 03:00:00+00:00,3492.2854900854772,1176.9989294022876
2024-11-17 04:00:00+00:00,3497.2028238977396,1409.4159230031712
2024-11-17 05:00:00+00:00,3461.6028774829106,1462.4622597067173
2024-11-17 06:00:00+00:00,3507.2297077398116,1529.1466534505068
2024-11-17 07:00:00+00:00,3624.722859481857,1579.5562463920567
2024-11-17 08:00:00+00:00,3638.4002694308365,1601.0269165440227
2024-11-17 09:00:00+00:00,3723.868854607072,1663.7711744580677
2024-11-17 10:00:00+00:00,3537.2265118624887,1571.5162889345543
2024-11-17 11:00:00+00:00,3074.0526637001303,1663.091100824175
2024-11-17 12:00:00+00:00,3059.673822759753,1702.5175737920197
2024-11-17 13:00:00+00:00,3055.5593673870376,1647.2367235594916
2024-11-17 14:00:00+00:00,3534.0494071802796,1604.577181722642
2024-11-17 15:00:00+00:00,3564.593592465683,1381.0338735352045
2024-11-17 16:00:00+00:00,3614.436523296759,1437.0137817194075
2024-11-17 17:00:00+00:00,3589.6766223356813,1335.8857051657235
2024-11-17 18:00:00+00:00,3441.99286822693,1248.8954082672424
2024-11-17 19:00:00+00:00,2766.2383643832304,1226.960116712883
2024-11-17 20:00:00+00:00,2954.261222986553,899.1604723571802
2024-11-17 21:00:00+00:00,2952.95367809929,784.4452108023104
2024-11-17 22:00:00+00:00,1890.1997034418098,744.8859959249719
2024-11-17 23:00:00+00:00,2196.962548408199,712.359383142807
2024-11-18 00:00:00+00:00,2502.78665841091,723.6500095139253
2024-11-18 01:00:00+00:00,2777.2805137200407,971.885735345323
2024-11-18 02:00:00+00:00,2938.2898746388664,1107.3360741764184
2024-11-18 03:00:00+00:00,2801.632054095486,1196.45825063587
2024-11-18 04:00:00+00:00,2826.511793562565,904.6573222450816
2024-11-18 05:00:00+00:00,2582.713404821166,950.1355408893422
2024-11-18 06:00:00+00:00,2308.448350091975,1379.2498420469344
2024-11-18 07:00:00+00:00,2192.720542150383,1105.883279482789
2024-11-18 08:00:00+00:00,1770.546690045396,893.6465168079435
2024-11-18 09:00:00+00:00,1978.4295180888337,925.1245921009236
2024-11-18 10:00:00+00:00,1728.2112658840188,827.7972352932695
2024-11-18 11:00:00+00:00,1727.3973132590984,722.7719353781616
2024-11-18 12:00:00+00:00,1350.395953180751,711.0007684631763
2024-11-18 13:00:00+00:00,1351.8482534911047,747.9379227618032
2024-11-18 14:00:00+00:00,1339.1519965908478,770.2908198690477
2024-11-18 15:00:00+00:00,1231.8366144665824,631.2686113101901
2024-11-18 16:00:00+00:00,1150.5879860540717,526.5272851485773
2024-11-18 17:00:00+00:00,761.5447347790297,321.7343525775358
2024-11-18 18:00:00+00:00,557.5859751088799,276.9195962891081
2024-11-18 19:00:00+00:00,383.75327606880865,205.63085042524594
2024-11-18 20:00:00+00:00,478.52968933194376,256.1703796512009
2024-11-18 21:00:00+00:00,345.5097634027802,304.8007366222536
2024-11-18 22:00:00+00:00,461.54322380450174,331.2934509642508
2024-11-18 23:00:00+00:00,576.477497150455,350.71070018108117
2024-11-19 00:00:00+00:00,1318.3802855139015,439.1243759682944
2024-11-19 01:00:00+00:00,2114.5524159280326,539.23051285302
2024-11-19 02:00:00+00:00,1872.3285390427113,575.6287399429334
2024-11-19 03:00:00+00:00,2030.6144413730033,751.593145509829
2024-11-19 04:00:00+00:00,2503.6787235933725,954.5177542441133
2024-11-19 05:00:00+00:00,2780.7574124205635,1377.4057924290084
2024-11-19 06:00:00+00:00,2979.6551210602383,1714.2882463237293
2024-11-19 07:00:00+00:00,2694.3953777886936,1798.6788782058827
2024-11-19 08:00:00+00:00,2320.8607321153922,1625.9803191191634
2024-11-19 09:00:00+00:00,2132.4906186993003,1021.5051060591803
2024-11-19 10:00:00+00:00,1797.3422635820154,663.7903296979266
2024-11-19 11:00:00+00:00,1648.2321148465512,466.5502387429552
2024-11-19 12:00:00+00:00,1250.343358004771,329.8147011486533
2024-11-19 13:00:00+00:00,994.9358611861229,210.32508142481961
2024-11-19 14:00:00+00:00,1322.013607082819,247.39023155349506
2024-11-19 15:00:00+00:00,2290.0149730318835,477.6437545020983
2024-11-19 16:00:00+00:00,2715.5557729969037,818.97160393421
2024-11-19 17:00:00+00:00,3174.276809872738,841.0792374984376
2024-11-19 18:00:00+00:00,2945.920581620841,792.6292315463178
2024-11-19 19:00:00+00:00,2737.6286019785302,717.6709381790198
2024-11-19 20:00:00+00:00,3041.5687161946485,681.8054090685474
2024-11-19 21:00:00+00:00,3097.524399598348,712.4917789840082
2024-11-19 22:00:00+00:00,3525.21932637174,716.0445160790056
2024-11-19 23:00:00+00:00,3435.1438800803085,976.5017919894451
2024-11-20 00:00:00+00:00,3369.0151731382743,1142.1294837154605
2024-11-20 01:00:00+00:00,3265.853797048771,1172.32305238182
2024-11-20 02:00:00+00:00,3407.313661224548,1280.9130534671942
2024-11-20 03:00:00+00:00,3362.3105449081227,1346.4828106778534
2024-11-20 04:00:00+00:00,3458.9968843606557,1193.5823242451463
2024-11-20 05:00:00+00:00,3474.420456038996,1165.380032536182
2024-11-20 06:00:00+00:00,3348.1953091302867,959.9621006281478
2024-11-20 07:00:00+00:00,3249.4432385990563,1025.2899066637365
2024-11-20 08:00:00+00:00,3145.144583222401,1363.9953494488436
2024-11-20 09:00:00+00:00,3146.523319301348,1380.9179900954077
2024-11-20 10:00:00+00:00,3417.9444836760727,970.7154312553621
2024-11-20 11:00:00+00:00,3604.9934072264955,918.8449357344634
2024-11-20 12:00:00+00:00,3650.8191773134913,1280.7524777792846
2024-11-20 13:00:00+00:00,3696.338034263005,1941.495923349791
2024-11-20 14:00:00+00:00,3605.3086260030077,1972.5770088724776
2024-11-20 15:00:00+00:00,3453.99214358527,1745.818429613956
2024-11-20 16:00:00+00:00,3075.122509108493,1650.804687659377
2024-11-20 17:00:00+00:00,3013.29988049679,1376.138490340378
2024-11-20 18:00:00+00:00,3022.274518975111,948.8699197038487
2024-11-20 19:00:00+00:00,3343.6283941837573,784.5305413556761
2024-11-20 20:00:00+00:00,3131.096781323354,794.9336014321394
2024-11-20 21:00:00+00:00,3042.5127904977026,752.5484423132388
2024-11-20 22:00:00+00:00,3154.6577039644867,878.3657230195918
2024-11-20 23:00:00+00:00,3260.8102966245797,1289.695080221347
2024-11-21 00:00:00+00:00,3469.450519846211,1099.2287817167814
2024-11-21 01:00:00+00:00,3232.3474649293826,1354.4335813924404
2024-11-21 02:00:00+00:00,3390.176359359725,1346.5297770890338
2024-11-21 03:00:00+00:00,3499.1764019338684,1427.705830036689
2024-11-21 04:00:00+00:00,3311.0360778642676,1345.5329026521474
2024-11-21 05:00:00+00:00,3456.1393490277837,1355.1171157092622
2024-11-21 06:00:00+00:00,3170.3173930952453,1317.4856495384058
2024-11-21 07:00:00+00:00,2934.1706731867057,1496.39168503335
2024-11-21 08:00:00+00:00,3057.2889178383384,1597.9370210716265
2024-11-21 09:00:00+00:00,2739.327698420055,1561.954422001496
2024-11-21 10:00:00+00:00,2250.8327254021774,1261.57099994658
2024-11-21 11:00:00+00:00,2052.015502359767,985.9027866046285
2024-11-21 12:00:00+00:00,1923.4865293868393,928.6167178063343
2024-11-21 13:00:00+00:00,1891.4593920279963,629.1896307597068
2024-11-21 14:00:00+00:00,1809.724587102277,564.2088323452501
2024-11-21 15:00:00+00:00,1507.8571253307146,705.3076484148683
2024-11-21 16:00:00+00:00,1615.4612272879206,707.5164540135197
2024-11-21 17:00:00+00:00,1808.2546867473125,748.3975508931131
2024-11-21 18:00:00+00:00,2086.816129894633,781.6284126513465
2024-11-21 19:00:00+00:00,2406.193856274118,755.5149891583768
2024-11-21 20:00:00+00:00,2771.536175564382,695.415780645358
2024-11-21 21:00:00+00:00,2775.2816232602017,733.4690051886145
2024-11-21 22:00:00+00:00,2937.488973732421,743.6863254684412
2024-11-21 23:00:00+00:00,3301.7232812254483,952.8386308869219
2024-11-22 00:00:00+00:00,3303.4320675791746,1147.7875025512021
2024-11-22 01:00:00+00:00,2991.648463819271,958.3236155762094
2024-11-22 02:00:00+00:00,3427.1910329559637,1020.6634679708271
2024-11-22 03:00:00+00:00,3342.8089044661506,1031.108006804112
2024-11-22 04:00:00+00:00,3536.7645601297836,956.10808636501
2024-11-22 05:00:00+00:00,3737.0570228665347,1220.6904468885898
2024-11-22 06:00:00+00:00,3559.8257601559567,1585.8508331334394
2024-11-22 07:00:00+00:00,3782.8282130399057,1918.6718295425878
2024-11-22 08:00:00+00:00,3725.5473847043327,1944.8515992711407
2024-11-22 09:00:00+00:00,3838.0638766410457,1983.4194273659518
2024-11-22 10:00:00+00:00,3647.1393837166693,2028.5789665507714
2024-11-22 11:00:00+00:00,3374.0479948837133,2083.765389577663
2024-11-22 12:00:00+00:00,3187.087071556344,2179.9618940807477
2024-11-22 13:00:00+00:00,3693.3938829802505,2199.142383146901
2024-11-22 14:00:00+00:00,3912.3510941500667,2186.8255159723267
2024-11-22 15:00:00+00:00,3849.4714740951667,2153.526429322063
2024-11-22 16:00:00+00:00,3775.1581531491947,1953.9806830847533
2024-11-22 17:00:00+00:00,3490.1643880799143,1424.4388464749786
2024-11-22 18:00:00+00:00,3002.877885540872,1160.9837786963842
2024-11-22 19:00:00+00:00,2128.356783502182,729.5112198759317
2024-11-22 20:00:00+00:00,2005.4608135712513,500.9721192503965
2024-11-22 21:00:00+00:00,2324.077189706338,541.7857328128727
2024-11-22 22:00:00+00:00,2282.892096550588,776.8965220057552
2024-11-22 23:00:00+00:00,1849.1785477802437,1135.2977001068289
2024-11-23 00:00:00+00:00,2119.5850399201613,1242.4606144289041
2024-11-23 01:00:00+00:00,2161.9085988829243,1020.4318988445439
2024-11-23 02:00:00+00:00,2054.3561105396893,1082.610087908046
2024-11-23 03:00:00+00:00,2150.5433206371927,1247.133920656339
2024-11-23 04:00:00+00:00,2262.39397717835,1296.305874505793
2024-11-23 05:00:00+00:00,2351.9119568882334,1343.2388653767855
2024-11-23 06:00:00+00:00,2466.71151079159,1296.145496571194
2024-11-23 07:00:00+00:00,2867.8349185288575,1570.676331749338
2024-11-23 08:00:00+00:00,3388.09559902945,1773.0490604330887
2024-11-23 09:00:00+00:00,3734.2145167852404,1923.6647051193595
2024-11-23 10:00:00+00:00,3830.9969643465465,1927.463348455632
2024-11-23 11:00:00+00:00,3945.188031314315,1980.8150162701786
2024-11-23 12:00:00+00:00,3951.620155482965,2090.1773429086693
2024-11-23 13:00:00+00:00,3845.4475897385387,2270.3519658887603
2024-11-23 14:00:00+00:00,3980.54711419728,2455.1931714837383
2024-11-23 15:00:00+00:00,3944.022077797179,2504.0089716214625
2024-11-23 16:00:00+00:00,3885.0002293183115,2492.5966280878956
2024-11-23 17:00:00+00:00,3850.74540091969,2533.740786308427
2024-11-23 18:00:00+00:00,3691.4887275894625,2541.008418212813
2024-11-23 19:00:00+00:00,3572.86244937978,2538.9387320679107
2024-11-23 20:00:00+00:00,3534.0280498227744,2565.2525785408016
2024-11-23 21:00:00+00:00,3633.4323107711543,2604.325666343259
2024-11-23 22:00:00+00:00,3682.6048578805394,2569.451672330297
2024-11-23 23:00:00+00:00,3671.637063788377,2484.394611792657
2024-11-24 00:00:00+00:00,3626.826163689499,2460.3752969784036
2024-11-24 01:00:00+00:00,3639.576110613484,2507.1222019844663
2024-11-24 02:00:00+00:00,3379.1943270292263,2430.8360940156062
2024-11-24 03:00:00+00:00,3147.955646527368,2249.9966244065104
2024-11-24 04:00:00+00:00,3131.657214204555,2236.8630360606726
2024-11-24 05:00:00+00:00,2953.8285387437622,2235.870314443301
2024-11-24 06:00:00+00:00,2983.8314732190565,2267.151328562634
2024-11-24 07:00:00+00:00,3130.732321972594,2292.0405601886036
2024-11-24 08:00:00+00:00,3667.6958403154263,2480.562548146955
2024-11-24 09:00:00+00:00,3717.6416028678236,2525.162247710504
2024-11-24 10:00:00+00:00,3627.9399103327332,2512.858234501095
2024-11-24 11:00:00+00:00,3685.895472962822,2446.90671452503
2024-11-24 12:00:00+00:00,3593.8852082840676,2446.559855218881
2024-11-24 13:00:00+00:00,3645.454525513481,2477.63500814226
2024-11-24 14:00:00+00:00,3691.5852312048564,2488.313489141551
2024-11-24 15:00:00+00:00,3633.579439233968,2437.4151488937596
2024-11-24 16:00:00+00:00,3462.396263763567,2426.925720059052
2024-11-24 17:00:00+00:00,3392.6087250755954,2439.8378246974285
2024-11-24 18:00:00+00:00,3645.0566458532912,2490.677629965391
2024-11-24 19:00:00+00:00,3590.1334324823206,2480.1692168129007
2024-11-24 20:00:00+00:00,3504.5133682704463,2513.0633046838066
2024-11-24 21:00:00+00:00,3516.326360010546,2458.1098350563702
2024-11-24 22:00:00+00:00,3596.0320182199607,2412.571796035764
2024-11-24 23:00:00+00:00,3467.194550083069,2314.4588642032077
2024-11-25 00:00:00+00:00,3511.145223282432,2353.30730424524
2024-11-25 01:00:00+00:00,3498.068192383321,2315.0942455889876
2024-11-25 02:00:00+00:00,2926.1418887912314,2101.6233045049757
2024-11-25 03:00:00+00:00,2906.7925183981383,2069.528535514033
2024-11-25 04:00:00+00:00,2912.616353384511,2112.4075835252415
2024-11-25 05:00:00+00:00,2886.652728024043,2129.80433773309
2024-11-25 06:00:00+00:00,2968.319308057732,2278.2000037586813
2024-11-25 07:00:00+00:00,2920.1732983817683,2210.9595277065155
2024-11-25 08:00:00+00:00,2264.8010304705103,1919.5826812895227
2024-11-25 09:00:00+00:00,2430.4395986285886,1501.96348342583
2024-11-25 10:00:00+00:00,2912.919113702478,1406.4085895377975
2024-11-25 11:00:00+00:00,2952.3293708988836,1364.6076925739812
2024-11-25 12:00:00+00:00,3345.905721304405,1272.2560068051087
2024-11-25 13:00:00+00:00,3617.6444774953643,1391.606952020141
2024-11-25 14:00:00+00:00,3663.31797753348,1518.802968805441
2024-11-25 15:00:00+00:00,3345.2278229569247,1768.0929669720203
2024-11-25 16:00:00+00:00,3255.223963363798,2005.9886171562641
2024-11-25 17:00:00+00:00,3479.619786071651,2077.3542272598975
2024-11-25 18:00:00+00:00,3594.979575102899,2031.0170671126384
2024-11-25 19:00:00+00:00,3676.7406812188797,1960.201408964764
2024-11-25 20:00:00+00:00,3687.9481523230447,1879.7490342559079
2024-11-25 21:00:00+00:00,3579.53187752071,1806.822161767982
2024-11-25 22:00:00+00:00,3416.0211349807428,1768.739224789863
2024-11-25 23:00:00+00:00,3258.1236201517495,1801.5795237603854
2024-11-26 00:00:00+00:00,3347.761833874255,1814.2640143386836
2024-11-26 01:00:00+00:00,3411.8659424261195,1764.4881218797766
2024-11-26 02:00:00+00:00,3399.60365516517,1775.6714670800932
2024-11-26 03:00:00+00:00,3180.4196209485162,1748.5650253397869
2024-11-26 04:00:00+00:00,3113.76330817478,1781.3655758949524
2024-11-26 05:00:00+00:00,3046.6221042843513,1737.5157568838085
2024-11-26 06:00:00+00:00,2823.7916967803053,1601.667044009248
2024-11-26 07:00:00+00:00,3333.1795047776473,1679.8178668169533
2024-11-26 08:00:00+00:00,3448.1813603173728,1694.2779843678366
2024-11-26 09:00:00+00:00,3033.446789990054,1637.9040527129937
2024-11-26 10:00:00+00:00,2939.058937262364,1577.1639257215086
2024-11-26 11:00:00+00:00,2343.577050368518,1413.3592228858795
2024-11-26 12:00:00+00:00,2404.5669397908277,1424.6769414604996
2024-11-26 13:00:00+00:00,2566.2990890585565,1460.6893024038202
2024-11-26 14:00:00+00:00,2538.7038011353534,1221.2598775454067
2024-11-26 15:00:00+00:00,1822.323450497244,890.0520537644869
2024-11-26 16:00:00+00:00,1299.6790515950986,826.8775835240293
2024-11-26 17:00:00+00:00,1158.943755548017,667.0754076875231
2024-11-26 18:00:00+00:00,1025.2012143040968,637.2633545949316
2024-11-26 19:00:00+00:00,970.0539464326315,631.1364132222991
2024-11-26 20:00:00+00:00,919.7190053656948,682.7027641520589
2024-11-26 21:00:00+00:00,723.1765880892266,588.4234779916866
2024-11-26 22:00:00+00:00,631.3966565785662,504.6094453238461
2024-11-26 23:00:00+00:00,466.80563714312154,404.42895319447274
2024-11-27 00:00:00+00:00,454.44753840336364,353.3835339221952
2024-11-27 01:00:00+00:00,412.3848902142897,295.1362851595118
2024-11-27 02:00:00+00:00,348.5509126842038,287.6329313093276
2024-11-27 03:00:00+00:00,608.8111521401596,345.19308619560525
2024-11-27 04:00:00+00:00,1173.1728972325477,436.58655829974214
2024-11-27 05:00:00+00:00,1908.4123878076814,631.8916825524078
2024-11-27 06:00:00+00:00,2545.2249142936084,797.134002515106
2024-11-27 07:00:00+00:00,3164.5724616796565,1173.0242856199072
2024-11-27 08:00:00+00:00,3293.7209957735454,1590.290098318213
2024-11-27 09:00:00+00:00,3309.2345452080417,1975.0542645897706
2024-11-27 10:00:00+00:00,3413.87472055147,2123.489085770788
2024-11-27 11:00:00+00:00,3670.4976092148127,2292.935196164099
2024-11-27 12:00:00+00:00,3807.3527875618056,2347.3729251584473
2024-11-27 13:00:00+00:00,3847.010631902623,2443.284071634865
2024-11-27 14:00:00+00:00,3824.697730402373,2545.242118831599
2024-11-27 15:00:00+00:00,3828.0801030206044,2498.5371375273053
2024-11-27 16:00:00+00:00,3628.0518387063253,2531.1349909394817
2024-11-27 17:00:00+00:00,2854.094029767293,2443.902643989275
2024-11-27 18:00:00+00:00,2627.365113505306,2249.5609738640665
2024-11-27 19:00:00+00:00,2516.737956694563,1871.1693091381235
2024-11-27 20:00:00+00:00,2642.6907972950808,1602.4770415679639
2024-11-27 21:00:00+00:00,3022.9201835330227,1848.686537544383
2024-11-27 22:00:00+00:00,3373.8174145239814,2181.5595430741228
2024-11-27 23:00:00+00:00,3439.723451238692,2222.6184696179434
2024-11-28 00:00:00+00:00,3547.30362504536,2173.403010040238
2024-11-28 01:00:00+00:00,3452.6173625725273,2132.4708433682767
2024-11-28 02:00:00+00:00,3418.1647808636726,2028.8518661188934
2024-11-28 03:00:00+00:00,3100.1491792850748,1961.6841632848937
2024-11-28 04:00:00+00:00,2957.7804408954657,1854.1959447674844
2024-11-28 05:00:00+00:00,3015.917145557729,1847.615307862849
2024-11-28 06:00:00+00:00,2817.2903589530733,1738.229844087061
2024-11-28 07:00:00+00:00,2615.6891648091982,1738.9817021725682
2024-11-28 08:00:00+00:00,2527.332788043625,1580.322540469211
2024-11-28 09:00:00+00:00,2473.6999150219267,1392.8945238230706
2024-11-28 10:00:00+00:00,2090.8655244282813,1086.387077256848
2024-11-28 11:00:00+00:00,1562.5465942889898,926.9322551097666
2024-11-28 12:00:00+00:00,1204.363933595724,968.1135909526218
2024-11-28 13:00:00+00:00,1040.3841202038832,855.2534037627236
2024-11-28 14:00:00+00:00,897.0419411446502,659.4042107152784
2024-11-28 15:00:00+00:00,725.9700019112554,577.6111674396952
2024-11-28 16:00:00+00:00,468.4014074800496,449.51156634161157
2024-11-28 17:00:00+00:00,332.36559525484466,325.9134238443697
2024-11-28 18:00:00+00:00,238.98054956334767,271.63320536162246
2024-11-28 19:00:00+00:00,138.15394793111437,193.5573186989138
2024-11-28 20:00:00+00:00,94.91430293848629,134.5073892499932
2024-11-28 21:00:00+00:00,66.98520742760915,93.44134976679504
2024-11-28 22:00:00+00:00,51.506561452368906,61.40422586578531
2024-11-28 23:00:00+00:00,63.74531606940099,75.51609983734772
2024-11-29 00:00:00+00:00,85.40998221870592,102.88080740081887
2024-11-29 01:00:00+00:00,156.64121276824488,130.60635913734737
2024-11-29 02:00:00+00:00,271.8809655401811,148.24506452026657
2024-11-29 03:00:00+00:00,352.9576474494439,156.5641507751633
2024-11-29 04:00:00+00:00,440.3260733962549,187.29654777358093
2024-11-29 05:00:00+00:00,601.1829665128906,251.09682072385394
2024-11-29 06:00:00+00:00,651.8745556748331,296.75825781004573
2024-11-29 07:00:00+00:00,705.0714815241221,344.63557017572987
2024-11-29 08:00:00+00:00,891.6411004888671,411.17164893684435
2024-11-29 09:00:00+00:00,1137.5787845403706,471.1335672142336
2024-11-29 10:00:00+00:00,1468.5445582695647,588.778939566831
2024-11-29 11:00:00+00:00,1631.4403868913614,609.1833733083464
2024-11-29 12:00:00+00:00,1620.1577695293076,530.1842876763951
2024-11-29 13:00:00+00:00,1810.3860719250074,618.3774685226981
2024-11-29 14:00:00+00:00,2060.9927116311205,698.0812975139935
2024-11-29 15:00:00+00:00,1850.2867573307915,679.6177136357634
2024-11-29 16:00:00+00:00,1985.2294634145178,785.4692763193538
2024-11-29 17:00:00+00:00,2220.2689625390612,932.3529699732283
2024-11-29 18:00:00+00:00,2549.322758388264,1112.0574344582396
2024-11-29 19:00:00+00:00,2842.6892008595146,1219.3638188068892
2024-11-29 20:00:00+00:00,2935.8138054414344,1159.1674145418908
2024-11-29 21:00:00+00:00,3094.657767613205,1367.36081415905
2024-11-29 22:00:00+00:00,3224.6507083417905,1515.0744290176463
2024-11-29 23:00:00+00:00,3217.817540459987,1518.656433602558
2024-11-30 00:00:00+00:00,3102.5073875096077,1411.1752353276622
2024-11-30 01:00:00+00:00,2803.7511785679467,1319.6609359509728
2024-11-30 02:00:00+00:00,2509.5707834717755,1288.91790971213
2024-11-30 03:00:00+00:00,2438.422306502778,1201.6574817918704
2024-11-30 04:00:00+00:00,2352.0796516953114,1205.1940031154286
2024-11-30 05:00:00+00:00,2181.505358667119,1301.391100878444
2024-11-30 06:00:00+00:00,1922.1004764354136,1384.7029884532742
2024-11-30 07:00:00+00:00,1776.4130419934684,1363.0521650356857
2024-11-30 08:00:00+00:00,1631.4853757694395,1301.522507953094
2024-11-30 09:00:00+00:00,1544.4879597517902,1201.6956481807454
2024-11-30 10:00:00+00:00,1389.0164825327392,1047.232119583954
2024-11-30 11:00:00+00:00,1230.3978602579798,835.4953761540335
2024-11-30 12:00:00+00:00,1259.8545012137545,629.3938110525228
2024-11-30 13:00:00+00:00,1071.3160997306538,426.5444474527822
2024-11-30 14:00:00+00:00,1075.8211178910797,415.49611832502734
2024-11-30 15:00:00+00:00,1210.472236718867,448.4386063186129
2024-11-30 16:00:00+00:00,1214.4844536301914,495.2334170640796
2024-11-30 17:00:00+00:00,1175.3753747252717,575.0130844498494
2024-11-30 18:00:00+00:00,1069.2859642477981,563.2960525035405
2024-11-30 19:00:00+00:00,913.7348913213784,581.8318657783333
2024-11-30 20:00:00+00:00,834.4473824864518,611.5412354645862
2024-11-30 21:00:00+00:00,833.9957139258788,581.9828504306964
2024-11-30 22:00:00+00:00,762.5015147322662,536.7400076639411
2024-11-30 23:00:00+00:00,783.5645164351861,500.9458180601354
2024-12-01 00:00:00+00:00,855.4378087245161,494.7533709034882
2024-12-01 01:00:00+00:00,999.8849344046779,541.8769465272178
2024-12-01 02:00:00+00:00,1177.696800834101,556.7100762595288
2024-12-01 03:00:00+00:00,1237.6358291658307,555.4241853597365
2024-12-01 04:00:00+00:00,1399.0302157796807,560.0438510017703
2024-12-01 05:00:00+00:00,1654.7900101205096,647.7429946407829
2024-12-01 06:00:00+00:00,1897.364108118254,682.7707418524516
2024-12-01 07:00:00+00:00,1995.3682756301819,788.6428708803062
2024-12-01 08:00:00+00:00,2076.4328945875204,952.1577662397884
2024-12-01 09:00:00+00:00,1969.9583595383674,989.2398737148164
2024-12-01 10:00:00+00:00,1923.8349707194704,992.3303624471433
2024-12-01 11:00:00+00:00,2198.128699678645,930.2859534980141
2024-12-01 12:00:00+00:00,2374.504877075774,934.8497043915795
2024-12-01 13:00:00+00:00,2711.3076363864707,1050.4533232543452
2024-12-01 14:00:00+00:00,3226.8507139181365,1254.6741554988814
2024-12-01 15:00:00+00:00,3339.482298281405,1528.8291605109273
2024-12-01 16:00:00+00:00,3453.7417878945143,1772.4550094891476
2024-12-01 17:00:00+00:00,3374.3363192100337,1866.6577651184598
2024-12-01 18:00:00+00:00,3551.9504323292235,1947.6707704618275
2024-12-01 19:00:00+00:00,3590.5748178707613,1937.7077609389607
2024-12-01 20:00:00+00:00,3582.256127122485,1833.0262551536935
2024-12-01 21:00:00+00:00,3570.579980673067,1834.1951749704829
2024-12-01 22:00:00+00:00,3392.311699603625,1795.0694847875034
2024-12-01 23:00:00+00:00,3426.6404877402742,1736.7735887105027
2024-12-02 00:00:00+00:00,3306.4262504494177,1635.3438394820575
2024-12-02 01:00:00+00:00,3544.5457573808458,1638.7951291289053
2024-12-02 02:00:00+00:00,3506.6846996168088,1653.4729730743557
2024-12-02 03:00:00+00:00,3586.42990848827,1758.7596039889368
2024-12-02 04:00:00+00:00,3498.051976611882,1736.8192697251666
2024-12-02 05:00:00+00:00,3582.161205533573,1854.809177782518
2024-12-02 06:00:00+00:00,3332.0329310849143,1768.8398812247717
2024-12-02 07:00:00+00:00,2891.8771727270982,1609.6535091963324
2024-12-02 08:00:00+00:00,2843.1355300807113,1585.4611602356247
2024-12-02 09:00:00+00:00,2866.6816212235767,1542.0825873627666
2024-12-02 10:00:00+00:00,2613.6273887967054,1365.1240264670005
2024-12-02 11:00:00+00:00,2680.027215527069,1334.3152472525053
2024-12-02 12:00:00+00:00,2522.5392478035687,1282.8863348733578
2024-12-02 13:00:00+00:00,2254.39446027279,1203.0891168813046
2024-12-02 14:00:00+00:00,2153.592676680991,1186.904096081911
2024-12-02 15:00:00+00:00,2378.515907467237,1154.1959951992794
2024-12-02 16:00:00+00:00,2396.2100826536766,1133.125973253846
2024-12-02 17:00:00+00:00,2216.4074336501344,1014.7213765049353
2024-12-02 18:00:00+00:00,2624.2524764022332,1105.1132280927402
2024-12-02 19:00:00+00:00,2619.473767660444,1060.074219550508
2024-12-02 20:00:00+00:00,2084.134199501248,975.5003692264235
2024-12-02 21:00:00+00:00,2133.817938917586,977.167726261656
2024-12-02 22:00:00+00:00,2856.189028335905,1015.6622867550257
2024-12-02 23:00:00+00:00,3143.226969373068,1095.944593617081
2024-12-03 00:00:00+00:00,3692.5249549350856,1456.1935786489753
2024-12-03 01:00:00+00:00,3214.793101333278,1837.332333484025
2024-12-03 02:00:00+00:00,3249.990817515092,1898.8187814683306
2024-12-03 03:00:00+00:00,3141.0477278942963,1730.078254885932
2024-12-03 04:00:00+00:00,2925.1988032547283,1398.2316879129585
2024-12-03 05:00:00+00:00,2853.933058572763,1282.5709183435354
2024-12-03 06:00:00+00:00,2892.6403027512883,1271.1108173855473
2024-12-03 07:00:00+00:00,2767.107490181706,1288.7634643768379
2024-12-03 08:00:00+00:00,2785.597622441835,1009.489021669471
2024-12-03 09:00:00+00:00,2645.499289807015,956.6868114274079
2024-12-03 10:00:00+00:00,2327.5657558521643,850.6764033973726
2024-12-03 11:00:00+00:00,2094.0675460275797,705.2712618057853
2024-12-03 12:00:00+00:00,1925.0754772345642,687.6699812368278
2024-12-03 13:00:00+00:00,1750.4618750915452,754.5821867940061
2024-12-03 14:00:00+00:00,1538.0309186660506,624.0083457166103
2024-12-03 15:00:00+00:00,1389.5066141121526,667.5944606885581
2024-12-03 16:00:00+00:00,1393.9231376662492,708.0629452863495
2024-12-03 17:00:00+00:00,1168.3051006244984,769.1651091505444
2024-12-03 18:00:00+00:00,821.1637488164743,714.9940504950459
2024-12-03 19:00:00+00:00,957.0560168576136,622.2751862673975
2024-12-03 20:00:00+00:00,982.0974196558082,583.4312945515006
2024-12-03 21:00:00+00:00,1086.665118411036,536.1405185039687
2024-12-03 22:00:00+00:00,1034.0021264993773,456.66341368285595
2024-12-03 23:00:00+00:00,715.223296019934,424.1911336226777
2024-12-04 00:00:00+00:00,394.21116325053424,311.9346872889219
2024-12-04 01:00:00+00:00,349.6025647880248,333.1309252846115
2024-12-04 02:00:00+00:00,633.879894333494,319.64741245631564
2024-12-04 03:00:00+00:00,792.6661619770038,333.85969567114904
2024-12-04 04:00:00+00:00,527.4042716411346,411.8287831867498
2024-12-04 05:00:00+00:00,597.9725898362348,318.31307199551605
2024-12-04 06:00:00+00:00,688.0623732426583,306.96831065572144
2024-12-04 07:00:00+00:00,962.7386559804793,405.35290609821055
2024-12-04 08:00:00+00:00,1059.0568776460125,429.6934711649381
2024-12-04 09:00:00+00:00,916.7398517470293,354.09149077283064
2024-12-04 10:00:00+00:00,681.6451794489309,335.0450784510153
2024-12-04 11:00:00+00:00,508.406704386947,242.47695168409226
2024-12-04 12:00:00+00:00,576.1999503795424,199.97817092888062
2024-12-04 13:00:00+00:00,326.51288828517835,172.55344523575363
2024-12-04 14:00:00+00:00,367.3574502407061,266.18020727026527
2024-12-04 15:00:00+00:00,322.0493983199013,271.3555102757273
2024-12-04 16:00:00+00:00,189.67105828662605,301.60973977000066
2024-12-04 17:00:00+00:00,245.09775158545114,391.3600301810811
2024-12-04 18:00:00+00:00,430.4355404615888,539.2451960363048
2024-12-04 19:00:00+00:00,701.4061239189468,625.4337515767722
2024-12-04 20:00:00+00:00,1301.2821388045052,852.6043004188375
2024-12-04 21:00:00+00:00,1876.3640908446434,1013.027916032752
2024-12-04 22:00:00+00:00,2276.1334816667427,1093.2744295456553
2024-12-04 23:00:00+00:00,2617.693196855103,1189.8504226510777
2024-12-05 00:00:00+00:00,3053.362130357035,1312.8971794810614
2024-12-05 01:00:00+00:00,3491.9046172099675,1590.7125982655266
2024-12-05 02:00:00+00:00,3709.47755520815,1735.7690018945173
2024-12-05 03:00:00+00:00,3804.6918190193055,1795.2302582287232
2024-12-05 04:00:00+00:00,3930.051201935813,1979.5250714275264
2024-12-05 05:00:00+00:00,3978.5715586280485,2115.9190890550553
2024-12-05 06:00:00+00:00,3925.4577880457127,2200.8754931577864
2024-12-05 07:00:00+00:00,3930.686781074903,2303.106835429262
2024-12-05 08:00:00+00:00,3829.5201426257236,2382.1790897859996
2024-12-05 09:00:00+00:00,3820.8941432333445,2416.6253433889274
2024-12-05 10:00:00+00:00,3811.95806665052,2411.317446788954
2024-12-05 11:00:00+00:00,3786.134252880387,2371.252626135676
2024-12-05 12:00:00+00:00,3796.5048319756447,2349.303195219635
2024-12-05 13:00:00+00:00,3772.421247335565,2332.79059606184
2024-12-05 14:00:00+00:00,3717.9370463133123,2307.7045998921876
2024-12-05 15:00:00+00:00,3616.0557274009493,2268.7307842514674
2024-12-05 16:00:00+00:00,3487.476920593843,2156.114229139777
2024-12-05 17:00:00+00:00,3524.5418235308803,2146.6064477370674
2024-12-05 18:00:00+00:00,3579.3811894983123,2169.4653461268713
2024-12-05 19:00:00+00:00,3614.9439582908176,2300.981185097564
2024-12-05 20:00:00+00:00,3589.0928545638726,2363.6438697711374
2024-12-05 21:00:00+00:00,3642.0333932464437,2477.752473608539
2024-12-05 22:00:00+00:00,3603.220746553564,2542.09091983303
2024-12-05 23:00:00+00:00,3589.0560724481693,2426.585584365451
2024-12-06 00:00:00+00:00,3639.435310256598,2372.0141741333846
2024-12-06 01:00:00+00:00,3695.9619074669413,2439.2997379402836
2024-12-06 02:00:00+00:00,3708.947971843345,2421.944511927584
2024-12-06 03:00:00+00:00,3551.550179629311,2410.947252592197
2024-12-06 04:00:00+00:00,3483.774583119654,2402.7402924642024
2024-12-06 05:00:00+00:00,3302.5498900622238,2379.2165474453936
2024-12-06 06:00:00+00:00,3152.324214903733,2357.8524663276435
2024-12-06 07:00:00+00:00,3540.3838412136747,2320.4644344816847
2024-12-06 08:00:00+00:00,3402.4081926108993,2174.7908427714556
2024-12-06 09:00:00+00:00,3155.6531941282014,2065.1289198679615
2024-12-06 10:00:00+00:00,3211.598198853148,2235.766296202118
2024-12-06 11:00:00+00:00,3281.654879796347,2330.400154047739
2024-12-06 12:00:00+00:00,3411.758364625353,2401.342374314163
2024-12-06 13:00:00+00:00,3414.142478533526,2367.980599864555
2024-12-06 14:00:00+00:00,2994.2064028871396,2204.472032611
2024-12-06 15:00:00+00:00,2549.046694767178,1949.7637914973373
2024-12-06 16:00:00+00:00,2121.865728847082,1675.177783145638
2024-12-06 17:00:00+00:00,1637.6833600187733,1384.816301100038
2024-12-06 18:00:00+00:00,1140.3079779749012,1012.5635912603241
2024-12-06 19:00:00+00:00,1293.9022818965618,755.538027419019
2024-12-06 20:00:00+00:00,1854.5428040736338,1085.9406491589962
2024-12-06 21:00:00+00:00,2439.038308064155,1244.8133844374056
2024-12-06 22:00:00+00:00,3134.3953065380465,1484.0979549960732
2024-12-06 23:00:00+00:00,3503.690318993255,1607.4821778499702
2024-12-07 00:00:00+00:00,3605.5364378163963,1871.5175527174445
2024-12-07 01:00:00+00:00,3787.089401368814,2090.331392737341
2024-12-07 02:00:00+00:00,3865.0718372328556,2251.1204564685668
2024-12-07 03:00:00+00:00,3872.6390654022453,2432.747577512322
2024-12-07 04:00:00+00:00,3816.5890536695647,2477.903952644178
2024-12-07 05:00:00+00:00,3797.4520703316625,2501.7126601830328
2024-12-07 06:00:00+00:00,3725.823843832039,2488.407421963912
2024-12-07 07:00:00+00:00,3704.14731248412,2437.326357657465
2024-12-07 08:00:00+00:00,3730.6071008999634,2363.299383504711
2024-12-07 09:00:00+00:00,3730.0790995616403,2326.4539867420326
2024-12-07 10:00:00+00:00,3440.9835353314993,2343.0708018943205
2024-12-07 11:00:00+00:00,3340.379307296623,2362.074895007746
2024-12-07 12:00:00+00:00,3621.539822200341,2376.469160706322
2024-12-07 13:00:00+00:00,3422.7340688499244,2270.3064826274067
2024-12-07 14:00:00+00:00,3365.338543594416,2127.3529876994376
2024-12-07 15:00:00+00:00,3363.9981716576544,2155.3785868257087
2024-12-07 16:00:00+00:00,3203.9050018251396,2059.728870225419
2024-12-07 17:00:00+00:00,3046.231937003261,1936.6547245619681
2024-12-07 18:00:00+00:00,2724.389611118338,1836.936826863558
2024-12-07 19:00:00+00:00,2577.7132123719157,1661.1606330096772
2024-12-07 20:00:00+00:00,2122.146143040993,1355.0647110820503
2024-12-07 21:00:00+00:00,2021.7845583177739,1109.472007680249
2024-12-07 22:00:00+00:00,2307.855881174516,948.2029966650867
2024-12-07 23:00:00+00:00,2469.3234365131525,954.1049442090012
2024-12-08 00:00:00+00:00,3010.6264534957454,1023.3395646415601
2024-12-08 01:00:00+00:00,3280.161842304085,1178.8107452306456
2024-12-08 02:00:00+00:00,3287.3258514739086,1268.7983890523335
2024-12-08 03:00:00+00:00,3259.2211510235443,1340.8580143982308
2024-12-08 04:00:00+00:00,3436.8769900911934,1421.6152258348118
2024-12-08 05:00:00+00:00,3568.9943946316157,1590.402026691805
2024-12-08 06:00:00+00:00,3556.1170945758404,1567.7581850268796
2024-12-08 07:00:00+00:00,3538.4169867900937,1407.9359372293848
2024-12-08 08:00:00+00:00,3587.2157801431376,1406.4037445816969
2024-12-08 09:00:00+00:00,3627.0749373537724,1439.895442956128
2024-12-08 10:00:00+00:00,3530.3067280308032,1308.815551157845
2024-12-08 11:00:00+00:00,3481.958812225091,1263.301440287777
2024-12-08 12:00:00+00:00,3583.7606343067405,1237.6939686390394
2024-12-08 13:00:00+00:00,3599.424278503704,1227.1034878628022
2024-12-08 14:00:00+00:00,3592.797960584405,1299.977659093551
2024-12-08 15:00:00+00:00,3656.8162441996283,1450.9267158608752
2024-12-08 16:00:00+00:00,3690.987225194711,1636.666215867588
2024-12-08 17:00:00+00:00,3740.9171674822896,1746.4247412631312
2024-12-08 18:00:00+00:00,3759.2437577548553,1678.8417564776414
2024-12-08 19:00:00+00:00,3794.548656230816,1719.877743637475
2024-12-08 20:00:00+00:00,3752.5331969253966,1762.089374226646
2024-12-08 21:00:00+00:00,3774.0281907345216,1808.1666865242585
2024-12-08 22:00:00+00:00,3709.7781402397045,1800.9734098645204
2024-12-08 23:00:00+00:00,3622.992518017315,1706.6454763898307
2024-12-09 00:00:00+00:00,3500.851372471545,1727.759795076756
2024-12-09 01:00:00+00:00,3593.693783079762,1787.097257838756
2024-12-09 02:00:00+00:00,3626.0462246339384,1849.5072137818515
2024-12-09 03:00:00+00:00,3691.7406653067,1873.180855809817
2024-12-09 04:00:00+00:00,3683.226594287913,1881.397505850013
2024-12-09 05:00:00+00:00,3675.675186383342,1825.1908734956276
2024-12-09 06:00:00+00:00,3680.7265969399427,1936.2307414648278
2024-12-09 07:00:00+00:00,3649.8106354313013,2013.5762139166077
2024-12-09 08:00:00+00:00,3719.2414271476114,1889.6198907362057
2024-12-09 09:00:00+00:00,3757.4177036881606,2010.9712095609036
2024-12-09 10:00:00+00:00,3763.2427251943946,2089.3030755241275
2024-12-09 11:00:00+00:00,3757.238143682469,2211.755682533515
2024-12-09 12:00:00+00:00,3799.4007314507016,2321.4533987861614
2024-12-09 13:00:00+00:00,3745.6762986463655,2356.367141214481
2024-12-09 14:00:00+00:00,3737.2832526534417,2369.8072471911805
2024-12-09 15:00:00+00:00,3713.3551021152057,2370.67993254924
2024-12-09 16:00:00+00:00,3687.3137597038162,2323.253547169216
2024-12-09 17:00:00+00:00,3651.8257416625793,2219.5811765260696
2024-12-09 18:00:00+00:00,3639.1355162382843,2125.8791322782686
2024-12-09 19:00:00+00:00,3541.64273878662,2074.0667762305784
2024-12-09 20:00:00+00:00,3456.2884550236995,2022.0396600879749
2024-12-09 21:00:00+00:00,3433.897638719218,1979.8675801608506
2024-12-09 22:00:00+00:00,3432.2111984895478,1870.5293794262084
2024-12-09 23:00:00+00:00,3408.5531789730903,1764.5703872568338
2024-12-10 00:00:00+00:00,3419.755112984569,1753.4111679603654
2024-12-10 01:00:00+00:00,3445.4361488647137,1664.3031308625955
2024-12-10 02:00:00+00:00,3448.8157529366017,1728.765568412603
2024-12-10 03:00:00+00:00,3459.1756533531066,1753.512417655205
2024-12-10 04:00:00+00:00,3438.548401069286,1752.4995252001897
2024-12-10 05:00:00+00:00,3383.884640041341,1678.038878038094
2024-12-10 06:00:00+00:00,3392.729354594838,1618.5916621889146
2024-12-10 07:00:00+00:00,3431.8611751304347,1659.6913259146434
2024-12-10 08:00:00+00:00,3441.6918876887553,1599.17732983341
2024-12-10 09:00:00+00:00,3327.4015485592495,1476.5140166719689
2024-12-10 10:00:00+00:00,3209.1782915958224,1366.519373824007
2024-12-10 11:00:00+00:00,3202.815974345685,1423.0574407263437
2024-12-10 12:00:00+00:00,3142.902258437665,1475.8415565405203
2024-12-10 13:00:00+00:00,3128.2099785005676,1444.2408741951956
2024-12-10 14:00:00+00:00,3173.7231006040843,1425.175378678943
2024-12-10 15:00:00+00:00,3205.961834004877,1418.6194609380866
2024-12-10 16:00:00+00:00,3215.908627756304,1394.6310945168848
2024-12-10 17:00:00+00:00,3191.9007826340444,1348.6532521343195
2024-12-10 18:00:00+00:00,3085.7954530150973,1259.1678028439692
2024-12-10 19:00:00+00:00,2753.3942868835743,1004.6571172872292
2024-12-10 20:00:00+00:00,2398.7292620727394,760.3295406876457
2024-12-10 21:00:00+00:00,1986.139919654832,600.947738950368
2024-12-10 22:00:00+00:00,1679.8457500336963,515.076923541118
2024-12-10 23:00:00+00:00,1464.9154883968174,462.4207541186623
2024-12-11 00:00:00+00:00,1338.953946650649,437.4808482069449
2024-12-11 01:00:00+00:00,1218.832257908982,413.10102910813606
2024-12-11 02:00:00+00:00,1150.330412367493,439.73859774987915
2024-12-11 03:00:00+00:00,1108.1637706564,424.71513045646856
2024-12-11 04:00:00+00:00,1065.064820964212,400.9814702988471
2024-12-11 05:00:00+00:00,1072.1440928406007,402.5214247639618
2024-12-11 06:00:00+00:00,1073.2819653876836,397.097150340916
2024-12-11 07:00:00+00:00,1001.4860440809823,332.4074447991228
2024-12-11 08:00:00+00:00,1054.534556070941,317.34422909035527
2024-12-11 09:00:00+00:00,976.2870318945317,293.2045813868248
2024-12-11 10:00:00+00:00,879.2821118592132,259.5236330945003
2024-12-11 11:00:00+00:00,812.0316987032082,207.5362159289262
2024-12-11 12:00:00+00:00,574.5307641261903,145.23412205698105
2024-12-11 13:00:00+00:00,608.6265988633844,111.23978420626426
2024-12-11 14:00:00+00:00,693.7999877857688,111.67325946229577
2024-12-11 15:00:00+00:00,721.2470596029522,120.21897101071995
2024-12-11 16:00:00+00:00,748.0073836120226,133.05152938005526
2024-12-11 17:00:00+00:00,764.0338556949368,139.3950600657208
2024-12-11 18:00:00+00:00,651.6304786516777,127.68994275635342
2024-12-11 19:00:00+00:00,522.8326600534875,153.61495678299818
2024-12-11 20:00:00+00:00,505.3855281898569,184.3259964239106
2024-12-11 21:00:00+00:00,422.02084048119417,199.87034593647587
2024-12-11 22:00:00+00:00,323.8604231350183,214.46158629162582
2024-12-11 23:00:00+00:00,346.1393110659081,221.8290836176797
2024-12-12 00:00:00+00:00,358.34069030730603,210.9036087339073
2024-12-12 01:00:00+00:00,338.43474322256145,201.4331409089225
2024-12-12 02:00:00+00:00,270.37724936916663,198.133626927679
2024-12-12 03:00:00+00:00,222.74371739667274,194.63848548428712
2024-12-12 04:00:00+00:00,219.0570024339923,211.8142627275319
2024-12-12 05:00:00+00:00,191.1713137747114,196.01633167333802
2024-12-12 06:00:00+00:00,177.7983450468359,174.18263588211113
2024-12-12 07:00:00+00:00,224.60507042924417,166.08567603293397
2024-12-12 08:00:00+00:00,382.17332599669925,188.57942293539224
2024-12-12 09:00:00+00:00,395.42507194540167,182.8803702877772
2024-12-12 10:00:00+00:00,480.9969585070702,185.7992091468215
2024-12-12 11:00:00+00:00,536.787369581742,194.9439649102701
2024-12-12 12:00:00+00:00,429.26138018207826,169.86607662633747
2024-12-12 13:00:00+00:00,390.3292657706535,149.21277034389348
2024-12-12 14:00:00+00:00,381.31596652018254,162.34443059495672
2024-12-12 15:00:00+00:00,365.1117636496961,169.25140989980466
2024-12-12 16:00:00+00:00,377.4133049427273,189.7514573668178
2024-12-12 17:00:00+00:00,457.04670903641573,227.45570911542177
2024-12-12 18:00:00+00:00,502.06040515493817,266.5707700579762
2024-12-12 19:00:00+00:00,507.71595207430187,285.15261041572575
2024-12-12 20:00:00+00:00,545.9706378023585,272.27036652719437
2024-12-12 21:00:00+00:00,579.4876980388271,279.27849665022666
2024-12-12 22:00:00+00:00,566.1964508664056,303.7421137142469
2024-12-12 23:00:00+00:00,582.6096789858086,327.1729641155735
2024-12-13 00:00:00+00:00,548.3570753119271,328.67307128867617
2024-12-13 01:00:00+00:00,502.02070617790883,298.73846058206743
2024-12-13 02:00:00+00:00,469.3476076311886,289.78063113511695
2024-12-13 03:00:00+00:00,480.07335167162535,304.4693020743025
2024-12-13 04:00:00+00:00,523.9463572583942,339.8533513126842
2024-12-13 05:00:00+00:00,573.7952206887774,372.96501726317445
2024-12-13 06:00:00+00:00,641.4428213683859,398.8795503643768
2024-12-13 07:00:00+00:00,620.6090157520265,435.50311735130117
2024-12-13 08:00:00+00:00,562.1140315299482,402.97076972313954
2024-12-13 09:00:00+00:00,531.7039724272109,349.5708501008961
2024-12-13 10:00:00+00:00,440.0213355451853,304.93975719934764
2024-12-13 11:00:00+00:00,308.17403730737794,253.221383412346
2024-12-13 12:00:00+00:00,218.03105826050165,202.05097168841905
2024-12-13 13:00:00+00:00,216.1525006899399,186.0572277783485
2024-12-13 14:00:00+00:00,185.92936790370075,180.2008623724428
2024-12-13 15:00:00+00:00,158.17894250861943,161.5792735993363
2024-12-13 16:00:00+00:00,183.44341104075724,160.2556612556169
2024-12-13 17:00:00+00:00,198.0921852496032,169.8072944548706
2024-12-13 18:00:00+00:00,244.39226665119364,199.73102872941647
2024-12-13 19:00:00+00:00,318.3811732917277,246.30239059390138
2024-12-13 20:00:00+00:00,433.7283308302844,303.27591028537176
2024-12-13 21:00:00+00:00,497.72006606360895,337.97860049334446
2024-12-13 22:00:00+00:00,574.6025980161326,366.02699068861983
2024-12-13 23:00:00+00:00,575.9051001939846,423.28280323044834
2024-12-14 00:00:00+00:00,688.4193674059571,426.45842476283065
2024-12-14 01:00:00+00:00,862.6885327208772,490.9645657943998
2024-12-14 02:00:00+00:00,1149.886456186019,602.5689700259886
2024-12-14 03:00:00+00:00,1310.807915758446,719.1168609451186
2024-12-14 04:00:00+00:00,1543.1346349732082,775.4572239755493
2024-12-14 05:00:00+00:00,1449.3142353692324,906.1715193415384
2024-12-14 06:00:00+00:00,1612.168436919225,1031.5264528085659
2024-12-14 07:00:00+00:00,1839.2596372455591,1079.851626983601
2024-12-14 08:00:00+00:00,2001.1822229510424,1092.9834355496469
2024-12-14 09:00:00+00:00,1901.8368924891122,1312.8489276733644
2024-12-14 10:00:00+00:00,2007.1120537117,1459.578027676964
2024-12-14 11:00:00+00:00,2099.3380672519193,1506.7796664199082
2024-12-14 12:00:00+00:00,2332.447296315275,1393.959425398677
2024-12-14 13:00:00+00:00,2428.250469484305,1359.2208924032248
2024-12-14 14:00:00+00:00,2661.296812995007,1391.0879484574336
2024-12-14 15:00:00+00:00,2849.080587846257,1316.318905008029
2024-12-14 16:00:00+00:00,3153.8524524852164,1136.6836541815994
2024-12-14 17:00:00+00:00,2645.9539246672416,823.734640726163
2024-12-14 18:00:00+00:00,2874.6350616078516,903.4674405774075
2024-12-14 19:00:00+00:00,2836.639333839546,967.1874133241439
2024-12-14 20:00:00+00:00,2797.027763773323,1069.3133530812654
2024-12-14 21:00:00+00:00,2502.417255227394,1163.7195968668075
2024-12-14 22:00:00+00:00,2522.916758872804,1020.6689061868586
2024-12-14 23:00:00+00:00,2611.0206046612093,1160.3459253942265
2024-12-15 00:00:00+00:00,2613.5811145221105,1153.7746817718273
2024-12-15 01:00:00+00:00,2786.2555477049814,1260.1929560042188
2024-12-15 02:00:00+00:00,2880.7402995546863,1334.9872130006781
2024-12-15 03:00:00+00:00,2754.72101384193,1207.3152039976467
2024-12-15 04:00:00+00:00,2550.074418720461,1335.8409140409556
2024-12-15 05:00:00+00:00,2247.6180475910237,1437.1283797626877
2024-12-15 06:00:00+00:00,2648.7833790300606,1483.8516532481776
2024-12-15 07:00:00+00:00,2815.9410881173512,1631.964532040135
2024-12-15 08:00:00+00:00,3005.2833568065507,1840.8147692772343
2024-12-15 09:00:00+00:00,3159.753015755959,2057.779615846449
2024-12-15 10:00:00+00:00,3196.295849953981,2046.839111711099
2024-12-15 11:00:00+00:00,3302.685548833044,2071.6247206025064
2024-12-15 12:00:00+00:00,3480.421082484717,2149.402877297077
2024-12-15 13:00:00+00:00,3547.165593234817,2231.236558877913
2024-12-15 14:00:00+00:00,3477.7743521805537,2201.428609166509
2024-12-15 15:00:00+00:00,3549.203638850082,2187.0922851878317
2024-12-15 16:00:00+00:00,3510.9395598397896,2163.9521815908756
2024-12-15 17:00:00+00:00,3465.5211615718745,2089.0841626096994
2024-12-15 18:00:00+00:00,3584.4108471907875,2164.7568398102153
2024-12-15 19:00:00+00:00,3608.702863819853,2226.1289863812062
2024-12-15 20:00:00+00:00,3649.3039914504834,2309.931302165415
2024-12-15 21:00:00+00:00,3582.689997885137,2252.341583159258
2024-12-15 22:00:00+00:00,3553.9900599709704,2236.3757719042574
2024-12-15 23:00:00+00:00,3513.8085648646547,2178.3189595793287
2024-12-16 00:00:00+00:00,3415.718572416086,2156.666751888569
2024-12-16 01:00:00+00:00,3463.778559402098,2208.433822428215
2024-12-16 02:00:00+00:00,3485.027152586672,2223.044232494876
2024-12-16 03:00:00+00:00,3145.7789758416293,2121.5963888385445
2024-12-16 04:00:00+00:00,3391.0409368320657,2194.704798865265
2024-12-16 05:00:00+00:00,3461.3521262855347,2205.441221584454
2024-12-16 06:00:00+00:00,3424.930317113376,2187.841770233616
2024-12-16 07:00:00+00:00,3617.004152276829,2281.135058389165
2024-12-16 08:00:00+00:00,3682.5514644867762,2243.016723568514
2024-12-16 09:00:00+00:00,3634.29332868391,2143.9387555820194
2024-12-16 10:00:00+00:00,3648.666434778291,2109.2255350102764
2024-12-16 11:00:00+00:00,3639.184559059222,2077.876889258844
2024-12-16 12:00:00+00:00,3703.575805417546,2086.168883310239
2024-12-16 13:00:00+00:00,3689.95257987557,2176.4616604896173
2024-12-16 14:00:00+00:00,3788.4871217655436,2216.712962514445
2024-12-16 15:00:00+00:00,3691.1905155976306,2237.4628218506105
2024-12-16 16:00:00+00:00,3642.034184259685,2225.304750584153
2024-12-16 17:00:00+00:00,3470.962146149635,2180.5879810609463
2024-12-16 18:00:00+00:00,3506.6111353854017,2197.906424957943
2024-12-16 19:00:00+00:00,3519.136434548962,2203.9165435625546
2024-12-16 20:00:00+00:00,3451.6013060645487,2176.1927159877
2024-12-16 21:00:00+00:00,3370.1482996059117,2101.0316266007576
2024-12-16 22:00:00+00:00,3174.1937534824397,2039.9345548843012
2024-12-16 23:00:00+00:00,2909.4958061490283,1049.6233526112956
2024-12-17 00:00:00+00:00,3060.7727379047196,1977.2362746148856
2024-12-17 01:00:00+00:00,2904.840297719515,1857.2227569339161
2024-12-17 02:00:00+00:00,2796.54247715001,1770.7464208887316
2024-12-17 03:00:00+00:00,2511.690105697546,1684.925834820281
2024-12-17 04:00:00+00:00,2210.50568385953,1475.990365906471
2024-12-17 05:00:00+00:00,1887.2638577980854,1371.2219475413563
2024-12-17 06:00:00+00:00,1760.2858640373179,1405.2154449405045
2024-12-17 07:00:00+00:00,2218.614756098959,1558.1127673202477
2024-12-17 08:00:00+00:00,2096.138220939033,1627.2444571548301
2024-12-17 09:00:00+00:00,2234.1352268993137,1497.0867879188204
2024-12-17 10:00:00+00:00,2009.1200408238092,1291.7204696247572
2024-12-17 11:00:00+00:00,1800.8074948372346,979.6324246437493
2024-12-17 12:00:00+00:00,1626.8221549608268,859.8531457587513
2024-12-17 13:00:00+00:00,1866.0514534692843,884.0859352714018
2024-12-17 14:00:00+00:00,1992.7664353274415,986.4641093757259
2024-12-17 15:00:00+00:00,2365.516395865737,1006.4211756911659
2024-12-17 16:00:00+00:00,2646.8750595863085,1092.5066523186742
2024-12-17 17:00:00+00:00,2887.4111119687877,1164.1848115291314
2024-12-17 18:00:00+00:00,3090.412795055736,1231.5495755367788
2024-12-17 19:00:00+00:00,3464.0823084866165,1399.3474120892952
2024-12-17 20:00:00+00:00,3648.867352141488,1556.5075048244285
2024-12-17 21:00:00+00:00,3667.1460861129776,1728.4721025002166
2024-12-17 22:00:00+00:00,3680.799370158109,1810.0396081254787
2024-12-17 23:00:00+00:00,3679.274296629589,1878.8207802176723
2024-12-18 00:00:00+00:00,3613.2294370910945,1900.622291657659
2024-12-18 01:00:00+00:00,3723.829699451646,1949.6046000825993
2024-12-18 02:00:00+00:00,3795.650933182057,2023.1844540009156
2024-12-18 03:00:00+00:00,3834.6344387349786,2226.531414367531
2024-12-18 04:00:00+00:00,3751.0840606680067,2296.9207163785422
2024-12-18 05:00:00+00:00,3726.5614636792093,2400.5414734077176
2024-12-18 06:00:00+00:00,3690.1867197948864,2433.0115781814834
2024-12-18 07:00:00+00:00,3794.0582280214376,2541.449210341323
2024-12-18 08:00:00+00:00,3833.840656947702,2551.708256569609
2024-12-18 09:00:00+00:00,3879.3077025299344,2541.0954296693153
2024-12-18 10:00:00+00:00,3844.4172949922227,2545.9664892069836
2024-12-18 11:00:00+00:00,3739.4798964235138,2540.3643356813827
2024-12-18 12:00:00+00:00,3609.8885926680123,2506.7692123256998
2024-12-18 13:00:00+00:00,3475.954626219786,2494.7353301380695
2024-12-18 14:00:00+00:00,3575.875023307875,2503.0182275371935
2024-12-18 15:00:00+00:00,3557.224513113147,2430.15265857544
2024-12-18 16:00:00+00:00,3650.4438415306686,2421.401481337683
2024-12-18 17:00:00+00:00,3676.6742361066413,2393.042667883669
2024-12-18 18:00:00+00:00,3652.261194451713,2309.175489013703
2024-12-18 19:00:00+00:00,3681.5828687732533,2195.7554622025345
2024-12-18 20:00:00+00:00,3633.162179749376,2156.3987961532025
2024-12-18 21:00:00+00:00,3572.0338630099022,2258.9548493600814
2024-12-18 22:00:00+00:00,3561.0106979908746,2327.6363537839175
2024-12-18 23:00:00+00:00,3441.421361160356,2329.4657696568866
2024-12-19 00:00:00+00:00,3488.445911813986,2427.8871966534066
2024-12-19 01:00:00+00:00,3383.7545183632074,2443.047558675826
2024-12-19 02:00:00+00:00,3379.2437653567845,2481.208212704867
2024-12-19 03:00:00+00:00,3452.7534168499683,2486.5416194818604
2024-12-19 04:00:00+00:00,3683.8720610925147,2491.508984881612
2024-12-19 05:00:00+00:00,3613.891910680376,2476.9122197933575
2024-12-19 06:00:00+00:00,3253.1042456314062,2343.3787037983543
2024-12-19 07:00:00+00:00,3466.7511871615256,2351.91749398092
2024-12-19 08:00:00+00:00,3424.363160619627,2220.228423110463
2024-12-19 09:00:00+00:00,3498.676481565599,2069.988707466946
2024-12-19 10:00:00+00:00,3586.5248300771823,1859.4413513214242
2024-12-19 11:00:00+00:00,3650.4992124575338,1960.4822186652952
2024-12-19 12:00:00+00:00,3489.568755109491,2140.4857850320345
2024-12-19 13:00:00+00:00,3506.9575991849306,2134.4974192915483
2024-12-19 14:00:00+00:00,3664.1785999396157,1955.6932267513741
2024-12-19 15:00:00+00:00,3698.453599175881,1949.6109281885267
2024-12-19 16:00:00+00:00,3653.840056880616,1928.2600965425622
2024-12-19 17:00:00+00:00,3662.049983308264,2125.4913380369007
2024-12-19 18:00:00+00:00,3628.3840642675173,2239.5588091857735
2024-12-19 19:00:00+00:00,3730.9563332458356,2249.24199777466
2024-12-19 20:00:00+00:00,3767.895465077565,2246.8485894609057
2024-12-19 21:00:00+00:00,3748.2593523846335,2024.8940313678831
2024-12-19 22:00:00+00:00,3747.4212738558645,2166.036303727425
2024-12-19 23:00:00+00:00,3718.830891275567,2073.8413374569122
2024-12-20 00:00:00+00:00,3624.6631379821665,2110.000727986391
2024-12-20 01:00:00+00:00,3497.166832795277,2106.7967288539908
2024-12-20 02:00:00+00:00,3477.498684066088,1941.7025755589848
2024-12-20 03:00:00+00:00,3465.849036560241,1736.840824835982
2024-12-20 04:00:00+00:00,3262.6624541282254,1590.6915375379867
2024-12-20 05:00:00+00:00,3078.902168126983,1556.1619309147957
2024-12-20 06:00:00+00:00,2866.6525514869722,1442.5889419181613
2024-12-20 07:00:00+00:00,2756.78061456801,1154.4860004287366
2024-12-20 08:00:00+00:00,2766.4044771638264,1160.9347358754462
2024-12-20 09:00:00+00:00,2447.053249727913,1214.4514288273824
2024-12-20 10:00:00+00:00,2335.7663878742314,1073.8465510883998
2024-12-20 11:00:00+00:00,2365.7768369753144,1162.402164314033
2024-12-20 12:00:00+00:00,2647.721839260728,1389.5219399936957
2024-12-20 13:00:00+00:00,3119.818910040746,1570.420241212586
2024-12-20 14:00:00+00:00,3439.6115228651,1567.9730439984482
2024-12-20 15:00:00+00:00,3562.3858745102375,1674.2190750976265
2024-12-20 16:00:00+00:00,3682.9006968326485,1748.2434784573475
2024-12-20 17:00:00+00:00,3609.8450869397607,1875.8869121070504
2024-12-20 18:00:00+00:00,3553.670095115013,1957.332799446519
2024-12-20 19:00:00+00:00,3439.840916704971,2052.514631714796
2024-12-20 20:00:00+00:00,3437.8024755830857,2085.560000868031
2024-12-20 21:00:00+00:00,3427.982046196897,2096.705970692713
2024-12-20 22:00:00+00:00,3378.0556634689024,2081.8303734370297
2024-12-20 23:00:00+00:00,3248.146570143856,2030.451492645371
2024-12-21 00:00:00+00:00,2932.498866701993,2051.006564970957
2024-12-21 01:00:00+00:00,2623.3137414385556,1918.132160758961
2024-12-21 02:00:00+00:00,2399.5020820091313,1831.3317070383039
2024-12-21 03:00:00+00:00,2196.6410015257593,1475.437052144438
2024-12-21 04:00:00+00:00,1975.332503497269,1227.095676607048
2024-12-21 05:00:00+00:00,2193.8566349176735,1201.1562760270838
2024-12-21 06:00:00+00:00,2332.9557200758845,1345.955402599461
2024-12-21 07:00:00+00:00,2766.9255571362914,1644.3983702977123
2024-12-21 08:00:00+00:00,3119.55985320434,1943.5013396688673
2024-12-21 09:00:00+00:00,3573.8717822752114,2230.044897430447
2024-12-21 10:00:00+00:00,3746.255320338729,2357.474955258408
2024-12-21 11:00:00+00:00,3761.2980191415595,2402.557172898926
2024-12-21 12:00:00+00:00,3874.0138464149873,2543.6622676361444
2024-12-21 13:00:00+00:00,3913.74367296073,2606.41987389863
2024-12-21 14:00:00+00:00,3863.9224949937793,2605.6624787204364
2024-12-21 15:00:00+00:00,3813.886161425295,2557.4543745050596
2024-12-21 16:00:00+00:00,3759.5894305411434,2508.5952663923945
2024-12-21 17:00:00+00:00,3727.57040106802,2496.753798175621
2024-12-21 18:00:00+00:00,3661.222978964868,2368.037948324523
2024-12-21 19:00:00+00:00,3645.3671185503576,2263.1005497558135
2024-12-21 20:00:00+00:00,3610.636100180694,2178.8813699936327
2024-12-21 21:00:00+00:00,3571.7297184187637,2151.0786388479946
2024-12-21 22:00:00+00:00,3556.2199262971617,2146.3863483027776
2024-12-21 23:00:00+00:00,3444.545863462043,2246.002007539797
2024-12-22 00:00:00+00:00,3508.7061339540137,2255.3254828573686
2024-12-22 01:00:00+00:00,3518.415425979851,2275.2817581595677
2024-12-22 02:00:00+00:00,3494.382070680571,2268.4375160923914
2024-12-22 03:00:00+00:00,3380.560802402939,2042.2399629750018
2024-12-22 04:00:00+00:00,3440.432594609189,1911.0011763919463
2024-12-22 05:00:00+00:00,3408.9494766067983,2024.641500390715
2024-12-22 06:00:00+00:00,3432.5406555043965,2084.0048688363554
2024-12-22 07:00:00+00:00,3594.703511481813,2262.6648992133696
2024-12-22 08:00:00+00:00,3622.7556095516557,2155.2193954109707
2024-12-22 09:00:00+00:00,3592.8232730081145,2316.320118359124
2024-12-22 10:00:00+00:00,3610.5095380621447,2382.6016886099683
2024-12-22 11:00:00+00:00,3589.2763696357692,2365.522921724975
2024-12-22 12:00:00+00:00,3548.6997634156073,2357.902695668443
2024-12-22 13:00:00+00:00,3637.154028069746,2421.9160354509104
2024-12-22 14:00:00+00:00,3598.656600153378,2338.9276722916215
2024-12-22 15:00:00+00:00,3641.8957569425215,2215.156248456288
2024-12-22 16:00:00+00:00,3550.232351569916,1960.0809771988318
2024-12-22 17:00:00+00:00,3549.696835605804,1830.5159746335914
2024-12-22 18:00:00+00:00,3558.6938202081806,1728.2670323175046
2024-12-22 19:00:00+00:00,3532.2636947888723,1602.7819771723437
2024-12-22 20:00:00+00:00,3443.4657348815485,1479.8644521305976
2024-12-22 21:00:00+00:00,2916.8931642249277,1674.6048918058918
2024-12-22 22:00:00+00:00,3475.739470618252,2015.6411539820645
2024-12-22 23:00:00+00:00,3400.848710006399,1580.5303791982662
2024-12-23 00:00:00+00:00,3602.330856657514,1432.3967363087343
2024-12-23 01:00:00+00:00,3652.5625704965087,1646.0263744242084
2024-12-23 02:00:00+00:00,3378.4460285033033,2125.5603539421722
2024-12-23 03:00:00+00:00,3581.6687997910917,2232.719115444733
2024-12-23 04:00:00+00:00,3533.4343943854537,2281.3652432422764
2024-12-23 05:00:00+00:00,3491.765003372943,2343.3502273216804
2024-12-23 06:00:00+00:00,3552.0833225537003,2357.5346767580986
2024-12-23 07:00:00+00:00,3619.9692654104674,2324.876508586301
2024-12-23 08:00:00+00:00,3643.155445528708,2149.1268136759913
2024-12-23 09:00:00+00:00,3705.1475487272805,2201.2674402186685
2024-12-23 10:00:00+00:00,3528.199073250336,2051.200956474916
2024-12-23 11:00:00+00:00,3448.4155002366892,2034.0854074742192
2024-12-23 12:00:00+00:00,3614.719706037013,2007.518041257609
2024-12-23 13:00:00+00:00,3514.569124095812,1889.264330284406
2024-12-23 14:00:00+00:00,3519.9772816240743,1893.2160346827993
2024-12-23 15:00:00+00:00,3457.6857799138083,1698.66217525571
2024-12-23 16:00:00+00:00,3331.3641293897053,1739.8563650637304
2024-12-23 17:00:00+00:00,3188.0331233925003,1658.9568701204366
2024-12-23 18:00:00+00:00,3020.2507115981825,1432.868476830296
2024-12-23 19:00:00+00:00,2738.3298352166175,1322.1343354787164
2024-12-23 20:00:00+00:00,2362.8842993065314,1184.468566313077
2024-12-23 21:00:00+00:00,2049.8404137005105,1108.8025138484538
2024-12-23 22:00:00+00:00,1542.9652592629932,840.966023728329
2024-12-23 23:00:00+00:00,938.8664696290393,569.5083738678662
2024-12-24 00:00:00+00:00,592.5125715023644,432.39937914718865
2024-12-24 01:00:00+00:00,389.6395022245595,343.37573327456073
2024-12-24 02:00:00+00:00,441.40432332030224,307.4091522225591
2024-12-24 03:00:00+00:00,695.3185848933783,346.0054567940439
2024-12-24 04:00:00+00:00,919.63446582557,510.47930739317525
2024-12-24 05:00:00+00:00,1303.73952031412,654.2195638659078
2024-12-24 06:00:00+00:00,1758.4754324821315,744.6175458063301
2024-12-24 07:00:00+00:00,2193.5605982122543,903.5533643907039
2024-12-24 08:00:00+00:00,2539.452495167897,979.3322351188151
2024-12-24 09:00:00+00:00,2621.1912551598207,1064.1031466165473
2024-12-24 10:00:00+00:00,2314.560904911288,1118.3831673459842
2024-12-24 11:00:00+00:00,2083.131392465055,1112.1393043286762
2024-12-24 12:00:00+00:00,1926.0729449313812,1113.9883966560133
2024-12-24 13:00:00+00:00,1874.6841764742112,1070.5913338486484
2024-12-24 14:00:00+00:00,1345.7785122634573,926.7079039793069
2024-12-24 15:00:00+00:00,1177.9257991673512,882.5062818292578
2024-12-24 16:00:00+00:00,1182.2345471673707,822.9039779465278
2024-12-24 17:00:00+00:00,981.6455533419249,689.6357480172024
2024-12-24 18:00:00+00:00,890.1019864753209,592.8137003555222
2024-12-24 19:00:00+00:00,950.5024721564802,653.4897552744917
2024-12-24 20:00:00+00:00,646.3379079332473,638.6934570962115
2024-12-24 21:00:00+00:00,665.1087015789249,629.9322933162882
2024-12-24 22:00:00+00:00,796.3344858818325,518.0041174775197
2024-12-24 23:00:00+00:00,900.4245115161917,474.56928378790036
2024-12-25 00:00:00+00:00,935.0774173283132,499.8116533876196
2024-12-25 01:00:00+00:00,840.8673448265226,476.0005233707143
2024-12-25 02:00:00+00:00,736.5070398554019,434.88345735368495
2024-12-25 03:00:00+00:00,485.4307360374847,444.75836777684265
2024-12-25 04:00:00+00:00,445.55002371603433,456.49334583605525
2024-12-25 05:00:00+00:00,507.65583506799095,467.2622495364504
2024-12-25 06:00:00+00:00,598.7152523928162,492.15271712060934
2024-12-25 07:00:00+00:00,678.6801157536195,482.9757770059203
2024-12-25 08:00:00+00:00,652.0174324414768,450.76265265880284
2024-12-25 09:00:00+00:00,644.8882772925816,401.7685284735759
2024-12-25 10:00:00+00:00,520.5822768213595,347.25120377185885
2024-12-25 11:00:00+00:00,595.2415671835846,328.8465009417508
2024-12-25 12:00:00+00:00,628.1880596817024,380.06342177232824
2024-12-25 13:00:00+00:00,738.6501419167283,412.3598002630539
2024-12-25 14:00:00+00:00,830.1648368000383,404.50988373668577
2024-12-25 15:00:00+00:00,841.6131714360677,393.41508258102607
2024-12-25 16:00:00+00:00,924.0379376611912,434.5443598649623
2024-12-25 17:00:00+00:00,1042.3756937912433,468.5112100055567
2024-12-25 18:00:00+00:00,1160.1300776561068,476.63209800527204
2024-12-25 19:00:00+00:00,1216.1962062835714,430.7406243809513
2024-12-25 20:00:00+00:00,989.3315323741095,399.95498230375335
2024-12-25 21:00:00+00:00,751.7935190514229,370.2141698411733
2024-12-25 22:00:00+00:00,547.2994411704716,317.6882209735062
2024-12-25 23:00:00+00:00,472.65849242777057,313.3308750974969
2024-12-26 00:00:00+00:00,472.34905793558295,300.73102293597873
2024-12-26 01:00:00+00:00,437.604196834203,226.81805356657432
2024-12-26 02:00:00+00:00,395.27082436341965,219.5734599228305
2024-12-26 03:00:00+00:00,401.85541633425964,238.1393811391063
2024-12-26 04:00:00+00:00,364.9317092607286,234.09705628629874
2024-12-26 05:00:00+00:00,309.81608191890064,205.11011652107393
2024-12-26 06:00:00+00:00,314.24278976847427,177.40126875946922
2024-12-26 07:00:00+00:00,243.70922671764762,153.73983799841054
2024-12-26 08:00:00+00:00,245.59480453072266,140.6888610979225
2024-12-26 09:00:00+00:00,225.040523218378,125.3550694224282
2024-12-26 10:00:00+00:00,174.12280314618366,127.9290759467531
2024-12-26 11:00:00+00:00,182.6190763670495,115.32180803610116
2024-12-26 12:00:00+00:00,152.42857287699883,106.82963819642266
2024-12-26 13:00:00+00:00,97.35250237700843,77.42254062465238
2024-12-26 14:00:00+00:00,97.2533290919264,89.8061495414304
2024-12-26 15:00:00+00:00,131.52664124526396,122.90485647030938
2024-12-26 16:00:00+00:00,208.37703828487463,147.6550180808578
2024-12-26 17:00:00+00:00,177.3051482911139,145.73260871375177
2024-12-26 18:00:00+00:00,97.11648380124493,117.81078063702573
2024-12-26 19:00:00+00:00,66.82384072645874,101.91428809705334
2024-12-26 20:00:00+00:00,53.39253477206441,105.70719040753814
2024-12-26 21:00:00+00:00,59.896344515674095,122.08294427465201
2024-12-26 22:00:00+00:00,69.40442254834889,119.70303262432114
2024-12-26 23:00:00+00:00,66.1815379748208,103.1443136867048
2024-12-27 00:00:00+00:00,60.48574825682461,83.74718586919064
2024-12-27 01:00:00+00:00,141.85638428195836,105.72103313925447
2024-12-27 02:00:00+00:00,189.1165580047317,139.0144838201767
2024-12-27 03:00:00+00:00,117.01926065323484,137.86835507239175
2024-12-27 04:00:00+00:00,43.51436141928788,99.74335225731159
2024-12-27 05:00:00+00:00,25.749588301094942,72.54169229812784
2024-12-27 06:00:00+00:00,62.57995581219583,95.24792513243185
2024-12-27 07:00:00+00:00,77.97030493441689,116.05295146236143
2024-12-27 08:00:00+00:00,58.32321693276776,131.35030709044526
2024-12-27 09:00:00+00:00,32.871179385873624,120.92257728853023
2024-12-27 10:00:00+00:00,15.087520826553394,96.80246390417625
2024-12-27 11:00:00+00:00,19.21443465781327,75.46844128958149
2024-12-27 12:00:00+00:00,9.852792951366267,79.32413645585632
2024-12-27 13:00:00+00:00,10.903555165291195,86.55874355743336
2024-12-27 14:00:00+00:00,7.098188216470753,81.78478089508995
2024-12-27 15:00:00+00:00,10.42163034825251,84.23711969529379
2024-12-27 16:00:00+00:00,7.454935188131725,70.33288669947639
2024-12-27 17:00:00+00:00,0.0,57.87383489484435
2024-12-27 18:00:00+00:00,9.902527908889954,62.0592837059333
2024-12-27 19:00:00+00:00,31.681890978130227,81.37325625649434
2024-12-27 20:00:00+00:00,50.939009451999176,103.37212550009363
2024-12-27 21:00:00+00:00,51.912746751588216,98.09952786599682
2024-12-27 22:00:00+00:00,15.25936845314618,71.13873143867731
2024-12-27 23:00:00+00:00,10.753262649513847,61.23237823919253
2024-12-28 00:00:00+00:00,8.073903049162125,63.848160150304224
2024-12-28 01:00:00+00:00,33.148429526820784,83.08332800673728
2024-12-28 02:00:00+00:00,26.275908736281014,81.80920342890377
2024-12-28 03:00:00+00:00,41.505286663972115,88.38430324085257
2024-12-28 04:00:00+00:00,67.50055255407727,93.33525511585484
2024-12-28 05:00:00+00:00,59.354994828910286,90.18811006014612
2024-12-28 06:00:00+00:00,72.91513706492164,104.17944720933036
2024-12-28 07:00:00+00:00,94.35396893394008,116.45167157411944
2024-12-28 08:00:00+00:00,114.54388359238882,125.3387053360064
2024-12-28 09:00:00+00:00,143.8818725620235,117.12423058222308
2024-12-28 10:00:00+00:00,180.23288604911872,114.98567684703202
2024-12-28 11:00:00+00:00,246.42853248666648,129.6688601318586
2024-12-28 12:00:00+00:00,273.53724839004053,144.3094275783299
2024-12-28 13:00:00+00:00,350.56987510503126,142.6649110504293
2024-12-28 14:00:00+00:00,386.9148571161644,141.06212047098796
2024-12-28 15:00:00+00:00,442.84426404876643,156.11312491284858
2024-12-28 16:00:00+00:00,476.2518183896933,172.327067133864
2024-12-28 17:00:00+00:00,566.223048686632,184.89765180546766
2024-12-28 18:00:00+00:00,676.6050408310134,218.76623091045792
2024-12-28 19:00:00+00:00,802.1217365058117,253.10456064432563
2024-12-28 20:00:00+00:00,746.1262058101004,276.2976126900966
2024-12-28 21:00:00+00:00,731.667324217406,287.9299073429705
2024-12-28 22:00:00+00:00,838.0028881277924,242.37510872932208
2024-12-28 23:00:00+00:00,813.2514411207276,291.3450081340455
2024-12-29 00:00:00+00:00,924.2803832195374,332.55289235879945
2024-12-29 01:00:00+00:00,871.329660241489,355.1215877658362
2024-12-29 02:00:00+00:00,786.2221726097397,406.465515659911
2024-12-29 03:00:00+00:00,591.9536712093173,409.31746446176885
2024-12-29 04:00:00+00:00,385.827312786536,432.98309748067
2024-12-29 05:00:00+00:00,441.4586066039613,483.0763345641739
2024-12-29 06:00:00+00:00,582.5921283795254,497.23838843820806
2024-12-29 07:00:00+00:00,583.6997446701424,510.0094455280608
2024-12-29 08:00:00+00:00,772.6079448433795,494.6463863626519
2024-12-29 09:00:00+00:00,926.7490366678354,621.2485499573211
2024-12-29 10:00:00+00:00,987.7839149682234,661.876275408178
2024-12-29 11:00:00+00:00,1116.6841697811144,684.6164723735146
2024-12-29 12:00:00+00:00,1237.5918290543038,808.6899643902299
2024-12-29 13:00:00+00:00,1740.0189182847423,997.6813692687476
2024-12-29 14:00:00+00:00,2030.297245063389,1133.3531918073043
2024-12-29 15:00:00+00:00,2085.490589456139,1271.764886459144
2024-12-29 16:00:00+00:00,2375.882228881549,1318.9462554877894
2024-12-29 17:00:00+00:00,2552.2943973811407,1375.221705994136
2024-12-29 18:00:00+00:00,2737.3780485344646,1452.7252822174476
2024-12-29 19:00:00+00:00,2931.8963123657118,1535.8919199859115
2024-12-29 20:00:00+00:00,2781.9049748798475,1550.024162548428
2024-12-29 21:00:00+00:00,2701.5965645808415,1456.3245902170047
2024-12-29 22:00:00+00:00,2702.470040952142,1521.3310471234643
2024-12-29 23:00:00+00:00,2915.4764595104157,1654.7133807127943
2024-12-30 00:00:00+00:00,2998.462845136602,1804.9025703855468
2024-12-30 01:00:00+00:00,3132.004469017325,1880.0041360261089
2024-12-30 02:00:00+00:00,3050.6985910215017,1771.6685445743497
2024-12-30 03:00:00+00:00,3108.155815309803,1751.4670551674615
2024-12-30 04:00:00+00:00,3047.4050096395654,1694.074100704986
2024-12-30 05:00:00+00:00,3219.753743120482,1667.1954707780685
2024-12-30 06:00:00+00:00,3106.0149379732165,1695.8402355186802
2024-12-30 07:00:00+00:00,3038.512636538302,1638.0174642364127
2024-12-30 08:00:00+00:00,3223.749546507057,1716.351406609394
2024-12-30 09:00:00+00:00,3432.0763307319685,1774.4819809190396
2024-12-30 10:00:00+00:00,3657.2473464159366,1815.575316538841
2024-12-30 11:00:00+00:00,3743.046970633503,1946.1666587841926
2024-12-30 12:00:00+00:00,3806.5095674469703,2060.1688713406884
2024-12-30 13:00:00+00:00,3869.859049366985,2154.041576695221
2024-12-30 14:00:00+00:00,3836.794695895968,2148.3346139151963
2024-12-30 15:00:00+00:00,3832.8795758599676,2160.3435791857373
2024-12-30 16:00:00+00:00,3837.3080634893336,2154.7422166733777
2024-12-30 17:00:00+00:00,3822.963038365006,2167.478518618957
2024-12-30 18:00:00+00:00,3777.724991116024,2157.1716160895944
2024-12-30 19:00:00+00:00,3699.413493743754,2172.287088110591
2024-12-30 20:00:00+00:00,3535.48193215961,2150.126456659221
2024-12-30 21:00:00+00:00,3302.4980786949423,2036.804713243238
2024-12-30 22:00:00+00:00,3305.164782083439,1965.4824111145456
2024-12-30 23:00:00+00:00,3221.504650929288,1887.3079567862676
2024-12-31 00:00:00+00:00,3341.701881435464,1751.6462196665327
2024-12-31 01:00:00+00:00,3544.0232931352093,1796.1680044258499
2024-12-31 02:00:00+00:00,3483.867922682084,1737.7631462749105
2024-12-31 03:00:00+00:00,3602.9431009059963,1820.1572607369478
2024-12-31 04:00:00+00:00,3641.8249612574577,1699.8967491714968
2024-12-31 05:00:00+00:00,3691.4642061789937,1783.9025531119362
2024-12-31 06:00:00+00:00,3685.2413050125706,1865.701232356861
2024-12-31 07:00:00+00:00,3743.0991775074044,1966.2085612697224
2024-12-31 08:00:00+00:00,3803.613272465293,2028.651542015627
2024-12-31 09:00:00+00:00,3878.174576062297,2094.307025286272
2024-12-31 10:00:00+00:00,3926.9187895017167,2221.8937037359383
2024-12-31 11:00:00+00:00,3929.8668958506755,2271.991934090526
2024-12-31 12:00:00+00:00,3938.843314108788,2268.912915050192
2024-12-31 13:00:00+00:00,3981.874434415566,2285.7304498123676
2024-12-31 14:00:00+00:00,4009.737084814205,2444.4086947101623
2024-12-31 15:00:00+00:00,4048.3883648059345,2579.4977382434613
2024-12-31 16:00:00+00:00,4005.5000223891448,2559.034423453824
2024-12-31 17:00:00+00:00,3949.1272772541633,2532.3219063075026
2024-12-31 18:00:00+00:00,3913.726270669429,2542.40455658306
2024-12-31 19:00:00+00:00,3732.8955022059836,2533.681658068667
2024-12-31 20:00:00+00:00,3714.7077347572017,2543.6365597058143
2024-12-31 21:00:00+00:00,3728.7679951147934,2540.222942064566
2024-12-31 22:00:00+00:00,3659.616826579153,2497.3684154638263
2024-12-31 23:00:00+00:00,3670.3038109707836,2504.4851615925045
2025-01-01 00:00:00+00:00,3432.5054554151748,2408.252468233647
2025-01-01 01:00:00+00:00,3152.9348771257337,2300.115223352052
2025-01-01 02:00:00+00:00,3377.1598409735457,2371.126261770437
2025-01-01 03:00:00+00:00,3412.817926861583,2367.4743513903577
2025-01-01 04:00:00+00:00,3194.7541651474016,2354.100097265966
2025-01-01 05:00:00+00:00,2772.2629189794898,2356.6568498139727
2025-01-01 06:00:00+00:00,2883.8161545420558,2363.1457291826596
2025-01-01 07:00:00+00:00,2749.8436261983343,2301.9911112529257
2025-01-01 08:00:00+00:00,2645.1336439363936,2284.4586982742567
2025-01-01 09:00:00+00:00,2373.8062146307193,2290.52082599946
2025-01-01 10:00:00+00:00,2207.1454596120448,2246.592894430774
2025-01-01 11:00:00+00:00,1799.7075909257167,2139.2096829210986
2025-01-01 12:00:00+00:00,1770.5858452008222,2174.366068661074
2025-01-01 13:00:00+00:00,2026.3613609298145,2169.75248393333
2025-01-01 14:00:00+00:00,2178.7921832507172,2170.9562083327205
2025-01-01 15:00:00+00:00,2579.563392342459,2288.0955794027586
2025-01-01 16:00:00+00:00,3109.0492647654373,2261.0986929963215
2025-01-01 17:00:00+00:00,3400.569086825729,1978.2533198894157
2025-01-01 18:00:00+00:00,3485.941563893191,1820.7426105352386
2025-01-01 19:00:00+00:00,3319.8248282309687,1927.516741849395
2025-01-01 20:00:00+00:00,3552.2446892548505,2049.583136643897
2025-01-01 21:00:00+00:00,3366.5294140286414,2124.453528664796
2025-01-01 22:00:00+00:00,3193.6787826463524,2150.4497833214523
2025-01-01 23:00:00+00:00,3057.434859781291,1974.3516470785116
2025-01-02 00:00:00+00:00,2253.734161969921,1620.0796569717654
2025-01-02 01:00:00+00:00,1752.351407970825,1037.6385132446032
2025-01-02 02:00:00+00:00,1489.2751366579823,772.7243226664518
2025-01-02 03:00:00+00:00,1419.256226597038,730.718751026544
2025-01-02 04:00:00+00:00,1281.3838052222047,644.1987609381255
2025-01-02 05:00:00+00:00,1295.3687215685973,538.4879491730937
2025-01-02 06:00:00+00:00,1232.4521216446838,451.25070782845876
2025-01-02 07:00:00+00:00,1098.8171582015307,415.66084683245174
2025-01-02 08:00:00+00:00,1259.6985727286356,415.2222794286817
2025-01-02 09:00:00+00:00,1107.0599116786775,433.77569274808525
2025-01-02 10:00:00+00:00,947.7308606369046,445.8082401008715
2025-01-02 11:00:00+00:00,1466.2590243865427,534.2545946226007
2025-01-02 12:00:00+00:00,1742.572902286406,634.2031221190704
2025-01-02 13:00:00+00:00,2439.9920722794104,853.7040065770452
2025-01-02 14:00:00+00:00,2814.959638438663,917.5978044834767
2025-01-02 15:00:00+00:00,2790.668017316218,972.0599560116386
2025-01-02 16:00:00+00:00,2872.636962161254,1056.4706598547807
2025-01-02 17:00:00+00:00,2994.1346184355248,966.3533887382347
2025-01-02 18:00:00+00:00,3344.7623116646355,1155.9319726331628
2025-01-02 19:00:00+00:00,3178.782025786474,1195.6579429893557
2025-01-02 20:00:00+00:00,3184.7883870781916,983.3188429764645
2025-01-02 21:00:00+00:00,3085.498032036506,1098.8848887102856
2025-01-02 22:00:00+00:00,2880.3024737258297,1088.5062017293085
2025-01-02 23:00:00+00:00,2284.7505821601612,827.6738372276839
2025-01-03 00:00:00+00:00,2470.173577993846,895.9043652275328
2025-01-03 01:00:00+00:00,2748.0515857009996,1118.299814325721
2025-01-03 02:00:00+00:00,2816.7514811826877,1203.116406838117
2025-01-03 03:00:00+00:00,3086.186213556118,1356.4410741212744
2025-01-03 04:00:00+00:00,3371.450307400488,1593.9391412752939
2025-01-03 05:00:00+00:00,3613.311306961531,1805.0657168664893
2025-01-03 06:00:00+00:00,3662.400797680618,1945.6904688131506
2025-01-03 07:00:00+00:00,3568.9247854664136,2011.6380337230105
2025-01-03 08:00:00+00:00,3584.9250057973945,2076.7955741584883
2025-01-03 09:00:00+00:00,3476.462852227086,2094.6384598342233
2025-01-03 10:00:00+00:00,3395.3306016376473,1993.9867710048916
2025-01-03 11:00:00+00:00,3379.039288434003,2024.3003759305625
2025-01-03 12:00:00+00:00,3497.17751147403,1913.2533888421938
2025-01-03 13:00:00+00:00,3315.681500874959,1779.9822914898702
2025-01-03 14:00:00+00:00,3299.4160933549556,1521.8842620088421
2025-01-03 15:00:00+00:00,3010.082631892604,1277.0560729044028
2025-01-03 16:00:00+00:00,3006.4516833634093,1150.836364211725
2025-01-03 17:00:00+00:00,2921.1098580590333,1030.086808710067
2025-01-03 18:00:00+00:00,2689.8480404198776,812.142984378542
2025-01-03 19:00:00+00:00,2232.4818114724526,642.6654806472312
2025-01-03 20:00:00+00:00,2013.656897267183,650.9737893467202
2025-01-03 21:00:00+00:00,1474.8232258694736,492.1980520669803
2025-01-03 22:00:00+00:00,1219.981402394748,373.73185516193183
2025-01-03 23:00:00+00:00,1077.4961873054115,365.3043506546996
2025-01-04 00:00:00+00:00,809.8994730739446,403.9569654812733
2025-01-04 01:00:00+00:00,982.8240641942606,415.6652468436044
2025-01-04 02:00:00+00:00,649.4140101122547,374.98244709584753
2025-01-04 03:00:00+00:00,465.1004103489793,346.59204255052356
2025-01-04 04:00:00+00:00,452.68189797294514,327.74976108319663
2025-01-04 05:00:00+00:00,543.202042020764,333.45000025067304
2025-01-04 06:00:00+00:00,597.1560169799537,378.9744931695283
2025-01-04 07:00:00+00:00,824.6875644898499,510.36213855686196
2025-01-04 08:00:00+00:00,1220.7127930126462,592.8137497938498
2025-01-04 09:00:00+00:00,1483.5454322472813,752.4434353055049
2025-01-04 10:00:00+00:00,1754.331116359571,806.054950969698
2025-01-04 11:00:00+00:00,1637.4011660450703,850.4538320467049
2025-01-04 12:00:00+00:00,1759.7738807171236,957.6661846963385
2025-01-04 13:00:00+00:00,1540.4000033226462,654.0326869877373
2025-01-04 14:00:00+00:00,897.718850725579,574.4319369094012
2025-01-04 15:00:00+00:00,733.9652671206451,490.4067037062315
2025-01-04 16:00:00+00:00,523.7729770436472,476.0684021944519
2025-01-04 17:00:00+00:00,543.2811927831849,503.93347507114095
2025-01-04 18:00:00+00:00,727.2789805100175,551.5191013042308
2025-01-04 19:00:00+00:00,862.4644782203828,604.0981469356957
2025-01-04 20:00:00+00:00,894.9389335669736,611.1002455827659
2025-01-04 21:00:00+00:00,997.969001458482,564.2176323675554
2025-01-04 22:00:00+00:00,1473.1900801569116,557.4526893777827
2025-01-04 23:00:00+00:00,1823.6859708047518,558.3928580529596
2025-01-05 00:00:00+00:00,2142.273277203234,604.2765698598537
2025-01-05 01:00:00+00:00,2139.6152749603875,689.6156760562138
2025-01-05 02:00:00+00:00,2124.9945817215944,746.2326465293335
2025-01-05 03:00:00+00:00,2495.571431133736,816.2260958515852
2025-01-05 04:00:00+00:00,2802.8415133408735,916.7718877832871
2025-01-05 05:00:00+00:00,2941.148003231669,876.492307035096
2025-01-05 06:00:00+00:00,3599.617681241112,1109.43898287744
2025-01-05 07:00:00+00:00,3667.718384192793,1311.7609878371156
2025-01-05 08:00:00+00:00,3763.2799028167183,1496.1294641439806
2025-01-05 09:00:00+00:00,3416.3438683830436,1502.5341006025083
2025-01-05 10:00:00+00:00,3185.2519208373787,1533.0434813053103
2025-01-05 11:00:00+00:00,3682.0982138997215,1471.2908573654304
2025-01-05 12:00:00+00:00,3678.521647530841,1434.8486796023176
2025-01-05 13:00:00+00:00,3714.2430144781533,1524.263728714225
2025-01-05 14:00:00+00:00,3805.4895558727867,1674.6124064316807
2025-01-05 15:00:00+00:00,3807.9808520751067,1858.8684599816781
2025-01-05 16:00:00+00:00,3812.696082004311,2098.564456302286
2025-01-05 17:00:00+00:00,3875.519540119104,2214.568723371585
2025-01-05 18:00:00+00:00,3810.4092627247724,2248.3956136068614
2025-01-05 19:00:00+00:00,3632.2177099397013,2288.307966457949
2025-01-05 20:00:00+00:00,3483.560218531361,2331.905452245235
2025-01-05 21:00:00+00:00,3501.4347447367336,2346.3875204135547
2025-01-05 22:00:00+00:00,3648.2479887738373,2359.345306066595
2025-01-05 23:00:00+00:00,3678.007884430855,2366.003660022152
2025-01-06 00:00:00+00:00,3600.5629420640275,2309.2174127154726
2025-01-06 01:00:00+00:00,3675.345333861873,2319.6471200504902
2025-01-06 02:00:00+00:00,3686.3708719206234,2317.7389983600483
2025-01-06 03:00:00+00:00,3653.9709695719907,2318.874102360788
2025-01-06 04:00:00+00:00,3652.4031813284605,2353.6508017451156
2025-01-06 05:00:00+00:00,3677.278174716094,2382.642623545187
2025-01-06 06:00:00+00:00,3729.2900638538094,2377.6653704799232
2025-01-06 07:00:00+00:00,3788.8778823065645,2480.853443266308
2025-01-06 08:00:00+00:00,3819.0479183290063,2525.4814215532206
2025-01-06 09:00:00+00:00,3812.4227869295682,2505.740697359176
2025-01-06 10:00:00+00:00,3732.792274978042,2481.8129423275604
2025-01-06 11:00:00+00:00,3783.707819763824,2462.8430605368053
2025-01-06 12:00:00+00:00,3733.13794776433,2433.6030583323914
2025-01-06 13:00:00+00:00,3602.26836661148,2442.560690026032
2025-01-06 14:00:00+00:00,3381.8141628831977,2298.730554673798
2025-01-06 15:00:00+00:00,3516.99081113293,2022.6281739392293
2025-01-06 16:00:00+00:00,3383.5029761525907,2255.609061104243
2025-01-06 17:00:00+00:00,3454.5011606058106,2345.343580688833
2025-01-06 18:00:00+00:00,3429.056637684705,2342.8077899917103
2025-01-06 19:00:00+00:00,3504.2705272054795,2327.411310516872
2025-01-06 20:00:00+00:00,3534.771206762631,2291.750060575871
2025-01-06 21:00:00+00:00,3382.820331725665,2254.6183170199743
2025-01-06 22:00:00+00:00,3176.171286584773,2212.719927674213
2025-01-06 23:00:00+00:00,3187.821922857171,2182.0175397406233
2025-01-07 00:00:00+00:00,3080.76401554283,2095.986346396774
2025-01-07 01:00:00+00:00,3035.989897559655,2045.6403311444642
2025-01-07 02:00:00+00:00,2928.633778253482,1975.2389661815287
2025-01-07 03:00:00+00:00,2858.31191012126,1899.919080886469
2025-01-07 04:00:00+00:00,2833.071073109695,1880.2030758562037
2025-01-07 05:00:00+00:00,2915.9914091302635,1899.5237720193124
2025-01-07 06:00:00+00:00,3069.403285623234,1926.5985732299816
2025-01-07 07:00:00+00:00,3359.9940626320495,1905.6648033152992
2025-01-07 08:00:00+00:00,3493.8940155109153,1731.6889555977828
2025-01-07 09:00:00+00:00,3369.8295212698154,1747.9357743066244
2025-01-07 10:00:00+00:00,3384.0681551132375,1703.6350777481482
2025-01-07 11:00:00+00:00,3123.6048971651635,1749.861693794987
2025-01-07 12:00:00+00:00,2821.2371195187106,1806.1541510860136
2025-01-07 13:00:00+00:00,2740.2781008290367,1946.7071185810603
2025-01-07 14:00:00+00:00,2802.502168660513,1999.9964941028832
2025-01-07 15:00:00+00:00,2796.2731371414725,1864.1150530554792
2025-01-07 16:00:00+00:00,3015.8756173625798,1834.1777726791825
2025-01-07 17:00:00+00:00,3350.8780305369123,1823.7759485609079
2025-01-07 18:00:00+00:00,3450.72960947304,1860.3757357122768
2025-01-07 19:00:00+00:00,3435.1067024579843,1827.5231760365198
2025-01-07 20:00:00+00:00,3605.691080904999,1908.332495470347
2025-01-07 21:00:00+00:00,3697.801804265352,1818.4362136779869
2025-01-07 22:00:00+00:00,3649.5140054659514,1795.6599761718603
2025-01-07 23:00:00+00:00,3644.841094745137,1819.5038837999368
2025-01-08 00:00:00+00:00,3725.982837493467,1875.855271577413
2025-01-08 01:00:00+00:00,3670.967866586547,1797.7272892770397
2025-01-08 02:00:00+00:00,3461.743677839797,1793.5374898931257
2025-01-08 03:00:00+00:00,3415.746653386139,1736.7700291509184
2025-01-08 04:00:00+00:00,3323.82577320361,1700.1741970657542
2025-01-08 05:00:00+00:00,3028.647317150691,1647.5344411680478
2025-01-08 06:00:00+00:00,2611.9140541168435,1546.1146784817697
2025-01-08 07:00:00+00:00,2431.3526256619357,1490.2295930098237
2025-01-08 08:00:00+00:00,2234.03911879054,1375.6925566258017
2025-01-08 09:00:00+00:00,1975.123873754973,1324.869560389209
2025-01-08 10:00:00+00:00,1623.0914398866194,1172.2752949573985
2025-01-08 11:00:00+00:00,1213.4464465047765,970.8287439021258
2025-01-08 12:00:00+00:00,964.5625347607614,815.1141784264706
2025-01-08 13:00:00+00:00,784.8041824987115,678.0700467915497
2025-01-08 14:00:00+00:00,580.7756159100494,462.1191803205564
2025-01-08 15:00:00+00:00,405.67986647751763,342.03546021445413
2025-01-08 16:00:00+00:00,366.2679283779754,266.90091920941074
2025-01-08 17:00:00+00:00,386.5670090434639,236.47167803558085
2025-01-08 18:00:00+00:00,462.85877770082914,244.5960761565529
2025-01-08 19:00:00+00:00,675.5935326491698,235.8695192059203
2025-01-08 20:00:00+00:00,951.1179793345815,228.827919335131
2025-01-08 21:00:00+00:00,817.8586483042167,255.8798800384681
2025-01-08 22:00:00+00:00,634.9426700610155,233.3222093784769
2025-01-08 23:00:00+00:00,371.46231457787496,197.95021073243754
2025-01-09 00:00:00+00:00,292.16867539033115,172.2565680787658
2025-01-09 01:00:00+00:00,307.24795855555516,101.68954145997314
2025-01-09 02:00:00+00:00,278.0132956905174,118.24806264427923
2025-01-09 03:00:00+00:00,230.84033117755698,109.81576261927387
2025-01-09 04:00:00+00:00,255.14095007561738,129.1557397301306
2025-01-09 05:00:00+00:00,246.93942816365436,198.33123192292967
2025-01-09 06:00:00+00:00,580.7506001163049,276.6484270624506
2025-01-09 07:00:00+00:00,1163.615776378935,267.6679548614784
2025-01-09 08:00:00+00:00,838.0494590323524,265.8784357188492
2025-01-09 09:00:00+00:00,728.9931062031203,272.43865459420294
2025-01-09 10:00:00+00:00,1002.2926798334241,291.5602131739069
2025-01-09 11:00:00+00:00,1201.2217323727712,383.7665008214305
2025-01-09 12:00:00+00:00,2110.8720290712795,737.2672530182665
2025-01-09 13:00:00+00:00,2773.2959822721486,1031.9649707740082
2025-01-09 14:00:00+00:00,3273.4672994927555,1192.638052188782
2025-01-09 15:00:00+00:00,3429.4584724110996,1329.2410950652277
2025-01-09 16:00:00+00:00,3527.7454271566608,1541.5299657373196
2025-01-09 17:00:00+00:00,3538.6701110271924,1507.0255726611833
2025-01-09 18:00:00+00:00,3513.155187927644,1252.574509727479
2025-01-09 19:00:00+00:00,3671.4780701269497,1343.4438366828422
2025-01-09 20:00:00+00:00,3784.2049715857506,1588.2120076576257
2025-01-09 21:00:00+00:00,3750.8752331724004,1855.6830496604393
2025-01-09 22:00:00+00:00,3585.915354375043,1871.255331828075
2025-01-09 23:00:00+00:00,3359.7061338123494,1781.6831677111873
2025-01-10 00:00:00+00:00,3161.941156133691,1488.9821651288717
2025-01-10 01:00:00+00:00,2906.8565904706543,1142.2007737837996
2025-01-10 02:00:00+00:00,2781.1056559998847,1259.652496207351
2025-01-10 03:00:00+00:00,2659.440700425156,1430.7150421585097
2025-01-10 04:00:00+00:00,2485.873213293272,1471.585509797678
2025-01-10 05:00:00+00:00,2338.9539734818827,1438.0156988657047
2025-01-10 06:00:00+00:00,2060.406373066279,1398.9190784193297
2025-01-10 07:00:00+00:00,1841.5917420331411,1373.939572407238
2025-01-10 08:00:00+00:00,1652.8431287812623,1345.6168489323416
2025-01-10 09:00:00+00:00,1599.7447829571247,1321.5038979256924
2025-01-10 10:00:00+00:00,1614.4223302726098,1206.4666445434352
2025-01-10 11:00:00+00:00,1565.559365970395,950.065041834244
2025-01-10 12:00:00+00:00,1426.0976012412161,879.3750559150228
2025-01-10 13:00:00+00:00,1393.3613205118763,800.0192233114107
2025-01-10 14:00:00+00:00,1184.4603595507022,758.9253933083337
2025-01-10 15:00:00+00:00,1242.3000387409948,548.0771060629642
2025-01-10 16:00:00+00:00,904.0944174475023,442.8428797755948
2025-01-10 17:00:00+00:00,879.159900313489,357.9324038791655
2025-01-10 18:00:00+00:00,848.0263112869354,343.183170988721
2025-01-10 19:00:00+00:00,703.5487810353252,255.05757233619025
2025-01-10 20:00:00+00:00,544.3867326640444,195.36003787500107
2025-01-10 21:00:00+00:00,307.94790639712613,206.03525594467314
2025-01-10 22:00:00+00:00,243.71021548419878,205.4488185031761
2025-01-10 23:00:00+00:00,250.79364018010244,181.29977751740955
2025-01-11 00:00:00+00:00,241.22554401777182,159.8736512985736
2025-01-11 01:00:00+00:00,247.59873769997236,208.06021276271701
2025-01-11 02:00:00+00:00,267.9059262511804,195.73992198395933
2025-01-11 03:00:00+00:00,320.37334013901847,208.08537687144423
2025-01-11 04:00:00+00:00,449.6778274371902,211.33243678714834
2025-01-11 05:00:00+00:00,373.54139400501333,201.80012161438805
2025-01-11 06:00:00+00:00,479.02619845561213,196.29916834529928
2025-01-11 07:00:00+00:00,601.8455389788274,175.75141289219232
2025-01-11 08:00:00+00:00,379.4641056465023,192.78222459945417
2025-01-11 09:00:00+00:00,488.2395746177117,260.3664082643873
2025-01-11 10:00:00+00:00,492.73900624712365,360.28665703749357
2025-01-11 11:00:00+00:00,617.6713408901824,385.3059609032696
2025-01-11 12:00:00+00:00,735.9043372041382,448.53990545177993
2025-01-11 13:00:00+00:00,854.5259682110302,628.4913638212728
2025-01-11 14:00:00+00:00,1063.8778067195362,719.144793600189
2025-01-11 15:00:00+00:00,1423.618664620786,708.2610941032034
2025-01-11 16:00:00+00:00,1511.1755247530855,811.8335993246819
2025-01-11 17:00:00+00:00,1775.486369981715,845.4656036727237
2025-01-11 18:00:00+00:00,1958.9788980009014,816.641526118058
2025-01-11 19:00:00+00:00,1822.689689627796,703.2912567870738
2025-01-11 20:00:00+00:00,1603.502590234834,541.7031708058503
2025-01-11 21:00:00+00:00,1444.0491523609244,483.70301480430345
2025-01-11 22:00:00+00:00,1048.6463523820878,370.94160539286673
2025-01-11 23:00:00+00:00,746.7365714021356,309.00625739433127
2025-01-12 00:00:00+00:00,490.99783778884654,273.3296321334593
2025-01-12 01:00:00+00:00,371.7407512386835,283.9242657292113
2025-01-12 02:00:00+00:00,569.2858025171986,300.67258683280477
2025-01-12 03:00:00+00:00,671.7117340459441,316.52236633302545
2025-01-12 04:00:00+00:00,907.3442953478773,340.43509211306315
2025-01-12 05:00:00+00:00,944.1182042889066,298.91006101702243
2025-01-12 06:00:00+00:00,700.1171678428458,288.4302726561885
2025-01-12 07:00:00+00:00,454.6180017567848,197.3155214832436
2025-01-12 08:00:00+00:00,450.0861880228221,197.00000607676628
2025-01-12 09:00:00+00:00,380.10186007200485,251.50809817081176
2025-01-12 10:00:00+00:00,263.46913298278486,244.18371106638878
2025-01-12 11:00:00+00:00,230.34298160232007,195.46568758099323
2025-01-12 12:00:00+00:00,215.04468664601265,208.78572021963564
2025-01-12 13:00:00+00:00,140.5008842169638,154.8159620743729
2025-01-12 14:00:00+00:00,91.96372467314951,153.77108302142742
2025-01-12 15:00:00+00:00,49.954692350312655,137.99452168432063
2025-01-12 16:00:00+00:00,50.309461788871296,134.1143545459044
2025-01-12 17:00:00+00:00,74.2245606086318,169.5344937634037
2025-01-12 18:00:00+00:00,76.48962702404464,173.55076461758802
2025-01-12 19:00:00+00:00,41.455749459758664,153.53372961081982
2025-01-12 20:00:00+00:00,18.369830269806613,110.7668571648412
2025-01-12 21:00:00+00:00,30.22306480853877,117.86392683915093
2025-01-12 22:00:00+00:00,44.77345674554365,115.66565160426941
2025-01-12 23:00:00+00:00,129.79531101417095,125.08943728845725
2025-01-13 00:00:00+00:00,248.79227780388578,154.68183589170712
2025-01-13 01:00:00+00:00,289.6962646291386,163.8502231757286
2025-01-13 02:00:00+00:00,404.5613737548378,174.25585404522502
2025-01-13 03:00:00+00:00,559.9349383661593,206.17546304162857
2025-01-13 04:00:00+00:00,648.8774559432641,244.75185632668922
2025-01-13 05:00:00+00:00,740.1863885072762,306.1539625241805
2025-01-13 06:00:00+00:00,878.3726443854499,325.30424477219583
2025-01-13 07:00:00+00:00,1069.9111613381008,344.92893721146106
2025-01-13 08:00:00+00:00,1279.6617693966925,401.81504993980826
2025-01-13 09:00:00+00:00,1466.9361317207818,556.6766559500994
2025-01-13 10:00:00+00:00,1608.762630533731,677.5090700887451
2025-01-13 11:00:00+00:00,1766.7187792192087,730.2082508561767
2025-01-13 12:00:00+00:00,1803.3735417908224,626.4583609154188
2025-01-13 13:00:00+00:00,1883.7402893163476,605.861908709667
2025-01-13 14:00:00+00:00,1877.4899004398019,590.1756711970093
2025-01-13 15:00:00+00:00,1858.3984003632534,569.7575430387602
2025-01-13 16:00:00+00:00,1883.3354882903,601.7663882164067
2025-01-13 17:00:00+00:00,1942.005335876952,706.8508163712743
2025-01-13 18:00:00+00:00,2127.4352530764945,982.7194526931471
2025-01-13 19:00:00+00:00,2150.7390964143237,1095.840476499243
2025-01-13 20:00:00+00:00,2032.8500425451914,1072.4672217495222
2025-01-13 21:00:00+00:00,1937.3790949373529,981.3179749835234
2025-01-13 22:00:00+00:00,1938.7323208392797,1006.1898043181928
2025-01-13 23:00:00+00:00,2024.752439997756,1175.5737212954357
2025-01-14 00:00:00+00:00,2107.997882460348,1227.4793180289007
2025-01-14 01:00:00+00:00,2241.681097711198,1199.6762902532973
2025-01-14 02:00:00+00:00,2246.546026896249,1215.374739032862
2025-01-14 03:00:00+00:00,2290.765644597529,1220.5336285135747
2025-01-14 04:00:00+00:00,2221.763977564425,1156.3360815226247
2025-01-14 05:00:00+00:00,2414.2544789525396,1186.1403727977897
2025-01-14 06:00:00+00:00,2515.9979638076697,1287.3586248609402
2025-01-14 07:00:00+00:00,2505.2734062870945,1364.9402147651385
2025-01-14 08:00:00+00:00,2556.943775458037,1505.8416235928164
2025-01-14 09:00:00+00:00,2289.3641668879054,1326.4353710996368
2025-01-14 10:00:00+00:00,2129.9819202056797,1404.413456390853
2025-01-14 11:00:00+00:00,2526.4816577963807,1488.0398706056096
2025-01-14 12:00:00+00:00,2713.480747512625,1493.5554081813282
2025-01-14 13:00:00+00:00,2478.0402046749286,1334.4203531368944
2025-01-14 14:00:00+00:00,2408.234868189036,1338.0534769525016
2025-01-14 15:00:00+00:00,2086.3856209382548,1188.590437434926
2025-01-14 16:00:00+00:00,1453.446884046489,869.8894228830595
2025-01-14 17:00:00+00:00,1152.0935808815334,655.9212805387934
2025-01-14 18:00:00+00:00,972.5590853666677,563.4713608130623
2025-01-14 19:00:00+00:00,952.692095684039,562.2512723272501
2025-01-14 20:00:00+00:00,715.4185774137894,595.2416166219122
2025-01-14 21:00:00+00:00,851.5754888223485,524.0681238591704
2025-01-14 22:00:00+00:00,964.0631087757671,447.31205514854105
2025-01-14 23:00:00+00:00,719.1242766942523,326.5807918280797
2025-01-15 00:00:00+00:00,429.5024414672527,300.8167984342924
2025-01-15 01:00:00+00:00,299.8080835179559,291.3118844545814
2025-01-15 02:00:00+00:00,348.27890300597784,273.33052202335534
2025-01-15 03:00:00+00:00,266.6449522684774,288.5088301586787
2025-01-15 04:00:00+00:00,270.2579052464408,280.1200358619247
2025-01-15 05:00:00+00:00,245.46656150903632,247.15144443138828
2025-01-15 06:00:00+00:00,295.0210691371371,253.67547445096935
2025-01-15 07:00:00+00:00,220.37759903973063,219.4310281011349
2025-01-15 08:00:00+00:00,101.1183186637822,177.28770892106772
2025-01-15 09:00:00+00:00,65.15134210516014,115.74480236669031
2025-01-15 10:00:00+00:00,46.21389185728341,88.72977827383025
2025-01-15 11:00:00+00:00,14.999718356809785,78.29156754647286
2025-01-15 12:00:00+00:00,26.478507002615085,87.16545071322929
2025-01-15 13:00:00+00:00,57.21906132507982,102.39868483046995
2025-01-15 14:00:00+00:00,29.88856508427905,99.04122912932806
2025-01-15 15:00:00+00:00,31.987222089130526,104.39183426452098
2025-01-15 16:00:00+00:00,35.55182438274186,105.80557267937924
2025-01-15 17:00:00+00:00,69.71845480499947,96.03636758033223
2025-01-15 18:00:00+00:00,67.92058058501291,104.84221742857746
2025-01-15 19:00:00+00:00,62.373402479657095,95.37656366073864
2025-01-15 20:00:00+00:00,60.81312886191592,90.50847042272416
2025-01-15 21:00:00+00:00,122.97826002715162,104.8567522968796
2025-01-15 22:00:00+00:00,180.81586280768664,118.4888767378159
2025-01-15 23:00:00+00:00,197.52611639906024,145.92052379680104
2025-01-16 00:00:00+00:00,195.36615586803643,134.95277914296628
2025-01-16 01:00:00+00:00,146.28635506115086,94.76382502898059
2025-01-16 02:00:00+00:00,141.6034577981699,93.67400653628458
2025-01-16 03:00:00+00:00,175.9989876770226,107.86858465006115
2025-01-16 04:00:00+00:00,219.48770914368055,135.36287007006268
2025-01-16 05:00:00+00:00,281.13829237548,175.2651375023285
2025-01-16 06:00:00+00:00,350.0127051534488,212.74666958528218
2025-01-16 07:00:00+00:00,395.23354786444065,231.2681951834106
2025-01-16 08:00:00+00:00,497.11825330224127,265.03145829111975
2025-01-16 09:00:00+00:00,594.6852376835707,286.5354004375325
2025-01-16 10:00:00+00:00,704.5963297579589,289.4947292868471
2025-01-16 11:00:00+00:00,638.2160311669808,341.68039414593017
2025-01-16 12:00:00+00:00,730.8135243004734,320.5921294576279
2025-01-16 13:00:00+00:00,675.9895336529121,300.3362578904254
2025-01-16 14:00:00+00:00,491.7399070854972,249.24357557700208
2025-01-16 15:00:00+00:00,413.86823779435014,209.2226067202687
2025-01-16 16:00:00+00:00,445.6561183669745,197.54906814262918
2025-01-16 17:00:00+00:00,415.24452667608296,218.6275564016568
2025-01-16 18:00:00+00:00,435.4380070739068,221.92311531669563
2025-01-16 19:00:00+00:00,476.4011221389195,205.32902943550226
2025-01-16 20:00:00+00:00,509.9152160757346,198.48127724706922
2025-01-16 21:00:00+00:00,534.8606096418108,250.30674681114414
2025-01-16 22:00:00+00:00,619.0037038178797,300.4796290403446
2025-01-16 23:00:00+00:00,662.9075094827174,317.3469976366986
2025-01-17 00:00:00+00:00,664.3762233178205,304.9975011659358
2025-01-17 01:00:00+00:00,738.7454590122609,318.7397247623445
2025-01-17 02:00:00+00:00,721.7223102457705,293.72205236137796
2025-01-17 03:00:00+00:00,584.7229697356174,246.27480400712383
2025-01-17 04:00:00+00:00,524.8638831795495,203.66533083650907
2025-01-17 05:00:00+00:00,501.332722411607,191.46009540556153
2025-01-17 06:00:00+00:00,477.7139074889036,195.05213597096775
2025-01-17 07:00:00+00:00,527.1729002681617,186.6332337327307
2025-01-17 08:00:00+00:00,514.6227830641672,172.8906146297015
2025-01-17 09:00:00+00:00,451.14050979633123,143.0102377684243
2025-01-17 10:00:00+00:00,497.9087721598991,141.15946453795036
2025-01-17 11:00:00+00:00,557.4344960732412,151.58447523184967
2025-01-17 12:00:00+00:00,604.7038653249404,172.3018041484817
2025-01-17 13:00:00+00:00,590.0623091119179,158.39089697844392
2025-01-17 14:00:00+00:00,520.3680111097217,147.2313316136828
2025-01-17 15:00:00+00:00,408.6215458438939,124.12039662998626
2025-01-17 16:00:00+00:00,345.9506544079454,106.72245590227618
2025-01-17 17:00:00+00:00,278.9482733413007,114.57163085373094
2025-01-17 18:00:00+00:00,185.61523677039506,90.4696118972633
2025-01-17 19:00:00+00:00,136.16445075351172,72.27334105614118
2025-01-17 20:00:00+00:00,92.50448109998263,66.58091314441894
2025-01-17 21:00:00+00:00,75.41879284913102,60.49011118923163
2025-01-17 22:00:00+00:00,90.9154343756025,75.06888072625499
2025-01-17 23:00:00+00:00,128.81603662189536,105.10809675418619
2025-01-18 00:00:00+00:00,157.45111145030558,118.3214291223758
2025-01-18 01:00:00+00:00,176.31766713646365,135.78571608566918
2025-01-18 02:00:00+00:00,134.30487750073235,115.41682850166829
2025-01-18 03:00:00+00:00,73.29818522684364,77.72816836561803
2025-01-18 04:00:00+00:00,16.97161548980168,57.159055555005885
2025-01-18 05:00:00+00:00,0.0,66.10452542006679
2025-01-18 06:00:00+00:00,23.456638668939195,97.91729819061678
2025-01-18 07:00:00+00:00,74.23415164417811,114.33630441455324
2025-01-18 08:00:00+00:00,150.33179452859457,127.92121525267133
2025-01-18 09:00:00+00:00,211.82852568503247,145.2663558465491
2025-01-18 10:00:00+00:00,175.4446851484385,148.6440812619899
2025-01-18 11:00:00+00:00,136.24424421419087,148.54139785565124
2025-01-18 12:00:00+00:00,63.82441739349433,126.60531528805103
2025-01-18 13:00:00+00:00,58.49288927294798,122.44814520032544
2025-01-18 14:00:00+00:00,80.95954397190427,128.92881780663782
2025-01-18 15:00:00+00:00,159.74188579604876,153.0181372927139
2025-01-18 16:00:00+00:00,237.36025781595066,175.28412182011093
2025-01-18 17:00:00+00:00,314.7814697855499,194.7194654648277
2025-01-18 18:00:00+00:00,444.6932574994483,210.23925648817834
2025-01-18 19:00:00+00:00,536.2486401263387,200.54068021983937
2025-01-18 20:00:00+00:00,574.8357986072252,172.1483475797406
2025-01-18 21:00:00+00:00,463.4526308914599,146.19797169105843
2025-01-18 22:00:00+00:00,434.4637753910422,124.80511746666924
2025-01-18 23:00:00+00:00,436.48461646831686,124.61819115017117
2025-01-19 00:00:00+00:00,399.08479358123526,124.3924557465398
2025-01-19 01:00:00+00:00,255.1541006707479,116.54817518951332
2025-01-19 02:00:00+00:00,135.733348537203,88.7597379003306
2025-01-19 03:00:00+00:00,95.93293023949829,89.72872912047404
2025-01-19 04:00:00+00:00,115.7223944447245,100.88508099394384
2025-01-19 05:00:00+00:00,105.15228225944146,116.89182100437132
2025-01-19 06:00:00+00:00,96.48327770187773,118.81947083419851
2025-01-19 07:00:00+00:00,97.10827703887024,121.43223700732915
2025-01-19 08:00:00+00:00,86.90094330121029,125.13111379858893
2025-01-19 09:00:00+00:00,76.7502658869322,114.40101918532712
2025-01-19 10:00:00+00:00,53.883753994684064,105.21873973126175
2025-01-19 11:00:00+00:00,55.96767837792315,104.29018906306104
2025-01-19 12:00:00+00:00,85.75031566561752,98.6697495360547
2025-01-19 13:00:00+00:00,42.09943648456823,65.65107707970172
2025-01-19 14:00:00+00:00,22.452842866194686,58.14030748038379
2025-01-19 15:00:00+00:00,24.40575568140418,62.012317294752876
2025-01-19 16:00:00+00:00,36.25444189400097,66.63569081135358
2025-01-19 17:00:00+00:00,32.76528248824366,65.01905750019591
2025-01-19 18:00:00+00:00,61.90284847795682,76.06130571366108
2025-01-19 19:00:00+00:00,65.03654630856968,74.99976594432843
2025-01-19 20:00:00+00:00,55.51314239435179,67.63691582106506
2025-01-19 21:00:00+00:00,76.04023262653935,78.75500242900472
2025-01-19 22:00:00+00:00,71.71754301814845,80.63771281908137
2025-01-19 23:00:00+00:00,67.16466855664592,87.35915008060286
2025-01-20 00:00:00+00:00,76.69252192034406,102.35715663532095
2025-01-20 01:00:00+00:00,80.66410052641564,100.27145247228975
2025-01-20 02:00:00+00:00,78.17933018333353,97.19955255112482
2025-01-20 03:00:00+00:00,72.34283898510631,91.03933918404559
2025-01-20 04:00:00+00:00,143.33577679581407,95.04414034623638
2025-01-20 05:00:00+00:00,341.26933917144635,95.31268934153327
2025-01-20 06:00:00+00:00,334.54651763675326,121.5297293892742
2025-01-20 07:00:00+00:00,487.5452133071548,130.93907908181498
2025-01-20 08:00:00+00:00,784.0843110111344,140.66651497386616
2025-01-20 09:00:00+00:00,861.1431894780586,147.96450201137299
2025-01-20 10:00:00+00:00,881.9877726498258,152.69011398936433
2025-01-20 11:00:00+00:00,808.9347335499712,138.2593133667231
2025-01-20 12:00:00+00:00,850.1085547670375,141.7022973745409
2025-01-20 13:00:00+00:00,987.9924458338644,159.7610802267233
2025-01-20 14:00:00+00:00,1125.9300269244197,199.18948128934244
2025-01-20 15:00:00+00:00,1055.8487256940969,209.34145645971893
2025-01-20 16:00:00+00:00,1092.527713046214,231.08304864670464
2025-01-20 17:00:00+00:00,1453.7012936801043,274.2357378009485
2025-01-20 18:00:00+00:00,1452.6000054954147,279.74539221568756
2025-01-20 19:00:00+00:00,1724.4863845324635,344.7258940001789
2025-01-20 20:00:00+00:00,1897.0180398253458,406.2198566102736
2025-01-20 21:00:00+00:00,1976.6349067984659,450.38899777911695
2025-01-20 22:00:00+00:00,1860.6755297305906,457.1040574963834
2025-01-20 23:00:00+00:00,1695.1277303419095,432.7431238387018
2025-01-21 00:00:00+00:00,1714.5615413984717,420.8874668219193
2025-01-21 01:00:00+00:00,1642.0226609052238,409.98453581551354
2025-01-21 02:00:00+00:00,1709.1634692890318,441.9985720175535
2025-01-21 03:00:00+00:00,1854.5880895816772,446.3731224315531
2025-01-21 04:00:00+00:00,1843.7164035982883,468.5167965365708
2025-01-21 05:00:00+00:00,1750.3720950886993,449.612371091503
2025-01-21 06:00:00+00:00,1873.8441204123399,447.0627871009919
2025-01-21 07:00:00+00:00,2019.7615419540866,469.5913385860512
2025-01-21 08:00:00+00:00,1899.485210123817,434.61317801692354
2025-01-21 09:00:00+00:00,1658.4302530552852,425.2335901975728
2025-01-21 10:00:00+00:00,1581.1475672795045,409.998477423885
2025-01-21 11:00:00+00:00,1469.7353298271348,414.94216186473614
2025-01-21 12:00:00+00:00,1126.7796740218373,335.16002256258844
2025-01-21 13:00:00+00:00,826.3429574498134,265.5429472280383
2025-01-21 14:00:00+00:00,648.4704796308038,194.7320228000275
2025-01-21 15:00:00+00:00,544.7614751869367,167.13436183710147
2025-01-21 16:00:00+00:00,549.4857028917564,171.2844622439862
2025-01-21 17:00:00+00:00,609.2416116582101,212.64324460403012
2025-01-21 18:00:00+00:00,809.9893025151181,222.35668944938226
2025-01-21 19:00:00+00:00,915.6111747288725,210.56737866818304
2025-01-21 20:00:00+00:00,927.9853903634144,203.71565905396344
2025-01-21 21:00:00+00:00,719.5855362903716,205.452526377743
2025-01-21 22:00:00+00:00,619.439206045341,179.81895129205463
2025-01-21 23:00:00+00:00,428.2940698650718,155.66254399548188
2025-01-22 00:00:00+00:00,300.0904752449691,144.2097599099723
2025-01-22 01:00:00+00:00,332.3671772813266,168.00477303209357
2025-01-22 02:00:00+00:00,439.0662859334133,213.34996549647659
2025-01-22 03:00:00+00:00,399.6868535342407,237.98790210346755
2025-01-22 04:00:00+00:00,422.76617270746374,249.16689673095908
2025-01-22 05:00:00+00:00,504.55412383530836,274.4626102861138
2025-01-22 06:00:00+00:00,615.7361764345663,323.93495141381254
2025-01-22 07:00:00+00:00,588.8269936212178,360.9258946128229
2025-01-22 08:00:00+00:00,526.9083063390694,434.4313932864915
2025-01-22 09:00:00+00:00,502.7377102424874,504.70436691275813
2025-01-22 10:00:00+00:00,434.1961162856414,538.5786685041633
2025-01-22 11:00:00+00:00,499.3232027113432,491.55179424913774
2025-01-22 12:00:00+00:00,450.5609937206924,417.1892327289178
2025-01-22 13:00:00+00:00,327.7347071124551,357.35847433454074
2025-01-22 14:00:00+00:00,244.33007323512524,340.5954206093349
2025-01-22 15:00:00+00:00,224.37735749251047,352.94714180483777
2025-01-22 16:00:00+00:00,289.5597159684225,326.9629501001057
2025-01-22 17:00:00+00:00,261.9254706431033,308.0107672306165
2025-01-22 18:00:00+00:00,272.2644092087236,326.51538492072
2025-01-22 19:00:00+00:00,309.98941269532014,334.1611705925998
2025-01-22 20:00:00+00:00,513.9068666427949,311.0120197817006
2025-01-22 21:00:00+00:00,787.9467792282848,297.8128762135202
2025-01-22 22:00:00+00:00,1206.8082633868635,288.9814605701364
2025-01-22 23:00:00+00:00,1375.826732246795,320.34113106861423
2025-01-23 00:00:00+00:00,1613.1442506285714,381.7275653162695
2025-01-23 01:00:00+00:00,1808.5742560966496,592.4308005085828
2025-01-23 02:00:00+00:00,2126.0488046184487,726.0821280381577
2025-01-23 03:00:00+00:00,1821.3317176464236,808.2254418644917
2025-01-23 04:00:00+00:00,2283.3121245815237,1072.6423323057338
2025-01-23 05:00:00+00:00,2702.1694559205876,1359.2902049384613
2025-01-23 06:00:00+00:00,2854.3742462078935,1502.145614224555
2025-01-23 07:00:00+00:00,3218.2237257592064,1549.9315151225837
2025-01-23 08:00:00+00:00,3041.7917819285917,1597.65591474113
2025-01-23 09:00:00+00:00,2673.2296432411076,1638.7840549435323
2025-01-23 10:00:00+00:00,3019.7120315811067,1645.3411592042498
2025-01-23 11:00:00+00:00,3485.103485364422,1762.8252142940244
2025-01-23 12:00:00+00:00,3956.9294363561103,1820.0834987522308
2025-01-23 13:00:00+00:00,4230.071845543106,1992.6618238263281
2025-01-23 14:00:00+00:00,4252.016530379701,2004.9751314413181
2025-01-23 15:00:00+00:00,4141.529382912603,2070.704574449991
2025-01-23 16:00:00+00:00,4188.291712676864,2198.3731227700932
2025-01-23 17:00:00+00:00,4314.50538989358,2303.4977937235935
2025-01-23 18:00:00+00:00,4301.693348430182,2282.0178291660463
2025-01-23 19:00:00+00:00,4279.153204608684,2425.645625956586
2025-01-23 20:00:00+00:00,4144.223666815232,2354.8215202063266
2025-01-23 21:00:00+00:00,4101.619296691628,2280.6135395623687
2025-01-23 22:00:00+00:00,3985.5947357458094,2184.189331860469
2025-01-23 23:00:00+00:00,3844.241376502109,2084.5815113346034
2025-01-24 00:00:00+00:00,3752.8597360540816,1991.4097812790676
2025-01-24 01:00:00+00:00,3413.651409663274,1919.8788216621242
2025-01-24 02:00:00+00:00,3229.38418437002,1818.7448933479432
2025-01-24 03:00:00+00:00,3586.803694311544,1798.0456712569655
2025-01-24 04:00:00+00:00,3810.5601459519926,1933.7903073362165
2025-01-24 05:00:00+00:00,3980.48646986827,2191.240258546864
2025-01-24 06:00:00+00:00,4239.227042836619,2288.284447537767
2025-01-24 07:00:00+00:00,4246.5688872767505,2417.407954848018
2025-01-24 08:00:00+00:00,4280.966219470667,2523.648300034982
2025-01-24 09:00:00+00:00,4291.9526571655515,2563.5963971433125
2025-01-24 10:00:00+00:00,4214.483176550009,2599.4271158149973
2025-01-24 11:00:00+00:00,4060.5549150829697,2574.384950882033
2025-01-24 12:00:00+00:00,4047.8636921898565,2554.221669579838
2025-01-24 13:00:00+00:00,4054.394857135007,2537.4450876640913
2025-01-24 14:00:00+00:00,3997.6095202148194,2469.6703298738003
2025-01-24 15:00:00+00:00,4018.397080651084,2439.897843435952
2025-01-24 16:00:00+00:00,3927.6874729022147,2351.93096698302
2025-01-24 17:00:00+00:00,3854.712245192595,2289.870381884692
2025-01-24 18:00:00+00:00,3787.9042350514633,2142.9372685484623
2025-01-24 19:00:00+00:00,3640.9426821114835,1964.738887895021
2025-01-24 20:00:00+00:00,3187.8960156822022,1690.8595374301667
2025-01-24 21:00:00+00:00,2790.0860204779838,1420.4702036534968
2025-01-24 22:00:00+00:00,2672.6326446514886,1084.0782176055302
2025-01-24 23:00:00+00:00,2304.200163486182,910.1268840715677
2025-01-25 00:00:00+00:00,2059.4600707994514,698.8725851759783
2025-01-25 01:00:00+00:00,2125.906321225747,637.985680647803
2025-01-25 02:00:00+00:00,1756.0639914521528,600.8831349412758
2025-01-25 03:00:00+00:00,1618.6051442925236,612.0629818294965
2025-01-25 04:00:00+00:00,1271.2343773660666,459.7654233760921
2025-01-25 05:00:00+00:00,1154.9328054914545,321.0104860231759
2025-01-25 06:00:00+00:00,1137.8385154149319,339.45650251081156
2025-01-25 07:00:00+00:00,1306.5939532315676,341.3966602337841
2025-01-25 08:00:00+00:00,1664.5430594830113,404.59622163055514
2025-01-25 09:00:00+00:00,2148.754857981335,569.2412417527216
2025-01-25 10:00:00+00:00,1988.2087206094598,742.5897750141886
2025-01-25 11:00:00+00:00,1506.188561505032,872.2101304087236
2025-01-25 12:00:00+00:00,1342.9737750218135,953.1468561416153
2025-01-25 13:00:00+00:00,992.4819107425332,668.1406598682566
2025-01-25 14:00:00+00:00,826.5410987446014,346.86347798054214
2025-01-25 15:00:00+00:00,694.0291018911367,346.85542340745207
2025-01-25 16:00:00+00:00,535.7197492981317,336.67896750399143
2025-01-25 17:00:00+00:00,348.8670530367024,233.6638116981807
2025-01-25 18:00:00+00:00,281.95115139183275,193.71699486921497
2025-01-25 19:00:00+00:00,240.24805230242805,158.43706978204932
2025-01-25 20:00:00+00:00,143.13257296758738,84.57345870729357
2025-01-25 21:00:00+00:00,122.90893208680335,105.96470815367063
2025-01-25 22:00:00+00:00,140.20538200396987,119.73867449235753
2025-01-25 23:00:00+00:00,155.32918540946474,150.260832862628
2025-01-26 00:00:00+00:00,119.19159744696526,139.90235355124867
2025-01-26 01:00:00+00:00,108.1512637197988,162.24171201661702
2025-01-26 02:00:00+00:00,56.361458796373284,111.55970299565254
2025-01-26 03:00:00+00:00,36.79511085541027,91.54881844248662
2025-01-26 04:00:00+00:00,59.92028739293229,86.2308114195473
2025-01-26 05:00:00+00:00,232.03020008870794,156.81805087135396
2025-01-26 06:00:00+00:00,451.7662379058919,230.74044914276033
2025-01-26 07:00:00+00:00,1011.9777563091644,311.61666613830243
2025-01-26 08:00:00+00:00,1777.1514604370557,484.0167485586176
2025-01-26 09:00:00+00:00,2533.45340034332,689.0239802290365
2025-01-26 10:00:00+00:00,3098.273278104625,837.412286436876
2025-01-26 11:00:00+00:00,3122.0561453386645,910.7709516012532
2025-01-26 12:00:00+00:00,3154.1270688432332,884.3005418128205
2025-01-26 13:00:00+00:00,3584.9842813618784,987.2506146792798
2025-01-26 14:00:00+00:00,3875.4763379838073,1269.1842399167035
2025-01-26 15:00:00+00:00,4048.48379487862,1534.2343861263823
2025-01-26 16:00:00+00:00,4203.1343825052445,1676.3223257118132
2025-01-26 17:00:00+00:00,4177.077739119624,1961.8648968894677
2025-01-26 18:00:00+00:00,4300.906955901558,2186.9158342554047
2025-01-26 19:00:00+00:00,4228.4002855796,2276.9623815923637
2025-01-26 20:00:00+00:00,4218.4675053719075,2295.3645951238736
2025-01-26 21:00:00+00:00,4170.507991774981,2305.132107424458
2025-01-26 22:00:00+00:00,4136.65571490824,2293.6196364993684
2025-01-26 23:00:00+00:00,4063.169369844509,2151.135829562436
2025-01-27 00:00:00+00:00,4069.854466630937,2046.981448860247
2025-01-27 01:00:00+00:00,4037.0216401755497,2080.9021398786663
2025-01-27 02:00:00+00:00,3999.2232191297085,2096.310041004141
2025-01-27 03:00:00+00:00,3971.532193481018,2229.187029345596
2025-01-27 04:00:00+00:00,3970.0167404699932,2314.0062581862594
2025-01-27 05:00:00+00:00,4052.569551657949,2456.9321716905815
2025-01-27 06:00:00+00:00,4101.15195224051,2519.5999323850588
2025-01-27 07:00:00+00:00,4016.4775068371196,2461.9542477318405
2025-01-27 08:00:00+00:00,3998.6066962512077,2410.164138275945
2025-01-27 09:00:00+00:00,3957.3537583022826,2289.4081886041645
2025-01-27 10:00:00+00:00,3329.1978885975445,1989.8582176269713
2025-01-27 11:00:00+00:00,3148.676807718938,2062.848957847727
2025-01-27 12:00:00+00:00,3625.0892934867047,2219.1826529326586
2025-01-27 13:00:00+00:00,3590.1730174586805,2246.0501233426808
2025-01-27 14:00:00+00:00,3888.0068671718145,2143.700961404412
2025-01-27 15:00:00+00:00,3769.0111897573274,2009.9777456926279
2025-01-27 16:00:00+00:00,3914.5364432687484,1902.785697104561
2025-01-27 17:00:00+00:00,4077.4186057150982,2013.5229511223554
2025-01-27 18:00:00+00:00,4207.116324786968,2229.769742904953
2025-01-27 19:00:00+00:00,4169.741116865465,2239.292634837616
2025-01-27 20:00:00+00:00,4162.338864756497,2157.631793040008
2025-01-27 21:00:00+00:00,4122.10020638188,2132.466124652996
2025-01-27 22:00:00+00:00,4117.137396088296,2092.7608580074557
2025-01-27 23:00:00+00:00,4098.225656229457,2072.4012837758796
2025-01-28 00:00:00+00:00,4032.476076655868,2129.342740199171
2025-01-28 01:00:00+00:00,3966.9973693921224,2098.5406605542266
2025-01-28 02:00:00+00:00,4074.094950764935,2147.7216849639767
2025-01-28 03:00:00+00:00,4102.635584715869,2136.368515595558
2025-01-28 04:00:00+00:00,4003.129189882533,2008.2727616160512
2025-01-28 05:00:00+00:00,4017.2805776059536,2179.245891890159
2025-01-28 06:00:00+00:00,3768.9352182284283,2263.6339524725677
2025-01-28 07:00:00+00:00,4103.1828979292995,2352.5870666527535
2025-01-28 08:00:00+00:00,4088.0868380533375,2229.703914171797
2025-01-28 09:00:00+00:00,4009.8683815795907,2174.755417672846
2025-01-28 10:00:00+00:00,3783.765178874896,2078.831617398643
2025-01-28 11:00:00+00:00,3883.994297624514,2033.3646461359908
2025-01-28 12:00:00+00:00,4058.7264275523453,2006.9862175834635
2025-01-28 13:00:00+00:00,4071.488451137312,1937.6325645891668
2025-01-28 14:00:00+00:00,4071.3575891843916,1854.672052788009
2025-01-28 15:00:00+00:00,4085.589721517061,1731.061204432074
2025-01-28 16:00:00+00:00,4018.5959589989875,1836.1594617734129
2025-01-28 17:00:00+00:00,4045.567840541659,1961.152912403973
2025-01-28 18:00:00+00:00,4099.510012600218,1956.5816935774114
2025-01-28 19:00:00+00:00,4073.4601310784274,2005.2734772513186
2025-01-28 20:00:00+00:00,4022.960940978773,1995.1314770216322
2025-01-28 21:00:00+00:00,3955.914276820157,1947.2027895686306
2025-01-28 22:00:00+00:00,3798.855670157117,1944.525290370806
2025-01-28 23:00:00+00:00,3578.9861103891094,1892.7103211214223
2025-01-29 00:00:00+00:00,3454.2862042000547,1883.456511593473
2025-01-29 01:00:00+00:00,3563.386490536255,1861.7133406955322
2025-01-29 02:00:00+00:00,3794.8514535004283,1803.3160947655867
2025-01-29 03:00:00+00:00,3522.4274947855315,2048.6247806489737
2025-01-29 04:00:00+00:00,3604.345486286979,2204.3962466443822
2025-01-29 05:00:00+00:00,3395.765057059365,2144.5215334678614
2025-01-29 06:00:00+00:00,3469.4057317210695,2149.936593124578
2025-01-29 07:00:00+00:00,3403.8359381739847,2087.845579639021
2025-01-29 08:00:00+00:00,3534.794943728258,2077.0047208948017
2025-01-29 09:00:00+00:00,3415.9197865926008,1972.0345412095126
2025-01-29 10:00:00+00:00,3018.6294605114545,1850.3062752948317
2025-01-29 11:00:00+00:00,2924.124657249543,1782.2725778955705
2025-01-29 12:00:00+00:00,2644.8397932886714,1740.5427296683729
2025-01-29 13:00:00+00:00,2502.248194287175,1616.5862307437812
2025-01-29 14:00:00+00:00,2081.895537226444,1439.7224232439462
2025-01-29 15:00:00+00:00,1808.4622708959375,1238.8618548469021
2025-01-29 16:00:00+00:00,1610.5731438949194,1069.1317142471912
2025-01-29 17:00:00+00:00,1665.940975390425,981.5402206759269
2025-01-29 18:00:00+00:00,1431.4147774561477,910.4784015514871
2025-01-29 19:00:00+00:00,1104.803330240553,905.9692327694713
2025-01-29 20:00:00+00:00,801.3381903869447,736.973549908568
2025-01-29 21:00:00+00:00,628.8576616749025,553.5889191376733
2025-01-29 22:00:00+00:00,587.3441433706369,429.09982399739624
2025-01-29 23:00:00+00:00,564.2974243413628,353.51834525808874
2025-01-30 00:00:00+00:00,566.003104492157,297.1105291618088
2025-01-30 01:00:00+00:00,602.7992283841519,262.5702823700832
2025-01-30 02:00:00+00:00,609.535436905991,228.73411464952292
2025-01-30 03:00:00+00:00,689.6732683153544,269.1095516079109
2025-01-30 04:00:00+00:00,920.4785020799443,293.07419365193357
2025-01-30 05:00:00+00:00,1221.877445057596,314.75939151146036
2025-01-30 06:00:00+00:00,1197.4633379473116,335.03667982659135
2025-01-30 07:00:00+00:00,1369.6718010794218,287.94616517082903
2025-01-30 08:00:00+00:00,1462.3428465344891,317.21036827102296
2025-01-30 09:00:00+00:00,1644.7017622260717,413.6038197638
2025-01-30 10:00:00+00:00,1665.6256537698239,445.6352161967231
2025-01-30 11:00:00+00:00,1741.8493604140988,471.3026546554954
2025-01-30 12:00:00+00:00,1789.609399028078,508.08366379304965
2025-01-30 13:00:00+00:00,1613.856327101284,533.6311786080362
2025-01-30 14:00:00+00:00,1222.4953600845322,541.0062838225152
2025-01-30 15:00:00+00:00,1366.7069226688766,651.9479847819545
2025-01-30 16:00:00+00:00,1474.3279518533711,659.3541150187065
2025-01-30 17:00:00+00:00,1567.437026869696,650.4134891691181
2025-01-30 18:00:00+00:00,2003.8029707469202,783.0989576615417
2025-01-30 19:00:00+00:00,2167.9665063888124,941.2002337830527
2025-01-30 20:00:00+00:00,2050.2895912992735,819.929189190202
2025-01-30 21:00:00+00:00,1750.0017816513587,790.1804687149282
2025-01-30 22:00:00+00:00,1193.4953171499412,611.077141858939
2025-01-30 23:00:00+00:00,1176.6172078375896,491.80830503360664
2025-01-31 00:00:00+00:00,1167.5856448634224,485.8476226294172
2025-01-31 01:00:00+00:00,1387.1760788701474,630.5712969596129
2025-01-31 02:00:00+00:00,1422.9044746318355,619.6502405216016
2025-01-31 03:00:00+00:00,1273.945685883035,592.7060527888758
2025-01-31 04:00:00+00:00,1238.3811658800194,559.1059039476901
2025-01-31 05:00:00+00:00,1251.3308311862334,635.1720989404253
2025-01-31 06:00:00+00:00,1047.2070668567887,657.706457625913
2025-01-31 07:00:00+00:00,960.1125702769351,647.5383048934774
2025-01-31 08:00:00+00:00,946.4879118579368,700.9402239199569
2025-01-31 09:00:00+00:00,739.5273467739967,621.9585220665434
2025-01-31 10:00:00+00:00,666.8444702357956,511.44510562931447
2025-01-31 11:00:00+00:00,595.5862587428012,403.9440995277796
2025-01-31 12:00:00+00:00,627.2859260914213,295.42588039630533
2025-01-31 13:00:00+00:00,578.9048898361132,267.8451327915275
2025-01-31 14:00:00+00:00,584.4462372437481,252.26898058372615
2025-01-31 15:00:00+00:00,562.0499001317054,228.82241663599208
2025-01-31 16:00:00+00:00,510.2679944076607,204.85453038891924
2025-01-31 17:00:00+00:00,603.7415139965186,200.5548302268328
2025-01-31 18:00:00+00:00,446.4021905454129,195.26486505094783
2025-01-31 19:00:00+00:00,404.4578271602078,187.0584483422322
2025-01-31 20:00:00+00:00,351.7626223430033,195.7516695270286
2025-01-31 21:00:00+00:00,320.6119089541838,192.1716106668309
2025-01-31 22:00:00+00:00,268.873408429569,190.67465334216135
2025-01-31 23:00:00+00:00,250.64551176999646,196.7884223546495
2025-02-01 00:00:00+00:00,242.2365374639411,230.66224023244726
2025-02-01 01:00:00+00:00,189.7943059052698,210.4171702096766
2025-02-01 02:00:00+00:00,202.58118928372468,183.55794082119587
2025-02-01 03:00:00+00:00,189.4901214721514,190.59013004430236
2025-02-01 04:00:00+00:00,146.90728401079562,171.28689815761567
2025-02-01 05:00:00+00:00,66.7696576947285,114.59299555787658
2025-02-01 06:00:00+00:00,53.380272361299966,100.14762213161588
2025-02-01 07:00:00+00:00,54.503736148606784,108.99387399017567
2025-02-01 08:00:00+00:00,133.88393427668348,136.90545572669097
2025-02-01 09:00:00+00:00,217.390864338706,192.10369371102186
2025-02-01 10:00:00+00:00,358.39163543532237,243.00035461885793
2025-02-01 11:00:00+00:00,385.30256076436126,235.383860809611
2025-02-01 12:00:00+00:00,340.3377573301654,186.06594594701983
2025-02-01 13:00:00+00:00,227.67894071492748,168.60099634959207
2025-02-01 14:00:00+00:00,134.0440313467458,146.9746167614577
2025-02-01 15:00:00+00:00,67.09044846989681,126.89779782101341
2025-02-01 16:00:00+00:00,90.8454727352292,131.0938326442552
2025-02-01 17:00:00+00:00,268.65344897678773,176.25816078098526
2025-02-01 18:00:00+00:00,587.5919457921245,227.29174943135288
2025-02-01 19:00:00+00:00,663.1664637892554,303.2215635970133
2025-02-01 20:00:00+00:00,659.6380635799256,331.6385449351384
2025-02-01 21:00:00+00:00,666.6320184406477,362.8820847928418
2025-02-01 22:00:00+00:00,965.8728827456117,401.29011769459447
2025-02-01 23:00:00+00:00,1156.2406295072678,481.901776767838
2025-02-02 00:00:00+00:00,1457.0541740678657,538.8973778213467
2025-02-02 01:00:00+00:00,1321.4391280716497,511.9655702657779
2025-02-02 02:00:00+00:00,641.6517046738819,442.3241900216518
2025-02-02 03:00:00+00:00,316.9483709074536,260.3588048609834
2025-02-02 04:00:00+00:00,215.77448056612036,214.28132678985446
2025-02-02 05:00:00+00:00,363.14681673369483,247.11902576476527
2025-02-02 06:00:00+00:00,597.7567673122329,285.73980877918774
2025-02-02 07:00:00+00:00,647.8492014708374,309.1690205910672
2025-02-02 08:00:00+00:00,580.9562205555637,283.66983321462124
2025-02-02 09:00:00+00:00,630.2417555371369,289.0769874570083
2025-02-02 10:00:00+00:00,533.5687308067945,239.09473190314222
2025-02-02 11:00:00+00:00,470.5933550276976,148.6895447554295
2025-02-02 12:00:00+00:00,333.90245174870427,127.60764436426794
2025-02-02 13:00:00+00:00,245.11729033332315,142.83148357875825
2025-02-02 14:00:00+00:00,192.17736570902338,131.89904135532944
2025-02-02 15:00:00+00:00,105.77407082730839,95.21862115717578
2025-02-02 16:00:00+00:00,94.91253494985556,80.95615987645094
2025-02-02 17:00:00+00:00,185.16004264242267,125.76573254515976
2025-02-02 18:00:00+00:00,282.1713097229619,168.29815434532202
2025-02-02 19:00:00+00:00,265.4267472212276,160.19545269503803
2025-02-02 20:00:00+00:00,239.2192546087233,151.90068428026623
2025-02-02 21:00:00+00:00,259.4199250403245,147.65229473193884
2025-02-02 22:00:00+00:00,326.3137511885769,180.79363122451133
2025-02-02 23:00:00+00:00,348.1933526331793,216.1922991152721
2025-02-03 00:00:00+00:00,440.2326858759248,241.25723561907083
2025-02-03 01:00:00+00:00,631.984824817337,332.1247030565885
2025-02-03 02:00:00+00:00,745.4679424650479,466.9175362429844
2025-02-03 03:00:00+00:00,608.4521962645478,535.6645605565884
2025-02-03 04:00:00+00:00,572.5185083282363,472.6700427365059
2025-02-03 05:00:00+00:00,362.5884657719558,338.6444324967346
2025-02-03 06:00:00+00:00,181.18376839361426,239.06266276954278
2025-02-03 07:00:00+00:00,261.3306487678073,209.03670587729152
2025-02-03 08:00:00+00:00,417.6440831210464,277.87233049488657
2025-02-03 09:00:00+00:00,677.2785730389653,385.9860310667251
2025-02-03 10:00:00+00:00,691.3665682889917,347.91817957906136
2025-02-03 11:00:00+00:00,630.7781304414326,218.5668568696528
2025-02-03 12:00:00+00:00,738.4106448505186,216.15108157766912
2025-02-03 13:00:00+00:00,703.4145688853982,248.70955535212343
2025-02-03 14:00:00+00:00,737.2903631167783,242.00089148146895
2025-02-03 15:00:00+00:00,804.6568733784102,240.5957662339438
2025-02-03 16:00:00+00:00,907.9535414856783,290.22526131821604
2025-02-03 17:00:00+00:00,910.7801994444307,350.43120638316987
2025-02-03 18:00:00+00:00,1140.6624885159874,543.6477363197824
2025-02-03 19:00:00+00:00,1218.4886574484947,625.7571482310871
2025-02-03 20:00:00+00:00,1321.3761830745382,675.5199912476287
2025-02-03 21:00:00+00:00,1703.2484652344667,691.1387034218814
2025-02-03 22:00:00+00:00,1668.4787625488475,614.9149470580195
2025-02-03 23:00:00+00:00,1557.039070206258,683.7575324177913
2025-02-04 00:00:00+00:00,1649.162504130373,710.2029332539751
2025-02-04 01:00:00+00:00,1830.2342791543242,791.0260994502139
2025-02-04 02:00:00+00:00,1730.8050491199742,876.6823078180294
2025-02-04 03:00:00+00:00,1730.801469309712,940.408200762527
2025-02-04 04:00:00+00:00,1897.2131257963051,983.7534383705708
2025-02-04 05:00:00+00:00,2035.779228157887,981.6013757679071
2025-02-04 06:00:00+00:00,2382.612128592439,1006.4438668395759
2025-02-04 07:00:00+00:00,2652.8991394591126,1025.6889268095008
2025-02-04 08:00:00+00:00,2819.3231264032756,1057.9579331485816
2025-02-04 09:00:00+00:00,2905.0697249802133,1061.1762820135298
2025-02-04 10:00:00+00:00,2797.7495987360967,1061.7118614044339
2025-02-04 11:00:00+00:00,3073.0051873684433,1052.4661064495747
2025-02-04 12:00:00+00:00,3486.160437018547,1186.1063898902828
2025-02-04 13:00:00+00:00,3672.316537006651,1323.5454486542956
2025-02-04 14:00:00+00:00,3775.395980238421,1348.419561383281
2025-02-04 15:00:00+00:00,3896.071384179301,1386.3255756153383
2025-02-04 16:00:00+00:00,3819.2395075471372,1438.9778227093957
2025-02-04 17:00:00+00:00,3992.595001550781,1435.096811189233
2025-02-04 18:00:00+00:00,4043.8248707006323,1463.2095583746527
2025-02-04 19:00:00+00:00,4184.028139622156,1560.8131846144224
2025-02-04 20:00:00+00:00,4153.005901646082,1638.251043572648
2025-02-04 21:00:00+00:00,3889.875528128716,1658.182034964492
2025-02-04 22:00:00+00:00,3920.1042414966546,1504.73406470764
2025-02-04 23:00:00+00:00,3932.6478966556233,1412.0794267162746
2025-02-05 00:00:00+00:00,3756.1385898109265,1488.1774422446745
2025-02-05 01:00:00+00:00,3164.144372348784,1468.52776427594
2025-02-05 02:00:00+00:00,2657.0739937383028,1326.629554634409
2025-02-05 03:00:00+00:00,2147.700603859099,1275.324111712354
2025-02-05 04:00:00+00:00,1929.3701636255164,1227.4423595494577
2025-02-05 05:00:00+00:00,1626.8399011658155,1127.8692410303995
2025-02-05 06:00:00+00:00,1330.2953797821401,813.800653460382
2025-02-05 07:00:00+00:00,1092.9626106022488,689.754510120473
2025-02-05 08:00:00+00:00,738.0602212015127,512.9603597619912
2025-02-05 09:00:00+00:00,631.5178584564596,401.8038204672292
2025-02-05 10:00:00+00:00,592.1485967797024,311.39138668971475
2025-02-05 11:00:00+00:00,482.1721518818128,275.3753631173713
2025-02-05 12:00:00+00:00,427.56065474338413,293.8403724872317
2025-02-05 13:00:00+00:00,536.6133097152621,302.50520378786496
2025-02-05 14:00:00+00:00,492.0653055786849,293.291716844953
2025-02-05 15:00:00+00:00,408.00522025176235,302.1532885512497
2025-02-05 16:00:00+00:00,347.73990999995937,271.29915249874136
2025-02-05 17:00:00+00:00,225.86725840470064,229.21604660608006
2025-02-05 18:00:00+00:00,135.93317677348105,175.49362269205727
2025-02-05 19:00:00+00:00,85.77188720186325,144.70576284898772
2025-02-05 20:00:00+00:00,116.5472114940665,161.55806769569878
2025-02-05 21:00:00+00:00,169.37119004153854,169.34738678927386
2025-02-05 22:00:00+00:00,233.89001095912744,192.11791351289696
2025-02-05 23:00:00+00:00,271.19571089803804,209.9461268426672
2025-02-06 00:00:00+00:00,338.82160824492314,195.606587772233
2025-02-06 01:00:00+00:00,420.62198806337926,192.58801220775385
2025-02-06 02:00:00+00:00,447.51044013910507,216.28562278002582
2025-02-06 03:00:00+00:00,522.0556135270745,218.00313619252037
2025-02-06 04:00:00+00:00,755.0415980960131,256.4599440090964
2025-02-06 05:00:00+00:00,967.9562328790747,343.2420524239805
2025-02-06 06:00:00+00:00,995.2757537738814,421.36280990931976
2025-02-06 07:00:00+00:00,853.4389975418527,460.5678975098827
2025-02-06 08:00:00+00:00,1033.6074671096262,483.6756224723762
2025-02-06 09:00:00+00:00,1099.4878091969622,519.369463121116
2025-02-06 10:00:00+00:00,1365.8728268777693,586.0761944635782
2025-02-06 11:00:00+00:00,1562.5290075609598,517.8012576283099
2025-02-06 12:00:00+00:00,1487.786646291044,538.3974473743043
2025-02-06 13:00:00+00:00,1219.1372991801818,608.645356859949
2025-02-06 14:00:00+00:00,1460.5206236718234,822.1850165708844
2025-02-06 15:00:00+00:00,2066.3229648289052,1073.301099371814
2025-02-06 16:00:00+00:00,2620.6394804023835,1075.4554490754786
2025-02-06 17:00:00+00:00,2914.484625969965,988.1132495133112
2025-02-06 18:00:00+00:00,3578.1488325444357,1148.4538461126285
2025-02-06 19:00:00+00:00,3924.204317517033,1461.3846506542902
2025-02-06 20:00:00+00:00,3936.4492573974508,1603.5541303623615
2025-02-06 21:00:00+00:00,3867.9249271139115,1591.248632025007
2025-02-06 22:00:00+00:00,3668.748659445262,1358.5256640711707
2025-02-06 23:00:00+00:00,3486.33187015444,1286.4785021720431
2025-02-07 00:00:00+00:00,3362.745682713645,1441.4048346280358
2025-02-07 01:00:00+00:00,3413.489890937916,1653.8860637714288
2025-02-07 02:00:00+00:00,3850.505172621045,1905.6018145108744
2025-02-07 03:00:00+00:00,4006.880035523993,1911.8316787589513
2025-02-07 04:00:00+00:00,4163.346382466976,1925.9798844288055
2025-02-07 05:00:00+00:00,4224.797007672284,2056.9603688446523
2025-02-07 06:00:00+00:00,4284.937422321604,2129.403199216934
2025-02-07 07:00:00+00:00,4333.1550800141085,2272.1511165998827
2025-02-07 08:00:00+00:00,4371.775266393488,2283.674128077411
2025-02-07 09:00:00+00:00,4373.207986011785,2160.054131317472
2025-02-07 10:00:00+00:00,4379.801201001481,2169.0143964039157
2025-02-07 11:00:00+00:00,4324.143106557211,2180.280258177605
2025-02-07 12:00:00+00:00,4306.776651461581,2164.974978279648
2025-02-07 13:00:00+00:00,4343.46453581273,2188.0603791475896
2025-02-07 14:00:00+00:00,4350.5171597860835,2200.5041973759107
2025-02-07 15:00:00+00:00,4318.386771655491,2182.4534018851464
2025-02-07 16:00:00+00:00,4306.998599697842,2130.919845498046
2025-02-07 17:00:00+00:00,4291.208852144392,2117.6176683201734
2025-02-07 18:00:00+00:00,4294.686041179137,2096.5071294469135
2025-02-07 19:00:00+00:00,4280.760579258935,2012.2871210684832
2025-02-07 20:00:00+00:00,4230.277299427113,2062.193653691385
2025-02-07 21:00:00+00:00,4176.158125638919,2026.5707628932596
2025-02-07 22:00:00+00:00,4139.936014378561,1992.1526771267338
2025-02-07 23:00:00+00:00,4126.339895002487,1955.3868324632072
2025-02-08 00:00:00+00:00,4131.696484424919,1903.1180228239077
2025-02-08 01:00:00+00:00,4072.3774373524407,1877.1882638242507
2025-02-08 02:00:00+00:00,3889.6476135420185,1758.4525204104737
2025-02-08 03:00:00+00:00,3673.5018519601554,1622.5912630195533
2025-02-08 04:00:00+00:00,3466.0673597731616,1568.3506739999648
2025-02-08 05:00:00+00:00,3062.105062876549,1533.7522055718903
2025-02-08 06:00:00+00:00,2835.21967162955,1542.362444766024
2025-02-08 07:00:00+00:00,2672.1666726823505,1483.6236252735544
2025-02-08 08:00:00+00:00,2348.1236398907554,1222.4985421380986
2025-02-08 09:00:00+00:00,2019.145639774283,1038.1999659194134
2025-02-08 10:00:00+00:00,1668.4210878279555,841.5535302752703
2025-02-08 11:00:00+00:00,1528.359917486009,785.7842628345215
2025-02-08 12:00:00+00:00,1284.9532046827974,564.5031639922689
2025-02-08 13:00:00+00:00,927.804882099187,453.521637643662
2025-02-08 14:00:00+00:00,850.7323626660601,366.6969195427396
2025-02-08 15:00:00+00:00,844.9314790144111,301.51831970598084
2025-02-08 16:00:00+00:00,468.461776894868,253.5782464675618
2025-02-08 17:00:00+00:00,443.51417861633234,246.1012160997822
2025-02-08 18:00:00+00:00,417.95164848607914,283.62856595743125
2025-02-08 19:00:00+00:00,407.88678819558584,318.0491874228929
2025-02-08 20:00:00+00:00,542.3638274253045,331.17968286693804
2025-02-08 21:00:00+00:00,384.313936496933,365.91343829117375
2025-02-08 22:00:00+00:00,497.6081942935161,406.96048743043184
2025-02-08 23:00:00+00:00,417.2655181858121,406.6645564487514
2025-02-09 00:00:00+00:00,339.2246352169496,356.7687632566364
2025-02-09 01:00:00+00:00,269.35220805214664,249.6629284323858
2025-02-09 02:00:00+00:00,331.5299324973896,263.25049603950015
2025-02-09 03:00:00+00:00,404.30618241993136,370.6035863697818
2025-02-09 04:00:00+00:00,401.83670997401373,464.6416221491638
2025-02-09 05:00:00+00:00,419.48579606180664,532.6374829427364
2025-02-09 06:00:00+00:00,401.85938210567474,572.665529146924
2025-02-09 07:00:00+00:00,606.6161513567026,587.9255145011457
2025-02-09 08:00:00+00:00,679.5159047332926,568.3822364485395
2025-02-09 09:00:00+00:00,568.2320335762854,493.5987073606078
2025-02-09 10:00:00+00:00,485.99026812445095,407.0701688393006
2025-02-09 11:00:00+00:00,493.1747981620515,387.2015258095243
2025-02-09 12:00:00+00:00,601.4780297994421,435.7993891836341
2025-02-09 13:00:00+00:00,776.3740852055331,558.2807576822385
2025-02-09 14:00:00+00:00,1081.259315902346,764.3095279866636
2025-02-09 15:00:00+00:00,1520.9959494590125,935.0582737647492
2025-02-09 16:00:00+00:00,2003.4153568468564,1015.5314140686779
2025-02-09 17:00:00+00:00,2526.8104657666477,1277.3119007996495
2025-02-09 18:00:00+00:00,2990.2280414040524,1540.9604518524784
2025-02-09 19:00:00+00:00,3121.4396224601633,1484.281415409245
2025-02-09 20:00:00+00:00,3124.6190906080965,1453.8399022090493
2025-02-09 21:00:00+00:00,3032.5099759250306,1434.179584248702
2025-02-09 22:00:00+00:00,3129.1503348867295,1451.1422168589127
2025-02-09 23:00:00+00:00,3416.090424215102,1465.2276764100034
2025-02-10 00:00:00+00:00,3586.8736256669617,1508.9011627312618
2025-02-10 01:00:00+00:00,3536.717699595789,1422.5738393784459
2025-02-10 02:00:00+00:00,3633.7349330267652,1407.5787102640447
2025-02-10 03:00:00+00:00,3832.766815014837,1459.8059543286322
2025-02-10 04:00:00+00:00,3984.778684721478,1528.3169597628619
2025-02-10 05:00:00+00:00,4072.038150890917,1556.8422800810074
2025-02-10 06:00:00+00:00,4073.526556446627,1461.5001989744221
2025-02-10 07:00:00+00:00,4065.343110187094,1373.011565175765
2025-02-10 08:00:00+00:00,4040.0513529275117,1381.5111285692906
2025-02-10 09:00:00+00:00,3938.864436054391,1562.717842552294
2025-02-10 10:00:00+00:00,3975.058306589347,1628.7931848597498
2025-02-10 11:00:00+00:00,4016.710592260862,1669.312062826563
2025-02-10 12:00:00+00:00,4026.0574768556303,1702.3260674568903
2025-02-10 13:00:00+00:00,4074.76517079737,1788.4272661281398
2025-02-10 14:00:00+00:00,4043.8578845063844,1768.2697522980336
2025-02-10 15:00:00+00:00,4118.586423731121,1775.4778991394478
2025-02-10 16:00:00+00:00,4230.971782617991,1752.7200509105035
2025-02-10 17:00:00+00:00,4273.01744966166,1877.8650468421663
2025-02-10 18:00:00+00:00,4315.918293601313,1909.1971372842738
2025-02-10 19:00:00+00:00,4224.832408018211,1874.4568685941442
2025-02-10 20:00:00+00:00,4118.266627347692,1887.9708512125342
2025-02-10 21:00:00+00:00,4081.0521131312953,1892.5374958370942
2025-02-10 22:00:00+00:00,3912.477256854556,1956.1334217812368
2025-02-10 23:00:00+00:00,3608.1424717051527,1947.5289500591923
2025-02-11 00:00:00+00:00,3493.555927263686,1948.8666058271913
2025-02-11 01:00:00+00:00,3453.4449487884226,1738.4493361783407
2025-02-11 02:00:00+00:00,3124.748560412582,1557.8678957211457
2025-02-11 03:00:00+00:00,2885.9750170413035,1483.7919757950547
2025-02-11 04:00:00+00:00,2803.136019910715,1512.1890195788023
2025-02-11 05:00:00+00:00,2386.255579926031,1435.982814229143
2025-02-11 06:00:00+00:00,2086.7953030837425,1390.7931788226422
2025-02-11 07:00:00+00:00,2225.2892126050356,1419.2574434879814
2025-02-11 08:00:00+00:00,2108.1194373026506,1358.7135046707656
2025-02-11 09:00:00+00:00,1996.0914628069625,1348.083456975324
2025-02-11 10:00:00+00:00,1838.0058483553487,1310.5546155300656
2025-02-11 11:00:00+00:00,1666.2014065870046,1209.616296591824
2025-02-11 12:00:00+00:00,1576.3837682284825,1080.3284657949837
2025-02-11 13:00:00+00:00,1502.9627547020375,957.5970574934778
2025-02-11 14:00:00+00:00,1583.2981717500431,919.1950406617492
2025-02-11 15:00:00+00:00,1666.651866045006,921.9206684197665
2025-02-11 16:00:00+00:00,1614.215203080076,866.4143181549462
2025-02-11 17:00:00+00:00,1430.4734862355206,824.6200333430277
2025-02-11 18:00:00+00:00,1169.278000164907,799.3411534564718
2025-02-11 19:00:00+00:00,1036.6476209748528,746.9172684253946
2025-02-11 20:00:00+00:00,993.481771636618,685.6221163685603
2025-02-11 21:00:00+00:00,992.4873798971005,613.2683337765526
2025-02-11 22:00:00+00:00,914.8301581211373,572.5225356147813
2025-02-11 23:00:00+00:00,775.314809405012,497.39872567358674
2025-02-12 00:00:00+00:00,710.4912571388481,416.7292427206903
2025-02-12 01:00:00+00:00,692.6733979130656,353.5801964242867
2025-02-12 02:00:00+00:00,677.487096986742,332.1882446887436
2025-02-12 03:00:00+00:00,730.9442544743519,316.5906136193687
2025-02-12 04:00:00+00:00,634.768823370464,314.251108173806
2025-02-12 05:00:00+00:00,559.7380884960883,275.44049577630966
2025-02-12 06:00:00+00:00,483.7318553252459,247.5249364728363
2025-02-12 07:00:00+00:00,435.0711961127855,231.87579591135437
2025-02-12 08:00:00+00:00,389.2997172396996,209.46076423460875
2025-02-12 09:00:00+00:00,336.9270931027945,189.04817649341962
2025-02-12 10:00:00+00:00,331.36416739441205,165.3028972671345
2025-02-12 11:00:00+00:00,356.1148761085232,144.75975832044352
2025-02-12 12:00:00+00:00,394.91743393292944,145.58038010348028
2025-02-12 13:00:00+00:00,412.31123480139473,140.63646325294744
2025-02-12 14:00:00+00:00,428.01956653117145,146.70618071137497
2025-02-12 15:00:00+00:00,512.2246093139222,164.45304036695595
2025-02-12 16:00:00+00:00,534.9459136464392,174.38910206738825
2025-02-12 17:00:00+00:00,548.2390915790694,190.6992645377144
2025-02-12 18:00:00+00:00,512.9319698778279,218.9557137593911
2025-02-12 19:00:00+00:00,468.5343674918528,238.6962294135306
2025-02-12 20:00:00+00:00,414.15821801837444,250.00136966093055
2025-02-12 21:00:00+00:00,615.7254757649002,266.4300636266072
2025-02-12 22:00:00+00:00,828.322402387186,279.037857052775
2025-02-12 23:00:00+00:00,726.5684833441923,272.33670083975386
2025-02-13 00:00:00+00:00,720.3815270996756,263.83390567307504
2025-02-13 01:00:00+00:00,851.6114049637936,313.57979431045777
2025-02-13 02:00:00+00:00,1061.6891892727729,357.5818773820398
2025-02-13 03:00:00+00:00,1284.4710241283053,400.28717418611717
2025-02-13 04:00:00+00:00,1468.7736773531226,501.338306867207
2025-02-13 05:00:00+00:00,1668.1558835510261,527.4932458762778
2025-02-13 06:00:00+00:00,1952.2457478364195,566.2770096968071
2025-02-13 07:00:00+00:00,1978.3542984708417,497.3697888739668
2025-02-13 08:00:00+00:00,2053.9211099319914,496.503872547195
2025-02-13 09:00:00+00:00,1769.9059244662358,371.57272055911545
2025-02-13 10:00:00+00:00,1574.9713342016719,318.79577674092263
2025-02-13 11:00:00+00:00,1477.1621671893438,333.1625994347098
2025-02-13 12:00:00+00:00,1178.2412484265694,383.4508293268254
2025-02-13 13:00:00+00:00,939.6320780098337,384.57498918834983
2025-02-13 14:00:00+00:00,1064.4640394218964,298.3892672192413
2025-02-13 15:00:00+00:00,1271.1498540682076,375.79908433041254
2025-02-13 16:00:00+00:00,1221.4383216654253,492.63887073403856
2025-02-13 17:00:00+00:00,1380.6630118546561,454.1529272394947
2025-02-13 18:00:00+00:00,1346.5367800636786,329.0954377809095
2025-02-13 19:00:00+00:00,1214.5077095585104,227.48073358144816
2025-02-13 20:00:00+00:00,963.3818319989466,186.430340799966
2025-02-13 21:00:00+00:00,822.4649378455586,137.9262485668926
2025-02-13 22:00:00+00:00,697.6899550801702,116.69464249934671
2025-02-13 23:00:00+00:00,629.6574012314094,137.6355381418447
2025-02-14 00:00:00+00:00,417.60748950503216,163.18126305170009
2025-02-14 01:00:00+00:00,274.53487835933765,127.4760366175428
2025-02-14 02:00:00+00:00,284.1382165837274,143.80946785457365
2025-02-14 03:00:00+00:00,275.2107664246877,156.7378531775619
2025-02-14 04:00:00+00:00,341.54067301745965,154.93372824455537
2025-02-14 05:00:00+00:00,296.0119500277834,156.29191820197528
2025-02-14 06:00:00+00:00,351.1913442886505,147.2921757634726
2025-02-14 07:00:00+00:00,393.795262854884,151.98018589984065
2025-02-14 08:00:00+00:00,326.6427954151832,160.90360877233536
2025-02-14 09:00:00+00:00,299.2699751231384,139.4679038002535
2025-02-14 10:00:00+00:00,255.29300044297918,122.1025425355384
2025-02-14 11:00:00+00:00,198.37869091417605,112.7278149720637
2025-02-14 12:00:00+00:00,181.6512319503614,110.42062725803531
2025-02-14 13:00:00+00:00,130.7131173368842,110.05101184845667
2025-02-14 14:00:00+00:00,142.85006627439049,97.70320835753408
2025-02-14 15:00:00+00:00,242.64553078640463,114.25609563652806
2025-02-14 16:00:00+00:00,334.1300680178798,137.79314923255822
2025-02-14 17:00:00+00:00,376.0137486471809,154.2316379568691
2025-02-14 18:00:00+00:00,641.7536298271825,181.35864461090515
2025-02-14 19:00:00+00:00,929.5300523280758,177.58055263578254
2025-02-14 20:00:00+00:00,949.8699376032096,183.36318919901137
2025-02-14 21:00:00+00:00,772.2333882825955,173.19518562533662
2025-02-14 22:00:00+00:00,762.3351134682648,181.90754885111878
2025-02-14 23:00:00+00:00,786.5745059499161,209.6854967677397
2025-02-15 00:00:00+00:00,740.0455243094592,220.80572987117634
2025-02-15 01:00:00+00:00,560.4420184084927,157.50204322938106
2025-02-15 02:00:00+00:00,579.4284868065561,115.53493313313449
2025-02-15 03:00:00+00:00,653.4049675586954,130.37966049693375
2025-02-15 04:00:00+00:00,533.6362997254947,132.70917230551433
2025-02-15 05:00:00+00:00,451.4906919548716,128.94902910129
2025-02-15 06:00:00+00:00,474.55565807256585,121.92931949451447
2025-02-15 07:00:00+00:00,487.85291301132804,126.69862115558807
2025-02-15 08:00:00+00:00,499.54865033401046,127.20332468298015
2025-02-15 09:00:00+00:00,465.11763747487083,137.21456239891998
2025-02-15 10:00:00+00:00,457.47086443715557,150.7743864765018
2025-02-15 11:00:00+00:00,463.1029998106085,151.1246609667468
2025-02-15 12:00:00+00:00,413.4704966913242,156.01607393343315
2025-02-15 13:00:00+00:00,361.49463485848656,143.38212800451603
2025-02-15 14:00:00+00:00,247.6121197685985,143.46545803228761
2025-02-15 15:00:00+00:00,230.49863793150317,163.6232204603286
2025-02-15 16:00:00+00:00,391.30570369582813,168.61064194946536
2025-02-15 17:00:00+00:00,688.0964116144147,177.5703104008655
2025-02-15 18:00:00+00:00,814.7474635551636,212.15611276415777
2025-02-15 19:00:00+00:00,727.5383633273307,243.92697856132727
2025-02-15 20:00:00+00:00,730.3160474929117,247.92975334999383
2025-02-15 21:00:00+00:00,637.9326795680867,301.75637708842135
2025-02-15 22:00:00+00:00,795.6456954349031,343.41119845887243
2025-02-15 23:00:00+00:00,995.5874955842202,335.4036600980603
2025-02-16 00:00:00+00:00,1054.7250661642363,349.36556647551595
2025-02-16 01:00:00+00:00,1238.8660312922082,445.1283250075041
2025-02-16 02:00:00+00:00,1296.028242681673,507.0822615917686
2025-02-16 03:00:00+00:00,1034.2075825244249,549.257995074966
2025-02-16 04:00:00+00:00,1049.4437521964853,601.6999283161153
2025-02-16 05:00:00+00:00,1339.3536918941004,632.2401846160451
2025-02-16 06:00:00+00:00,1950.0648478733099,782.1847636158163
2025-02-16 07:00:00+00:00,2463.5560139458553,933.2387357597802
2025-02-16 08:00:00+00:00,2882.8430808185194,980.5868973152515
2025-02-16 09:00:00+00:00,2982.716008447042,998.6260584226636
2025-02-16 10:00:00+00:00,2714.05761237135,849.0506473561882
2025-02-16 11:00:00+00:00,2529.352926566246,705.3094817842226
2025-02-16 12:00:00+00:00,2166.133245777838,693.3180123582077
2025-02-16 13:00:00+00:00,2583.8929269386035,863.2012395662174
2025-02-16 14:00:00+00:00,2650.0617420695735,969.4092380888577
2025-02-16 15:00:00+00:00,2275.964211164236,916.1387776503423
2025-02-16 16:00:00+00:00,2169.6915771785275,820.0152040756703
2025-02-16 17:00:00+00:00,2237.964724108664,733.1734321564151
2025-02-16 18:00:00+00:00,2785.7218340115896,860.127375821021
2025-02-16 19:00:00+00:00,3228.4306050385,968.242319382534
2025-02-16 20:00:00+00:00,3039.22908090895,883.8332771344212
2025-02-16 21:00:00+00:00,2770.9097724164335,846.9490004147181
2025-02-16 22:00:00+00:00,2244.996068098792,712.1859492609207
2025-02-16 23:00:00+00:00,1838.8228406085364,591.0123550585428
2025-02-17 00:00:00+00:00,1508.5437783400791,507.7750045971034
2025-02-17 01:00:00+00:00,1233.1470855198952,468.94326137514236
2025-02-17 02:00:00+00:00,1225.0547255437023,467.14579886679064
2025-02-17 03:00:00+00:00,965.1131674566204,470.9157368296492
2025-02-17 04:00:00+00:00,874.9769259847569,467.0498897835142
2025-02-17 05:00:00+00:00,981.5191395710491,446.6681903357338
2025-02-17 06:00:00+00:00,845.9018064738323,429.0022244481626
2025-02-17 07:00:00+00:00,780.5721585318408,399.91969671877854
2025-02-17 08:00:00+00:00,794.4986148437828,362.90097823589264
2025-02-17 09:00:00+00:00,574.0230727497132,237.277679877522
2025-02-17 10:00:00+00:00,336.98755212055715,171.33099943126325
2025-02-17 11:00:00+00:00,370.56816116406145,181.08394389286343
2025-02-17 12:00:00+00:00,382.2460988746065,211.38859150001122
2025-02-17 13:00:00+00:00,478.668512026797,268.9695412509868
2025-02-17 14:00:00+00:00,537.7505458281612,329.3516925321831
2025-02-17 15:00:00+00:00,540.8639366450034,368.262191579914
2025-02-17 16:00:00+00:00,618.6755377385266,436.6869335307404
2025-02-17 17:00:00+00:00,659.9807309733634,537.5783668984637
2025-02-17 18:00:00+00:00,893.4556082410357,734.7760933229954
2025-02-17 19:00:00+00:00,1274.2984960722158,817.0179084944168
2025-02-17 20:00:00+00:00,1691.1214602143555,848.272336941668
2025-02-17 21:00:00+00:00,1872.2942654390415,796.5940965564679
2025-02-17 22:00:00+00:00,1960.1664757983717,813.1745347015949
2025-02-17 23:00:00+00:00,2000.370529340454,816.3193482974058
2025-02-18 00:00:00+00:00,1571.0221074081783,856.2741078303909
2025-02-18 01:00:00+00:00,1218.0321322008822,820.1566065810297
2025-02-18 02:00:00+00:00,1189.2866535516075,734.2432485093749
2025-02-18 03:00:00+00:00,1278.8365022146775,733.8697052524252
2025-02-18 04:00:00+00:00,1713.279292467675,847.4965125064964
2025-02-18 05:00:00+00:00,1739.4568538888198,980.0004050672841
2025-02-18 06:00:00+00:00,1586.8493435302078,1094.8819855378654
2025-02-18 07:00:00+00:00,1662.5825167293788,970.8603539543354
2025-02-18 08:00:00+00:00,1652.6423780228145,678.7330698363575
2025-02-18 09:00:00+00:00,1611.2885093123282,543.2563934506953
2025-02-18 10:00:00+00:00,1641.2958710790506,549.2973729878508
2025-02-18 11:00:00+00:00,1486.3227027721264,604.7799075705097
2025-02-18 12:00:00+00:00,1433.3488693895092,631.5445081550787
2025-02-18 13:00:00+00:00,1782.2123177561557,785.6827851575039
2025-02-18 14:00:00+00:00,2231.849214910632,1012.7642207359487
2025-02-18 15:00:00+00:00,2397.9516155662354,1281.6883182844397
2025-02-18 16:00:00+00:00,2669.210544919113,1390.6091169116576
2025-02-18 17:00:00+00:00,3214.22790670132,1400.9003753414454
2025-02-18 18:00:00+00:00,3698.36562301505,1527.4177313128162
2025-02-18 19:00:00+00:00,3895.3776965018137,1670.6779593199642
2025-02-18 20:00:00+00:00,3800.552897978125,1688.5583160665753
2025-02-18 21:00:00+00:00,3838.7228237778504,1703.458083013157
2025-02-18 22:00:00+00:00,3681.2461748275173,1518.657935601059
2025-02-18 23:00:00+00:00,3550.9641511695077,1548.7054707940579
2025-02-19 00:00:00+00:00,3424.3589904075375,1593.7522121075901
2025-02-19 01:00:00+00:00,3483.59132652033,1564.442813902835
2025-02-19 02:00:00+00:00,3417.59036471499,1617.703827619825
2025-02-19 03:00:00+00:00,3325.734422168805,1629.6917172355777
2025-02-19 04:00:00+00:00,3264.4751179341806,1649.3234961530009
2025-02-19 05:00:00+00:00,3273.521298466919,1669.5479325471765
2025-02-19 06:00:00+00:00,3309.5053523448364,1610.3231538116047
2025-02-19 07:00:00+00:00,3317.1691294812977,1635.9277467124396
2025-02-19 08:00:00+00:00,3375.995356007671,1563.8449855890372
2025-02-19 09:00:00+00:00,3212.2979912132646,1384.619597147022
2025-02-19 10:00:00+00:00,3114.595224117065,1371.9458755485243
2025-02-19 11:00:00+00:00,2825.9960916104815,1266.3388873932483
2025-02-19 12:00:00+00:00,2301.9596000187016,1185.5167155887489
2025-02-19 13:00:00+00:00,2060.590495328935,1127.555112679886
2025-02-19 14:00:00+00:00,2053.449171612416,1136.860928895812
2025-02-19 15:00:00+00:00,2287.005937039838,1074.1061589241274
2025-02-19 16:00:00+00:00,2474.728204017682,1209.5636932688037
2025-02-19 17:00:00+00:00,2854.293099585234,1335.8071937551113
2025-02-19 18:00:00+00:00,2740.348136694104,1400.4454411206164
2025-02-19 19:00:00+00:00,2605.0698911800628,1297.6120104052022
2025-02-19 20:00:00+00:00,2409.3654428307646,1313.1306867704595
2025-02-19 21:00:00+00:00,2288.485790826588,1306.6309446042776
2025-02-19 22:00:00+00:00,2487.922191374295,1289.9400792564772
2025-02-19 23:00:00+00:00,2157.2694366901273,1259.6386758523797
2025-02-20 00:00:00+00:00,1620.980646719057,1106.773120837363
2025-02-20 01:00:00+00:00,1468.3717442120096,941.7298468235197
2025-02-20 02:00:00+00:00,1555.419305501758,970.696378756489
2025-02-20 03:00:00+00:00,1567.1022151710006,1155.4909575748457
2025-02-20 04:00:00+00:00,1731.6594305025676,1203.8264506884839
2025-02-20 05:00:00+00:00,2052.5737091249453,1282.1090454294294
2025-02-20 06:00:00+00:00,2121.541935881005,1421.3912092826379
2025-02-20 07:00:00+00:00,2390.402193479819,1460.3929437724694
2025-02-20 08:00:00+00:00,2575.7586036310026,1340.4070510637712
2025-02-20 09:00:00+00:00,2902.7265402852145,1292.8941187970618
2025-02-20 10:00:00+00:00,2994.5120798962416,1275.8858436060075
2025-02-20 11:00:00+00:00,3123.625096625275,1310.584745599773
2025-02-20 12:00:00+00:00,3612.322894578084,1337.0702701426465
2025-02-20 13:00:00+00:00,3983.5177959957696,1389.0016826647275
2025-02-20 14:00:00+00:00,4051.684940766474,1459.9131497581523
2025-02-20 15:00:00+00:00,4107.471510623491,1458.6035358372078
2025-02-20 16:00:00+00:00,4212.7246941978465,1608.533447558821
2025-02-20 17:00:00+00:00,4335.596112856277,1816.479653734971
2025-02-20 18:00:00+00:00,4191.424027623991,1965.6463697965046
2025-02-20 19:00:00+00:00,4178.767011806717,1971.8040412042924
2025-02-20 20:00:00+00:00,4227.352594442844,1893.6005006066382
2025-02-20 21:00:00+00:00,4120.622142500261,1908.23178178355
2025-02-20 22:00:00+00:00,3930.1400406885605,1805.133445108729
2025-02-20 23:00:00+00:00,3788.752252326924,1731.6478955583893
2025-02-21 00:00:00+00:00,3590.3118345455173,1727.0790632720023
2025-02-21 01:00:00+00:00,3486.252318815278,1649.1013490383928
2025-02-21 02:00:00+00:00,3324.2802236889347,1434.0347013722544
2025-02-21 03:00:00+00:00,3420.357955804415,1357.933702668636
2025-02-21 04:00:00+00:00,3529.613765008676,1430.9616331404495
2025-02-21 05:00:00+00:00,3610.6304398374255,1438.0695452945204
2025-02-21 06:00:00+00:00,3801.2382327650007,1413.2701113851729
2025-02-21 07:00:00+00:00,3832.1757485648677,1527.1720171139814
2025-02-21 08:00:00+00:00,3951.318993713499,1673.9699926128108
2025-02-21 09:00:00+00:00,3989.138893620914,1726.4798428097693
2025-02-21 10:00:00+00:00,3956.3235684601423,1722.1604039716533
2025-02-21 11:00:00+00:00,3975.705058976729,1663.6975281868995
2025-02-21 12:00:00+00:00,4077.664419353107,1690.0276293008862
2025-02-21 13:00:00+00:00,3873.8682076626596,1737.4869638528357
2025-02-21 14:00:00+00:00,4094.1239891822956,1780.5642128870795
2025-02-21 15:00:00+00:00,4160.753804323706,1883.992090984377
2025-02-21 16:00:00+00:00,4323.069561235227,1883.8636155716313
2025-02-21 17:00:00+00:00,4222.525419182531,1864.357826087605
2025-02-21 18:00:00+00:00,4308.741967295564,1882.9982958799033
2025-02-21 19:00:00+00:00,4200.237520489682,1938.6162168978974
2025-02-21 20:00:00+00:00,4123.265235743898,2040.6501566547395
2025-02-21 21:00:00+00:00,4047.8167568997515,1924.3476898275617
2025-02-21 22:00:00+00:00,3932.079900094011,1700.7704410195893
2025-02-21 23:00:00+00:00,3628.0923565400476,1596.453974463859
2025-02-22 00:00:00+00:00,3427.378759242104,1569.3201065068201
2025-02-22 01:00:00+00:00,3323.220400972957,1605.0419392830274
2025-02-22 02:00:00+00:00,3488.3576450061846,1554.39319266575
2025-02-22 03:00:00+00:00,3719.9976209165125,1517.0713835806591
2025-02-22 04:00:00+00:00,3666.8028336893744,1564.490047510462
2025-02-22 05:00:00+00:00,3631.802233241839,1571.5080666512804
2025-02-22 06:00:00+00:00,3802.259671959833,1592.3460427487385
2025-02-22 07:00:00+00:00,3853.9346308522927,1748.241509394065
2025-02-22 08:00:00+00:00,3666.4277491252283,1827.2634343933419
2025-02-22 09:00:00+00:00,3562.8896924231926,1860.9623760538486
2025-02-22 10:00:00+00:00,3313.131103505465,1711.1721763716375
2025-02-22 11:00:00+00:00,3027.8196289680745,1541.5453530736625
2025-02-22 12:00:00+00:00,2649.7176825277006,1383.6031299108872
2025-02-22 13:00:00+00:00,2480.3282205379483,1198.1393254518355
2025-02-22 14:00:00+00:00,1949.011787021161,1043.2480950242477
2025-02-22 15:00:00+00:00,1155.8346193600228,944.0500610693357
2025-02-22 16:00:00+00:00,1350.1959427867548,864.1511819949784
2025-02-22 17:00:00+00:00,1249.7349318834817,807.1646796258863
2025-02-22 18:00:00+00:00,1306.6004167778744,906.6499933543449
2025-02-22 19:00:00+00:00,1540.7506351954403,844.5232812053392
2025-02-22 20:00:00+00:00,1744.0829631394029,935.4505613059888
2025-02-22 21:00:00+00:00,1747.2888821076072,1043.1521362213844
2025-02-22 22:00:00+00:00,1851.029198089461,946.6720732080954
2025-02-22 23:00:00+00:00,1938.654003783999,923.5960196225055
2025-02-23 00:00:00+00:00,1937.5402850357395,971.2674579324939
2025-02-23 01:00:00+00:00,1972.674730611414,992.2116350677323
2025-02-23 02:00:00+00:00,1969.1549816102179,1026.2954063314326
2025-02-23 03:00:00+00:00,1836.229268073527,1100.5321194018036
2025-02-23 04:00:00+00:00,1328.6047149466124,792.0019955033763
2025-02-23 05:00:00+00:00,1179.301468899243,651.2269513316304
2025-02-23 06:00:00+00:00,1323.6905304090913,656.7202198986596
2025-02-23 07:00:00+00:00,1530.8475873007599,747.909671381433
2025-02-23 08:00:00+00:00,2018.6856341555822,923.2359503736262
2025-02-23 09:00:00+00:00,2340.223794155333,1157.107639664953
2025-02-23 10:00:00+00:00,2507.6425705957095,1180.340111071169
2025-02-23 11:00:00+00:00,2600.6593660586072,1146.859836154182
2025-02-23 12:00:00+00:00,2821.2914254124767,1108.8523939646939
2025-02-23 13:00:00+00:00,3287.2808958449696,1348.7156912433093
2025-02-23 14:00:00+00:00,3596.4583687658223,1603.6067336853819
2025-02-23 15:00:00+00:00,3891.592643784514,1726.900669393933
2025-02-23 16:00:00+00:00,4062.7728064187895,1709.7173812567235
2025-02-23 17:00:00+00:00,4201.113778490545,1725.017092560939
2025-02-23 18:00:00+00:00,4344.9652718260095,1953.2218427679297
2025-02-23 19:00:00+00:00,4388.6059432198645,2096.1644620534757
2025-02-23 20:00:00+00:00,4331.025092908062,2220.188380738007
2025-02-23 21:00:00+00:00,4258.397504550579,2265.081786845305
2025-02-23 22:00:00+00:00,4117.715734324,2287.5345556885654
2025-02-23 23:00:00+00:00,4033.318127580891,2227.889745882221
2025-02-24 00:00:00+00:00,3925.8967722576917,2161.4281818231375
2025-02-24 01:00:00+00:00,3958.687436503323,2168.8181034745353
2025-02-24 02:00:00+00:00,3991.2338781377293,2196.689312906426
2025-02-24 03:00:00+00:00,3930.3771036792614,2173.803983656476
2025-02-24 04:00:00+00:00,3920.436766094349,2214.318685177983
2025-02-24 05:00:00+00:00,3920.7454252902953,2161.610354389817
2025-02-24 06:00:00+00:00,4100.789993647325,2226.7269041820296
2025-02-24 07:00:00+00:00,4186.505766080338,2278.7825162323766
2025-02-24 08:00:00+00:00,4288.566952170842,2310.470598917231
2025-02-24 09:00:00+00:00,4263.867454631316,2283.0504455783853
2025-02-24 10:00:00+00:00,4045.9516757531123,2248.4507838802238
2025-02-24 11:00:00+00:00,4209.208922763609,2315.703883763964
2025-02-24 12:00:00+00:00,4238.483417818306,2315.938361336142
2025-02-24 13:00:00+00:00,4096.227326589723,2291.862347417293
2025-02-24 14:00:00+00:00,3914.3089264387468,2230.2253732
2025-02-24 15:00:00+00:00,3836.8891654101803,2177.7708111837587
2025-02-24 16:00:00+00:00,3733.8928533278336,1972.1111093734553
2025-02-24 17:00:00+00:00,3865.12949305578,1836.3143880064297
2025-02-24 18:00:00+00:00,3908.052611370399,1745.4496551461957
2025-02-24 19:00:00+00:00,3952.561187874504,1663.280181973824
2025-02-24 20:00:00+00:00,3948.6922084943894,1684.3210139861437
2025-02-24 21:00:00+00:00,3837.594785788542,1625.2962074293887
2025-02-24 22:00:00+00:00,3321.4058349266857,1562.62337533704
2025-02-24 23:00:00+00:00,2788.867095083683,1371.214997619979
2025-02-25 00:00:00+00:00,2616.2705208556395,1117.9635082780226
2025-02-25 01:00:00+00:00,2556.914681288799,967.3054034855606
2025-02-25 02:00:00+00:00,2267.1690151065523,934.5626689217737
2025-02-25 03:00:00+00:00,2132.927124663436,880.985935827487
2025-02-25 04:00:00+00:00,1537.2633033649524,771.0807390977337
2025-02-25 05:00:00+00:00,1151.9581820418618,559.9911611937954
2025-02-25 06:00:00+00:00,1071.4510335404418,470.0587203089461
2025-02-25 07:00:00+00:00,1217.7488299942936,529.9236387268323
2025-02-25 08:00:00+00:00,1162.4912765427005,608.7096442859088
2025-02-25 09:00:00+00:00,1015.8438519532343,430.3398802161615
2025-02-25 10:00:00+00:00,806.5313515269876,350.43553198723674
2025-02-25 11:00:00+00:00,592.1335317448487,245.5251649650797
2025-02-25 12:00:00+00:00,436.0426174031201,249.10214121088492
2025-02-25 13:00:00+00:00,258.14133614165297,204.75543925207634
2025-02-25 14:00:00+00:00,159.0047555962431,114.90036204456142
2025-02-25 15:00:00+00:00,231.8491213529418,121.61181021208655
2025-02-25 16:00:00+00:00,180.50947135504745,120.03644509875603
2025-02-25 17:00:00+00:00,198.33811973120373,149.99160129915364
2025-02-25 18:00:00+00:00,266.41199055674144,190.78592577781333
2025-02-25 19:00:00+00:00,391.02339588097914,236.7577124369283
2025-02-25 20:00:00+00:00,308.3537436636303,244.19496713512723
2025-02-25 21:00:00+00:00,282.16484617665503,267.5088295052227
2025-02-25 22:00:00+00:00,139.1302456552036,258.9313057993191
2025-02-25 23:00:00+00:00,69.16982103640176,255.1682788590502
2025-02-26 00:00:00+00:00,139.0066427619816,216.9276020870583
2025-02-26 01:00:00+00:00,301.58452133603924,275.3302177323972
2025-02-26 02:00:00+00:00,532.3834655728766,287.61349141437347
2025-02-26 03:00:00+00:00,855.5859887466448,254.47021585790895
2025-02-26 04:00:00+00:00,889.2586784652284,304.33135449790177
2025-02-26 05:00:00+00:00,530.4657811032173,340.18051913635423
2025-02-26 06:00:00+00:00,462.86722952916887,381.3389401504382
2025-02-26 07:00:00+00:00,292.52143614372926,319.49359114412897
2025-02-26 08:00:00+00:00,308.63455989087004,284.6215655485134
2025-02-26 09:00:00+00:00,523.8934980596376,286.14427761923645
2025-02-26 10:00:00+00:00,619.940105713671,289.76257084181856
2025-02-26 11:00:00+00:00,1090.1195451797944,432.9905805566062
2025-02-26 12:00:00+00:00,2059.2599991814604,727.2544147661114
2025-02-26 13:00:00+00:00,2657.4701594073263,958.1092686785032
2025-02-26 14:00:00+00:00,2779.0991850264036,1045.9814790378334
2025-02-26 15:00:00+00:00,3081.0110352632983,1044.3999984153047
2025-02-26 16:00:00+00:00,3226.6341369218876,1084.7965661981575
2025-02-26 17:00:00+00:00,3750.2239477442768,1066.055662840168
2025-02-26 18:00:00+00:00,3501.0615961135636,1264.0616308705794
2025-02-26 19:00:00+00:00,3223.3106808500725,1527.234962111093
2025-02-26 20:00:00+00:00,3472.256453959918,1660.1328326790774
2025-02-26 21:00:00+00:00,2778.160280345951,1551.4454177931243
2025-02-26 22:00:00+00:00,2224.3509045596265,1384.0435460123197
2025-02-26 23:00:00+00:00,1664.4445152616252,1350.4851119046066
2025-02-27 00:00:00+00:00,1865.2279188596826,1039.043906188742
2025-02-27 01:00:00+00:00,1757.561744290214,845.8320001737181
2025-02-27 02:00:00+00:00,1629.237280210618,764.9239129229245
2025-02-27 03:00:00+00:00,1614.9063053390405,890.652716244858
2025-02-27 04:00:00+00:00,1196.9156269771854,797.1046669951231
2025-02-27 05:00:00+00:00,995.4822889381792,831.5091793144046
2025-02-27 06:00:00+00:00,1039.2792787134858,718.686735538429
2025-02-27 07:00:00+00:00,817.5474718152968,661.5488867465824
2025-02-27 08:00:00+00:00,793.5491696108915,578.7989871158545
2025-02-27 09:00:00+00:00,881.6668952907085,549.5055488985188
2025-02-27 10:00:00+00:00,1055.8267527724477,506.11551394260977
2025-02-27 11:00:00+00:00,1128.8054608531552,524.7774128768947
2025-02-27 12:00:00+00:00,984.7211804114693,694.8265046270558
2025-02-27 13:00:00+00:00,1427.7973791861311,843.5805978362766
2025-02-27 14:00:00+00:00,1791.9617321270807,760.6630437582662
2025-02-27 15:00:00+00:00,1878.568678437049,679.4444576868082
2025-02-27 16:00:00+00:00,2065.584728401487,589.2421886034408
2025-02-27 17:00:00+00:00,2425.8528556286597,579.5469188627326
2025-02-27 18:00:00+00:00,2873.32555860125,681.5038926989358
2025-02-27 19:00:00+00:00,2811.511980411018,735.8490917295217
2025-02-27 20:00:00+00:00,3221.4334681242112,846.5422941932554
2025-02-27 21:00:00+00:00,3399.781604173624,967.5676245872713
2025-02-27 22:00:00+00:00,3390.844806732233,847.4922366220164
2025-02-27 23:00:00+00:00,3435.563398771724,895.1269818768167
2025-02-28 00:00:00+00:00,3404.6171323245494,888.577321245311
2025-02-28 01:00:00+00:00,3267.793602047298,835.4165422156644
2025-02-28 02:00:00+00:00,2826.8371481437657,960.4132743389652
2025-02-28 03:00:00+00:00,2221.3647461658556,979.2279615640269
2025-02-28 04:00:00+00:00,1338.8938851537475,880.0751724332629
2025-02-28 05:00:00+00:00,1075.5326138744651,752.507092430331
2025-02-28 06:00:00+00:00,1315.942627731467,628.3468426383124
2025-02-28 07:00:00+00:00,1366.8080523087856,653.7984483700225
2025-02-28 08:00:00+00:00,1372.974275485533,735.9792078886376
2025-02-28 09:00:00+00:00,1317.6976297125414,641.7871408288042
2025-02-28 10:00:00+00:00,1129.7516245933061,648.488843957282
2025-02-28 11:00:00+00:00,779.7220530337274,522.5757301264291
2025-02-28 12:00:00+00:00,687.2935397239282,442.5751247771191
2025-02-28 13:00:00+00:00,666.7947009292328,504.8155456215386
2025-02-28 14:00:00+00:00,632.8971295187573,514.4393683157624
2025-02-28 15:00:00+00:00,622.8574521990672,499.64441025852597
2025-02-28 16:00:00+00:00,677.0599062954453,449.7644278950693
2025-02-28 17:00:00+00:00,588.672949052154,408.8891102092259
2025-02-28 18:00:00+00:00,659.5361881462121,452.8303365063495
2025-02-28 19:00:00+00:00,680.6698466274156,453.0661565073761
2025-02-28 20:00:00+00:00,632.0436430887295,450.77388466944046
2025-02-28 21:00:00+00:00,624.3068775985879,454.4702376435747
2025-02-28 22:00:00+00:00,507.106176713104,442.63190454544554
2025-02-28 23:00:00+00:00,448.18294727254073,390.9514764984185
2025-03-01 00:00:00+00:00,343.31954040028245,308.03675643686563
2025-03-01 01:00:00+00:00,326.119745360197,294.0318426166758
2025-03-01 02:00:00+00:00,307.262299290336,283.29305818451803
2025-03-01 03:00:00+00:00,284.1906210284,280.2381376019595
2025-03-01 04:00:00+00:00,219.04056023456545,229.5291805648541
2025-03-01 05:00:00+00:00,197.25781254539197,191.1021423509799
2025-03-01 06:00:00+00:00,186.27535241746546,188.38988916185906
2025-03-01 07:00:00+00:00,172.61469701749658,212.062888538578
2025-03-01 08:00:00+00:00,174.63032907349844,275.095690440632
2025-03-01 09:00:00+00:00,201.2542729465126,274.516656130711
2025-03-01 10:00:00+00:00,196.427296564547,278.92539134703554
2025-03-01 11:00:00+00:00,148.76053189573432,280.4394024900379
2025-03-01 12:00:00+00:00,139.19080411214023,250.91153642011088
2025-03-01 13:00:00+00:00,145.14989548954645,235.43934786867607
2025-03-01 14:00:00+00:00,169.34991005831287,219.78240133203894
2025-03-01 15:00:00+00:00,163.38684111394858,213.3186561468276
2025-03-01 16:00:00+00:00,148.8887089909581,212.361653536716
2025-03-01 17:00:00+00:00,231.3263696154775,219.2648204316201
2025-03-01 18:00:00+00:00,291.7614225372161,260.6759661063025
2025-03-01 19:00:00+00:00,283.5618671315031,276.8784359512389
2025-03-01 20:00:00+00:00,276.8337131827541,278.6399511982071
2025-03-01 21:00:00+00:00,294.5809208754439,226.24226838946615
2025-03-01 22:00:00+00:00,220.4481217418524,157.28029387146867
2025-03-01 23:00:00+00:00,180.56635056254785,131.95308654637222
2025-03-02 00:00:00+00:00,110.41151614372198,107.76560131352372
2025-03-02 01:00:00+00:00,115.7602498714124,137.20571231243827
2025-03-02 02:00:00+00:00,115.99562239615616,131.53484538073118
2025-03-02 03:00:00+00:00,105.6351543012978,135.0544949427532
2025-03-02 04:00:00+00:00,86.3702127115309,126.88193727276811
2025-03-02 05:00:00+00:00,131.54979854651418,154.94436823616823
2025-03-02 06:00:00+00:00,176.50923226531665,196.89795460475736
2025-03-02 07:00:00+00:00,184.04025810455207,217.14567219553447
2025-03-02 08:00:00+00:00,218.66010595502607,219.23215466297697
2025-03-02 09:00:00+00:00,219.11633288511666,185.58003642350462
2025-03-02 10:00:00+00:00,208.0144463092741,175.42118125383342
2025-03-02 11:00:00+00:00,244.39158324182333,188.3334077110545
2025-03-02 12:00:00+00:00,254.88599590399468,188.65593867176696
2025-03-02 13:00:00+00:00,241.42630707458227,175.3232833870779
2025-03-02 14:00:00+00:00,178.82954595030668,176.25985124694242
2025-03-02 15:00:00+00:00,147.99823118822022,184.07765966385466
2025-03-02 16:00:00+00:00,162.28704385004227,182.00992148070208
2025-03-02 17:00:00+00:00,175.2607734363525,160.67599250315982
2025-03-02 18:00:00+00:00,184.77163322896715,140.65396454756294
2025-03-02 19:00:00+00:00,249.72589828929074,154.0158549493938
2025-03-02 20:00:00+00:00,307.02722508311405,185.7857263548238
2025-03-02 21:00:00+00:00,337.8774332882513,201.34223932576967
2025-03-02 22:00:00+00:00,369.9626760338693,206.73079844262776
2025-03-02 23:00:00+00:00,398.2707217569302,224.28112900078983
2025-03-03 00:00:00+00:00,427.9704435792393,237.56217535419793
2025-03-03 01:00:00+00:00,420.1622807622004,218.92538481133582
2025-03-03 02:00:00+00:00,432.6125625368286,219.3792252012516
2025-03-03 03:00:00+00:00,431.0934302763678,244.44411198546334
2025-03-03 04:00:00+00:00,445.0922783069466,294.36561020404486
2025-03-03 05:00:00+00:00,457.7591386024417,311.8275269066671
2025-03-03 06:00:00+00:00,413.74852862169325,289.5881048111203
2025-03-03 07:00:00+00:00,267.560711894232,243.26884038852765
2025-03-03 08:00:00+00:00,222.87075833683875,191.0553562196356
2025-03-03 09:00:00+00:00,242.76704545697365,174.71615751051553
2025-03-03 10:00:00+00:00,282.2866591647459,188.16182541640075
2025-03-03 11:00:00+00:00,289.73465329373164,206.00320200682285
2025-03-03 12:00:00+00:00,330.232847912363,204.7812934373038
2025-03-03 13:00:00+00:00,325.79447982220086,191.26581923130448
2025-03-03 14:00:00+00:00,287.56250397792974,197.96697544432558
2025-03-03 15:00:00+00:00,277.0099193989966,180.09412635534775
2025-03-03 16:00:00+00:00,199.40898019549007,145.00114691521136
2025-03-03 17:00:00+00:00,174.42091017315607,133.3803867296886
2025-03-03 18:00:00+00:00,195.45995228034442,137.6000880763309
2025-03-03 19:00:00+00:00,247.42030160204556,168.489823353114
2025-03-03 20:00:00+00:00,272.73383604072365,184.69572384955174
2025-03-03 21:00:00+00:00,298.39769468923373,201.04635806367625
2025-03-03 22:00:00+00:00,273.42722540068917,190.84340162035744
2025-03-03 23:00:00+00:00,231.90918261400867,179.2312429233815
2025-03-04 00:00:00+00:00,267.8923415393611,199.22159950207475
2025-03-04 01:00:00+00:00,255.04887727092765,209.10168937746897
2025-03-04 02:00:00+00:00,331.5411691240461,159.45831009853373
2025-03-04 03:00:00+00:00,328.3595133142861,123.70485566500986
2025-03-04 04:00:00+00:00,265.8765106050113,111.08388654829345
2025-03-04 05:00:00+00:00,277.97249060284946,119.47580703601609
2025-03-04 06:00:00+00:00,371.30082899773794,169.12175930357733
2025-03-04 07:00:00+00:00,472.0154843739685,213.44628632659467
2025-03-04 08:00:00+00:00,564.0487766868964,239.92435293142162
2025-03-04 09:00:00+00:00,563.6222820698174,237.87804389025564
2025-03-04 10:00:00+00:00,501.5244570008447,173.44651813749965
2025-03-04 11:00:00+00:00,438.2154627931397,130.37975993610772
2025-03-04 12:00:00+00:00,475.0729406554628,126.49830093966227
2025-03-04 13:00:00+00:00,489.173962437277,167.0712240975184
2025-03-04 14:00:00+00:00,476.6899707826791,126.32990069857499
2025-03-04 15:00:00+00:00,498.05726160308217,121.76484710079828
2025-03-04 16:00:00+00:00,675.8746410615275,146.04326945822567
2025-03-04 17:00:00+00:00,1069.2802763730751,294.3006267038674
2025-03-04 18:00:00+00:00,1204.6964440213876,406.77622664109924
2025-03-04 19:00:00+00:00,1178.5171921342856,392.5714898008534
2025-03-04 20:00:00+00:00,1072.1323907603592,305.1832499011464
2025-03-04 21:00:00+00:00,1073.2664945392787,342.10735201001717
2025-03-04 22:00:00+00:00,1164.2175406025028,344.6124733997965
2025-03-04 23:00:00+00:00,1176.5741506752686,438.28934609938585
2025-03-05 00:00:00+00:00,1115.5469374726472,607.0938074287799
2025-03-05 01:00:00+00:00,1445.8319660915415,727.7368439185383
2025-03-05 02:00:00+00:00,1622.8047589260277,774.707037173819
2025-03-05 03:00:00+00:00,1563.3335699174033,764.1637501576504
2025-03-05 04:00:00+00:00,1764.6656788773266,803.326029193827
2025-03-05 05:00:00+00:00,2013.9205089398145,833.9528970142687
2025-03-05 06:00:00+00:00,2045.6149557318022,817.0588774340849
2025-03-05 07:00:00+00:00,1988.636309057452,886.3031473370346
2025-03-05 08:00:00+00:00,1906.7282614733997,826.1906253760085
2025-03-05 09:00:00+00:00,1600.208797672277,743.8263011422786
2025-03-05 10:00:00+00:00,1412.780970088504,600.2295709704779
2025-03-05 11:00:00+00:00,1300.4762563717084,512.5804026783215
2025-03-05 12:00:00+00:00,1321.9686416729428,490.1952027537614
2025-03-05 13:00:00+00:00,1018.0044663248578,435.86690838274734
2025-03-05 14:00:00+00:00,1048.4326546757438,333.9788956136797
2025-03-05 15:00:00+00:00,1034.538913852032,262.36280253363293
2025-03-05 16:00:00+00:00,1024.1838154725672,222.7163044398982
2025-03-05 17:00:00+00:00,982.7838069853674,227.4244012894045
2025-03-05 18:00:00+00:00,929.3597130230966,252.99001403405023
2025-03-05 19:00:00+00:00,873.8417283749238,251.95887951975763
2025-03-05 20:00:00+00:00,803.5560320031774,272.8057554232842
2025-03-05 21:00:00+00:00,869.3830746932755,256.53049610301514
2025-03-05 22:00:00+00:00,885.3590718195368,238.9254367094894
2025-03-05 23:00:00+00:00,953.739115861672,263.70304372015454
2025-03-06 00:00:00+00:00,1134.6182772056784,319.37928581367146
2025-03-06 01:00:00+00:00,1199.7770886468209,353.1064681995806
2025-03-06 02:00:00+00:00,1212.4882988138984,382.24846055498784
2025-03-06 03:00:00+00:00,1181.1653567757946,394.6709490804966
2025-03-06 04:00:00+00:00,1072.6347574671634,366.61448446753354
2025-03-06 05:00:00+00:00,911.2119643377291,325.34011737662183
2025-03-06 06:00:00+00:00,915.8496085324906,311.3770674486657
2025-03-06 07:00:00+00:00,961.7265675093458,322.6858372259149
2025-03-06 08:00:00+00:00,910.5700844698706,332.655260769208
2025-03-06 09:00:00+00:00,988.1679410589846,374.89438672579956
2025-03-06 10:00:00+00:00,963.6181989154298,288.5697979502674
2025-03-06 11:00:00+00:00,886.9534795346791,228.68921786248373
2025-03-06 12:00:00+00:00,919.9710639752686,215.6536868295625
2025-03-06 13:00:00+00:00,854.7946518003369,234.60808609402648
2025-03-06 14:00:00+00:00,1148.8128215305942,265.0182262348403
2025-03-06 15:00:00+00:00,1054.4078551993302,254.99624908811367
2025-03-06 16:00:00+00:00,1121.6631427448972,233.58252017347513
2025-03-06 17:00:00+00:00,1410.6188641292713,304.1788148050598
2025-03-06 18:00:00+00:00,1725.1616771198649,460.5422422030031
2025-03-06 19:00:00+00:00,1592.6485367158996,550.1210773852802
2025-03-06 20:00:00+00:00,1743.5935235252123,562.7960419734524
2025-03-06 21:00:00+00:00,1880.864331206899,545.1417601888204
2025-03-06 22:00:00+00:00,2177.372457852908,528.2765282494956
2025-03-06 23:00:00+00:00,2148.6118644491926,551.4654950171077
2025-03-07 00:00:00+00:00,2087.6154773904964,588.6708111099141
2025-03-07 01:00:00+00:00,1927.713904744176,570.2616865558144
2025-03-07 02:00:00+00:00,1655.695260102307,528.4359292453403
2025-03-07 03:00:00+00:00,1472.2921336450572,497.11388215980196
2025-03-07 04:00:00+00:00,1255.6450991873037,448.8430245092324
2025-03-07 05:00:00+00:00,1191.3212784898342,427.0076734970385
2025-03-07 06:00:00+00:00,1302.737801504893,419.45919608277455
2025-03-07 07:00:00+00:00,1194.3152925783472,436.7131357530767
2025-03-07 08:00:00+00:00,1087.8275716593807,415.11315726562657
2025-03-07 09:00:00+00:00,1089.7773749822265,298.3151353150603
2025-03-07 10:00:00+00:00,1126.916215987246,216.30491397977246
2025-03-07 11:00:00+00:00,1020.9558210077456,207.8832984687285
2025-03-07 12:00:00+00:00,891.3628113860474,202.66363678882743
2025-03-07 13:00:00+00:00,738.6731642697513,192.34717052844272
2025-03-07 14:00:00+00:00,592.0186297793474,191.01851400568648
2025-03-07 15:00:00+00:00,491.11049063040025,150.92200393023316
2025-03-07 16:00:00+00:00,395.5591149224401,90.69612752585041
2025-03-07 17:00:00+00:00,368.3783116752961,76.61792703445816
2025-03-07 18:00:00+00:00,434.9846840314475,115.33013815438086
2025-03-07 19:00:00+00:00,532.7916633819485,163.70535721801275
2025-03-07 20:00:00+00:00,560.8706012482247,210.44610700929658
2025-03-07 21:00:00+00:00,649.4094518297273,225.0619751142459
2025-03-07 22:00:00+00:00,860.9184144498072,219.57740747493742
2025-03-07 23:00:00+00:00,820.726591926121,206.65273869107563
2025-03-08 00:00:00+00:00,1090.244043025582,246.66961041809034
2025-03-08 01:00:00+00:00,1482.5663879760993,305.3000412109527
2025-03-08 02:00:00+00:00,1487.4670487859632,323.060524033365
2025-03-08 03:00:00+00:00,1121.323856283374,244.39051427070333
2025-03-08 04:00:00+00:00,1045.359984200635,249.415175730485
2025-03-08 05:00:00+00:00,1054.5256906204631,257.44528678378424
2025-03-08 06:00:00+00:00,989.3270040705662,238.5462751392114
2025-03-08 07:00:00+00:00,1354.9934851732307,298.6114143338495
2025-03-08 08:00:00+00:00,1457.8184635588589,344.28377721029904
2025-03-08 09:00:00+00:00,1393.9777183684469,369.80702886684134
2025-03-08 10:00:00+00:00,1019.9917582162834,269.49706606880085
2025-03-08 11:00:00+00:00,898.4184185346195,197.96787039689116
2025-03-08 12:00:00+00:00,532.6510563899808,180.6224466865534
2025-03-08 13:00:00+00:00,527.3959446445659,208.7022919352918
2025-03-08 14:00:00+00:00,833.4236320109105,339.46763969829414
2025-03-08 15:00:00+00:00,1356.6904146767172,360.07939167501183
2025-03-08 16:00:00+00:00,1848.304763601531,402.89506596217564
2025-03-08 17:00:00+00:00,2044.3469073855695,480.46120145479904
2025-03-08 18:00:00+00:00,2040.1018490495694,602.8164313612456
2025-03-08 19:00:00+00:00,2100.8810609523553,703.4113868318318
2025-03-08 20:00:00+00:00,2155.394610504441,760.4761975504108
2025-03-08 21:00:00+00:00,2496.571609602966,857.3471559565041
2025-03-08 22:00:00+00:00,2929.284555985899,842.689622837669
2025-03-08 23:00:00+00:00,2579.8598729214687,778.6000808340299
2025-03-09 00:00:00+00:00,2024.0525652521058,624.181037323952
2025-03-09 01:00:00+00:00,1532.609351145663,556.0778319420984
2025-03-09 02:00:00+00:00,1448.0779987135895,454.59478520894925
2025-03-09 03:00:00+00:00,1275.1875817265184,366.5396067695479
2025-03-09 04:00:00+00:00,1103.2833030275265,322.83161505492814
2025-03-09 05:00:00+00:00,1069.0433128215482,336.32923992920314
2025-03-09 06:00:00+00:00,927.0959802280851,372.01094899872083
2025-03-09 07:00:00+00:00,856.0112900936364,377.7399878471897
2025-03-09 08:00:00+00:00,969.5175273492911,404.9136811933961
2025-03-09 09:00:00+00:00,717.6063289134433,270.4779340806609
2025-03-09 10:00:00+00:00,611.9254077323343,198.16267173866262
2025-03-09 11:00:00+00:00,389.84215793360636,129.42494498782307
2025-03-09 12:00:00+00:00,350.745160715129,150.46622447642534
2025-03-09 13:00:00+00:00,478.73971047534644,186.71851552607814
2025-03-09 14:00:00+00:00,561.387287196078,170.64253231040834
2025-03-09 15:00:00+00:00,798.7321879551913,177.42309070382996
2025-03-09 16:00:00+00:00,771.5857906622347,168.47654822339143
2025-03-09 17:00:00+00:00,835.409084277618,184.05891537956478
2025-03-09 18:00:00+00:00,900.422316768095,251.2829914544076
2025-03-09 19:00:00+00:00,1170.131586034109,302.8145590580288
2025-03-09 20:00:00+00:00,1304.549284936772,326.15880009576654
2025-03-09 21:00:00+00:00,1138.1895356989814,292.49555709870833
2025-03-09 22:00:00+00:00,1056.3768502827488,282.9628704074113
2025-03-09 23:00:00+00:00,937.2514047462549,221.54938573357447
2025-03-10 00:00:00+00:00,765.5361599169454,171.94448941495855
2025-03-10 01:00:00+00:00,607.2756319583507,141.71393642230157
2025-03-10 02:00:00+00:00,478.8341776906006,116.62324517244936
2025-03-10 03:00:00+00:00,416.1261192708795,106.29544284623414
2025-03-10 04:00:00+00:00,379.5657159407372,96.88929871873904
2025-03-10 05:00:00+00:00,423.3002827745956,135.74042636467235
2025-03-10 06:00:00+00:00,533.4618336947964,173.43906019945328
2025-03-10 07:00:00+00:00,626.4149880863649,214.45136777731193
2025-03-10 08:00:00+00:00,863.2626929757196,225.47300693977544
2025-03-10 09:00:00+00:00,842.0020009497928,210.20854682272585
2025-03-10 10:00:00+00:00,726.2105520375529,151.98471038225546
2025-03-10 11:00:00+00:00,734.5276942664639,113.69287215526538
2025-03-10 12:00:00+00:00,687.4179878501288,101.67530616103653
2025-03-10 13:00:00+00:00,666.2839316122296,122.1250157888515
2025-03-10 14:00:00+00:00,679.3855399762418,173.11454045526176
2025-03-10 15:00:00+00:00,769.217597014987,201.55822121159287
2025-03-10 16:00:00+00:00,933.3211708349862,218.1450358937495
2025-03-10 17:00:00+00:00,1160.685162826215,285.123087022339
2025-03-10 18:00:00+00:00,1581.2080597527513,331.5724178844605
2025-03-10 19:00:00+00:00,1696.6401354903296,322.1430484948993
2025-03-10 20:00:00+00:00,1592.4508516380836,299.9351983370821
2025-03-10 21:00:00+00:00,1666.105646662489,281.48659643092367
2025-03-10 22:00:00+00:00,1490.3641096798733,251.81320112991833
2025-03-10 23:00:00+00:00,1359.1921054149952,276.96862728201313
2025-03-11 00:00:00+00:00,1632.3322250606923,342.7479888882013
2025-03-11 01:00:00+00:00,1565.7969765737098,324.3591002060009
2025-03-11 02:00:00+00:00,1492.382327154398,296.2524685297792
2025-03-11 03:00:00+00:00,1977.7680051012223,372.29509643828794
2025-03-11 04:00:00+00:00,2564.201981712679,485.6199069210677
2025-03-11 05:00:00+00:00,2574.3205142973125,494.62646094298606
2025-03-11 06:00:00+00:00,2481.6923271262185,494.75200290010014
2025-03-11 07:00:00+00:00,2088.3948816359302,425.01262535004463
2025-03-11 08:00:00+00:00,1872.627187793432,316.7514067636487
2025-03-11 09:00:00+00:00,1628.0142778101856,267.10565337443535
2025-03-11 10:00:00+00:00,1489.8113273118756,253.99395193426707
2025-03-11 11:00:00+00:00,1282.0038387833886,255.50144981137552
2025-03-11 12:00:00+00:00,1317.19735122839,295.71266297398216
2025-03-11 13:00:00+00:00,1621.8223993265583,401.6152340738297
2025-03-11 14:00:00+00:00,1717.1604034270117,471.8720433655431
2025-03-11 15:00:00+00:00,1782.2133121478953,510.46558004630276
2025-03-11 16:00:00+00:00,2085.073414347594,551.2392211767805
2025-03-11 17:00:00+00:00,2211.728891331584,619.9889303480812
2025-03-11 18:00:00+00:00,2269.759803344691,642.4766520609857
2025-03-11 19:00:00+00:00,1797.1423142116187,533.6300350575358
2025-03-11 20:00:00+00:00,1368.8252753915706,315.2542008410442
2025-03-11 21:00:00+00:00,1109.9459265606413,304.1431658611981
2025-03-11 22:00:00+00:00,962.1357597101572,301.38974485406123
2025-03-11 23:00:00+00:00,1124.1359961227292,248.2597422487527
2025-03-12 00:00:00+00:00,1328.7470124045374,264.3755508535902
2025-03-12 01:00:00+00:00,1251.819972482902,282.0989428641185
2025-03-12 02:00:00+00:00,1300.938847408932,307.15542703813134
2025-03-12 03:00:00+00:00,1455.9824186510139,280.61799524645517
2025-03-12 04:00:00+00:00,1582.5949379118563,260.6102865319073
2025-03-12 05:00:00+00:00,1306.3877163847917,259.8429641461087
2025-03-12 06:00:00+00:00,1135.6611952620844,258.43664562849614
2025-03-12 07:00:00+00:00,1129.3137939103965,308.8634440095135
2025-03-12 08:00:00+00:00,1095.4567439633065,283.78637592649267
2025-03-12 09:00:00+00:00,945.329147163877,204.99016542218945
2025-03-12 10:00:00+00:00,854.0266830599074,212.15143912298203
2025-03-12 11:00:00+00:00,747.7416191774546,224.21783596656957
2025-03-12 12:00:00+00:00,766.3151166860964,230.63121521017433
2025-03-12 13:00:00+00:00,675.3697386557875,232.4522945223396
2025-03-12 14:00:00+00:00,614.005178055535,229.4711080872663
2025-03-12 15:00:00+00:00,521.8565860204101,216.54530818280082
2025-03-12 16:00:00+00:00,385.98073593071217,170.7084107631514
2025-03-12 17:00:00+00:00,454.02191612781326,144.9429749984496
2025-03-12 18:00:00+00:00,302.1982599176694,152.36282784120698
2025-03-12 19:00:00+00:00,253.72931943258797,91.96686072977977
2025-03-12 20:00:00+00:00,246.90083135732166,65.85164767070272
2025-03-12 21:00:00+00:00,348.253712211768,65.52578549766285
2025-03-12 22:00:00+00:00,416.2003008946475,81.73466916931915
2025-03-12 23:00:00+00:00,475.3032417823351,108.63519688973173
2025-03-13 00:00:00+00:00,576.5485294505656,129.20409058247623
2025-03-13 01:00:00+00:00,748.1542917493543,148.68795372864628
2025-03-13 02:00:00+00:00,910.9157350385269,161.89954181904906
2025-03-13 03:00:00+00:00,654.6645138555552,138.62992988136216
2025-03-13 04:00:00+00:00,627.9946788037623,118.06531207309756
2025-03-13 05:00:00+00:00,741.517323523119,114.18280896532563
2025-03-13 06:00:00+00:00,730.8176684059113,108.05332856335309
2025-03-13 07:00:00+00:00,870.595735419617,136.87020453952508
2025-03-13 08:00:00+00:00,1015.3252766610759,150.38438603626304
2025-03-13 09:00:00+00:00,933.1162266974716,174.8580572117447
2025-03-13 10:00:00+00:00,1271.075075809396,212.93939513737567
2025-03-13 11:00:00+00:00,1363.9744336078566,265.400072662815
2025-03-13 12:00:00+00:00,1485.9744667849475,323.11471838316874
2025-03-13 13:00:00+00:00,1488.141246385356,379.8909068993529
2025-03-13 14:00:00+00:00,1492.7721287162888,453.1787713718764
2025-03-13 15:00:00+00:00,1459.3622567344596,494.61736225856947
2025-03-13 16:00:00+00:00,1522.466257085063,444.1916577084656
2025-03-13 17:00:00+00:00,1766.5961910004257,448.8785740139202
2025-03-13 18:00:00+00:00,1287.126149511991,320.35433663385527
2025-03-13 19:00:00+00:00,1301.0094492224378,255.88279904348047
2025-03-13 20:00:00+00:00,1170.7383638735625,228.69309599026784
2025-03-13 21:00:00+00:00,1161.2501762126087,191.58278159827566
2025-03-13 22:00:00+00:00,824.3560223361858,146.34864716143147
2025-03-13 23:00:00+00:00,791.3260079988523,95.3030450158608
2025-03-14 00:00:00+00:00,705.1966183217875,89.94804662021143
2025-03-14 01:00:00+00:00,678.305282510017,77.00703252213134
2025-03-14 02:00:00+00:00,582.3278348014671,100.24348149530536
2025-03-14 03:00:00+00:00,766.25406103329,101.3056907514579
2025-03-14 04:00:00+00:00,723.6270228591127,150.0209855750564
2025-03-14 05:00:00+00:00,701.9424713542165,121.8243614464084
2025-03-14 06:00:00+00:00,626.0782373237773,130.88893822632764
2025-03-14 07:00:00+00:00,547.2451473158347,136.20053142254707
2025-03-14 08:00:00+00:00,421.40556875411903,117.58243544438788
2025-03-14 09:00:00+00:00,563.0076982552087,152.33279721067353
2025-03-14 10:00:00+00:00,641.1974168076833,208.82365744709992
2025-03-14 11:00:00+00:00,594.6857375834942,266.6991460313206
2025-03-14 12:00:00+00:00,628.6097100946538,338.6399080143198
2025-03-14 13:00:00+00:00,837.1029311667121,298.74461310735785
2025-03-14 14:00:00+00:00,1123.163679879829,373.50343156056255
2025-03-14 15:00:00+00:00,1448.610594929275,469.89350212142523
2025-03-14 16:00:00+00:00,1679.8637524529306,548.748965943507
2025-03-14 17:00:00+00:00,1917.872011941476,571.7700793854884
2025-03-14 18:00:00+00:00,2268.6071044402424,618.3524598623574
2025-03-14 19:00:00+00:00,2570.7303623609587,604.8212245472868
2025-03-14 20:00:00+00:00,2570.9682208650515,563.4325024063305
2025-03-14 21:00:00+00:00,2723.570162629922,563.7059601346978
2025-03-14 22:00:00+00:00,2980.574486396817,568.9377533938209
2025-03-14 23:00:00+00:00,2774.447420468941,514.8434891187023
2025-03-15 00:00:00+00:00,2730.11862999134,482.8059274569942
2025-03-15 01:00:00+00:00,2463.4993336167026,489.7362909659741
2025-03-15 02:00:00+00:00,2320.6493916412796,470.50450612577174
2025-03-15 03:00:00+00:00,2080.6070044103776,502.81935392404426
2025-03-15 04:00:00+00:00,2467.1590929748227,532.5956190505027
2025-03-15 05:00:00+00:00,2603.22509562491,600.9270870561625
2025-03-15 06:00:00+00:00,2943.4130726993108,582.3911775552743
2025-03-15 07:00:00+00:00,3179.941478401106,609.2253855616095
2025-03-15 08:00:00+00:00,2929.5076974922463,511.87602528963436
2025-03-15 09:00:00+00:00,2751.676247390687,454.39058686523936
2025-03-15 10:00:00+00:00,2241.962974414916,378.0180197775588
2025-03-15 11:00:00+00:00,1859.5203091532005,309.3567120319011
2025-03-15 12:00:00+00:00,1600.7045019544264,282.23756107260726
2025-03-15 13:00:00+00:00,1545.6460257290846,315.9263102177841
2025-03-15 14:00:00+00:00,1809.7917726516723,404.4122591587444
2025-03-15 15:00:00+00:00,2463.370858203957,549.5462195206651
2025-03-15 16:00:00+00:00,2934.954577684627,640.0497395815194
2025-03-15 17:00:00+00:00,3118.4053355061997,622.719878101905
2025-03-15 18:00:00+00:00,3339.178996243777,638.2605305246055
2025-03-15 19:00:00+00:00,3261.935640309801,616.96841571971
2025-03-15 20:00:00+00:00,2775.3505270467704,515.1051135853694
2025-03-15 21:00:00+00:00,2473.5361272003483,462.9108336069467
2025-03-15 22:00:00+00:00,2272.541315918469,393.7039528334028
2025-03-15 23:00:00+00:00,2227.7016069651045,371.5997182948434
2025-03-16 00:00:00+00:00,1914.6263173036912,332.4538964419557
2025-03-16 01:00:00+00:00,1714.5483352056472,321.9977678617558
2025-03-16 02:00:00+00:00,1511.5338148616343,275.78798596968403
2025-03-16 03:00:00+00:00,1299.7462733957286,221.09400403646245
2025-03-16 04:00:00+00:00,1375.6575421554471,235.85241819727162
2025-03-16 05:00:00+00:00,1333.0345312678148,229.56244296854098
2025-03-16 06:00:00+00:00,1305.2220903877294,182.94022467260763
2025-03-16 07:00:00+00:00,1127.5409923171849,131.24851027933713
2025-03-16 08:00:00+00:00,988.9920929326967,85.26376545286658
2025-03-16 09:00:00+00:00,834.1330310778823,73.72951734868182
2025-03-16 10:00:00+00:00,441.20500211882495,120.16760536919838
2025-03-16 11:00:00+00:00,348.4200739497893,153.99223814558027
2025-03-16 12:00:00+00:00,330.669783642707,171.5660736384852
2025-03-16 13:00:00+00:00,421.33854675087554,196.5720924317175
2025-03-16 14:00:00+00:00,486.5921734443809,228.24944811568213
2025-03-16 15:00:00+00:00,976.9989330407246,292.8706416628543
2025-03-16 16:00:00+00:00,1008.6455495900415,346.27802984390127
2025-03-16 17:00:00+00:00,1488.328888106603,386.2649579496598
2025-03-16 18:00:00+00:00,1648.72785550103,358.6296182383824
2025-03-16 19:00:00+00:00,1504.253972375801,320.7060032725356
2025-03-16 20:00:00+00:00,1248.5688086905495,284.5752268934518
2025-03-16 21:00:00+00:00,1160.2966539735855,306.3428101085977
2025-03-16 22:00:00+00:00,1149.594711755377,337.3457568849248
2025-03-16 23:00:00+00:00,1303.813435049529,371.47899913766594
2025-03-17 00:00:00+00:00,1657.728890648794,372.12644759926576
2025-03-17 01:00:00+00:00,1845.5216600009696,425.7811410059307
2025-03-17 02:00:00+00:00,1588.2676444682816,391.2602351335387
2025-03-17 03:00:00+00:00,1521.023991306067,440.9192636524746
2025-03-17 04:00:00+00:00,1505.9968427776532,554.7281440340514
2025-03-17 05:00:00+00:00,1617.751657862496,626.8421787776616
2025-03-17 06:00:00+00:00,1813.7934038898384,647.2723548227434
2025-03-17 07:00:00+00:00,1868.7462757124433,666.5461029943534
2025-03-17 08:00:00+00:00,1557.1681422540473,532.2207333647046
2025-03-17 09:00:00+00:00,1267.114413510898,455.20658472668737
2025-03-17 10:00:00+00:00,965.6517300227431,412.38340278189025
2025-03-17 11:00:00+00:00,1006.0429280902024,398.7189189737242
2025-03-17 12:00:00+00:00,1195.6702507626137,476.61201047030096
2025-03-17 13:00:00+00:00,1372.8625058540115,489.75329506471985
2025-03-17 14:00:00+00:00,1583.1879931453045,462.1387381407984
2025-03-17 15:00:00+00:00,1589.639308433772,486.8257560639935
2025-03-17 16:00:00+00:00,1923.1096721118624,573.8316523398561
2025-03-17 17:00:00+00:00,2457.8143960418815,607.1234403026175
2025-03-17 18:00:00+00:00,2509.5981413906443,627.4407528852641
2025-03-17 19:00:00+00:00,2513.374443460636,679.6824653496617
2025-03-17 20:00:00+00:00,2471.9452992954684,756.73967115
2025-03-17 21:00:00+00:00,2479.4929314767537,735.234358756152
2025-03-17 22:00:00+00:00,2492.791528844364,701.9511225623504
2025-03-17 23:00:00+00:00,2459.9986769369057,604.1634841311829
2025-03-18 00:00:00+00:00,2410.307728443131,530.1477249053326
2025-03-18 01:00:00+00:00,2243.731201806126,460.14095541652085
2025-03-18 02:00:00+00:00,1794.9580333165948,412.00274962400294
2025-03-18 03:00:00+00:00,1599.2120193925846,364.4970266974051
2025-03-18 04:00:00+00:00,1401.531913535213,361.0400238149727
2025-03-18 05:00:00+00:00,1468.272006720536,358.6896297798623
2025-03-18 06:00:00+00:00,1597.4266884634549,339.19810981729796
2025-03-18 07:00:00+00:00,1734.7094288460155,344.7324964827563
2025-03-18 08:00:00+00:00,1680.410667909665,291.8867407561888
2025-03-18 09:00:00+00:00,1369.395260736662,189.88545433809333
2025-03-18 10:00:00+00:00,1107.6331702528717,182.83302924308765
2025-03-18 11:00:00+00:00,583.2552045377411,224.73019631035592
2025-03-18 12:00:00+00:00,590.7485926496357,272.5591959914709
2025-03-18 13:00:00+00:00,941.7249743039961,372.11536013137015
2025-03-18 14:00:00+00:00,1356.2637211812903,460.59280702295763
2025-03-18 15:00:00+00:00,2280.8890356933703,605.9091388299058
2025-03-18 16:00:00+00:00,2567.1555240573934,657.2846863695967
2025-03-18 17:00:00+00:00,2633.7119530884274,664.1300293848478
2025-03-18 18:00:00+00:00,2594.3423930941485,711.977425313144
2025-03-18 19:00:00+00:00,2466.209448863584,816.0642868162196
2025-03-18 20:00:00+00:00,2574.4517740069286,797.8325617484498
2025-03-18 21:00:00+00:00,2751.3600308175205,844.0577069928971
2025-03-18 22:00:00+00:00,2798.322368378059,736.7169471201855
2025-03-18 23:00:00+00:00,2460.549569960598,599.5710350409825
2025-03-19 00:00:00+00:00,1859.0408134564052,507.0136485617419
2025-03-19 01:00:00+00:00,1135.1291956814425,346.142593688979
2025-03-19 02:00:00+00:00,784.256529085514,278.1107856340229
2025-03-19 03:00:00+00:00,664.2935073868246,258.1362398839879
2025-03-19 04:00:00+00:00,714.2271869042152,286.48679585391324
2025-03-19 05:00:00+00:00,727.1572129735736,294.9430534871826
2025-03-19 06:00:00+00:00,715.546396705446,286.55222683037346
2025-03-19 07:00:00+00:00,699.994408216915,269.68237096945995
2025-03-19 08:00:00+00:00,673.3403342741933,256.84348090302825
2025-03-19 09:00:00+00:00,530.5984826808559,151.9067500698773
2025-03-19 10:00:00+00:00,404.5798390266466,127.59591054174163
2025-03-19 11:00:00+00:00,295.994349293994,128.96633151755762
2025-03-19 12:00:00+00:00,274.0248548361391,140.97062859701228
2025-03-19 13:00:00+00:00,262.8048345216419,157.9223228980881
2025-03-19 14:00:00+00:00,299.19927387045874,158.94972844335754
2025-03-19 15:00:00+00:00,455.6022034802544,154.11514496458463
2025-03-19 16:00:00+00:00,480.2410431236699,130.13653171662173
2025-03-19 17:00:00+00:00,356.70773246362353,128.7005306055846
2025-03-19 18:00:00+00:00,326.5856178901609,155.79104308278036
2025-03-19 19:00:00+00:00,338.7738774414263,184.08412321016155
2025-03-19 20:00:00+00:00,332.3593546473211,159.82036813089204
2025-03-19 21:00:00+00:00,334.87844724104065,160.86761179136485
2025-03-19 22:00:00+00:00,295.37514155779644,179.7779097821812
2025-03-19 23:00:00+00:00,298.43816643303205,206.36456396496348
2025-03-20 00:00:00+00:00,312.56429660626907,212.29726667158226
2025-03-20 01:00:00+00:00,311.2729794933317,205.2661588494925
2025-03-20 02:00:00+00:00,331.4142847380837,197.14401684070094
2025-03-20 03:00:00+00:00,336.44342096069323,194.89206758780276
2025-03-20 04:00:00+00:00,317.45769835643443,191.74760202910068
2025-03-20 05:00:00+00:00,314.1068965117825,171.55523476852446
2025-03-20 06:00:00+00:00,239.31561116828254,169.40814412455836
2025-03-20 07:00:00+00:00,182.57074599189318,161.2025229292343
2025-03-20 08:00:00+00:00,167.57243482392542,142.31942155249374
2025-03-20 09:00:00+00:00,97.08140277291707,80.70229166535213
2025-03-20 10:00:00+00:00,69.31172073763089,73.91894897505989
2025-03-20 11:00:00+00:00,88.64756867337377,96.94717231797895
2025-03-20 12:00:00+00:00,115.43080788811027,98.50071053262707
2025-03-20 13:00:00+00:00,103.81661690301667,74.93273135349793
2025-03-20 14:00:00+00:00,91.05429500052786,51.217880514442065
2025-03-20 15:00:00+00:00,53.85419946435399,37.68977753335086
2025-03-20 16:00:00+00:00,59.9808458498689,37.74536403158989
2025-03-20 17:00:00+00:00,102.27003943054518,79.4871449596618
2025-03-20 18:00:00+00:00,190.603740781237,118.94947548828951
2025-03-20 19:00:00+00:00,421.6053420545881,146.77648420735886
2025-03-20 20:00:00+00:00,681.4917114001267,191.09209899441078
2025-03-20 21:00:00+00:00,1118.3528126440438,237.5913110321658
2025-03-20 22:00:00+00:00,1617.8715815062817,322.4538953526724
2025-03-20 23:00:00+00:00,2274.667922092601,485.09790097740796
2025-03-21 00:00:00+00:00,2338.179324738885,526.4166676594892
2025-03-21 01:00:00+00:00,2176.6294483451406,507.46286503006894
2025-03-21 02:00:00+00:00,1926.7302524354454,493.6707510421358
2025-03-21 03:00:00+00:00,2007.1530765173545,534.0713958311205
2025-03-21 04:00:00+00:00,2240.0561288152176,602.58881509207
2025-03-21 05:00:00+00:00,2289.5814116451884,656.3646254126082
2025-03-21 06:00:00+00:00,2413.05503394107,697.0806415417809
2025-03-21 07:00:00+00:00,2846.8526628334685,758.6186240614053
2025-03-21 08:00:00+00:00,3090.3382309016242,741.4219613552993
2025-03-21 09:00:00+00:00,2812.5543018323806,620.1572311499946
2025-03-21 10:00:00+00:00,2322.7728157618453,495.4472318847838
2025-03-21 11:00:00+00:00,2319.3692117158253,529.355791323981
2025-03-21 12:00:00+00:00,1093.7778129503051,504.6697677925253
2025-03-21 13:00:00+00:00,1325.899869975951,798.3349781748411
2025-03-21 14:00:00+00:00,1804.9645973913587,1024.3249196604047
2025-03-21 15:00:00+00:00,3658.1540120957475,1319.7707376110873
2025-03-21 16:00:00+00:00,3732.144314893066,1208.872690449013
2025-03-21 17:00:00+00:00,3628.790021784493,1104.467126393422
2025-03-21 18:00:00+00:00,3521.1864938946137,1117.56485662965
2025-03-21 19:00:00+00:00,3659.1635185897057,1171.701631151633
2025-03-21 20:00:00+00:00,3748.6333187177443,1189.2435963892865
2025-03-21 21:00:00+00:00,3858.7057224184973,1186.0325065840366
2025-03-21 22:00:00+00:00,3851.413251157572,1180.3928138333633
2025-03-21 23:00:00+00:00,3828.8047605679035,1093.466767214184
2025-03-22 00:00:00+00:00,3691.527389900736,1040.719456269829
2025-03-22 01:00:00+00:00,3281.0412865578455,1041.0792272011863
2025-03-22 02:00:00+00:00,2993.622894802765,998.557147075115
2025-03-22 03:00:00+00:00,2878.6310362882714,909.8396042980211
2025-03-22 04:00:00+00:00,2964.847982158001,922.6752128717123
2025-03-22 05:00:00+00:00,2923.204844890489,839.8450658276055
2025-03-22 06:00:00+00:00,2704.1880754782915,779.5345107516544
2025-03-22 07:00:00+00:00,2650.571865031946,731.0569687780262
2025-03-22 08:00:00+00:00,2437.8241389023624,803.0533669788514
2025-03-22 09:00:00+00:00,1866.1523054207382,807.0317791698998
2025-03-22 10:00:00+00:00,1458.563859606801,517.6103841339096
2025-03-22 11:00:00+00:00,1156.8746536803842,507.7926053308929
2025-03-22 12:00:00+00:00,846.8187350968414,451.6083782172435
2025-03-22 13:00:00+00:00,990.0021960616986,503.7612417797152
2025-03-22 14:00:00+00:00,1424.086309214252,653.0428100871632
2025-03-22 15:00:00+00:00,1449.3105472747213,717.8972879364262
2025-03-22 16:00:00+00:00,1306.0549929087492,867.1615041080196
2025-03-22 17:00:00+00:00,1357.3349794022724,741.5037500758747
2025-03-22 18:00:00+00:00,1411.44619805655,798.4047844749552
2025-03-22 19:00:00+00:00,1563.478850550547,825.82478865504
2025-03-22 20:00:00+00:00,1509.2561605822696,878.2912336525686
2025-03-22 21:00:00+00:00,1572.846716811019,748.6285171699302
2025-03-22 22:00:00+00:00,1666.7174958998141,826.0760217280291
2025-03-22 23:00:00+00:00,1684.672432026889,858.7541208287474
2025-03-23 00:00:00+00:00,1452.6156070993557,749.5415676651551
2025-03-23 01:00:00+00:00,1455.611013336304,699.7832988506153
2025-03-23 02:00:00+00:00,1584.394389203687,651.4532251719576
2025-03-23 03:00:00+00:00,1510.8103948711353,502.17026471607426
2025-03-23 04:00:00+00:00,1413.7117207566926,428.62912866749565
2025-03-23 05:00:00+00:00,1235.6859665092313,445.11703866126055
2025-03-23 06:00:00+00:00,1015.8411670955376,433.44601197330513
2025-03-23 07:00:00+00:00,1087.68487644476,438.79728139993136
2025-03-23 08:00:00+00:00,1124.8149668024716,393.17056110432566
2025-03-23 09:00:00+00:00,1240.1928481902462,322.6267206370006
2025-03-23 10:00:00+00:00,961.2364318209377,227.52398962211717
2025-03-23 11:00:00+00:00,706.9380965752043,218.77786679677843
2025-03-23 12:00:00+00:00,474.00844429830937,137.7183709737465
2025-03-23 13:00:00+00:00,204.83259162116616,62.580993800255875
2025-03-23 14:00:00+00:00,166.20057198008715,94.97678508612513
2025-03-23 15:00:00+00:00,125.34270586927231,71.46190642588623
2025-03-23 16:00:00+00:00,74.35984984246518,31.302501072908424
2025-03-23 17:00:00+00:00,119.81000966977116,52.883983874003555
2025-03-23 18:00:00+00:00,63.705936745275224,40.105453386160605
2025-03-23 19:00:00+00:00,77.32900413749034,51.85011478242726
2025-03-23 20:00:00+00:00,119.83496890243305,80.28395106053713
2025-03-23 21:00:00+00:00,133.52277119689074,54.73753007646408
2025-03-23 22:00:00+00:00,147.03277624832273,21.815307803694285
2025-03-23 23:00:00+00:00,117.71104758599772,22.63498491457852
2025-03-24 00:00:00+00:00,94.3364838151531,34.95728847233086
2025-03-24 01:00:00+00:00,143.70325438689645,94.05369123433108
2025-03-24 02:00:00+00:00,114.41076084171326,97.1920910034221
2025-03-24 03:00:00+00:00,198.7942472221204,112.00683124132657
2025-03-24 04:00:00+00:00,571.9418108389032,142.48314815240528
2025-03-24 05:00:00+00:00,802.8676146019095,164.3215817789917
2025-03-24 06:00:00+00:00,737.921602993024,196.0729574980667
2025-03-24 07:00:00+00:00,632.3554346186552,180.03988228595708
2025-03-24 08:00:00+00:00,492.658559690481,118.65697515811044
2025-03-24 09:00:00+00:00,449.51473612927646,109.42961645043222
2025-03-24 10:00:00+00:00,539.0669713325213,116.47005912497669
2025-03-24 11:00:00+00:00,541.9814838014601,191.67168021978853
2025-03-24 12:00:00+00:00,861.1407604427633,240.94827810560275
2025-03-24 13:00:00+00:00,995.6749026181237,274.7649557480685
2025-03-24 14:00:00+00:00,823.3620283533642,266.62153375605124
2025-03-24 15:00:00+00:00,825.4348876539752,282.949048362232
2025-03-24 16:00:00+00:00,753.2054040294072,294.014987676691
2025-03-24 17:00:00+00:00,712.0430054483651,255.96493580116461
2025-03-24 18:00:00+00:00,660.929529851624,257.68752061153066
2025-03-24 19:00:00+00:00,481.1458898870438,224.19620794623506
2025-03-24 20:00:00+00:00,274.52433780689876,176.0427258106188
2025-03-24 21:00:00+00:00,273.5025008553706,166.44301711607827
2025-03-24 22:00:00+00:00,246.5052623233416,168.3031263040196
2025-03-24 23:00:00+00:00,187.60495361237423,152.3491549547886
2025-03-25 00:00:00+00:00,165.4325038004839,126.82764348379045
2025-03-25 01:00:00+00:00,271.7564483999519,154.9773323223332
2025-03-25 02:00:00+00:00,348.17366367673685,200.13982083434516
2025-03-25 03:00:00+00:00,532.5295417194118,212.02699099678142
2025-03-25 04:00:00+00:00,693.214496178124,210.1126377394494
2025-03-25 05:00:00+00:00,859.816031767378,256.46944045020877
2025-03-25 06:00:00+00:00,1133.6155325755492,348.0225907117107
2025-03-25 07:00:00+00:00,1352.2204249292386,334.46823578869623
2025-03-25 08:00:00+00:00,1145.5689167979406,273.29101859216877
2025-03-25 09:00:00+00:00,1069.9637218156454,293.15742424053116
2025-03-25 10:00:00+00:00,917.6614897210653,300.4350293449505
2025-03-25 11:00:00+00:00,775.5519221153,311.8489063290667
2025-03-25 12:00:00+00:00,640.5951634506447,304.0146904484524
2025-03-25 13:00:00+00:00,654.3175208580506,330.79187008852625
2025-03-25 14:00:00+00:00,612.9099549936304,312.11421004516995
2025-03-25 15:00:00+00:00,689.9972908636762,294.2371845108862
2025-03-25 16:00:00+00:00,697.3573310433017,253.28674052912226
2025-03-25 17:00:00+00:00,660.3345355542837,266.90428904718306
2025-03-25 18:00:00+00:00,616.1124930299204,293.491589584596
2025-03-25 19:00:00+00:00,872.1956122893266,253.01119457810196
2025-03-25 20:00:00+00:00,1077.0837655489383,329.06650098128955
2025-03-25 21:00:00+00:00,1180.2258554602984,321.3556393959624
2025-03-25 22:00:00+00:00,1181.5775321518245,276.4786407523659
2025-03-25 23:00:00+00:00,976.8385376531404,323.76644272924847
2025-03-26 00:00:00+00:00,734.4469496572151,281.01868539789376
2025-03-26 01:00:00+00:00,691.5902567107962,264.78464361522765
2025-03-26 02:00:00+00:00,798.4189545572433,274.4264150803498
2025-03-26 03:00:00+00:00,820.9377510120077,292.59817832622656
2025-03-26 04:00:00+00:00,933.5969156643544,312.06687699836897
2025-03-26 05:00:00+00:00,852.181290869711,291.6763274641069
2025-03-26 06:00:00+00:00,864.1160799665734,297.6136416624177
2025-03-26 07:00:00+00:00,750.4474088202685,243.8941636339232
2025-03-26 08:00:00+00:00,524.9806665484521,232.69378255628143
2025-03-26 09:00:00+00:00,498.16758936658164,222.97892329830475
2025-03-26 10:00:00+00:00,360.2788915177525,176.8593700266975
2025-03-26 11:00:00+00:00,187.0535633928118,189.90757955429757
2025-03-26 12:00:00+00:00,181.38632599095396,173.37536940853718
2025-03-26 13:00:00+00:00,189.61094006850277,166.0522211624479
2025-03-26 14:00:00+00:00,148.80826269923114,166.09970336800987
2025-03-26 15:00:00+00:00,94.05835244561007,138.50110643150765
2025-03-26 16:00:00+00:00,57.90395926271275,105.65316522167981
2025-03-26 17:00:00+00:00,48.173935530708455,66.82446110947264
2025-03-26 18:00:00+00:00,49.473307216735904,44.329728934804685
2025-03-26 19:00:00+00:00,58.93723171924534,47.08687891096472
2025-03-26 20:00:00+00:00,72.04639746047783,36.87397855025075
2025-03-26 21:00:00+00:00,100.21413450909284,33.681583309703925
2025-03-26 22:00:00+00:00,174.5991051728776,45.0513590201725
2025-03-26 23:00:00+00:00,280.2109658476772,83.42463793062906
2025-03-27 00:00:00+00:00,445.4899355635796,97.5051255230222
2025-03-27 01:00:00+00:00,528.0766555098527,109.47162950142683
2025-03-27 02:00:00+00:00,647.7632860245432,135.9006228739086
2025-03-27 03:00:00+00:00,721.0759605709676,140.95307758280978
2025-03-27 04:00:00+00:00,798.3956360709516,162.4929450896061
2025-03-27 05:00:00+00:00,832.2754078692898,185.29186169739245
2025-03-27 06:00:00+00:00,872.862550829021,191.75734706814794
2025-03-27 07:00:00+00:00,892.6313569281498,193.25122177842502
2025-03-27 08:00:00+00:00,868.4637595300916,197.28502158936453
2025-03-27 09:00:00+00:00,827.7629575945335,185.09357998453268
2025-03-27 10:00:00+00:00,784.4333816563872,190.2452749890377
2025-03-27 11:00:00+00:00,1043.0957542097537,199.06538055979655
2025-03-27 12:00:00+00:00,957.9276927468674,193.36691925731787
2025-03-27 13:00:00+00:00,835.7425038278783,185.72710696177924
2025-03-27 14:00:00+00:00,808.8454005440186,195.1060606901469
2025-03-27 15:00:00+00:00,798.5093944859524,175.51584734743548
2025-03-27 16:00:00+00:00,826.2592384060353,150.9932023787826
2025-03-27 17:00:00+00:00,773.0524687584359,132.8213396937319
2025-03-27 18:00:00+00:00,678.834895550484,139.39794834137845
2025-03-27 19:00:00+00:00,758.30797608198,172.3872423369787
2025-03-27 20:00:00+00:00,1092.030964981495,233.3668366051738
2025-03-27 21:00:00+00:00,1493.0794952029737,351.7548909472285
2025-03-27 22:00:00+00:00,1917.6464838949535,493.5209956461645
2025-03-27 23:00:00+00:00,2155.527262362493,616.3514453649265
2025-03-28 00:00:00+00:00,2345.092733868706,662.3800490820581
2025-03-28 01:00:00+00:00,2526.0795878381023,701.9715573125975
2025-03-28 02:00:00+00:00,2470.4014066806935,710.786044570028
2025-03-28 03:00:00+00:00,2250.266940953278,700.7203141867626
2025-03-28 04:00:00+00:00,2251.2591450309687,673.3438146452817
2025-03-28 05:00:00+00:00,2360.8969995415528,622.3148623463995
2025-03-28 06:00:00+00:00,2557.1758085595966,590.3022599173534
2025-03-28 07:00:00+00:00,2556.3327632428336,606.2954103011214
2025-03-28 08:00:00+00:00,2362.009326141377,567.9431130563686
2025-03-28 09:00:00+00:00,1873.3634354373708,526.6119164775434
2025-03-28 10:00:00+00:00,1448.8569057631535,443.9891995502999
2025-03-28 11:00:00+00:00,1443.425935838605,432.3318954683498
2025-03-28 12:00:00+00:00,1288.1895520382309,344.2148161431635
2025-03-28 13:00:00+00:00,1082.261066140736,300.4116114194849
2025-03-28 14:00:00+00:00,1657.687424513256,333.4076672789139
2025-03-28 15:00:00+00:00,1777.4068202357637,291.60527817431836
2025-03-28 16:00:00+00:00,1378.130494972453,260.7598430495308
2025-03-28 17:00:00+00:00,520.8701991343958,240.18786674239377
2025-03-28 18:00:00+00:00,398.9115077938753,230.2201833846448
2025-03-28 19:00:00+00:00,417.6205160368198,178.03638180917733
2025-03-28 20:00:00+00:00,500.4911845443121,156.91972742671965
2025-03-28 21:00:00+00:00,794.48369896769,217.7142156726036
2025-03-28 22:00:00+00:00,902.6131606485999,256.2543037973642
2025-03-28 23:00:00+00:00,662.1860929732652,288.91316141792277
2025-03-29 00:00:00+00:00,920.522553634005,272.5243922805878
2025-03-29 01:00:00+00:00,1345.5207105842396,281.3502156038489
2025-03-29 02:00:00+00:00,1252.1029763719685,283.676445919689
2025-03-29 03:00:00+00:00,1233.9315611632005,302.22866344510516
2025-03-29 04:00:00+00:00,1302.647112978249,307.6542139346733
2025-03-29 05:00:00+00:00,1278.714291469891,313.6549703259653
2025-03-29 06:00:00+00:00,981.2982851657023,301.4178364207026
2025-03-29 07:00:00+00:00,759.7573020423267,241.7574146640481
2025-03-29 08:00:00+00:00,509.9650529642167,169.4657691258634
2025-03-29 09:00:00+00:00,422.77285739595555,187.57031149014878
2025-03-29 10:00:00+00:00,364.47462802347246,199.12549154045038
2025-03-29 11:00:00+00:00,314.542738411213,191.38827857402603
2025-03-29 12:00:00+00:00,350.5339519096555,217.69731101303177
2025-03-29 13:00:00+00:00,351.74303282573476,257.8926636273931
2025-03-29 14:00:00+00:00,381.7848999858183,262.3586758079139
2025-03-29 15:00:00+00:00,380.51307295097547,207.77709743094803
2025-03-29 16:00:00+00:00,454.0594046963931,188.00545731536164
2025-03-29 17:00:00+00:00,786.0437990785356,209.85165962741306
2025-03-29 18:00:00+00:00,1327.1042772508547,306.89265902096383
2025-03-29 19:00:00+00:00,2089.7504364552406,495.62010688869884
2025-03-29 20:00:00+00:00,3133.0932970122644,837.6802750106759
2025-03-29 21:00:00+00:00,3775.6409983630383,1053.2354673384393
2025-03-29 22:00:00+00:00,3795.616737383161,1184.0405410514352
2025-03-29 23:00:00+00:00,3632.6216120352015,1220.1877746138082
2025-03-30 00:00:00+00:00,3677.6472722438557,1270.003419831718
2025-03-30 01:00:00+00:00,3725.845042101571,1347.376543887701
2025-03-30 02:00:00+00:00,3686.407067955613,1359.264596572806
2025-03-30 03:00:00+00:00,3692.5547954460058,1299.5679789568333
2025-03-30 04:00:00+00:00,3523.842315352517,1231.8222574053361
2025-03-30 05:00:00+00:00,2973.0011989086524,896.8854642289793
2025-03-30 06:00:00+00:00,3086.0764667844,859.9988009691014
2025-03-30 07:00:00+00:00,3095.9816029017334,891.3425257945612
2025-03-30 08:00:00+00:00,3046.7345508804797,884.7986326351447
2025-03-30 09:00:00+00:00,2555.981742958784,817.0842841430295
2025-03-30 10:00:00+00:00,2401.7032567210867,866.9764478052954
2025-03-30 11:00:00+00:00,1846.1869080747067,796.1752587557831
2025-03-30 12:00:00+00:00,1667.6394959206946,698.9173328042566
2025-03-30 13:00:00+00:00,1614.408512834238,710.0542219693302
2025-03-30 14:00:00+00:00,1766.5226060117016,762.8229620556721
2025-03-30 15:00:00+00:00,2541.4111196779827,856.0234216728585
2025-03-30 16:00:00+00:00,2934.3758416922283,1196.0375790711914
2025-03-30 17:00:00+00:00,2943.729687029173,1158.9605892323698
2025-03-30 18:00:00+00:00,2965.707136620944,1148.4351515479257
2025-03-30 19:00:00+00:00,3013.282218371373,1159.7752943845564
2025-03-30 20:00:00+00:00,3522.122415399848,1172.8006329021478
2025-03-30 21:00:00+00:00,3505.500163082074,1104.535043349231
2025-03-30 22:00:00+00:00,3194.780786329925,1017.0714285556686
2025-03-30 23:00:00+00:00,2855.1596125470496,890.4885421686636
2025-03-31 00:00:00+00:00,2393.4943540330223,818.5173517984351
2025-03-31 01:00:00+00:00,2111.9705176314537,721.9359602668893
2025-03-31 02:00:00+00:00,1940.9820737245575,619.5632312443938
2025-03-31 03:00:00+00:00,1590.2522515020105,538.4064466195468
2025-03-31 04:00:00+00:00,1466.165885016238,479.0879961821124
2025-03-31 05:00:00+00:00,1188.3305458940615,423.97199439463964
2025-03-31 06:00:00+00:00,1055.7441188188939,239.497013081364
2025-03-31 07:00:00+00:00,905.4707441904512,245.93455604423906
2025-03-31 08:00:00+00:00,770.7187307849624,269.9221685374446
2025-03-31 09:00:00+00:00,618.9982675775871,246.1867337893807
2025-03-31 10:00:00+00:00,641.0648146692188,231.60094603455175
2025-03-31 11:00:00+00:00,551.9746235877407,233.32268561193922
2025-03-31 12:00:00+00:00,527.770929769538,216.369748321189
2025-03-31 13:00:00+00:00,485.7801531498909,229.02994619202937
2025-03-31 14:00:00+00:00,416.75497260695033,225.5953668433231
2025-03-31 15:00:00+00:00,415.177071794684,212.55327282492104
2025-03-31 16:00:00+00:00,496.6532799060575,250.64762485244293
2025-03-31 17:00:00+00:00,629.2979286175739,266.1085270576342
2025-03-31 18:00:00+00:00,737.4483719641876,285.85078289731786
2025-03-31 19:00:00+00:00,760.910697020993,296.9270638858679
2025-03-31 20:00:00+00:00,867.9368313473213,248.84389767613223
2025-03-31 21:00:00+00:00,828.4449611690816,242.09998261831186
2025-03-31 22:00:00+00:00,765.6272462002852,227.24844367109688
2025-03-31 23:00:00+00:00,764.2142652580179,204.69498023431368
2025-04-01 00:00:00+00:00,873.2461871621268,201.2781010585708
