Timestamp (UTC),Wind_Offshore_MW,Wind_Onshore_MW
2020-12-31 23:00:00+00:00,145.5,147.75
2021-01-01 00:00:00+00:00,194.25,155.25
2021-01-01 01:00:00+00:00,213.5,174.75
2021-01-01 02:00:00+00:00,197.75,209.5
2021-01-01 03:00:00+00:00,225.75,237.75
2021-01-01 04:00:00+00:00,219.0,270.5
2021-01-01 05:00:00+00:00,272.25,282.25
2021-01-01 06:00:00+00:00,256.25,279.75
2021-01-01 07:00:00+00:00,255.75,251.5
2021-01-01 08:00:00+00:00,251.0,235.0
2021-01-01 09:00:00+00:00,207.0,264.5
2021-01-01 10:00:00+00:00,200.5,269.75
2021-01-01 11:00:00+00:00,244.5,268.0
2021-01-01 12:00:00+00:00,253.75,243.25
2021-01-01 13:00:00+00:00,256.75,238.5
2021-01-01 14:00:00+00:00,255.25,242.75
2021-01-01 15:00:00+00:00,217.25,275.25
2021-01-01 16:00:00+00:00,201.25,282.25
2021-01-01 17:00:00+00:00,234.5,278.75
2021-01-01 18:00:00+00:00,207.0,269.0
2021-01-01 19:00:00+00:00,218.25,282.0
2021-01-01 20:00:00+00:00,255.0,303.5
2021-01-01 21:00:00+00:00,230.5,304.5
2021-01-01 22:00:00+00:00,190.0,279.25
2021-01-01 23:00:00+00:00,148.25,280.25
2021-01-02 00:00:00+00:00,66.5,263.5
2021-01-02 01:00:00+00:00,59.75,235.0
2021-01-02 02:00:00+00:00,90.0,230.25
2021-01-02 03:00:00+00:00,101.5,198.0
2021-01-02 04:00:00+00:00,83.25,189.25
2021-01-02 05:00:00+00:00,78.0,164.5
2021-01-02 06:00:00+00:00,156.0,155.75
2021-01-02 07:00:00+00:00,80.5,149.25
2021-01-02 08:00:00+00:00,91.75,138.5
2021-01-02 09:00:00+00:00,52.25,117.75
2021-01-02 10:00:00+00:00,49.5,114.25
2021-01-02 11:00:00+00:00,128.75,106.75
2021-01-02 12:00:00+00:00,47.0,96.0
2021-01-02 13:00:00+00:00,34.25,100.75
2021-01-02 14:00:00+00:00,57.5,87.75
2021-01-02 15:00:00+00:00,109.5,69.25
2021-01-02 16:00:00+00:00,106.0,80.25
2021-01-02 17:00:00+00:00,122.5,88.75
2021-01-02 18:00:00+00:00,125.25,92.5
2021-01-02 19:00:00+00:00,145.0,82.25
2021-01-02 20:00:00+00:00,79.75,81.25
2021-01-02 21:00:00+00:00,93.75,82.5
2021-01-02 22:00:00+00:00,177.25,82.5
2021-01-02 23:00:00+00:00,87.25,90.5
2021-01-03 00:00:00+00:00,282.0,97.25
2021-01-03 01:00:00+00:00,180.75,108.25
2021-01-03 02:00:00+00:00,318.5,130.5
2021-01-03 03:00:00+00:00,349.5,146.5
2021-01-03 04:00:00+00:00,293.0,171.75
2021-01-03 05:00:00+00:00,352.5,222.25
2021-01-03 06:00:00+00:00,674.0,242.0
2021-01-03 07:00:00+00:00,712.0,281.75
2021-01-03 08:00:00+00:00,657.25,287.5
2021-01-03 09:00:00+00:00,686.25,290.5
2021-01-03 10:00:00+00:00,838.5,316.0
2021-01-03 11:00:00+00:00,745.25,391.5
2021-01-03 12:00:00+00:00,845.75,545.5
2021-01-03 13:00:00+00:00,1006.0,663.75
2021-01-03 14:00:00+00:00,1316.5,762.5
2021-01-03 15:00:00+00:00,1417.0,798.75
2021-01-03 16:00:00+00:00,1462.25,866.25
2021-01-03 17:00:00+00:00,1574.0,903.0
2021-01-03 18:00:00+00:00,1582.5,984.0
2021-01-03 19:00:00+00:00,1581.5,943.0
2021-01-03 20:00:00+00:00,1547.75,1031.0
2021-01-03 21:00:00+00:00,1541.25,1021.5
2021-01-03 22:00:00+00:00,1551.75,959.5
2021-01-03 23:00:00+00:00,1567.25,950.75
2021-01-04 00:00:00+00:00,1573.5,963.0
2021-01-04 01:00:00+00:00,1575.25,1015.25
2021-01-04 02:00:00+00:00,1576.5,1049.75
2021-01-04 03:00:00+00:00,1583.0,1064.0
2021-01-04 04:00:00+00:00,1597.5,1127.25
2021-01-04 05:00:00+00:00,1604.75,1169.5
2021-01-04 06:00:00+00:00,1611.75,1177.25
2021-01-04 07:00:00+00:00,1610.75,1176.5
2021-01-04 08:00:00+00:00,1611.5,1221.75
2021-01-04 09:00:00+00:00,1611.75,1268.0
2021-01-04 10:00:00+00:00,1603.0,1263.0
2021-01-04 11:00:00+00:00,1589.0,1247.25
2021-01-04 12:00:00+00:00,1584.25,1219.25
2021-01-04 13:00:00+00:00,1585.25,1155.0
2021-01-04 14:00:00+00:00,1585.5,1148.0
2021-01-04 15:00:00+00:00,1584.25,1114.5
2021-01-04 16:00:00+00:00,1591.25,1096.0
2021-01-04 17:00:00+00:00,1591.75,1096.0
2021-01-04 18:00:00+00:00,1588.5,1097.75
2021-01-04 19:00:00+00:00,1592.0,1092.0
2021-01-04 20:00:00+00:00,1579.5,1033.0
2021-01-04 21:00:00+00:00,1576.75,950.5
2021-01-04 22:00:00+00:00,1574.25,866.75
2021-01-04 23:00:00+00:00,1559.25,878.75
2021-01-05 00:00:00+00:00,1560.5,829.5
2021-01-05 01:00:00+00:00,1549.0,798.0
2021-01-05 02:00:00+00:00,1554.0,732.0
2021-01-05 03:00:00+00:00,1543.5,728.0
2021-01-05 04:00:00+00:00,1505.0,756.5
2021-01-05 05:00:00+00:00,1460.5,737.25
2021-01-05 06:00:00+00:00,1446.0,707.25
2021-01-05 07:00:00+00:00,1340.25,648.75
2021-01-05 08:00:00+00:00,1199.25,539.5
2021-01-05 09:00:00+00:00,1145.25,546.5
2021-01-05 10:00:00+00:00,1137.25,580.75
2021-01-05 11:00:00+00:00,1149.5,614.0
2021-01-05 12:00:00+00:00,1212.5,573.0
2021-01-05 13:00:00+00:00,1279.25,542.5
2021-01-05 14:00:00+00:00,1258.0,573.75
2021-01-05 15:00:00+00:00,1207.75,587.75
2021-01-05 16:00:00+00:00,1228.5,573.25
2021-01-05 17:00:00+00:00,1168.25,594.5
2021-01-05 18:00:00+00:00,1128.5,614.25
2021-01-05 19:00:00+00:00,1123.5,598.0
2021-01-05 20:00:00+00:00,1077.5,548.0
2021-01-05 21:00:00+00:00,1060.25,511.0
2021-01-05 22:00:00+00:00,1094.75,546.5
2021-01-05 23:00:00+00:00,1084.0,532.5
2021-01-06 00:00:00+00:00,1001.25,520.5
2021-01-06 01:00:00+00:00,892.25,551.0
2021-01-06 02:00:00+00:00,866.25,513.5
2021-01-06 03:00:00+00:00,933.0,480.25
2021-01-06 04:00:00+00:00,1024.0,425.5
2021-01-06 05:00:00+00:00,1150.25,365.75
2021-01-06 06:00:00+00:00,926.75,301.5
2021-01-06 07:00:00+00:00,775.75,283.75
2021-01-06 08:00:00+00:00,656.25,229.75
2021-01-06 09:00:00+00:00,571.25,201.75
2021-01-06 10:00:00+00:00,515.25,155.0
2021-01-06 11:00:00+00:00,443.25,120.0
2021-01-06 12:00:00+00:00,319.5,122.75
2021-01-06 13:00:00+00:00,323.75,135.25
2021-01-06 14:00:00+00:00,359.25,127.5
2021-01-06 15:00:00+00:00,408.25,141.25
2021-01-06 16:00:00+00:00,388.5,125.75
2021-01-06 17:00:00+00:00,269.25,110.25
2021-01-06 18:00:00+00:00,263.5,100.5
2021-01-06 19:00:00+00:00,276.0,113.5
2021-01-06 20:00:00+00:00,195.5,125.75
2021-01-06 21:00:00+00:00,326.0,144.25
2021-01-06 22:00:00+00:00,310.0,135.5
2021-01-06 23:00:00+00:00,395.5,134.25
2021-01-07 00:00:00+00:00,428.25,145.25
2021-01-07 01:00:00+00:00,557.0,163.5
2021-01-07 02:00:00+00:00,682.25,152.5
2021-01-07 03:00:00+00:00,615.75,161.25
2021-01-07 04:00:00+00:00,816.0,184.25
2021-01-07 05:00:00+00:00,871.25,240.0
2021-01-07 06:00:00+00:00,913.75,247.5
2021-01-07 07:00:00+00:00,853.0,229.5
2021-01-07 08:00:00+00:00,924.25,254.0
2021-01-07 09:00:00+00:00,745.0,288.0
2021-01-07 10:00:00+00:00,630.0,262.75
2021-01-07 11:00:00+00:00,690.0,303.25
2021-01-07 12:00:00+00:00,661.75,324.5
2021-01-07 13:00:00+00:00,776.0,329.75
2021-01-07 14:00:00+00:00,646.5,364.5
2021-01-07 15:00:00+00:00,761.5,361.5
2021-01-07 16:00:00+00:00,835.75,366.75
2021-01-07 17:00:00+00:00,945.25,358.25
2021-01-07 18:00:00+00:00,947.5,349.5
2021-01-07 19:00:00+00:00,821.25,349.25
2021-01-07 20:00:00+00:00,781.75,338.0
2021-01-07 21:00:00+00:00,727.0,380.25
2021-01-07 22:00:00+00:00,616.75,361.0
2021-01-07 23:00:00+00:00,641.25,335.5
2021-01-08 00:00:00+00:00,661.5,347.25
2021-01-08 01:00:00+00:00,618.5,314.25
2021-01-08 02:00:00+00:00,535.75,286.75
2021-01-08 03:00:00+00:00,443.0,259.5
2021-01-08 04:00:00+00:00,378.25,253.25
2021-01-08 05:00:00+00:00,406.0,239.5
2021-01-08 06:00:00+00:00,389.5,164.0
2021-01-08 07:00:00+00:00,347.5,101.75
2021-01-08 08:00:00+00:00,270.0,76.0
2021-01-08 09:00:00+00:00,276.0,57.5
2021-01-08 10:00:00+00:00,179.75,45.75
2021-01-08 11:00:00+00:00,98.25,45.25
2021-01-08 12:00:00+00:00,91.0,42.5
2021-01-08 13:00:00+00:00,90.75,44.25
2021-01-08 14:00:00+00:00,92.0,49.5
2021-01-08 15:00:00+00:00,48.25,56.75
2021-01-08 16:00:00+00:00,92.25,77.0
2021-01-08 17:00:00+00:00,88.25,103.75
2021-01-08 18:00:00+00:00,95.0,90.75
2021-01-08 19:00:00+00:00,51.5,69.75
2021-01-08 20:00:00+00:00,48.5,70.25
2021-01-08 21:00:00+00:00,42.5,78.5
2021-01-08 22:00:00+00:00,19.0,82.5
2021-01-08 23:00:00+00:00,111.75,100.75
2021-01-09 00:00:00+00:00,64.5,105.25
2021-01-09 01:00:00+00:00,78.75,141.25
2021-01-09 02:00:00+00:00,122.25,126.5
2021-01-09 03:00:00+00:00,75.0,113.5
2021-01-09 04:00:00+00:00,34.25,111.75
2021-01-09 05:00:00+00:00,42.25,136.5
2021-01-09 06:00:00+00:00,52.25,118.75
2021-01-09 07:00:00+00:00,70.5,128.75
2021-01-09 08:00:00+00:00,82.25,140.25
2021-01-09 09:00:00+00:00,92.25,147.75
2021-01-09 10:00:00+00:00,101.25,175.0
2021-01-09 11:00:00+00:00,81.25,167.25
2021-01-09 12:00:00+00:00,74.25,184.5
2021-01-09 13:00:00+00:00,114.75,197.75
2021-01-09 14:00:00+00:00,160.0,229.0
2021-01-09 15:00:00+00:00,164.0,313.25
2021-01-09 16:00:00+00:00,183.75,324.5
2021-01-09 17:00:00+00:00,147.25,345.75
2021-01-09 18:00:00+00:00,106.75,325.0
2021-01-09 19:00:00+00:00,61.25,349.25
2021-01-09 20:00:00+00:00,37.25,256.75
2021-01-09 21:00:00+00:00,49.25,169.0
2021-01-09 22:00:00+00:00,118.75,139.5
2021-01-09 23:00:00+00:00,230.5,144.75
2021-01-10 00:00:00+00:00,276.0,189.0
2021-01-10 01:00:00+00:00,389.75,166.5
2021-01-10 02:00:00+00:00,438.0,140.0
2021-01-10 03:00:00+00:00,484.5,202.5
2021-01-10 04:00:00+00:00,509.25,236.0
2021-01-10 05:00:00+00:00,527.5,286.25
2021-01-10 06:00:00+00:00,427.0,318.25
2021-01-10 07:00:00+00:00,470.0,339.75
2021-01-10 08:00:00+00:00,479.25,330.75
2021-01-10 09:00:00+00:00,484.0,319.5
2021-01-10 10:00:00+00:00,485.75,319.25
2021-01-10 11:00:00+00:00,522.75,352.25
2021-01-10 12:00:00+00:00,674.5,379.5
2021-01-10 13:00:00+00:00,674.5,443.0
2021-01-10 14:00:00+00:00,588.25,503.5
2021-01-10 15:00:00+00:00,696.5,547.25
2021-01-10 16:00:00+00:00,470.0,560.5
2021-01-10 17:00:00+00:00,340.5,576.75
2021-01-10 18:00:00+00:00,222.25,594.25
2021-01-10 19:00:00+00:00,240.5,603.5
2021-01-10 20:00:00+00:00,317.5,616.0
2021-01-10 21:00:00+00:00,467.25,599.0
2021-01-10 22:00:00+00:00,573.0,610.0
2021-01-10 23:00:00+00:00,985.25,624.25
2021-01-11 00:00:00+00:00,1158.0,724.5
2021-01-11 01:00:00+00:00,1288.75,827.25
2021-01-11 02:00:00+00:00,1284.5,938.0
2021-01-11 03:00:00+00:00,1271.5,990.5
2021-01-11 04:00:00+00:00,1296.5,1054.25
2021-01-11 05:00:00+00:00,1309.75,1053.75
2021-01-11 06:00:00+00:00,1331.5,1075.0
2021-01-11 07:00:00+00:00,1344.25,1133.25
2021-01-11 08:00:00+00:00,1437.75,1167.0
2021-01-11 09:00:00+00:00,1469.75,1172.5
2021-01-11 10:00:00+00:00,1437.0,1207.75
2021-01-11 11:00:00+00:00,1549.25,1257.5
2021-01-11 12:00:00+00:00,1599.0,1274.5
2021-01-11 13:00:00+00:00,1596.25,1277.25
2021-01-11 14:00:00+00:00,1608.0,1303.5
2021-01-11 15:00:00+00:00,1604.5,1321.25
2021-01-11 16:00:00+00:00,1557.25,1355.0
2021-01-11 17:00:00+00:00,1567.0,1379.5
2021-01-11 18:00:00+00:00,1598.75,1440.25
2021-01-11 19:00:00+00:00,1600.5,1483.75
2021-01-11 20:00:00+00:00,1599.5,1536.75
2021-01-11 21:00:00+00:00,1583.75,1495.25
2021-01-11 22:00:00+00:00,1537.5,1445.0
2021-01-11 23:00:00+00:00,1596.0,1537.75
2021-01-12 00:00:00+00:00,1398.5,1555.75
2021-01-12 01:00:00+00:00,1255.0,1506.75
2021-01-12 02:00:00+00:00,1258.75,1439.25
2021-01-12 03:00:00+00:00,1212.0,1362.75
2021-01-12 04:00:00+00:00,1148.75,1226.25
2021-01-12 05:00:00+00:00,1131.75,1028.25
2021-01-12 06:00:00+00:00,1087.25,787.0
2021-01-12 07:00:00+00:00,1284.75,668.75
2021-01-12 08:00:00+00:00,1276.5,653.5
2021-01-12 09:00:00+00:00,1234.25,635.25
2021-01-12 10:00:00+00:00,1295.5,649.25
2021-01-12 11:00:00+00:00,1309.25,799.0
2021-01-12 12:00:00+00:00,1390.5,997.5
2021-01-12 13:00:00+00:00,1315.75,1013.25
2021-01-12 14:00:00+00:00,1333.0,951.5
2021-01-12 15:00:00+00:00,1386.75,807.25
2021-01-12 16:00:00+00:00,1342.5,782.75
2021-01-12 17:00:00+00:00,1335.5,805.0
2021-01-12 18:00:00+00:00,1233.25,716.75
2021-01-12 19:00:00+00:00,1153.0,677.0
2021-01-12 20:00:00+00:00,1040.25,659.25
2021-01-12 21:00:00+00:00,971.5,676.5
2021-01-12 22:00:00+00:00,962.25,698.75
2021-01-12 23:00:00+00:00,989.75,757.5
2021-01-13 00:00:00+00:00,973.5,827.75
2021-01-13 01:00:00+00:00,1040.25,908.0
2021-01-13 02:00:00+00:00,1144.25,984.5
2021-01-13 03:00:00+00:00,1120.75,1071.75
2021-01-13 04:00:00+00:00,1137.75,1039.5
2021-01-13 05:00:00+00:00,1105.5,1069.0
2021-01-13 06:00:00+00:00,1098.0,1034.75
2021-01-13 07:00:00+00:00,1134.5,977.25
2021-01-13 08:00:00+00:00,1002.75,917.5
2021-01-13 09:00:00+00:00,773.5,858.5
2021-01-13 10:00:00+00:00,711.25,833.75
2021-01-13 11:00:00+00:00,709.5,901.5
2021-01-13 12:00:00+00:00,908.25,961.0
2021-01-13 13:00:00+00:00,882.5,912.25
2021-01-13 14:00:00+00:00,888.0,927.0
2021-01-13 15:00:00+00:00,930.75,896.0
2021-01-13 16:00:00+00:00,956.25,882.5
2021-01-13 17:00:00+00:00,949.25,805.5
2021-01-13 18:00:00+00:00,922.5,630.25
2021-01-13 19:00:00+00:00,897.75,537.75
2021-01-13 20:00:00+00:00,834.0,481.75
2021-01-13 21:00:00+00:00,636.0,449.75
2021-01-13 22:00:00+00:00,541.0,399.5
2021-01-13 23:00:00+00:00,608.75,328.25
2021-01-14 00:00:00+00:00,368.25,270.25
2021-01-14 01:00:00+00:00,326.75,212.75
2021-01-14 02:00:00+00:00,414.75,228.0
2021-01-14 03:00:00+00:00,602.0,224.5
2021-01-14 04:00:00+00:00,855.5,194.5
2021-01-14 05:00:00+00:00,899.75,167.25
2021-01-14 06:00:00+00:00,681.25,171.25
2021-01-14 07:00:00+00:00,842.5,169.0
2021-01-14 08:00:00+00:00,802.25,199.25
2021-01-14 09:00:00+00:00,847.0,261.25
2021-01-14 10:00:00+00:00,867.25,292.5
2021-01-14 11:00:00+00:00,878.25,333.75
2021-01-14 12:00:00+00:00,856.25,354.5
2021-01-14 13:00:00+00:00,858.25,322.0
2021-01-14 14:00:00+00:00,757.0,392.5
2021-01-14 15:00:00+00:00,833.25,480.0
2021-01-14 16:00:00+00:00,1015.5,530.0
2021-01-14 17:00:00+00:00,1063.25,566.75
2021-01-14 18:00:00+00:00,983.5,545.0
2021-01-14 19:00:00+00:00,942.5,534.5
2021-01-14 20:00:00+00:00,906.75,516.0
2021-01-14 21:00:00+00:00,718.25,510.0
2021-01-14 22:00:00+00:00,667.75,451.0
2021-01-14 23:00:00+00:00,659.25,435.75
2021-01-15 00:00:00+00:00,593.5,404.5
2021-01-15 01:00:00+00:00,615.75,409.25
2021-01-15 02:00:00+00:00,656.25,418.5
2021-01-15 03:00:00+00:00,570.5,405.5
2021-01-15 04:00:00+00:00,571.25,319.75
2021-01-15 05:00:00+00:00,640.25,281.5
2021-01-15 06:00:00+00:00,521.0,219.75
2021-01-15 07:00:00+00:00,583.0,215.75
2021-01-15 08:00:00+00:00,270.0,192.75
2021-01-15 09:00:00+00:00,76.75,148.75
2021-01-15 10:00:00+00:00,12.0,110.5
2021-01-15 11:00:00+00:00,0.0,88.75
2021-01-15 12:00:00+00:00,0.0,86.0
2021-01-15 13:00:00+00:00,0.0,85.75
2021-01-15 14:00:00+00:00,1.5,81.75
2021-01-15 15:00:00+00:00,4.25,59.0
2021-01-15 16:00:00+00:00,20.25,43.5
2021-01-15 17:00:00+00:00,7.0,48.5
2021-01-15 18:00:00+00:00,45.75,52.25
2021-01-15 19:00:00+00:00,59.25,66.0
2021-01-15 20:00:00+00:00,52.0,103.75
2021-01-15 21:00:00+00:00,69.5,127.75
2021-01-15 22:00:00+00:00,72.5,161.25
2021-01-15 23:00:00+00:00,135.25,156.5
2021-01-16 00:00:00+00:00,167.0,137.25
2021-01-16 01:00:00+00:00,222.25,137.75
2021-01-16 02:00:00+00:00,262.5,138.5
2021-01-16 03:00:00+00:00,372.25,138.75
2021-01-16 04:00:00+00:00,582.25,152.25
2021-01-16 05:00:00+00:00,767.5,190.0
2021-01-16 06:00:00+00:00,954.0,226.75
2021-01-16 07:00:00+00:00,1055.25,257.25
2021-01-16 08:00:00+00:00,1159.25,393.25
2021-01-16 09:00:00+00:00,1221.25,606.5
2021-01-16 10:00:00+00:00,1509.75,727.0
2021-01-16 11:00:00+00:00,1573.25,801.25
2021-01-16 12:00:00+00:00,1591.0,755.25
2021-01-16 13:00:00+00:00,1599.25,626.25
2021-01-16 14:00:00+00:00,1597.5,695.25
2021-01-16 15:00:00+00:00,1576.0,674.75
2021-01-16 16:00:00+00:00,1518.25,562.5
2021-01-16 17:00:00+00:00,1362.0,532.25
2021-01-16 18:00:00+00:00,1118.75,473.5
2021-01-16 19:00:00+00:00,985.25,363.25
2021-01-16 20:00:00+00:00,910.5,303.75
2021-01-16 21:00:00+00:00,825.25,278.5
2021-01-16 22:00:00+00:00,954.75,250.75
2021-01-16 23:00:00+00:00,980.25,210.0
2021-01-17 00:00:00+00:00,1047.75,199.0
2021-01-17 01:00:00+00:00,1260.25,210.0
2021-01-17 02:00:00+00:00,1333.5,243.75
2021-01-17 03:00:00+00:00,1336.0,288.0
2021-01-17 04:00:00+00:00,1333.0,304.25
2021-01-17 05:00:00+00:00,1264.25,293.25
2021-01-17 06:00:00+00:00,1128.75,286.5
2021-01-17 07:00:00+00:00,1073.75,285.0
2021-01-17 08:00:00+00:00,1067.0,373.75
2021-01-17 09:00:00+00:00,941.25,477.5
2021-01-17 10:00:00+00:00,776.5,510.75
2021-01-17 11:00:00+00:00,734.25,531.75
2021-01-17 12:00:00+00:00,680.5,554.5
2021-01-17 13:00:00+00:00,719.25,565.25
2021-01-17 14:00:00+00:00,811.75,673.5
2021-01-17 15:00:00+00:00,760.0,674.0
2021-01-17 16:00:00+00:00,632.25,588.75
2021-01-17 17:00:00+00:00,665.25,503.0
2021-01-17 18:00:00+00:00,768.0,515.75
2021-01-17 19:00:00+00:00,598.5,502.75
2021-01-17 20:00:00+00:00,676.75,509.75
2021-01-17 21:00:00+00:00,699.25,533.0
2021-01-17 22:00:00+00:00,703.5,465.75
2021-01-17 23:00:00+00:00,622.5,405.75
2021-01-18 00:00:00+00:00,622.0,436.25
2021-01-18 01:00:00+00:00,640.25,462.5
2021-01-18 02:00:00+00:00,650.25,559.25
2021-01-18 03:00:00+00:00,874.75,690.25
2021-01-18 04:00:00+00:00,902.25,716.5
2021-01-18 05:00:00+00:00,1099.5,788.0
2021-01-18 06:00:00+00:00,1161.75,841.25
2021-01-18 07:00:00+00:00,1251.0,905.0
2021-01-18 08:00:00+00:00,1294.5,922.75
2021-01-18 09:00:00+00:00,1246.5,1013.0
2021-01-18 10:00:00+00:00,1261.0,1047.5
2021-01-18 11:00:00+00:00,1258.5,1055.75
2021-01-18 12:00:00+00:00,1259.75,1021.0
2021-01-18 13:00:00+00:00,1219.0,995.5
2021-01-18 14:00:00+00:00,1219.75,985.5
2021-01-18 15:00:00+00:00,1325.25,974.0
2021-01-18 16:00:00+00:00,1399.25,945.25
2021-01-18 17:00:00+00:00,1354.5,922.75
2021-01-18 18:00:00+00:00,1340.5,939.25
2021-01-18 19:00:00+00:00,1325.75,992.25
2021-01-18 20:00:00+00:00,1444.75,1002.5
2021-01-18 21:00:00+00:00,1468.75,1034.75
2021-01-18 22:00:00+00:00,1563.25,1148.75
2021-01-18 23:00:00+00:00,1583.5,1171.25
2021-01-19 00:00:00+00:00,1525.75,1251.75
2021-01-19 01:00:00+00:00,1573.5,1330.25
2021-01-19 02:00:00+00:00,1599.0,1470.0
2021-01-19 03:00:00+00:00,1600.75,1565.75
2021-01-19 04:00:00+00:00,1600.75,1575.0
2021-01-19 05:00:00+00:00,1592.5,1557.5
2021-01-19 06:00:00+00:00,1598.25,1569.0
2021-01-19 07:00:00+00:00,1509.5,1548.25
2021-01-19 08:00:00+00:00,1573.75,1532.75
2021-01-19 09:00:00+00:00,1375.0,1500.25
2021-01-19 10:00:00+00:00,1183.5,1461.5
2021-01-19 11:00:00+00:00,1273.0,1406.0
2021-01-19 12:00:00+00:00,1346.75,1402.0
2021-01-19 13:00:00+00:00,1318.5,1486.5
2021-01-19 14:00:00+00:00,1361.0,1530.0
2021-01-19 15:00:00+00:00,1512.0,1527.75
2021-01-19 16:00:00+00:00,1532.25,1570.75
2021-01-19 17:00:00+00:00,1514.75,1609.75
2021-01-19 18:00:00+00:00,1588.25,1568.75
2021-01-19 19:00:00+00:00,1601.5,1570.0
2021-01-19 20:00:00+00:00,1601.5,1577.75
2021-01-19 21:00:00+00:00,1600.75,1570.0
2021-01-19 22:00:00+00:00,1589.0,1504.25
2021-01-19 23:00:00+00:00,1591.75,1556.75
2021-01-20 00:00:00+00:00,1598.5,1572.25
2021-01-20 01:00:00+00:00,1594.5,1585.5
2021-01-20 02:00:00+00:00,1597.25,1584.5
2021-01-20 03:00:00+00:00,1598.25,1592.75
2021-01-20 04:00:00+00:00,1597.25,1567.0
2021-01-20 05:00:00+00:00,1596.75,1547.75
2021-01-20 06:00:00+00:00,1595.25,1552.5
2021-01-20 07:00:00+00:00,1595.5,1569.5
2021-01-20 08:00:00+00:00,1589.25,1551.25
2021-01-20 09:00:00+00:00,1413.0,1489.0
2021-01-20 10:00:00+00:00,1317.0,1526.0
2021-01-20 11:00:00+00:00,1316.5,1522.25
2021-01-20 12:00:00+00:00,1272.25,1439.0
2021-01-20 13:00:00+00:00,1583.5,1430.25
2021-01-20 14:00:00+00:00,1592.5,1390.5
2021-01-20 15:00:00+00:00,1592.0,1453.25
2021-01-20 16:00:00+00:00,1592.25,1528.25
2021-01-20 17:00:00+00:00,1592.0,1545.5
2021-01-20 18:00:00+00:00,1590.5,1526.75
2021-01-20 19:00:00+00:00,1592.25,1583.25
2021-01-20 20:00:00+00:00,1585.5,1588.25
2021-01-20 21:00:00+00:00,1588.25,1526.0
2021-01-20 22:00:00+00:00,1589.0,1497.5
2021-01-20 23:00:00+00:00,1592.0,1580.0
2021-01-21 00:00:00+00:00,1581.0,1512.0
2021-01-21 01:00:00+00:00,1561.25,1415.25
2021-01-21 02:00:00+00:00,1396.0,1411.0
2021-01-21 03:00:00+00:00,1253.0,1580.0
2021-01-21 04:00:00+00:00,1410.25,1555.25
2021-01-21 05:00:00+00:00,1445.25,1564.5
2021-01-21 06:00:00+00:00,1463.25,1592.5
2021-01-21 07:00:00+00:00,1469.5,1548.75
2021-01-21 08:00:00+00:00,1489.75,1513.0
2021-01-21 09:00:00+00:00,1498.5,1486.0
2021-01-21 10:00:00+00:00,1527.75,1569.25
2021-01-21 11:00:00+00:00,1491.75,1589.75
2021-01-21 12:00:00+00:00,1490.25,1586.75
2021-01-21 13:00:00+00:00,1472.25,1594.5
2021-01-21 14:00:00+00:00,1500.75,1581.25
2021-01-21 15:00:00+00:00,1529.5,1556.0
2021-01-21 16:00:00+00:00,1493.25,1469.75
2021-01-21 17:00:00+00:00,1388.5,1361.75
2021-01-21 18:00:00+00:00,927.25,1044.5
2021-01-21 19:00:00+00:00,805.5,761.25
2021-01-21 20:00:00+00:00,753.0,456.75
2021-01-21 21:00:00+00:00,649.25,261.25
2021-01-21 22:00:00+00:00,570.5,252.0
2021-01-21 23:00:00+00:00,750.75,282.75
2021-01-22 00:00:00+00:00,1030.25,386.25
2021-01-22 01:00:00+00:00,1390.75,709.25
2021-01-22 02:00:00+00:00,1372.5,804.75
2021-01-22 03:00:00+00:00,1352.5,1038.25
2021-01-22 04:00:00+00:00,1286.5,1018.0
2021-01-22 05:00:00+00:00,1139.75,953.0
2021-01-22 06:00:00+00:00,1089.0,857.0
2021-01-22 07:00:00+00:00,1099.0,847.25
2021-01-22 08:00:00+00:00,1144.0,842.5
2021-01-22 09:00:00+00:00,1157.5,794.75
2021-01-22 10:00:00+00:00,1095.0,772.25
2021-01-22 11:00:00+00:00,1057.0,846.0
2021-01-22 12:00:00+00:00,975.75,860.0
2021-01-22 13:00:00+00:00,939.0,862.0
2021-01-22 14:00:00+00:00,884.5,772.25
2021-01-22 15:00:00+00:00,849.5,699.25
2021-01-22 16:00:00+00:00,858.75,628.75
2021-01-22 17:00:00+00:00,868.25,597.0
2021-01-22 18:00:00+00:00,906.5,566.5
2021-01-22 19:00:00+00:00,886.5,556.25
2021-01-22 20:00:00+00:00,836.5,564.5
2021-01-22 21:00:00+00:00,798.5,617.25
2021-01-22 22:00:00+00:00,703.75,613.0
2021-01-22 23:00:00+00:00,1032.25,538.5
2021-01-23 00:00:00+00:00,732.25,524.0
2021-01-23 01:00:00+00:00,929.5,502.5
2021-01-23 02:00:00+00:00,1079.5,550.25
2021-01-23 03:00:00+00:00,930.25,635.5
2021-01-23 04:00:00+00:00,898.25,713.75
2021-01-23 05:00:00+00:00,864.5,863.0
2021-01-23 06:00:00+00:00,949.0,905.5
2021-01-23 07:00:00+00:00,903.0,855.0
2021-01-23 08:00:00+00:00,829.5,819.0
2021-01-23 09:00:00+00:00,720.25,622.75
2021-01-23 10:00:00+00:00,651.75,562.25
2021-01-23 11:00:00+00:00,567.75,437.5
2021-01-23 12:00:00+00:00,502.5,305.25
2021-01-23 13:00:00+00:00,273.75,209.75
2021-01-23 14:00:00+00:00,108.75,127.75
2021-01-23 15:00:00+00:00,62.0,79.0
2021-01-23 16:00:00+00:00,63.25,74.75
2021-01-23 17:00:00+00:00,133.5,71.75
2021-01-23 18:00:00+00:00,140.0,95.25
2021-01-23 19:00:00+00:00,235.0,87.5
2021-01-23 20:00:00+00:00,130.25,107.75
2021-01-23 21:00:00+00:00,247.0,135.75
2021-01-23 22:00:00+00:00,436.0,142.75
2021-01-23 23:00:00+00:00,564.25,168.25
2021-01-24 00:00:00+00:00,677.5,250.75
2021-01-24 01:00:00+00:00,610.0,345.25
2021-01-24 02:00:00+00:00,527.75,408.5
2021-01-24 03:00:00+00:00,651.0,261.75
2021-01-24 04:00:00+00:00,440.5,274.5
2021-01-24 05:00:00+00:00,323.0,310.75
2021-01-24 06:00:00+00:00,351.0,349.5
2021-01-24 07:00:00+00:00,283.5,314.75
2021-01-24 08:00:00+00:00,138.0,253.5
2021-01-24 09:00:00+00:00,67.5,163.5
2021-01-24 10:00:00+00:00,50.5,188.25
2021-01-24 11:00:00+00:00,116.75,191.25
2021-01-24 12:00:00+00:00,316.0,222.0
2021-01-24 13:00:00+00:00,276.75,228.0
2021-01-24 14:00:00+00:00,259.0,206.5
2021-01-24 15:00:00+00:00,370.0,199.5
2021-01-24 16:00:00+00:00,452.5,218.75
2021-01-24 17:00:00+00:00,569.5,256.5
2021-01-24 18:00:00+00:00,612.25,305.25
2021-01-24 19:00:00+00:00,658.0,308.75
2021-01-24 20:00:00+00:00,663.75,256.5
2021-01-24 21:00:00+00:00,541.5,187.25
2021-01-24 22:00:00+00:00,419.0,166.25
2021-01-24 23:00:00+00:00,323.5,144.0
2021-01-25 00:00:00+00:00,284.75,123.25
2021-01-25 01:00:00+00:00,391.25,107.75
2021-01-25 02:00:00+00:00,449.5,105.0
2021-01-25 03:00:00+00:00,389.5,108.25
2021-01-25 04:00:00+00:00,328.0,121.5
2021-01-25 05:00:00+00:00,306.0,125.75
2021-01-25 06:00:00+00:00,284.5,123.5
2021-01-25 07:00:00+00:00,215.0,108.25
2021-01-25 08:00:00+00:00,94.5,94.5
2021-01-25 09:00:00+00:00,257.5,99.5
2021-01-25 10:00:00+00:00,329.75,120.5
2021-01-25 11:00:00+00:00,391.25,151.5
2021-01-25 12:00:00+00:00,519.75,218.75
2021-01-25 13:00:00+00:00,741.75,335.75
2021-01-25 14:00:00+00:00,834.25,373.0
2021-01-25 15:00:00+00:00,1171.0,528.0
2021-01-25 16:00:00+00:00,1411.25,785.75
2021-01-25 17:00:00+00:00,1340.25,939.0
2021-01-25 18:00:00+00:00,1301.0,1016.5
2021-01-25 19:00:00+00:00,1243.5,1069.0
2021-01-25 20:00:00+00:00,1242.25,1117.25
2021-01-25 21:00:00+00:00,1054.0,1314.0
2021-01-25 22:00:00+00:00,1019.0,1409.0
2021-01-25 23:00:00+00:00,1018.75,1384.0
2021-01-26 00:00:00+00:00,1017.0,1376.75
2021-01-26 01:00:00+00:00,1022.0,1382.5
2021-01-26 02:00:00+00:00,1056.5,1264.0
2021-01-26 03:00:00+00:00,1132.75,1159.25
2021-01-26 04:00:00+00:00,1058.0,999.5
2021-01-26 05:00:00+00:00,859.0,815.5
2021-01-26 06:00:00+00:00,770.25,674.25
2021-01-26 07:00:00+00:00,546.5,552.75
2021-01-26 08:00:00+00:00,357.5,387.5
2021-01-26 09:00:00+00:00,325.75,304.25
2021-01-26 10:00:00+00:00,267.75,240.0
2021-01-26 11:00:00+00:00,192.5,210.5
2021-01-26 12:00:00+00:00,185.0,246.5
2021-01-26 13:00:00+00:00,284.5,314.0
2021-01-26 14:00:00+00:00,437.25,332.5
2021-01-26 15:00:00+00:00,565.5,390.0
2021-01-26 16:00:00+00:00,402.75,477.0
2021-01-26 17:00:00+00:00,514.25,474.0
2021-01-26 18:00:00+00:00,763.25,542.5
2021-01-26 19:00:00+00:00,935.0,627.5
2021-01-26 20:00:00+00:00,957.0,711.75
2021-01-26 21:00:00+00:00,1047.0,660.25
2021-01-26 22:00:00+00:00,999.5,663.25
2021-01-26 23:00:00+00:00,1135.0,803.0
2021-01-27 00:00:00+00:00,1341.0,970.75
2021-01-27 01:00:00+00:00,1487.5,1071.75
2021-01-27 02:00:00+00:00,1553.5,1134.25
2021-01-27 03:00:00+00:00,1527.0,1158.75
2021-01-27 04:00:00+00:00,1463.0,1143.0
2021-01-27 05:00:00+00:00,1317.75,1041.0
2021-01-27 06:00:00+00:00,1189.5,899.5
2021-01-27 07:00:00+00:00,979.25,802.5
2021-01-27 08:00:00+00:00,851.25,678.25
2021-01-27 09:00:00+00:00,697.25,589.75
2021-01-27 10:00:00+00:00,540.25,531.25
2021-01-27 11:00:00+00:00,354.5,398.25
2021-01-27 12:00:00+00:00,262.5,396.5
2021-01-27 13:00:00+00:00,416.5,374.0
2021-01-27 14:00:00+00:00,441.0,443.0
2021-01-27 15:00:00+00:00,459.25,509.25
2021-01-27 16:00:00+00:00,385.25,474.25
2021-01-27 17:00:00+00:00,394.75,456.25
2021-01-27 18:00:00+00:00,276.25,423.75
2021-01-27 19:00:00+00:00,219.75,384.25
2021-01-27 20:00:00+00:00,145.5,317.5
2021-01-27 21:00:00+00:00,69.75,245.0
2021-01-27 22:00:00+00:00,83.25,236.0
2021-01-27 23:00:00+00:00,39.0,188.0
2021-01-28 00:00:00+00:00,19.25,132.25
2021-01-28 01:00:00+00:00,97.0,97.0
2021-01-28 02:00:00+00:00,112.25,93.75
2021-01-28 03:00:00+00:00,160.25,91.5
2021-01-28 04:00:00+00:00,438.0,116.75
2021-01-28 05:00:00+00:00,544.25,219.5
2021-01-28 06:00:00+00:00,512.25,285.0
2021-01-28 07:00:00+00:00,351.0,332.75
2021-01-28 08:00:00+00:00,376.25,399.25
2021-01-28 09:00:00+00:00,691.0,408.0
2021-01-28 10:00:00+00:00,1483.0,420.25
2021-01-28 11:00:00+00:00,1724.5,584.75
2021-01-28 12:00:00+00:00,1692.0,670.5
2021-01-28 13:00:00+00:00,1662.75,568.5
2021-01-28 14:00:00+00:00,1574.5,478.25
2021-01-28 15:00:00+00:00,1083.0,436.0
2021-01-28 16:00:00+00:00,717.25,326.75
2021-01-28 17:00:00+00:00,517.75,405.0
2021-01-28 18:00:00+00:00,630.75,408.25
2021-01-28 19:00:00+00:00,745.25,394.5
2021-01-28 20:00:00+00:00,893.25,523.75
2021-01-28 21:00:00+00:00,989.5,591.25
2021-01-28 22:00:00+00:00,1112.25,613.25
2021-01-28 23:00:00+00:00,1210.5,525.5
2021-01-29 00:00:00+00:00,1541.0,548.25
2021-01-29 01:00:00+00:00,2022.5,579.25
2021-01-29 02:00:00+00:00,2055.25,630.0
2021-01-29 03:00:00+00:00,2100.0,753.0
2021-01-29 04:00:00+00:00,2155.75,812.25
2021-01-29 05:00:00+00:00,2215.25,837.25
2021-01-29 06:00:00+00:00,2232.75,899.75
2021-01-29 07:00:00+00:00,2240.0,1016.75
2021-01-29 08:00:00+00:00,2235.25,1357.75
2021-01-29 09:00:00+00:00,2228.5,1473.25
2021-01-29 10:00:00+00:00,2208.5,1468.5
2021-01-29 11:00:00+00:00,2192.5,1452.5
2021-01-29 12:00:00+00:00,2051.5,1424.0
2021-01-29 13:00:00+00:00,1843.75,1375.25
2021-01-29 14:00:00+00:00,1926.75,1257.5
2021-01-29 15:00:00+00:00,2108.75,1183.75
2021-01-29 16:00:00+00:00,2118.75,1222.0
2021-01-29 17:00:00+00:00,2123.5,1303.0
2021-01-29 18:00:00+00:00,1787.5,1130.75
2021-01-29 19:00:00+00:00,1353.5,1018.0
2021-01-29 20:00:00+00:00,860.0,725.25
2021-01-29 21:00:00+00:00,693.75,536.25
2021-01-29 22:00:00+00:00,612.5,512.0
2021-01-29 23:00:00+00:00,689.75,426.5
2021-01-30 00:00:00+00:00,864.25,395.5
2021-01-30 01:00:00+00:00,885.75,414.5
2021-01-30 02:00:00+00:00,1109.25,411.75
2021-01-30 03:00:00+00:00,1338.75,451.25
2021-01-30 04:00:00+00:00,1472.25,508.0
2021-01-30 05:00:00+00:00,1572.75,577.75
2021-01-30 06:00:00+00:00,1658.5,742.0
2021-01-30 07:00:00+00:00,1719.75,847.5
2021-01-30 08:00:00+00:00,1742.25,807.75
2021-01-30 09:00:00+00:00,1736.25,802.25
2021-01-30 10:00:00+00:00,1710.5,764.75
2021-01-30 11:00:00+00:00,1673.5,746.0
2021-01-30 12:00:00+00:00,1662.0,765.75
2021-01-30 13:00:00+00:00,1633.5,771.75
2021-01-30 14:00:00+00:00,1614.75,729.5
2021-01-30 15:00:00+00:00,1659.25,749.5
2021-01-30 16:00:00+00:00,1652.25,780.0
2021-01-30 17:00:00+00:00,1647.5,816.5
2021-01-30 18:00:00+00:00,1625.5,779.0
2021-01-30 19:00:00+00:00,1616.75,716.75
2021-01-30 20:00:00+00:00,1588.25,697.75
2021-01-30 21:00:00+00:00,1564.0,632.0
2021-01-30 22:00:00+00:00,1546.25,557.25
2021-01-30 23:00:00+00:00,1497.25,446.25
2021-01-31 00:00:00+00:00,1382.25,409.25
2021-01-31 01:00:00+00:00,1275.75,406.5
2021-01-31 02:00:00+00:00,1258.0,398.75
2021-01-31 03:00:00+00:00,1078.5,359.5
2021-01-31 04:00:00+00:00,923.0,339.0
2021-01-31 05:00:00+00:00,836.0,290.75
2021-01-31 06:00:00+00:00,790.5,284.5
2021-01-31 07:00:00+00:00,654.0,227.5
2021-01-31 08:00:00+00:00,655.25,228.5
2021-01-31 09:00:00+00:00,690.5,201.75
2021-01-31 10:00:00+00:00,725.25,168.25
2021-01-31 11:00:00+00:00,813.25,205.0
2021-01-31 12:00:00+00:00,817.25,256.75
2021-01-31 13:00:00+00:00,887.25,271.0
2021-01-31 14:00:00+00:00,903.5,329.5
2021-01-31 15:00:00+00:00,964.25,430.0
2021-01-31 16:00:00+00:00,1113.5,534.0
2021-01-31 17:00:00+00:00,1230.25,663.75
2021-01-31 18:00:00+00:00,1333.0,688.25
2021-01-31 19:00:00+00:00,1319.25,713.75
2021-01-31 20:00:00+00:00,1291.25,683.75
2021-01-31 21:00:00+00:00,1368.0,690.75
2021-01-31 22:00:00+00:00,1329.25,584.25
2021-01-31 23:00:00+00:00,1045.25,477.25
2021-02-01 00:00:00+00:00,836.75,444.75
2021-02-01 01:00:00+00:00,740.75,385.5
2021-02-01 02:00:00+00:00,629.25,330.75
2021-02-01 03:00:00+00:00,530.5,282.5
2021-02-01 04:00:00+00:00,420.0,226.0
2021-02-01 05:00:00+00:00,347.75,162.5
2021-02-01 06:00:00+00:00,343.25,130.75
2021-02-01 07:00:00+00:00,320.25,107.5
2021-02-01 08:00:00+00:00,352.0,81.0
2021-02-01 09:00:00+00:00,359.0,59.75
2021-02-01 10:00:00+00:00,272.5,46.0
2021-02-01 11:00:00+00:00,242.75,28.5
2021-02-01 12:00:00+00:00,222.25,27.5
2021-02-01 13:00:00+00:00,294.75,39.25
2021-02-01 14:00:00+00:00,376.0,72.0
2021-02-01 15:00:00+00:00,348.75,72.5
2021-02-01 16:00:00+00:00,278.25,66.75
2021-02-01 17:00:00+00:00,253.0,47.5
2021-02-01 18:00:00+00:00,165.0,50.0
2021-02-01 19:00:00+00:00,130.75,42.5
2021-02-01 20:00:00+00:00,31.5,43.25
2021-02-01 21:00:00+00:00,5.5,38.75
2021-02-01 22:00:00+00:00,1.25,33.25
2021-02-01 23:00:00+00:00,1.0,30.75
2021-02-02 00:00:00+00:00,10.5,32.5
2021-02-02 01:00:00+00:00,108.75,42.5
2021-02-02 02:00:00+00:00,205.75,53.5
2021-02-02 03:00:00+00:00,380.0,82.0
2021-02-02 04:00:00+00:00,325.75,75.75
2021-02-02 05:00:00+00:00,721.0,94.0
2021-02-02 06:00:00+00:00,1147.0,209.25
2021-02-02 07:00:00+00:00,1246.5,339.25
2021-02-02 08:00:00+00:00,978.5,410.0
2021-02-02 09:00:00+00:00,462.5,370.75
2021-02-02 10:00:00+00:00,613.0,360.0
2021-02-02 11:00:00+00:00,1420.75,393.25
2021-02-02 12:00:00+00:00,1425.25,494.5
2021-02-02 13:00:00+00:00,1267.5,556.0
2021-02-02 14:00:00+00:00,1415.0,555.25
2021-02-02 15:00:00+00:00,1479.75,553.0
2021-02-02 16:00:00+00:00,1648.25,491.5
2021-02-02 17:00:00+00:00,1826.5,506.0
2021-02-02 18:00:00+00:00,1805.0,558.75
2021-02-02 19:00:00+00:00,1598.0,536.0
2021-02-02 20:00:00+00:00,1518.5,525.75
2021-02-02 21:00:00+00:00,1989.5,556.25
2021-02-02 22:00:00+00:00,2242.25,577.0
2021-02-02 23:00:00+00:00,2239.75,688.75
2021-02-03 00:00:00+00:00,2230.25,846.5
2021-02-03 01:00:00+00:00,2232.75,963.75
2021-02-03 02:00:00+00:00,2239.0,1032.75
2021-02-03 03:00:00+00:00,2238.25,1129.0
2021-02-03 04:00:00+00:00,2208.25,1059.0
2021-02-03 05:00:00+00:00,1999.75,952.5
2021-02-03 06:00:00+00:00,1522.0,796.5
2021-02-03 07:00:00+00:00,1236.0,604.75
2021-02-03 08:00:00+00:00,847.5,570.75
2021-02-03 09:00:00+00:00,692.5,452.0
2021-02-03 10:00:00+00:00,437.5,276.5
2021-02-03 11:00:00+00:00,762.75,230.5
2021-02-03 12:00:00+00:00,507.75,226.25
2021-02-03 13:00:00+00:00,482.0,186.0
2021-02-03 14:00:00+00:00,465.25,218.75
2021-02-03 15:00:00+00:00,525.5,340.75
2021-02-03 16:00:00+00:00,872.25,240.75
2021-02-03 17:00:00+00:00,1021.75,278.0
2021-02-03 18:00:00+00:00,1275.75,384.25
2021-02-03 19:00:00+00:00,1526.25,533.0
2021-02-03 20:00:00+00:00,1678.5,644.0
2021-02-03 21:00:00+00:00,1784.5,769.5
2021-02-03 22:00:00+00:00,1984.75,835.5
2021-02-03 23:00:00+00:00,1902.75,873.75
2021-02-04 00:00:00+00:00,1824.5,897.25
2021-02-04 01:00:00+00:00,1611.25,895.5
2021-02-04 02:00:00+00:00,1415.5,862.5
2021-02-04 03:00:00+00:00,1143.0,879.25
2021-02-04 04:00:00+00:00,847.25,795.25
2021-02-04 05:00:00+00:00,812.5,741.75
2021-02-04 06:00:00+00:00,621.5,569.75
2021-02-04 07:00:00+00:00,553.25,406.75
2021-02-04 08:00:00+00:00,536.75,317.5
2021-02-04 09:00:00+00:00,611.0,242.0
2021-02-04 10:00:00+00:00,420.0,170.25
2021-02-04 11:00:00+00:00,334.75,95.0
2021-02-04 12:00:00+00:00,297.5,65.0
2021-02-04 13:00:00+00:00,324.25,70.0
2021-02-04 14:00:00+00:00,425.75,83.5
2021-02-04 15:00:00+00:00,445.75,102.75
2021-02-04 16:00:00+00:00,581.25,141.5
2021-02-04 17:00:00+00:00,791.0,186.0
2021-02-04 18:00:00+00:00,864.75,234.5
2021-02-04 19:00:00+00:00,1046.25,304.75
2021-02-04 20:00:00+00:00,1076.75,352.75
2021-02-04 21:00:00+00:00,984.25,355.5
2021-02-04 22:00:00+00:00,968.0,373.75
2021-02-04 23:00:00+00:00,904.25,371.75
2021-02-05 00:00:00+00:00,806.5,400.5
2021-02-05 01:00:00+00:00,768.0,404.75
2021-02-05 02:00:00+00:00,769.0,409.0
2021-02-05 03:00:00+00:00,737.5,436.5
2021-02-05 04:00:00+00:00,722.25,424.5
2021-02-05 05:00:00+00:00,756.5,375.0
2021-02-05 06:00:00+00:00,789.75,324.5
2021-02-05 07:00:00+00:00,775.0,266.75
2021-02-05 08:00:00+00:00,822.75,308.25
2021-02-05 09:00:00+00:00,781.0,367.25
2021-02-05 10:00:00+00:00,748.25,294.75
2021-02-05 11:00:00+00:00,726.5,188.25
2021-02-05 12:00:00+00:00,762.25,152.5
2021-02-05 13:00:00+00:00,759.75,146.0
2021-02-05 14:00:00+00:00,709.25,126.0
2021-02-05 15:00:00+00:00,641.25,130.5
2021-02-05 16:00:00+00:00,609.0,117.25
2021-02-05 17:00:00+00:00,577.25,121.5
2021-02-05 18:00:00+00:00,570.5,156.75
2021-02-05 19:00:00+00:00,574.0,177.5
2021-02-05 20:00:00+00:00,580.75,161.5
2021-02-05 21:00:00+00:00,583.75,174.25
2021-02-05 22:00:00+00:00,590.5,202.5
2021-02-05 23:00:00+00:00,593.25,246.75
2021-02-06 00:00:00+00:00,595.5,290.5
2021-02-06 01:00:00+00:00,630.0,309.5
2021-02-06 02:00:00+00:00,699.25,342.75
2021-02-06 03:00:00+00:00,721.75,438.25
2021-02-06 04:00:00+00:00,768.25,462.5
2021-02-06 05:00:00+00:00,781.5,524.5
2021-02-06 06:00:00+00:00,769.5,630.0
2021-02-06 07:00:00+00:00,847.0,670.0
2021-02-06 08:00:00+00:00,1024.5,743.0
2021-02-06 09:00:00+00:00,1055.5,785.25
2021-02-06 10:00:00+00:00,1104.0,822.75
2021-02-06 11:00:00+00:00,1236.5,871.0
2021-02-06 12:00:00+00:00,1309.5,994.75
2021-02-06 13:00:00+00:00,1535.5,1114.5
2021-02-06 14:00:00+00:00,1727.0,1244.75
2021-02-06 15:00:00+00:00,1866.25,1387.0
2021-02-06 16:00:00+00:00,2069.75,1471.5
2021-02-06 17:00:00+00:00,2223.75,1523.75
2021-02-06 18:00:00+00:00,2248.5,1544.0
2021-02-06 19:00:00+00:00,2248.5,1433.5
2021-02-06 20:00:00+00:00,2251.75,1229.0
2021-02-06 21:00:00+00:00,2253.0,1149.0
2021-02-06 22:00:00+00:00,2246.25,1156.5
2021-02-06 23:00:00+00:00,2236.5,1100.0
2021-02-07 00:00:00+00:00,2205.75,1202.0
2021-02-07 01:00:00+00:00,2173.25,1157.25
2021-02-07 02:00:00+00:00,2061.5,1190.5
2021-02-07 03:00:00+00:00,1984.25,1216.5
2021-02-07 04:00:00+00:00,2155.75,1212.75
2021-02-07 05:00:00+00:00,1967.75,1123.25
2021-02-07 06:00:00+00:00,2063.5,1088.75
2021-02-07 07:00:00+00:00,2076.5,1121.75
2021-02-07 08:00:00+00:00,2101.0,1168.25
2021-02-07 09:00:00+00:00,2093.0,1158.25
2021-02-07 10:00:00+00:00,2096.5,1164.0
2021-02-07 11:00:00+00:00,2126.0,1163.25
2021-02-07 12:00:00+00:00,2143.0,1156.25
2021-02-07 13:00:00+00:00,2138.0,1175.75
2021-02-07 14:00:00+00:00,2138.5,1162.75
2021-02-07 15:00:00+00:00,2120.5,1141.0
2021-02-07 16:00:00+00:00,2101.25,1118.25
2021-02-07 17:00:00+00:00,2065.75,1130.25
2021-02-07 18:00:00+00:00,2059.5,1145.25
2021-02-07 19:00:00+00:00,2087.25,1148.0
2021-02-07 20:00:00+00:00,2096.25,1180.25
2021-02-07 21:00:00+00:00,2122.0,1189.75
2021-02-07 22:00:00+00:00,2120.25,1202.0
2021-02-07 23:00:00+00:00,2105.5,1176.75
2021-02-08 00:00:00+00:00,2082.75,1191.0
2021-02-08 01:00:00+00:00,2118.0,1193.25
2021-02-08 02:00:00+00:00,2119.0,1186.75
2021-02-08 03:00:00+00:00,2105.0,1108.0
2021-02-08 04:00:00+00:00,2175.0,1119.25
2021-02-08 05:00:00+00:00,2166.0,1118.0
2021-02-08 06:00:00+00:00,2141.75,1035.25
2021-02-08 07:00:00+00:00,2098.25,936.5
2021-02-08 08:00:00+00:00,2170.75,979.5
2021-02-08 09:00:00+00:00,2164.75,957.25
2021-02-08 10:00:00+00:00,2163.0,910.0
2021-02-08 11:00:00+00:00,2190.75,944.5
2021-02-08 12:00:00+00:00,2103.5,876.75
2021-02-08 13:00:00+00:00,1997.5,797.75
2021-02-08 14:00:00+00:00,2103.5,815.75
2021-02-08 15:00:00+00:00,2207.25,808.5
2021-02-08 16:00:00+00:00,2214.25,791.75
2021-02-08 17:00:00+00:00,2191.5,668.5
2021-02-08 18:00:00+00:00,2151.5,636.5
2021-02-08 19:00:00+00:00,2138.5,649.25
2021-02-08 20:00:00+00:00,2222.75,639.5
2021-02-08 21:00:00+00:00,2234.75,650.25
2021-02-08 22:00:00+00:00,2228.0,629.5
2021-02-08 23:00:00+00:00,2220.25,651.75
2021-02-09 00:00:00+00:00,2216.5,719.0
2021-02-09 01:00:00+00:00,2204.0,683.0
2021-02-09 02:00:00+00:00,2198.75,615.75
2021-02-09 03:00:00+00:00,2192.75,516.25
2021-02-09 04:00:00+00:00,2192.75,532.5
2021-02-09 05:00:00+00:00,2195.25,536.25
2021-02-09 06:00:00+00:00,2156.0,515.5
2021-02-09 07:00:00+00:00,2110.5,487.25
2021-02-09 08:00:00+00:00,2101.5,456.0
2021-02-09 09:00:00+00:00,2066.25,439.5
2021-02-09 10:00:00+00:00,1886.75,400.25
2021-02-09 11:00:00+00:00,1450.5,332.25
2021-02-09 12:00:00+00:00,993.0,255.0
2021-02-09 13:00:00+00:00,875.75,208.75
2021-02-09 14:00:00+00:00,733.5,175.75
2021-02-09 15:00:00+00:00,956.5,176.25
2021-02-09 16:00:00+00:00,973.75,317.25
2021-02-09 17:00:00+00:00,1210.0,390.25
2021-02-09 18:00:00+00:00,1501.75,460.0
2021-02-09 19:00:00+00:00,1676.5,467.25
2021-02-09 20:00:00+00:00,1795.25,463.0
2021-02-09 21:00:00+00:00,1798.25,583.25
2021-02-09 22:00:00+00:00,1881.5,631.25
2021-02-09 23:00:00+00:00,1819.5,575.0
2021-02-10 00:00:00+00:00,1782.5,513.75
2021-02-10 01:00:00+00:00,1602.25,535.75
2021-02-10 02:00:00+00:00,1400.0,439.75
2021-02-10 03:00:00+00:00,1159.75,386.0
2021-02-10 04:00:00+00:00,1168.0,333.25
2021-02-10 05:00:00+00:00,1391.75,338.5
2021-02-10 06:00:00+00:00,1482.25,312.5
2021-02-10 07:00:00+00:00,1600.0,277.0
2021-02-10 08:00:00+00:00,1148.75,231.75
2021-02-10 09:00:00+00:00,782.25,176.0
2021-02-10 10:00:00+00:00,720.5,142.0
2021-02-10 11:00:00+00:00,669.25,115.25
2021-02-10 12:00:00+00:00,564.25,91.75
2021-02-10 13:00:00+00:00,518.5,99.75
2021-02-10 14:00:00+00:00,488.25,134.0
2021-02-10 15:00:00+00:00,610.75,128.25
2021-02-10 16:00:00+00:00,678.0,165.5
2021-02-10 17:00:00+00:00,867.5,165.5
2021-02-10 18:00:00+00:00,879.5,168.75
2021-02-10 19:00:00+00:00,798.75,132.5
2021-02-10 20:00:00+00:00,737.75,149.5
2021-02-10 21:00:00+00:00,667.25,171.0
2021-02-10 22:00:00+00:00,562.25,147.75
2021-02-10 23:00:00+00:00,635.75,124.5
2021-02-11 00:00:00+00:00,564.75,110.0
2021-02-11 01:00:00+00:00,528.0,100.5
2021-02-11 02:00:00+00:00,519.5,82.0
2021-02-11 03:00:00+00:00,475.0,63.5
2021-02-11 04:00:00+00:00,438.5,60.0
2021-02-11 05:00:00+00:00,440.5,57.0
2021-02-11 06:00:00+00:00,401.0,53.5
2021-02-11 07:00:00+00:00,456.25,66.0
2021-02-11 08:00:00+00:00,461.25,63.75
2021-02-11 09:00:00+00:00,420.0,63.5
2021-02-11 10:00:00+00:00,392.5,69.5
2021-02-11 11:00:00+00:00,372.5,76.25
2021-02-11 12:00:00+00:00,303.25,51.75
2021-02-11 13:00:00+00:00,203.75,34.75
2021-02-11 14:00:00+00:00,167.0,37.5
2021-02-11 15:00:00+00:00,227.0,59.75
2021-02-11 16:00:00+00:00,356.25,90.0
2021-02-11 17:00:00+00:00,574.0,149.5
2021-02-11 18:00:00+00:00,937.75,203.0
2021-02-11 19:00:00+00:00,1084.5,230.25
2021-02-11 20:00:00+00:00,1254.0,262.75
2021-02-11 21:00:00+00:00,1425.75,301.75
2021-02-11 22:00:00+00:00,1304.5,284.75
2021-02-11 23:00:00+00:00,1241.0,318.25
2021-02-12 00:00:00+00:00,1176.5,343.0
2021-02-12 01:00:00+00:00,1083.75,385.0
2021-02-12 02:00:00+00:00,1047.25,422.25
2021-02-12 03:00:00+00:00,1259.25,503.0
2021-02-12 04:00:00+00:00,1474.25,593.75
2021-02-12 05:00:00+00:00,1615.0,626.5
2021-02-12 06:00:00+00:00,1744.75,618.5
2021-02-12 07:00:00+00:00,1862.75,679.75
2021-02-12 08:00:00+00:00,1874.0,582.25
2021-02-12 09:00:00+00:00,1883.0,465.25
2021-02-12 10:00:00+00:00,1893.0,535.25
2021-02-12 11:00:00+00:00,1845.75,684.5
2021-02-12 12:00:00+00:00,1836.0,763.5
2021-02-12 13:00:00+00:00,1896.0,858.75
2021-02-12 14:00:00+00:00,1921.5,834.0
2021-02-12 15:00:00+00:00,1958.25,816.0
2021-02-12 16:00:00+00:00,1979.0,858.5
2021-02-12 17:00:00+00:00,2004.0,928.75
2021-02-12 18:00:00+00:00,1949.75,1000.0
2021-02-12 19:00:00+00:00,1932.5,1013.25
2021-02-12 20:00:00+00:00,1942.0,1075.75
2021-02-12 21:00:00+00:00,1923.25,1004.75
2021-02-12 22:00:00+00:00,1912.0,957.25
2021-02-12 23:00:00+00:00,1864.0,957.25
2021-02-13 00:00:00+00:00,1863.0,898.25
2021-02-13 01:00:00+00:00,1838.0,860.0
2021-02-13 02:00:00+00:00,1759.5,806.5
2021-02-13 03:00:00+00:00,1691.75,825.25
2021-02-13 04:00:00+00:00,1561.75,750.25
2021-02-13 05:00:00+00:00,1588.0,670.5
2021-02-13 06:00:00+00:00,1605.5,659.0
2021-02-13 07:00:00+00:00,1512.5,681.5
2021-02-13 08:00:00+00:00,1402.5,608.5
2021-02-13 09:00:00+00:00,1273.25,430.0
2021-02-13 10:00:00+00:00,1309.75,298.75
2021-02-13 11:00:00+00:00,1275.25,370.25
2021-02-13 12:00:00+00:00,1337.25,471.25
2021-02-13 13:00:00+00:00,1456.75,457.75
2021-02-13 14:00:00+00:00,1318.5,484.75
2021-02-13 15:00:00+00:00,1441.75,578.25
2021-02-13 16:00:00+00:00,1569.0,618.75
2021-02-13 17:00:00+00:00,1683.75,680.75
2021-02-13 18:00:00+00:00,1835.0,840.5
2021-02-13 19:00:00+00:00,1944.25,854.5
2021-02-13 20:00:00+00:00,2014.5,936.0
2021-02-13 21:00:00+00:00,2004.75,908.5
2021-02-13 22:00:00+00:00,2044.75,997.0
2021-02-13 23:00:00+00:00,2077.0,812.75
2021-02-14 00:00:00+00:00,1944.5,653.0
2021-02-14 01:00:00+00:00,1962.75,734.25
2021-02-14 02:00:00+00:00,1804.0,797.75
2021-02-14 03:00:00+00:00,1740.75,781.0
2021-02-14 04:00:00+00:00,1672.5,844.5
2021-02-14 05:00:00+00:00,1489.75,841.0
2021-02-14 06:00:00+00:00,1855.75,874.0
2021-02-14 07:00:00+00:00,2015.25,940.5
2021-02-14 08:00:00+00:00,2084.25,965.75
2021-02-14 09:00:00+00:00,2129.25,877.75
2021-02-14 10:00:00+00:00,2127.25,857.25
2021-02-14 11:00:00+00:00,2103.5,902.75
2021-02-14 12:00:00+00:00,2089.25,941.0
2021-02-14 13:00:00+00:00,2108.0,1039.5
2021-02-14 14:00:00+00:00,2079.5,1060.0
2021-02-14 15:00:00+00:00,2168.25,1134.25
2021-02-14 16:00:00+00:00,2205.25,1217.25
2021-02-14 17:00:00+00:00,2216.0,1299.5
2021-02-14 18:00:00+00:00,2221.5,1294.5
2021-02-14 19:00:00+00:00,2219.0,1335.0
2021-02-14 20:00:00+00:00,2223.0,1379.25
2021-02-14 21:00:00+00:00,2216.25,1279.5
2021-02-14 22:00:00+00:00,2210.25,1254.75
2021-02-14 23:00:00+00:00,2215.5,1164.0
2021-02-15 00:00:00+00:00,2208.5,1206.0
2021-02-15 01:00:00+00:00,2200.5,1202.75
2021-02-15 02:00:00+00:00,2190.5,1196.75
2021-02-15 03:00:00+00:00,2197.25,1170.5
2021-02-15 04:00:00+00:00,2202.25,1173.25
2021-02-15 05:00:00+00:00,2200.5,1205.75
2021-02-15 06:00:00+00:00,1936.0,1144.0
2021-02-15 07:00:00+00:00,2080.5,1144.25
2021-02-15 08:00:00+00:00,2071.75,1014.25
2021-02-15 09:00:00+00:00,2163.75,1103.25
2021-02-15 10:00:00+00:00,2164.5,1075.75
2021-02-15 11:00:00+00:00,2132.5,1064.5
2021-02-15 12:00:00+00:00,2138.75,1018.25
2021-02-15 13:00:00+00:00,2125.25,1018.25
2021-02-15 14:00:00+00:00,2084.75,983.25
2021-02-15 15:00:00+00:00,1981.5,1003.75
2021-02-15 16:00:00+00:00,1704.0,988.5
2021-02-15 17:00:00+00:00,1534.5,846.5
2021-02-15 18:00:00+00:00,1161.25,800.5
2021-02-15 19:00:00+00:00,887.5,781.0
2021-02-15 20:00:00+00:00,696.75,695.5
2021-02-15 21:00:00+00:00,625.0,695.75
2021-02-15 22:00:00+00:00,783.5,666.25
2021-02-15 23:00:00+00:00,954.75,743.75
2021-02-16 00:00:00+00:00,862.5,722.0
2021-02-16 01:00:00+00:00,1008.75,713.75
2021-02-16 02:00:00+00:00,1255.75,714.75
2021-02-16 03:00:00+00:00,1264.0,674.75
2021-02-16 04:00:00+00:00,1202.75,791.25
2021-02-16 05:00:00+00:00,1480.75,742.25
2021-02-16 06:00:00+00:00,1895.5,821.0
2021-02-16 07:00:00+00:00,2019.25,938.25
2021-02-16 08:00:00+00:00,2119.75,922.25
2021-02-16 09:00:00+00:00,2144.5,962.25
2021-02-16 10:00:00+00:00,2145.5,1034.0
2021-02-16 11:00:00+00:00,2113.25,1053.0
2021-02-16 12:00:00+00:00,2100.25,954.25
2021-02-16 13:00:00+00:00,2065.25,848.75
2021-02-16 14:00:00+00:00,2104.25,858.5
2021-02-16 15:00:00+00:00,1921.5,794.0
2021-02-16 16:00:00+00:00,2142.5,787.5
2021-02-16 17:00:00+00:00,1955.5,966.75
2021-02-16 18:00:00+00:00,1829.0,1093.25
2021-02-16 19:00:00+00:00,2086.75,1117.75
2021-02-16 20:00:00+00:00,2018.5,1158.5
2021-02-16 21:00:00+00:00,1923.0,1218.25
2021-02-16 22:00:00+00:00,1982.75,1325.0
2021-02-16 23:00:00+00:00,2118.75,1258.25
2021-02-17 00:00:00+00:00,2126.0,1290.0
2021-02-17 01:00:00+00:00,2118.75,1312.0
2021-02-17 02:00:00+00:00,2099.75,1230.0
2021-02-17 03:00:00+00:00,2043.25,1276.5
2021-02-17 04:00:00+00:00,2038.25,1091.0
2021-02-17 05:00:00+00:00,2072.75,1134.75
2021-02-17 06:00:00+00:00,1968.75,1107.0
2021-02-17 07:00:00+00:00,1998.0,1107.5
2021-02-17 08:00:00+00:00,2069.25,1077.5
2021-02-17 09:00:00+00:00,2156.0,1059.0
2021-02-17 10:00:00+00:00,2179.75,1084.75
2021-02-17 11:00:00+00:00,2192.25,1080.75
2021-02-17 12:00:00+00:00,2205.5,1007.75
2021-02-17 13:00:00+00:00,2206.75,966.25
2021-02-17 14:00:00+00:00,2205.25,975.75
2021-02-17 15:00:00+00:00,2199.75,939.25
2021-02-17 16:00:00+00:00,2206.75,922.25
2021-02-17 17:00:00+00:00,2201.0,970.25
2021-02-17 18:00:00+00:00,2184.75,979.5
2021-02-17 19:00:00+00:00,2184.25,1059.75
2021-02-17 20:00:00+00:00,2201.0,1099.75
2021-02-17 21:00:00+00:00,2202.0,1129.5
2021-02-17 22:00:00+00:00,2200.75,1071.25
2021-02-17 23:00:00+00:00,2202.0,998.0
2021-02-18 00:00:00+00:00,2189.5,963.0
2021-02-18 01:00:00+00:00,2187.5,880.0
2021-02-18 02:00:00+00:00,2167.5,918.0
2021-02-18 03:00:00+00:00,2173.0,892.25
2021-02-18 04:00:00+00:00,2179.0,897.5
2021-02-18 05:00:00+00:00,2174.0,953.0
2021-02-18 06:00:00+00:00,2177.5,1098.0
2021-02-18 07:00:00+00:00,2174.25,1090.0
2021-02-18 08:00:00+00:00,2162.75,1152.5
2021-02-18 09:00:00+00:00,2140.5,1198.25
2021-02-18 10:00:00+00:00,2165.75,1182.25
2021-02-18 11:00:00+00:00,2158.25,1106.5
2021-02-18 12:00:00+00:00,2161.0,1128.0
2021-02-18 13:00:00+00:00,2165.0,1231.75
2021-02-18 14:00:00+00:00,2148.25,1231.0
2021-02-18 15:00:00+00:00,1861.5,1282.0
2021-02-18 16:00:00+00:00,2016.25,1185.75
2021-02-18 17:00:00+00:00,1920.5,1012.5
2021-02-18 18:00:00+00:00,1757.75,1167.75
2021-02-18 19:00:00+00:00,1923.25,1023.5
2021-02-18 20:00:00+00:00,1860.5,1155.25
2021-02-18 21:00:00+00:00,2033.5,1123.5
2021-02-18 22:00:00+00:00,2092.0,1176.0
2021-02-18 23:00:00+00:00,1965.75,1202.25
2021-02-19 00:00:00+00:00,1825.75,1184.75
2021-02-19 01:00:00+00:00,1539.5,1152.0
2021-02-19 02:00:00+00:00,1375.75,1117.5
2021-02-19 03:00:00+00:00,1467.0,1063.5
2021-02-19 04:00:00+00:00,1330.5,1062.25
2021-02-19 05:00:00+00:00,1109.5,1005.75
2021-02-19 06:00:00+00:00,1234.75,961.0
2021-02-19 07:00:00+00:00,1443.75,899.75
2021-02-19 08:00:00+00:00,1604.75,710.75
2021-02-19 09:00:00+00:00,1730.75,593.0
2021-02-19 10:00:00+00:00,1935.75,602.5
2021-02-19 11:00:00+00:00,2026.5,650.75
2021-02-19 12:00:00+00:00,2069.75,683.5
2021-02-19 13:00:00+00:00,1941.25,752.25
2021-02-19 14:00:00+00:00,1988.25,722.75
2021-02-19 15:00:00+00:00,2079.75,792.75
2021-02-19 16:00:00+00:00,2132.75,815.25
2021-02-19 17:00:00+00:00,2133.75,898.5
2021-02-19 18:00:00+00:00,2156.25,870.25
2021-02-19 19:00:00+00:00,2175.0,975.0
2021-02-19 20:00:00+00:00,2178.75,1035.5
2021-02-19 21:00:00+00:00,2181.0,1012.5
2021-02-19 22:00:00+00:00,2174.0,918.5
2021-02-19 23:00:00+00:00,2093.25,924.0
2021-02-20 00:00:00+00:00,2007.0,939.0
2021-02-20 01:00:00+00:00,2045.0,856.0
2021-02-20 02:00:00+00:00,1924.0,797.75
2021-02-20 03:00:00+00:00,1789.25,733.0
2021-02-20 04:00:00+00:00,2083.0,696.75
2021-02-20 05:00:00+00:00,2126.5,686.25
2021-02-20 06:00:00+00:00,2177.0,872.75
2021-02-20 07:00:00+00:00,2168.75,962.25
2021-02-20 08:00:00+00:00,2148.25,909.75
2021-02-20 09:00:00+00:00,1757.25,814.5
2021-02-20 10:00:00+00:00,1746.0,828.5
2021-02-20 11:00:00+00:00,1747.75,885.25
2021-02-20 12:00:00+00:00,1753.25,922.25
2021-02-20 13:00:00+00:00,2014.75,856.75
2021-02-20 14:00:00+00:00,2071.25,916.75
2021-02-20 15:00:00+00:00,2146.0,1017.25
2021-02-20 16:00:00+00:00,2095.0,1126.5
2021-02-20 17:00:00+00:00,2200.25,1320.25
2021-02-20 18:00:00+00:00,2180.75,1348.5
2021-02-20 19:00:00+00:00,2182.0,1415.0
2021-02-20 20:00:00+00:00,2163.0,1372.75
2021-02-20 21:00:00+00:00,2192.75,1358.25
2021-02-20 22:00:00+00:00,2124.0,1227.25
2021-02-20 23:00:00+00:00,2100.25,1163.0
2021-02-21 00:00:00+00:00,2171.0,1121.0
2021-02-21 01:00:00+00:00,2194.75,1105.25
2021-02-21 02:00:00+00:00,2124.0,1060.75
2021-02-21 03:00:00+00:00,2157.75,1136.75
2021-02-21 04:00:00+00:00,2018.75,1019.75
2021-02-21 05:00:00+00:00,1743.75,896.25
2021-02-21 06:00:00+00:00,1758.75,855.5
2021-02-21 07:00:00+00:00,1559.25,779.5
2021-02-21 08:00:00+00:00,1442.25,696.25
2021-02-21 09:00:00+00:00,1356.0,566.25
2021-02-21 10:00:00+00:00,1375.25,459.5
2021-02-21 11:00:00+00:00,1042.5,352.5
2021-02-21 12:00:00+00:00,794.0,270.0
2021-02-21 13:00:00+00:00,544.5,194.5
2021-02-21 14:00:00+00:00,453.75,160.5
2021-02-21 15:00:00+00:00,292.75,154.75
2021-02-21 16:00:00+00:00,252.25,143.75
2021-02-21 17:00:00+00:00,321.25,187.5
2021-02-21 18:00:00+00:00,236.0,269.75
2021-02-21 19:00:00+00:00,278.0,381.25
2021-02-21 20:00:00+00:00,334.25,469.25
2021-02-21 21:00:00+00:00,495.75,546.75
2021-02-21 22:00:00+00:00,559.75,556.25
2021-02-21 23:00:00+00:00,434.5,641.75
2021-02-22 00:00:00+00:00,576.25,772.0
2021-02-22 01:00:00+00:00,836.5,946.75
2021-02-22 02:00:00+00:00,898.25,1085.0
2021-02-22 03:00:00+00:00,927.5,1099.0
2021-02-22 04:00:00+00:00,999.75,1009.75
2021-02-22 05:00:00+00:00,1174.0,1042.0
2021-02-22 06:00:00+00:00,1242.5,1124.25
2021-02-22 07:00:00+00:00,1124.75,1122.5
2021-02-22 08:00:00+00:00,1552.5,947.25
2021-02-22 09:00:00+00:00,1711.75,802.0
2021-02-22 10:00:00+00:00,1357.5,651.75
2021-02-22 11:00:00+00:00,1447.0,569.25
2021-02-22 12:00:00+00:00,1346.25,507.0
2021-02-22 13:00:00+00:00,1226.25,414.75
2021-02-22 14:00:00+00:00,1123.0,396.25
2021-02-22 15:00:00+00:00,1075.0,385.5
2021-02-22 16:00:00+00:00,954.25,441.25
2021-02-22 17:00:00+00:00,895.0,509.5
2021-02-22 18:00:00+00:00,932.0,595.75
2021-02-22 19:00:00+00:00,993.25,710.75
2021-02-22 20:00:00+00:00,1040.0,760.75
2021-02-22 21:00:00+00:00,955.25,765.5
2021-02-22 22:00:00+00:00,631.75,693.75
2021-02-22 23:00:00+00:00,540.5,645.25
2021-02-23 00:00:00+00:00,396.75,621.5
2021-02-23 01:00:00+00:00,312.75,611.75
2021-02-23 02:00:00+00:00,274.75,602.5
2021-02-23 03:00:00+00:00,487.25,606.5
2021-02-23 04:00:00+00:00,779.25,597.75
2021-02-23 05:00:00+00:00,1113.75,635.5
2021-02-23 06:00:00+00:00,1479.75,847.75
2021-02-23 07:00:00+00:00,1921.0,904.0
2021-02-23 08:00:00+00:00,1968.75,1040.25
2021-02-23 09:00:00+00:00,1957.5,862.25
2021-02-23 10:00:00+00:00,1742.0,880.0
2021-02-23 11:00:00+00:00,1758.0,976.5
2021-02-23 12:00:00+00:00,1861.5,989.0
2021-02-23 13:00:00+00:00,1931.5,960.75
2021-02-23 14:00:00+00:00,1874.25,925.75
2021-02-23 15:00:00+00:00,1720.75,988.25
2021-02-23 16:00:00+00:00,1895.5,994.5
2021-02-23 17:00:00+00:00,2040.75,932.75
2021-02-23 18:00:00+00:00,2147.5,938.25
2021-02-23 19:00:00+00:00,2214.0,1009.25
2021-02-23 20:00:00+00:00,2204.25,1170.5
2021-02-23 21:00:00+00:00,2215.5,1215.5
2021-02-23 22:00:00+00:00,2214.5,1281.0
2021-02-23 23:00:00+00:00,2181.75,1267.75
2021-02-24 00:00:00+00:00,2197.0,1234.5
2021-02-24 01:00:00+00:00,2190.75,1228.75
2021-02-24 02:00:00+00:00,2193.5,1177.0
2021-02-24 03:00:00+00:00,2205.75,1171.25
2021-02-24 04:00:00+00:00,2167.75,1152.75
2021-02-24 05:00:00+00:00,2202.0,1233.0
2021-02-24 06:00:00+00:00,2081.75,1202.0
2021-02-24 07:00:00+00:00,1988.25,1102.0
2021-02-24 08:00:00+00:00,1896.5,1065.5
2021-02-24 09:00:00+00:00,1863.25,971.25
2021-02-24 10:00:00+00:00,1870.25,826.5
2021-02-24 11:00:00+00:00,1953.25,749.5
2021-02-24 12:00:00+00:00,1868.25,693.25
2021-02-24 13:00:00+00:00,1705.75,641.75
2021-02-24 14:00:00+00:00,1740.25,608.25
2021-02-24 15:00:00+00:00,1596.25,568.0
2021-02-24 16:00:00+00:00,1556.25,581.75
2021-02-24 17:00:00+00:00,1449.75,669.5
2021-02-24 18:00:00+00:00,1493.25,669.0
2021-02-24 19:00:00+00:00,1506.0,733.5
2021-02-24 20:00:00+00:00,1652.75,844.0
2021-02-24 21:00:00+00:00,2008.5,924.25
2021-02-24 22:00:00+00:00,2139.5,1004.0
2021-02-24 23:00:00+00:00,1885.5,1032.75
2021-02-25 00:00:00+00:00,1682.25,1034.0
2021-02-25 01:00:00+00:00,1571.75,1056.0
2021-02-25 02:00:00+00:00,1673.5,1032.75
2021-02-25 03:00:00+00:00,1580.25,1005.0
2021-02-25 04:00:00+00:00,1453.5,994.75
2021-02-25 05:00:00+00:00,1622.0,950.0
2021-02-25 06:00:00+00:00,1522.0,855.75
2021-02-25 07:00:00+00:00,1207.0,762.5
2021-02-25 08:00:00+00:00,1049.5,687.75
2021-02-25 09:00:00+00:00,982.75,539.25
2021-02-25 10:00:00+00:00,935.5,409.25
2021-02-25 11:00:00+00:00,617.5,355.25
2021-02-25 12:00:00+00:00,501.25,298.25
2021-02-25 13:00:00+00:00,305.25,284.75
2021-02-25 14:00:00+00:00,248.0,312.75
2021-02-25 15:00:00+00:00,312.75,262.5
2021-02-25 16:00:00+00:00,303.25,225.5
2021-02-25 17:00:00+00:00,417.0,253.0
2021-02-25 18:00:00+00:00,427.75,231.25
2021-02-25 19:00:00+00:00,233.25,211.75
2021-02-25 20:00:00+00:00,237.5,215.5
2021-02-25 21:00:00+00:00,303.75,184.5
2021-02-25 22:00:00+00:00,275.0,211.0
2021-02-25 23:00:00+00:00,239.25,239.25
2021-02-26 00:00:00+00:00,208.25,182.25
2021-02-26 01:00:00+00:00,229.75,170.0
2021-02-26 02:00:00+00:00,377.5,184.75
2021-02-26 03:00:00+00:00,409.0,221.75
2021-02-26 04:00:00+00:00,400.0,255.75
2021-02-26 05:00:00+00:00,355.75,279.5
2021-02-26 06:00:00+00:00,356.75,317.5
2021-02-26 07:00:00+00:00,432.25,263.25
2021-02-26 08:00:00+00:00,350.5,228.5
2021-02-26 09:00:00+00:00,291.75,237.75
2021-02-26 10:00:00+00:00,318.5,241.5
2021-02-26 11:00:00+00:00,312.25,288.0
2021-02-26 12:00:00+00:00,267.75,348.5
2021-02-26 13:00:00+00:00,254.5,372.5
2021-02-26 14:00:00+00:00,183.5,377.75
2021-02-26 15:00:00+00:00,208.25,333.5
2021-02-26 16:00:00+00:00,186.25,256.0
2021-02-26 17:00:00+00:00,177.0,251.75
2021-02-26 18:00:00+00:00,180.5,277.25
2021-02-26 19:00:00+00:00,222.0,199.0
2021-02-26 20:00:00+00:00,235.25,178.0
2021-02-26 21:00:00+00:00,204.75,194.25
2021-02-26 22:00:00+00:00,135.25,166.75
2021-02-26 23:00:00+00:00,119.0,131.5
2021-02-27 00:00:00+00:00,102.25,96.5
2021-02-27 01:00:00+00:00,61.5,92.25
2021-02-27 02:00:00+00:00,46.75,90.25
2021-02-27 03:00:00+00:00,50.0,69.25
2021-02-27 04:00:00+00:00,26.25,70.25
2021-02-27 05:00:00+00:00,25.25,76.5
2021-02-27 06:00:00+00:00,7.5,76.75
2021-02-27 07:00:00+00:00,32.25,80.25
2021-02-27 08:00:00+00:00,40.25,84.75
2021-02-27 09:00:00+00:00,26.25,83.75
2021-02-27 10:00:00+00:00,5.0,79.25
2021-02-27 11:00:00+00:00,6.75,78.25
2021-02-27 12:00:00+00:00,24.0,77.0
2021-02-27 13:00:00+00:00,13.0,78.5
2021-02-27 14:00:00+00:00,30.5,80.75
2021-02-27 15:00:00+00:00,60.75,79.25
2021-02-27 16:00:00+00:00,62.5,87.25
2021-02-27 17:00:00+00:00,59.5,96.5
2021-02-27 18:00:00+00:00,90.25,123.0
2021-02-27 19:00:00+00:00,113.5,162.0
2021-02-27 20:00:00+00:00,167.75,157.75
2021-02-27 21:00:00+00:00,184.75,152.5
2021-02-27 22:00:00+00:00,181.75,144.25
2021-02-27 23:00:00+00:00,197.25,134.75
2021-02-28 00:00:00+00:00,172.75,143.5
2021-02-28 01:00:00+00:00,138.25,125.5
2021-02-28 02:00:00+00:00,152.5,91.25
2021-02-28 03:00:00+00:00,87.75,69.5
2021-02-28 04:00:00+00:00,13.25,95.5
2021-02-28 05:00:00+00:00,1.0,115.0
2021-02-28 06:00:00+00:00,7.5,144.0
2021-02-28 07:00:00+00:00,61.0,168.25
2021-02-28 08:00:00+00:00,103.25,138.5
2021-02-28 09:00:00+00:00,123.25,110.5
2021-02-28 10:00:00+00:00,149.75,109.5
2021-02-28 11:00:00+00:00,155.75,108.0
2021-02-28 12:00:00+00:00,185.75,112.25
2021-02-28 13:00:00+00:00,250.0,146.5
2021-02-28 14:00:00+00:00,425.5,193.0
2021-02-28 15:00:00+00:00,468.75,238.5
2021-02-28 16:00:00+00:00,518.25,230.25
2021-02-28 17:00:00+00:00,678.75,258.25
2021-02-28 18:00:00+00:00,916.0,321.25
2021-02-28 19:00:00+00:00,1004.25,368.75
2021-02-28 20:00:00+00:00,1054.0,344.25
2021-02-28 21:00:00+00:00,824.5,358.5
2021-02-28 22:00:00+00:00,747.5,360.25
2021-02-28 23:00:00+00:00,649.0,349.0
2021-03-01 00:00:00+00:00,426.75,354.25
2021-03-01 01:00:00+00:00,436.75,362.25
2021-03-01 02:00:00+00:00,392.5,289.25
2021-03-01 03:00:00+00:00,311.5,270.25
2021-03-01 04:00:00+00:00,383.5,274.0
2021-03-01 05:00:00+00:00,372.25,275.0
2021-03-01 06:00:00+00:00,365.75,255.0
2021-03-01 07:00:00+00:00,327.5,302.25
2021-03-01 08:00:00+00:00,359.25,310.0
2021-03-01 09:00:00+00:00,334.0,279.25
2021-03-01 10:00:00+00:00,376.25,217.5
2021-03-01 11:00:00+00:00,335.25,233.25
2021-03-01 12:00:00+00:00,263.25,210.25
2021-03-01 13:00:00+00:00,256.25,209.25
2021-03-01 14:00:00+00:00,261.75,208.5
2021-03-01 15:00:00+00:00,289.25,220.0
2021-03-01 16:00:00+00:00,364.75,263.0
2021-03-01 17:00:00+00:00,440.0,360.25
2021-03-01 18:00:00+00:00,504.5,456.25
2021-03-01 19:00:00+00:00,570.25,492.0
2021-03-01 20:00:00+00:00,652.75,566.0
2021-03-01 21:00:00+00:00,650.5,546.5
2021-03-01 22:00:00+00:00,617.0,552.5
2021-03-01 23:00:00+00:00,516.0,534.0
2021-03-02 00:00:00+00:00,347.0,501.0
2021-03-02 01:00:00+00:00,258.5,420.0
2021-03-02 02:00:00+00:00,198.5,355.75
2021-03-02 03:00:00+00:00,204.0,344.0
2021-03-02 04:00:00+00:00,197.0,343.0
2021-03-02 05:00:00+00:00,192.5,301.0
2021-03-02 06:00:00+00:00,183.25,275.0
2021-03-02 07:00:00+00:00,218.25,247.75
2021-03-02 08:00:00+00:00,259.5,179.0
2021-03-02 09:00:00+00:00,154.25,118.25
2021-03-02 10:00:00+00:00,93.0,101.75
2021-03-02 11:00:00+00:00,86.25,95.0
2021-03-02 12:00:00+00:00,79.75,99.25
2021-03-02 13:00:00+00:00,112.5,110.5
2021-03-02 14:00:00+00:00,89.0,122.5
2021-03-02 15:00:00+00:00,79.0,120.75
2021-03-02 16:00:00+00:00,92.0,132.25
2021-03-02 17:00:00+00:00,100.0,166.5
2021-03-02 18:00:00+00:00,63.25,192.75
2021-03-02 19:00:00+00:00,36.0,190.25
2021-03-02 20:00:00+00:00,40.25,153.25
2021-03-02 21:00:00+00:00,38.25,125.5
2021-03-02 22:00:00+00:00,20.0,113.5
2021-03-02 23:00:00+00:00,5.25,108.75
2021-03-03 00:00:00+00:00,2.75,120.25
2021-03-03 01:00:00+00:00,4.5,122.0
2021-03-03 02:00:00+00:00,2.0,113.0
2021-03-03 03:00:00+00:00,8.25,104.25
2021-03-03 04:00:00+00:00,14.0,100.25
2021-03-03 05:00:00+00:00,8.0,107.75
2021-03-03 06:00:00+00:00,6.75,96.5
2021-03-03 07:00:00+00:00,11.5,103.25
2021-03-03 08:00:00+00:00,21.25,95.75
2021-03-03 09:00:00+00:00,48.5,92.0
2021-03-03 10:00:00+00:00,53.25,96.25
2021-03-03 11:00:00+00:00,84.5,108.25
2021-03-03 12:00:00+00:00,106.25,107.75
2021-03-03 13:00:00+00:00,65.0,107.75
2021-03-03 14:00:00+00:00,61.5,106.0
2021-03-03 15:00:00+00:00,73.0,109.25
2021-03-03 16:00:00+00:00,79.25,118.0
2021-03-03 17:00:00+00:00,60.0,110.25
2021-03-03 18:00:00+00:00,58.75,100.5
2021-03-03 19:00:00+00:00,34.25,94.0
2021-03-03 20:00:00+00:00,18.5,93.75
2021-03-03 21:00:00+00:00,30.75,98.5
2021-03-03 22:00:00+00:00,29.75,103.75
2021-03-03 23:00:00+00:00,15.0,98.75
2021-03-04 00:00:00+00:00,56.25,90.0
2021-03-04 01:00:00+00:00,22.75,89.5
2021-03-04 02:00:00+00:00,29.25,89.75
2021-03-04 03:00:00+00:00,47.0,86.75
2021-03-04 04:00:00+00:00,103.75,82.0
2021-03-04 05:00:00+00:00,121.0,78.25
2021-03-04 06:00:00+00:00,190.75,99.75
2021-03-04 07:00:00+00:00,237.5,102.5
2021-03-04 08:00:00+00:00,422.25,101.5
2021-03-04 09:00:00+00:00,495.25,109.25
2021-03-04 10:00:00+00:00,462.0,140.5
2021-03-04 11:00:00+00:00,437.5,185.75
2021-03-04 12:00:00+00:00,623.25,252.0
2021-03-04 13:00:00+00:00,762.0,317.0
2021-03-04 14:00:00+00:00,516.75,388.0
2021-03-04 15:00:00+00:00,634.0,430.0
2021-03-04 16:00:00+00:00,824.5,447.0
2021-03-04 17:00:00+00:00,999.75,467.5
2021-03-04 18:00:00+00:00,1159.25,464.75
2021-03-04 19:00:00+00:00,1329.5,413.0
2021-03-04 20:00:00+00:00,1166.25,388.75
2021-03-04 21:00:00+00:00,1315.75,437.75
2021-03-04 22:00:00+00:00,1398.25,430.25
2021-03-04 23:00:00+00:00,1356.25,433.5
2021-03-05 00:00:00+00:00,1578.25,457.75
2021-03-05 01:00:00+00:00,1543.75,528.5
2021-03-05 02:00:00+00:00,1289.25,475.25
2021-03-05 03:00:00+00:00,1087.25,415.75
2021-03-05 04:00:00+00:00,974.0,470.5
2021-03-05 05:00:00+00:00,875.0,421.25
2021-03-05 06:00:00+00:00,1091.75,339.75
2021-03-05 07:00:00+00:00,956.25,242.5
2021-03-05 08:00:00+00:00,927.75,167.75
2021-03-05 09:00:00+00:00,799.0,169.75
2021-03-05 10:00:00+00:00,651.5,191.0
2021-03-05 11:00:00+00:00,406.0,251.0
2021-03-05 12:00:00+00:00,351.75,256.0
2021-03-05 13:00:00+00:00,326.75,287.25
2021-03-05 14:00:00+00:00,355.5,306.25
2021-03-05 15:00:00+00:00,480.5,283.5
2021-03-05 16:00:00+00:00,473.75,286.25
2021-03-05 17:00:00+00:00,618.5,296.75
2021-03-05 18:00:00+00:00,557.5,294.75
2021-03-05 19:00:00+00:00,463.0,245.75
2021-03-05 20:00:00+00:00,399.75,245.75
2021-03-05 21:00:00+00:00,345.25,217.5
2021-03-05 22:00:00+00:00,326.75,202.25
2021-03-05 23:00:00+00:00,323.75,223.25
2021-03-06 00:00:00+00:00,359.5,218.0
2021-03-06 01:00:00+00:00,346.25,196.25
2021-03-06 02:00:00+00:00,324.0,169.25
2021-03-06 03:00:00+00:00,224.0,160.5
2021-03-06 04:00:00+00:00,139.75,137.25
2021-03-06 05:00:00+00:00,129.25,120.25
2021-03-06 06:00:00+00:00,129.0,106.0
2021-03-06 07:00:00+00:00,94.5,99.25
2021-03-06 08:00:00+00:00,74.75,91.25
2021-03-06 09:00:00+00:00,72.0,103.75
2021-03-06 10:00:00+00:00,115.0,115.0
2021-03-06 11:00:00+00:00,166.5,119.75
2021-03-06 12:00:00+00:00,186.5,127.75
2021-03-06 13:00:00+00:00,166.75,142.5
2021-03-06 14:00:00+00:00,226.25,129.25
2021-03-06 15:00:00+00:00,145.5,122.75
2021-03-06 16:00:00+00:00,165.0,138.75
2021-03-06 17:00:00+00:00,310.75,151.25
2021-03-06 18:00:00+00:00,239.25,162.0
2021-03-06 19:00:00+00:00,276.5,151.75
2021-03-06 20:00:00+00:00,326.5,179.0
2021-03-06 21:00:00+00:00,400.5,173.25
2021-03-06 22:00:00+00:00,333.0,137.5
2021-03-06 23:00:00+00:00,441.5,144.5
2021-03-07 00:00:00+00:00,359.5,159.25
2021-03-07 01:00:00+00:00,487.5,137.0
2021-03-07 02:00:00+00:00,378.25,133.0
2021-03-07 03:00:00+00:00,332.5,129.25
2021-03-07 04:00:00+00:00,284.75,134.0
2021-03-07 05:00:00+00:00,198.25,155.5
2021-03-07 06:00:00+00:00,151.5,149.75
2021-03-07 07:00:00+00:00,303.25,134.75
2021-03-07 08:00:00+00:00,400.5,150.5
2021-03-07 09:00:00+00:00,412.5,151.0
2021-03-07 10:00:00+00:00,355.5,154.25
2021-03-07 11:00:00+00:00,319.0,174.0
2021-03-07 12:00:00+00:00,312.75,187.0
2021-03-07 13:00:00+00:00,338.5,220.5
2021-03-07 14:00:00+00:00,357.0,241.75
2021-03-07 15:00:00+00:00,354.0,238.5
2021-03-07 16:00:00+00:00,343.25,253.0
2021-03-07 17:00:00+00:00,268.25,249.0
2021-03-07 18:00:00+00:00,289.75,244.0
2021-03-07 19:00:00+00:00,172.0,240.5
2021-03-07 20:00:00+00:00,73.0,238.25
2021-03-07 21:00:00+00:00,63.75,216.5
2021-03-07 22:00:00+00:00,21.5,201.0
2021-03-07 23:00:00+00:00,33.75,171.0
2021-03-08 00:00:00+00:00,65.25,188.25
2021-03-08 01:00:00+00:00,41.25,206.75
2021-03-08 02:00:00+00:00,40.75,220.0
2021-03-08 03:00:00+00:00,47.5,223.25
2021-03-08 04:00:00+00:00,41.25,217.0
2021-03-08 05:00:00+00:00,50.5,165.5
2021-03-08 06:00:00+00:00,53.75,124.5
2021-03-08 07:00:00+00:00,88.25,101.0
2021-03-08 08:00:00+00:00,127.0,90.5
2021-03-08 09:00:00+00:00,149.5,84.5
2021-03-08 10:00:00+00:00,164.5,88.5
2021-03-08 11:00:00+00:00,212.5,102.0
2021-03-08 12:00:00+00:00,294.0,115.5
2021-03-08 13:00:00+00:00,351.5,133.75
2021-03-08 14:00:00+00:00,350.75,155.5
2021-03-08 15:00:00+00:00,333.0,168.5
2021-03-08 16:00:00+00:00,351.5,200.75
2021-03-08 17:00:00+00:00,382.0,283.0
2021-03-08 18:00:00+00:00,428.25,338.5
2021-03-08 19:00:00+00:00,526.0,332.75
2021-03-08 20:00:00+00:00,574.5,418.25
2021-03-08 21:00:00+00:00,656.75,556.0
2021-03-08 22:00:00+00:00,803.25,641.75
2021-03-08 23:00:00+00:00,666.75,739.75
2021-03-09 00:00:00+00:00,577.75,833.5
2021-03-09 01:00:00+00:00,770.0,850.5
2021-03-09 02:00:00+00:00,664.5,797.0
2021-03-09 03:00:00+00:00,537.0,636.5
2021-03-09 04:00:00+00:00,437.25,471.0
2021-03-09 05:00:00+00:00,439.0,449.5
2021-03-09 06:00:00+00:00,518.25,374.25
2021-03-09 07:00:00+00:00,374.25,322.0
2021-03-09 08:00:00+00:00,292.0,308.75
2021-03-09 09:00:00+00:00,268.25,269.75
2021-03-09 10:00:00+00:00,236.75,229.0
2021-03-09 11:00:00+00:00,223.75,203.75
2021-03-09 12:00:00+00:00,196.5,231.75
2021-03-09 13:00:00+00:00,104.25,221.25
2021-03-09 14:00:00+00:00,29.5,200.5
2021-03-09 15:00:00+00:00,14.0,176.0
2021-03-09 16:00:00+00:00,3.0,187.25
2021-03-09 17:00:00+00:00,8.25,169.75
2021-03-09 18:00:00+00:00,4.25,121.0
2021-03-09 19:00:00+00:00,28.25,95.75
2021-03-09 20:00:00+00:00,27.0,82.75
2021-03-09 21:00:00+00:00,85.0,80.75
2021-03-09 22:00:00+00:00,226.25,87.25
2021-03-09 23:00:00+00:00,227.25,111.75
2021-03-10 00:00:00+00:00,332.75,167.5
2021-03-10 01:00:00+00:00,540.0,217.75
2021-03-10 02:00:00+00:00,607.0,230.0
2021-03-10 03:00:00+00:00,786.25,243.0
2021-03-10 04:00:00+00:00,994.0,305.0
2021-03-10 05:00:00+00:00,1154.25,408.25
2021-03-10 06:00:00+00:00,1737.5,496.75
2021-03-10 07:00:00+00:00,2051.0,559.0
2021-03-10 08:00:00+00:00,2165.25,669.5
2021-03-10 09:00:00+00:00,2211.25,787.25
2021-03-10 10:00:00+00:00,2209.75,869.5
2021-03-10 11:00:00+00:00,2211.25,927.0
2021-03-10 12:00:00+00:00,2234.0,1030.0
2021-03-10 13:00:00+00:00,2242.5,1106.25
2021-03-10 14:00:00+00:00,2246.25,1230.25
2021-03-10 15:00:00+00:00,2247.5,1409.5
2021-03-10 16:00:00+00:00,2244.5,1435.0
2021-03-10 17:00:00+00:00,2242.25,1467.75
2021-03-10 18:00:00+00:00,2231.75,1576.25
2021-03-10 19:00:00+00:00,2214.5,1583.25
2021-03-10 20:00:00+00:00,2229.0,1634.25
2021-03-10 21:00:00+00:00,2232.0,1636.0
2021-03-10 22:00:00+00:00,2197.0,1572.75
2021-03-10 23:00:00+00:00,2192.75,1610.0
2021-03-11 00:00:00+00:00,2191.0,1618.0
2021-03-11 01:00:00+00:00,2177.5,1596.25
2021-03-11 02:00:00+00:00,2165.5,1582.0
2021-03-11 03:00:00+00:00,2146.0,1582.25
2021-03-11 04:00:00+00:00,1882.0,1593.75
2021-03-11 05:00:00+00:00,1734.0,1583.0
2021-03-11 06:00:00+00:00,1488.25,1604.0
2021-03-11 07:00:00+00:00,1222.25,1572.5
2021-03-11 08:00:00+00:00,1077.75,1442.75
2021-03-11 09:00:00+00:00,966.5,1153.75
2021-03-11 10:00:00+00:00,1083.5,996.5
2021-03-11 11:00:00+00:00,1380.75,1036.0
2021-03-11 12:00:00+00:00,1685.5,1400.75
2021-03-11 13:00:00+00:00,2112.75,1521.25
2021-03-11 14:00:00+00:00,2178.75,1535.75
2021-03-11 15:00:00+00:00,2213.0,1551.25
2021-03-11 16:00:00+00:00,2210.75,1547.0
2021-03-11 17:00:00+00:00,2191.0,1519.75
2021-03-11 18:00:00+00:00,2165.5,1419.25
2021-03-11 19:00:00+00:00,2197.5,1454.0
2021-03-11 20:00:00+00:00,2202.0,1452.5
2021-03-11 21:00:00+00:00,2199.5,1505.25
2021-03-11 22:00:00+00:00,2193.0,1516.5
2021-03-11 23:00:00+00:00,2181.25,1463.25
2021-03-12 00:00:00+00:00,2173.25,1414.5
2021-03-12 01:00:00+00:00,2131.5,1380.0
2021-03-12 02:00:00+00:00,2149.75,1379.75
2021-03-12 03:00:00+00:00,2138.75,1300.75
2021-03-12 04:00:00+00:00,2191.5,1288.5
2021-03-12 05:00:00+00:00,2177.75,1294.5
2021-03-12 06:00:00+00:00,2206.25,1310.75
2021-03-12 07:00:00+00:00,2152.75,1228.75
2021-03-12 08:00:00+00:00,2189.75,1298.5
2021-03-12 09:00:00+00:00,2210.5,1462.5
2021-03-12 10:00:00+00:00,2215.5,1455.0
2021-03-12 11:00:00+00:00,2214.0,1463.25
2021-03-12 12:00:00+00:00,2208.0,1456.5
2021-03-12 13:00:00+00:00,2195.5,1513.75
2021-03-12 14:00:00+00:00,2026.0,1471.75
2021-03-12 15:00:00+00:00,2132.25,1473.5
2021-03-12 16:00:00+00:00,2124.75,1480.75
2021-03-12 17:00:00+00:00,2194.75,1404.75
2021-03-12 18:00:00+00:00,2189.75,1455.0
2021-03-12 19:00:00+00:00,2179.5,1421.75
2021-03-12 20:00:00+00:00,2200.5,1408.25
2021-03-12 21:00:00+00:00,2162.25,1377.5
2021-03-12 22:00:00+00:00,2133.25,1400.5
2021-03-12 23:00:00+00:00,2179.5,1351.75
2021-03-13 00:00:00+00:00,2190.5,1337.75
2021-03-13 01:00:00+00:00,2188.0,1431.0
2021-03-13 02:00:00+00:00,2192.0,1481.5
2021-03-13 03:00:00+00:00,2185.5,1520.25
2021-03-13 04:00:00+00:00,2185.5,1602.0
2021-03-13 05:00:00+00:00,2191.25,1561.25
2021-03-13 06:00:00+00:00,2176.5,1549.25
2021-03-13 07:00:00+00:00,2163.0,1565.5
2021-03-13 08:00:00+00:00,2192.75,1501.75
2021-03-13 09:00:00+00:00,2149.0,1511.75
2021-03-13 10:00:00+00:00,1996.5,1533.5
2021-03-13 11:00:00+00:00,1985.25,1499.5
2021-03-13 12:00:00+00:00,1965.75,1474.75
2021-03-13 13:00:00+00:00,2012.5,1568.5
2021-03-13 14:00:00+00:00,2013.0,1619.25
2021-03-13 15:00:00+00:00,2158.0,1595.5
2021-03-13 16:00:00+00:00,2199.0,1579.0
2021-03-13 17:00:00+00:00,2084.5,1579.5
2021-03-13 18:00:00+00:00,1826.5,1526.75
2021-03-13 19:00:00+00:00,2151.25,1444.25
2021-03-13 20:00:00+00:00,2160.5,1411.25
2021-03-13 21:00:00+00:00,2113.5,1357.0
2021-03-13 22:00:00+00:00,2099.0,1264.5
2021-03-13 23:00:00+00:00,2152.75,1293.25
2021-03-14 00:00:00+00:00,2051.25,1216.25
2021-03-14 01:00:00+00:00,2087.25,1076.0
2021-03-14 02:00:00+00:00,2115.0,1010.5
2021-03-14 03:00:00+00:00,2011.25,976.75
2021-03-14 04:00:00+00:00,1893.5,868.5
2021-03-14 05:00:00+00:00,2034.25,579.0
2021-03-14 06:00:00+00:00,1944.0,585.75
2021-03-14 07:00:00+00:00,1849.75,611.0
2021-03-14 08:00:00+00:00,1774.75,677.5
2021-03-14 09:00:00+00:00,1702.0,766.5
2021-03-14 10:00:00+00:00,1656.5,882.25
2021-03-14 11:00:00+00:00,1650.25,931.25
2021-03-14 12:00:00+00:00,1608.0,970.75
2021-03-14 13:00:00+00:00,1843.5,985.75
2021-03-14 14:00:00+00:00,1826.75,1016.75
2021-03-14 15:00:00+00:00,1807.5,1038.75
2021-03-14 16:00:00+00:00,1992.25,949.0
2021-03-14 17:00:00+00:00,2009.25,775.5
2021-03-14 18:00:00+00:00,1997.5,813.0
2021-03-14 19:00:00+00:00,1995.5,770.5
2021-03-14 20:00:00+00:00,2002.0,927.0
2021-03-14 21:00:00+00:00,1854.75,718.5
2021-03-14 22:00:00+00:00,1903.0,551.75
2021-03-14 23:00:00+00:00,1902.0,494.25
2021-03-15 00:00:00+00:00,1980.25,612.75
2021-03-15 01:00:00+00:00,1979.25,665.5
2021-03-15 02:00:00+00:00,1728.5,638.5
2021-03-15 03:00:00+00:00,1495.75,618.5
2021-03-15 04:00:00+00:00,1537.75,667.0
2021-03-15 05:00:00+00:00,1595.5,780.75
2021-03-15 06:00:00+00:00,1648.0,934.5
2021-03-15 07:00:00+00:00,1772.0,966.0
2021-03-15 08:00:00+00:00,1694.5,1059.5
2021-03-15 09:00:00+00:00,1676.75,1225.75
2021-03-15 10:00:00+00:00,1832.5,1268.75
2021-03-15 11:00:00+00:00,1925.0,1283.25
2021-03-15 12:00:00+00:00,2045.5,1309.25
2021-03-15 13:00:00+00:00,2133.0,1330.5
2021-03-15 14:00:00+00:00,2133.0,1385.5
2021-03-15 15:00:00+00:00,2116.25,1361.0
2021-03-15 16:00:00+00:00,2115.5,1298.25
2021-03-15 17:00:00+00:00,2131.75,1271.0
2021-03-15 18:00:00+00:00,2008.0,1239.75
2021-03-15 19:00:00+00:00,1848.5,1232.5
2021-03-15 20:00:00+00:00,1670.25,1154.0
2021-03-15 21:00:00+00:00,1550.75,1032.75
2021-03-15 22:00:00+00:00,1330.25,913.5
2021-03-15 23:00:00+00:00,1192.0,783.75
2021-03-16 00:00:00+00:00,972.25,660.25
2021-03-16 01:00:00+00:00,781.5,580.25
2021-03-16 02:00:00+00:00,764.5,492.0
2021-03-16 03:00:00+00:00,699.25,426.5
2021-03-16 04:00:00+00:00,792.5,394.0
2021-03-16 05:00:00+00:00,757.25,391.0
2021-03-16 06:00:00+00:00,495.0,342.25
2021-03-16 07:00:00+00:00,257.0,296.25
2021-03-16 08:00:00+00:00,172.0,238.75
2021-03-16 09:00:00+00:00,112.75,212.0
2021-03-16 10:00:00+00:00,97.75,191.25
2021-03-16 11:00:00+00:00,77.0,173.75
2021-03-16 12:00:00+00:00,62.25,180.5
2021-03-16 13:00:00+00:00,69.25,161.25
2021-03-16 14:00:00+00:00,82.25,129.25
2021-03-16 15:00:00+00:00,135.5,144.25
2021-03-16 16:00:00+00:00,227.25,97.5
2021-03-16 17:00:00+00:00,751.75,76.75
2021-03-16 18:00:00+00:00,1464.75,62.25
2021-03-16 19:00:00+00:00,1479.25,120.75
2021-03-16 20:00:00+00:00,1482.0,243.5
2021-03-16 21:00:00+00:00,1543.0,449.0
2021-03-16 22:00:00+00:00,1649.5,406.5
2021-03-16 23:00:00+00:00,1691.75,346.25
2021-03-17 00:00:00+00:00,1652.5,273.75
2021-03-17 01:00:00+00:00,1491.0,314.75
2021-03-17 02:00:00+00:00,1778.25,242.75
2021-03-17 03:00:00+00:00,1985.25,283.75
2021-03-17 04:00:00+00:00,2041.0,445.5
2021-03-17 05:00:00+00:00,2134.75,507.0
2021-03-17 06:00:00+00:00,2084.75,582.5
2021-03-17 07:00:00+00:00,2047.75,753.0
2021-03-17 08:00:00+00:00,1929.5,698.75
2021-03-17 09:00:00+00:00,1786.75,619.5
2021-03-17 10:00:00+00:00,1337.75,597.75
2021-03-17 11:00:00+00:00,1402.25,576.75
2021-03-17 12:00:00+00:00,1276.5,491.0
2021-03-17 13:00:00+00:00,1527.0,412.0
2021-03-17 14:00:00+00:00,1897.75,464.0
2021-03-17 15:00:00+00:00,1638.75,503.25
2021-03-17 16:00:00+00:00,1156.75,456.5
2021-03-17 17:00:00+00:00,918.25,335.25
2021-03-17 18:00:00+00:00,618.25,297.0
2021-03-17 19:00:00+00:00,911.0,373.75
2021-03-17 20:00:00+00:00,906.75,361.5
2021-03-17 21:00:00+00:00,836.75,312.75
2021-03-17 22:00:00+00:00,742.75,259.5
2021-03-17 23:00:00+00:00,602.0,159.0
2021-03-18 00:00:00+00:00,305.0,105.0
2021-03-18 01:00:00+00:00,435.75,96.25
2021-03-18 02:00:00+00:00,443.25,68.5
2021-03-18 03:00:00+00:00,416.25,47.75
2021-03-18 04:00:00+00:00,534.25,35.0
2021-03-18 05:00:00+00:00,483.5,30.5
2021-03-18 06:00:00+00:00,592.5,43.75
2021-03-18 07:00:00+00:00,634.0,56.25
2021-03-18 08:00:00+00:00,678.0,59.0
2021-03-18 09:00:00+00:00,737.5,68.5
2021-03-18 10:00:00+00:00,628.5,107.75
2021-03-18 11:00:00+00:00,796.5,150.75
2021-03-18 12:00:00+00:00,767.75,203.75
2021-03-18 13:00:00+00:00,754.0,256.0
2021-03-18 14:00:00+00:00,969.0,336.75
2021-03-18 15:00:00+00:00,1072.0,356.0
2021-03-18 16:00:00+00:00,1277.75,439.0
2021-03-18 17:00:00+00:00,1383.5,453.5
2021-03-18 18:00:00+00:00,1363.5,422.5
2021-03-18 19:00:00+00:00,1189.5,458.0
2021-03-18 20:00:00+00:00,1197.5,503.25
2021-03-18 21:00:00+00:00,1167.5,546.75
2021-03-18 22:00:00+00:00,1062.75,601.5
2021-03-18 23:00:00+00:00,1436.25,570.75
2021-03-19 00:00:00+00:00,1520.5,556.25
2021-03-19 01:00:00+00:00,1366.0,570.0
2021-03-19 02:00:00+00:00,1327.0,481.5
2021-03-19 03:00:00+00:00,1237.75,409.5
2021-03-19 04:00:00+00:00,1000.0,395.75
2021-03-19 05:00:00+00:00,769.75,369.5
2021-03-19 06:00:00+00:00,622.75,353.5
2021-03-19 07:00:00+00:00,569.0,305.5
2021-03-19 08:00:00+00:00,578.5,257.0
2021-03-19 09:00:00+00:00,553.25,317.75
2021-03-19 10:00:00+00:00,637.5,393.0
2021-03-19 11:00:00+00:00,626.75,356.25
2021-03-19 12:00:00+00:00,906.75,356.5
2021-03-19 13:00:00+00:00,999.75,409.25
2021-03-19 14:00:00+00:00,991.5,464.75
2021-03-19 15:00:00+00:00,908.25,483.0
2021-03-19 16:00:00+00:00,948.25,507.75
2021-03-19 17:00:00+00:00,944.0,552.5
2021-03-19 18:00:00+00:00,960.75,556.75
2021-03-19 19:00:00+00:00,763.5,498.25
2021-03-19 20:00:00+00:00,589.5,461.5
2021-03-19 21:00:00+00:00,683.0,437.5
2021-03-19 22:00:00+00:00,660.75,399.25
2021-03-19 23:00:00+00:00,691.5,309.25
2021-03-20 00:00:00+00:00,708.25,232.75
2021-03-20 01:00:00+00:00,486.75,172.0
2021-03-20 02:00:00+00:00,255.5,119.5
2021-03-20 03:00:00+00:00,153.0,86.5
2021-03-20 04:00:00+00:00,159.5,71.5
2021-03-20 05:00:00+00:00,174.25,59.0
2021-03-20 06:00:00+00:00,190.0,65.25
2021-03-20 07:00:00+00:00,189.75,70.5
2021-03-20 08:00:00+00:00,195.5,69.75
2021-03-20 09:00:00+00:00,219.25,73.0
2021-03-20 10:00:00+00:00,274.0,97.25
2021-03-20 11:00:00+00:00,289.75,124.25
2021-03-20 12:00:00+00:00,317.0,183.25
2021-03-20 13:00:00+00:00,334.75,241.5
2021-03-20 14:00:00+00:00,419.75,274.5
2021-03-20 15:00:00+00:00,372.25,282.75
2021-03-20 16:00:00+00:00,339.25,298.5
2021-03-20 17:00:00+00:00,440.5,309.5
2021-03-20 18:00:00+00:00,506.0,341.75
2021-03-20 19:00:00+00:00,560.75,275.5
2021-03-20 20:00:00+00:00,612.25,280.5
2021-03-20 21:00:00+00:00,526.0,312.25
2021-03-20 22:00:00+00:00,592.75,347.5
2021-03-20 23:00:00+00:00,780.0,472.5
2021-03-21 00:00:00+00:00,962.25,513.25
2021-03-21 01:00:00+00:00,1085.25,694.5
2021-03-21 02:00:00+00:00,1489.0,700.0
2021-03-21 03:00:00+00:00,1488.0,727.5
2021-03-21 04:00:00+00:00,1669.75,834.5
2021-03-21 05:00:00+00:00,1649.0,831.0
2021-03-21 06:00:00+00:00,1422.0,834.25
2021-03-21 07:00:00+00:00,1652.25,966.75
2021-03-21 08:00:00+00:00,1708.75,1108.0
2021-03-21 09:00:00+00:00,1635.0,1164.5
2021-03-21 10:00:00+00:00,1434.75,1111.0
2021-03-21 11:00:00+00:00,1520.0,1016.0
2021-03-21 12:00:00+00:00,1597.75,909.25
2021-03-21 13:00:00+00:00,1463.5,958.5
2021-03-21 14:00:00+00:00,1564.0,983.0
2021-03-21 15:00:00+00:00,1624.25,919.0
2021-03-21 16:00:00+00:00,1642.75,806.0
2021-03-21 17:00:00+00:00,1437.25,658.0
2021-03-21 18:00:00+00:00,1245.5,527.5
2021-03-21 19:00:00+00:00,1255.5,464.5
2021-03-21 20:00:00+00:00,1207.25,435.75
2021-03-21 21:00:00+00:00,1155.25,420.0
2021-03-21 22:00:00+00:00,819.75,434.0
2021-03-21 23:00:00+00:00,685.5,412.75
2021-03-22 00:00:00+00:00,587.25,381.25
2021-03-22 01:00:00+00:00,514.5,369.25
2021-03-22 02:00:00+00:00,445.75,379.5
2021-03-22 03:00:00+00:00,437.25,316.5
2021-03-22 04:00:00+00:00,440.5,265.75
2021-03-22 05:00:00+00:00,341.75,224.5
2021-03-22 06:00:00+00:00,240.75,204.75
2021-03-22 07:00:00+00:00,111.5,161.5
2021-03-22 08:00:00+00:00,89.25,129.75
2021-03-22 09:00:00+00:00,86.25,138.5
2021-03-22 10:00:00+00:00,105.25,194.75
2021-03-22 11:00:00+00:00,146.75,149.5
2021-03-22 12:00:00+00:00,91.0,144.0
2021-03-22 13:00:00+00:00,94.75,115.25
2021-03-22 14:00:00+00:00,117.0,105.5
2021-03-22 15:00:00+00:00,94.25,98.0
2021-03-22 16:00:00+00:00,90.75,87.25
2021-03-22 17:00:00+00:00,76.0,62.25
2021-03-22 18:00:00+00:00,113.25,56.5
2021-03-22 19:00:00+00:00,169.0,54.0
2021-03-22 20:00:00+00:00,169.0,59.75
2021-03-22 21:00:00+00:00,224.5,88.25
2021-03-22 22:00:00+00:00,287.0,129.5
2021-03-22 23:00:00+00:00,284.5,178.25
2021-03-23 00:00:00+00:00,261.5,232.0
2021-03-23 01:00:00+00:00,243.75,247.5
2021-03-23 02:00:00+00:00,202.25,244.25
2021-03-23 03:00:00+00:00,65.75,260.0
2021-03-23 04:00:00+00:00,42.0,236.0
2021-03-23 05:00:00+00:00,46.0,209.25
2021-03-23 06:00:00+00:00,236.5,168.0
2021-03-23 07:00:00+00:00,260.25,162.75
2021-03-23 08:00:00+00:00,315.5,159.75
2021-03-23 09:00:00+00:00,422.25,188.5
2021-03-23 10:00:00+00:00,468.0,257.5
2021-03-23 11:00:00+00:00,492.0,295.0
2021-03-23 12:00:00+00:00,521.0,319.25
2021-03-23 13:00:00+00:00,561.25,342.25
2021-03-23 14:00:00+00:00,493.0,332.75
2021-03-23 15:00:00+00:00,510.5,282.25
2021-03-23 16:00:00+00:00,595.75,211.75
2021-03-23 17:00:00+00:00,776.5,170.5
2021-03-23 18:00:00+00:00,918.75,170.0
2021-03-23 19:00:00+00:00,1025.75,173.75
2021-03-23 20:00:00+00:00,939.25,188.75
2021-03-23 21:00:00+00:00,833.5,242.5
2021-03-23 22:00:00+00:00,1011.0,285.25
2021-03-23 23:00:00+00:00,1038.5,358.25
2021-03-24 00:00:00+00:00,1013.5,459.25
2021-03-24 01:00:00+00:00,875.75,497.25
2021-03-24 02:00:00+00:00,800.25,442.5
2021-03-24 03:00:00+00:00,702.25,412.0
2021-03-24 04:00:00+00:00,659.0,413.25
2021-03-24 05:00:00+00:00,616.5,361.5
2021-03-24 06:00:00+00:00,585.0,340.25
2021-03-24 07:00:00+00:00,547.0,295.25
2021-03-24 08:00:00+00:00,501.75,207.5
2021-03-24 09:00:00+00:00,544.75,194.0
2021-03-24 10:00:00+00:00,527.75,217.25
2021-03-24 11:00:00+00:00,583.25,305.5
2021-03-24 12:00:00+00:00,566.75,401.75
2021-03-24 13:00:00+00:00,610.75,374.25
2021-03-24 14:00:00+00:00,602.25,377.0
2021-03-24 15:00:00+00:00,666.5,408.25
2021-03-24 16:00:00+00:00,631.0,370.0
2021-03-24 17:00:00+00:00,573.25,323.0
2021-03-24 18:00:00+00:00,493.25,200.5
2021-03-24 19:00:00+00:00,347.75,173.25
2021-03-24 20:00:00+00:00,352.25,133.25
2021-03-24 21:00:00+00:00,315.5,143.75
2021-03-24 22:00:00+00:00,291.5,156.5
2021-03-24 23:00:00+00:00,274.75,115.25
2021-03-25 00:00:00+00:00,236.75,104.0
2021-03-25 01:00:00+00:00,163.75,120.25
2021-03-25 02:00:00+00:00,212.25,149.5
2021-03-25 03:00:00+00:00,202.25,134.25
2021-03-25 04:00:00+00:00,246.5,161.5
2021-03-25 05:00:00+00:00,365.25,186.0
2021-03-25 06:00:00+00:00,414.75,186.75
2021-03-25 07:00:00+00:00,449.75,188.0
2021-03-25 08:00:00+00:00,307.25,200.5
2021-03-25 09:00:00+00:00,304.25,230.75
2021-03-25 10:00:00+00:00,494.5,290.5
2021-03-25 11:00:00+00:00,593.25,390.5
2021-03-25 12:00:00+00:00,608.5,496.25
2021-03-25 13:00:00+00:00,802.25,487.5
2021-03-25 14:00:00+00:00,1122.5,556.75
2021-03-25 15:00:00+00:00,1367.5,525.0
2021-03-25 16:00:00+00:00,1634.25,462.5
2021-03-25 17:00:00+00:00,1655.5,411.0
2021-03-25 18:00:00+00:00,1726.25,431.0
2021-03-25 19:00:00+00:00,1698.0,551.25
2021-03-25 20:00:00+00:00,1628.5,617.0
2021-03-25 21:00:00+00:00,1560.75,616.5
2021-03-25 22:00:00+00:00,1717.75,675.25
2021-03-25 23:00:00+00:00,1611.5,730.25
2021-03-26 00:00:00+00:00,1607.0,779.25
2021-03-26 01:00:00+00:00,1611.0,833.5
2021-03-26 02:00:00+00:00,1933.75,866.5
2021-03-26 03:00:00+00:00,1659.75,817.0
2021-03-26 04:00:00+00:00,1616.5,821.75
2021-03-26 05:00:00+00:00,1708.0,805.5
2021-03-26 06:00:00+00:00,1719.75,798.25
2021-03-26 07:00:00+00:00,1820.0,706.75
2021-03-26 08:00:00+00:00,1874.0,693.5
2021-03-26 09:00:00+00:00,1958.5,719.75
2021-03-26 10:00:00+00:00,2035.75,1034.5
2021-03-26 11:00:00+00:00,2142.75,1276.75
2021-03-26 12:00:00+00:00,2176.5,1235.75
2021-03-26 13:00:00+00:00,2116.5,1209.25
2021-03-26 14:00:00+00:00,1841.0,1249.5
2021-03-26 15:00:00+00:00,1740.75,1201.0
2021-03-26 16:00:00+00:00,1747.5,1073.25
2021-03-26 17:00:00+00:00,2077.5,1018.5
2021-03-26 18:00:00+00:00,2036.25,1011.5
2021-03-26 19:00:00+00:00,1805.5,1080.5
2021-03-26 20:00:00+00:00,1499.5,1114.0
2021-03-26 21:00:00+00:00,888.75,1100.25
2021-03-26 22:00:00+00:00,966.5,928.5
2021-03-26 23:00:00+00:00,1592.25,848.75
2021-03-27 00:00:00+00:00,1716.0,786.75
2021-03-27 01:00:00+00:00,1816.0,1081.75
2021-03-27 02:00:00+00:00,1964.5,1222.25
2021-03-27 03:00:00+00:00,2181.75,1154.0
2021-03-27 04:00:00+00:00,2224.0,1209.25
2021-03-27 05:00:00+00:00,2151.5,1263.5
2021-03-27 06:00:00+00:00,2092.5,1297.5
2021-03-27 07:00:00+00:00,2170.0,1234.5
2021-03-27 08:00:00+00:00,2171.5,1306.25
2021-03-27 09:00:00+00:00,2061.25,1318.75
2021-03-27 10:00:00+00:00,1652.75,1422.75
2021-03-27 11:00:00+00:00,988.0,1404.0
2021-03-27 12:00:00+00:00,1040.0,1357.0
2021-03-27 13:00:00+00:00,844.0,1260.0
2021-03-27 14:00:00+00:00,1037.25,1301.75
2021-03-27 15:00:00+00:00,1130.0,1177.0
2021-03-27 16:00:00+00:00,984.0,1028.75
2021-03-27 17:00:00+00:00,884.25,806.25
2021-03-27 18:00:00+00:00,1101.0,607.75
2021-03-27 19:00:00+00:00,1300.75,595.5
2021-03-27 20:00:00+00:00,1577.0,662.25
2021-03-27 21:00:00+00:00,1844.75,722.25
2021-03-27 22:00:00+00:00,1795.5,839.0
2021-03-27 23:00:00+00:00,1950.5,843.5
2021-03-28 00:00:00+00:00,2076.5,861.5
2021-03-28 01:00:00+00:00,2198.25,878.0
2021-03-28 02:00:00+00:00,2202.0,936.25
2021-03-28 03:00:00+00:00,2205.0,976.25
2021-03-28 04:00:00+00:00,2216.75,1060.75
2021-03-28 05:00:00+00:00,2215.75,1106.5
2021-03-28 06:00:00+00:00,2190.75,1084.75
2021-03-28 07:00:00+00:00,2124.5,1144.25
2021-03-28 08:00:00+00:00,1715.75,1088.5
2021-03-28 09:00:00+00:00,1597.25,1229.75
2021-03-28 10:00:00+00:00,1623.0,1421.25
2021-03-28 11:00:00+00:00,1995.5,1500.25
2021-03-28 12:00:00+00:00,2017.25,1464.25
2021-03-28 13:00:00+00:00,1833.25,1438.25
2021-03-28 14:00:00+00:00,1815.75,1379.0
2021-03-28 15:00:00+00:00,2144.25,1431.0
2021-03-28 16:00:00+00:00,2239.5,1447.5
2021-03-28 17:00:00+00:00,2239.75,1337.75
2021-03-28 18:00:00+00:00,2240.25,1289.75
2021-03-28 19:00:00+00:00,2238.75,1244.25
2021-03-28 20:00:00+00:00,2231.75,1242.25
2021-03-28 21:00:00+00:00,2171.75,1190.5
2021-03-28 22:00:00+00:00,2138.5,1198.0
2021-03-28 23:00:00+00:00,2199.5,1219.25
2021-03-29 00:00:00+00:00,2209.0,1223.25
2021-03-29 01:00:00+00:00,2223.5,1247.5
2021-03-29 02:00:00+00:00,2223.75,1223.0
2021-03-29 03:00:00+00:00,2229.25,1208.5
2021-03-29 04:00:00+00:00,2225.75,1218.75
2021-03-29 05:00:00+00:00,2223.75,1178.25
2021-03-29 06:00:00+00:00,2223.0,1106.5
2021-03-29 07:00:00+00:00,2118.25,1058.5
2021-03-29 08:00:00+00:00,2085.75,1056.25
2021-03-29 09:00:00+00:00,2058.75,1002.0
2021-03-29 10:00:00+00:00,1979.0,947.75
2021-03-29 11:00:00+00:00,1945.0,824.75
2021-03-29 12:00:00+00:00,2034.5,754.0
2021-03-29 13:00:00+00:00,1942.5,735.75
2021-03-29 14:00:00+00:00,1919.5,680.75
2021-03-29 15:00:00+00:00,2078.75,641.75
2021-03-29 16:00:00+00:00,2126.25,634.75
2021-03-29 17:00:00+00:00,2098.5,706.0
2021-03-29 18:00:00+00:00,2059.0,774.25
2021-03-29 19:00:00+00:00,1819.0,784.75
2021-03-29 20:00:00+00:00,1667.5,785.0
2021-03-29 21:00:00+00:00,1412.25,839.5
2021-03-29 22:00:00+00:00,1156.25,798.75
2021-03-29 23:00:00+00:00,1007.0,712.5
2021-03-30 00:00:00+00:00,963.0,557.5
2021-03-30 01:00:00+00:00,718.0,461.25
2021-03-30 02:00:00+00:00,529.5,327.5
2021-03-30 03:00:00+00:00,362.25,225.75
2021-03-30 04:00:00+00:00,374.0,198.75
2021-03-30 05:00:00+00:00,351.75,147.75
2021-03-30 06:00:00+00:00,276.5,106.75
2021-03-30 07:00:00+00:00,176.25,72.75
2021-03-30 08:00:00+00:00,139.25,42.25
2021-03-30 09:00:00+00:00,221.5,33.25
2021-03-30 10:00:00+00:00,281.75,44.75
2021-03-30 11:00:00+00:00,332.75,63.25
2021-03-30 12:00:00+00:00,259.25,80.0
2021-03-30 13:00:00+00:00,196.25,80.75
2021-03-30 14:00:00+00:00,263.75,51.5
2021-03-30 15:00:00+00:00,245.25,36.75
2021-03-30 16:00:00+00:00,188.25,32.0
2021-03-30 17:00:00+00:00,164.0,27.0
2021-03-30 18:00:00+00:00,155.25,27.0
2021-03-30 19:00:00+00:00,111.0,31.75
2021-03-30 20:00:00+00:00,70.75,50.75
2021-03-30 21:00:00+00:00,62.5,90.5
2021-03-30 22:00:00+00:00,51.5,107.0
2021-03-30 23:00:00+00:00,31.5,134.5
2021-03-31 00:00:00+00:00,16.5,135.5
2021-03-31 01:00:00+00:00,29.75,122.5
2021-03-31 02:00:00+00:00,58.75,106.0
2021-03-31 03:00:00+00:00,76.75,92.75
2021-03-31 04:00:00+00:00,78.5,93.0
2021-03-31 05:00:00+00:00,73.5,81.75
2021-03-31 06:00:00+00:00,71.5,71.5
2021-03-31 07:00:00+00:00,44.25,57.75
2021-03-31 08:00:00+00:00,25.75,47.25
2021-03-31 09:00:00+00:00,24.25,42.25
2021-03-31 10:00:00+00:00,27.5,39.5
2021-03-31 11:00:00+00:00,15.5,40.25
2021-03-31 12:00:00+00:00,11.0,43.0
2021-03-31 13:00:00+00:00,13.0,44.75
2021-03-31 14:00:00+00:00,6.5,54.25
2021-03-31 15:00:00+00:00,2.0,80.0
2021-03-31 16:00:00+00:00,3.0,89.25
2021-03-31 17:00:00+00:00,3.0,65.5
2021-03-31 18:00:00+00:00,0.25,54.25
2021-03-31 19:00:00+00:00,3.25,49.0
2021-03-31 20:00:00+00:00,1.25,43.75
2021-03-31 21:00:00+00:00,7.25,45.5
2021-03-31 22:00:00+00:00,40.5,70.75
2021-03-31 23:00:00+00:00,111.5,91.25
2021-04-01 00:00:00+00:00,201.5,106.25
2021-04-01 01:00:00+00:00,472.0,153.5
2021-04-01 02:00:00+00:00,594.5,168.75
2021-04-01 03:00:00+00:00,754.0,215.75
2021-04-01 04:00:00+00:00,962.75,297.25
2021-04-01 05:00:00+00:00,1365.0,431.75
2021-04-01 06:00:00+00:00,1503.25,549.0
2021-04-01 07:00:00+00:00,1714.75,555.5
2021-04-01 08:00:00+00:00,1802.75,513.75
2021-04-01 09:00:00+00:00,1900.25,550.75
2021-04-01 10:00:00+00:00,2025.75,596.25
2021-04-01 11:00:00+00:00,2111.75,627.5
2021-04-01 12:00:00+00:00,2013.75,678.75
2021-04-01 13:00:00+00:00,1858.25,753.75
2021-04-01 14:00:00+00:00,1813.0,645.75
2021-04-01 15:00:00+00:00,1703.0,570.75
2021-04-01 16:00:00+00:00,1669.0,578.5
2021-04-01 17:00:00+00:00,1725.25,610.5
2021-04-01 18:00:00+00:00,1641.0,644.5
2021-04-01 19:00:00+00:00,1652.0,644.0
2021-04-01 20:00:00+00:00,1618.25,602.0
2021-04-01 21:00:00+00:00,1499.75,511.25
2021-04-01 22:00:00+00:00,1216.25,406.5
2021-04-01 23:00:00+00:00,1054.75,411.0
2021-04-02 00:00:00+00:00,995.0,461.5
2021-04-02 01:00:00+00:00,1011.0,493.0
2021-04-02 02:00:00+00:00,1100.5,531.5
2021-04-02 03:00:00+00:00,1213.75,537.25
2021-04-02 04:00:00+00:00,1092.0,492.75
2021-04-02 05:00:00+00:00,1081.5,455.75
2021-04-02 06:00:00+00:00,1027.25,390.5
2021-04-02 07:00:00+00:00,1069.75,411.5
2021-04-02 08:00:00+00:00,1108.0,430.25
2021-04-02 09:00:00+00:00,1098.5,470.75
2021-04-02 10:00:00+00:00,1197.0,591.5
2021-04-02 11:00:00+00:00,1293.0,673.25
2021-04-02 12:00:00+00:00,1382.0,732.75
2021-04-02 13:00:00+00:00,1487.75,748.25
2021-04-02 14:00:00+00:00,1523.0,840.5
2021-04-02 15:00:00+00:00,1584.25,924.0
2021-04-02 16:00:00+00:00,1764.0,968.25
2021-04-02 17:00:00+00:00,1954.0,863.5
2021-04-02 18:00:00+00:00,1742.75,792.25
2021-04-02 19:00:00+00:00,1666.5,714.25
2021-04-02 20:00:00+00:00,1577.75,732.75
2021-04-02 21:00:00+00:00,1730.75,803.25
2021-04-02 22:00:00+00:00,1894.5,746.5
2021-04-02 23:00:00+00:00,1705.0,716.0
2021-04-03 00:00:00+00:00,2054.25,743.25
2021-04-03 01:00:00+00:00,1950.5,754.0
2021-04-03 02:00:00+00:00,1977.5,735.0
2021-04-03 03:00:00+00:00,1949.5,733.25
2021-04-03 04:00:00+00:00,1924.0,706.75
2021-04-03 05:00:00+00:00,1816.5,677.0
2021-04-03 06:00:00+00:00,1703.75,570.75
2021-04-03 07:00:00+00:00,1580.25,585.0
2021-04-03 08:00:00+00:00,1394.0,499.0
2021-04-03 09:00:00+00:00,1180.0,409.5
2021-04-03 10:00:00+00:00,1262.0,414.5
2021-04-03 11:00:00+00:00,1192.75,405.0
2021-04-03 12:00:00+00:00,993.5,463.75
2021-04-03 13:00:00+00:00,869.0,443.25
2021-04-03 14:00:00+00:00,861.0,523.0
2021-04-03 15:00:00+00:00,997.75,609.25
2021-04-03 16:00:00+00:00,1113.5,666.75
2021-04-03 17:00:00+00:00,1180.5,659.25
2021-04-03 18:00:00+00:00,1112.0,591.5
2021-04-03 19:00:00+00:00,1068.0,517.0
2021-04-03 20:00:00+00:00,1061.25,488.25
2021-04-03 21:00:00+00:00,898.75,405.25
2021-04-03 22:00:00+00:00,762.0,343.5
2021-04-03 23:00:00+00:00,587.5,292.5
2021-04-04 00:00:00+00:00,492.0,257.25
2021-04-04 01:00:00+00:00,420.5,207.75
2021-04-04 02:00:00+00:00,333.0,178.5
2021-04-04 03:00:00+00:00,272.5,150.5
2021-04-04 04:00:00+00:00,265.5,145.75
2021-04-04 05:00:00+00:00,196.25,145.25
2021-04-04 06:00:00+00:00,193.75,133.0
2021-04-04 07:00:00+00:00,186.5,153.0
2021-04-04 08:00:00+00:00,151.25,166.0
2021-04-04 09:00:00+00:00,194.5,182.25
2021-04-04 10:00:00+00:00,255.0,183.75
2021-04-04 11:00:00+00:00,315.5,193.0
2021-04-04 12:00:00+00:00,367.75,226.25
2021-04-04 13:00:00+00:00,463.25,302.5
2021-04-04 14:00:00+00:00,646.0,428.0
2021-04-04 15:00:00+00:00,703.5,505.75
2021-04-04 16:00:00+00:00,777.75,591.25
2021-04-04 17:00:00+00:00,1119.0,672.25
2021-04-04 18:00:00+00:00,1373.25,793.25
2021-04-04 19:00:00+00:00,1686.25,950.25
2021-04-04 20:00:00+00:00,1856.75,1082.25
2021-04-04 21:00:00+00:00,1891.25,1219.75
2021-04-04 22:00:00+00:00,1830.0,1236.25
2021-04-04 23:00:00+00:00,1909.75,1288.0
2021-04-05 00:00:00+00:00,2046.5,1280.25
2021-04-05 01:00:00+00:00,1803.5,1367.5
2021-04-05 02:00:00+00:00,1872.25,1335.5
2021-04-05 03:00:00+00:00,1886.5,1367.75
2021-04-05 04:00:00+00:00,1982.25,1369.25
2021-04-05 05:00:00+00:00,2077.0,1348.0
2021-04-05 06:00:00+00:00,2143.5,1470.5
2021-04-05 07:00:00+00:00,2156.0,1561.5
2021-04-05 08:00:00+00:00,2198.5,1485.0
2021-04-05 09:00:00+00:00,2091.75,1440.5
2021-04-05 10:00:00+00:00,1688.5,1293.75
2021-04-05 11:00:00+00:00,681.75,1312.0
2021-04-05 12:00:00+00:00,701.25,1352.5
2021-04-05 13:00:00+00:00,803.0,1243.5
2021-04-05 14:00:00+00:00,1320.75,1293.25
2021-04-05 15:00:00+00:00,2003.25,1395.25
2021-04-05 16:00:00+00:00,2154.25,1462.5
2021-04-05 17:00:00+00:00,2025.0,1350.25
2021-04-05 18:00:00+00:00,2072.5,1409.25
2021-04-05 19:00:00+00:00,2040.5,1397.75
2021-04-05 20:00:00+00:00,2102.25,1402.75
2021-04-05 21:00:00+00:00,2167.25,1401.75
2021-04-05 22:00:00+00:00,2092.0,1427.75
2021-04-05 23:00:00+00:00,2188.75,1296.0
2021-04-06 00:00:00+00:00,2201.0,1298.5
2021-04-06 01:00:00+00:00,2197.5,1312.25
2021-04-06 02:00:00+00:00,2191.5,1195.25
2021-04-06 03:00:00+00:00,2128.5,1209.0
2021-04-06 04:00:00+00:00,2154.0,1213.5
2021-04-06 05:00:00+00:00,2096.5,1159.75
2021-04-06 06:00:00+00:00,2124.25,1064.75
2021-04-06 07:00:00+00:00,2127.0,1086.0
2021-04-06 08:00:00+00:00,2149.5,1092.0
2021-04-06 09:00:00+00:00,2102.5,1019.25
2021-04-06 10:00:00+00:00,2062.75,1043.0
2021-04-06 11:00:00+00:00,1851.5,1044.0
2021-04-06 12:00:00+00:00,2075.0,1016.75
2021-04-06 13:00:00+00:00,1973.0,1139.5
2021-04-06 14:00:00+00:00,2110.0,1119.5
2021-04-06 15:00:00+00:00,2065.5,1124.0
2021-04-06 16:00:00+00:00,2179.25,1138.0
2021-04-06 17:00:00+00:00,2203.0,1018.5
2021-04-06 18:00:00+00:00,2206.75,1054.5
2021-04-06 19:00:00+00:00,2144.75,949.5
2021-04-06 20:00:00+00:00,2144.5,1001.25
2021-04-06 21:00:00+00:00,2156.0,1006.25
2021-04-06 22:00:00+00:00,2113.5,1056.25
2021-04-06 23:00:00+00:00,2074.5,1045.0
2021-04-07 00:00:00+00:00,2039.75,871.75
2021-04-07 01:00:00+00:00,2077.75,817.5
2021-04-07 02:00:00+00:00,2030.0,869.25
2021-04-07 03:00:00+00:00,1865.5,1147.0
2021-04-07 04:00:00+00:00,1909.0,1075.75
2021-04-07 05:00:00+00:00,1951.25,993.25
2021-04-07 06:00:00+00:00,2146.5,1143.5
2021-04-07 07:00:00+00:00,2159.5,1293.75
2021-04-07 08:00:00+00:00,2156.0,1333.0
2021-04-07 09:00:00+00:00,2078.25,1417.25
2021-04-07 10:00:00+00:00,1984.25,1453.5
2021-04-07 11:00:00+00:00,1889.5,1398.75
2021-04-07 12:00:00+00:00,1795.25,1464.0
2021-04-07 13:00:00+00:00,1566.75,1426.25
2021-04-07 14:00:00+00:00,1430.75,1460.75
2021-04-07 15:00:00+00:00,1352.0,1336.75
2021-04-07 16:00:00+00:00,1219.5,1234.75
2021-04-07 17:00:00+00:00,1166.75,1153.5
2021-04-07 18:00:00+00:00,1093.0,1143.75
2021-04-07 19:00:00+00:00,1031.5,887.75
2021-04-07 20:00:00+00:00,1039.25,839.75
2021-04-07 21:00:00+00:00,1007.5,724.25
2021-04-07 22:00:00+00:00,851.0,729.0
2021-04-07 23:00:00+00:00,723.0,688.25
2021-04-08 00:00:00+00:00,602.0,452.0
2021-04-08 01:00:00+00:00,628.5,509.0
2021-04-08 02:00:00+00:00,693.75,533.0
2021-04-08 03:00:00+00:00,652.75,338.5
2021-04-08 04:00:00+00:00,679.5,331.25
2021-04-08 05:00:00+00:00,617.5,308.0
2021-04-08 06:00:00+00:00,508.5,323.5
2021-04-08 07:00:00+00:00,689.75,368.75
2021-04-08 08:00:00+00:00,816.75,490.75
2021-04-08 09:00:00+00:00,838.75,643.75
2021-04-08 10:00:00+00:00,1045.5,830.75
2021-04-08 11:00:00+00:00,1302.75,822.5
2021-04-08 12:00:00+00:00,1402.75,776.0
2021-04-08 13:00:00+00:00,1420.75,842.75
2021-04-08 14:00:00+00:00,1576.75,812.75
2021-04-08 15:00:00+00:00,1738.5,794.0
2021-04-08 16:00:00+00:00,1738.5,782.0
2021-04-08 17:00:00+00:00,1768.75,713.75
2021-04-08 18:00:00+00:00,1843.75,696.25
2021-04-08 19:00:00+00:00,1853.0,692.0
2021-04-08 20:00:00+00:00,1599.25,830.75
2021-04-08 21:00:00+00:00,1592.75,919.0
2021-04-08 22:00:00+00:00,1779.5,1003.5
2021-04-08 23:00:00+00:00,1989.0,1068.0
2021-04-09 00:00:00+00:00,1931.0,1088.25
2021-04-09 01:00:00+00:00,1764.75,1079.0
2021-04-09 02:00:00+00:00,1700.0,1041.75
2021-04-09 03:00:00+00:00,1534.75,1020.25
2021-04-09 04:00:00+00:00,1352.5,945.25
2021-04-09 05:00:00+00:00,1337.5,920.0
2021-04-09 06:00:00+00:00,1301.0,879.25
2021-04-09 07:00:00+00:00,1063.75,808.75
2021-04-09 08:00:00+00:00,937.25,739.25
2021-04-09 09:00:00+00:00,701.0,697.5
2021-04-09 10:00:00+00:00,542.75,670.0
2021-04-09 11:00:00+00:00,460.0,597.25
2021-04-09 12:00:00+00:00,343.75,504.25
2021-04-09 13:00:00+00:00,266.75,410.75
2021-04-09 14:00:00+00:00,159.75,348.0
2021-04-09 15:00:00+00:00,91.0,245.5
2021-04-09 16:00:00+00:00,56.5,167.75
2021-04-09 17:00:00+00:00,46.75,109.5
2021-04-09 18:00:00+00:00,55.75,96.0
2021-04-09 19:00:00+00:00,62.75,89.75
2021-04-09 20:00:00+00:00,195.25,110.75
2021-04-09 21:00:00+00:00,561.75,146.0
2021-04-09 22:00:00+00:00,671.75,187.0
2021-04-09 23:00:00+00:00,629.75,195.75
2021-04-10 00:00:00+00:00,552.25,196.75
2021-04-10 01:00:00+00:00,580.5,208.5
2021-04-10 02:00:00+00:00,611.0,206.75
2021-04-10 03:00:00+00:00,641.75,226.25
2021-04-10 04:00:00+00:00,603.0,243.25
2021-04-10 05:00:00+00:00,683.75,281.5
2021-04-10 06:00:00+00:00,777.0,328.0
2021-04-10 07:00:00+00:00,813.25,354.5
2021-04-10 08:00:00+00:00,934.25,395.0
2021-04-10 09:00:00+00:00,1001.0,392.75
2021-04-10 10:00:00+00:00,1169.75,436.75
2021-04-10 11:00:00+00:00,1254.75,526.75
2021-04-10 12:00:00+00:00,1353.75,605.5
2021-04-10 13:00:00+00:00,1466.0,706.5
2021-04-10 14:00:00+00:00,1550.0,755.5
2021-04-10 15:00:00+00:00,1613.0,885.25
2021-04-10 16:00:00+00:00,1689.75,1012.0
2021-04-10 17:00:00+00:00,1778.75,1104.75
2021-04-10 18:00:00+00:00,1861.25,1129.5
2021-04-10 19:00:00+00:00,1903.5,1131.5
2021-04-10 20:00:00+00:00,1956.75,1114.5
2021-04-10 21:00:00+00:00,1951.0,1098.5
2021-04-10 22:00:00+00:00,1961.0,1156.0
2021-04-10 23:00:00+00:00,1996.75,1164.0
2021-04-11 00:00:00+00:00,2051.0,1139.5
2021-04-11 01:00:00+00:00,2054.5,1136.0
2021-04-11 02:00:00+00:00,2014.5,1124.25
2021-04-11 03:00:00+00:00,2027.0,1103.0
2021-04-11 04:00:00+00:00,1866.5,1063.75
2021-04-11 05:00:00+00:00,1702.75,1058.0
2021-04-11 06:00:00+00:00,1447.75,948.5
2021-04-11 07:00:00+00:00,1407.75,881.0
2021-04-11 08:00:00+00:00,1493.0,911.75
2021-04-11 09:00:00+00:00,1339.5,894.25
2021-04-11 10:00:00+00:00,1136.75,870.75
2021-04-11 11:00:00+00:00,903.25,783.5
2021-04-11 12:00:00+00:00,858.25,730.5
2021-04-11 13:00:00+00:00,808.5,716.0
2021-04-11 14:00:00+00:00,701.5,663.0
2021-04-11 15:00:00+00:00,527.5,610.5
2021-04-11 16:00:00+00:00,402.0,502.0
2021-04-11 17:00:00+00:00,408.0,372.75
2021-04-11 18:00:00+00:00,342.5,299.0
2021-04-11 19:00:00+00:00,398.0,251.0
2021-04-11 20:00:00+00:00,548.75,194.75
2021-04-11 21:00:00+00:00,478.5,249.75
2021-04-11 22:00:00+00:00,453.75,257.5
2021-04-11 23:00:00+00:00,564.5,250.0
2021-04-12 00:00:00+00:00,612.25,222.0
2021-04-12 01:00:00+00:00,609.25,253.75
2021-04-12 02:00:00+00:00,636.75,257.0
2021-04-12 03:00:00+00:00,621.25,259.75
2021-04-12 04:00:00+00:00,506.75,256.75
2021-04-12 05:00:00+00:00,586.75,249.25
2021-04-12 06:00:00+00:00,592.75,178.75
2021-04-12 07:00:00+00:00,598.25,335.25
2021-04-12 08:00:00+00:00,522.0,279.75
2021-04-12 09:00:00+00:00,359.5,336.75
2021-04-12 10:00:00+00:00,307.5,373.5
2021-04-12 11:00:00+00:00,446.75,433.75
2021-04-12 12:00:00+00:00,423.0,466.25
2021-04-12 13:00:00+00:00,484.5,518.75
2021-04-12 14:00:00+00:00,444.5,556.5
2021-04-12 15:00:00+00:00,352.0,584.25
2021-04-12 16:00:00+00:00,397.75,482.75
2021-04-12 17:00:00+00:00,443.5,470.75
2021-04-12 18:00:00+00:00,452.0,421.75
2021-04-12 19:00:00+00:00,466.5,339.0
2021-04-12 20:00:00+00:00,478.75,323.75
2021-04-12 21:00:00+00:00,478.25,363.25
2021-04-12 22:00:00+00:00,441.5,366.5
2021-04-12 23:00:00+00:00,381.5,329.25
2021-04-13 00:00:00+00:00,360.0,371.75
2021-04-13 01:00:00+00:00,356.5,358.0
2021-04-13 02:00:00+00:00,357.25,340.5
2021-04-13 03:00:00+00:00,378.75,355.0
2021-04-13 04:00:00+00:00,408.75,366.5
2021-04-13 05:00:00+00:00,411.0,364.5
2021-04-13 06:00:00+00:00,369.25,318.75
2021-04-13 07:00:00+00:00,323.5,285.5
2021-04-13 08:00:00+00:00,304.0,295.5
2021-04-13 09:00:00+00:00,290.75,297.25
2021-04-13 10:00:00+00:00,289.75,327.25
2021-04-13 11:00:00+00:00,288.0,257.75
2021-04-13 12:00:00+00:00,288.25,273.0
2021-04-13 13:00:00+00:00,295.0,270.75
2021-04-13 14:00:00+00:00,298.75,269.0
2021-04-13 15:00:00+00:00,297.25,301.25
2021-04-13 16:00:00+00:00,304.25,295.25
2021-04-13 17:00:00+00:00,229.75,218.0
2021-04-13 18:00:00+00:00,180.25,187.25
2021-04-13 19:00:00+00:00,156.0,144.25
2021-04-13 20:00:00+00:00,133.0,119.75
2021-04-13 21:00:00+00:00,103.25,99.0
2021-04-13 22:00:00+00:00,80.5,82.25
2021-04-13 23:00:00+00:00,117.25,81.5
2021-04-14 00:00:00+00:00,42.25,85.5
2021-04-14 01:00:00+00:00,50.75,97.0
2021-04-14 02:00:00+00:00,55.75,98.5
2021-04-14 03:00:00+00:00,167.25,96.75
2021-04-14 04:00:00+00:00,354.75,76.5
2021-04-14 05:00:00+00:00,374.75,79.25
2021-04-14 06:00:00+00:00,458.5,86.25
2021-04-14 07:00:00+00:00,454.5,87.0
2021-04-14 08:00:00+00:00,461.0,101.5
2021-04-14 09:00:00+00:00,450.75,142.25
2021-04-14 10:00:00+00:00,489.0,199.25
2021-04-14 11:00:00+00:00,627.25,237.0
2021-04-14 12:00:00+00:00,608.5,280.25
2021-04-14 13:00:00+00:00,490.0,372.0
2021-04-14 14:00:00+00:00,540.25,436.25
2021-04-14 15:00:00+00:00,662.25,457.75
2021-04-14 16:00:00+00:00,851.25,458.75
2021-04-14 17:00:00+00:00,936.0,510.25
2021-04-14 18:00:00+00:00,1027.25,489.5
2021-04-14 19:00:00+00:00,931.75,391.0
2021-04-14 20:00:00+00:00,895.25,336.5
2021-04-14 21:00:00+00:00,871.25,256.25
2021-04-14 22:00:00+00:00,641.75,202.0
2021-04-14 23:00:00+00:00,526.75,184.0
2021-04-15 00:00:00+00:00,431.25,145.0
2021-04-15 01:00:00+00:00,390.25,121.5
2021-04-15 02:00:00+00:00,290.5,109.75
2021-04-15 03:00:00+00:00,242.25,103.5
2021-04-15 04:00:00+00:00,263.0,130.0
2021-04-15 05:00:00+00:00,345.75,146.75
2021-04-15 06:00:00+00:00,289.5,123.5
2021-04-15 07:00:00+00:00,291.0,106.75
2021-04-15 08:00:00+00:00,264.0,138.0
2021-04-15 09:00:00+00:00,233.0,152.5
2021-04-15 10:00:00+00:00,341.5,159.5
2021-04-15 11:00:00+00:00,435.25,164.0
2021-04-15 12:00:00+00:00,509.75,175.25
2021-04-15 13:00:00+00:00,580.25,162.25
2021-04-15 14:00:00+00:00,680.25,202.5
2021-04-15 15:00:00+00:00,730.25,255.0
2021-04-15 16:00:00+00:00,875.5,287.5
2021-04-15 17:00:00+00:00,933.5,347.25
2021-04-15 18:00:00+00:00,938.0,435.25
2021-04-15 19:00:00+00:00,947.25,490.75
2021-04-15 20:00:00+00:00,954.75,482.25
2021-04-15 21:00:00+00:00,930.0,521.75
2021-04-15 22:00:00+00:00,895.5,493.0
2021-04-15 23:00:00+00:00,841.0,423.75
2021-04-16 00:00:00+00:00,636.5,363.25
2021-04-16 01:00:00+00:00,449.75,316.0
2021-04-16 02:00:00+00:00,382.5,292.25
2021-04-16 03:00:00+00:00,344.25,277.5
2021-04-16 04:00:00+00:00,298.5,297.25
2021-04-16 05:00:00+00:00,298.75,286.75
2021-04-16 06:00:00+00:00,320.75,231.25
2021-04-16 07:00:00+00:00,346.75,164.75
2021-04-16 08:00:00+00:00,381.0,174.75
2021-04-16 09:00:00+00:00,404.25,202.75
2021-04-16 10:00:00+00:00,473.0,253.25
2021-04-16 11:00:00+00:00,496.0,303.5
2021-04-16 12:00:00+00:00,598.5,391.75
2021-04-16 13:00:00+00:00,693.75,432.75
2021-04-16 14:00:00+00:00,719.25,509.5
2021-04-16 15:00:00+00:00,779.0,625.5
2021-04-16 16:00:00+00:00,740.25,658.5
2021-04-16 17:00:00+00:00,846.5,619.0
2021-04-16 18:00:00+00:00,1042.75,621.0
2021-04-16 19:00:00+00:00,1062.75,576.0
2021-04-16 20:00:00+00:00,1018.75,516.75
2021-04-16 21:00:00+00:00,1015.25,499.75
2021-04-16 22:00:00+00:00,993.75,513.25
2021-04-16 23:00:00+00:00,1008.5,487.5
2021-04-17 00:00:00+00:00,881.5,414.5
2021-04-17 01:00:00+00:00,766.25,410.0
2021-04-17 02:00:00+00:00,650.75,413.75
2021-04-17 03:00:00+00:00,530.0,419.5
2021-04-17 04:00:00+00:00,448.75,398.25
2021-04-17 05:00:00+00:00,432.25,374.75
2021-04-17 06:00:00+00:00,461.75,311.5
2021-04-17 07:00:00+00:00,480.25,284.0
2021-04-17 08:00:00+00:00,477.75,305.25
2021-04-17 09:00:00+00:00,507.25,368.25
2021-04-17 10:00:00+00:00,597.75,360.0
2021-04-17 11:00:00+00:00,553.75,372.0
2021-04-17 12:00:00+00:00,546.5,410.25
2021-04-17 13:00:00+00:00,624.75,438.5
2021-04-17 14:00:00+00:00,723.0,476.75
2021-04-17 15:00:00+00:00,943.0,595.5
2021-04-17 16:00:00+00:00,1025.75,641.25
2021-04-17 17:00:00+00:00,882.0,520.0
2021-04-17 18:00:00+00:00,660.0,376.25
2021-04-17 19:00:00+00:00,629.75,263.75
2021-04-17 20:00:00+00:00,433.0,211.5
2021-04-17 21:00:00+00:00,309.75,169.75
2021-04-17 22:00:00+00:00,308.0,155.25
2021-04-17 23:00:00+00:00,279.25,142.5
2021-04-18 00:00:00+00:00,189.5,116.25
2021-04-18 01:00:00+00:00,99.0,95.0
2021-04-18 02:00:00+00:00,49.75,85.25
2021-04-18 03:00:00+00:00,17.25,74.5
2021-04-18 04:00:00+00:00,2.5,70.0
2021-04-18 05:00:00+00:00,14.0,68.5
2021-04-18 06:00:00+00:00,19.25,73.5
2021-04-18 07:00:00+00:00,27.75,69.5
2021-04-18 08:00:00+00:00,35.5,70.5
2021-04-18 09:00:00+00:00,52.0,77.0
2021-04-18 10:00:00+00:00,82.0,110.0
2021-04-18 11:00:00+00:00,92.25,124.0
2021-04-18 12:00:00+00:00,76.75,183.25
2021-04-18 13:00:00+00:00,90.0,234.75
2021-04-18 14:00:00+00:00,101.25,263.75
2021-04-18 15:00:00+00:00,154.75,261.5
2021-04-18 16:00:00+00:00,120.25,264.25
2021-04-18 17:00:00+00:00,89.0,272.5
2021-04-18 18:00:00+00:00,115.0,299.0
2021-04-18 19:00:00+00:00,100.75,233.75
2021-04-18 20:00:00+00:00,89.5,225.75
2021-04-18 21:00:00+00:00,80.75,230.5
2021-04-18 22:00:00+00:00,88.5,214.25
2021-04-18 23:00:00+00:00,133.0,214.0
2021-04-19 00:00:00+00:00,113.25,194.75
2021-04-19 01:00:00+00:00,94.0,224.0
2021-04-19 02:00:00+00:00,98.5,199.0
2021-04-19 03:00:00+00:00,113.0,268.75
2021-04-19 04:00:00+00:00,126.75,207.25
2021-04-19 05:00:00+00:00,102.5,200.0
2021-04-19 06:00:00+00:00,130.0,156.0
2021-04-19 07:00:00+00:00,149.5,96.0
2021-04-19 08:00:00+00:00,153.5,94.5
2021-04-19 09:00:00+00:00,117.75,99.0
2021-04-19 10:00:00+00:00,88.25,106.75
2021-04-19 11:00:00+00:00,125.25,94.5
2021-04-19 12:00:00+00:00,140.25,85.75
2021-04-19 13:00:00+00:00,138.75,90.25
2021-04-19 14:00:00+00:00,126.0,87.0
2021-04-19 15:00:00+00:00,131.25,95.75
2021-04-19 16:00:00+00:00,106.25,103.75
2021-04-19 17:00:00+00:00,121.75,97.75
2021-04-19 18:00:00+00:00,138.75,111.25
2021-04-19 19:00:00+00:00,86.25,141.0
2021-04-19 20:00:00+00:00,130.25,139.75
2021-04-19 21:00:00+00:00,178.25,167.75
2021-04-19 22:00:00+00:00,231.0,157.5
2021-04-19 23:00:00+00:00,209.5,126.75
2021-04-20 00:00:00+00:00,123.0,111.25
2021-04-20 01:00:00+00:00,56.0,98.5
2021-04-20 02:00:00+00:00,47.25,82.0
2021-04-20 03:00:00+00:00,29.25,77.0
2021-04-20 04:00:00+00:00,11.75,77.0
2021-04-20 05:00:00+00:00,6.75,74.0
2021-04-20 06:00:00+00:00,14.5,68.75
2021-04-20 07:00:00+00:00,4.0,67.0
2021-04-20 08:00:00+00:00,0.0,66.25
2021-04-20 09:00:00+00:00,0.0,68.25
2021-04-20 10:00:00+00:00,0.0,69.5
2021-04-20 11:00:00+00:00,0.75,79.0
2021-04-20 12:00:00+00:00,10.0,95.5
2021-04-20 13:00:00+00:00,25.25,137.5
2021-04-20 14:00:00+00:00,36.0,205.0
2021-04-20 15:00:00+00:00,39.5,221.25
2021-04-20 16:00:00+00:00,34.0,213.5
2021-04-20 17:00:00+00:00,50.0,202.5
2021-04-20 18:00:00+00:00,54.25,228.25
2021-04-20 19:00:00+00:00,44.0,225.5
2021-04-20 20:00:00+00:00,42.25,222.0
2021-04-20 21:00:00+00:00,68.75,193.75
2021-04-20 22:00:00+00:00,100.75,164.25
2021-04-20 23:00:00+00:00,94.75,141.0
2021-04-21 00:00:00+00:00,109.75,114.5
2021-04-21 01:00:00+00:00,101.75,99.5
2021-04-21 02:00:00+00:00,153.75,112.75
2021-04-21 03:00:00+00:00,331.25,128.75
2021-04-21 04:00:00+00:00,406.25,157.0
2021-04-21 05:00:00+00:00,644.5,230.0
2021-04-21 06:00:00+00:00,836.5,337.5
2021-04-21 07:00:00+00:00,1060.25,457.0
2021-04-21 08:00:00+00:00,1266.5,548.5
2021-04-21 09:00:00+00:00,1337.25,561.25
2021-04-21 10:00:00+00:00,1322.5,553.25
2021-04-21 11:00:00+00:00,1455.75,553.25
2021-04-21 12:00:00+00:00,1533.25,554.0
2021-04-21 13:00:00+00:00,1468.25,560.25
2021-04-21 14:00:00+00:00,1582.0,688.5
2021-04-21 15:00:00+00:00,1810.25,791.25
2021-04-21 16:00:00+00:00,1890.25,878.75
2021-04-21 17:00:00+00:00,1970.5,883.25
2021-04-21 18:00:00+00:00,1973.75,800.25
2021-04-21 19:00:00+00:00,1927.75,700.25
2021-04-21 20:00:00+00:00,1894.25,549.75
2021-04-21 21:00:00+00:00,1711.0,457.75
2021-04-21 22:00:00+00:00,1601.25,438.0
2021-04-21 23:00:00+00:00,1450.0,432.75
2021-04-22 00:00:00+00:00,1225.5,424.25
2021-04-22 01:00:00+00:00,1103.0,367.75
2021-04-22 02:00:00+00:00,1026.5,329.75
2021-04-22 03:00:00+00:00,906.75,307.5
2021-04-22 04:00:00+00:00,883.5,316.25
2021-04-22 05:00:00+00:00,764.5,323.5
2021-04-22 06:00:00+00:00,696.0,327.0
2021-04-22 07:00:00+00:00,735.25,392.75
2021-04-22 08:00:00+00:00,739.0,404.25
2021-04-22 09:00:00+00:00,690.5,386.0
2021-04-22 10:00:00+00:00,614.5,348.0
2021-04-22 11:00:00+00:00,538.5,327.75
2021-04-22 12:00:00+00:00,475.25,348.5
2021-04-22 13:00:00+00:00,521.5,374.75
2021-04-22 14:00:00+00:00,573.0,418.0
2021-04-22 15:00:00+00:00,651.0,483.25
2021-04-22 16:00:00+00:00,763.0,500.0
2021-04-22 17:00:00+00:00,777.0,515.25
2021-04-22 18:00:00+00:00,791.5,476.25
2021-04-22 19:00:00+00:00,765.25,378.75
2021-04-22 20:00:00+00:00,732.25,299.75
2021-04-22 21:00:00+00:00,628.5,254.25
2021-04-22 22:00:00+00:00,554.75,224.0
2021-04-22 23:00:00+00:00,452.25,204.25
2021-04-23 00:00:00+00:00,348.0,178.5
2021-04-23 01:00:00+00:00,247.5,165.5
2021-04-23 02:00:00+00:00,235.5,168.0
2021-04-23 03:00:00+00:00,249.25,174.25
2021-04-23 04:00:00+00:00,258.25,163.5
2021-04-23 05:00:00+00:00,222.75,150.75
2021-04-23 06:00:00+00:00,154.25,116.75
2021-04-23 07:00:00+00:00,110.75,109.75
2021-04-23 08:00:00+00:00,92.5,108.5
2021-04-23 09:00:00+00:00,56.5,97.0
2021-04-23 10:00:00+00:00,30.0,107.25
2021-04-23 11:00:00+00:00,38.75,137.25
2021-04-23 12:00:00+00:00,77.0,150.0
2021-04-23 13:00:00+00:00,96.5,151.75
2021-04-23 14:00:00+00:00,70.0,157.75
2021-04-23 15:00:00+00:00,120.25,212.75
2021-04-23 16:00:00+00:00,133.0,283.0
2021-04-23 17:00:00+00:00,250.25,294.5
2021-04-23 18:00:00+00:00,384.25,313.0
2021-04-23 19:00:00+00:00,491.25,365.0
2021-04-23 20:00:00+00:00,547.0,331.5
2021-04-23 21:00:00+00:00,416.75,296.25
2021-04-23 22:00:00+00:00,349.5,267.0
2021-04-23 23:00:00+00:00,369.5,228.75
2021-04-24 00:00:00+00:00,417.75,202.25
2021-04-24 01:00:00+00:00,386.5,186.75
2021-04-24 02:00:00+00:00,409.0,197.75
2021-04-24 03:00:00+00:00,395.0,182.0
2021-04-24 04:00:00+00:00,372.5,182.75
2021-04-24 05:00:00+00:00,348.75,200.25
2021-04-24 06:00:00+00:00,370.75,166.25
2021-04-24 07:00:00+00:00,257.75,149.5
2021-04-24 08:00:00+00:00,154.5,151.5
2021-04-24 09:00:00+00:00,155.0,191.75
2021-04-24 10:00:00+00:00,283.75,286.25
2021-04-24 11:00:00+00:00,366.0,394.75
2021-04-24 12:00:00+00:00,432.5,483.0
2021-04-24 13:00:00+00:00,721.25,479.0
2021-04-24 14:00:00+00:00,961.5,540.5
2021-04-24 15:00:00+00:00,1108.5,646.75
2021-04-24 16:00:00+00:00,1364.0,660.75
2021-04-24 17:00:00+00:00,1565.75,676.0
2021-04-24 18:00:00+00:00,1735.75,715.5
2021-04-24 19:00:00+00:00,1784.75,701.5
2021-04-24 20:00:00+00:00,1926.75,619.0
2021-04-24 21:00:00+00:00,1818.25,530.5
2021-04-24 22:00:00+00:00,1683.25,457.5
2021-04-24 23:00:00+00:00,1549.5,451.75
2021-04-25 00:00:00+00:00,1390.5,428.25
2021-04-25 01:00:00+00:00,1294.75,408.0
2021-04-25 02:00:00+00:00,1331.0,378.0
2021-04-25 03:00:00+00:00,1257.25,404.75
2021-04-25 04:00:00+00:00,1439.0,401.75
2021-04-25 05:00:00+00:00,1322.75,409.75
2021-04-25 06:00:00+00:00,1172.5,412.5
2021-04-25 07:00:00+00:00,1211.75,393.5
2021-04-25 08:00:00+00:00,1265.5,364.25
2021-04-25 09:00:00+00:00,1135.75,338.5
2021-04-25 10:00:00+00:00,939.5,296.5
2021-04-25 11:00:00+00:00,674.25,266.5
2021-04-25 12:00:00+00:00,636.5,266.5
2021-04-25 13:00:00+00:00,764.75,294.5
2021-04-25 14:00:00+00:00,884.75,346.0
2021-04-25 15:00:00+00:00,1101.0,411.25
2021-04-25 16:00:00+00:00,982.25,488.5
2021-04-25 17:00:00+00:00,1072.75,505.5
2021-04-25 18:00:00+00:00,1404.25,539.75
2021-04-25 19:00:00+00:00,1486.0,580.0
2021-04-25 20:00:00+00:00,1437.75,571.25
2021-04-25 21:00:00+00:00,1333.0,526.5
2021-04-25 22:00:00+00:00,1026.5,429.25
2021-04-25 23:00:00+00:00,867.0,371.5
2021-04-26 00:00:00+00:00,768.5,372.0
2021-04-26 01:00:00+00:00,711.25,336.5
2021-04-26 02:00:00+00:00,632.5,311.5
2021-04-26 03:00:00+00:00,610.5,292.0
2021-04-26 04:00:00+00:00,604.75,278.0
2021-04-26 05:00:00+00:00,551.75,238.5
2021-04-26 06:00:00+00:00,474.25,194.75
2021-04-26 07:00:00+00:00,480.75,175.25
2021-04-26 08:00:00+00:00,447.75,149.5
2021-04-26 09:00:00+00:00,403.0,140.25
2021-04-26 10:00:00+00:00,455.75,149.5
2021-04-26 11:00:00+00:00,556.5,192.0
2021-04-26 12:00:00+00:00,645.5,260.75
2021-04-26 13:00:00+00:00,776.25,368.5
2021-04-26 14:00:00+00:00,889.5,439.25
2021-04-26 15:00:00+00:00,998.25,488.5
2021-04-26 16:00:00+00:00,937.75,490.25
2021-04-26 17:00:00+00:00,802.5,448.25
2021-04-26 18:00:00+00:00,954.5,454.25
2021-04-26 19:00:00+00:00,1214.75,499.25
2021-04-26 20:00:00+00:00,1259.25,531.75
2021-04-26 21:00:00+00:00,1113.0,533.5
2021-04-26 22:00:00+00:00,872.75,530.0
2021-04-26 23:00:00+00:00,536.0,461.75
2021-04-27 00:00:00+00:00,334.75,422.5
2021-04-27 01:00:00+00:00,242.25,384.25
2021-04-27 02:00:00+00:00,138.25,375.0
2021-04-27 03:00:00+00:00,115.5,362.25
2021-04-27 04:00:00+00:00,82.5,281.75
2021-04-27 05:00:00+00:00,61.25,258.5
2021-04-27 06:00:00+00:00,95.5,165.0
2021-04-27 07:00:00+00:00,103.5,123.0
2021-04-27 08:00:00+00:00,130.25,128.0
2021-04-27 09:00:00+00:00,149.5,223.5
2021-04-27 10:00:00+00:00,200.75,295.25
2021-04-27 11:00:00+00:00,212.75,234.25
2021-04-27 12:00:00+00:00,317.75,192.75
2021-04-27 13:00:00+00:00,378.75,180.0
2021-04-27 14:00:00+00:00,336.5,179.25
2021-04-27 15:00:00+00:00,385.25,224.25
2021-04-27 16:00:00+00:00,436.25,279.0
2021-04-27 17:00:00+00:00,476.75,318.5
2021-04-27 18:00:00+00:00,606.0,362.0
2021-04-27 19:00:00+00:00,681.0,505.5
2021-04-27 20:00:00+00:00,651.5,606.25
2021-04-27 21:00:00+00:00,784.75,631.5
2021-04-27 22:00:00+00:00,1106.5,654.25
2021-04-27 23:00:00+00:00,1081.25,605.5
2021-04-28 00:00:00+00:00,834.75,529.0
2021-04-28 01:00:00+00:00,722.75,513.25
2021-04-28 02:00:00+00:00,640.0,489.0
2021-04-28 03:00:00+00:00,573.0,479.0
2021-04-28 04:00:00+00:00,520.75,444.5
2021-04-28 05:00:00+00:00,496.25,348.75
2021-04-28 06:00:00+00:00,642.75,188.0
2021-04-28 07:00:00+00:00,633.5,135.25
2021-04-28 08:00:00+00:00,882.0,187.5
2021-04-28 09:00:00+00:00,1107.25,318.0
2021-04-28 10:00:00+00:00,1077.5,374.25
2021-04-28 11:00:00+00:00,1090.75,383.25
2021-04-28 12:00:00+00:00,1318.75,364.25
2021-04-28 13:00:00+00:00,1511.75,400.0
2021-04-28 14:00:00+00:00,1224.75,467.0
2021-04-28 15:00:00+00:00,1223.75,545.5
2021-04-28 16:00:00+00:00,1577.5,597.5
2021-04-28 17:00:00+00:00,1803.0,808.75
2021-04-28 18:00:00+00:00,1846.75,873.5
2021-04-28 19:00:00+00:00,1854.25,845.25
2021-04-28 20:00:00+00:00,1841.0,732.25
2021-04-28 21:00:00+00:00,1939.0,631.5
2021-04-28 22:00:00+00:00,1883.5,571.0
2021-04-28 23:00:00+00:00,1695.5,621.25
2021-04-29 00:00:00+00:00,1667.0,636.0
2021-04-29 01:00:00+00:00,1763.5,597.0
2021-04-29 02:00:00+00:00,1701.25,610.25
2021-04-29 03:00:00+00:00,1773.25,652.25
2021-04-29 04:00:00+00:00,1865.75,631.75
2021-04-29 05:00:00+00:00,1965.0,685.0
2021-04-29 06:00:00+00:00,1969.5,791.75
2021-04-29 07:00:00+00:00,1792.0,940.5
2021-04-29 08:00:00+00:00,1630.25,963.5
2021-04-29 09:00:00+00:00,1423.75,858.5
2021-04-29 10:00:00+00:00,1363.25,702.0
2021-04-29 11:00:00+00:00,1293.25,747.25
2021-04-29 12:00:00+00:00,1295.75,891.5
2021-04-29 13:00:00+00:00,1243.75,1047.0
2021-04-29 14:00:00+00:00,1102.0,1137.75
2021-04-29 15:00:00+00:00,891.25,1191.5
2021-04-29 16:00:00+00:00,670.5,1174.25
2021-04-29 17:00:00+00:00,551.0,1035.25
2021-04-29 18:00:00+00:00,555.25,793.0
2021-04-29 19:00:00+00:00,525.0,606.0
2021-04-29 20:00:00+00:00,445.25,462.0
2021-04-29 21:00:00+00:00,388.75,383.25
2021-04-29 22:00:00+00:00,355.75,305.25
2021-04-29 23:00:00+00:00,416.25,281.25
2021-04-30 00:00:00+00:00,415.5,227.5
2021-04-30 01:00:00+00:00,354.75,196.25
2021-04-30 02:00:00+00:00,249.25,161.0
2021-04-30 03:00:00+00:00,171.0,145.25
2021-04-30 04:00:00+00:00,126.0,120.25
2021-04-30 05:00:00+00:00,81.5,100.25
2021-04-30 06:00:00+00:00,79.75,88.25
2021-04-30 07:00:00+00:00,44.75,101.75
2021-04-30 08:00:00+00:00,84.75,112.5
2021-04-30 09:00:00+00:00,87.75,115.75
2021-04-30 10:00:00+00:00,76.75,120.75
2021-04-30 11:00:00+00:00,72.5,137.75
2021-04-30 12:00:00+00:00,49.5,131.0
2021-04-30 13:00:00+00:00,36.0,110.25
2021-04-30 14:00:00+00:00,30.25,119.5
2021-04-30 15:00:00+00:00,40.5,129.75
2021-04-30 16:00:00+00:00,33.25,143.5
2021-04-30 17:00:00+00:00,32.5,129.5
2021-04-30 18:00:00+00:00,32.5,99.5
2021-04-30 19:00:00+00:00,28.5,83.5
2021-04-30 20:00:00+00:00,38.25,73.5
2021-04-30 21:00:00+00:00,38.75,72.75
2021-04-30 22:00:00+00:00,30.75,100.25
2021-04-30 23:00:00+00:00,37.5,109.0
2021-05-01 00:00:00+00:00,68.0,129.5
2021-05-01 01:00:00+00:00,117.5,155.5
2021-05-01 02:00:00+00:00,175.75,171.5
2021-05-01 03:00:00+00:00,156.25,187.75
2021-05-01 04:00:00+00:00,130.75,179.25
2021-05-01 05:00:00+00:00,89.0,163.75
2021-05-01 06:00:00+00:00,78.5,145.75
2021-05-01 07:00:00+00:00,88.5,152.25
2021-05-01 08:00:00+00:00,69.0,157.0
2021-05-01 09:00:00+00:00,75.75,184.5
2021-05-01 10:00:00+00:00,105.75,221.25
2021-05-01 11:00:00+00:00,113.75,248.75
2021-05-01 12:00:00+00:00,59.75,275.75
2021-05-01 13:00:00+00:00,35.5,277.5
2021-05-01 14:00:00+00:00,64.5,322.75
2021-05-01 15:00:00+00:00,99.75,318.75
2021-05-01 16:00:00+00:00,99.25,299.75
2021-05-01 17:00:00+00:00,236.0,315.25
2021-05-01 18:00:00+00:00,408.25,340.75
2021-05-01 19:00:00+00:00,598.5,377.5
2021-05-01 20:00:00+00:00,678.25,393.5
2021-05-01 21:00:00+00:00,749.75,472.25
2021-05-01 22:00:00+00:00,907.75,507.0
2021-05-01 23:00:00+00:00,971.25,565.0
2021-05-02 00:00:00+00:00,802.5,519.0
2021-05-02 01:00:00+00:00,671.75,465.0
2021-05-02 02:00:00+00:00,622.5,432.5
2021-05-02 03:00:00+00:00,623.25,448.25
2021-05-02 04:00:00+00:00,583.5,480.5
2021-05-02 05:00:00+00:00,527.5,507.75
2021-05-02 06:00:00+00:00,476.25,510.25
2021-05-02 07:00:00+00:00,474.75,543.75
2021-05-02 08:00:00+00:00,483.75,512.0
2021-05-02 09:00:00+00:00,608.75,563.75
2021-05-02 10:00:00+00:00,486.75,507.75
2021-05-02 11:00:00+00:00,464.0,540.25
2021-05-02 12:00:00+00:00,368.5,558.0
2021-05-02 13:00:00+00:00,357.75,543.75
2021-05-02 14:00:00+00:00,358.25,536.0
2021-05-02 15:00:00+00:00,382.5,512.25
2021-05-02 16:00:00+00:00,306.25,446.5
2021-05-02 17:00:00+00:00,363.5,343.5
2021-05-02 18:00:00+00:00,377.0,291.0
2021-05-02 19:00:00+00:00,373.5,242.25
2021-05-02 20:00:00+00:00,333.25,243.0
2021-05-02 21:00:00+00:00,431.75,246.5
2021-05-02 22:00:00+00:00,479.5,269.0
2021-05-02 23:00:00+00:00,661.25,268.75
2021-05-03 00:00:00+00:00,752.0,345.25
2021-05-03 01:00:00+00:00,762.5,411.0
2021-05-03 02:00:00+00:00,762.25,460.5
2021-05-03 03:00:00+00:00,832.0,537.75
2021-05-03 04:00:00+00:00,834.75,612.0
2021-05-03 05:00:00+00:00,868.25,621.75
2021-05-03 06:00:00+00:00,892.25,623.25
2021-05-03 07:00:00+00:00,879.25,565.5
2021-05-03 08:00:00+00:00,993.5,549.5
2021-05-03 09:00:00+00:00,922.25,561.5
2021-05-03 10:00:00+00:00,1112.5,633.0
2021-05-03 11:00:00+00:00,1339.75,788.5
2021-05-03 12:00:00+00:00,1422.25,825.5
2021-05-03 13:00:00+00:00,1456.5,769.5
2021-05-03 14:00:00+00:00,1651.5,708.0
2021-05-03 15:00:00+00:00,1662.25,581.5
2021-05-03 16:00:00+00:00,1597.0,608.5
2021-05-03 17:00:00+00:00,1652.0,489.5
2021-05-03 18:00:00+00:00,1881.5,413.5
2021-05-03 19:00:00+00:00,2090.5,662.25
2021-05-03 20:00:00+00:00,2041.5,1021.0
2021-05-03 21:00:00+00:00,1722.0,1299.0
2021-05-03 22:00:00+00:00,1822.25,1325.5
2021-05-03 23:00:00+00:00,1877.0,1484.5
2021-05-04 00:00:00+00:00,2013.25,1469.0
2021-05-04 01:00:00+00:00,2042.5,1378.5
2021-05-04 02:00:00+00:00,1991.25,1335.5
2021-05-04 03:00:00+00:00,1963.0,1360.25
2021-05-04 04:00:00+00:00,2124.75,1444.0
2021-05-04 05:00:00+00:00,2137.5,1556.25
2021-05-04 06:00:00+00:00,2149.5,1505.25
2021-05-04 07:00:00+00:00,2136.0,1485.25
2021-05-04 08:00:00+00:00,2066.5,1409.25
2021-05-04 09:00:00+00:00,2139.75,1451.25
2021-05-04 10:00:00+00:00,2157.75,1519.75
2021-05-04 11:00:00+00:00,2147.0,1507.25
2021-05-04 12:00:00+00:00,2152.25,1559.75
2021-05-04 13:00:00+00:00,2156.5,1564.75
2021-05-04 14:00:00+00:00,2128.5,1510.5
2021-05-04 15:00:00+00:00,1974.25,1593.5
2021-05-04 16:00:00+00:00,2119.0,1578.0
2021-05-04 17:00:00+00:00,2134.0,1494.25
2021-05-04 18:00:00+00:00,2095.75,1449.75
2021-05-04 19:00:00+00:00,2045.25,1453.0
2021-05-04 20:00:00+00:00,1998.5,1354.5
2021-05-04 21:00:00+00:00,1914.0,1255.0
2021-05-04 22:00:00+00:00,1673.75,1254.75
2021-05-04 23:00:00+00:00,1922.75,1216.5
2021-05-05 00:00:00+00:00,1792.75,1248.75
2021-05-05 01:00:00+00:00,1854.75,1245.75
2021-05-05 02:00:00+00:00,1847.75,1272.25
2021-05-05 03:00:00+00:00,2046.5,1210.5
2021-05-05 04:00:00+00:00,2038.75,1267.0
2021-05-05 05:00:00+00:00,2102.5,1270.75
2021-05-05 06:00:00+00:00,2081.25,1254.75
2021-05-05 07:00:00+00:00,2048.25,1364.0
2021-05-05 08:00:00+00:00,1981.75,1387.75
2021-05-05 09:00:00+00:00,1878.5,1488.75
2021-05-05 10:00:00+00:00,1805.0,1463.5
2021-05-05 11:00:00+00:00,1711.0,1469.25
2021-05-05 12:00:00+00:00,1239.25,1395.5
2021-05-05 13:00:00+00:00,1156.25,1311.0
2021-05-05 14:00:00+00:00,971.25,1219.5
2021-05-05 15:00:00+00:00,1019.75,1207.5
2021-05-05 16:00:00+00:00,982.25,1008.25
2021-05-05 17:00:00+00:00,878.0,841.25
2021-05-05 18:00:00+00:00,1003.5,736.5
2021-05-05 19:00:00+00:00,969.5,613.25
2021-05-05 20:00:00+00:00,721.0,523.75
2021-05-05 21:00:00+00:00,680.0,466.0
2021-05-05 22:00:00+00:00,646.25,368.0
2021-05-05 23:00:00+00:00,740.25,327.0
2021-05-06 00:00:00+00:00,646.0,351.5
2021-05-06 01:00:00+00:00,711.25,342.25
2021-05-06 02:00:00+00:00,725.0,332.0
2021-05-06 03:00:00+00:00,612.5,311.25
2021-05-06 04:00:00+00:00,467.5,271.0
2021-05-06 05:00:00+00:00,467.75,206.5
2021-05-06 06:00:00+00:00,393.0,151.5
2021-05-06 07:00:00+00:00,283.0,164.25
2021-05-06 08:00:00+00:00,302.5,175.0
2021-05-06 09:00:00+00:00,206.25,165.0
2021-05-06 10:00:00+00:00,117.5,178.5
2021-05-06 11:00:00+00:00,81.0,156.5
2021-05-06 12:00:00+00:00,55.0,153.25
2021-05-06 13:00:00+00:00,42.5,138.25
2021-05-06 14:00:00+00:00,48.25,136.5
2021-05-06 15:00:00+00:00,107.25,126.25
2021-05-06 16:00:00+00:00,367.25,111.5
2021-05-06 17:00:00+00:00,106.0,154.75
2021-05-06 18:00:00+00:00,41.25,160.0
2021-05-06 19:00:00+00:00,78.25,141.0
2021-05-06 20:00:00+00:00,86.0,174.75
2021-05-06 21:00:00+00:00,98.75,182.75
2021-05-06 22:00:00+00:00,158.5,266.5
2021-05-06 23:00:00+00:00,419.75,250.75
2021-05-07 00:00:00+00:00,1042.75,248.25
2021-05-07 01:00:00+00:00,1344.0,249.75
2021-05-07 02:00:00+00:00,962.75,362.0
2021-05-07 03:00:00+00:00,605.25,324.25
2021-05-07 04:00:00+00:00,651.0,243.75
2021-05-07 05:00:00+00:00,655.75,247.5
2021-05-07 06:00:00+00:00,467.5,189.75
2021-05-07 07:00:00+00:00,464.0,251.5
2021-05-07 08:00:00+00:00,483.5,333.25
2021-05-07 09:00:00+00:00,534.0,400.0
2021-05-07 10:00:00+00:00,620.75,471.5
2021-05-07 11:00:00+00:00,642.25,508.5
2021-05-07 12:00:00+00:00,753.5,600.75
2021-05-07 13:00:00+00:00,662.25,719.25
2021-05-07 14:00:00+00:00,613.25,680.25
2021-05-07 15:00:00+00:00,580.5,580.75
2021-05-07 16:00:00+00:00,559.75,486.25
2021-05-07 17:00:00+00:00,489.25,339.5
2021-05-07 18:00:00+00:00,362.25,250.5
2021-05-07 19:00:00+00:00,328.75,237.25
2021-05-07 20:00:00+00:00,298.0,185.0
2021-05-07 21:00:00+00:00,205.25,165.5
2021-05-07 22:00:00+00:00,224.25,179.75
2021-05-07 23:00:00+00:00,210.75,180.75
2021-05-08 00:00:00+00:00,196.75,208.75
2021-05-08 01:00:00+00:00,210.5,283.0
2021-05-08 02:00:00+00:00,256.5,368.75
2021-05-08 03:00:00+00:00,331.0,414.0
2021-05-08 04:00:00+00:00,407.0,397.5
2021-05-08 05:00:00+00:00,463.75,437.75
2021-05-08 06:00:00+00:00,648.0,468.0
2021-05-08 07:00:00+00:00,1153.5,474.0
2021-05-08 08:00:00+00:00,1118.0,563.5
2021-05-08 09:00:00+00:00,1459.25,593.0
2021-05-08 10:00:00+00:00,1747.0,718.5
2021-05-08 11:00:00+00:00,1942.5,1042.0
2021-05-08 12:00:00+00:00,1972.0,1012.75
2021-05-08 13:00:00+00:00,1965.75,1126.25
2021-05-08 14:00:00+00:00,1914.25,1259.75
2021-05-08 15:00:00+00:00,2030.75,1176.5
2021-05-08 16:00:00+00:00,2062.75,1125.0
2021-05-08 17:00:00+00:00,2136.5,1085.5
2021-05-08 18:00:00+00:00,2098.25,982.25
2021-05-08 19:00:00+00:00,1811.25,899.25
2021-05-08 20:00:00+00:00,1427.75,880.0
2021-05-08 21:00:00+00:00,1376.5,837.5
2021-05-08 22:00:00+00:00,1237.0,723.25
2021-05-08 23:00:00+00:00,1092.0,753.5
2021-05-09 00:00:00+00:00,1152.5,813.5
2021-05-09 01:00:00+00:00,1339.5,973.25
2021-05-09 02:00:00+00:00,1278.25,963.0
2021-05-09 03:00:00+00:00,1213.75,926.25
2021-05-09 04:00:00+00:00,1194.5,872.25
2021-05-09 05:00:00+00:00,1171.75,730.5
2021-05-09 06:00:00+00:00,1040.5,565.5
2021-05-09 07:00:00+00:00,820.5,424.25
2021-05-09 08:00:00+00:00,779.75,427.25
2021-05-09 09:00:00+00:00,749.5,533.5
2021-05-09 10:00:00+00:00,755.25,651.25
2021-05-09 11:00:00+00:00,680.75,784.0
2021-05-09 12:00:00+00:00,681.75,947.25
2021-05-09 13:00:00+00:00,575.0,699.75
2021-05-09 14:00:00+00:00,484.75,586.75
2021-05-09 15:00:00+00:00,441.0,669.5
2021-05-09 16:00:00+00:00,424.5,577.0
2021-05-09 17:00:00+00:00,292.75,448.25
2021-05-09 18:00:00+00:00,179.25,267.0
2021-05-09 19:00:00+00:00,512.0,304.75
2021-05-09 20:00:00+00:00,185.75,403.25
2021-05-09 21:00:00+00:00,109.0,496.0
2021-05-09 22:00:00+00:00,339.25,402.75
2021-05-09 23:00:00+00:00,231.25,378.25
2021-05-10 00:00:00+00:00,249.5,373.25
2021-05-10 01:00:00+00:00,713.75,345.0
2021-05-10 02:00:00+00:00,1159.75,377.0
2021-05-10 03:00:00+00:00,1479.75,533.75
2021-05-10 04:00:00+00:00,1365.0,894.25
2021-05-10 05:00:00+00:00,1730.0,1238.5
2021-05-10 06:00:00+00:00,1836.25,1345.75
2021-05-10 07:00:00+00:00,1721.0,1212.0
2021-05-10 08:00:00+00:00,1536.75,1063.25
2021-05-10 09:00:00+00:00,1614.75,764.0
2021-05-10 10:00:00+00:00,1349.0,723.5
2021-05-10 11:00:00+00:00,1480.75,731.25
2021-05-10 12:00:00+00:00,1503.75,625.75
2021-05-10 13:00:00+00:00,1385.0,522.25
2021-05-10 14:00:00+00:00,1275.0,425.0
2021-05-10 15:00:00+00:00,1106.0,369.5
2021-05-10 16:00:00+00:00,1118.75,271.75
2021-05-10 17:00:00+00:00,870.75,176.75
2021-05-10 18:00:00+00:00,716.75,172.5
2021-05-10 19:00:00+00:00,638.25,135.25
2021-05-10 20:00:00+00:00,202.25,114.25
2021-05-10 21:00:00+00:00,79.5,105.25
2021-05-10 22:00:00+00:00,90.5,118.5
2021-05-10 23:00:00+00:00,40.25,109.0
2021-05-11 00:00:00+00:00,21.0,124.5
2021-05-11 01:00:00+00:00,11.5,126.0
2021-05-11 02:00:00+00:00,3.25,174.5
2021-05-11 03:00:00+00:00,1.5,200.0
2021-05-11 04:00:00+00:00,10.75,129.0
2021-05-11 05:00:00+00:00,15.0,146.5
2021-05-11 06:00:00+00:00,8.75,153.5
2021-05-11 07:00:00+00:00,44.0,143.5
2021-05-11 08:00:00+00:00,59.5,147.75
2021-05-11 09:00:00+00:00,74.0,169.75
2021-05-11 10:00:00+00:00,76.0,147.0
2021-05-11 11:00:00+00:00,72.0,132.25
2021-05-11 12:00:00+00:00,52.75,123.75
2021-05-11 13:00:00+00:00,25.75,194.5
2021-05-11 14:00:00+00:00,57.75,136.0
2021-05-11 15:00:00+00:00,222.0,136.75
2021-05-11 16:00:00+00:00,247.0,154.25
2021-05-11 17:00:00+00:00,328.75,226.0
2021-05-11 18:00:00+00:00,262.25,243.0
2021-05-11 19:00:00+00:00,158.0,203.5
2021-05-11 20:00:00+00:00,119.75,131.25
2021-05-11 21:00:00+00:00,102.25,131.25
2021-05-11 22:00:00+00:00,157.75,123.75
2021-05-11 23:00:00+00:00,434.5,116.25
2021-05-12 00:00:00+00:00,543.75,151.25
2021-05-12 01:00:00+00:00,625.25,242.0
2021-05-12 02:00:00+00:00,652.5,234.5
2021-05-12 03:00:00+00:00,629.5,261.5
2021-05-12 04:00:00+00:00,598.0,237.0
2021-05-12 05:00:00+00:00,501.25,316.0
2021-05-12 06:00:00+00:00,447.5,267.5
2021-05-12 07:00:00+00:00,376.5,249.25
2021-05-12 08:00:00+00:00,346.75,230.5
2021-05-12 09:00:00+00:00,300.5,213.0
2021-05-12 10:00:00+00:00,214.5,192.5
2021-05-12 11:00:00+00:00,110.25,168.0
2021-05-12 12:00:00+00:00,55.5,158.0
2021-05-12 13:00:00+00:00,32.75,202.0
2021-05-12 14:00:00+00:00,58.5,212.0
2021-05-12 15:00:00+00:00,33.25,169.75
2021-05-12 16:00:00+00:00,25.75,131.0
2021-05-12 17:00:00+00:00,4.0,126.5
2021-05-12 18:00:00+00:00,1.75,124.0
2021-05-12 19:00:00+00:00,41.5,139.25
2021-05-12 20:00:00+00:00,125.75,126.25
2021-05-12 21:00:00+00:00,241.25,139.0
2021-05-12 22:00:00+00:00,208.25,188.0
2021-05-12 23:00:00+00:00,169.0,192.0
2021-05-13 00:00:00+00:00,175.25,172.25
2021-05-13 01:00:00+00:00,286.5,171.75
2021-05-13 02:00:00+00:00,296.5,174.75
2021-05-13 03:00:00+00:00,236.75,177.0
2021-05-13 04:00:00+00:00,173.0,165.25
2021-05-13 05:00:00+00:00,178.25,140.75
2021-05-13 06:00:00+00:00,190.25,115.75
2021-05-13 07:00:00+00:00,108.0,105.5
2021-05-13 08:00:00+00:00,62.75,103.75
2021-05-13 09:00:00+00:00,98.0,118.0
2021-05-13 10:00:00+00:00,178.0,130.5
2021-05-13 11:00:00+00:00,244.25,130.0
2021-05-13 12:00:00+00:00,381.75,148.0
2021-05-13 13:00:00+00:00,513.5,243.75
2021-05-13 14:00:00+00:00,294.75,397.0
2021-05-13 15:00:00+00:00,385.25,487.25
2021-05-13 16:00:00+00:00,342.25,365.25
2021-05-13 17:00:00+00:00,335.75,272.25
2021-05-13 18:00:00+00:00,162.0,254.0
2021-05-13 19:00:00+00:00,62.75,210.75
2021-05-13 20:00:00+00:00,78.0,176.5
2021-05-13 21:00:00+00:00,128.0,134.75
2021-05-13 22:00:00+00:00,136.0,131.0
2021-05-13 23:00:00+00:00,110.5,115.25
2021-05-14 00:00:00+00:00,54.5,107.25
2021-05-14 01:00:00+00:00,39.5,96.5
2021-05-14 02:00:00+00:00,51.5,92.75
2021-05-14 03:00:00+00:00,58.75,86.75
2021-05-14 04:00:00+00:00,75.5,81.25
2021-05-14 05:00:00+00:00,115.75,78.5
2021-05-14 06:00:00+00:00,93.75,74.75
2021-05-14 07:00:00+00:00,69.5,82.25
2021-05-14 08:00:00+00:00,124.0,84.75
2021-05-14 09:00:00+00:00,145.5,89.0
2021-05-14 10:00:00+00:00,136.5,94.0
2021-05-14 11:00:00+00:00,120.5,113.0
2021-05-14 12:00:00+00:00,137.5,132.75
2021-05-14 13:00:00+00:00,202.75,131.25
2021-05-14 14:00:00+00:00,165.5,137.5
2021-05-14 15:00:00+00:00,110.5,145.25
2021-05-14 16:00:00+00:00,115.5,150.25
2021-05-14 17:00:00+00:00,71.0,139.75
2021-05-14 18:00:00+00:00,68.0,134.0
2021-05-14 19:00:00+00:00,69.0,135.75
2021-05-14 20:00:00+00:00,51.0,131.25
2021-05-14 21:00:00+00:00,33.75,119.25
2021-05-14 22:00:00+00:00,41.25,88.75
2021-05-14 23:00:00+00:00,32.25,89.25
2021-05-15 00:00:00+00:00,17.5,75.5
2021-05-15 01:00:00+00:00,28.25,71.25
2021-05-15 02:00:00+00:00,16.25,78.5
2021-05-15 03:00:00+00:00,6.25,93.0
2021-05-15 04:00:00+00:00,33.5,87.25
2021-05-15 05:00:00+00:00,51.75,94.0
2021-05-15 06:00:00+00:00,50.0,98.25
2021-05-15 07:00:00+00:00,167.5,100.25
2021-05-15 08:00:00+00:00,243.5,118.0
2021-05-15 09:00:00+00:00,175.25,141.75
2021-05-15 10:00:00+00:00,75.5,140.75
2021-05-15 11:00:00+00:00,69.0,155.75
2021-05-15 12:00:00+00:00,30.25,164.0
2021-05-15 13:00:00+00:00,65.75,153.5
2021-05-15 14:00:00+00:00,70.0,126.25
2021-05-15 15:00:00+00:00,68.75,119.25
2021-05-15 16:00:00+00:00,123.5,104.5
2021-05-15 17:00:00+00:00,140.0,97.0
2021-05-15 18:00:00+00:00,82.0,104.25
2021-05-15 19:00:00+00:00,82.25,123.0
2021-05-15 20:00:00+00:00,77.25,168.25
2021-05-15 21:00:00+00:00,168.25,267.25
2021-05-15 22:00:00+00:00,264.0,311.25
2021-05-15 23:00:00+00:00,315.25,312.0
2021-05-16 00:00:00+00:00,450.25,349.5
2021-05-16 01:00:00+00:00,263.25,425.75
2021-05-16 02:00:00+00:00,416.25,396.5
2021-05-16 03:00:00+00:00,531.25,454.5
2021-05-16 04:00:00+00:00,612.25,462.5
2021-05-16 05:00:00+00:00,719.5,411.25
2021-05-16 06:00:00+00:00,638.0,463.0
2021-05-16 07:00:00+00:00,637.25,516.0
2021-05-16 08:00:00+00:00,554.75,492.25
2021-05-16 09:00:00+00:00,479.75,510.5
2021-05-16 10:00:00+00:00,479.5,458.75
2021-05-16 11:00:00+00:00,287.75,326.75
2021-05-16 12:00:00+00:00,241.25,235.5
2021-05-16 13:00:00+00:00,206.5,215.75
2021-05-16 14:00:00+00:00,189.25,197.25
2021-05-16 15:00:00+00:00,245.25,216.5
2021-05-16 16:00:00+00:00,295.5,156.25
2021-05-16 17:00:00+00:00,331.25,116.25
2021-05-16 18:00:00+00:00,270.25,119.0
2021-05-16 19:00:00+00:00,308.25,114.5
2021-05-16 20:00:00+00:00,312.5,119.0
2021-05-16 21:00:00+00:00,326.25,160.75
2021-05-16 22:00:00+00:00,331.5,196.25
2021-05-16 23:00:00+00:00,364.75,255.5
2021-05-17 00:00:00+00:00,460.5,311.5
2021-05-17 01:00:00+00:00,497.5,370.0
2021-05-17 02:00:00+00:00,642.25,317.25
2021-05-17 03:00:00+00:00,530.25,352.25
2021-05-17 04:00:00+00:00,265.5,377.75
2021-05-17 05:00:00+00:00,62.0,348.5
2021-05-17 06:00:00+00:00,285.75,275.0
2021-05-17 07:00:00+00:00,594.75,195.5
2021-05-17 08:00:00+00:00,684.5,199.5
2021-05-17 09:00:00+00:00,767.25,301.25
2021-05-17 10:00:00+00:00,715.25,415.5
2021-05-17 11:00:00+00:00,654.0,452.25
2021-05-17 12:00:00+00:00,463.5,466.5
2021-05-17 13:00:00+00:00,141.75,504.5
2021-05-17 14:00:00+00:00,94.0,493.75
2021-05-17 15:00:00+00:00,86.0,520.75
2021-05-17 16:00:00+00:00,87.25,431.75
2021-05-17 17:00:00+00:00,58.0,327.0
2021-05-17 18:00:00+00:00,136.0,270.0
2021-05-17 19:00:00+00:00,101.75,221.5
2021-05-17 20:00:00+00:00,105.5,212.75
2021-05-17 21:00:00+00:00,105.25,247.5
2021-05-17 22:00:00+00:00,193.25,246.75
2021-05-17 23:00:00+00:00,244.25,246.25
2021-05-18 00:00:00+00:00,277.0,251.75
2021-05-18 01:00:00+00:00,245.5,223.0
2021-05-18 02:00:00+00:00,326.0,182.25
2021-05-18 03:00:00+00:00,340.5,175.75
2021-05-18 04:00:00+00:00,305.5,184.75
2021-05-18 05:00:00+00:00,238.5,154.0
2021-05-18 06:00:00+00:00,225.5,140.5
2021-05-18 07:00:00+00:00,121.5,143.25
2021-05-18 08:00:00+00:00,75.25,153.0
2021-05-18 09:00:00+00:00,106.75,159.5
2021-05-18 10:00:00+00:00,113.25,168.75
2021-05-18 11:00:00+00:00,126.5,232.25
2021-05-18 12:00:00+00:00,157.75,288.25
2021-05-18 13:00:00+00:00,124.0,323.25
2021-05-18 14:00:00+00:00,154.5,290.0
2021-05-18 15:00:00+00:00,211.5,290.25
2021-05-18 16:00:00+00:00,310.25,255.25
2021-05-18 17:00:00+00:00,323.25,252.5
2021-05-18 18:00:00+00:00,204.5,202.5
2021-05-18 19:00:00+00:00,107.75,161.5
2021-05-18 20:00:00+00:00,128.0,133.75
2021-05-18 21:00:00+00:00,71.0,130.5
2021-05-18 22:00:00+00:00,215.25,140.25
2021-05-18 23:00:00+00:00,234.5,170.0
2021-05-19 00:00:00+00:00,230.75,198.5
2021-05-19 01:00:00+00:00,259.5,227.25
2021-05-19 02:00:00+00:00,229.75,252.25
2021-05-19 03:00:00+00:00,183.0,278.25
2021-05-19 04:00:00+00:00,149.75,261.25
2021-05-19 05:00:00+00:00,200.5,223.0
2021-05-19 06:00:00+00:00,250.75,206.75
2021-05-19 07:00:00+00:00,120.25,220.75
2021-05-19 08:00:00+00:00,141.75,226.25
2021-05-19 09:00:00+00:00,113.25,235.0
2021-05-19 10:00:00+00:00,41.25,253.25
2021-05-19 11:00:00+00:00,21.5,265.75
2021-05-19 12:00:00+00:00,17.75,255.0
2021-05-19 13:00:00+00:00,37.75,193.0
2021-05-19 14:00:00+00:00,45.25,174.75
2021-05-19 15:00:00+00:00,35.5,179.75
2021-05-19 16:00:00+00:00,23.0,182.5
2021-05-19 17:00:00+00:00,16.25,160.25
2021-05-19 18:00:00+00:00,84.25,128.0
2021-05-19 19:00:00+00:00,161.75,136.5
2021-05-19 20:00:00+00:00,82.75,130.25
2021-05-19 21:00:00+00:00,51.25,112.75
2021-05-19 22:00:00+00:00,84.25,147.5
2021-05-19 23:00:00+00:00,60.5,161.25
2021-05-20 00:00:00+00:00,29.0,145.75
2021-05-20 01:00:00+00:00,48.25,158.25
2021-05-20 02:00:00+00:00,20.0,155.75
2021-05-20 03:00:00+00:00,10.25,98.0
2021-05-20 04:00:00+00:00,28.75,82.0
2021-05-20 05:00:00+00:00,69.25,91.0
2021-05-20 06:00:00+00:00,46.0,84.5
2021-05-20 07:00:00+00:00,140.5,109.5
2021-05-20 08:00:00+00:00,217.0,141.5
2021-05-20 09:00:00+00:00,272.5,179.5
2021-05-20 10:00:00+00:00,427.0,240.25
2021-05-20 11:00:00+00:00,675.0,339.0
2021-05-20 12:00:00+00:00,755.5,478.25
2021-05-20 13:00:00+00:00,827.75,558.0
2021-05-20 14:00:00+00:00,1264.75,612.0
2021-05-20 15:00:00+00:00,1522.25,690.25
2021-05-20 16:00:00+00:00,1589.75,804.5
2021-05-20 17:00:00+00:00,1591.75,816.75
2021-05-20 18:00:00+00:00,1752.75,944.5
2021-05-20 19:00:00+00:00,1737.0,898.5
2021-05-20 20:00:00+00:00,1842.75,1040.25
2021-05-20 21:00:00+00:00,2064.0,1175.5
2021-05-20 22:00:00+00:00,2056.5,1245.75
2021-05-20 23:00:00+00:00,2071.75,1291.25
2021-05-21 00:00:00+00:00,2126.0,1305.25
2021-05-21 01:00:00+00:00,2167.25,1312.25
2021-05-21 02:00:00+00:00,2173.0,1184.25
2021-05-21 03:00:00+00:00,2102.0,1163.25
2021-05-21 04:00:00+00:00,2161.5,1219.75
2021-05-21 05:00:00+00:00,2159.0,1355.0
2021-05-21 06:00:00+00:00,2170.5,1483.75
2021-05-21 07:00:00+00:00,2119.5,1548.0
2021-05-21 08:00:00+00:00,2147.75,1574.25
2021-05-21 09:00:00+00:00,2171.75,1576.0
2021-05-21 10:00:00+00:00,2157.5,1524.75
2021-05-21 11:00:00+00:00,2126.25,1442.0
2021-05-21 12:00:00+00:00,2080.0,1546.0
2021-05-21 13:00:00+00:00,2029.75,1578.75
2021-05-21 14:00:00+00:00,1972.0,1490.75
2021-05-21 15:00:00+00:00,1952.5,1488.25
2021-05-21 16:00:00+00:00,1909.5,1568.0
2021-05-21 17:00:00+00:00,1950.0,1578.5
2021-05-21 18:00:00+00:00,2027.5,1544.5
2021-05-21 19:00:00+00:00,2036.75,1534.0
2021-05-21 20:00:00+00:00,2053.75,1535.25
2021-05-21 21:00:00+00:00,2077.0,1517.5
2021-05-21 22:00:00+00:00,2088.5,1502.25
2021-05-21 23:00:00+00:00,2091.5,1550.75
2021-05-22 00:00:00+00:00,2108.25,1533.75
2021-05-22 01:00:00+00:00,2109.75,1492.25
2021-05-22 02:00:00+00:00,1547.25,1557.75
2021-05-22 03:00:00+00:00,1535.75,1539.75
2021-05-22 04:00:00+00:00,1529.5,1503.25
2021-05-22 05:00:00+00:00,2048.25,1479.25
2021-05-22 06:00:00+00:00,1997.5,1463.25
2021-05-22 07:00:00+00:00,1566.25,1388.75
2021-05-22 08:00:00+00:00,1511.5,1237.0
2021-05-22 09:00:00+00:00,1478.75,1116.0
2021-05-22 10:00:00+00:00,1437.0,1141.75
2021-05-22 11:00:00+00:00,1252.0,1214.5
2021-05-22 12:00:00+00:00,1114.0,1265.5
2021-05-22 13:00:00+00:00,941.25,1247.25
2021-05-22 14:00:00+00:00,839.0,1114.0
2021-05-22 15:00:00+00:00,776.5,993.5
2021-05-22 16:00:00+00:00,683.0,877.5
2021-05-22 17:00:00+00:00,629.0,686.75
2021-05-22 18:00:00+00:00,596.25,528.0
2021-05-22 19:00:00+00:00,581.75,407.0
2021-05-22 20:00:00+00:00,577.0,317.0
2021-05-22 21:00:00+00:00,564.5,289.0
2021-05-22 22:00:00+00:00,544.5,255.5
2021-05-22 23:00:00+00:00,607.25,233.0
2021-05-23 00:00:00+00:00,660.25,266.25
2021-05-23 01:00:00+00:00,645.75,317.25
2021-05-23 02:00:00+00:00,740.75,372.5
2021-05-23 03:00:00+00:00,683.75,397.5
2021-05-23 04:00:00+00:00,544.0,447.25
2021-05-23 05:00:00+00:00,612.5,456.75
2021-05-23 06:00:00+00:00,677.5,529.5
2021-05-23 07:00:00+00:00,758.75,624.0
2021-05-23 08:00:00+00:00,828.25,721.75
2021-05-23 09:00:00+00:00,940.5,747.5
2021-05-23 10:00:00+00:00,1153.75,888.0
2021-05-23 11:00:00+00:00,997.75,879.5
2021-05-23 12:00:00+00:00,531.0,727.5
2021-05-23 13:00:00+00:00,335.25,804.25
2021-05-23 14:00:00+00:00,637.0,770.25
2021-05-23 15:00:00+00:00,733.75,579.0
2021-05-23 16:00:00+00:00,919.75,442.5
2021-05-23 17:00:00+00:00,863.0,292.5
2021-05-23 18:00:00+00:00,1000.0,263.5
2021-05-23 19:00:00+00:00,1216.0,361.5
2021-05-23 20:00:00+00:00,1575.0,440.25
2021-05-23 21:00:00+00:00,1662.25,562.75
2021-05-23 22:00:00+00:00,1805.0,545.5
2021-05-23 23:00:00+00:00,1877.5,723.25
2021-05-24 00:00:00+00:00,1731.75,850.5
2021-05-24 01:00:00+00:00,1773.0,949.5
2021-05-24 02:00:00+00:00,1970.25,950.5
2021-05-24 03:00:00+00:00,1995.25,902.75
2021-05-24 04:00:00+00:00,2039.75,1043.0
2021-05-24 05:00:00+00:00,1991.0,1191.5
2021-05-24 06:00:00+00:00,1984.5,1052.0
2021-05-24 07:00:00+00:00,1670.75,971.5
2021-05-24 08:00:00+00:00,1377.75,960.5
2021-05-24 09:00:00+00:00,1016.0,799.25
2021-05-24 10:00:00+00:00,726.5,721.75
2021-05-24 11:00:00+00:00,559.0,566.75
2021-05-24 12:00:00+00:00,401.75,444.0
2021-05-24 13:00:00+00:00,191.75,356.0
2021-05-24 14:00:00+00:00,842.25,311.0
2021-05-24 15:00:00+00:00,464.5,408.75
2021-05-24 16:00:00+00:00,142.75,244.75
2021-05-24 17:00:00+00:00,155.0,117.5
2021-05-24 18:00:00+00:00,237.0,148.5
2021-05-24 19:00:00+00:00,99.5,200.5
2021-05-24 20:00:00+00:00,219.5,184.75
2021-05-24 21:00:00+00:00,375.75,209.75
2021-05-24 22:00:00+00:00,431.25,305.5
2021-05-24 23:00:00+00:00,362.25,409.75
2021-05-25 00:00:00+00:00,196.5,469.5
2021-05-25 01:00:00+00:00,221.75,488.5
2021-05-25 02:00:00+00:00,497.5,480.75
2021-05-25 03:00:00+00:00,934.75,384.5
2021-05-25 04:00:00+00:00,911.25,408.5
2021-05-25 05:00:00+00:00,953.5,475.75
2021-05-25 06:00:00+00:00,1051.0,564.0
2021-05-25 07:00:00+00:00,1007.25,589.0
2021-05-25 08:00:00+00:00,996.5,594.25
2021-05-25 09:00:00+00:00,890.75,695.5
2021-05-25 10:00:00+00:00,1063.5,1051.75
2021-05-25 11:00:00+00:00,1405.5,1191.5
2021-05-25 12:00:00+00:00,1386.75,1158.0
2021-05-25 13:00:00+00:00,1417.0,1066.0
2021-05-25 14:00:00+00:00,1411.0,987.0
2021-05-25 15:00:00+00:00,1142.5,896.25
2021-05-25 16:00:00+00:00,996.0,880.5
2021-05-25 17:00:00+00:00,672.0,890.5
2021-05-25 18:00:00+00:00,519.75,709.0
2021-05-25 19:00:00+00:00,481.75,615.0
2021-05-25 20:00:00+00:00,603.0,600.75
2021-05-25 21:00:00+00:00,851.0,557.25
2021-05-25 22:00:00+00:00,1091.0,584.25
2021-05-25 23:00:00+00:00,1106.75,646.5
2021-05-26 00:00:00+00:00,768.0,689.0
2021-05-26 01:00:00+00:00,679.25,615.5
2021-05-26 02:00:00+00:00,636.0,543.5
2021-05-26 03:00:00+00:00,543.5,491.25
2021-05-26 04:00:00+00:00,527.25,480.25
2021-05-26 05:00:00+00:00,540.5,456.0
2021-05-26 06:00:00+00:00,615.25,517.25
2021-05-26 07:00:00+00:00,740.75,498.25
2021-05-26 08:00:00+00:00,653.75,555.5
2021-05-26 09:00:00+00:00,689.75,650.5
2021-05-26 10:00:00+00:00,765.75,770.0
2021-05-26 11:00:00+00:00,920.0,933.5
2021-05-26 12:00:00+00:00,1058.75,1085.5
2021-05-26 13:00:00+00:00,1260.5,1233.75
2021-05-26 14:00:00+00:00,1538.25,1358.0
2021-05-26 15:00:00+00:00,1620.75,1365.0
2021-05-26 16:00:00+00:00,1321.5,1227.75
2021-05-26 17:00:00+00:00,1182.5,1129.25
2021-05-26 18:00:00+00:00,1109.25,1010.0
2021-05-26 19:00:00+00:00,1067.75,879.0
2021-05-26 20:00:00+00:00,972.5,812.0
2021-05-26 21:00:00+00:00,941.5,904.75
2021-05-26 22:00:00+00:00,886.75,1043.5
2021-05-26 23:00:00+00:00,923.75,1012.5
2021-05-27 00:00:00+00:00,1022.25,998.0
2021-05-27 01:00:00+00:00,1116.25,1028.5
2021-05-27 02:00:00+00:00,1287.75,1074.75
2021-05-27 03:00:00+00:00,979.0,1071.0
2021-05-27 04:00:00+00:00,700.0,1098.0
2021-05-27 05:00:00+00:00,881.25,1042.25
2021-05-27 06:00:00+00:00,921.5,1004.75
2021-05-27 07:00:00+00:00,1002.25,966.5
2021-05-27 08:00:00+00:00,1086.75,1010.0
2021-05-27 09:00:00+00:00,1197.25,949.75
2021-05-27 10:00:00+00:00,1153.75,852.0
2021-05-27 11:00:00+00:00,1088.5,815.75
2021-05-27 12:00:00+00:00,938.25,792.25
2021-05-27 13:00:00+00:00,686.75,768.75
2021-05-27 14:00:00+00:00,496.25,701.0
2021-05-27 15:00:00+00:00,363.5,647.25
2021-05-27 16:00:00+00:00,269.0,586.0
2021-05-27 17:00:00+00:00,319.75,499.25
2021-05-27 18:00:00+00:00,261.0,386.5
2021-05-27 19:00:00+00:00,204.0,332.75
2021-05-27 20:00:00+00:00,237.5,319.75
2021-05-27 21:00:00+00:00,241.75,275.0
2021-05-27 22:00:00+00:00,143.75,241.25
2021-05-27 23:00:00+00:00,135.5,197.5
2021-05-28 00:00:00+00:00,76.25,182.25
2021-05-28 01:00:00+00:00,37.0,150.0
2021-05-28 02:00:00+00:00,57.5,103.75
2021-05-28 03:00:00+00:00,50.75,90.25
2021-05-28 04:00:00+00:00,159.5,87.0
2021-05-28 05:00:00+00:00,143.5,87.75
2021-05-28 06:00:00+00:00,84.5,92.5
2021-05-28 07:00:00+00:00,53.25,87.75
2021-05-28 08:00:00+00:00,25.25,86.25
2021-05-28 09:00:00+00:00,27.75,87.0
2021-05-28 10:00:00+00:00,31.25,91.0
2021-05-28 11:00:00+00:00,33.25,99.5
2021-05-28 12:00:00+00:00,39.75,102.0
2021-05-28 13:00:00+00:00,52.0,112.25
2021-05-28 14:00:00+00:00,64.75,117.0
2021-05-28 15:00:00+00:00,120.75,125.25
2021-05-28 16:00:00+00:00,137.75,133.5
2021-05-28 17:00:00+00:00,136.0,147.5
2021-05-28 18:00:00+00:00,119.25,166.75
2021-05-28 19:00:00+00:00,164.5,214.5
2021-05-28 20:00:00+00:00,283.25,275.5
2021-05-28 21:00:00+00:00,396.0,243.5
2021-05-28 22:00:00+00:00,447.0,278.75
2021-05-28 23:00:00+00:00,519.75,269.0
2021-05-29 00:00:00+00:00,406.5,200.5
2021-05-29 01:00:00+00:00,183.75,237.75
2021-05-29 02:00:00+00:00,265.25,235.25
2021-05-29 03:00:00+00:00,321.5,190.0
2021-05-29 04:00:00+00:00,222.75,163.25
2021-05-29 05:00:00+00:00,136.75,124.5
2021-05-29 06:00:00+00:00,88.25,100.0
2021-05-29 07:00:00+00:00,73.0,80.5
2021-05-29 08:00:00+00:00,149.0,87.25
2021-05-29 09:00:00+00:00,225.5,98.25
2021-05-29 10:00:00+00:00,240.25,113.5
2021-05-29 11:00:00+00:00,280.5,149.5
2021-05-29 12:00:00+00:00,290.5,216.25
2021-05-29 13:00:00+00:00,383.75,274.75
2021-05-29 14:00:00+00:00,502.25,316.25
2021-05-29 15:00:00+00:00,618.5,331.5
2021-05-29 16:00:00+00:00,594.75,323.75
2021-05-29 17:00:00+00:00,617.25,304.25
2021-05-29 18:00:00+00:00,536.0,293.75
2021-05-29 19:00:00+00:00,565.5,315.75
2021-05-29 20:00:00+00:00,491.5,311.75
2021-05-29 21:00:00+00:00,511.25,291.5
2021-05-29 22:00:00+00:00,511.0,268.25
2021-05-29 23:00:00+00:00,460.75,219.25
2021-05-30 00:00:00+00:00,370.25,206.25
2021-05-30 01:00:00+00:00,347.5,212.25
2021-05-30 02:00:00+00:00,333.25,197.0
2021-05-30 03:00:00+00:00,332.75,163.5
2021-05-30 04:00:00+00:00,344.75,145.5
2021-05-30 05:00:00+00:00,267.75,126.5
2021-05-30 06:00:00+00:00,161.25,105.0
2021-05-30 07:00:00+00:00,136.0,82.75
2021-05-30 08:00:00+00:00,124.5,76.25
2021-05-30 09:00:00+00:00,139.75,71.75
2021-05-30 10:00:00+00:00,133.0,72.0
2021-05-30 11:00:00+00:00,112.75,89.75
2021-05-30 12:00:00+00:00,164.25,130.5
2021-05-30 13:00:00+00:00,309.0,215.75
2021-05-30 14:00:00+00:00,472.0,264.25
2021-05-30 15:00:00+00:00,553.75,321.25
2021-05-30 16:00:00+00:00,684.0,388.5
2021-05-30 17:00:00+00:00,867.75,411.0
2021-05-30 18:00:00+00:00,1035.75,396.25
2021-05-30 19:00:00+00:00,1165.5,387.0
2021-05-30 20:00:00+00:00,1289.75,413.75
2021-05-30 21:00:00+00:00,1259.0,414.25
2021-05-30 22:00:00+00:00,1241.75,426.25
2021-05-30 23:00:00+00:00,1131.75,415.75
2021-05-31 00:00:00+00:00,1038.5,373.75
2021-05-31 01:00:00+00:00,885.25,330.5
2021-05-31 02:00:00+00:00,687.0,306.5
2021-05-31 03:00:00+00:00,541.0,278.75
2021-05-31 04:00:00+00:00,446.0,235.25
2021-05-31 05:00:00+00:00,385.5,171.75
2021-05-31 06:00:00+00:00,233.75,121.75
2021-05-31 07:00:00+00:00,147.5,90.75
2021-05-31 08:00:00+00:00,129.75,85.5
2021-05-31 09:00:00+00:00,99.5,92.25
2021-05-31 10:00:00+00:00,82.5,120.0
2021-05-31 11:00:00+00:00,114.25,141.5
2021-05-31 12:00:00+00:00,142.0,158.25
2021-05-31 13:00:00+00:00,306.25,190.25
2021-05-31 14:00:00+00:00,557.75,250.75
2021-05-31 15:00:00+00:00,782.75,272.25
2021-05-31 16:00:00+00:00,897.25,290.75
2021-05-31 17:00:00+00:00,1055.75,292.25
2021-05-31 18:00:00+00:00,1172.25,282.0
2021-05-31 19:00:00+00:00,1310.5,350.0
2021-05-31 20:00:00+00:00,1275.25,444.5
2021-05-31 21:00:00+00:00,1088.75,473.75
2021-05-31 22:00:00+00:00,997.25,513.75
2021-05-31 23:00:00+00:00,976.25,565.0
2021-06-01 00:00:00+00:00,953.5,558.25
2021-06-01 01:00:00+00:00,785.75,509.0
2021-06-01 02:00:00+00:00,593.25,461.0
2021-06-01 03:00:00+00:00,411.5,427.25
2021-06-01 04:00:00+00:00,305.0,373.75
2021-06-01 05:00:00+00:00,193.0,260.25
2021-06-01 06:00:00+00:00,127.25,151.25
2021-06-01 07:00:00+00:00,53.0,125.0
2021-06-01 08:00:00+00:00,41.0,138.0
2021-06-01 09:00:00+00:00,43.0,191.25
2021-06-01 10:00:00+00:00,87.75,228.75
2021-06-01 11:00:00+00:00,202.75,266.5
2021-06-01 12:00:00+00:00,302.5,320.75
2021-06-01 13:00:00+00:00,599.0,380.25
2021-06-01 14:00:00+00:00,820.75,399.25
2021-06-01 15:00:00+00:00,1028.75,453.25
2021-06-01 16:00:00+00:00,963.25,485.5
2021-06-01 17:00:00+00:00,947.0,469.25
2021-06-01 18:00:00+00:00,858.0,438.75
2021-06-01 19:00:00+00:00,901.25,515.25
2021-06-01 20:00:00+00:00,1091.5,685.75
2021-06-01 21:00:00+00:00,1274.0,726.0
2021-06-01 22:00:00+00:00,1354.75,696.0
2021-06-01 23:00:00+00:00,1241.0,659.25
2021-06-02 00:00:00+00:00,1125.75,612.75
2021-06-02 01:00:00+00:00,996.0,527.5
2021-06-02 02:00:00+00:00,763.75,449.0
2021-06-02 03:00:00+00:00,538.75,390.5
2021-06-02 04:00:00+00:00,611.75,335.25
2021-06-02 05:00:00+00:00,581.5,269.75
2021-06-02 06:00:00+00:00,416.75,167.25
2021-06-02 07:00:00+00:00,417.0,123.25
2021-06-02 08:00:00+00:00,385.25,139.25
2021-06-02 09:00:00+00:00,354.0,142.5
2021-06-02 10:00:00+00:00,403.0,148.75
2021-06-02 11:00:00+00:00,478.5,146.0
2021-06-02 12:00:00+00:00,473.25,120.0
2021-06-02 13:00:00+00:00,405.75,112.25
2021-06-02 14:00:00+00:00,490.75,118.5
2021-06-02 15:00:00+00:00,514.75,120.0
2021-06-02 16:00:00+00:00,639.5,155.25
2021-06-02 17:00:00+00:00,649.0,171.0
2021-06-02 18:00:00+00:00,574.5,203.5
2021-06-02 19:00:00+00:00,569.75,292.5
2021-06-02 20:00:00+00:00,403.5,319.75
2021-06-02 21:00:00+00:00,320.25,369.25
2021-06-02 22:00:00+00:00,587.0,424.25
2021-06-02 23:00:00+00:00,459.25,454.0
2021-06-03 00:00:00+00:00,547.0,426.75
2021-06-03 01:00:00+00:00,465.75,425.0
2021-06-03 02:00:00+00:00,408.75,446.0
2021-06-03 03:00:00+00:00,311.5,556.5
2021-06-03 04:00:00+00:00,188.0,507.5
2021-06-03 05:00:00+00:00,292.25,405.25
2021-06-03 06:00:00+00:00,295.75,293.75
2021-06-03 07:00:00+00:00,247.75,223.0
2021-06-03 08:00:00+00:00,268.0,184.5
2021-06-03 09:00:00+00:00,330.25,197.0
2021-06-03 10:00:00+00:00,406.75,236.0
2021-06-03 11:00:00+00:00,494.25,234.5
2021-06-03 12:00:00+00:00,638.25,230.5
2021-06-03 13:00:00+00:00,819.5,286.25
2021-06-03 14:00:00+00:00,743.25,343.75
2021-06-03 15:00:00+00:00,650.5,314.25
2021-06-03 16:00:00+00:00,612.5,254.0
2021-06-03 17:00:00+00:00,465.75,221.5
2021-06-03 18:00:00+00:00,354.5,158.5
2021-06-03 19:00:00+00:00,217.0,145.75
2021-06-03 20:00:00+00:00,173.0,105.25
2021-06-03 21:00:00+00:00,118.25,95.5
2021-06-03 22:00:00+00:00,172.75,87.5
2021-06-03 23:00:00+00:00,270.25,99.5
2021-06-04 00:00:00+00:00,120.75,121.25
2021-06-04 01:00:00+00:00,35.25,144.25
2021-06-04 02:00:00+00:00,9.75,114.25
2021-06-04 03:00:00+00:00,0.75,94.0
2021-06-04 04:00:00+00:00,5.25,94.0
2021-06-04 05:00:00+00:00,1.0,81.75
2021-06-04 06:00:00+00:00,0.0,94.0
2021-06-04 07:00:00+00:00,0.0,83.5
2021-06-04 08:00:00+00:00,0.0,86.25
2021-06-04 09:00:00+00:00,0.0,82.25
2021-06-04 10:00:00+00:00,0.25,94.0
2021-06-04 11:00:00+00:00,11.25,100.0
2021-06-04 12:00:00+00:00,18.0,113.5
2021-06-04 13:00:00+00:00,58.75,148.25
2021-06-04 14:00:00+00:00,136.5,202.25
2021-06-04 15:00:00+00:00,221.75,233.25
2021-06-04 16:00:00+00:00,248.75,284.0
2021-06-04 17:00:00+00:00,239.25,290.5
2021-06-04 18:00:00+00:00,253.75,306.5
2021-06-04 19:00:00+00:00,402.0,306.5
2021-06-04 20:00:00+00:00,500.0,308.25
2021-06-04 21:00:00+00:00,487.5,271.25
2021-06-04 22:00:00+00:00,446.25,255.25
2021-06-04 23:00:00+00:00,308.0,255.75
2021-06-05 00:00:00+00:00,370.25,229.5
2021-06-05 01:00:00+00:00,536.25,238.75
2021-06-05 02:00:00+00:00,556.75,257.5
2021-06-05 03:00:00+00:00,656.75,263.5
2021-06-05 04:00:00+00:00,695.25,287.5
2021-06-05 05:00:00+00:00,690.0,221.25
2021-06-05 06:00:00+00:00,724.25,200.75
2021-06-05 07:00:00+00:00,548.0,178.75
2021-06-05 08:00:00+00:00,493.5,202.25
2021-06-05 09:00:00+00:00,494.75,259.25
2021-06-05 10:00:00+00:00,505.0,298.25
2021-06-05 11:00:00+00:00,534.5,321.75
2021-06-05 12:00:00+00:00,488.5,359.0
2021-06-05 13:00:00+00:00,411.5,386.5
2021-06-05 14:00:00+00:00,294.0,401.25
2021-06-05 15:00:00+00:00,199.0,386.25
2021-06-05 16:00:00+00:00,109.25,331.25
2021-06-05 17:00:00+00:00,84.25,320.5
2021-06-05 18:00:00+00:00,96.0,287.75
2021-06-05 19:00:00+00:00,74.75,326.5
2021-06-05 20:00:00+00:00,90.25,336.5
2021-06-05 21:00:00+00:00,98.25,303.75
2021-06-05 22:00:00+00:00,116.0,252.5
2021-06-05 23:00:00+00:00,109.25,211.5
2021-06-06 00:00:00+00:00,98.0,214.75
2021-06-06 01:00:00+00:00,119.0,235.5
2021-06-06 02:00:00+00:00,89.25,233.5
2021-06-06 03:00:00+00:00,123.75,265.75
2021-06-06 04:00:00+00:00,184.25,258.0
2021-06-06 05:00:00+00:00,195.5,230.25
2021-06-06 06:00:00+00:00,197.75,228.25
2021-06-06 07:00:00+00:00,215.25,237.0
2021-06-06 08:00:00+00:00,214.25,274.0
2021-06-06 09:00:00+00:00,196.5,277.75
2021-06-06 10:00:00+00:00,166.25,276.0
2021-06-06 11:00:00+00:00,156.75,277.0
2021-06-06 12:00:00+00:00,97.75,280.75
2021-06-06 13:00:00+00:00,81.75,286.25
2021-06-06 14:00:00+00:00,106.25,317.0
2021-06-06 15:00:00+00:00,96.25,325.25
2021-06-06 16:00:00+00:00,85.75,325.75
2021-06-06 17:00:00+00:00,85.25,321.25
2021-06-06 18:00:00+00:00,119.0,291.0
2021-06-06 19:00:00+00:00,148.5,285.75
2021-06-06 20:00:00+00:00,159.0,279.75
2021-06-06 21:00:00+00:00,174.25,258.5
2021-06-06 22:00:00+00:00,163.0,243.25
2021-06-06 23:00:00+00:00,157.5,231.75
2021-06-07 00:00:00+00:00,109.75,209.5
2021-06-07 01:00:00+00:00,100.75,181.5
2021-06-07 02:00:00+00:00,86.0,174.5
2021-06-07 03:00:00+00:00,43.5,164.0
2021-06-07 04:00:00+00:00,27.75,152.5
2021-06-07 05:00:00+00:00,18.5,119.25
2021-06-07 06:00:00+00:00,24.0,93.25
2021-06-07 07:00:00+00:00,19.5,101.0
2021-06-07 08:00:00+00:00,15.25,118.75
2021-06-07 09:00:00+00:00,2.25,155.75
2021-06-07 10:00:00+00:00,0.0,182.0
2021-06-07 11:00:00+00:00,0.0,182.75
2021-06-07 12:00:00+00:00,3.5,189.0
2021-06-07 13:00:00+00:00,40.75,216.75
2021-06-07 14:00:00+00:00,107.25,246.75
2021-06-07 15:00:00+00:00,157.0,362.75
2021-06-07 16:00:00+00:00,204.0,428.75
2021-06-07 17:00:00+00:00,219.25,363.75
2021-06-07 18:00:00+00:00,256.0,286.75
2021-06-07 19:00:00+00:00,286.75,248.75
2021-06-07 20:00:00+00:00,287.5,237.75
2021-06-07 21:00:00+00:00,287.75,259.25
2021-06-07 22:00:00+00:00,267.25,250.5
2021-06-07 23:00:00+00:00,183.0,217.25
2021-06-08 00:00:00+00:00,165.0,193.25
2021-06-08 01:00:00+00:00,109.0,191.0
2021-06-08 02:00:00+00:00,24.25,172.25
2021-06-08 03:00:00+00:00,3.5,134.75
2021-06-08 04:00:00+00:00,3.25,100.75
2021-06-08 05:00:00+00:00,10.75,85.5
2021-06-08 06:00:00+00:00,7.5,78.0
2021-06-08 07:00:00+00:00,4.75,79.25
2021-06-08 08:00:00+00:00,0.0,78.25
2021-06-08 09:00:00+00:00,0.0,80.5
2021-06-08 10:00:00+00:00,0.0,84.25
2021-06-08 11:00:00+00:00,0.0,86.5
2021-06-08 12:00:00+00:00,0.25,90.0
2021-06-08 13:00:00+00:00,0.0,96.0
2021-06-08 14:00:00+00:00,0.0,111.5
2021-06-08 15:00:00+00:00,0.0,146.25
2021-06-08 16:00:00+00:00,0.0,145.75
2021-06-08 17:00:00+00:00,0.0,135.5
2021-06-08 18:00:00+00:00,0.0,143.25
2021-06-08 19:00:00+00:00,0.0,150.5
2021-06-08 20:00:00+00:00,0.0,148.5
2021-06-08 21:00:00+00:00,2.0,144.25
2021-06-08 22:00:00+00:00,5.5,146.0
2021-06-08 23:00:00+00:00,6.5,136.25
2021-06-09 00:00:00+00:00,2.0,140.75
2021-06-09 01:00:00+00:00,1.5,142.5
2021-06-09 02:00:00+00:00,0.75,124.0
2021-06-09 03:00:00+00:00,4.75,103.5
2021-06-09 04:00:00+00:00,14.75,96.25
2021-06-09 05:00:00+00:00,60.25,85.0
2021-06-09 06:00:00+00:00,39.5,78.25
2021-06-09 07:00:00+00:00,29.0,80.5
2021-06-09 08:00:00+00:00,47.25,97.5
2021-06-09 09:00:00+00:00,84.75,121.0
2021-06-09 10:00:00+00:00,107.5,144.0
2021-06-09 11:00:00+00:00,108.0,178.75
2021-06-09 12:00:00+00:00,121.75,211.0
2021-06-09 13:00:00+00:00,103.5,207.0
2021-06-09 14:00:00+00:00,128.25,207.0
2021-06-09 15:00:00+00:00,172.75,220.25
2021-06-09 16:00:00+00:00,179.0,194.0
2021-06-09 17:00:00+00:00,129.25,133.0
2021-06-09 18:00:00+00:00,134.0,96.25
2021-06-09 19:00:00+00:00,142.75,79.5
2021-06-09 20:00:00+00:00,261.75,72.25
2021-06-09 21:00:00+00:00,388.0,81.0
2021-06-09 22:00:00+00:00,427.75,96.25
2021-06-09 23:00:00+00:00,314.5,119.5
2021-06-10 00:00:00+00:00,261.75,126.25
2021-06-10 01:00:00+00:00,161.5,110.5
2021-06-10 02:00:00+00:00,146.25,104.0
2021-06-10 03:00:00+00:00,123.25,123.75
2021-06-10 04:00:00+00:00,147.75,164.25
2021-06-10 05:00:00+00:00,143.75,145.75
2021-06-10 06:00:00+00:00,132.75,86.5
2021-06-10 07:00:00+00:00,100.5,82.25
2021-06-10 08:00:00+00:00,29.25,88.25
2021-06-10 09:00:00+00:00,33.25,92.5
2021-06-10 10:00:00+00:00,60.0,85.25
2021-06-10 11:00:00+00:00,52.75,75.25
2021-06-10 12:00:00+00:00,85.5,89.5
2021-06-10 13:00:00+00:00,136.5,87.75
2021-06-10 14:00:00+00:00,173.75,97.25
2021-06-10 15:00:00+00:00,176.0,123.5
2021-06-10 16:00:00+00:00,191.5,172.5
2021-06-10 17:00:00+00:00,208.0,211.25
2021-06-10 18:00:00+00:00,185.5,189.25
2021-06-10 19:00:00+00:00,187.25,156.0
2021-06-10 20:00:00+00:00,165.0,106.75
2021-06-10 21:00:00+00:00,187.5,81.25
2021-06-10 22:00:00+00:00,203.75,79.0
2021-06-10 23:00:00+00:00,175.5,85.0
2021-06-11 00:00:00+00:00,145.75,89.25
2021-06-11 01:00:00+00:00,198.25,102.5
2021-06-11 02:00:00+00:00,371.75,109.0
2021-06-11 03:00:00+00:00,373.5,140.75
2021-06-11 04:00:00+00:00,411.25,166.75
2021-06-11 05:00:00+00:00,402.25,130.5
2021-06-11 06:00:00+00:00,426.0,124.75
2021-06-11 07:00:00+00:00,526.25,135.75
2021-06-11 08:00:00+00:00,531.25,159.25
2021-06-11 09:00:00+00:00,647.5,198.0
2021-06-11 10:00:00+00:00,644.75,261.5
2021-06-11 11:00:00+00:00,639.75,282.0
2021-06-11 12:00:00+00:00,703.25,238.75
2021-06-11 13:00:00+00:00,690.0,274.0
2021-06-11 14:00:00+00:00,681.0,307.75
2021-06-11 15:00:00+00:00,597.25,331.5
2021-06-11 16:00:00+00:00,705.75,371.5
2021-06-11 17:00:00+00:00,720.5,343.75
2021-06-11 18:00:00+00:00,693.0,280.0
2021-06-11 19:00:00+00:00,640.25,281.75
2021-06-11 20:00:00+00:00,533.75,303.0
2021-06-11 21:00:00+00:00,440.75,282.25
2021-06-11 22:00:00+00:00,462.0,281.0
2021-06-11 23:00:00+00:00,431.25,292.5
2021-06-12 00:00:00+00:00,470.0,299.0
2021-06-12 01:00:00+00:00,409.75,335.25
2021-06-12 02:00:00+00:00,376.0,314.75
2021-06-12 03:00:00+00:00,425.75,309.75
2021-06-12 04:00:00+00:00,268.25,319.5
2021-06-12 05:00:00+00:00,289.25,322.0
2021-06-12 06:00:00+00:00,415.75,362.75
2021-06-12 07:00:00+00:00,385.5,422.75
2021-06-12 08:00:00+00:00,442.5,450.5
2021-06-12 09:00:00+00:00,316.75,498.5
2021-06-12 10:00:00+00:00,105.0,520.75
2021-06-12 11:00:00+00:00,75.0,561.0
2021-06-12 12:00:00+00:00,50.75,665.25
2021-06-12 13:00:00+00:00,75.75,765.25
2021-06-12 14:00:00+00:00,77.0,725.25
2021-06-12 15:00:00+00:00,100.75,642.0
2021-06-12 16:00:00+00:00,255.0,534.5
2021-06-12 17:00:00+00:00,456.5,464.25
2021-06-12 18:00:00+00:00,287.75,356.0
2021-06-12 19:00:00+00:00,263.25,285.5
2021-06-12 20:00:00+00:00,239.75,218.75
2021-06-12 21:00:00+00:00,174.75,172.5
2021-06-12 22:00:00+00:00,188.75,148.25
2021-06-12 23:00:00+00:00,183.5,157.25
2021-06-13 00:00:00+00:00,170.0,163.0
2021-06-13 01:00:00+00:00,190.0,179.75
2021-06-13 02:00:00+00:00,166.5,178.25
2021-06-13 03:00:00+00:00,139.75,158.25
2021-06-13 04:00:00+00:00,113.5,114.25
2021-06-13 05:00:00+00:00,89.5,92.0
2021-06-13 06:00:00+00:00,65.75,87.5
2021-06-13 07:00:00+00:00,61.0,92.5
2021-06-13 08:00:00+00:00,75.5,94.75
2021-06-13 09:00:00+00:00,87.0,96.5
2021-06-13 10:00:00+00:00,80.75,93.0
2021-06-13 11:00:00+00:00,113.5,90.25
2021-06-13 12:00:00+00:00,116.25,93.5
2021-06-13 13:00:00+00:00,127.25,90.0
2021-06-13 14:00:00+00:00,160.5,88.0
2021-06-13 15:00:00+00:00,174.5,87.0
2021-06-13 16:00:00+00:00,164.75,84.25
2021-06-13 17:00:00+00:00,134.5,85.0
2021-06-13 18:00:00+00:00,92.75,82.25
2021-06-13 19:00:00+00:00,81.5,83.0
2021-06-13 20:00:00+00:00,63.75,87.0
2021-06-13 21:00:00+00:00,41.25,94.0
2021-06-13 22:00:00+00:00,42.0,105.75
2021-06-13 23:00:00+00:00,64.5,121.75
2021-06-14 00:00:00+00:00,152.75,158.75
2021-06-14 01:00:00+00:00,321.0,241.75
2021-06-14 02:00:00+00:00,233.5,324.5
2021-06-14 03:00:00+00:00,212.75,301.25
2021-06-14 04:00:00+00:00,254.25,259.25
2021-06-14 05:00:00+00:00,425.75,268.75
2021-06-14 06:00:00+00:00,536.5,260.0
2021-06-14 07:00:00+00:00,503.0,246.5
2021-06-14 08:00:00+00:00,619.0,223.25
2021-06-14 09:00:00+00:00,642.25,226.75
2021-06-14 10:00:00+00:00,591.75,198.0
2021-06-14 11:00:00+00:00,566.0,185.25
2021-06-14 12:00:00+00:00,240.25,179.75
2021-06-14 13:00:00+00:00,321.5,176.25
2021-06-14 14:00:00+00:00,285.5,199.75
2021-06-14 15:00:00+00:00,191.75,336.75
2021-06-14 16:00:00+00:00,140.75,392.25
2021-06-14 17:00:00+00:00,196.0,315.75
2021-06-14 18:00:00+00:00,359.75,230.0
2021-06-14 19:00:00+00:00,452.5,247.25
2021-06-14 20:00:00+00:00,349.5,262.5
2021-06-14 21:00:00+00:00,246.5,241.0
2021-06-14 22:00:00+00:00,187.5,216.75
2021-06-14 23:00:00+00:00,152.75,200.25
2021-06-15 00:00:00+00:00,233.0,178.25
2021-06-15 01:00:00+00:00,300.25,158.0
2021-06-15 02:00:00+00:00,237.0,150.25
2021-06-15 03:00:00+00:00,280.5,144.25
2021-06-15 04:00:00+00:00,276.75,121.25
2021-06-15 05:00:00+00:00,183.0,113.75
2021-06-15 06:00:00+00:00,225.0,110.25
2021-06-15 07:00:00+00:00,282.75,95.0
2021-06-15 08:00:00+00:00,272.5,80.5
2021-06-15 09:00:00+00:00,175.0,84.75
2021-06-15 10:00:00+00:00,220.5,96.25
2021-06-15 11:00:00+00:00,250.75,106.75
2021-06-15 12:00:00+00:00,255.0,126.5
2021-06-15 13:00:00+00:00,211.75,136.25
2021-06-15 14:00:00+00:00,239.5,157.75
2021-06-15 15:00:00+00:00,226.75,168.25
2021-06-15 16:00:00+00:00,202.0,190.75
2021-06-15 17:00:00+00:00,242.5,164.25
2021-06-15 18:00:00+00:00,257.0,136.5
2021-06-15 19:00:00+00:00,247.0,144.25
2021-06-15 20:00:00+00:00,239.0,199.75
2021-06-15 21:00:00+00:00,273.25,237.75
2021-06-15 22:00:00+00:00,291.0,279.75
2021-06-15 23:00:00+00:00,316.5,313.25
2021-06-16 00:00:00+00:00,295.75,317.5
2021-06-16 01:00:00+00:00,290.5,337.0
2021-06-16 02:00:00+00:00,355.0,357.25
2021-06-16 03:00:00+00:00,398.75,340.0
2021-06-16 04:00:00+00:00,479.5,339.5
2021-06-16 05:00:00+00:00,559.75,250.25
2021-06-16 06:00:00+00:00,499.75,152.5
2021-06-16 07:00:00+00:00,388.0,116.75
2021-06-16 08:00:00+00:00,319.0,134.5
2021-06-16 09:00:00+00:00,217.0,123.0
2021-06-16 10:00:00+00:00,113.0,105.25
2021-06-16 11:00:00+00:00,66.75,92.75
2021-06-16 12:00:00+00:00,25.0,85.0
2021-06-16 13:00:00+00:00,9.0,83.25
2021-06-16 14:00:00+00:00,14.0,81.25
2021-06-16 15:00:00+00:00,20.75,81.25
2021-06-16 16:00:00+00:00,47.5,85.75
2021-06-16 17:00:00+00:00,79.25,89.75
2021-06-16 18:00:00+00:00,88.25,94.75
2021-06-16 19:00:00+00:00,141.5,123.25
2021-06-16 20:00:00+00:00,205.0,179.0
2021-06-16 21:00:00+00:00,320.25,218.75
2021-06-16 22:00:00+00:00,501.0,305.75
2021-06-16 23:00:00+00:00,843.0,344.0
2021-06-17 00:00:00+00:00,1002.75,301.5
2021-06-17 01:00:00+00:00,568.75,310.5
2021-06-17 02:00:00+00:00,337.0,356.0
2021-06-17 03:00:00+00:00,296.25,456.0
2021-06-17 04:00:00+00:00,475.25,462.0
2021-06-17 05:00:00+00:00,576.5,520.75
2021-06-17 06:00:00+00:00,1400.75,522.0
2021-06-17 07:00:00+00:00,291.75,321.75
2021-06-17 08:00:00+00:00,82.75,347.0
2021-06-17 09:00:00+00:00,353.25,244.25
2021-06-17 10:00:00+00:00,374.75,299.75
2021-06-17 11:00:00+00:00,293.5,410.0
2021-06-17 12:00:00+00:00,424.5,373.75
2021-06-17 13:00:00+00:00,450.5,420.0
2021-06-17 14:00:00+00:00,580.0,610.75
2021-06-17 15:00:00+00:00,560.75,521.0
2021-06-17 16:00:00+00:00,367.25,452.0
2021-06-17 17:00:00+00:00,217.25,346.0
2021-06-17 18:00:00+00:00,111.25,322.0
2021-06-17 19:00:00+00:00,137.0,294.5
2021-06-17 20:00:00+00:00,181.75,264.0
2021-06-17 21:00:00+00:00,139.0,251.0
2021-06-17 22:00:00+00:00,166.0,167.25
2021-06-17 23:00:00+00:00,206.5,146.25
2021-06-18 00:00:00+00:00,183.25,135.5
2021-06-18 01:00:00+00:00,267.0,129.75
2021-06-18 02:00:00+00:00,342.0,144.75
2021-06-18 03:00:00+00:00,307.25,194.75
2021-06-18 04:00:00+00:00,381.0,224.5
2021-06-18 05:00:00+00:00,430.5,195.0
2021-06-18 06:00:00+00:00,383.25,350.5
2021-06-18 07:00:00+00:00,545.75,302.75
2021-06-18 08:00:00+00:00,946.25,284.5
2021-06-18 09:00:00+00:00,873.5,312.75
2021-06-18 10:00:00+00:00,717.75,299.0
2021-06-18 11:00:00+00:00,846.5,314.25
2021-06-18 12:00:00+00:00,850.0,345.0
2021-06-18 13:00:00+00:00,763.75,461.0
2021-06-18 14:00:00+00:00,703.0,534.0
2021-06-18 15:00:00+00:00,726.5,512.0
2021-06-18 16:00:00+00:00,572.5,464.25
2021-06-18 17:00:00+00:00,572.0,463.25
2021-06-18 18:00:00+00:00,511.5,402.25
2021-06-18 19:00:00+00:00,504.25,182.25
2021-06-18 20:00:00+00:00,828.75,228.5
2021-06-18 21:00:00+00:00,721.0,233.25
2021-06-18 22:00:00+00:00,763.5,304.0
2021-06-18 23:00:00+00:00,761.75,425.5
2021-06-19 00:00:00+00:00,646.0,495.75
2021-06-19 01:00:00+00:00,641.75,549.75
2021-06-19 02:00:00+00:00,735.5,610.5
2021-06-19 03:00:00+00:00,552.75,793.75
2021-06-19 04:00:00+00:00,754.25,746.25
2021-06-19 05:00:00+00:00,810.0,768.5
2021-06-19 06:00:00+00:00,774.5,783.5
2021-06-19 07:00:00+00:00,713.25,722.25
2021-06-19 08:00:00+00:00,638.25,665.75
2021-06-19 09:00:00+00:00,448.75,615.75
2021-06-19 10:00:00+00:00,248.5,476.25
2021-06-19 11:00:00+00:00,120.5,326.0
2021-06-19 12:00:00+00:00,85.25,218.25
2021-06-19 13:00:00+00:00,120.5,164.25
2021-06-19 14:00:00+00:00,90.75,170.25
2021-06-19 15:00:00+00:00,195.0,142.0
2021-06-19 16:00:00+00:00,264.25,140.5
2021-06-19 17:00:00+00:00,437.5,173.75
2021-06-19 18:00:00+00:00,434.75,201.5
2021-06-19 19:00:00+00:00,306.5,270.75
2021-06-19 20:00:00+00:00,524.0,367.0
2021-06-19 21:00:00+00:00,398.0,431.25
2021-06-19 22:00:00+00:00,651.0,582.5
2021-06-19 23:00:00+00:00,1293.75,548.25
2021-06-20 00:00:00+00:00,1399.5,582.25
2021-06-20 01:00:00+00:00,1058.75,586.5
2021-06-20 02:00:00+00:00,662.25,459.75
2021-06-20 03:00:00+00:00,812.25,252.5
2021-06-20 04:00:00+00:00,683.5,276.25
2021-06-20 05:00:00+00:00,550.25,310.5
2021-06-20 06:00:00+00:00,270.75,284.5
2021-06-20 07:00:00+00:00,452.5,304.75
2021-06-20 08:00:00+00:00,480.25,348.25
2021-06-20 09:00:00+00:00,537.0,312.25
2021-06-20 10:00:00+00:00,584.5,262.0
2021-06-20 11:00:00+00:00,350.25,215.75
2021-06-20 12:00:00+00:00,244.75,178.5
2021-06-20 13:00:00+00:00,87.75,140.5
2021-06-20 14:00:00+00:00,34.75,122.5
2021-06-20 15:00:00+00:00,85.0,124.75
2021-06-20 16:00:00+00:00,139.75,122.5
2021-06-20 17:00:00+00:00,290.0,122.75
2021-06-20 18:00:00+00:00,417.5,212.0
2021-06-20 19:00:00+00:00,551.5,331.25
2021-06-20 20:00:00+00:00,734.0,415.25
2021-06-20 21:00:00+00:00,1177.5,504.75
2021-06-20 22:00:00+00:00,1483.25,670.5
2021-06-20 23:00:00+00:00,1693.75,757.0
2021-06-21 00:00:00+00:00,1703.25,738.25
2021-06-21 01:00:00+00:00,1748.0,751.25
2021-06-21 02:00:00+00:00,1747.5,724.25
2021-06-21 03:00:00+00:00,1764.25,714.25
2021-06-21 04:00:00+00:00,1790.5,769.75
2021-06-21 05:00:00+00:00,1793.5,818.0
2021-06-21 06:00:00+00:00,1752.75,835.25
2021-06-21 07:00:00+00:00,1886.5,801.75
2021-06-21 08:00:00+00:00,1995.5,761.25
2021-06-21 09:00:00+00:00,1955.25,763.25
2021-06-21 10:00:00+00:00,1814.25,668.5
2021-06-21 11:00:00+00:00,1555.5,627.75
2021-06-21 12:00:00+00:00,1522.75,549.25
2021-06-21 13:00:00+00:00,1617.75,528.25
2021-06-21 14:00:00+00:00,1806.75,618.5
2021-06-21 15:00:00+00:00,1810.0,662.75
2021-06-21 16:00:00+00:00,1833.75,638.0
2021-06-21 17:00:00+00:00,1746.25,662.0
2021-06-21 18:00:00+00:00,1738.5,618.0
2021-06-21 19:00:00+00:00,1687.75,566.0
2021-06-21 20:00:00+00:00,1817.25,442.25
2021-06-21 21:00:00+00:00,1670.25,378.75
2021-06-21 22:00:00+00:00,1497.0,347.0
2021-06-21 23:00:00+00:00,1376.25,354.0
2021-06-22 00:00:00+00:00,1286.5,424.0
2021-06-22 01:00:00+00:00,1281.0,427.75
2021-06-22 02:00:00+00:00,1455.0,435.5
2021-06-22 03:00:00+00:00,1642.75,442.25
2021-06-22 04:00:00+00:00,1716.25,386.75
2021-06-22 05:00:00+00:00,1692.75,386.25
2021-06-22 06:00:00+00:00,1611.75,404.25
2021-06-22 07:00:00+00:00,1511.0,397.5
2021-06-22 08:00:00+00:00,1423.25,367.75
2021-06-22 09:00:00+00:00,1372.0,388.75
2021-06-22 10:00:00+00:00,1282.0,427.5
2021-06-22 11:00:00+00:00,1389.25,489.0
2021-06-22 12:00:00+00:00,1568.0,602.75
2021-06-22 13:00:00+00:00,1533.25,654.5
2021-06-22 14:00:00+00:00,1552.5,639.0
2021-06-22 15:00:00+00:00,1537.0,600.0
2021-06-22 16:00:00+00:00,1553.25,613.75
2021-06-22 17:00:00+00:00,1554.0,624.25
2021-06-22 18:00:00+00:00,1575.0,613.5
2021-06-22 19:00:00+00:00,1489.25,579.25
2021-06-22 20:00:00+00:00,1219.75,488.25
2021-06-22 21:00:00+00:00,1123.0,402.75
2021-06-22 22:00:00+00:00,969.25,332.5
2021-06-22 23:00:00+00:00,806.25,277.75
2021-06-23 00:00:00+00:00,717.0,224.5
2021-06-23 01:00:00+00:00,751.5,214.0
2021-06-23 02:00:00+00:00,525.0,202.75
2021-06-23 03:00:00+00:00,529.5,184.25
2021-06-23 04:00:00+00:00,557.75,185.75
2021-06-23 05:00:00+00:00,517.0,177.0
2021-06-23 06:00:00+00:00,541.5,177.25
2021-06-23 07:00:00+00:00,478.75,175.5
2021-06-23 08:00:00+00:00,438.0,178.25
2021-06-23 09:00:00+00:00,439.25,167.25
2021-06-23 10:00:00+00:00,296.75,157.5
2021-06-23 11:00:00+00:00,237.5,155.5
2021-06-23 12:00:00+00:00,204.25,170.25
2021-06-23 13:00:00+00:00,195.75,188.75
2021-06-23 14:00:00+00:00,162.75,217.75
2021-06-23 15:00:00+00:00,157.5,246.75
2021-06-23 16:00:00+00:00,154.25,235.25
2021-06-23 17:00:00+00:00,147.25,263.25
2021-06-23 18:00:00+00:00,150.5,256.75
2021-06-23 19:00:00+00:00,156.25,233.5
2021-06-23 20:00:00+00:00,176.25,208.5
2021-06-23 21:00:00+00:00,177.25,200.75
2021-06-23 22:00:00+00:00,165.5,205.25
2021-06-23 23:00:00+00:00,152.5,174.5
2021-06-24 00:00:00+00:00,81.25,157.25
2021-06-24 01:00:00+00:00,32.75,134.0
2021-06-24 02:00:00+00:00,28.5,142.5
2021-06-24 03:00:00+00:00,24.0,136.25
2021-06-24 04:00:00+00:00,47.5,121.75
2021-06-24 05:00:00+00:00,89.75,99.5
2021-06-24 06:00:00+00:00,107.0,87.5
2021-06-24 07:00:00+00:00,102.75,87.25
2021-06-24 08:00:00+00:00,69.25,97.25
2021-06-24 09:00:00+00:00,25.5,99.0
2021-06-24 10:00:00+00:00,11.75,95.25
2021-06-24 11:00:00+00:00,2.0,102.0
2021-06-24 12:00:00+00:00,1.0,108.75
2021-06-24 13:00:00+00:00,1.0,106.25
2021-06-24 14:00:00+00:00,1.0,101.5
2021-06-24 15:00:00+00:00,1.0,101.75
2021-06-24 16:00:00+00:00,1.0,108.25
2021-06-24 17:00:00+00:00,2.25,110.0
2021-06-24 18:00:00+00:00,22.5,101.75
2021-06-24 19:00:00+00:00,88.25,97.25
2021-06-24 20:00:00+00:00,30.25,92.25
2021-06-24 21:00:00+00:00,55.5,89.75
2021-06-24 22:00:00+00:00,146.0,88.25
2021-06-24 23:00:00+00:00,232.75,90.5
2021-06-25 00:00:00+00:00,282.5,111.0
2021-06-25 01:00:00+00:00,270.5,146.25
2021-06-25 02:00:00+00:00,346.5,166.75
2021-06-25 03:00:00+00:00,443.0,170.25
2021-06-25 04:00:00+00:00,455.0,178.25
2021-06-25 05:00:00+00:00,561.25,177.25
2021-06-25 06:00:00+00:00,471.75,186.75
2021-06-25 07:00:00+00:00,572.0,216.5
2021-06-25 08:00:00+00:00,683.0,241.25
2021-06-25 09:00:00+00:00,751.25,302.25
2021-06-25 10:00:00+00:00,818.25,312.75
2021-06-25 11:00:00+00:00,798.0,319.75
2021-06-25 12:00:00+00:00,806.0,314.0
2021-06-25 13:00:00+00:00,696.75,414.0
2021-06-25 14:00:00+00:00,588.0,347.5
2021-06-25 15:00:00+00:00,516.0,214.0
2021-06-25 16:00:00+00:00,471.0,212.0
2021-06-25 17:00:00+00:00,338.75,197.25
2021-06-25 18:00:00+00:00,172.0,194.25
2021-06-25 19:00:00+00:00,126.0,155.0
2021-06-25 20:00:00+00:00,90.5,140.25
2021-06-25 21:00:00+00:00,113.75,104.75
2021-06-25 22:00:00+00:00,103.25,90.75
2021-06-25 23:00:00+00:00,63.5,84.5
2021-06-26 00:00:00+00:00,50.5,87.25
2021-06-26 01:00:00+00:00,30.25,89.0
2021-06-26 02:00:00+00:00,5.25,88.25
2021-06-26 03:00:00+00:00,2.0,85.75
2021-06-26 04:00:00+00:00,2.0,90.25
2021-06-26 05:00:00+00:00,2.0,88.0
2021-06-26 06:00:00+00:00,2.0,84.0
2021-06-26 07:00:00+00:00,2.0,82.0
2021-06-26 08:00:00+00:00,2.0,82.25
2021-06-26 09:00:00+00:00,2.0,82.0
2021-06-26 10:00:00+00:00,4.5,81.75
2021-06-26 11:00:00+00:00,20.75,86.5
2021-06-26 12:00:00+00:00,40.75,99.75
2021-06-26 13:00:00+00:00,63.0,138.0
2021-06-26 14:00:00+00:00,101.75,182.25
2021-06-26 15:00:00+00:00,144.5,228.75
2021-06-26 16:00:00+00:00,244.25,234.5
2021-06-26 17:00:00+00:00,231.0,228.0
2021-06-26 18:00:00+00:00,256.25,258.5
2021-06-26 19:00:00+00:00,338.5,309.5
2021-06-26 20:00:00+00:00,230.25,399.5
2021-06-26 21:00:00+00:00,211.0,484.25
2021-06-26 22:00:00+00:00,222.5,479.5
2021-06-26 23:00:00+00:00,242.75,482.75
2021-06-27 00:00:00+00:00,287.25,514.5
2021-06-27 01:00:00+00:00,348.5,488.5
2021-06-27 02:00:00+00:00,389.0,487.25
2021-06-27 03:00:00+00:00,496.0,471.0
2021-06-27 04:00:00+00:00,670.0,413.5
2021-06-27 05:00:00+00:00,563.25,310.75
2021-06-27 06:00:00+00:00,445.0,259.25
2021-06-27 07:00:00+00:00,426.0,245.75
2021-06-27 08:00:00+00:00,454.5,239.5
2021-06-27 09:00:00+00:00,509.75,277.25
2021-06-27 10:00:00+00:00,670.5,333.5
2021-06-27 11:00:00+00:00,830.75,395.5
2021-06-27 12:00:00+00:00,1032.5,446.75
2021-06-27 13:00:00+00:00,1210.25,459.75
2021-06-27 14:00:00+00:00,1471.75,543.75
2021-06-27 15:00:00+00:00,1212.75,572.5
2021-06-27 16:00:00+00:00,463.25,553.0
2021-06-27 17:00:00+00:00,786.5,513.5
2021-06-27 18:00:00+00:00,481.0,545.75
2021-06-27 19:00:00+00:00,272.75,465.75
2021-06-27 20:00:00+00:00,209.25,337.0
2021-06-27 21:00:00+00:00,634.5,258.5
2021-06-27 22:00:00+00:00,532.75,319.25
2021-06-27 23:00:00+00:00,571.25,366.5
2021-06-28 00:00:00+00:00,452.0,370.5
2021-06-28 01:00:00+00:00,397.5,397.25
2021-06-28 02:00:00+00:00,327.75,364.5
2021-06-28 03:00:00+00:00,303.75,289.0
2021-06-28 04:00:00+00:00,264.25,246.5
2021-06-28 05:00:00+00:00,217.0,166.5
2021-06-28 06:00:00+00:00,142.25,106.0
2021-06-28 07:00:00+00:00,188.5,82.5
2021-06-28 08:00:00+00:00,188.75,78.25
2021-06-28 09:00:00+00:00,197.0,76.5
2021-06-28 10:00:00+00:00,173.5,80.25
2021-06-28 11:00:00+00:00,197.0,87.25
2021-06-28 12:00:00+00:00,272.5,104.5
2021-06-28 13:00:00+00:00,265.25,113.5
2021-06-28 14:00:00+00:00,309.75,118.5
2021-06-28 15:00:00+00:00,275.75,128.75
2021-06-28 16:00:00+00:00,284.0,139.0
2021-06-28 17:00:00+00:00,237.0,147.25
2021-06-28 18:00:00+00:00,277.25,162.5
2021-06-28 19:00:00+00:00,308.5,151.0
2021-06-28 20:00:00+00:00,354.75,140.25
2021-06-28 21:00:00+00:00,363.75,128.0
2021-06-28 22:00:00+00:00,302.25,111.75
2021-06-28 23:00:00+00:00,396.75,129.75
2021-06-29 00:00:00+00:00,492.0,141.75
2021-06-29 01:00:00+00:00,622.25,146.75
2021-06-29 02:00:00+00:00,603.75,133.0
2021-06-29 03:00:00+00:00,560.75,128.5
2021-06-29 04:00:00+00:00,495.0,141.25
2021-06-29 05:00:00+00:00,434.5,142.0
2021-06-29 06:00:00+00:00,346.0,138.75
2021-06-29 07:00:00+00:00,394.5,119.75
2021-06-29 08:00:00+00:00,574.75,113.25
2021-06-29 09:00:00+00:00,729.0,128.25
2021-06-29 10:00:00+00:00,754.0,205.5
2021-06-29 11:00:00+00:00,862.25,240.5
2021-06-29 12:00:00+00:00,1119.25,280.5
2021-06-29 13:00:00+00:00,1186.25,407.0
2021-06-29 14:00:00+00:00,1004.0,527.75
2021-06-29 15:00:00+00:00,1007.25,523.0
2021-06-29 16:00:00+00:00,882.0,553.25
2021-06-29 17:00:00+00:00,1013.0,560.25
2021-06-29 18:00:00+00:00,1057.0,552.5
2021-06-29 19:00:00+00:00,1249.75,577.5
2021-06-29 20:00:00+00:00,1335.0,627.75
2021-06-29 21:00:00+00:00,1121.0,585.25
2021-06-29 22:00:00+00:00,963.25,566.0
2021-06-29 23:00:00+00:00,1019.25,523.5
2021-06-30 00:00:00+00:00,999.5,490.75
2021-06-30 01:00:00+00:00,1046.25,444.25
2021-06-30 02:00:00+00:00,966.0,426.25
2021-06-30 03:00:00+00:00,912.25,440.25
2021-06-30 04:00:00+00:00,954.75,339.0
2021-06-30 05:00:00+00:00,693.25,290.25
2021-06-30 06:00:00+00:00,483.25,235.25
2021-06-30 07:00:00+00:00,424.75,201.5
2021-06-30 08:00:00+00:00,474.0,187.5
2021-06-30 09:00:00+00:00,484.5,211.0
2021-06-30 10:00:00+00:00,456.5,255.25
2021-06-30 11:00:00+00:00,579.0,255.5
2021-06-30 12:00:00+00:00,687.75,278.5
2021-06-30 13:00:00+00:00,628.0,321.75
2021-06-30 14:00:00+00:00,603.0,260.5
2021-06-30 15:00:00+00:00,642.25,260.25
2021-06-30 16:00:00+00:00,663.25,305.5
2021-06-30 17:00:00+00:00,723.0,373.5
2021-06-30 18:00:00+00:00,697.5,388.75
2021-06-30 19:00:00+00:00,586.25,369.75
2021-06-30 20:00:00+00:00,532.5,367.5
2021-06-30 21:00:00+00:00,437.5,376.25
2021-06-30 22:00:00+00:00,461.5,323.5
2021-06-30 23:00:00+00:00,536.0,294.75
2021-07-01 00:00:00+00:00,576.25,349.5
2021-07-01 01:00:00+00:00,601.5,417.75
2021-07-01 02:00:00+00:00,660.5,454.0
2021-07-01 03:00:00+00:00,601.5,487.5
2021-07-01 04:00:00+00:00,543.75,535.25
2021-07-01 05:00:00+00:00,474.5,482.0
2021-07-01 06:00:00+00:00,410.75,498.75
2021-07-01 07:00:00+00:00,473.25,457.25
2021-07-01 08:00:00+00:00,434.5,460.75
2021-07-01 09:00:00+00:00,342.25,445.5
2021-07-01 10:00:00+00:00,324.25,403.0
2021-07-01 11:00:00+00:00,335.75,423.75
2021-07-01 12:00:00+00:00,338.5,400.5
2021-07-01 13:00:00+00:00,257.75,441.75
2021-07-01 14:00:00+00:00,247.25,469.0
2021-07-01 15:00:00+00:00,234.25,473.0
2021-07-01 16:00:00+00:00,186.75,441.0
2021-07-01 17:00:00+00:00,174.5,379.25
2021-07-01 18:00:00+00:00,153.75,330.25
2021-07-01 19:00:00+00:00,145.0,269.5
2021-07-01 20:00:00+00:00,122.0,242.0
2021-07-01 21:00:00+00:00,131.75,212.75
2021-07-01 22:00:00+00:00,130.25,188.5
2021-07-01 23:00:00+00:00,100.75,171.0
2021-07-02 00:00:00+00:00,57.5,170.25
2021-07-02 01:00:00+00:00,58.5,168.75
2021-07-02 02:00:00+00:00,63.25,175.75
2021-07-02 03:00:00+00:00,86.5,171.5
2021-07-02 04:00:00+00:00,38.0,168.0
2021-07-02 05:00:00+00:00,17.25,138.25
2021-07-02 06:00:00+00:00,19.75,116.25
2021-07-02 07:00:00+00:00,8.25,112.5
2021-07-02 08:00:00+00:00,4.5,108.25
2021-07-02 09:00:00+00:00,1.5,101.5
2021-07-02 10:00:00+00:00,1.5,88.75
2021-07-02 11:00:00+00:00,1.0,100.5
2021-07-02 12:00:00+00:00,1.0,105.0
2021-07-02 13:00:00+00:00,1.0,104.25
2021-07-02 14:00:00+00:00,6.5,105.75
2021-07-02 15:00:00+00:00,15.0,115.0
2021-07-02 16:00:00+00:00,3.0,117.25
2021-07-02 17:00:00+00:00,1.0,103.75
2021-07-02 18:00:00+00:00,1.25,82.25
2021-07-02 19:00:00+00:00,13.75,82.25
2021-07-02 20:00:00+00:00,77.5,86.25
2021-07-02 21:00:00+00:00,106.5,99.25
2021-07-02 22:00:00+00:00,107.25,122.25
2021-07-02 23:00:00+00:00,151.75,136.25
2021-07-03 00:00:00+00:00,257.0,150.25
2021-07-03 01:00:00+00:00,351.5,169.75
2021-07-03 02:00:00+00:00,401.25,174.0
2021-07-03 03:00:00+00:00,319.75,170.0
2021-07-03 04:00:00+00:00,239.75,182.25
2021-07-03 05:00:00+00:00,196.5,188.25
2021-07-03 06:00:00+00:00,320.0,155.0
2021-07-03 07:00:00+00:00,339.75,135.75
2021-07-03 08:00:00+00:00,330.75,145.75
2021-07-03 09:00:00+00:00,242.5,172.0
2021-07-03 10:00:00+00:00,130.25,177.25
2021-07-03 11:00:00+00:00,207.25,162.0
2021-07-03 12:00:00+00:00,250.0,149.5
2021-07-03 13:00:00+00:00,259.75,135.25
2021-07-03 14:00:00+00:00,393.0,141.0
2021-07-03 15:00:00+00:00,333.5,139.75
2021-07-03 16:00:00+00:00,271.75,144.25
2021-07-03 17:00:00+00:00,177.5,156.25
2021-07-03 18:00:00+00:00,226.0,158.5
2021-07-03 19:00:00+00:00,309.5,193.75
2021-07-03 20:00:00+00:00,277.25,103.25
2021-07-03 21:00:00+00:00,328.75,99.75
2021-07-03 22:00:00+00:00,331.0,90.75
2021-07-03 23:00:00+00:00,323.5,96.25
2021-07-04 00:00:00+00:00,319.0,92.0
2021-07-04 01:00:00+00:00,307.5,90.75
2021-07-04 02:00:00+00:00,226.25,99.0
2021-07-04 03:00:00+00:00,243.75,96.75
2021-07-04 04:00:00+00:00,173.75,109.25
2021-07-04 05:00:00+00:00,104.5,96.5
2021-07-04 06:00:00+00:00,100.5,87.25
2021-07-04 07:00:00+00:00,56.75,83.75
2021-07-04 08:00:00+00:00,44.0,86.0
2021-07-04 09:00:00+00:00,35.75,87.75
2021-07-04 10:00:00+00:00,39.0,95.25
2021-07-04 11:00:00+00:00,9.0,114.0
2021-07-04 12:00:00+00:00,10.5,115.75
2021-07-04 13:00:00+00:00,56.25,95.5
2021-07-04 14:00:00+00:00,8.75,118.0
2021-07-04 15:00:00+00:00,9.25,115.5
2021-07-04 16:00:00+00:00,33.75,112.5
2021-07-04 17:00:00+00:00,78.25,96.0
2021-07-04 18:00:00+00:00,189.25,119.75
2021-07-04 19:00:00+00:00,272.5,116.25
2021-07-04 20:00:00+00:00,505.25,135.5
2021-07-04 21:00:00+00:00,701.25,136.0
2021-07-04 22:00:00+00:00,750.25,167.5
2021-07-04 23:00:00+00:00,769.75,168.75
2021-07-05 00:00:00+00:00,787.25,199.0
2021-07-05 01:00:00+00:00,916.0,270.25
2021-07-05 02:00:00+00:00,1048.25,341.75
2021-07-05 03:00:00+00:00,1001.0,358.5
2021-07-05 04:00:00+00:00,917.0,390.0
2021-07-05 05:00:00+00:00,801.0,346.25
2021-07-05 06:00:00+00:00,718.0,282.75
2021-07-05 07:00:00+00:00,823.5,342.25
2021-07-05 08:00:00+00:00,564.0,305.5
2021-07-05 09:00:00+00:00,477.75,269.25
2021-07-05 10:00:00+00:00,267.25,189.75
2021-07-05 11:00:00+00:00,260.75,186.5
2021-07-05 12:00:00+00:00,205.75,178.0
2021-07-05 13:00:00+00:00,175.5,171.5
2021-07-05 14:00:00+00:00,125.75,139.25
2021-07-05 15:00:00+00:00,120.5,144.5
2021-07-05 16:00:00+00:00,77.75,118.25
2021-07-05 17:00:00+00:00,51.75,98.0
2021-07-05 18:00:00+00:00,24.0,93.0
2021-07-05 19:00:00+00:00,54.25,127.5
2021-07-05 20:00:00+00:00,301.0,174.25
2021-07-05 21:00:00+00:00,425.0,274.0
2021-07-05 22:00:00+00:00,853.75,362.75
2021-07-05 23:00:00+00:00,1079.5,431.5
2021-07-06 00:00:00+00:00,1606.25,416.25
2021-07-06 01:00:00+00:00,1603.25,544.5
2021-07-06 02:00:00+00:00,1701.5,653.75
2021-07-06 03:00:00+00:00,2027.5,722.0
2021-07-06 04:00:00+00:00,1812.0,931.75
2021-07-06 05:00:00+00:00,1658.5,1036.25
2021-07-06 06:00:00+00:00,1961.0,930.5
2021-07-06 07:00:00+00:00,1989.75,1033.25
2021-07-06 08:00:00+00:00,1978.0,1009.25
2021-07-06 09:00:00+00:00,1937.75,1182.75
2021-07-06 10:00:00+00:00,1779.0,1357.25
2021-07-06 11:00:00+00:00,1638.75,1403.75
2021-07-06 12:00:00+00:00,1596.0,1374.0
2021-07-06 13:00:00+00:00,1746.0,1399.5
2021-07-06 14:00:00+00:00,2033.0,1398.5
2021-07-06 15:00:00+00:00,2036.5,1327.0
2021-07-06 16:00:00+00:00,2037.5,1287.0
2021-07-06 17:00:00+00:00,2032.75,1232.25
2021-07-06 18:00:00+00:00,2039.5,1176.25
2021-07-06 19:00:00+00:00,2040.5,1099.25
2021-07-06 20:00:00+00:00,2026.75,966.75
2021-07-06 21:00:00+00:00,1876.25,877.0
2021-07-06 22:00:00+00:00,1700.0,795.25
2021-07-06 23:00:00+00:00,1492.25,699.75
2021-07-07 00:00:00+00:00,1362.0,577.75
2021-07-07 01:00:00+00:00,1214.75,578.0
2021-07-07 02:00:00+00:00,1372.25,565.5
2021-07-07 03:00:00+00:00,1440.5,538.0
2021-07-07 04:00:00+00:00,1357.25,445.5
2021-07-07 05:00:00+00:00,1109.25,423.0
2021-07-07 06:00:00+00:00,1051.25,435.0
2021-07-07 07:00:00+00:00,1150.5,422.25
2021-07-07 08:00:00+00:00,1221.25,428.25
2021-07-07 09:00:00+00:00,926.75,417.5
2021-07-07 10:00:00+00:00,840.0,469.0
2021-07-07 11:00:00+00:00,788.0,494.75
2021-07-07 12:00:00+00:00,786.25,383.75
2021-07-07 13:00:00+00:00,720.75,302.25
2021-07-07 14:00:00+00:00,636.0,246.0
2021-07-07 15:00:00+00:00,484.0,191.75
2021-07-07 16:00:00+00:00,576.75,140.75
2021-07-07 17:00:00+00:00,598.5,97.75
2021-07-07 18:00:00+00:00,610.25,71.25
2021-07-07 19:00:00+00:00,474.5,55.0
2021-07-07 20:00:00+00:00,358.5,57.0
2021-07-07 21:00:00+00:00,407.75,55.0
2021-07-07 22:00:00+00:00,442.25,57.5
2021-07-07 23:00:00+00:00,462.25,57.25
2021-07-08 00:00:00+00:00,392.25,60.0
2021-07-08 01:00:00+00:00,366.0,66.25
2021-07-08 02:00:00+00:00,368.75,78.75
2021-07-08 03:00:00+00:00,393.5,72.0
2021-07-08 04:00:00+00:00,347.25,64.25
2021-07-08 05:00:00+00:00,267.75,73.25
2021-07-08 06:00:00+00:00,274.25,63.0
2021-07-08 07:00:00+00:00,298.25,64.5
2021-07-08 08:00:00+00:00,267.25,68.0
2021-07-08 09:00:00+00:00,395.5,60.25
2021-07-08 10:00:00+00:00,252.0,49.75
2021-07-08 11:00:00+00:00,244.5,62.75
2021-07-08 12:00:00+00:00,254.75,74.0
2021-07-08 13:00:00+00:00,214.75,117.0
2021-07-08 14:00:00+00:00,184.5,132.5
2021-07-08 15:00:00+00:00,158.25,145.5
2021-07-08 16:00:00+00:00,130.5,126.75
2021-07-08 17:00:00+00:00,80.5,82.25
2021-07-08 18:00:00+00:00,95.75,63.75
2021-07-08 19:00:00+00:00,111.75,59.5
2021-07-08 20:00:00+00:00,118.25,49.75
2021-07-08 21:00:00+00:00,221.0,44.5
2021-07-08 22:00:00+00:00,268.0,47.75
2021-07-08 23:00:00+00:00,217.5,54.75
2021-07-09 00:00:00+00:00,189.5,86.0
2021-07-09 01:00:00+00:00,179.5,127.25
2021-07-09 02:00:00+00:00,174.0,116.75
2021-07-09 03:00:00+00:00,97.5,106.75
2021-07-09 04:00:00+00:00,34.75,92.5
2021-07-09 05:00:00+00:00,10.75,92.0
2021-07-09 06:00:00+00:00,18.25,94.0
2021-07-09 07:00:00+00:00,59.5,106.0
2021-07-09 08:00:00+00:00,84.75,115.5
2021-07-09 09:00:00+00:00,109.0,122.0
2021-07-09 10:00:00+00:00,98.5,121.5
2021-07-09 11:00:00+00:00,142.25,107.0
2021-07-09 12:00:00+00:00,104.75,109.5
2021-07-09 13:00:00+00:00,76.0,125.0
2021-07-09 14:00:00+00:00,40.0,143.5
2021-07-09 15:00:00+00:00,52.0,142.25
2021-07-09 16:00:00+00:00,51.75,143.0
2021-07-09 17:00:00+00:00,38.5,142.25
2021-07-09 18:00:00+00:00,3.75,132.0
2021-07-09 19:00:00+00:00,1.5,122.75
2021-07-09 20:00:00+00:00,1.0,92.25
2021-07-09 21:00:00+00:00,1.75,88.5
2021-07-09 22:00:00+00:00,5.0,86.0
2021-07-09 23:00:00+00:00,76.25,85.75
2021-07-10 00:00:00+00:00,118.25,86.25
2021-07-10 01:00:00+00:00,67.25,79.25
2021-07-10 02:00:00+00:00,45.75,79.25
2021-07-10 03:00:00+00:00,22.0,80.75
2021-07-10 04:00:00+00:00,14.75,80.25
2021-07-10 05:00:00+00:00,3.5,83.0
2021-07-10 06:00:00+00:00,3.5,82.25
2021-07-10 07:00:00+00:00,2.5,82.75
2021-07-10 08:00:00+00:00,1.25,84.25
2021-07-10 09:00:00+00:00,1.0,80.5
2021-07-10 10:00:00+00:00,1.0,80.75
2021-07-10 11:00:00+00:00,1.0,81.5
2021-07-10 12:00:00+00:00,1.0,84.0
2021-07-10 13:00:00+00:00,1.25,83.5
2021-07-10 14:00:00+00:00,2.5,91.0
2021-07-10 15:00:00+00:00,2.25,91.5
2021-07-10 16:00:00+00:00,8.25,94.75
2021-07-10 17:00:00+00:00,7.25,100.75
2021-07-10 18:00:00+00:00,1.5,110.25
2021-07-10 19:00:00+00:00,4.0,127.5
2021-07-10 20:00:00+00:00,5.5,177.25
2021-07-10 21:00:00+00:00,3.5,223.25
2021-07-10 22:00:00+00:00,2.75,229.75
2021-07-10 23:00:00+00:00,1.75,223.75
2021-07-11 00:00:00+00:00,3.5,227.0
2021-07-11 01:00:00+00:00,4.0,217.25
2021-07-11 02:00:00+00:00,5.5,217.0
2021-07-11 03:00:00+00:00,7.25,194.75
2021-07-11 04:00:00+00:00,36.5,180.75
2021-07-11 05:00:00+00:00,12.25,207.25
2021-07-11 06:00:00+00:00,18.25,126.25
2021-07-11 07:00:00+00:00,8.75,96.25
2021-07-11 08:00:00+00:00,10.75,96.25
2021-07-11 09:00:00+00:00,22.0,99.0
2021-07-11 10:00:00+00:00,46.5,116.25
2021-07-11 11:00:00+00:00,79.25,123.75
2021-07-11 12:00:00+00:00,100.25,136.75
2021-07-11 13:00:00+00:00,159.0,144.25
2021-07-11 14:00:00+00:00,189.0,138.5
2021-07-11 15:00:00+00:00,136.5,135.25
2021-07-11 16:00:00+00:00,150.0,132.25
2021-07-11 17:00:00+00:00,175.5,196.0
2021-07-11 18:00:00+00:00,155.75,155.25
2021-07-11 19:00:00+00:00,162.5,107.75
2021-07-11 20:00:00+00:00,137.75,93.0
2021-07-11 21:00:00+00:00,125.5,95.5
2021-07-11 22:00:00+00:00,73.0,94.5
2021-07-11 23:00:00+00:00,34.0,96.0
2021-07-12 00:00:00+00:00,151.0,102.0
2021-07-12 01:00:00+00:00,223.25,105.5
2021-07-12 02:00:00+00:00,168.75,100.0
2021-07-12 03:00:00+00:00,161.25,113.75
2021-07-12 04:00:00+00:00,77.25,124.25
2021-07-12 05:00:00+00:00,42.75,120.0
2021-07-12 06:00:00+00:00,48.75,93.5
2021-07-12 07:00:00+00:00,87.0,84.25
2021-07-12 08:00:00+00:00,83.5,80.0
2021-07-12 09:00:00+00:00,87.75,79.0
2021-07-12 10:00:00+00:00,68.0,82.0
2021-07-12 11:00:00+00:00,91.25,99.0
2021-07-12 12:00:00+00:00,96.75,114.0
2021-07-12 13:00:00+00:00,108.75,142.25
2021-07-12 14:00:00+00:00,70.0,170.0
2021-07-12 15:00:00+00:00,80.25,170.0
2021-07-12 16:00:00+00:00,61.75,149.0
2021-07-12 17:00:00+00:00,57.75,163.25
2021-07-12 18:00:00+00:00,90.25,145.0
2021-07-12 19:00:00+00:00,137.5,171.25
2021-07-12 20:00:00+00:00,75.25,177.0
2021-07-12 21:00:00+00:00,109.75,135.75
2021-07-12 22:00:00+00:00,153.25,107.5
2021-07-12 23:00:00+00:00,218.25,105.25
2021-07-13 00:00:00+00:00,246.25,133.75
2021-07-13 01:00:00+00:00,278.0,158.5
2021-07-13 02:00:00+00:00,375.75,188.25
2021-07-13 03:00:00+00:00,436.0,210.0
2021-07-13 04:00:00+00:00,373.25,193.5
2021-07-13 05:00:00+00:00,403.75,159.5
2021-07-13 06:00:00+00:00,435.75,186.75
2021-07-13 07:00:00+00:00,444.0,222.0
2021-07-13 08:00:00+00:00,677.5,266.75
2021-07-13 09:00:00+00:00,852.5,290.25
2021-07-13 10:00:00+00:00,1068.25,322.75
2021-07-13 11:00:00+00:00,1115.25,365.5
2021-07-13 12:00:00+00:00,1042.25,405.5
2021-07-13 13:00:00+00:00,902.0,451.0
2021-07-13 14:00:00+00:00,923.25,489.5
2021-07-13 15:00:00+00:00,1223.0,519.0
2021-07-13 16:00:00+00:00,1355.25,558.0
2021-07-13 17:00:00+00:00,1272.75,572.5
2021-07-13 18:00:00+00:00,1408.75,538.25
2021-07-13 19:00:00+00:00,1312.25,521.75
2021-07-13 20:00:00+00:00,1292.75,483.5
2021-07-13 21:00:00+00:00,1436.25,596.25
2021-07-13 22:00:00+00:00,1265.25,628.75
2021-07-13 23:00:00+00:00,1319.25,580.25
2021-07-14 00:00:00+00:00,1160.5,495.0
2021-07-14 01:00:00+00:00,1176.25,551.5
2021-07-14 02:00:00+00:00,1066.75,545.75
2021-07-14 03:00:00+00:00,1092.0,530.75
2021-07-14 04:00:00+00:00,1055.25,537.25
2021-07-14 05:00:00+00:00,976.0,548.0
2021-07-14 06:00:00+00:00,1084.25,533.25
2021-07-14 07:00:00+00:00,1199.25,606.5
2021-07-14 08:00:00+00:00,1230.75,651.25
2021-07-14 09:00:00+00:00,1150.25,755.5
2021-07-14 10:00:00+00:00,1207.5,768.5
2021-07-14 11:00:00+00:00,1176.5,720.25
2021-07-14 12:00:00+00:00,1393.75,716.75
2021-07-14 13:00:00+00:00,1655.0,783.5
2021-07-14 14:00:00+00:00,1699.5,904.0
2021-07-14 15:00:00+00:00,1769.5,987.5
2021-07-14 16:00:00+00:00,1922.25,1037.0
2021-07-14 17:00:00+00:00,1965.0,1162.75
2021-07-14 18:00:00+00:00,2000.0,1253.25
2021-07-14 19:00:00+00:00,2104.5,1254.75
2021-07-14 20:00:00+00:00,2078.0,1157.5
2021-07-14 21:00:00+00:00,2089.0,1174.0
2021-07-14 22:00:00+00:00,2114.25,1158.25
2021-07-14 23:00:00+00:00,2100.25,1098.5
2021-07-15 00:00:00+00:00,2084.5,1189.25
2021-07-15 01:00:00+00:00,2025.0,1119.75
2021-07-15 02:00:00+00:00,2029.75,1218.25
2021-07-15 03:00:00+00:00,1954.0,1242.0
2021-07-15 04:00:00+00:00,2075.75,1204.0
2021-07-15 05:00:00+00:00,2085.5,1187.25
2021-07-15 06:00:00+00:00,2011.25,1192.0
2021-07-15 07:00:00+00:00,1966.75,1229.0
2021-07-15 08:00:00+00:00,1927.75,1214.5
2021-07-15 09:00:00+00:00,1989.0,1136.0
2021-07-15 10:00:00+00:00,1960.25,1134.25
2021-07-15 11:00:00+00:00,1995.25,1088.5
2021-07-15 12:00:00+00:00,1901.0,1039.5
2021-07-15 13:00:00+00:00,1786.25,1009.75
2021-07-15 14:00:00+00:00,1716.5,1011.5
2021-07-15 15:00:00+00:00,1722.25,1040.25
2021-07-15 16:00:00+00:00,1915.25,1092.25
2021-07-15 17:00:00+00:00,1988.5,1099.25
2021-07-15 18:00:00+00:00,1950.25,1101.5
2021-07-15 19:00:00+00:00,2012.25,1067.5
2021-07-15 20:00:00+00:00,1910.75,939.25
2021-07-15 21:00:00+00:00,1744.0,815.0
2021-07-15 22:00:00+00:00,1663.25,676.75
2021-07-15 23:00:00+00:00,1527.75,652.0
2021-07-16 00:00:00+00:00,1247.5,591.75
2021-07-16 01:00:00+00:00,1233.75,512.75
2021-07-16 02:00:00+00:00,1172.0,486.5
2021-07-16 03:00:00+00:00,1127.75,456.75
2021-07-16 04:00:00+00:00,1060.5,431.5
2021-07-16 05:00:00+00:00,954.25,428.75
2021-07-16 06:00:00+00:00,929.75,380.25
2021-07-16 07:00:00+00:00,948.5,425.25
2021-07-16 08:00:00+00:00,931.5,424.25
2021-07-16 09:00:00+00:00,925.75,415.75
2021-07-16 10:00:00+00:00,804.25,394.25
2021-07-16 11:00:00+00:00,656.75,386.0
2021-07-16 12:00:00+00:00,635.5,427.75
2021-07-16 13:00:00+00:00,757.5,457.25
2021-07-16 14:00:00+00:00,781.0,445.0
2021-07-16 15:00:00+00:00,745.0,441.25
2021-07-16 16:00:00+00:00,848.5,459.5
2021-07-16 17:00:00+00:00,1061.5,491.25
2021-07-16 18:00:00+00:00,1143.5,493.0
2021-07-16 19:00:00+00:00,977.0,421.75
2021-07-16 20:00:00+00:00,881.0,366.25
2021-07-16 21:00:00+00:00,807.5,332.25
2021-07-16 22:00:00+00:00,710.0,318.0
2021-07-16 23:00:00+00:00,797.75,305.75
2021-07-17 00:00:00+00:00,708.25,304.75
2021-07-17 01:00:00+00:00,636.5,324.75
2021-07-17 02:00:00+00:00,698.5,346.75
2021-07-17 03:00:00+00:00,702.5,370.5
2021-07-17 04:00:00+00:00,635.25,391.75
2021-07-17 05:00:00+00:00,537.25,334.75
2021-07-17 06:00:00+00:00,392.25,315.5
2021-07-17 07:00:00+00:00,299.0,262.75
2021-07-17 08:00:00+00:00,273.0,215.75
2021-07-17 09:00:00+00:00,251.75,273.0
2021-07-17 10:00:00+00:00,303.0,339.0
2021-07-17 11:00:00+00:00,340.0,356.0
2021-07-17 12:00:00+00:00,388.25,356.5
2021-07-17 13:00:00+00:00,465.75,391.75
2021-07-17 14:00:00+00:00,459.75,471.0
2021-07-17 15:00:00+00:00,408.25,477.0
2021-07-17 16:00:00+00:00,360.75,441.5
2021-07-17 17:00:00+00:00,361.0,393.5
2021-07-17 18:00:00+00:00,309.5,324.0
2021-07-17 19:00:00+00:00,244.25,279.25
2021-07-17 20:00:00+00:00,202.25,246.0
2021-07-17 21:00:00+00:00,147.75,225.25
2021-07-17 22:00:00+00:00,126.25,179.75
2021-07-17 23:00:00+00:00,127.0,151.5
2021-07-18 00:00:00+00:00,141.75,147.25
2021-07-18 01:00:00+00:00,109.5,167.75
2021-07-18 02:00:00+00:00,86.25,177.5
2021-07-18 03:00:00+00:00,59.0,189.75
2021-07-18 04:00:00+00:00,35.5,172.5
2021-07-18 05:00:00+00:00,23.0,134.75
2021-07-18 06:00:00+00:00,38.25,119.75
2021-07-18 07:00:00+00:00,71.0,122.25
2021-07-18 08:00:00+00:00,80.5,138.0
2021-07-18 09:00:00+00:00,74.5,195.75
2021-07-18 10:00:00+00:00,75.0,259.0
2021-07-18 11:00:00+00:00,55.75,298.5
2021-07-18 12:00:00+00:00,57.75,395.5
2021-07-18 13:00:00+00:00,102.75,415.75
2021-07-18 14:00:00+00:00,111.25,402.25
2021-07-18 15:00:00+00:00,185.75,373.75
2021-07-18 16:00:00+00:00,286.0,345.25
2021-07-18 17:00:00+00:00,253.25,294.5
2021-07-18 18:00:00+00:00,154.75,245.5
2021-07-18 19:00:00+00:00,116.25,206.25
2021-07-18 20:00:00+00:00,78.0,170.5
2021-07-18 21:00:00+00:00,51.75,150.25
2021-07-18 22:00:00+00:00,41.75,131.5
2021-07-18 23:00:00+00:00,118.25,114.75
2021-07-19 00:00:00+00:00,116.0,110.0
2021-07-19 01:00:00+00:00,120.75,113.5
2021-07-19 02:00:00+00:00,167.5,127.5
2021-07-19 03:00:00+00:00,160.75,134.25
2021-07-19 04:00:00+00:00,120.5,145.75
2021-07-19 05:00:00+00:00,137.75,129.75
2021-07-19 06:00:00+00:00,85.25,121.0
2021-07-19 07:00:00+00:00,106.5,130.0
2021-07-19 08:00:00+00:00,73.25,121.0
2021-07-19 09:00:00+00:00,100.25,126.75
2021-07-19 10:00:00+00:00,103.5,139.25
2021-07-19 11:00:00+00:00,131.5,142.5
2021-07-19 12:00:00+00:00,151.5,147.0
2021-07-19 13:00:00+00:00,193.5,167.5
2021-07-19 14:00:00+00:00,221.5,194.5
2021-07-19 15:00:00+00:00,271.0,212.75
2021-07-19 16:00:00+00:00,448.5,228.0
2021-07-19 17:00:00+00:00,431.0,234.75
2021-07-19 18:00:00+00:00,394.5,235.0
2021-07-19 19:00:00+00:00,397.25,232.75
2021-07-19 20:00:00+00:00,385.0,272.0
2021-07-19 21:00:00+00:00,387.75,299.25
2021-07-19 22:00:00+00:00,318.0,274.25
2021-07-19 23:00:00+00:00,271.75,233.0
2021-07-20 00:00:00+00:00,306.75,197.5
2021-07-20 01:00:00+00:00,330.75,162.25
2021-07-20 02:00:00+00:00,252.0,159.5
2021-07-20 03:00:00+00:00,171.25,164.25
2021-07-20 04:00:00+00:00,199.75,155.25
2021-07-20 05:00:00+00:00,265.5,131.0
2021-07-20 06:00:00+00:00,256.5,107.25
2021-07-20 07:00:00+00:00,267.75,96.75
2021-07-20 08:00:00+00:00,244.5,86.5
2021-07-20 09:00:00+00:00,195.25,85.5
2021-07-20 10:00:00+00:00,135.0,85.0
2021-07-20 11:00:00+00:00,108.25,87.25
2021-07-20 12:00:00+00:00,119.0,89.5
2021-07-20 13:00:00+00:00,93.75,93.0
2021-07-20 14:00:00+00:00,81.25,92.75
2021-07-20 15:00:00+00:00,81.75,99.5
2021-07-20 16:00:00+00:00,66.25,107.0
2021-07-20 17:00:00+00:00,56.0,115.5
2021-07-20 18:00:00+00:00,51.25,117.0
2021-07-20 19:00:00+00:00,91.0,140.75
2021-07-20 20:00:00+00:00,90.0,187.25
2021-07-20 21:00:00+00:00,91.0,188.5
2021-07-20 22:00:00+00:00,54.25,172.0
2021-07-20 23:00:00+00:00,49.75,154.25
2021-07-21 00:00:00+00:00,72.25,128.5
2021-07-21 01:00:00+00:00,115.5,118.25
2021-07-21 02:00:00+00:00,97.25,109.5
2021-07-21 03:00:00+00:00,59.5,104.5
2021-07-21 04:00:00+00:00,49.25,99.0
2021-07-21 05:00:00+00:00,52.75,94.75
2021-07-21 06:00:00+00:00,67.25,81.5
2021-07-21 07:00:00+00:00,77.25,76.5
2021-07-21 08:00:00+00:00,38.75,79.5
2021-07-21 09:00:00+00:00,0.25,76.5
2021-07-21 10:00:00+00:00,2.25,79.5
2021-07-21 11:00:00+00:00,0.25,81.75
2021-07-21 12:00:00+00:00,0.0,89.75
2021-07-21 13:00:00+00:00,0.0,94.25
2021-07-21 14:00:00+00:00,0.5,96.25
2021-07-21 15:00:00+00:00,1.5,103.5
2021-07-21 16:00:00+00:00,13.0,113.5
2021-07-21 17:00:00+00:00,32.75,123.5
2021-07-21 18:00:00+00:00,53.75,116.75
2021-07-21 19:00:00+00:00,73.5,132.5
2021-07-21 20:00:00+00:00,95.5,140.5
2021-07-21 21:00:00+00:00,71.25,131.25
2021-07-21 22:00:00+00:00,45.75,130.25
2021-07-21 23:00:00+00:00,59.5,108.75
2021-07-22 00:00:00+00:00,61.0,109.25
2021-07-22 01:00:00+00:00,60.75,122.25
2021-07-22 02:00:00+00:00,56.0,135.0
2021-07-22 03:00:00+00:00,75.0,151.75
2021-07-22 04:00:00+00:00,112.75,168.0
2021-07-22 05:00:00+00:00,111.25,150.0
2021-07-22 06:00:00+00:00,91.25,123.25
2021-07-22 07:00:00+00:00,92.0,116.5
2021-07-22 08:00:00+00:00,87.5,114.25
2021-07-22 09:00:00+00:00,94.75,118.5
2021-07-22 10:00:00+00:00,131.0,129.5
2021-07-22 11:00:00+00:00,150.0,146.25
2021-07-22 12:00:00+00:00,163.5,173.75
2021-07-22 13:00:00+00:00,178.0,241.5
2021-07-22 14:00:00+00:00,199.0,275.75
2021-07-22 15:00:00+00:00,233.25,302.5
2021-07-22 16:00:00+00:00,276.25,317.5
2021-07-22 17:00:00+00:00,370.25,320.75
2021-07-22 18:00:00+00:00,426.25,294.5
2021-07-22 19:00:00+00:00,448.75,299.5
2021-07-22 20:00:00+00:00,432.75,285.75
2021-07-22 21:00:00+00:00,417.5,273.25
2021-07-22 22:00:00+00:00,361.5,247.75
2021-07-22 23:00:00+00:00,256.25,209.5
2021-07-23 00:00:00+00:00,175.75,186.25
2021-07-23 01:00:00+00:00,137.75,170.75
2021-07-23 02:00:00+00:00,116.75,163.75
2021-07-23 03:00:00+00:00,154.75,154.5
2021-07-23 04:00:00+00:00,312.0,154.25
2021-07-23 05:00:00+00:00,236.5,137.0
2021-07-23 06:00:00+00:00,232.0,103.75
2021-07-23 07:00:00+00:00,141.25,86.75
2021-07-23 08:00:00+00:00,109.0,111.25
2021-07-23 09:00:00+00:00,130.0,115.75
2021-07-23 10:00:00+00:00,131.0,137.75
2021-07-23 11:00:00+00:00,202.25,142.0
2021-07-23 12:00:00+00:00,274.75,147.0
2021-07-23 13:00:00+00:00,317.25,154.5
2021-07-23 14:00:00+00:00,399.25,180.5
2021-07-23 15:00:00+00:00,789.25,215.75
2021-07-23 16:00:00+00:00,842.25,262.75
2021-07-23 17:00:00+00:00,1001.0,243.75
2021-07-23 18:00:00+00:00,1231.0,242.0
2021-07-23 19:00:00+00:00,1288.25,322.75
2021-07-23 20:00:00+00:00,1370.75,378.75
2021-07-23 21:00:00+00:00,1193.25,417.25
2021-07-23 22:00:00+00:00,863.5,446.25
2021-07-23 23:00:00+00:00,616.25,476.75
2021-07-24 00:00:00+00:00,753.0,453.25
2021-07-24 01:00:00+00:00,879.25,499.75
2021-07-24 02:00:00+00:00,894.0,609.75
2021-07-24 03:00:00+00:00,1074.25,600.0
2021-07-24 04:00:00+00:00,996.75,607.5
2021-07-24 05:00:00+00:00,809.75,568.5
2021-07-24 06:00:00+00:00,723.25,455.5
2021-07-24 07:00:00+00:00,547.0,318.75
2021-07-24 08:00:00+00:00,557.0,261.0
2021-07-24 09:00:00+00:00,469.75,227.0
2021-07-24 10:00:00+00:00,544.75,217.5
2021-07-24 11:00:00+00:00,442.75,221.75
2021-07-24 12:00:00+00:00,381.0,209.5
2021-07-24 13:00:00+00:00,299.25,209.0
2021-07-24 14:00:00+00:00,233.5,227.25
2021-07-24 15:00:00+00:00,267.75,234.5
2021-07-24 16:00:00+00:00,287.0,209.75
2021-07-24 17:00:00+00:00,222.75,205.75
2021-07-24 18:00:00+00:00,180.25,247.0
2021-07-24 19:00:00+00:00,239.25,173.0
2021-07-24 20:00:00+00:00,258.5,246.5
2021-07-24 21:00:00+00:00,282.0,276.25
2021-07-24 22:00:00+00:00,87.25,135.75
2021-07-24 23:00:00+00:00,108.0,127.5
2021-07-25 00:00:00+00:00,36.0,221.75
2021-07-25 01:00:00+00:00,28.75,190.5
2021-07-25 02:00:00+00:00,105.75,301.0
2021-07-25 03:00:00+00:00,262.0,269.25
2021-07-25 04:00:00+00:00,186.0,186.5
2021-07-25 05:00:00+00:00,128.25,191.0
2021-07-25 06:00:00+00:00,245.25,207.0
2021-07-25 07:00:00+00:00,131.5,186.25
2021-07-25 08:00:00+00:00,14.75,185.25
2021-07-25 09:00:00+00:00,2.0,162.25
2021-07-25 10:00:00+00:00,124.25,137.75
2021-07-25 11:00:00+00:00,494.0,120.5
2021-07-25 12:00:00+00:00,354.5,106.25
2021-07-25 13:00:00+00:00,234.75,118.0
2021-07-25 14:00:00+00:00,167.75,106.25
2021-07-25 15:00:00+00:00,143.75,100.75
2021-07-25 16:00:00+00:00,152.25,115.25
2021-07-25 17:00:00+00:00,73.75,115.25
2021-07-25 18:00:00+00:00,58.25,103.0
2021-07-25 19:00:00+00:00,110.75,99.0
2021-07-25 20:00:00+00:00,69.75,109.5
2021-07-25 21:00:00+00:00,55.25,119.75
2021-07-25 22:00:00+00:00,25.5,122.25
2021-07-25 23:00:00+00:00,14.75,131.75
2021-07-26 00:00:00+00:00,5.75,131.0
2021-07-26 01:00:00+00:00,10.25,117.5
2021-07-26 02:00:00+00:00,24.0,105.75
2021-07-26 03:00:00+00:00,30.0,113.25
2021-07-26 04:00:00+00:00,21.5,118.75
2021-07-26 05:00:00+00:00,18.75,120.75
2021-07-26 06:00:00+00:00,35.5,95.25
2021-07-26 07:00:00+00:00,33.5,93.25
2021-07-26 08:00:00+00:00,63.5,104.5
2021-07-26 09:00:00+00:00,58.75,126.25
2021-07-26 10:00:00+00:00,32.75,163.0
2021-07-26 11:00:00+00:00,6.0,223.75
2021-07-26 12:00:00+00:00,22.75,267.0
2021-07-26 13:00:00+00:00,25.5,269.0
2021-07-26 14:00:00+00:00,47.5,325.75
2021-07-26 15:00:00+00:00,49.5,283.25
2021-07-26 16:00:00+00:00,9.75,214.75
2021-07-26 17:00:00+00:00,14.25,187.0
2021-07-26 18:00:00+00:00,16.25,158.5
2021-07-26 19:00:00+00:00,27.75,164.25
2021-07-26 20:00:00+00:00,70.0,162.75
2021-07-26 21:00:00+00:00,127.25,163.5
2021-07-26 22:00:00+00:00,315.75,205.25
2021-07-26 23:00:00+00:00,264.0,396.75
2021-07-27 00:00:00+00:00,262.75,418.25
2021-07-27 01:00:00+00:00,352.25,456.5
2021-07-27 02:00:00+00:00,425.25,377.5
2021-07-27 03:00:00+00:00,427.75,321.5
2021-07-27 04:00:00+00:00,469.0,338.0
2021-07-27 05:00:00+00:00,656.75,312.75
2021-07-27 06:00:00+00:00,684.0,287.0
2021-07-27 07:00:00+00:00,946.5,305.25
2021-07-27 08:00:00+00:00,927.5,342.25
2021-07-27 09:00:00+00:00,614.75,304.25
2021-07-27 10:00:00+00:00,428.75,260.0
2021-07-27 11:00:00+00:00,363.75,277.0
2021-07-27 12:00:00+00:00,302.75,284.25
2021-07-27 13:00:00+00:00,384.25,320.25
2021-07-27 14:00:00+00:00,434.75,343.5
2021-07-27 15:00:00+00:00,272.25,395.25
2021-07-27 16:00:00+00:00,451.25,294.75
2021-07-27 17:00:00+00:00,590.5,280.5
2021-07-27 18:00:00+00:00,528.5,324.25
2021-07-27 19:00:00+00:00,451.5,318.0
2021-07-27 20:00:00+00:00,573.0,363.75
2021-07-27 21:00:00+00:00,664.25,462.5
2021-07-27 22:00:00+00:00,785.75,471.5
2021-07-27 23:00:00+00:00,799.0,512.5
2021-07-28 00:00:00+00:00,908.0,492.75
2021-07-28 01:00:00+00:00,1093.25,523.0
2021-07-28 02:00:00+00:00,1158.0,567.5
2021-07-28 03:00:00+00:00,1317.75,548.75
2021-07-28 04:00:00+00:00,1491.5,608.75
2021-07-28 05:00:00+00:00,1859.0,666.75
2021-07-28 06:00:00+00:00,2038.25,772.25
2021-07-28 07:00:00+00:00,2079.0,896.0
2021-07-28 08:00:00+00:00,2105.5,1019.5
2021-07-28 09:00:00+00:00,1974.75,1107.75
2021-07-28 10:00:00+00:00,1946.75,1239.25
2021-07-28 11:00:00+00:00,1887.75,1272.5
2021-07-28 12:00:00+00:00,2093.0,1240.5
2021-07-28 13:00:00+00:00,2076.25,1276.75
2021-07-28 14:00:00+00:00,2107.5,1346.5
2021-07-28 15:00:00+00:00,2114.5,1241.5
2021-07-28 16:00:00+00:00,2147.75,1279.0
2021-07-28 17:00:00+00:00,2068.5,1304.75
2021-07-28 18:00:00+00:00,2114.0,1190.0
2021-07-28 19:00:00+00:00,2146.5,1263.5
2021-07-28 20:00:00+00:00,2155.75,1271.5
2021-07-28 21:00:00+00:00,2105.25,1278.25
2021-07-28 22:00:00+00:00,2077.25,1304.5
2021-07-28 23:00:00+00:00,2132.5,1337.25
2021-07-29 00:00:00+00:00,2099.75,1306.5
2021-07-29 01:00:00+00:00,2131.0,1240.25
2021-07-29 02:00:00+00:00,2133.5,1171.25
2021-07-29 03:00:00+00:00,2122.75,1158.75
2021-07-29 04:00:00+00:00,2089.5,1147.25
2021-07-29 05:00:00+00:00,1998.0,1140.25
2021-07-29 06:00:00+00:00,1980.0,1239.5
2021-07-29 07:00:00+00:00,1786.5,1333.0
2021-07-29 08:00:00+00:00,1552.75,1390.25
2021-07-29 09:00:00+00:00,1602.75,1505.0
2021-07-29 10:00:00+00:00,1625.5,1485.5
2021-07-29 11:00:00+00:00,1558.0,1415.75
2021-07-29 12:00:00+00:00,1260.5,1284.5
2021-07-29 13:00:00+00:00,1289.25,1343.0
2021-07-29 14:00:00+00:00,1760.25,1418.5
2021-07-29 15:00:00+00:00,1988.5,1389.0
2021-07-29 16:00:00+00:00,2110.25,1356.0
2021-07-29 17:00:00+00:00,2117.75,1271.5
2021-07-29 18:00:00+00:00,2092.75,1076.25
2021-07-29 19:00:00+00:00,1826.5,1018.25
2021-07-29 20:00:00+00:00,1543.0,930.25
2021-07-29 21:00:00+00:00,1424.5,882.0
2021-07-29 22:00:00+00:00,1361.75,838.75
2021-07-29 23:00:00+00:00,1164.25,790.5
2021-07-30 00:00:00+00:00,899.5,709.25
2021-07-30 01:00:00+00:00,733.5,653.0
2021-07-30 02:00:00+00:00,499.25,579.0
2021-07-30 03:00:00+00:00,472.25,509.25
2021-07-30 04:00:00+00:00,463.25,441.75
2021-07-30 05:00:00+00:00,659.5,394.25
2021-07-30 06:00:00+00:00,800.0,350.25
2021-07-30 07:00:00+00:00,653.5,333.5
2021-07-30 08:00:00+00:00,886.5,324.5
2021-07-30 09:00:00+00:00,763.25,411.5
2021-07-30 10:00:00+00:00,806.0,459.25
2021-07-30 11:00:00+00:00,1077.0,439.25
2021-07-30 12:00:00+00:00,1003.75,517.25
2021-07-30 13:00:00+00:00,1380.5,586.75
2021-07-30 14:00:00+00:00,1462.75,618.0
2021-07-30 15:00:00+00:00,1439.5,720.75
2021-07-30 16:00:00+00:00,1222.5,848.0
2021-07-30 17:00:00+00:00,1572.0,657.0
2021-07-30 18:00:00+00:00,1688.25,720.0
2021-07-30 19:00:00+00:00,1585.25,1043.75
2021-07-30 20:00:00+00:00,1568.0,1226.0
2021-07-30 21:00:00+00:00,1579.0,1318.75
2021-07-30 22:00:00+00:00,1647.25,1406.5
2021-07-30 23:00:00+00:00,1769.75,1386.75
2021-07-31 00:00:00+00:00,1998.0,1339.75
2021-07-31 01:00:00+00:00,2096.25,1407.25
2021-07-31 02:00:00+00:00,2038.25,1405.0
2021-07-31 03:00:00+00:00,1862.0,1405.0
2021-07-31 04:00:00+00:00,1836.25,1382.25
2021-07-31 05:00:00+00:00,1611.5,1364.25
2021-07-31 06:00:00+00:00,1559.75,1380.75
2021-07-31 07:00:00+00:00,1669.0,1362.75
2021-07-31 08:00:00+00:00,1423.25,1261.5
2021-07-31 09:00:00+00:00,1138.5,1103.25
2021-07-31 10:00:00+00:00,998.5,1082.0
2021-07-31 11:00:00+00:00,945.75,1014.25
2021-07-31 12:00:00+00:00,810.0,1030.5
2021-07-31 13:00:00+00:00,956.25,983.25
2021-07-31 14:00:00+00:00,821.5,948.25
2021-07-31 15:00:00+00:00,584.25,939.25
2021-07-31 16:00:00+00:00,600.5,871.0
2021-07-31 17:00:00+00:00,635.25,732.0
2021-07-31 18:00:00+00:00,491.5,548.75
2021-07-31 19:00:00+00:00,558.75,498.5
2021-07-31 20:00:00+00:00,545.5,440.25
2021-07-31 21:00:00+00:00,474.25,404.25
2021-07-31 22:00:00+00:00,492.5,324.25
2021-07-31 23:00:00+00:00,415.25,301.75
2021-08-01 00:00:00+00:00,398.75,283.5
2021-08-01 01:00:00+00:00,329.5,288.5
2021-08-01 02:00:00+00:00,281.75,314.5
2021-08-01 03:00:00+00:00,232.25,292.25
2021-08-01 04:00:00+00:00,198.25,307.75
2021-08-01 05:00:00+00:00,217.25,276.25
2021-08-01 06:00:00+00:00,194.5,285.5
2021-08-01 07:00:00+00:00,184.0,278.5
2021-08-01 08:00:00+00:00,248.0,217.0
2021-08-01 09:00:00+00:00,246.25,225.0
2021-08-01 10:00:00+00:00,215.25,222.75
2021-08-01 11:00:00+00:00,234.25,257.0
2021-08-01 12:00:00+00:00,187.0,291.0
2021-08-01 13:00:00+00:00,267.0,354.5
2021-08-01 14:00:00+00:00,249.25,356.0
2021-08-01 15:00:00+00:00,184.25,349.75
2021-08-01 16:00:00+00:00,233.25,362.25
2021-08-01 17:00:00+00:00,315.75,361.25
2021-08-01 18:00:00+00:00,283.0,337.75
2021-08-01 19:00:00+00:00,314.5,343.25
2021-08-01 20:00:00+00:00,297.25,275.25
2021-08-01 21:00:00+00:00,363.75,241.75
2021-08-01 22:00:00+00:00,324.5,237.75
2021-08-01 23:00:00+00:00,417.0,251.75
2021-08-02 00:00:00+00:00,547.5,276.25
2021-08-02 01:00:00+00:00,457.25,269.25
2021-08-02 02:00:00+00:00,322.0,275.5
2021-08-02 03:00:00+00:00,307.25,286.0
2021-08-02 04:00:00+00:00,393.5,252.75
2021-08-02 05:00:00+00:00,457.5,258.25
2021-08-02 06:00:00+00:00,431.5,241.75
2021-08-02 07:00:00+00:00,404.5,234.0
2021-08-02 08:00:00+00:00,294.5,217.0
2021-08-02 09:00:00+00:00,209.0,214.5
2021-08-02 10:00:00+00:00,217.25,201.0
2021-08-02 11:00:00+00:00,164.5,251.5
2021-08-02 12:00:00+00:00,145.25,222.5
2021-08-02 13:00:00+00:00,81.75,263.75
2021-08-02 14:00:00+00:00,134.75,223.75
2021-08-02 15:00:00+00:00,57.75,189.5
2021-08-02 16:00:00+00:00,53.0,196.5
2021-08-02 17:00:00+00:00,79.75,171.0
2021-08-02 18:00:00+00:00,65.5,123.75
2021-08-02 19:00:00+00:00,38.0,101.5
2021-08-02 20:00:00+00:00,0.0,80.0
2021-08-02 21:00:00+00:00,1.0,78.5
2021-08-02 22:00:00+00:00,6.25,74.25
2021-08-02 23:00:00+00:00,39.25,73.25
2021-08-03 00:00:00+00:00,43.25,79.5
2021-08-03 01:00:00+00:00,34.0,74.5
2021-08-03 02:00:00+00:00,28.5,72.25
2021-08-03 03:00:00+00:00,34.25,77.0
2021-08-03 04:00:00+00:00,13.25,82.5
2021-08-03 05:00:00+00:00,11.75,89.5
2021-08-03 06:00:00+00:00,18.5,94.0
2021-08-03 07:00:00+00:00,1.5,82.0
2021-08-03 08:00:00+00:00,1.5,76.5
2021-08-03 09:00:00+00:00,4.25,75.25
2021-08-03 10:00:00+00:00,2.75,78.5
2021-08-03 11:00:00+00:00,4.75,86.75
2021-08-03 12:00:00+00:00,3.75,105.25
2021-08-03 13:00:00+00:00,14.25,146.5
2021-08-03 14:00:00+00:00,24.0,164.25
2021-08-03 15:00:00+00:00,30.75,171.0
2021-08-03 16:00:00+00:00,31.0,170.75
2021-08-03 17:00:00+00:00,34.5,153.5
2021-08-03 18:00:00+00:00,42.75,151.75
2021-08-03 19:00:00+00:00,63.0,138.75
2021-08-03 20:00:00+00:00,51.0,173.25
2021-08-03 21:00:00+00:00,40.5,226.5
2021-08-03 22:00:00+00:00,40.25,217.25
2021-08-03 23:00:00+00:00,32.25,215.25
2021-08-04 00:00:00+00:00,26.5,205.75
2021-08-04 01:00:00+00:00,23.0,197.5
2021-08-04 02:00:00+00:00,18.5,198.0
2021-08-04 03:00:00+00:00,16.25,220.75
2021-08-04 04:00:00+00:00,19.0,217.0
2021-08-04 05:00:00+00:00,19.0,213.75
2021-08-04 06:00:00+00:00,21.25,150.25
2021-08-04 07:00:00+00:00,20.75,114.0
2021-08-04 08:00:00+00:00,21.75,106.0
2021-08-04 09:00:00+00:00,17.5,96.25
2021-08-04 10:00:00+00:00,17.25,93.5
2021-08-04 11:00:00+00:00,12.25,96.0
2021-08-04 12:00:00+00:00,6.0,100.0
2021-08-04 13:00:00+00:00,14.25,104.75
2021-08-04 14:00:00+00:00,35.5,142.0
2021-08-04 15:00:00+00:00,75.25,152.25
2021-08-04 16:00:00+00:00,138.0,124.0
2021-08-04 17:00:00+00:00,101.0,148.5
2021-08-04 18:00:00+00:00,108.5,150.75
2021-08-04 19:00:00+00:00,106.75,195.25
2021-08-04 20:00:00+00:00,98.0,247.75
2021-08-04 21:00:00+00:00,102.5,274.0
2021-08-04 22:00:00+00:00,94.25,293.25
2021-08-04 23:00:00+00:00,63.5,282.25
2021-08-05 00:00:00+00:00,61.0,232.25
2021-08-05 01:00:00+00:00,57.75,179.75
2021-08-05 02:00:00+00:00,44.0,154.25
2021-08-05 03:00:00+00:00,47.0,118.75
2021-08-05 04:00:00+00:00,35.5,93.0
2021-08-05 05:00:00+00:00,28.75,87.75
2021-08-05 06:00:00+00:00,28.5,89.0
2021-08-05 07:00:00+00:00,18.5,80.0
2021-08-05 08:00:00+00:00,14.0,76.5
2021-08-05 09:00:00+00:00,11.75,77.0
2021-08-05 10:00:00+00:00,23.0,80.5
2021-08-05 11:00:00+00:00,24.75,83.75
2021-08-05 12:00:00+00:00,30.0,90.25
2021-08-05 13:00:00+00:00,18.5,94.5
2021-08-05 14:00:00+00:00,21.5,97.0
2021-08-05 15:00:00+00:00,58.0,114.5
2021-08-05 16:00:00+00:00,181.75,140.75
2021-08-05 17:00:00+00:00,315.5,139.0
2021-08-05 18:00:00+00:00,451.25,180.25
2021-08-05 19:00:00+00:00,756.5,263.0
2021-08-05 20:00:00+00:00,1297.0,392.25
2021-08-05 21:00:00+00:00,1251.75,556.0
2021-08-05 22:00:00+00:00,1361.5,684.75
2021-08-05 23:00:00+00:00,1432.0,744.75
2021-08-06 00:00:00+00:00,1304.75,733.5
2021-08-06 01:00:00+00:00,1337.75,732.0
2021-08-06 02:00:00+00:00,1426.25,609.0
2021-08-06 03:00:00+00:00,1532.75,561.75
2021-08-06 04:00:00+00:00,1701.5,551.25
2021-08-06 05:00:00+00:00,1765.0,614.25
2021-08-06 06:00:00+00:00,1647.5,611.25
2021-08-06 07:00:00+00:00,1649.5,629.0
2021-08-06 08:00:00+00:00,1700.5,693.0
2021-08-06 09:00:00+00:00,1754.0,803.0
2021-08-06 10:00:00+00:00,1721.25,931.5
2021-08-06 11:00:00+00:00,1735.25,944.0
2021-08-06 12:00:00+00:00,1731.25,1018.5
2021-08-06 13:00:00+00:00,1777.75,1180.75
2021-08-06 14:00:00+00:00,1692.25,1111.25
2021-08-06 15:00:00+00:00,1695.25,1152.75
2021-08-06 16:00:00+00:00,1870.75,1119.25
2021-08-06 17:00:00+00:00,2039.5,1109.0
2021-08-06 18:00:00+00:00,2103.25,984.0
2021-08-06 19:00:00+00:00,2105.75,1001.75
2021-08-06 20:00:00+00:00,2119.0,924.25
2021-08-06 21:00:00+00:00,2114.25,878.25
2021-08-06 22:00:00+00:00,2076.75,791.25
2021-08-06 23:00:00+00:00,2088.5,728.75
2021-08-07 00:00:00+00:00,1941.5,679.75
2021-08-07 01:00:00+00:00,1745.5,743.25
2021-08-07 02:00:00+00:00,1531.25,732.25
2021-08-07 03:00:00+00:00,1357.25,744.75
2021-08-07 04:00:00+00:00,1167.75,760.0
2021-08-07 05:00:00+00:00,1031.0,636.5
2021-08-07 06:00:00+00:00,1146.75,572.75
2021-08-07 07:00:00+00:00,1308.25,500.25
2021-08-07 08:00:00+00:00,1291.5,416.0
2021-08-07 09:00:00+00:00,1126.75,412.5
2021-08-07 10:00:00+00:00,945.5,568.0
2021-08-07 11:00:00+00:00,838.75,534.75
2021-08-07 12:00:00+00:00,761.25,575.75
2021-08-07 13:00:00+00:00,544.5,407.0
2021-08-07 14:00:00+00:00,698.25,388.75
2021-08-07 15:00:00+00:00,555.25,347.0
2021-08-07 16:00:00+00:00,732.0,360.5
2021-08-07 17:00:00+00:00,912.75,454.0
2021-08-07 18:00:00+00:00,916.0,493.5
2021-08-07 19:00:00+00:00,875.75,459.25
2021-08-07 20:00:00+00:00,1273.0,605.25
2021-08-07 21:00:00+00:00,1298.0,774.75
2021-08-07 22:00:00+00:00,1555.0,888.25
2021-08-07 23:00:00+00:00,1648.25,956.25
2021-08-08 00:00:00+00:00,1661.5,960.75
2021-08-08 01:00:00+00:00,1766.0,844.75
2021-08-08 02:00:00+00:00,1852.5,860.5
2021-08-08 03:00:00+00:00,1918.0,979.0
2021-08-08 04:00:00+00:00,1515.0,1183.5
2021-08-08 05:00:00+00:00,1931.25,1285.0
2021-08-08 06:00:00+00:00,1348.25,1292.25
2021-08-08 07:00:00+00:00,1647.25,1313.5
2021-08-08 08:00:00+00:00,1011.75,1335.25
2021-08-08 09:00:00+00:00,1037.75,1442.25
2021-08-08 10:00:00+00:00,906.25,1378.75
2021-08-08 11:00:00+00:00,822.75,1247.75
2021-08-08 12:00:00+00:00,711.5,1268.75
2021-08-08 13:00:00+00:00,566.75,1294.5
2021-08-08 14:00:00+00:00,1092.5,1239.75
2021-08-08 15:00:00+00:00,1849.75,1337.0
2021-08-08 16:00:00+00:00,2089.75,1338.0
2021-08-08 17:00:00+00:00,2130.25,1263.25
2021-08-08 18:00:00+00:00,2141.75,1263.0
2021-08-08 19:00:00+00:00,2127.0,1200.5
2021-08-08 20:00:00+00:00,2072.0,1252.5
2021-08-08 21:00:00+00:00,1994.25,1190.5
2021-08-08 22:00:00+00:00,2014.0,1200.25
2021-08-08 23:00:00+00:00,2083.25,1084.0
2021-08-09 00:00:00+00:00,1933.0,958.75
2021-08-09 01:00:00+00:00,1814.75,922.75
2021-08-09 02:00:00+00:00,1653.25,899.75
2021-08-09 03:00:00+00:00,1483.25,776.0
2021-08-09 04:00:00+00:00,1268.75,706.5
2021-08-09 05:00:00+00:00,1159.5,594.5
2021-08-09 06:00:00+00:00,1511.25,558.0
2021-08-09 07:00:00+00:00,1770.5,583.0
2021-08-09 08:00:00+00:00,1741.25,623.75
2021-08-09 09:00:00+00:00,1668.25,772.75
2021-08-09 10:00:00+00:00,1856.5,759.0
2021-08-09 11:00:00+00:00,2000.75,948.0
2021-08-09 12:00:00+00:00,1835.25,963.75
2021-08-09 13:00:00+00:00,1931.25,972.0
2021-08-09 14:00:00+00:00,1694.75,1003.75
2021-08-09 15:00:00+00:00,1793.0,902.25
2021-08-09 16:00:00+00:00,1838.25,837.0
2021-08-09 17:00:00+00:00,1737.75,794.5
2021-08-09 18:00:00+00:00,1791.5,685.5
2021-08-09 19:00:00+00:00,1703.5,625.5
2021-08-09 20:00:00+00:00,1652.5,689.5
2021-08-09 21:00:00+00:00,1235.75,766.25
2021-08-09 22:00:00+00:00,1107.75,757.5
2021-08-09 23:00:00+00:00,1040.75,750.5
2021-08-10 00:00:00+00:00,798.5,675.75
2021-08-10 01:00:00+00:00,906.5,659.0
2021-08-10 02:00:00+00:00,1009.75,603.0
2021-08-10 03:00:00+00:00,947.75,556.0
2021-08-10 04:00:00+00:00,1239.25,451.0
2021-08-10 05:00:00+00:00,853.0,506.5
2021-08-10 06:00:00+00:00,581.0,534.25
2021-08-10 07:00:00+00:00,506.0,469.75
2021-08-10 08:00:00+00:00,426.25,398.5
2021-08-10 09:00:00+00:00,386.25,410.0
2021-08-10 10:00:00+00:00,398.0,339.5
2021-08-10 11:00:00+00:00,375.25,329.0
2021-08-10 12:00:00+00:00,332.75,307.5
2021-08-10 13:00:00+00:00,290.0,321.5
2021-08-10 14:00:00+00:00,326.5,324.5
2021-08-10 15:00:00+00:00,290.25,299.25
2021-08-10 16:00:00+00:00,188.5,226.25
2021-08-10 17:00:00+00:00,190.25,157.0
2021-08-10 18:00:00+00:00,238.75,104.25
2021-08-10 19:00:00+00:00,223.25,97.5
2021-08-10 20:00:00+00:00,242.5,87.5
2021-08-10 21:00:00+00:00,280.0,84.0
2021-08-10 22:00:00+00:00,236.0,102.5
2021-08-10 23:00:00+00:00,182.25,104.25
2021-08-11 00:00:00+00:00,160.25,114.25
2021-08-11 01:00:00+00:00,200.25,159.0
2021-08-11 02:00:00+00:00,225.75,181.25
2021-08-11 03:00:00+00:00,217.75,219.25
2021-08-11 04:00:00+00:00,173.25,222.0
2021-08-11 05:00:00+00:00,161.25,195.25
2021-08-11 06:00:00+00:00,140.0,153.0
2021-08-11 07:00:00+00:00,164.0,115.25
2021-08-11 08:00:00+00:00,177.75,100.75
2021-08-11 09:00:00+00:00,209.0,111.25
2021-08-11 10:00:00+00:00,243.25,123.5
2021-08-11 11:00:00+00:00,228.0,111.75
2021-08-11 12:00:00+00:00,201.25,97.25
2021-08-11 13:00:00+00:00,115.75,81.5
2021-08-11 14:00:00+00:00,87.25,73.75
2021-08-11 15:00:00+00:00,81.5,69.0
2021-08-11 16:00:00+00:00,93.5,65.25
2021-08-11 17:00:00+00:00,125.75,50.5
2021-08-11 18:00:00+00:00,132.5,52.0
2021-08-11 19:00:00+00:00,137.0,49.5
2021-08-11 20:00:00+00:00,108.5,44.5
2021-08-11 21:00:00+00:00,176.5,38.25
2021-08-11 22:00:00+00:00,210.5,22.25
2021-08-11 23:00:00+00:00,205.0,22.5
2021-08-12 00:00:00+00:00,223.25,36.0
2021-08-12 01:00:00+00:00,299.75,68.5
2021-08-12 02:00:00+00:00,324.25,94.5
2021-08-12 03:00:00+00:00,408.25,116.75
2021-08-12 04:00:00+00:00,418.25,161.75
2021-08-12 05:00:00+00:00,439.5,196.75
2021-08-12 06:00:00+00:00,355.5,193.75
2021-08-12 07:00:00+00:00,280.5,129.5
2021-08-12 08:00:00+00:00,289.25,106.5
2021-08-12 09:00:00+00:00,200.5,132.5
2021-08-12 10:00:00+00:00,129.0,198.0
2021-08-12 11:00:00+00:00,93.25,197.5
2021-08-12 12:00:00+00:00,102.5,152.0
2021-08-12 13:00:00+00:00,140.5,122.5
2021-08-12 14:00:00+00:00,134.25,124.0
2021-08-12 15:00:00+00:00,183.0,88.5
2021-08-12 16:00:00+00:00,149.25,68.25
2021-08-12 17:00:00+00:00,152.25,79.25
2021-08-12 18:00:00+00:00,160.0,98.25
2021-08-12 19:00:00+00:00,196.5,78.25
2021-08-12 20:00:00+00:00,270.0,74.0
2021-08-12 21:00:00+00:00,275.0,88.5
2021-08-12 22:00:00+00:00,288.75,123.25
2021-08-12 23:00:00+00:00,289.0,140.5
2021-08-13 00:00:00+00:00,280.25,151.0
2021-08-13 01:00:00+00:00,278.75,177.0
2021-08-13 02:00:00+00:00,492.5,218.0
2021-08-13 03:00:00+00:00,656.0,289.25
2021-08-13 04:00:00+00:00,647.75,322.25
2021-08-13 05:00:00+00:00,712.25,374.25
2021-08-13 06:00:00+00:00,695.0,356.0
2021-08-13 07:00:00+00:00,721.75,542.75
2021-08-13 08:00:00+00:00,834.75,643.5
2021-08-13 09:00:00+00:00,1043.5,743.0
2021-08-13 10:00:00+00:00,1078.5,847.25
2021-08-13 11:00:00+00:00,1050.75,881.0
2021-08-13 12:00:00+00:00,1241.75,893.0
2021-08-13 13:00:00+00:00,1358.0,905.75
2021-08-13 14:00:00+00:00,1471.5,901.0
2021-08-13 15:00:00+00:00,1485.0,859.75
2021-08-13 16:00:00+00:00,1573.75,802.75
2021-08-13 17:00:00+00:00,1636.25,653.25
2021-08-13 18:00:00+00:00,1337.5,499.0
2021-08-13 19:00:00+00:00,1219.75,458.0
2021-08-13 20:00:00+00:00,1120.75,462.25
2021-08-13 21:00:00+00:00,1139.25,464.25
2021-08-13 22:00:00+00:00,959.75,466.5
2021-08-13 23:00:00+00:00,996.5,469.75
2021-08-14 00:00:00+00:00,967.5,455.75
2021-08-14 01:00:00+00:00,816.5,473.25
2021-08-14 02:00:00+00:00,708.0,469.75
2021-08-14 03:00:00+00:00,606.25,438.75
2021-08-14 04:00:00+00:00,457.0,437.0
2021-08-14 05:00:00+00:00,379.75,415.5
2021-08-14 06:00:00+00:00,415.5,379.25
2021-08-14 07:00:00+00:00,581.25,457.25
2021-08-14 08:00:00+00:00,678.0,490.5
2021-08-14 09:00:00+00:00,733.5,573.0
2021-08-14 10:00:00+00:00,646.25,619.5
2021-08-14 11:00:00+00:00,748.5,625.25
2021-08-14 12:00:00+00:00,707.25,656.5
2021-08-14 13:00:00+00:00,687.5,632.0
2021-08-14 14:00:00+00:00,786.5,628.25
2021-08-14 15:00:00+00:00,724.75,509.75
2021-08-14 16:00:00+00:00,633.25,343.0
2021-08-14 17:00:00+00:00,467.0,275.25
2021-08-14 18:00:00+00:00,468.0,203.5
2021-08-14 19:00:00+00:00,444.0,188.0
2021-08-14 20:00:00+00:00,449.0,174.5
2021-08-14 21:00:00+00:00,469.0,227.5
2021-08-14 22:00:00+00:00,410.5,317.0
2021-08-14 23:00:00+00:00,357.25,366.75
2021-08-15 00:00:00+00:00,428.0,408.75
2021-08-15 01:00:00+00:00,260.25,364.5
2021-08-15 02:00:00+00:00,214.25,333.0
2021-08-15 03:00:00+00:00,240.0,302.75
2021-08-15 04:00:00+00:00,129.75,247.25
2021-08-15 05:00:00+00:00,166.0,206.25
2021-08-15 06:00:00+00:00,299.25,193.0
2021-08-15 07:00:00+00:00,525.5,201.25
2021-08-15 08:00:00+00:00,486.0,237.0
2021-08-15 09:00:00+00:00,502.25,269.25
2021-08-15 10:00:00+00:00,514.5,391.25
2021-08-15 11:00:00+00:00,483.75,532.0
2021-08-15 12:00:00+00:00,496.5,653.5
2021-08-15 13:00:00+00:00,922.0,782.0
2021-08-15 14:00:00+00:00,1099.25,845.25
2021-08-15 15:00:00+00:00,1246.75,814.5
2021-08-15 16:00:00+00:00,1629.75,747.75
2021-08-15 17:00:00+00:00,1829.5,720.0
2021-08-15 18:00:00+00:00,1734.75,640.25
2021-08-15 19:00:00+00:00,1671.0,668.75
2021-08-15 20:00:00+00:00,1651.25,782.75
2021-08-15 21:00:00+00:00,1596.5,954.0
2021-08-15 22:00:00+00:00,1112.5,920.25
2021-08-15 23:00:00+00:00,1285.25,906.5
2021-08-16 00:00:00+00:00,1171.75,787.0
2021-08-16 01:00:00+00:00,837.0,696.5
2021-08-16 02:00:00+00:00,821.75,647.75
2021-08-16 03:00:00+00:00,911.75,605.75
2021-08-16 04:00:00+00:00,1074.0,698.5
2021-08-16 05:00:00+00:00,1486.0,932.5
2021-08-16 06:00:00+00:00,1927.75,1151.5
2021-08-16 07:00:00+00:00,2010.25,1213.75
2021-08-16 08:00:00+00:00,2013.5,1413.5
2021-08-16 09:00:00+00:00,1984.75,1431.25
2021-08-16 10:00:00+00:00,1837.25,1399.75
2021-08-16 11:00:00+00:00,1888.75,1407.0
2021-08-16 12:00:00+00:00,1729.75,1514.25
2021-08-16 13:00:00+00:00,1873.5,1431.5
2021-08-16 14:00:00+00:00,1425.25,1489.75
2021-08-16 15:00:00+00:00,1372.5,1486.75
2021-08-16 16:00:00+00:00,1027.0,1506.75
2021-08-16 17:00:00+00:00,1041.0,1558.5
2021-08-16 18:00:00+00:00,1031.75,1506.25
2021-08-16 19:00:00+00:00,996.25,1449.25
2021-08-16 20:00:00+00:00,988.25,1403.5
2021-08-16 21:00:00+00:00,1078.5,1326.5
2021-08-16 22:00:00+00:00,1258.25,1248.25
2021-08-16 23:00:00+00:00,1492.5,1172.0
2021-08-17 00:00:00+00:00,1324.0,1122.5
2021-08-17 01:00:00+00:00,1271.5,1088.5
2021-08-17 02:00:00+00:00,1139.0,1064.0
2021-08-17 03:00:00+00:00,949.0,1107.75
2021-08-17 04:00:00+00:00,973.0,1054.0
2021-08-17 05:00:00+00:00,1054.5,825.0
2021-08-17 06:00:00+00:00,1234.75,803.75
2021-08-17 07:00:00+00:00,1087.25,833.5
2021-08-17 08:00:00+00:00,1231.5,918.0
2021-08-17 09:00:00+00:00,1321.25,963.75
2021-08-17 10:00:00+00:00,1371.5,1010.75
2021-08-17 11:00:00+00:00,1425.5,984.75
2021-08-17 12:00:00+00:00,1236.75,761.5
2021-08-17 13:00:00+00:00,1119.0,551.75
2021-08-17 14:00:00+00:00,1155.25,441.0
2021-08-17 15:00:00+00:00,962.5,351.75
2021-08-17 16:00:00+00:00,857.25,300.0
2021-08-17 17:00:00+00:00,840.0,304.0
2021-08-17 18:00:00+00:00,740.0,286.5
2021-08-17 19:00:00+00:00,552.75,288.25
2021-08-17 20:00:00+00:00,387.25,277.25
2021-08-17 21:00:00+00:00,365.5,295.0
2021-08-17 22:00:00+00:00,304.5,297.25
2021-08-17 23:00:00+00:00,481.25,365.25
2021-08-18 00:00:00+00:00,609.25,417.0
2021-08-18 01:00:00+00:00,757.25,370.75
2021-08-18 02:00:00+00:00,729.25,391.75
2021-08-18 03:00:00+00:00,744.75,423.0
2021-08-18 04:00:00+00:00,781.5,498.75
2021-08-18 05:00:00+00:00,745.0,462.5
2021-08-18 06:00:00+00:00,857.75,451.0
2021-08-18 07:00:00+00:00,714.25,465.5
2021-08-18 08:00:00+00:00,560.5,538.25
2021-08-18 09:00:00+00:00,603.5,639.25
2021-08-18 10:00:00+00:00,651.5,601.5
2021-08-18 11:00:00+00:00,628.5,680.25
2021-08-18 12:00:00+00:00,608.0,738.5
2021-08-18 13:00:00+00:00,694.0,762.75
2021-08-18 14:00:00+00:00,780.0,765.5
2021-08-18 15:00:00+00:00,982.0,819.5
2021-08-18 16:00:00+00:00,918.75,775.75
2021-08-18 17:00:00+00:00,882.75,731.75
2021-08-18 18:00:00+00:00,927.25,633.25
2021-08-18 19:00:00+00:00,875.25,537.0
2021-08-18 20:00:00+00:00,750.0,588.0
2021-08-18 21:00:00+00:00,575.25,604.25
2021-08-18 22:00:00+00:00,490.5,617.25
2021-08-18 23:00:00+00:00,581.75,560.5
2021-08-19 00:00:00+00:00,543.0,544.0
2021-08-19 01:00:00+00:00,562.75,534.5
2021-08-19 02:00:00+00:00,479.0,504.75
2021-08-19 03:00:00+00:00,444.5,468.75
2021-08-19 04:00:00+00:00,395.0,416.0
2021-08-19 05:00:00+00:00,310.75,377.75
2021-08-19 06:00:00+00:00,315.75,389.5
2021-08-19 07:00:00+00:00,404.25,441.25
2021-08-19 08:00:00+00:00,450.5,464.25
2021-08-19 09:00:00+00:00,486.0,452.0
2021-08-19 10:00:00+00:00,574.25,391.0
2021-08-19 11:00:00+00:00,618.75,378.25
2021-08-19 12:00:00+00:00,582.5,416.75
2021-08-19 13:00:00+00:00,565.5,363.0
2021-08-19 14:00:00+00:00,641.25,298.75
2021-08-19 15:00:00+00:00,464.75,318.75
2021-08-19 16:00:00+00:00,325.5,295.25
2021-08-19 17:00:00+00:00,336.25,251.0
2021-08-19 18:00:00+00:00,326.75,308.0
2021-08-19 19:00:00+00:00,360.5,345.75
2021-08-19 20:00:00+00:00,408.0,234.25
2021-08-19 21:00:00+00:00,389.5,268.25
2021-08-19 22:00:00+00:00,422.25,353.5
2021-08-19 23:00:00+00:00,465.25,382.25
2021-08-20 00:00:00+00:00,662.25,383.75
2021-08-20 01:00:00+00:00,591.0,358.75
2021-08-20 02:00:00+00:00,365.5,311.5
2021-08-20 03:00:00+00:00,261.75,265.0
2021-08-20 04:00:00+00:00,165.75,229.25
2021-08-20 05:00:00+00:00,96.0,233.25
2021-08-20 06:00:00+00:00,75.25,231.25
2021-08-20 07:00:00+00:00,57.75,246.5
2021-08-20 08:00:00+00:00,105.5,227.75
2021-08-20 09:00:00+00:00,156.25,216.5
2021-08-20 10:00:00+00:00,187.75,219.25
2021-08-20 11:00:00+00:00,145.75,205.25
2021-08-20 12:00:00+00:00,102.25,176.5
2021-08-20 13:00:00+00:00,54.25,182.75
2021-08-20 14:00:00+00:00,81.0,156.0
2021-08-20 15:00:00+00:00,43.25,120.5
2021-08-20 16:00:00+00:00,20.25,98.25
2021-08-20 17:00:00+00:00,38.0,90.75
2021-08-20 18:00:00+00:00,23.75,84.5
2021-08-20 19:00:00+00:00,4.25,78.75
2021-08-20 20:00:00+00:00,3.0,77.5
2021-08-20 21:00:00+00:00,2.25,77.0
2021-08-20 22:00:00+00:00,2.75,76.5
2021-08-20 23:00:00+00:00,3.75,76.25
2021-08-21 00:00:00+00:00,20.0,76.25
2021-08-21 01:00:00+00:00,21.75,75.25
2021-08-21 02:00:00+00:00,2.0,79.25
2021-08-21 03:00:00+00:00,1.25,92.25
2021-08-21 04:00:00+00:00,1.0,93.5
2021-08-21 05:00:00+00:00,1.75,90.25
2021-08-21 06:00:00+00:00,3.5,90.0
2021-08-21 07:00:00+00:00,8.5,84.5
2021-08-21 08:00:00+00:00,8.75,78.0
2021-08-21 09:00:00+00:00,10.25,82.25
2021-08-21 10:00:00+00:00,8.75,83.0
2021-08-21 11:00:00+00:00,3.75,80.5
2021-08-21 12:00:00+00:00,1.0,79.5
2021-08-21 13:00:00+00:00,1.0,80.0
2021-08-21 14:00:00+00:00,1.75,83.0
2021-08-21 15:00:00+00:00,16.25,88.0
2021-08-21 16:00:00+00:00,40.25,89.75
2021-08-21 17:00:00+00:00,56.5,113.75
2021-08-21 18:00:00+00:00,62.0,174.0
2021-08-21 19:00:00+00:00,44.25,264.75
2021-08-21 20:00:00+00:00,35.25,291.25
2021-08-21 21:00:00+00:00,56.25,308.75
2021-08-21 22:00:00+00:00,172.0,327.5
2021-08-21 23:00:00+00:00,190.5,327.0
2021-08-22 00:00:00+00:00,274.75,262.75
2021-08-22 01:00:00+00:00,307.25,238.75
2021-08-22 02:00:00+00:00,313.0,197.5
2021-08-22 03:00:00+00:00,363.0,187.25
2021-08-22 04:00:00+00:00,275.0,161.0
2021-08-22 05:00:00+00:00,164.0,195.0
2021-08-22 06:00:00+00:00,179.75,232.25
2021-08-22 07:00:00+00:00,176.25,276.0
2021-08-22 08:00:00+00:00,234.75,335.75
2021-08-22 09:00:00+00:00,531.0,479.75
2021-08-22 10:00:00+00:00,411.25,579.0
2021-08-22 11:00:00+00:00,533.25,574.75
2021-08-22 12:00:00+00:00,706.75,579.0
2021-08-22 13:00:00+00:00,1000.0,592.5
2021-08-22 14:00:00+00:00,1117.25,651.0
2021-08-22 15:00:00+00:00,1230.5,620.75
2021-08-22 16:00:00+00:00,1557.25,561.25
2021-08-22 17:00:00+00:00,1522.75,700.75
2021-08-22 18:00:00+00:00,1313.25,893.25
2021-08-22 19:00:00+00:00,1269.75,894.5
2021-08-22 20:00:00+00:00,1277.0,881.0
2021-08-22 21:00:00+00:00,1330.0,848.0
2021-08-22 22:00:00+00:00,1282.25,818.75
2021-08-22 23:00:00+00:00,1269.75,802.5
2021-08-23 00:00:00+00:00,1376.25,800.75
2021-08-23 01:00:00+00:00,1323.25,701.5
2021-08-23 02:00:00+00:00,1352.0,683.25
2021-08-23 03:00:00+00:00,1515.75,697.75
2021-08-23 04:00:00+00:00,1521.25,709.75
2021-08-23 05:00:00+00:00,1439.0,691.25
2021-08-23 06:00:00+00:00,1404.5,656.0
2021-08-23 07:00:00+00:00,1343.5,641.25
2021-08-23 08:00:00+00:00,1142.75,662.5
2021-08-23 09:00:00+00:00,1064.25,608.75
2021-08-23 10:00:00+00:00,1029.75,513.0
2021-08-23 11:00:00+00:00,1049.0,528.75
2021-08-23 12:00:00+00:00,1080.5,613.75
2021-08-23 13:00:00+00:00,1112.25,649.5
2021-08-23 14:00:00+00:00,1207.75,669.25
2021-08-23 15:00:00+00:00,1144.0,657.5
2021-08-23 16:00:00+00:00,1136.5,659.75
2021-08-23 17:00:00+00:00,1186.5,609.5
2021-08-23 18:00:00+00:00,1225.25,632.0
2021-08-23 19:00:00+00:00,1295.5,705.0
2021-08-23 20:00:00+00:00,1378.25,780.75
2021-08-23 21:00:00+00:00,1312.75,711.0
2021-08-23 22:00:00+00:00,1236.0,679.75
2021-08-23 23:00:00+00:00,1168.0,688.0
2021-08-24 00:00:00+00:00,1144.25,639.25
2021-08-24 01:00:00+00:00,1004.5,621.25
2021-08-24 02:00:00+00:00,1039.0,582.75
2021-08-24 03:00:00+00:00,1087.5,563.5
2021-08-24 04:00:00+00:00,1088.25,542.75
2021-08-24 05:00:00+00:00,1050.75,485.0
2021-08-24 06:00:00+00:00,906.5,393.75
2021-08-24 07:00:00+00:00,759.25,315.0
2021-08-24 08:00:00+00:00,738.25,282.25
2021-08-24 09:00:00+00:00,812.5,267.75
2021-08-24 10:00:00+00:00,850.75,313.0
2021-08-24 11:00:00+00:00,851.0,327.75
2021-08-24 12:00:00+00:00,815.25,375.5
2021-08-24 13:00:00+00:00,726.75,420.75
2021-08-24 14:00:00+00:00,740.25,456.5
2021-08-24 15:00:00+00:00,830.25,503.25
2021-08-24 16:00:00+00:00,806.25,525.75
2021-08-24 17:00:00+00:00,935.0,462.5
2021-08-24 18:00:00+00:00,1044.75,468.75
2021-08-24 19:00:00+00:00,1014.75,510.5
2021-08-24 20:00:00+00:00,1014.75,507.25
2021-08-24 21:00:00+00:00,944.0,460.5
2021-08-24 22:00:00+00:00,780.25,420.0
2021-08-24 23:00:00+00:00,736.0,348.25
2021-08-25 00:00:00+00:00,555.25,265.0
2021-08-25 01:00:00+00:00,432.75,213.0
2021-08-25 02:00:00+00:00,381.25,180.75
2021-08-25 03:00:00+00:00,334.25,150.0
2021-08-25 04:00:00+00:00,353.5,135.25
2021-08-25 05:00:00+00:00,316.5,128.5
2021-08-25 06:00:00+00:00,364.0,113.75
2021-08-25 07:00:00+00:00,441.5,102.5
2021-08-25 08:00:00+00:00,434.25,125.0
2021-08-25 09:00:00+00:00,498.0,172.25
2021-08-25 10:00:00+00:00,481.75,203.0
2021-08-25 11:00:00+00:00,590.25,276.75
2021-08-25 12:00:00+00:00,677.5,351.5
2021-08-25 13:00:00+00:00,784.75,449.75
2021-08-25 14:00:00+00:00,921.5,582.75
2021-08-25 15:00:00+00:00,1003.5,677.25
2021-08-25 16:00:00+00:00,1098.25,759.5
2021-08-25 17:00:00+00:00,1160.5,815.0
2021-08-25 18:00:00+00:00,1317.25,830.0
2021-08-25 19:00:00+00:00,1258.25,820.25
2021-08-25 20:00:00+00:00,1398.5,783.0
2021-08-25 21:00:00+00:00,1380.0,781.0
2021-08-25 22:00:00+00:00,1457.5,811.25
2021-08-25 23:00:00+00:00,1436.5,836.0
2021-08-26 00:00:00+00:00,1561.0,760.5
2021-08-26 01:00:00+00:00,1634.5,760.0
2021-08-26 02:00:00+00:00,1715.25,812.5
2021-08-26 03:00:00+00:00,1705.25,797.0
2021-08-26 04:00:00+00:00,1638.0,706.5
2021-08-26 05:00:00+00:00,1386.75,685.75
2021-08-26 06:00:00+00:00,1177.0,695.5
2021-08-26 07:00:00+00:00,1150.25,663.0
2021-08-26 08:00:00+00:00,1116.75,691.75
2021-08-26 09:00:00+00:00,1288.75,719.25
2021-08-26 10:00:00+00:00,1253.25,660.75
2021-08-26 11:00:00+00:00,1278.25,579.5
2021-08-26 12:00:00+00:00,1615.75,622.5
2021-08-26 13:00:00+00:00,1694.75,677.25
2021-08-26 14:00:00+00:00,1841.75,897.25
2021-08-26 15:00:00+00:00,1836.5,956.5
2021-08-26 16:00:00+00:00,1902.5,952.5
2021-08-26 17:00:00+00:00,1983.25,795.5
2021-08-26 18:00:00+00:00,1978.5,665.5
2021-08-26 19:00:00+00:00,1718.75,653.5
2021-08-26 20:00:00+00:00,1519.0,689.0
2021-08-26 21:00:00+00:00,1425.25,680.25
2021-08-26 22:00:00+00:00,1293.75,666.75
2021-08-26 23:00:00+00:00,1156.0,620.0
2021-08-27 00:00:00+00:00,988.0,587.75
2021-08-27 01:00:00+00:00,867.75,605.0
2021-08-27 02:00:00+00:00,818.5,675.0
2021-08-27 03:00:00+00:00,807.75,701.75
2021-08-27 04:00:00+00:00,882.5,698.75
2021-08-27 05:00:00+00:00,925.25,706.25
2021-08-27 06:00:00+00:00,976.5,754.5
2021-08-27 07:00:00+00:00,1080.75,776.25
2021-08-27 08:00:00+00:00,1132.0,991.5
2021-08-27 09:00:00+00:00,1101.0,1085.0
2021-08-27 10:00:00+00:00,1114.25,1057.5
2021-08-27 11:00:00+00:00,1080.75,1044.5
2021-08-27 12:00:00+00:00,1178.75,1163.0
2021-08-27 13:00:00+00:00,1282.5,1268.0
2021-08-27 14:00:00+00:00,1332.25,1327.0
2021-08-27 15:00:00+00:00,1489.0,1281.75
2021-08-27 16:00:00+00:00,1707.5,1197.75
2021-08-27 17:00:00+00:00,1693.75,980.75
2021-08-27 18:00:00+00:00,1789.75,822.75
2021-08-27 19:00:00+00:00,1750.0,751.0
2021-08-27 20:00:00+00:00,1824.25,711.5
2021-08-27 21:00:00+00:00,1843.25,591.75
2021-08-27 22:00:00+00:00,1797.5,531.0
2021-08-27 23:00:00+00:00,1719.5,540.0
2021-08-28 00:00:00+00:00,1858.25,570.25
2021-08-28 01:00:00+00:00,1600.75,624.25
2021-08-28 02:00:00+00:00,1637.75,651.25
2021-08-28 03:00:00+00:00,1615.5,674.0
2021-08-28 04:00:00+00:00,1663.25,729.0
2021-08-28 05:00:00+00:00,1754.5,776.5
2021-08-28 06:00:00+00:00,1969.0,764.25
2021-08-28 07:00:00+00:00,2056.5,857.75
2021-08-28 08:00:00+00:00,1848.25,951.5
2021-08-28 09:00:00+00:00,1683.0,985.75
2021-08-28 10:00:00+00:00,1586.75,977.5
2021-08-28 11:00:00+00:00,1551.75,1006.25
2021-08-28 12:00:00+00:00,1522.5,1011.25
2021-08-28 13:00:00+00:00,1711.0,1001.75
2021-08-28 14:00:00+00:00,1843.25,1060.25
2021-08-28 15:00:00+00:00,1970.5,1070.5
2021-08-28 16:00:00+00:00,1996.0,1018.75
2021-08-28 17:00:00+00:00,1953.75,822.75
2021-08-28 18:00:00+00:00,1780.5,754.0
2021-08-28 19:00:00+00:00,1777.25,706.25
2021-08-28 20:00:00+00:00,1716.0,699.0
2021-08-28 21:00:00+00:00,1692.75,689.25
2021-08-28 22:00:00+00:00,1765.25,698.0
2021-08-28 23:00:00+00:00,1569.25,690.5
2021-08-29 00:00:00+00:00,1451.0,703.5
2021-08-29 01:00:00+00:00,1436.75,808.75
2021-08-29 02:00:00+00:00,1435.75,782.5
2021-08-29 03:00:00+00:00,1629.75,780.25
2021-08-29 04:00:00+00:00,1789.5,837.25
2021-08-29 05:00:00+00:00,1732.75,897.5
2021-08-29 06:00:00+00:00,1677.75,944.75
2021-08-29 07:00:00+00:00,1539.75,982.0
2021-08-29 08:00:00+00:00,1474.5,1002.5
2021-08-29 09:00:00+00:00,1535.75,978.25
2021-08-29 10:00:00+00:00,1397.5,838.25
2021-08-29 11:00:00+00:00,1463.5,808.25
2021-08-29 12:00:00+00:00,1664.5,779.5
2021-08-29 13:00:00+00:00,1643.75,784.25
2021-08-29 14:00:00+00:00,1638.25,815.25
2021-08-29 15:00:00+00:00,1772.25,784.75
2021-08-29 16:00:00+00:00,1802.0,713.5
2021-08-29 17:00:00+00:00,1754.5,671.25
2021-08-29 18:00:00+00:00,1419.75,623.25
2021-08-29 19:00:00+00:00,1393.0,605.75
2021-08-29 20:00:00+00:00,1362.5,589.5
2021-08-29 21:00:00+00:00,1322.25,568.25
2021-08-29 22:00:00+00:00,1257.5,577.25
2021-08-29 23:00:00+00:00,1112.75,485.25
2021-08-30 00:00:00+00:00,1014.75,394.5
2021-08-30 01:00:00+00:00,1005.25,402.0
2021-08-30 02:00:00+00:00,1126.25,448.0
2021-08-30 03:00:00+00:00,1063.0,450.0
2021-08-30 04:00:00+00:00,876.0,508.5
2021-08-30 05:00:00+00:00,1090.75,516.0
2021-08-30 06:00:00+00:00,1098.0,556.0
2021-08-30 07:00:00+00:00,1209.5,519.75
2021-08-30 08:00:00+00:00,1359.0,452.5
2021-08-30 09:00:00+00:00,1252.75,479.0
2021-08-30 10:00:00+00:00,1116.25,503.75
2021-08-30 11:00:00+00:00,1100.0,563.0
2021-08-30 12:00:00+00:00,1240.5,662.25
2021-08-30 13:00:00+00:00,1330.75,829.0
2021-08-30 14:00:00+00:00,1401.25,896.0
2021-08-30 15:00:00+00:00,1416.25,920.25
2021-08-30 16:00:00+00:00,1437.5,930.0
2021-08-30 17:00:00+00:00,1463.75,832.75
2021-08-30 18:00:00+00:00,1285.25,717.75
2021-08-30 19:00:00+00:00,1275.25,643.5
2021-08-30 20:00:00+00:00,1224.75,588.75
2021-08-30 21:00:00+00:00,1083.0,530.5
2021-08-30 22:00:00+00:00,1021.0,492.5
2021-08-30 23:00:00+00:00,1059.0,449.5
2021-08-31 00:00:00+00:00,1084.0,443.5
2021-08-31 01:00:00+00:00,1030.5,445.5
2021-08-31 02:00:00+00:00,973.25,438.5
2021-08-31 03:00:00+00:00,989.5,412.75
2021-08-31 04:00:00+00:00,1017.75,432.75
2021-08-31 05:00:00+00:00,1008.0,454.5
2021-08-31 06:00:00+00:00,898.25,379.75
2021-08-31 07:00:00+00:00,862.75,398.75
2021-08-31 08:00:00+00:00,760.25,467.5
2021-08-31 09:00:00+00:00,882.25,453.25
2021-08-31 10:00:00+00:00,926.0,439.5
2021-08-31 11:00:00+00:00,902.5,423.0
2021-08-31 12:00:00+00:00,952.25,460.5
2021-08-31 13:00:00+00:00,995.75,527.5
2021-08-31 14:00:00+00:00,1024.0,589.0
2021-08-31 15:00:00+00:00,1091.0,591.0
2021-08-31 16:00:00+00:00,1138.5,537.5
2021-08-31 17:00:00+00:00,931.5,482.5
2021-08-31 18:00:00+00:00,758.0,465.0
2021-08-31 19:00:00+00:00,778.5,388.25
2021-08-31 20:00:00+00:00,805.0,376.5
2021-08-31 21:00:00+00:00,763.0,340.75
2021-08-31 22:00:00+00:00,831.25,361.25
2021-08-31 23:00:00+00:00,685.25,340.5
2021-09-01 00:00:00+00:00,725.25,284.75
2021-09-01 01:00:00+00:00,603.75,261.0
2021-09-01 02:00:00+00:00,547.0,169.5
2021-09-01 03:00:00+00:00,379.5,178.5
2021-09-01 04:00:00+00:00,399.75,140.75
2021-09-01 05:00:00+00:00,505.25,126.0
2021-09-01 06:00:00+00:00,285.25,123.0
2021-09-01 07:00:00+00:00,165.75,128.25
2021-09-01 08:00:00+00:00,325.5,123.25
2021-09-01 09:00:00+00:00,260.0,126.75
2021-09-01 10:00:00+00:00,316.75,113.75
2021-09-01 11:00:00+00:00,233.5,124.75
2021-09-01 12:00:00+00:00,377.0,146.0
2021-09-01 13:00:00+00:00,259.25,164.75
2021-09-01 14:00:00+00:00,279.0,169.25
2021-09-01 15:00:00+00:00,369.5,159.25
2021-09-01 16:00:00+00:00,349.0,160.25
2021-09-01 17:00:00+00:00,399.75,170.0
2021-09-01 18:00:00+00:00,420.5,163.0
2021-09-01 19:00:00+00:00,484.25,145.75
2021-09-01 20:00:00+00:00,452.75,143.75
2021-09-01 21:00:00+00:00,458.75,134.0
2021-09-01 22:00:00+00:00,275.25,120.0
2021-09-01 23:00:00+00:00,274.75,116.25
2021-09-02 00:00:00+00:00,140.0,105.75
2021-09-02 01:00:00+00:00,154.75,114.75
2021-09-02 02:00:00+00:00,185.25,120.5
2021-09-02 03:00:00+00:00,205.0,130.5
2021-09-02 04:00:00+00:00,155.0,109.75
2021-09-02 05:00:00+00:00,190.0,104.0
2021-09-02 06:00:00+00:00,166.0,98.0
2021-09-02 07:00:00+00:00,102.75,97.75
2021-09-02 08:00:00+00:00,96.25,100.5
2021-09-02 09:00:00+00:00,107.75,100.0
2021-09-02 10:00:00+00:00,121.25,96.5
2021-09-02 11:00:00+00:00,197.75,91.75
2021-09-02 12:00:00+00:00,271.75,99.25
2021-09-02 13:00:00+00:00,314.75,118.5
2021-09-02 14:00:00+00:00,365.0,142.25
2021-09-02 15:00:00+00:00,423.25,182.5
2021-09-02 16:00:00+00:00,463.5,199.25
2021-09-02 17:00:00+00:00,420.25,215.0
2021-09-02 18:00:00+00:00,384.0,236.25
2021-09-02 19:00:00+00:00,409.5,289.25
2021-09-02 20:00:00+00:00,424.75,318.0
2021-09-02 21:00:00+00:00,425.25,340.5
2021-09-02 22:00:00+00:00,417.75,325.0
2021-09-02 23:00:00+00:00,357.25,311.25
2021-09-03 00:00:00+00:00,343.25,303.75
2021-09-03 01:00:00+00:00,393.25,285.75
2021-09-03 02:00:00+00:00,415.75,276.5
2021-09-03 03:00:00+00:00,389.5,222.0
2021-09-03 04:00:00+00:00,411.0,186.0
2021-09-03 05:00:00+00:00,452.75,182.5
2021-09-03 06:00:00+00:00,417.5,150.5
2021-09-03 07:00:00+00:00,323.75,86.0
2021-09-03 08:00:00+00:00,292.5,73.75
2021-09-03 09:00:00+00:00,312.75,97.5
2021-09-03 10:00:00+00:00,363.5,105.25
2021-09-03 11:00:00+00:00,418.75,105.5
2021-09-03 12:00:00+00:00,484.75,116.25
2021-09-03 13:00:00+00:00,654.25,165.75
2021-09-03 14:00:00+00:00,809.0,227.5
2021-09-03 15:00:00+00:00,888.25,305.75
2021-09-03 16:00:00+00:00,977.25,340.5
2021-09-03 17:00:00+00:00,1144.25,351.75
2021-09-03 18:00:00+00:00,1192.5,417.5
2021-09-03 19:00:00+00:00,1205.25,440.25
2021-09-03 20:00:00+00:00,1079.75,423.5
2021-09-03 21:00:00+00:00,926.0,374.75
2021-09-03 22:00:00+00:00,755.0,333.5
2021-09-03 23:00:00+00:00,661.75,296.0
2021-09-04 00:00:00+00:00,539.25,315.25
2021-09-04 01:00:00+00:00,488.75,308.0
2021-09-04 02:00:00+00:00,468.5,278.75
2021-09-04 03:00:00+00:00,545.75,252.5
2021-09-04 04:00:00+00:00,694.5,277.0
2021-09-04 05:00:00+00:00,783.5,295.75
2021-09-04 06:00:00+00:00,771.75,286.25
2021-09-04 07:00:00+00:00,815.75,288.75
2021-09-04 08:00:00+00:00,851.75,262.25
2021-09-04 09:00:00+00:00,664.75,267.75
2021-09-04 10:00:00+00:00,516.75,237.25
2021-09-04 11:00:00+00:00,385.25,197.25
2021-09-04 12:00:00+00:00,301.25,158.25
2021-09-04 13:00:00+00:00,212.5,131.0
2021-09-04 14:00:00+00:00,216.25,125.25
2021-09-04 15:00:00+00:00,343.25,143.75
2021-09-04 16:00:00+00:00,425.25,183.75
2021-09-04 17:00:00+00:00,448.0,247.25
2021-09-04 18:00:00+00:00,462.0,384.0
2021-09-04 19:00:00+00:00,541.25,532.0
2021-09-04 20:00:00+00:00,585.0,609.5
2021-09-04 21:00:00+00:00,591.5,592.25
2021-09-04 22:00:00+00:00,549.25,572.75
2021-09-04 23:00:00+00:00,457.0,524.75
2021-09-05 00:00:00+00:00,353.0,449.25
2021-09-05 01:00:00+00:00,307.25,363.0
2021-09-05 02:00:00+00:00,269.25,295.5
2021-09-05 03:00:00+00:00,243.0,265.5
2021-09-05 04:00:00+00:00,204.5,263.0
2021-09-05 05:00:00+00:00,279.25,297.5
2021-09-05 06:00:00+00:00,267.0,264.5
2021-09-05 07:00:00+00:00,216.0,162.5
2021-09-05 08:00:00+00:00,202.75,94.0
2021-09-05 09:00:00+00:00,207.75,118.75
2021-09-05 10:00:00+00:00,183.0,149.0
2021-09-05 11:00:00+00:00,198.5,132.5
2021-09-05 12:00:00+00:00,205.0,91.25
2021-09-05 13:00:00+00:00,169.25,82.25
2021-09-05 14:00:00+00:00,174.75,79.0
2021-09-05 15:00:00+00:00,167.5,77.75
2021-09-05 16:00:00+00:00,138.0,92.5
2021-09-05 17:00:00+00:00,145.5,109.5
2021-09-05 18:00:00+00:00,176.75,172.0
2021-09-05 19:00:00+00:00,155.75,212.0
2021-09-05 20:00:00+00:00,140.75,218.0
2021-09-05 21:00:00+00:00,97.75,209.0
2021-09-05 22:00:00+00:00,94.75,197.5
2021-09-05 23:00:00+00:00,76.0,162.25
2021-09-06 00:00:00+00:00,39.25,107.5
2021-09-06 01:00:00+00:00,17.25,70.0
2021-09-06 02:00:00+00:00,3.75,43.0
2021-09-06 03:00:00+00:00,1.0,26.0
2021-09-06 04:00:00+00:00,1.0,22.5
2021-09-06 05:00:00+00:00,1.0,22.0
2021-09-06 06:00:00+00:00,1.0,22.0
2021-09-06 07:00:00+00:00,1.0,21.25
2021-09-06 08:00:00+00:00,1.0,21.25
2021-09-06 09:00:00+00:00,1.0,20.75
2021-09-06 10:00:00+00:00,1.0,21.0
2021-09-06 11:00:00+00:00,1.0,21.75
2021-09-06 12:00:00+00:00,5.5,21.75
2021-09-06 13:00:00+00:00,3.5,22.0
2021-09-06 14:00:00+00:00,2.25,17.0
2021-09-06 15:00:00+00:00,1.5,8.75
2021-09-06 16:00:00+00:00,1.0,4.25
2021-09-06 17:00:00+00:00,3.75,5.5
2021-09-06 18:00:00+00:00,11.0,6.75
2021-09-06 19:00:00+00:00,14.0,10.0
2021-09-06 20:00:00+00:00,15.5,20.75
2021-09-06 21:00:00+00:00,27.75,20.0
2021-09-06 22:00:00+00:00,65.25,22.5
2021-09-06 23:00:00+00:00,93.0,33.0
2021-09-07 00:00:00+00:00,107.25,42.75
2021-09-07 01:00:00+00:00,114.0,52.25
2021-09-07 02:00:00+00:00,85.5,45.0
2021-09-07 03:00:00+00:00,60.0,48.0
2021-09-07 04:00:00+00:00,35.75,41.0
2021-09-07 05:00:00+00:00,27.0,40.75
2021-09-07 06:00:00+00:00,28.0,22.0
2021-09-07 07:00:00+00:00,40.25,15.5
2021-09-07 08:00:00+00:00,48.5,8.75
2021-09-07 09:00:00+00:00,47.75,6.5
2021-09-07 10:00:00+00:00,33.0,7.0
2021-09-07 11:00:00+00:00,32.0,7.75
2021-09-07 12:00:00+00:00,43.0,9.5
2021-09-07 13:00:00+00:00,62.75,12.25
2021-09-07 14:00:00+00:00,81.0,16.0
2021-09-07 15:00:00+00:00,118.5,21.25
2021-09-07 16:00:00+00:00,171.75,39.5
2021-09-07 17:00:00+00:00,406.5,74.0
2021-09-07 18:00:00+00:00,439.75,155.25
2021-09-07 19:00:00+00:00,470.25,266.25
2021-09-07 20:00:00+00:00,562.75,315.75
2021-09-07 21:00:00+00:00,758.5,335.25
2021-09-07 22:00:00+00:00,718.0,346.0
2021-09-07 23:00:00+00:00,554.0,344.0
2021-09-08 00:00:00+00:00,424.0,351.75
2021-09-08 01:00:00+00:00,346.25,352.25
2021-09-08 02:00:00+00:00,265.25,305.25
2021-09-08 03:00:00+00:00,215.25,236.0
2021-09-08 04:00:00+00:00,190.75,192.5
2021-09-08 05:00:00+00:00,146.5,184.0
2021-09-08 06:00:00+00:00,167.5,155.75
2021-09-08 07:00:00+00:00,169.5,100.5
2021-09-08 08:00:00+00:00,167.75,78.25
2021-09-08 09:00:00+00:00,170.5,111.0
2021-09-08 10:00:00+00:00,118.75,142.5
2021-09-08 11:00:00+00:00,144.5,165.75
2021-09-08 12:00:00+00:00,252.0,186.0
2021-09-08 13:00:00+00:00,432.0,187.5
2021-09-08 14:00:00+00:00,391.25,192.25
2021-09-08 15:00:00+00:00,364.75,237.75
2021-09-08 16:00:00+00:00,437.5,285.25
2021-09-08 17:00:00+00:00,436.0,338.5
2021-09-08 18:00:00+00:00,483.5,430.25
2021-09-08 19:00:00+00:00,572.0,514.25
2021-09-08 20:00:00+00:00,671.25,589.0
2021-09-08 21:00:00+00:00,750.5,613.75
2021-09-08 22:00:00+00:00,666.25,571.0
2021-09-08 23:00:00+00:00,501.25,519.5
2021-09-09 00:00:00+00:00,413.75,446.75
2021-09-09 01:00:00+00:00,367.5,364.75
2021-09-09 02:00:00+00:00,334.5,344.0
2021-09-09 03:00:00+00:00,257.25,309.25
2021-09-09 04:00:00+00:00,250.75,307.0
2021-09-09 05:00:00+00:00,322.75,319.25
2021-09-09 06:00:00+00:00,237.75,287.0
2021-09-09 07:00:00+00:00,256.25,203.25
2021-09-09 08:00:00+00:00,237.25,158.75
2021-09-09 09:00:00+00:00,247.25,139.25
2021-09-09 10:00:00+00:00,316.25,151.75
2021-09-09 11:00:00+00:00,303.75,183.0
2021-09-09 12:00:00+00:00,274.75,221.25
2021-09-09 13:00:00+00:00,216.5,218.5
2021-09-09 14:00:00+00:00,130.25,248.0
2021-09-09 15:00:00+00:00,176.0,204.25
2021-09-09 16:00:00+00:00,163.5,155.25
2021-09-09 17:00:00+00:00,137.5,166.75
2021-09-09 18:00:00+00:00,106.75,158.5
2021-09-09 19:00:00+00:00,116.0,123.5
2021-09-09 20:00:00+00:00,120.25,109.75
2021-09-09 21:00:00+00:00,96.5,127.5
2021-09-09 22:00:00+00:00,74.75,137.75
2021-09-09 23:00:00+00:00,51.25,163.25
2021-09-10 00:00:00+00:00,68.75,185.25
2021-09-10 01:00:00+00:00,116.5,176.0
2021-09-10 02:00:00+00:00,127.25,199.0
2021-09-10 03:00:00+00:00,112.0,201.75
2021-09-10 04:00:00+00:00,143.25,181.75
2021-09-10 05:00:00+00:00,144.0,188.0
2021-09-10 06:00:00+00:00,187.75,194.75
2021-09-10 07:00:00+00:00,237.5,197.25
2021-09-10 08:00:00+00:00,220.25,199.75
2021-09-10 09:00:00+00:00,196.75,188.25
2021-09-10 10:00:00+00:00,167.25,154.25
2021-09-10 11:00:00+00:00,187.5,157.75
2021-09-10 12:00:00+00:00,207.25,165.75
2021-09-10 13:00:00+00:00,231.75,208.0
2021-09-10 14:00:00+00:00,292.5,276.0
2021-09-10 15:00:00+00:00,379.75,201.5
2021-09-10 16:00:00+00:00,535.25,184.25
2021-09-10 17:00:00+00:00,800.0,159.75
2021-09-10 18:00:00+00:00,676.25,174.5
2021-09-10 19:00:00+00:00,730.25,191.5
2021-09-10 20:00:00+00:00,809.25,257.5
2021-09-10 21:00:00+00:00,751.5,313.75
2021-09-10 22:00:00+00:00,761.25,381.0
2021-09-10 23:00:00+00:00,764.0,454.0
2021-09-11 00:00:00+00:00,761.0,526.25
2021-09-11 01:00:00+00:00,840.25,581.25
2021-09-11 02:00:00+00:00,861.5,555.25
2021-09-11 03:00:00+00:00,812.75,560.75
2021-09-11 04:00:00+00:00,619.5,526.75
2021-09-11 05:00:00+00:00,544.25,511.5
2021-09-11 06:00:00+00:00,547.75,476.5
2021-09-11 07:00:00+00:00,536.5,513.25
2021-09-11 08:00:00+00:00,488.0,583.5
2021-09-11 09:00:00+00:00,568.5,547.25
2021-09-11 10:00:00+00:00,545.75,588.75
2021-09-11 11:00:00+00:00,554.0,619.25
2021-09-11 12:00:00+00:00,559.0,549.75
2021-09-11 13:00:00+00:00,593.25,503.0
2021-09-11 14:00:00+00:00,603.0,486.5
2021-09-11 15:00:00+00:00,723.75,525.5
2021-09-11 16:00:00+00:00,939.75,543.5
2021-09-11 17:00:00+00:00,930.25,464.0
2021-09-11 18:00:00+00:00,926.5,410.75
2021-09-11 19:00:00+00:00,847.0,417.0
2021-09-11 20:00:00+00:00,794.0,441.75
2021-09-11 21:00:00+00:00,667.5,443.25
2021-09-11 22:00:00+00:00,641.25,408.25
2021-09-11 23:00:00+00:00,548.5,416.5
2021-09-12 00:00:00+00:00,383.25,403.75
2021-09-12 01:00:00+00:00,292.25,446.75
2021-09-12 02:00:00+00:00,203.5,447.75
2021-09-12 03:00:00+00:00,171.25,372.5
2021-09-12 04:00:00+00:00,132.25,314.75
2021-09-12 05:00:00+00:00,128.75,277.0
2021-09-12 06:00:00+00:00,120.5,239.75
2021-09-12 07:00:00+00:00,168.75,216.5
2021-09-12 08:00:00+00:00,209.25,201.75
2021-09-12 09:00:00+00:00,259.25,191.5
2021-09-12 10:00:00+00:00,245.75,205.0
2021-09-12 11:00:00+00:00,235.25,218.25
2021-09-12 12:00:00+00:00,241.5,237.0
2021-09-12 13:00:00+00:00,247.5,277.5
2021-09-12 14:00:00+00:00,236.0,308.0
2021-09-12 15:00:00+00:00,318.75,359.75
2021-09-12 16:00:00+00:00,249.75,362.75
2021-09-12 17:00:00+00:00,229.5,333.0
2021-09-12 18:00:00+00:00,279.75,332.0
2021-09-12 19:00:00+00:00,338.75,297.0
2021-09-12 20:00:00+00:00,311.25,273.25
2021-09-12 21:00:00+00:00,323.75,241.25
2021-09-12 22:00:00+00:00,277.5,240.75
2021-09-12 23:00:00+00:00,233.25,182.25
2021-09-13 00:00:00+00:00,194.75,145.75
2021-09-13 01:00:00+00:00,121.75,129.0
2021-09-13 02:00:00+00:00,103.5,104.0
2021-09-13 03:00:00+00:00,113.5,99.5
2021-09-13 04:00:00+00:00,85.5,96.25
2021-09-13 05:00:00+00:00,74.0,80.5
2021-09-13 06:00:00+00:00,100.0,72.75
2021-09-13 07:00:00+00:00,69.5,83.0
2021-09-13 08:00:00+00:00,40.25,82.5
2021-09-13 09:00:00+00:00,58.0,77.75
2021-09-13 10:00:00+00:00,93.0,79.75
2021-09-13 11:00:00+00:00,78.0,84.0
2021-09-13 12:00:00+00:00,94.75,91.0
2021-09-13 13:00:00+00:00,105.25,98.75
2021-09-13 14:00:00+00:00,123.75,110.5
2021-09-13 15:00:00+00:00,200.0,113.75
2021-09-13 16:00:00+00:00,253.75,124.5
2021-09-13 17:00:00+00:00,221.0,155.75
2021-09-13 18:00:00+00:00,279.75,204.75
2021-09-13 19:00:00+00:00,244.75,288.25
2021-09-13 20:00:00+00:00,292.25,379.25
2021-09-13 21:00:00+00:00,359.5,436.0
2021-09-13 22:00:00+00:00,333.5,510.5
2021-09-13 23:00:00+00:00,310.0,483.75
2021-09-14 00:00:00+00:00,319.75,469.5
2021-09-14 01:00:00+00:00,368.25,490.25
2021-09-14 02:00:00+00:00,420.25,477.75
2021-09-14 03:00:00+00:00,381.75,456.25
2021-09-14 04:00:00+00:00,293.0,495.0
2021-09-14 05:00:00+00:00,309.0,493.75
2021-09-14 06:00:00+00:00,299.75,487.75
2021-09-14 07:00:00+00:00,300.0,358.5
2021-09-14 08:00:00+00:00,322.25,259.25
2021-09-14 09:00:00+00:00,332.5,256.75
2021-09-14 10:00:00+00:00,326.25,221.5
2021-09-14 11:00:00+00:00,306.75,215.0
2021-09-14 12:00:00+00:00,244.5,200.75
2021-09-14 13:00:00+00:00,160.75,179.5
2021-09-14 14:00:00+00:00,184.25,169.0
2021-09-14 15:00:00+00:00,233.0,171.5
2021-09-14 16:00:00+00:00,230.0,243.5
2021-09-14 17:00:00+00:00,248.0,328.75
2021-09-14 18:00:00+00:00,273.75,293.25
2021-09-14 19:00:00+00:00,243.25,269.25
2021-09-14 20:00:00+00:00,212.25,224.25
2021-09-14 21:00:00+00:00,200.75,179.5
2021-09-14 22:00:00+00:00,292.0,208.75
2021-09-14 23:00:00+00:00,234.75,202.75
2021-09-15 00:00:00+00:00,219.5,184.5
2021-09-15 01:00:00+00:00,204.75,185.0
2021-09-15 02:00:00+00:00,162.0,183.0
2021-09-15 03:00:00+00:00,181.0,179.0
2021-09-15 04:00:00+00:00,149.25,175.25
2021-09-15 05:00:00+00:00,237.75,155.25
2021-09-15 06:00:00+00:00,542.0,178.25
2021-09-15 07:00:00+00:00,711.5,225.75
2021-09-15 08:00:00+00:00,616.0,269.0
2021-09-15 09:00:00+00:00,406.75,217.25
2021-09-15 10:00:00+00:00,456.75,258.25
2021-09-15 11:00:00+00:00,587.5,347.25
2021-09-15 12:00:00+00:00,704.5,456.5
2021-09-15 13:00:00+00:00,687.25,550.25
2021-09-15 14:00:00+00:00,556.25,641.75
2021-09-15 15:00:00+00:00,476.5,745.0
2021-09-15 16:00:00+00:00,625.25,775.25
2021-09-15 17:00:00+00:00,641.5,786.75
2021-09-15 18:00:00+00:00,603.5,724.25
2021-09-15 19:00:00+00:00,566.75,667.25
2021-09-15 20:00:00+00:00,480.75,607.0
2021-09-15 21:00:00+00:00,408.25,514.5
2021-09-15 22:00:00+00:00,319.75,475.0
2021-09-15 23:00:00+00:00,292.0,560.75
2021-09-16 00:00:00+00:00,369.75,593.0
2021-09-16 01:00:00+00:00,352.75,672.75
2021-09-16 02:00:00+00:00,321.5,655.5
2021-09-16 03:00:00+00:00,344.75,727.75
2021-09-16 04:00:00+00:00,692.5,655.25
2021-09-16 05:00:00+00:00,629.5,521.75
2021-09-16 06:00:00+00:00,587.25,539.0
2021-09-16 07:00:00+00:00,555.25,516.75
2021-09-16 08:00:00+00:00,602.25,500.0
2021-09-16 09:00:00+00:00,694.75,518.25
2021-09-16 10:00:00+00:00,435.5,539.25
2021-09-16 11:00:00+00:00,435.25,591.25
2021-09-16 12:00:00+00:00,580.5,537.0
2021-09-16 13:00:00+00:00,618.5,465.5
2021-09-16 14:00:00+00:00,577.25,435.75
2021-09-16 15:00:00+00:00,309.75,347.25
2021-09-16 16:00:00+00:00,383.5,251.5
2021-09-16 17:00:00+00:00,327.75,194.0
2021-09-16 18:00:00+00:00,231.25,170.5
2021-09-16 19:00:00+00:00,209.5,155.5
2021-09-16 20:00:00+00:00,181.0,144.0
2021-09-16 21:00:00+00:00,133.5,130.0
2021-09-16 22:00:00+00:00,180.75,132.75
2021-09-16 23:00:00+00:00,177.75,142.75
2021-09-17 00:00:00+00:00,137.25,145.25
2021-09-17 01:00:00+00:00,125.0,133.5
2021-09-17 02:00:00+00:00,112.0,125.75
2021-09-17 03:00:00+00:00,91.75,116.0
2021-09-17 04:00:00+00:00,102.75,113.75
2021-09-17 05:00:00+00:00,130.75,103.0
2021-09-17 06:00:00+00:00,171.25,105.5
2021-09-17 07:00:00+00:00,181.0,97.5
2021-09-17 08:00:00+00:00,175.75,96.0
2021-09-17 09:00:00+00:00,135.5,106.25
2021-09-17 10:00:00+00:00,102.0,110.75
2021-09-17 11:00:00+00:00,63.25,101.0
2021-09-17 12:00:00+00:00,45.75,91.25
2021-09-17 13:00:00+00:00,16.0,95.5
2021-09-17 14:00:00+00:00,11.5,107.5
2021-09-17 15:00:00+00:00,13.5,151.5
2021-09-17 16:00:00+00:00,31.0,114.0
2021-09-17 17:00:00+00:00,46.0,94.0
2021-09-17 18:00:00+00:00,35.5,95.0
2021-09-17 19:00:00+00:00,75.5,91.75
2021-09-17 20:00:00+00:00,151.25,96.25
2021-09-17 21:00:00+00:00,174.5,99.0
2021-09-17 22:00:00+00:00,213.25,120.75
2021-09-17 23:00:00+00:00,209.0,159.75
2021-09-18 00:00:00+00:00,183.75,158.5
2021-09-18 01:00:00+00:00,143.0,163.0
2021-09-18 02:00:00+00:00,140.0,153.25
2021-09-18 03:00:00+00:00,146.5,135.75
2021-09-18 04:00:00+00:00,106.5,122.75
2021-09-18 05:00:00+00:00,68.0,111.75
2021-09-18 06:00:00+00:00,49.75,94.0
2021-09-18 07:00:00+00:00,48.25,72.25
2021-09-18 08:00:00+00:00,44.25,74.0
2021-09-18 09:00:00+00:00,34.0,76.0
2021-09-18 10:00:00+00:00,19.25,50.25
2021-09-18 11:00:00+00:00,6.25,50.0
2021-09-18 12:00:00+00:00,7.5,63.5
2021-09-18 13:00:00+00:00,15.75,75.75
2021-09-18 14:00:00+00:00,49.75,75.25
2021-09-18 15:00:00+00:00,73.75,90.0
2021-09-18 16:00:00+00:00,188.75,129.75
2021-09-18 17:00:00+00:00,399.25,182.25
2021-09-18 18:00:00+00:00,473.5,260.25
2021-09-18 19:00:00+00:00,693.0,333.0
2021-09-18 20:00:00+00:00,876.25,440.5
2021-09-18 21:00:00+00:00,853.0,530.75
2021-09-18 22:00:00+00:00,929.5,482.5
2021-09-18 23:00:00+00:00,942.75,460.75
2021-09-19 00:00:00+00:00,962.75,453.75
2021-09-19 01:00:00+00:00,929.75,416.0
2021-09-19 02:00:00+00:00,812.25,378.75
2021-09-19 03:00:00+00:00,766.75,391.75
2021-09-19 04:00:00+00:00,769.75,433.5
2021-09-19 05:00:00+00:00,676.5,409.25
2021-09-19 06:00:00+00:00,595.25,340.0
2021-09-19 07:00:00+00:00,576.75,266.25
2021-09-19 08:00:00+00:00,559.5,248.25
2021-09-19 09:00:00+00:00,445.75,265.25
2021-09-19 10:00:00+00:00,434.75,252.25
2021-09-19 11:00:00+00:00,399.0,245.75
2021-09-19 12:00:00+00:00,387.75,304.75
2021-09-19 13:00:00+00:00,328.0,278.25
2021-09-19 14:00:00+00:00,261.5,253.5
2021-09-19 15:00:00+00:00,238.5,251.5
2021-09-19 16:00:00+00:00,228.25,233.5
2021-09-19 17:00:00+00:00,254.5,299.75
2021-09-19 18:00:00+00:00,309.25,399.25
2021-09-19 19:00:00+00:00,345.5,437.0
2021-09-19 20:00:00+00:00,358.0,476.25
2021-09-19 21:00:00+00:00,310.0,460.5
2021-09-19 22:00:00+00:00,309.0,448.75
2021-09-19 23:00:00+00:00,260.5,435.0
2021-09-20 00:00:00+00:00,211.0,350.75
2021-09-20 01:00:00+00:00,163.5,299.75
2021-09-20 02:00:00+00:00,122.75,316.0
2021-09-20 03:00:00+00:00,110.5,342.25
2021-09-20 04:00:00+00:00,233.75,374.0
2021-09-20 05:00:00+00:00,348.5,396.25
2021-09-20 06:00:00+00:00,528.75,351.5
2021-09-20 07:00:00+00:00,568.25,264.25
2021-09-20 08:00:00+00:00,393.75,204.25
2021-09-20 09:00:00+00:00,326.5,222.0
2021-09-20 10:00:00+00:00,280.5,282.0
2021-09-20 11:00:00+00:00,246.5,234.75
2021-09-20 12:00:00+00:00,231.5,226.75
2021-09-20 13:00:00+00:00,199.25,209.25
2021-09-20 14:00:00+00:00,243.0,202.75
2021-09-20 15:00:00+00:00,270.5,192.5
2021-09-20 16:00:00+00:00,366.0,199.5
2021-09-20 17:00:00+00:00,527.5,227.0
2021-09-20 18:00:00+00:00,585.75,283.0
2021-09-20 19:00:00+00:00,519.25,240.75
2021-09-20 20:00:00+00:00,299.0,149.25
2021-09-20 21:00:00+00:00,176.75,105.5
2021-09-20 22:00:00+00:00,50.75,67.75
2021-09-20 23:00:00+00:00,59.75,53.25
2021-09-21 00:00:00+00:00,85.5,64.0
2021-09-21 01:00:00+00:00,144.5,77.5
2021-09-21 02:00:00+00:00,177.25,71.5
2021-09-21 03:00:00+00:00,228.0,70.5
2021-09-21 04:00:00+00:00,323.25,76.75
2021-09-21 05:00:00+00:00,368.5,113.75
2021-09-21 06:00:00+00:00,302.5,150.0
2021-09-21 07:00:00+00:00,275.5,171.75
2021-09-21 08:00:00+00:00,287.0,165.25
2021-09-21 09:00:00+00:00,333.25,164.25
2021-09-21 10:00:00+00:00,350.5,201.25
2021-09-21 11:00:00+00:00,296.75,221.0
2021-09-21 12:00:00+00:00,332.5,249.25
2021-09-21 13:00:00+00:00,286.5,285.5
2021-09-21 14:00:00+00:00,272.75,302.5
2021-09-21 15:00:00+00:00,214.0,290.0
2021-09-21 16:00:00+00:00,196.75,236.25
2021-09-21 17:00:00+00:00,144.75,192.0
2021-09-21 18:00:00+00:00,102.75,181.0
2021-09-21 19:00:00+00:00,32.25,138.75
2021-09-21 20:00:00+00:00,25.0,93.25
2021-09-21 21:00:00+00:00,32.5,82.25
2021-09-21 22:00:00+00:00,76.0,112.75
2021-09-21 23:00:00+00:00,117.25,128.5
2021-09-22 00:00:00+00:00,125.0,150.0
2021-09-22 01:00:00+00:00,220.75,186.75
2021-09-22 02:00:00+00:00,258.75,230.5
2021-09-22 03:00:00+00:00,298.5,250.0
2021-09-22 04:00:00+00:00,274.25,267.0
2021-09-22 05:00:00+00:00,208.0,251.25
2021-09-22 06:00:00+00:00,206.75,260.0
2021-09-22 07:00:00+00:00,223.5,238.25
2021-09-22 08:00:00+00:00,238.5,217.25
2021-09-22 09:00:00+00:00,223.0,230.25
2021-09-22 10:00:00+00:00,353.5,260.25
2021-09-22 11:00:00+00:00,474.25,305.75
2021-09-22 12:00:00+00:00,513.0,315.0
2021-09-22 13:00:00+00:00,595.75,288.25
2021-09-22 14:00:00+00:00,671.25,339.0
2021-09-22 15:00:00+00:00,804.0,379.75
2021-09-22 16:00:00+00:00,808.0,407.75
2021-09-22 17:00:00+00:00,795.0,440.25
2021-09-22 18:00:00+00:00,795.75,433.75
2021-09-22 19:00:00+00:00,750.0,493.25
2021-09-22 20:00:00+00:00,860.75,563.75
2021-09-22 21:00:00+00:00,871.75,616.0
2021-09-22 22:00:00+00:00,882.25,769.25
2021-09-22 23:00:00+00:00,1008.0,851.25
2021-09-23 00:00:00+00:00,1290.75,1016.5
2021-09-23 01:00:00+00:00,1326.0,1072.5
2021-09-23 02:00:00+00:00,1184.25,1060.5
2021-09-23 03:00:00+00:00,1314.25,993.0
2021-09-23 04:00:00+00:00,1498.25,1038.25
2021-09-23 05:00:00+00:00,1574.75,1038.25
2021-09-23 06:00:00+00:00,1683.25,1148.0
2021-09-23 07:00:00+00:00,1830.75,1191.75
2021-09-23 08:00:00+00:00,1898.5,1323.5
2021-09-23 09:00:00+00:00,1591.0,1513.25
2021-09-23 10:00:00+00:00,1403.75,1440.75
2021-09-23 11:00:00+00:00,1346.75,1363.75
2021-09-23 12:00:00+00:00,1415.25,1338.75
2021-09-23 13:00:00+00:00,1522.75,1364.75
2021-09-23 14:00:00+00:00,1480.0,1399.25
2021-09-23 15:00:00+00:00,1369.75,1252.0
2021-09-23 16:00:00+00:00,1129.0,1206.75
2021-09-23 17:00:00+00:00,1198.75,1069.25
2021-09-23 18:00:00+00:00,1044.75,855.5
2021-09-23 19:00:00+00:00,972.5,643.25
2021-09-23 20:00:00+00:00,956.5,477.75
2021-09-23 21:00:00+00:00,686.0,335.5
2021-09-23 22:00:00+00:00,381.75,247.5
2021-09-23 23:00:00+00:00,464.75,223.75
2021-09-24 00:00:00+00:00,484.0,314.75
2021-09-24 01:00:00+00:00,469.0,323.5
2021-09-24 02:00:00+00:00,411.25,368.0
2021-09-24 03:00:00+00:00,373.0,419.0
2021-09-24 04:00:00+00:00,517.0,491.0
2021-09-24 05:00:00+00:00,626.0,545.5
2021-09-24 06:00:00+00:00,719.5,448.75
2021-09-24 07:00:00+00:00,892.0,466.75
2021-09-24 08:00:00+00:00,972.0,565.5
2021-09-24 09:00:00+00:00,1177.75,699.5
2021-09-24 10:00:00+00:00,1412.5,867.5
2021-09-24 11:00:00+00:00,1572.75,1049.5
2021-09-24 12:00:00+00:00,1806.5,1174.0
2021-09-24 13:00:00+00:00,1985.0,1276.25
2021-09-24 14:00:00+00:00,1969.75,1350.25
2021-09-24 15:00:00+00:00,2007.75,1250.5
2021-09-24 16:00:00+00:00,1930.5,1128.0
2021-09-24 17:00:00+00:00,1913.5,1066.5
2021-09-24 18:00:00+00:00,1884.75,1023.75
2021-09-24 19:00:00+00:00,1630.75,928.0
2021-09-24 20:00:00+00:00,1356.25,924.5
2021-09-24 21:00:00+00:00,1127.5,926.5
2021-09-24 22:00:00+00:00,800.25,858.25
2021-09-24 23:00:00+00:00,755.25,725.5
2021-09-25 00:00:00+00:00,649.5,583.25
2021-09-25 01:00:00+00:00,470.25,446.25
2021-09-25 02:00:00+00:00,330.25,408.25
2021-09-25 03:00:00+00:00,203.25,372.5
2021-09-25 04:00:00+00:00,164.25,321.75
2021-09-25 05:00:00+00:00,135.75,265.75
2021-09-25 06:00:00+00:00,86.0,211.75
2021-09-25 07:00:00+00:00,58.25,138.5
2021-09-25 08:00:00+00:00,46.5,99.75
2021-09-25 09:00:00+00:00,16.0,87.25
2021-09-25 10:00:00+00:00,50.75,72.75
2021-09-25 11:00:00+00:00,20.75,61.5
2021-09-25 12:00:00+00:00,20.0,52.25
2021-09-25 13:00:00+00:00,19.0,54.25
2021-09-25 14:00:00+00:00,7.75,57.0
2021-09-25 15:00:00+00:00,1.0,59.25
2021-09-25 16:00:00+00:00,1.0,55.75
2021-09-25 17:00:00+00:00,4.5,59.25
2021-09-25 18:00:00+00:00,13.0,76.25
2021-09-25 19:00:00+00:00,62.0,113.5
2021-09-25 20:00:00+00:00,71.75,152.25
2021-09-25 21:00:00+00:00,89.75,180.25
2021-09-25 22:00:00+00:00,105.75,230.25
2021-09-25 23:00:00+00:00,133.5,255.5
2021-09-26 00:00:00+00:00,124.25,232.5
2021-09-26 01:00:00+00:00,115.75,217.0
2021-09-26 02:00:00+00:00,114.5,199.5
2021-09-26 03:00:00+00:00,121.25,187.0
2021-09-26 04:00:00+00:00,113.5,171.75
2021-09-26 05:00:00+00:00,121.5,170.0
2021-09-26 06:00:00+00:00,137.0,167.5
2021-09-26 07:00:00+00:00,146.75,129.0
2021-09-26 08:00:00+00:00,148.5,101.25
2021-09-26 09:00:00+00:00,209.5,93.5
2021-09-26 10:00:00+00:00,243.75,111.75
2021-09-26 11:00:00+00:00,201.75,140.0
2021-09-26 12:00:00+00:00,251.5,153.25
2021-09-26 13:00:00+00:00,227.25,192.5
2021-09-26 14:00:00+00:00,190.0,205.5
2021-09-26 15:00:00+00:00,244.75,186.75
2021-09-26 16:00:00+00:00,268.25,203.5
2021-09-26 17:00:00+00:00,210.5,195.0
2021-09-26 18:00:00+00:00,272.25,237.0
2021-09-26 19:00:00+00:00,327.75,309.5
2021-09-26 20:00:00+00:00,516.25,342.75
2021-09-26 21:00:00+00:00,671.5,339.25
2021-09-26 22:00:00+00:00,491.75,388.5
2021-09-26 23:00:00+00:00,466.5,280.0
2021-09-27 00:00:00+00:00,485.5,265.5
2021-09-27 01:00:00+00:00,497.75,360.0
2021-09-27 02:00:00+00:00,431.25,400.0
2021-09-27 03:00:00+00:00,499.0,362.25
2021-09-27 04:00:00+00:00,802.25,444.75
2021-09-27 05:00:00+00:00,1185.25,466.5
2021-09-27 06:00:00+00:00,1487.5,626.0
2021-09-27 07:00:00+00:00,1908.0,728.0
2021-09-27 08:00:00+00:00,2027.25,853.5
2021-09-27 09:00:00+00:00,2074.0,1027.0
2021-09-27 10:00:00+00:00,2025.25,1191.25
2021-09-27 11:00:00+00:00,2043.25,1337.25
2021-09-27 12:00:00+00:00,2150.5,1448.5
2021-09-27 13:00:00+00:00,2223.25,1528.5
2021-09-27 14:00:00+00:00,2099.75,1515.75
2021-09-27 15:00:00+00:00,1936.0,1541.25
2021-09-27 16:00:00+00:00,1458.5,1382.0
2021-09-27 17:00:00+00:00,1515.5,1077.25
2021-09-27 18:00:00+00:00,1289.75,794.0
2021-09-27 19:00:00+00:00,1341.25,554.5
2021-09-27 20:00:00+00:00,1644.0,469.25
2021-09-27 21:00:00+00:00,1431.5,478.5
2021-09-27 22:00:00+00:00,1471.5,516.0
2021-09-27 23:00:00+00:00,1417.25,478.0
2021-09-28 00:00:00+00:00,1184.5,502.75
2021-09-28 01:00:00+00:00,1061.75,540.75
2021-09-28 02:00:00+00:00,820.5,474.0
2021-09-28 03:00:00+00:00,722.25,451.25
2021-09-28 04:00:00+00:00,674.75,437.0
2021-09-28 05:00:00+00:00,770.5,433.5
2021-09-28 06:00:00+00:00,641.0,455.25
2021-09-28 07:00:00+00:00,582.25,353.0
2021-09-28 08:00:00+00:00,665.5,281.0
2021-09-28 09:00:00+00:00,768.75,250.5
2021-09-28 10:00:00+00:00,1036.5,286.5
2021-09-28 11:00:00+00:00,1214.5,371.25
2021-09-28 12:00:00+00:00,1188.5,424.25
2021-09-28 13:00:00+00:00,1127.25,466.0
2021-09-28 14:00:00+00:00,919.75,429.0
2021-09-28 15:00:00+00:00,781.25,402.25
2021-09-28 16:00:00+00:00,958.75,400.5
2021-09-28 17:00:00+00:00,994.75,397.0
2021-09-28 18:00:00+00:00,1277.75,573.75
2021-09-28 19:00:00+00:00,1595.5,760.5
2021-09-28 20:00:00+00:00,1915.75,960.75
2021-09-28 21:00:00+00:00,2106.75,1013.5
2021-09-28 22:00:00+00:00,2129.5,1009.25
2021-09-28 23:00:00+00:00,2186.75,984.0
2021-09-29 00:00:00+00:00,2222.0,1021.75
2021-09-29 01:00:00+00:00,2141.25,1060.25
2021-09-29 02:00:00+00:00,1332.0,1084.5
2021-09-29 03:00:00+00:00,1404.5,1061.5
2021-09-29 04:00:00+00:00,1516.25,1011.25
2021-09-29 05:00:00+00:00,1724.0,956.0
2021-09-29 06:00:00+00:00,2026.75,888.75
2021-09-29 07:00:00+00:00,1935.0,850.0
2021-09-29 08:00:00+00:00,1855.75,723.25
2021-09-29 09:00:00+00:00,1894.0,734.5
2021-09-29 10:00:00+00:00,1779.25,1145.5
2021-09-29 11:00:00+00:00,1910.0,979.75
2021-09-29 12:00:00+00:00,2125.5,986.5
2021-09-29 13:00:00+00:00,2107.0,1313.75
2021-09-29 14:00:00+00:00,2161.0,1511.5
2021-09-29 15:00:00+00:00,2174.5,1509.25
2021-09-29 16:00:00+00:00,2233.25,1366.25
2021-09-29 17:00:00+00:00,2225.75,1336.25
2021-09-29 18:00:00+00:00,2219.75,1359.25
2021-09-29 19:00:00+00:00,2196.0,1455.5
2021-09-29 20:00:00+00:00,2194.25,1425.5
2021-09-29 21:00:00+00:00,2176.0,1379.75
2021-09-29 22:00:00+00:00,2071.25,1377.75
2021-09-29 23:00:00+00:00,2032.75,1284.25
2021-09-30 00:00:00+00:00,1918.75,1278.5
2021-09-30 01:00:00+00:00,1717.75,1154.5
2021-09-30 02:00:00+00:00,1505.5,1074.5
2021-09-30 03:00:00+00:00,1432.0,1065.25
2021-09-30 04:00:00+00:00,1303.75,1030.75
2021-09-30 05:00:00+00:00,1121.25,1015.0
2021-09-30 06:00:00+00:00,1396.75,1058.0
2021-09-30 07:00:00+00:00,1549.5,879.75
2021-09-30 08:00:00+00:00,1658.25,889.5
2021-09-30 09:00:00+00:00,1605.75,903.25
2021-09-30 10:00:00+00:00,1524.75,982.0
2021-09-30 11:00:00+00:00,1902.0,1066.25
2021-09-30 12:00:00+00:00,2168.25,1194.0
2021-09-30 13:00:00+00:00,2208.0,1244.25
2021-09-30 14:00:00+00:00,2206.0,1360.75
2021-09-30 15:00:00+00:00,2213.25,1406.75
2021-09-30 16:00:00+00:00,2219.0,1448.0
2021-09-30 17:00:00+00:00,2218.25,1510.25
2021-09-30 18:00:00+00:00,2208.75,1587.5
2021-09-30 19:00:00+00:00,2216.25,1608.25
2021-09-30 20:00:00+00:00,2195.25,1662.75
2021-09-30 21:00:00+00:00,2175.75,1678.25
2021-09-30 22:00:00+00:00,2173.25,1694.0
2021-09-30 23:00:00+00:00,2208.25,1671.5
2021-10-01 00:00:00+00:00,2215.5,1657.75
2021-10-01 01:00:00+00:00,2201.25,1600.5
2021-10-01 02:00:00+00:00,2209.75,1533.25
2021-10-01 03:00:00+00:00,2212.25,1573.5
2021-10-01 04:00:00+00:00,2200.75,1523.0
2021-10-01 05:00:00+00:00,2180.25,1461.5
2021-10-01 06:00:00+00:00,2205.0,1462.75
2021-10-01 07:00:00+00:00,2192.25,1432.0
2021-10-01 08:00:00+00:00,2194.0,1487.25
2021-10-01 09:00:00+00:00,2164.0,1503.0
2021-10-01 10:00:00+00:00,2192.0,1492.5
2021-10-01 11:00:00+00:00,2196.75,1501.75
2021-10-01 12:00:00+00:00,2042.5,1422.25
2021-10-01 13:00:00+00:00,2062.75,1471.25
2021-10-01 14:00:00+00:00,1900.25,1350.5
2021-10-01 15:00:00+00:00,2084.5,1297.25
2021-10-01 16:00:00+00:00,2070.5,1244.0
2021-10-01 17:00:00+00:00,1690.0,1358.25
2021-10-01 18:00:00+00:00,1748.25,1375.5
2021-10-01 19:00:00+00:00,1019.0,1301.5
2021-10-01 20:00:00+00:00,545.0,1054.75
2021-10-01 21:00:00+00:00,565.75,852.5
2021-10-01 22:00:00+00:00,426.25,657.5
2021-10-01 23:00:00+00:00,264.0,317.75
2021-10-02 00:00:00+00:00,158.0,235.25
2021-10-02 01:00:00+00:00,74.25,189.0
2021-10-02 02:00:00+00:00,141.25,155.25
2021-10-02 03:00:00+00:00,241.5,180.5
2021-10-02 04:00:00+00:00,300.75,228.75
2021-10-02 05:00:00+00:00,472.75,239.75
2021-10-02 06:00:00+00:00,577.25,327.75
2021-10-02 07:00:00+00:00,747.0,365.25
2021-10-02 08:00:00+00:00,991.75,460.5
2021-10-02 09:00:00+00:00,1250.5,501.0
2021-10-02 10:00:00+00:00,1605.25,634.25
2021-10-02 11:00:00+00:00,2005.75,672.75
2021-10-02 12:00:00+00:00,2099.0,772.25
2021-10-02 13:00:00+00:00,2146.0,793.25
2021-10-02 14:00:00+00:00,2146.0,926.75
2021-10-02 15:00:00+00:00,2155.0,1074.0
2021-10-02 16:00:00+00:00,2181.0,1292.25
2021-10-02 17:00:00+00:00,2102.75,1516.0
2021-10-02 18:00:00+00:00,2171.5,1774.0
2021-10-02 19:00:00+00:00,2155.0,1853.25
2021-10-02 20:00:00+00:00,2167.75,1881.0
2021-10-02 21:00:00+00:00,2143.5,1871.0
2021-10-02 22:00:00+00:00,2116.25,1835.0
2021-10-02 23:00:00+00:00,1174.5,1773.5
2021-10-03 00:00:00+00:00,840.75,1677.5
2021-10-03 01:00:00+00:00,864.0,1492.5
2021-10-03 02:00:00+00:00,854.0,1269.0
2021-10-03 03:00:00+00:00,778.75,1041.5
2021-10-03 04:00:00+00:00,1015.25,569.25
2021-10-03 05:00:00+00:00,746.0,374.5
2021-10-03 06:00:00+00:00,556.5,303.25
2021-10-03 07:00:00+00:00,270.5,216.75
2021-10-03 08:00:00+00:00,171.75,114.5
2021-10-03 09:00:00+00:00,128.25,73.0
2021-10-03 10:00:00+00:00,179.75,71.75
2021-10-03 11:00:00+00:00,441.0,130.5
2021-10-03 12:00:00+00:00,850.0,312.25
2021-10-03 13:00:00+00:00,1431.75,404.75
2021-10-03 14:00:00+00:00,1783.5,486.5
2021-10-03 15:00:00+00:00,2026.25,686.75
2021-10-03 16:00:00+00:00,2125.0,986.5
2021-10-03 17:00:00+00:00,2212.25,1248.75
2021-10-03 18:00:00+00:00,2171.75,1374.75
2021-10-03 19:00:00+00:00,2192.0,1529.25
2021-10-03 20:00:00+00:00,2170.5,1582.0
2021-10-03 21:00:00+00:00,2174.75,1572.25
2021-10-03 22:00:00+00:00,2169.0,1548.0
2021-10-03 23:00:00+00:00,2206.0,1514.75
2021-10-04 00:00:00+00:00,2210.75,1428.5
2021-10-04 01:00:00+00:00,2146.25,1245.25
2021-10-04 02:00:00+00:00,2057.5,1062.25
2021-10-04 03:00:00+00:00,1778.25,874.75
2021-10-04 04:00:00+00:00,1488.25,904.25
2021-10-04 05:00:00+00:00,1569.0,1066.75
2021-10-04 06:00:00+00:00,1728.75,1091.5
2021-10-04 07:00:00+00:00,1851.0,1154.75
2021-10-04 08:00:00+00:00,1758.25,1169.5
2021-10-04 09:00:00+00:00,1774.25,1153.5
2021-10-04 10:00:00+00:00,1962.25,1236.5
2021-10-04 11:00:00+00:00,2111.0,1504.25
2021-10-04 12:00:00+00:00,2014.5,1560.25
2021-10-04 13:00:00+00:00,1886.5,1536.75
2021-10-04 14:00:00+00:00,1693.0,1443.0
2021-10-04 15:00:00+00:00,1477.5,1275.0
2021-10-04 16:00:00+00:00,1477.25,1089.5
2021-10-04 17:00:00+00:00,1740.25,988.0
2021-10-04 18:00:00+00:00,1672.75,910.25
2021-10-04 19:00:00+00:00,1793.0,1031.75
2021-10-04 20:00:00+00:00,1789.25,1153.5
2021-10-04 21:00:00+00:00,1944.0,1150.75
2021-10-04 22:00:00+00:00,2036.5,1179.75
2021-10-04 23:00:00+00:00,2043.5,1132.25
2021-10-05 00:00:00+00:00,2070.0,1116.5
2021-10-05 01:00:00+00:00,2058.5,1186.75
2021-10-05 02:00:00+00:00,1980.5,1172.0
2021-10-05 03:00:00+00:00,2123.0,1196.5
2021-10-05 04:00:00+00:00,2087.25,1178.75
2021-10-05 05:00:00+00:00,2056.0,1219.5
2021-10-05 06:00:00+00:00,2031.75,1227.75
2021-10-05 07:00:00+00:00,2108.75,1277.0
2021-10-05 08:00:00+00:00,2149.0,1242.0
2021-10-05 09:00:00+00:00,2146.75,1325.0
2021-10-05 10:00:00+00:00,2101.5,1409.5
2021-10-05 11:00:00+00:00,1802.25,1466.75
2021-10-05 12:00:00+00:00,1940.5,1339.25
2021-10-05 13:00:00+00:00,2058.25,1197.0
2021-10-05 14:00:00+00:00,2046.0,1223.25
2021-10-05 15:00:00+00:00,2135.75,1152.0
2021-10-05 16:00:00+00:00,2125.75,978.0
2021-10-05 17:00:00+00:00,2168.0,945.25
2021-10-05 18:00:00+00:00,1959.75,973.25
2021-10-05 19:00:00+00:00,1879.0,1194.5
2021-10-05 20:00:00+00:00,2076.75,1241.25
2021-10-05 21:00:00+00:00,2111.0,1229.5
2021-10-05 22:00:00+00:00,2115.75,1418.0
2021-10-05 23:00:00+00:00,2080.0,1467.0
2021-10-06 00:00:00+00:00,2122.75,1529.0
2021-10-06 01:00:00+00:00,2128.0,1488.0
2021-10-06 02:00:00+00:00,2155.25,1400.5
2021-10-06 03:00:00+00:00,2144.5,1409.75
2021-10-06 04:00:00+00:00,2055.25,1391.0
2021-10-06 05:00:00+00:00,2008.75,1374.0
2021-10-06 06:00:00+00:00,1932.25,1211.75
2021-10-06 07:00:00+00:00,1822.25,951.75
2021-10-06 08:00:00+00:00,1653.25,788.25
2021-10-06 09:00:00+00:00,1615.25,739.0
2021-10-06 10:00:00+00:00,1592.0,699.5
2021-10-06 11:00:00+00:00,1555.0,676.0
2021-10-06 12:00:00+00:00,1523.75,666.0
2021-10-06 13:00:00+00:00,1408.0,739.0
2021-10-06 14:00:00+00:00,1454.75,706.25
2021-10-06 15:00:00+00:00,1430.5,553.75
2021-10-06 16:00:00+00:00,1539.25,382.5
2021-10-06 17:00:00+00:00,1488.25,264.5
2021-10-06 18:00:00+00:00,1453.0,237.75
2021-10-06 19:00:00+00:00,1401.75,266.75
2021-10-06 20:00:00+00:00,1117.75,350.0
2021-10-06 21:00:00+00:00,778.0,344.5
2021-10-06 22:00:00+00:00,506.5,311.75
2021-10-06 23:00:00+00:00,294.75,265.5
2021-10-07 00:00:00+00:00,180.5,180.5
2021-10-07 01:00:00+00:00,118.75,151.0
2021-10-07 02:00:00+00:00,75.5,126.5
2021-10-07 03:00:00+00:00,32.0,86.5
2021-10-07 04:00:00+00:00,14.25,70.25
2021-10-07 05:00:00+00:00,6.75,51.5
2021-10-07 06:00:00+00:00,1.0,48.0
2021-10-07 07:00:00+00:00,10.25,48.25
2021-10-07 08:00:00+00:00,50.5,48.25
2021-10-07 09:00:00+00:00,89.0,48.0
2021-10-07 10:00:00+00:00,71.25,50.75
2021-10-07 11:00:00+00:00,57.25,55.75
2021-10-07 12:00:00+00:00,54.75,57.0
2021-10-07 13:00:00+00:00,65.0,57.5
2021-10-07 14:00:00+00:00,45.5,64.5
2021-10-07 15:00:00+00:00,59.25,82.5
2021-10-07 16:00:00+00:00,47.0,96.5
2021-10-07 17:00:00+00:00,46.25,116.5
2021-10-07 18:00:00+00:00,49.75,107.75
2021-10-07 19:00:00+00:00,52.0,87.25
2021-10-07 20:00:00+00:00,39.25,86.25
2021-10-07 21:00:00+00:00,38.75,105.5
2021-10-07 22:00:00+00:00,83.5,107.5
2021-10-07 23:00:00+00:00,112.0,85.75
2021-10-08 00:00:00+00:00,119.5,77.0
2021-10-08 01:00:00+00:00,114.75,77.5
2021-10-08 02:00:00+00:00,67.25,64.0
2021-10-08 03:00:00+00:00,32.75,47.25
2021-10-08 04:00:00+00:00,16.75,41.75
2021-10-08 05:00:00+00:00,6.5,40.25
2021-10-08 06:00:00+00:00,2.75,44.0
2021-10-08 07:00:00+00:00,2.75,44.75
2021-10-08 08:00:00+00:00,2.75,62.25
2021-10-08 09:00:00+00:00,2.75,63.0
2021-10-08 10:00:00+00:00,2.75,49.25
2021-10-08 11:00:00+00:00,6.75,51.25
2021-10-08 12:00:00+00:00,6.75,62.0
2021-10-08 13:00:00+00:00,17.0,80.5
2021-10-08 14:00:00+00:00,44.25,90.25
2021-10-08 15:00:00+00:00,81.25,107.25
2021-10-08 16:00:00+00:00,96.5,125.25
2021-10-08 17:00:00+00:00,106.75,198.0
2021-10-08 18:00:00+00:00,119.75,319.5
2021-10-08 19:00:00+00:00,140.0,441.75
2021-10-08 20:00:00+00:00,229.25,584.75
2021-10-08 21:00:00+00:00,317.75,624.25
2021-10-08 22:00:00+00:00,384.75,612.0
2021-10-08 23:00:00+00:00,381.25,618.5
2021-10-09 00:00:00+00:00,344.5,550.75
2021-10-09 01:00:00+00:00,245.25,446.5
2021-10-09 02:00:00+00:00,214.5,369.5
2021-10-09 03:00:00+00:00,146.75,352.5
2021-10-09 04:00:00+00:00,192.75,291.75
2021-10-09 05:00:00+00:00,229.0,253.75
2021-10-09 06:00:00+00:00,194.75,226.75
2021-10-09 07:00:00+00:00,125.25,204.5
2021-10-09 08:00:00+00:00,116.0,183.25
2021-10-09 09:00:00+00:00,111.75,159.75
2021-10-09 10:00:00+00:00,149.25,88.75
2021-10-09 11:00:00+00:00,141.0,45.75
2021-10-09 12:00:00+00:00,91.75,40.25
2021-10-09 13:00:00+00:00,66.5,40.25
2021-10-09 14:00:00+00:00,74.0,44.75
2021-10-09 15:00:00+00:00,68.0,41.25
2021-10-09 16:00:00+00:00,71.75,67.0
2021-10-09 17:00:00+00:00,83.75,134.25
2021-10-09 18:00:00+00:00,93.5,190.5
2021-10-09 19:00:00+00:00,98.25,211.0
2021-10-09 20:00:00+00:00,93.0,229.5
2021-10-09 21:00:00+00:00,87.0,260.75
2021-10-09 22:00:00+00:00,51.0,136.0
2021-10-09 23:00:00+00:00,51.0,65.5
2021-10-10 00:00:00+00:00,42.75,54.0
2021-10-10 01:00:00+00:00,10.5,35.25
2021-10-10 02:00:00+00:00,0.25,29.0
2021-10-10 03:00:00+00:00,2.5,26.0
2021-10-10 04:00:00+00:00,7.5,30.0
2021-10-10 05:00:00+00:00,28.75,26.5
2021-10-10 06:00:00+00:00,19.25,23.75
2021-10-10 07:00:00+00:00,52.25,24.75
2021-10-10 08:00:00+00:00,6.0,22.5
2021-10-10 09:00:00+00:00,22.5,21.75
2021-10-10 10:00:00+00:00,26.75,22.75
2021-10-10 11:00:00+00:00,36.0,26.5
2021-10-10 12:00:00+00:00,46.75,33.75
2021-10-10 13:00:00+00:00,46.0,33.75
2021-10-10 14:00:00+00:00,69.75,42.5
2021-10-10 15:00:00+00:00,117.5,57.0
2021-10-10 16:00:00+00:00,764.25,67.75
2021-10-10 17:00:00+00:00,1253.25,147.25
2021-10-10 18:00:00+00:00,1429.25,301.75
2021-10-10 19:00:00+00:00,1142.0,507.75
2021-10-10 20:00:00+00:00,1179.5,605.5
2021-10-10 21:00:00+00:00,962.25,507.5
2021-10-10 22:00:00+00:00,1180.25,430.5
2021-10-10 23:00:00+00:00,1072.25,459.25
2021-10-11 00:00:00+00:00,1074.0,529.75
2021-10-11 01:00:00+00:00,1005.75,461.75
2021-10-11 02:00:00+00:00,851.75,458.25
2021-10-11 03:00:00+00:00,927.0,423.25
2021-10-11 04:00:00+00:00,774.25,418.5
2021-10-11 05:00:00+00:00,661.0,372.75
2021-10-11 06:00:00+00:00,985.75,323.75
2021-10-11 07:00:00+00:00,900.0,318.25
2021-10-11 08:00:00+00:00,981.25,306.25
2021-10-11 09:00:00+00:00,983.0,353.5
2021-10-11 10:00:00+00:00,463.0,467.25
2021-10-11 11:00:00+00:00,377.25,537.75
2021-10-11 12:00:00+00:00,363.75,543.5
2021-10-11 13:00:00+00:00,554.0,615.5
2021-10-11 14:00:00+00:00,822.0,687.75
2021-10-11 15:00:00+00:00,1328.5,697.75
2021-10-11 16:00:00+00:00,1126.25,632.75
2021-10-11 17:00:00+00:00,979.0,577.75
2021-10-11 18:00:00+00:00,1129.5,517.25
2021-10-11 19:00:00+00:00,1089.0,620.5
2021-10-11 20:00:00+00:00,1003.0,550.25
2021-10-11 21:00:00+00:00,964.25,615.0
2021-10-11 22:00:00+00:00,904.75,572.25
2021-10-11 23:00:00+00:00,906.25,636.5
2021-10-12 00:00:00+00:00,1043.0,776.75
2021-10-12 01:00:00+00:00,1225.75,821.5
2021-10-12 02:00:00+00:00,1357.75,875.0
2021-10-12 03:00:00+00:00,1280.0,893.0
2021-10-12 04:00:00+00:00,1430.0,924.5
2021-10-12 05:00:00+00:00,1417.5,861.25
2021-10-12 06:00:00+00:00,1480.25,616.25
2021-10-12 07:00:00+00:00,1318.5,488.25
2021-10-12 08:00:00+00:00,1190.25,484.25
2021-10-12 09:00:00+00:00,1261.0,472.0
2021-10-12 10:00:00+00:00,1337.25,666.5
2021-10-12 11:00:00+00:00,1505.25,755.0
2021-10-12 12:00:00+00:00,1757.5,791.25
2021-10-12 13:00:00+00:00,1632.5,826.0
2021-10-12 14:00:00+00:00,1469.5,850.25
2021-10-12 15:00:00+00:00,1684.5,879.25
2021-10-12 16:00:00+00:00,1858.5,880.0
2021-10-12 17:00:00+00:00,1533.5,803.75
2021-10-12 18:00:00+00:00,1268.5,608.25
2021-10-12 19:00:00+00:00,1283.5,503.75
2021-10-12 20:00:00+00:00,1048.5,409.75
2021-10-12 21:00:00+00:00,989.0,474.25
2021-10-12 22:00:00+00:00,784.5,409.75
2021-10-12 23:00:00+00:00,719.0,357.0
2021-10-13 00:00:00+00:00,652.25,327.75
2021-10-13 01:00:00+00:00,683.0,311.5
2021-10-13 02:00:00+00:00,797.0,376.25
2021-10-13 03:00:00+00:00,686.25,265.75
2021-10-13 04:00:00+00:00,776.25,327.0
2021-10-13 05:00:00+00:00,672.25,395.5
2021-10-13 06:00:00+00:00,600.75,302.0
2021-10-13 07:00:00+00:00,422.5,270.25
2021-10-13 08:00:00+00:00,513.0,238.75
2021-10-13 09:00:00+00:00,451.25,228.75
2021-10-13 10:00:00+00:00,414.25,287.25
2021-10-13 11:00:00+00:00,408.0,278.75
2021-10-13 12:00:00+00:00,351.75,387.75
2021-10-13 13:00:00+00:00,449.5,297.0
2021-10-13 14:00:00+00:00,452.5,426.0
2021-10-13 15:00:00+00:00,382.75,442.0
2021-10-13 16:00:00+00:00,571.0,425.75
2021-10-13 17:00:00+00:00,672.25,483.75
2021-10-13 18:00:00+00:00,709.25,625.5
2021-10-13 19:00:00+00:00,817.0,618.5
2021-10-13 20:00:00+00:00,750.5,629.5
2021-10-13 21:00:00+00:00,547.5,568.0
2021-10-13 22:00:00+00:00,687.25,388.25
2021-10-13 23:00:00+00:00,693.0,353.75
2021-10-14 00:00:00+00:00,829.0,375.75
2021-10-14 01:00:00+00:00,647.75,410.25
2021-10-14 02:00:00+00:00,680.0,438.0
2021-10-14 03:00:00+00:00,639.25,458.25
2021-10-14 04:00:00+00:00,757.0,467.25
2021-10-14 05:00:00+00:00,861.5,652.0
2021-10-14 06:00:00+00:00,904.75,585.5
2021-10-14 07:00:00+00:00,684.0,572.0
2021-10-14 08:00:00+00:00,955.25,683.5
2021-10-14 09:00:00+00:00,926.75,690.75
2021-10-14 10:00:00+00:00,983.5,822.5
2021-10-14 11:00:00+00:00,896.25,854.5
2021-10-14 12:00:00+00:00,1199.25,990.75
2021-10-14 13:00:00+00:00,1376.75,1064.5
2021-10-14 14:00:00+00:00,1243.5,1127.5
2021-10-14 15:00:00+00:00,1334.0,988.5
2021-10-14 16:00:00+00:00,1262.25,926.75
2021-10-14 17:00:00+00:00,1225.5,1159.0
2021-10-14 18:00:00+00:00,1333.25,1213.5
2021-10-14 19:00:00+00:00,1423.25,1183.5
2021-10-14 20:00:00+00:00,1616.25,1339.25
2021-10-14 21:00:00+00:00,1547.0,1297.0
2021-10-14 22:00:00+00:00,1434.0,1355.0
2021-10-14 23:00:00+00:00,1897.5,1380.0
2021-10-15 00:00:00+00:00,1987.0,1427.75
2021-10-15 01:00:00+00:00,2057.0,1409.75
2021-10-15 02:00:00+00:00,2101.25,1437.25
2021-10-15 03:00:00+00:00,1999.75,1443.0
2021-10-15 04:00:00+00:00,1696.0,1474.75
2021-10-15 05:00:00+00:00,1483.0,1436.75
2021-10-15 06:00:00+00:00,1582.75,1084.5
2021-10-15 07:00:00+00:00,1198.0,761.5
2021-10-15 08:00:00+00:00,1132.0,628.25
2021-10-15 09:00:00+00:00,1027.25,669.0
2021-10-15 10:00:00+00:00,798.75,699.25
2021-10-15 11:00:00+00:00,674.0,678.75
2021-10-15 12:00:00+00:00,663.5,612.25
2021-10-15 13:00:00+00:00,610.75,472.5
2021-10-15 14:00:00+00:00,713.25,409.0
2021-10-15 15:00:00+00:00,640.75,358.5
2021-10-15 16:00:00+00:00,629.0,271.75
2021-10-15 17:00:00+00:00,398.5,237.75
2021-10-15 18:00:00+00:00,495.25,176.0
2021-10-15 19:00:00+00:00,315.0,143.75
2021-10-15 20:00:00+00:00,335.5,107.5
2021-10-15 21:00:00+00:00,300.75,94.25
2021-10-15 22:00:00+00:00,188.25,37.25
2021-10-15 23:00:00+00:00,219.0,50.5
2021-10-16 00:00:00+00:00,125.75,35.5
2021-10-16 01:00:00+00:00,165.25,72.5
2021-10-16 02:00:00+00:00,143.25,74.75
2021-10-16 03:00:00+00:00,171.0,82.0
2021-10-16 04:00:00+00:00,167.0,85.75
2021-10-16 05:00:00+00:00,162.5,51.5
2021-10-16 06:00:00+00:00,126.75,68.5
2021-10-16 07:00:00+00:00,187.5,73.0
2021-10-16 08:00:00+00:00,266.75,91.75
2021-10-16 09:00:00+00:00,295.25,82.25
2021-10-16 10:00:00+00:00,306.0,130.0
2021-10-16 11:00:00+00:00,243.0,157.0
2021-10-16 12:00:00+00:00,232.25,158.75
2021-10-16 13:00:00+00:00,488.75,186.75
2021-10-16 14:00:00+00:00,499.75,245.0
2021-10-16 15:00:00+00:00,439.25,361.5
2021-10-16 16:00:00+00:00,488.75,610.25
2021-10-16 17:00:00+00:00,513.75,608.75
2021-10-16 18:00:00+00:00,517.5,671.75
2021-10-16 19:00:00+00:00,519.0,684.5
2021-10-16 20:00:00+00:00,557.5,562.0
2021-10-16 21:00:00+00:00,681.25,504.0
2021-10-16 22:00:00+00:00,798.25,435.0
2021-10-16 23:00:00+00:00,612.0,372.5
2021-10-17 00:00:00+00:00,560.0,325.25
2021-10-17 01:00:00+00:00,540.25,333.0
2021-10-17 02:00:00+00:00,603.75,324.0
2021-10-17 03:00:00+00:00,648.5,365.5
2021-10-17 04:00:00+00:00,594.0,523.5
2021-10-17 05:00:00+00:00,605.75,580.25
2021-10-17 06:00:00+00:00,543.5,477.5
2021-10-17 07:00:00+00:00,484.25,489.75
2021-10-17 08:00:00+00:00,640.25,480.25
2021-10-17 09:00:00+00:00,715.0,471.25
2021-10-17 10:00:00+00:00,576.75,471.25
2021-10-17 11:00:00+00:00,766.25,475.75
2021-10-17 12:00:00+00:00,985.5,479.25
2021-10-17 13:00:00+00:00,893.5,551.0
2021-10-17 14:00:00+00:00,980.0,517.25
2021-10-17 15:00:00+00:00,1112.5,555.75
2021-10-17 16:00:00+00:00,1235.5,628.0
2021-10-17 17:00:00+00:00,1244.25,706.25
2021-10-17 18:00:00+00:00,1226.0,822.0
2021-10-17 19:00:00+00:00,1178.0,840.25
2021-10-17 20:00:00+00:00,1187.25,787.5
2021-10-17 21:00:00+00:00,1241.0,842.25
2021-10-17 22:00:00+00:00,968.0,790.25
2021-10-17 23:00:00+00:00,1036.75,794.75
2021-10-18 00:00:00+00:00,899.75,766.25
2021-10-18 01:00:00+00:00,879.0,668.75
2021-10-18 02:00:00+00:00,955.5,614.25
2021-10-18 03:00:00+00:00,761.25,544.5
2021-10-18 04:00:00+00:00,666.25,517.25
2021-10-18 05:00:00+00:00,585.25,535.0
2021-10-18 06:00:00+00:00,537.0,593.75
2021-10-18 07:00:00+00:00,629.25,548.0
2021-10-18 08:00:00+00:00,623.5,500.5
2021-10-18 09:00:00+00:00,636.0,438.5
2021-10-18 10:00:00+00:00,711.5,360.5
2021-10-18 11:00:00+00:00,882.5,474.25
2021-10-18 12:00:00+00:00,866.75,485.25
2021-10-18 13:00:00+00:00,1058.75,423.0
2021-10-18 14:00:00+00:00,1007.25,531.5
2021-10-18 15:00:00+00:00,996.75,658.25
2021-10-18 16:00:00+00:00,1082.75,791.5
2021-10-18 17:00:00+00:00,1461.75,932.75
2021-10-18 18:00:00+00:00,1531.0,994.5
2021-10-18 19:00:00+00:00,1551.25,1118.25
2021-10-18 20:00:00+00:00,1664.75,1119.0
2021-10-18 21:00:00+00:00,1880.75,1013.25
2021-10-18 22:00:00+00:00,1928.5,897.5
2021-10-18 23:00:00+00:00,1930.0,771.75
2021-10-19 00:00:00+00:00,1730.75,840.75
2021-10-19 01:00:00+00:00,1596.0,844.25
2021-10-19 02:00:00+00:00,1570.25,834.0
2021-10-19 03:00:00+00:00,1716.25,793.25
2021-10-19 04:00:00+00:00,1722.5,843.25
2021-10-19 05:00:00+00:00,1921.75,828.25
2021-10-19 06:00:00+00:00,1925.25,880.75
2021-10-19 07:00:00+00:00,1957.5,937.25
2021-10-19 08:00:00+00:00,2032.0,1030.0
2021-10-19 09:00:00+00:00,2077.5,1121.75
2021-10-19 10:00:00+00:00,2093.75,1287.75
2021-10-19 11:00:00+00:00,2089.25,1441.25
2021-10-19 12:00:00+00:00,2097.5,1599.75
2021-10-19 13:00:00+00:00,2091.0,1607.75
2021-10-19 14:00:00+00:00,2081.25,1579.0
2021-10-19 15:00:00+00:00,1964.25,1498.0
2021-10-19 16:00:00+00:00,1900.5,1537.25
2021-10-19 17:00:00+00:00,1934.0,1642.75
2021-10-19 18:00:00+00:00,1941.0,1679.5
2021-10-19 19:00:00+00:00,1812.0,1673.25
2021-10-19 20:00:00+00:00,1857.0,1614.25
2021-10-19 21:00:00+00:00,1970.0,1571.75
2021-10-19 22:00:00+00:00,1920.5,1556.5
2021-10-19 23:00:00+00:00,1726.5,1500.5
2021-10-20 00:00:00+00:00,1888.25,1589.0
2021-10-20 01:00:00+00:00,1767.75,1613.25
2021-10-20 02:00:00+00:00,1827.5,1635.5
2021-10-20 03:00:00+00:00,1868.5,1672.75
2021-10-20 04:00:00+00:00,2095.25,1744.25
2021-10-20 05:00:00+00:00,2094.5,1760.0
2021-10-20 06:00:00+00:00,2053.75,1757.0
2021-10-20 07:00:00+00:00,2052.0,1714.75
2021-10-20 08:00:00+00:00,2063.25,1712.75
2021-10-20 09:00:00+00:00,2067.0,1569.0
2021-10-20 10:00:00+00:00,1969.75,1845.75
2021-10-20 11:00:00+00:00,2040.0,1825.25
2021-10-20 12:00:00+00:00,2090.75,1795.0
2021-10-20 13:00:00+00:00,2168.0,1816.0
2021-10-20 14:00:00+00:00,2213.75,1805.75
2021-10-20 15:00:00+00:00,2213.5,1747.0
2021-10-20 16:00:00+00:00,2224.0,1800.75
2021-10-20 17:00:00+00:00,2226.0,1769.75
2021-10-20 18:00:00+00:00,2193.0,1700.5
2021-10-20 19:00:00+00:00,1492.25,1496.75
2021-10-20 20:00:00+00:00,910.75,1201.25
2021-10-20 21:00:00+00:00,897.25,801.75
2021-10-20 22:00:00+00:00,1526.75,709.25
2021-10-20 23:00:00+00:00,1702.25,639.0
2021-10-21 00:00:00+00:00,1563.5,724.25
2021-10-21 01:00:00+00:00,1505.0,1116.0
2021-10-21 02:00:00+00:00,1218.25,1401.75
2021-10-21 03:00:00+00:00,1059.25,1428.25
2021-10-21 04:00:00+00:00,1446.75,1286.5
2021-10-21 05:00:00+00:00,1972.75,1698.75
2021-10-21 06:00:00+00:00,2020.75,1724.0
2021-10-21 07:00:00+00:00,2005.75,1781.0
2021-10-21 08:00:00+00:00,1996.0,1786.5
2021-10-21 09:00:00+00:00,2008.75,1755.5
2021-10-21 10:00:00+00:00,1848.0,1657.5
2021-10-21 11:00:00+00:00,1870.0,1534.75
2021-10-21 12:00:00+00:00,1869.0,1566.75
2021-10-21 13:00:00+00:00,1852.5,1538.5
2021-10-21 14:00:00+00:00,1793.25,1564.25
2021-10-21 15:00:00+00:00,1968.5,1638.25
2021-10-21 16:00:00+00:00,1839.0,1719.25
2021-10-21 17:00:00+00:00,1906.0,1629.5
2021-10-21 18:00:00+00:00,1971.5,1524.0
2021-10-21 19:00:00+00:00,1957.0,1485.0
2021-10-21 20:00:00+00:00,1865.75,1436.0
2021-10-21 21:00:00+00:00,1662.75,1283.75
2021-10-21 22:00:00+00:00,1767.75,1135.0
2021-10-21 23:00:00+00:00,1763.25,1311.25
2021-10-22 00:00:00+00:00,1995.0,1444.5
2021-10-22 01:00:00+00:00,2155.75,1599.5
2021-10-22 02:00:00+00:00,2132.75,1635.75
2021-10-22 03:00:00+00:00,2199.75,1675.25
2021-10-22 04:00:00+00:00,2018.25,1752.0
2021-10-22 05:00:00+00:00,2020.25,1836.25
2021-10-22 06:00:00+00:00,2018.25,1820.75
2021-10-22 07:00:00+00:00,1730.25,1789.75
2021-10-22 08:00:00+00:00,1869.5,1806.75
2021-10-22 09:00:00+00:00,2011.5,1822.25
2021-10-22 10:00:00+00:00,2005.5,1839.0
2021-10-22 11:00:00+00:00,1726.75,1763.0
2021-10-22 12:00:00+00:00,1996.25,1647.75
2021-10-22 13:00:00+00:00,1991.25,1586.0
2021-10-22 14:00:00+00:00,1807.5,1371.25
2021-10-22 15:00:00+00:00,2070.5,1336.25
2021-10-22 16:00:00+00:00,1534.25,1244.5
2021-10-22 17:00:00+00:00,1127.0,1000.5
2021-10-22 18:00:00+00:00,840.0,845.5
2021-10-22 19:00:00+00:00,797.0,720.5
2021-10-22 20:00:00+00:00,740.25,549.5
2021-10-22 21:00:00+00:00,683.25,495.0
2021-10-22 22:00:00+00:00,672.75,504.75
2021-10-22 23:00:00+00:00,693.5,474.0
2021-10-23 00:00:00+00:00,651.25,438.0
2021-10-23 01:00:00+00:00,599.5,353.5
2021-10-23 02:00:00+00:00,458.25,265.0
2021-10-23 03:00:00+00:00,394.0,193.0
2021-10-23 04:00:00+00:00,300.75,237.0
2021-10-23 05:00:00+00:00,331.25,242.75
2021-10-23 06:00:00+00:00,278.5,160.75
2021-10-23 07:00:00+00:00,237.25,119.0
2021-10-23 08:00:00+00:00,317.0,144.0
2021-10-23 09:00:00+00:00,250.0,156.0
2021-10-23 10:00:00+00:00,185.75,185.75
2021-10-23 11:00:00+00:00,250.75,197.5
2021-10-23 12:00:00+00:00,230.75,172.5
2021-10-23 13:00:00+00:00,273.25,211.25
2021-10-23 14:00:00+00:00,459.75,251.25
2021-10-23 15:00:00+00:00,508.0,280.75
2021-10-23 16:00:00+00:00,562.5,351.25
2021-10-23 17:00:00+00:00,596.0,417.75
2021-10-23 18:00:00+00:00,711.0,480.75
2021-10-23 19:00:00+00:00,768.0,588.5
2021-10-23 20:00:00+00:00,899.5,707.75
2021-10-23 21:00:00+00:00,1014.75,768.0
2021-10-23 22:00:00+00:00,1095.0,740.5
2021-10-23 23:00:00+00:00,1049.0,695.0
2021-10-24 00:00:00+00:00,1103.25,638.25
2021-10-24 01:00:00+00:00,1113.0,583.25
2021-10-24 02:00:00+00:00,1056.0,509.75
2021-10-24 03:00:00+00:00,1106.25,482.75
2021-10-24 04:00:00+00:00,1192.25,550.25
2021-10-24 05:00:00+00:00,1253.25,701.25
2021-10-24 06:00:00+00:00,1210.25,753.25
2021-10-24 07:00:00+00:00,1092.5,635.5
2021-10-24 08:00:00+00:00,861.75,488.0
2021-10-24 09:00:00+00:00,763.0,333.25
2021-10-24 10:00:00+00:00,810.75,234.25
2021-10-24 11:00:00+00:00,763.25,203.75
2021-10-24 12:00:00+00:00,729.5,296.0
2021-10-24 13:00:00+00:00,744.0,419.0
2021-10-24 14:00:00+00:00,960.25,466.75
2021-10-24 15:00:00+00:00,1082.0,461.0
2021-10-24 16:00:00+00:00,1442.5,530.0
2021-10-24 17:00:00+00:00,1552.25,790.0
2021-10-24 18:00:00+00:00,1375.25,897.5
2021-10-24 19:00:00+00:00,1291.75,931.75
2021-10-24 20:00:00+00:00,1277.25,940.0
2021-10-24 21:00:00+00:00,1154.0,884.0
2021-10-24 22:00:00+00:00,1269.0,797.25
2021-10-24 23:00:00+00:00,1370.5,755.5
2021-10-25 00:00:00+00:00,1212.75,704.0
2021-10-25 01:00:00+00:00,1126.0,669.25
2021-10-25 02:00:00+00:00,1214.0,698.5
2021-10-25 03:00:00+00:00,1230.0,640.0
2021-10-25 04:00:00+00:00,1139.75,630.5
2021-10-25 05:00:00+00:00,1037.5,602.0
2021-10-25 06:00:00+00:00,1080.75,627.75
2021-10-25 07:00:00+00:00,1062.25,569.0
2021-10-25 08:00:00+00:00,1212.0,550.5
2021-10-25 09:00:00+00:00,1166.75,505.5
2021-10-25 10:00:00+00:00,1130.75,491.75
2021-10-25 11:00:00+00:00,1156.0,489.5
2021-10-25 12:00:00+00:00,1212.25,474.5
2021-10-25 13:00:00+00:00,1245.5,497.75
2021-10-25 14:00:00+00:00,1321.0,481.0
2021-10-25 15:00:00+00:00,1385.75,557.75
2021-10-25 16:00:00+00:00,1327.0,633.75
2021-10-25 17:00:00+00:00,1346.25,705.5
2021-10-25 18:00:00+00:00,1448.75,838.0
2021-10-25 19:00:00+00:00,1668.25,907.5
2021-10-25 20:00:00+00:00,1418.75,1026.25
2021-10-25 21:00:00+00:00,951.0,997.5
2021-10-25 22:00:00+00:00,753.0,915.5
2021-10-25 23:00:00+00:00,972.75,768.25
2021-10-26 00:00:00+00:00,604.5,551.25
2021-10-26 01:00:00+00:00,488.25,526.25
2021-10-26 02:00:00+00:00,380.5,492.25
2021-10-26 03:00:00+00:00,433.25,499.5
2021-10-26 04:00:00+00:00,623.0,566.25
2021-10-26 05:00:00+00:00,750.75,665.25
2021-10-26 06:00:00+00:00,806.5,683.5
2021-10-26 07:00:00+00:00,882.75,697.5
2021-10-26 08:00:00+00:00,1502.0,633.0
2021-10-26 09:00:00+00:00,1418.75,739.5
2021-10-26 10:00:00+00:00,1408.5,878.25
2021-10-26 11:00:00+00:00,1263.0,1056.75
2021-10-26 12:00:00+00:00,1474.0,1062.25
2021-10-26 13:00:00+00:00,1651.25,1045.0
2021-10-26 14:00:00+00:00,1999.25,1106.75
2021-10-26 15:00:00+00:00,2087.75,1205.5
2021-10-26 16:00:00+00:00,2039.5,1243.0
2021-10-26 17:00:00+00:00,2030.75,1324.25
2021-10-26 18:00:00+00:00,2072.25,1414.5
2021-10-26 19:00:00+00:00,2122.5,1484.0
2021-10-26 20:00:00+00:00,2047.25,1473.0
2021-10-26 21:00:00+00:00,2051.0,1403.25
2021-10-26 22:00:00+00:00,2079.0,1477.75
2021-10-26 23:00:00+00:00,2024.75,1463.25
2021-10-27 00:00:00+00:00,2085.25,1461.25
2021-10-27 01:00:00+00:00,2043.0,1464.75
2021-10-27 02:00:00+00:00,2053.5,1468.75
2021-10-27 03:00:00+00:00,2010.75,1475.0
2021-10-27 04:00:00+00:00,2008.5,1445.0
2021-10-27 05:00:00+00:00,1965.25,1439.0
2021-10-27 06:00:00+00:00,2071.0,1395.5
2021-10-27 07:00:00+00:00,2019.75,1325.5
2021-10-27 08:00:00+00:00,2035.5,1250.0
2021-10-27 09:00:00+00:00,1968.0,1277.75
2021-10-27 10:00:00+00:00,1874.25,1296.5
2021-10-27 11:00:00+00:00,1844.0,1336.75
2021-10-27 12:00:00+00:00,1922.5,1352.25
2021-10-27 13:00:00+00:00,2001.5,1356.5
2021-10-27 14:00:00+00:00,2029.5,1258.75
2021-10-27 15:00:00+00:00,2103.0,1160.0
2021-10-27 16:00:00+00:00,2103.5,1099.75
2021-10-27 17:00:00+00:00,2138.5,1144.25
2021-10-27 18:00:00+00:00,2088.5,1085.0
2021-10-27 19:00:00+00:00,1842.75,1063.75
2021-10-27 20:00:00+00:00,1550.5,1062.0
2021-10-27 21:00:00+00:00,1511.0,1104.25
2021-10-27 22:00:00+00:00,1374.0,1038.75
2021-10-27 23:00:00+00:00,1526.5,953.75
2021-10-28 00:00:00+00:00,1593.0,934.5
2021-10-28 01:00:00+00:00,1614.5,971.5
2021-10-28 02:00:00+00:00,1575.0,1054.0
2021-10-28 03:00:00+00:00,1598.5,1019.75
2021-10-28 04:00:00+00:00,1459.25,1009.5
2021-10-28 05:00:00+00:00,1479.0,995.0
2021-10-28 06:00:00+00:00,1604.5,955.0
2021-10-28 07:00:00+00:00,1585.75,1001.75
2021-10-28 08:00:00+00:00,1487.75,908.75
2021-10-28 09:00:00+00:00,1616.25,721.75
2021-10-28 10:00:00+00:00,1590.75,620.25
2021-10-28 11:00:00+00:00,1505.0,674.0
2021-10-28 12:00:00+00:00,1263.25,772.0
2021-10-28 13:00:00+00:00,1431.5,986.25
2021-10-28 14:00:00+00:00,1446.25,963.5
2021-10-28 15:00:00+00:00,1516.0,936.75
2021-10-28 16:00:00+00:00,1672.5,1038.5
2021-10-28 17:00:00+00:00,1725.25,1169.0
2021-10-28 18:00:00+00:00,1861.25,1250.0
2021-10-28 19:00:00+00:00,1996.0,1328.75
2021-10-28 20:00:00+00:00,2098.25,1348.25
2021-10-28 21:00:00+00:00,2096.0,1318.5
2021-10-28 22:00:00+00:00,2099.75,1349.75
2021-10-28 23:00:00+00:00,2118.25,1406.5
2021-10-29 00:00:00+00:00,2103.25,1455.75
2021-10-29 01:00:00+00:00,2119.25,1482.5
2021-10-29 02:00:00+00:00,2148.5,1549.0
2021-10-29 03:00:00+00:00,2156.5,1553.25
2021-10-29 04:00:00+00:00,2161.5,1550.75
2021-10-29 05:00:00+00:00,2167.5,1554.75
2021-10-29 06:00:00+00:00,2154.5,1496.25
2021-10-29 07:00:00+00:00,2156.0,1493.0
2021-10-29 08:00:00+00:00,2141.25,1446.0
2021-10-29 09:00:00+00:00,2143.25,1455.5
2021-10-29 10:00:00+00:00,2130.75,1475.25
2021-10-29 11:00:00+00:00,2127.5,1557.25
2021-10-29 12:00:00+00:00,2132.0,1627.0
2021-10-29 13:00:00+00:00,2149.75,1651.25
2021-10-29 14:00:00+00:00,2152.5,1577.75
2021-10-29 15:00:00+00:00,2151.75,1539.5
2021-10-29 16:00:00+00:00,2126.5,1383.75
2021-10-29 17:00:00+00:00,2054.75,1529.0
2021-10-29 18:00:00+00:00,1874.5,1555.25
2021-10-29 19:00:00+00:00,1543.25,1374.0
2021-10-29 20:00:00+00:00,1432.25,1231.25
2021-10-29 21:00:00+00:00,1309.75,1124.5
2021-10-29 22:00:00+00:00,1241.25,1059.0
2021-10-29 23:00:00+00:00,1158.0,905.0
2021-10-30 00:00:00+00:00,1097.75,747.75
2021-10-30 01:00:00+00:00,1086.5,618.75
2021-10-30 02:00:00+00:00,1060.0,616.25
2021-10-30 03:00:00+00:00,1178.75,614.75
2021-10-30 04:00:00+00:00,1315.0,725.25
2021-10-30 05:00:00+00:00,1553.0,921.75
2021-10-30 06:00:00+00:00,1768.75,1148.75
2021-10-30 07:00:00+00:00,1874.25,1277.5
2021-10-30 08:00:00+00:00,1950.25,1405.5
2021-10-30 09:00:00+00:00,2009.5,1517.25
2021-10-30 10:00:00+00:00,2076.5,1610.25
2021-10-30 11:00:00+00:00,2067.0,1576.25
2021-10-30 12:00:00+00:00,1983.75,1595.75
2021-10-30 13:00:00+00:00,1422.25,1476.75
2021-10-30 14:00:00+00:00,1374.0,1285.0
2021-10-30 15:00:00+00:00,1620.5,1131.5
2021-10-30 16:00:00+00:00,1443.5,1037.75
2021-10-30 17:00:00+00:00,1084.75,890.0
2021-10-30 18:00:00+00:00,915.5,761.5
2021-10-30 19:00:00+00:00,1069.25,776.0
2021-10-30 20:00:00+00:00,1095.5,869.25
2021-10-30 21:00:00+00:00,909.25,879.0
2021-10-30 22:00:00+00:00,800.5,801.0
2021-10-30 23:00:00+00:00,767.0,734.5
2021-10-31 00:00:00+00:00,807.75,703.5
2021-10-31 01:00:00+00:00,668.5,635.25
2021-10-31 02:00:00+00:00,655.0,702.75
2021-10-31 03:00:00+00:00,803.75,655.5
2021-10-31 04:00:00+00:00,850.25,670.75
2021-10-31 05:00:00+00:00,1240.75,749.5
2021-10-31 06:00:00+00:00,1628.0,813.75
2021-10-31 07:00:00+00:00,1831.5,845.75
2021-10-31 08:00:00+00:00,1980.75,943.75
2021-10-31 09:00:00+00:00,1941.5,1021.5
2021-10-31 10:00:00+00:00,1986.5,1100.5
2021-10-31 11:00:00+00:00,2089.25,1131.25
2021-10-31 12:00:00+00:00,2141.5,1174.0
2021-10-31 13:00:00+00:00,2138.25,1284.5
2021-10-31 14:00:00+00:00,2133.0,1387.25
2021-10-31 15:00:00+00:00,2007.5,1540.0
2021-10-31 16:00:00+00:00,2070.75,1734.0
2021-10-31 17:00:00+00:00,1833.75,1660.25
2021-10-31 18:00:00+00:00,1724.25,1394.0
2021-10-31 19:00:00+00:00,1906.0,1226.25
2021-10-31 20:00:00+00:00,2142.75,1511.5
2021-10-31 21:00:00+00:00,1996.5,1606.25
2021-10-31 22:00:00+00:00,2139.0,1668.25
2021-10-31 23:00:00+00:00,2119.5,1635.5
2021-11-01 00:00:00+00:00,2109.75,1671.75
2021-11-01 01:00:00+00:00,2142.0,1704.75
2021-11-01 02:00:00+00:00,2171.25,1724.25
2021-11-01 03:00:00+00:00,2169.5,1751.5
2021-11-01 04:00:00+00:00,2127.5,1745.5
2021-11-01 05:00:00+00:00,2149.25,1720.0
2021-11-01 06:00:00+00:00,2170.75,1788.0
2021-11-01 07:00:00+00:00,2178.0,1772.25
2021-11-01 08:00:00+00:00,2084.25,1769.0
2021-11-01 09:00:00+00:00,2076.0,1751.0
2021-11-01 10:00:00+00:00,2148.5,1698.75
2021-11-01 11:00:00+00:00,2088.0,1665.0
2021-11-01 12:00:00+00:00,2126.5,1638.25
2021-11-01 13:00:00+00:00,2156.25,1591.5
2021-11-01 14:00:00+00:00,2140.5,1484.25
2021-11-01 15:00:00+00:00,1988.5,1288.25
2021-11-01 16:00:00+00:00,1949.5,1207.0
2021-11-01 17:00:00+00:00,2052.25,1164.0
2021-11-01 18:00:00+00:00,2058.25,1118.5
2021-11-01 19:00:00+00:00,2010.75,1141.75
2021-11-01 20:00:00+00:00,1836.0,1143.75
2021-11-01 21:00:00+00:00,1617.0,876.25
2021-11-01 22:00:00+00:00,1570.0,777.75
2021-11-01 23:00:00+00:00,1332.25,571.25
2021-11-02 00:00:00+00:00,1299.5,598.5
2021-11-02 01:00:00+00:00,1226.75,623.75
2021-11-02 02:00:00+00:00,1228.0,598.25
2021-11-02 03:00:00+00:00,825.5,540.75
2021-11-02 04:00:00+00:00,573.5,461.25
2021-11-02 05:00:00+00:00,352.0,458.75
2021-11-02 06:00:00+00:00,275.25,418.25
2021-11-02 07:00:00+00:00,179.0,307.0
2021-11-02 08:00:00+00:00,150.0,300.5
2021-11-02 09:00:00+00:00,191.0,294.25
2021-11-02 10:00:00+00:00,208.75,340.0
2021-11-02 11:00:00+00:00,243.25,251.25
2021-11-02 12:00:00+00:00,217.0,167.0
2021-11-02 13:00:00+00:00,225.25,119.75
2021-11-02 14:00:00+00:00,232.0,77.5
2021-11-02 15:00:00+00:00,234.25,72.5
2021-11-02 16:00:00+00:00,184.0,104.0
2021-11-02 17:00:00+00:00,90.25,107.5
2021-11-02 18:00:00+00:00,57.5,184.0
2021-11-02 19:00:00+00:00,28.25,141.75
2021-11-02 20:00:00+00:00,61.5,108.5
2021-11-02 21:00:00+00:00,150.5,129.0
2021-11-02 22:00:00+00:00,72.75,101.5
2021-11-02 23:00:00+00:00,64.25,157.25
2021-11-03 00:00:00+00:00,47.5,134.75
2021-11-03 01:00:00+00:00,75.25,112.0
2021-11-03 02:00:00+00:00,58.75,71.0
2021-11-03 03:00:00+00:00,16.0,41.75
2021-11-03 04:00:00+00:00,4.75,41.0
2021-11-03 05:00:00+00:00,58.0,46.25
2021-11-03 06:00:00+00:00,110.0,34.5
2021-11-03 07:00:00+00:00,20.5,27.25
2021-11-03 08:00:00+00:00,6.5,20.25
2021-11-03 09:00:00+00:00,2.5,17.25
2021-11-03 10:00:00+00:00,8.25,18.25
2021-11-03 11:00:00+00:00,58.75,18.0
2021-11-03 12:00:00+00:00,219.0,21.75
2021-11-03 13:00:00+00:00,290.25,33.75
2021-11-03 14:00:00+00:00,442.0,53.25
2021-11-03 15:00:00+00:00,355.0,62.75
2021-11-03 16:00:00+00:00,89.75,60.75
2021-11-03 17:00:00+00:00,229.0,35.0
2021-11-03 18:00:00+00:00,344.25,24.0
2021-11-03 19:00:00+00:00,199.25,21.25
2021-11-03 20:00:00+00:00,71.5,34.5
2021-11-03 21:00:00+00:00,67.5,49.75
2021-11-03 22:00:00+00:00,20.5,54.0
2021-11-03 23:00:00+00:00,66.0,42.0
2021-11-04 00:00:00+00:00,319.75,37.0
2021-11-04 01:00:00+00:00,216.0,28.0
2021-11-04 02:00:00+00:00,120.5,73.25
2021-11-04 03:00:00+00:00,172.25,72.5
2021-11-04 04:00:00+00:00,417.5,70.0
2021-11-04 05:00:00+00:00,592.0,63.25
2021-11-04 06:00:00+00:00,662.75,63.25
2021-11-04 07:00:00+00:00,605.5,62.5
2021-11-04 08:00:00+00:00,804.5,44.25
2021-11-04 09:00:00+00:00,1142.75,88.75
2021-11-04 10:00:00+00:00,1119.25,146.25
2021-11-04 11:00:00+00:00,1374.25,199.75
2021-11-04 12:00:00+00:00,1304.25,263.25
2021-11-04 13:00:00+00:00,1378.5,244.75
2021-11-04 14:00:00+00:00,1467.75,213.75
2021-11-04 15:00:00+00:00,1552.5,247.75
2021-11-04 16:00:00+00:00,1752.75,210.5
2021-11-04 17:00:00+00:00,1791.0,244.75
2021-11-04 18:00:00+00:00,1700.75,323.5
2021-11-04 19:00:00+00:00,1776.0,400.75
2021-11-04 20:00:00+00:00,1712.0,552.25
2021-11-04 21:00:00+00:00,1705.25,447.25
2021-11-04 22:00:00+00:00,1582.0,340.0
2021-11-04 23:00:00+00:00,1465.0,332.0
2021-11-05 00:00:00+00:00,1342.75,305.75
2021-11-05 01:00:00+00:00,976.5,363.25
2021-11-05 02:00:00+00:00,1083.0,365.0
2021-11-05 03:00:00+00:00,1076.0,354.25
2021-11-05 04:00:00+00:00,1154.0,379.25
2021-11-05 05:00:00+00:00,1203.5,362.25
2021-11-05 06:00:00+00:00,1180.0,315.25
2021-11-05 07:00:00+00:00,1051.25,293.25
2021-11-05 08:00:00+00:00,1174.25,258.5
2021-11-05 09:00:00+00:00,1066.75,339.0
2021-11-05 10:00:00+00:00,937.75,456.25
2021-11-05 11:00:00+00:00,766.25,453.5
2021-11-05 12:00:00+00:00,741.25,409.5
2021-11-05 13:00:00+00:00,681.5,416.0
2021-11-05 14:00:00+00:00,812.75,407.25
2021-11-05 15:00:00+00:00,982.5,464.75
2021-11-05 16:00:00+00:00,1142.25,495.75
2021-11-05 17:00:00+00:00,1415.5,542.0
2021-11-05 18:00:00+00:00,1218.5,675.75
2021-11-05 19:00:00+00:00,1065.5,718.0
2021-11-05 20:00:00+00:00,996.25,631.0
2021-11-05 21:00:00+00:00,836.5,653.5
2021-11-05 22:00:00+00:00,819.75,807.75
2021-11-05 23:00:00+00:00,893.5,895.25
2021-11-06 00:00:00+00:00,921.75,919.5
2021-11-06 01:00:00+00:00,971.25,882.75
2021-11-06 02:00:00+00:00,1023.0,929.0
2021-11-06 03:00:00+00:00,1238.75,956.0
2021-11-06 04:00:00+00:00,1442.25,1052.75
2021-11-06 05:00:00+00:00,1612.0,1048.25
2021-11-06 06:00:00+00:00,1856.25,1109.25
2021-11-06 07:00:00+00:00,1939.25,1171.75
2021-11-06 08:00:00+00:00,1756.75,1231.25
2021-11-06 09:00:00+00:00,1636.25,1300.75
2021-11-06 10:00:00+00:00,1922.5,1330.25
2021-11-06 11:00:00+00:00,2027.25,1379.5
2021-11-06 12:00:00+00:00,2029.0,1420.5
2021-11-06 13:00:00+00:00,2072.0,1496.75
2021-11-06 14:00:00+00:00,2152.0,1577.75
2021-11-06 15:00:00+00:00,2164.0,1698.25
2021-11-06 16:00:00+00:00,2154.25,1750.5
2021-11-06 17:00:00+00:00,2177.5,1815.75
2021-11-06 18:00:00+00:00,2164.5,1878.25
2021-11-06 19:00:00+00:00,2181.25,1895.0
2021-11-06 20:00:00+00:00,2172.25,1890.75
2021-11-06 21:00:00+00:00,2175.25,1885.75
2021-11-06 22:00:00+00:00,2161.0,1859.25
2021-11-06 23:00:00+00:00,2170.25,1867.0
2021-11-07 00:00:00+00:00,2168.0,1813.75
2021-11-07 01:00:00+00:00,2156.75,1744.0
2021-11-07 02:00:00+00:00,2134.75,1647.75
2021-11-07 03:00:00+00:00,2136.75,1576.75
2021-11-07 04:00:00+00:00,2094.75,1589.25
2021-11-07 05:00:00+00:00,2094.25,1608.25
2021-11-07 06:00:00+00:00,2087.25,1577.75
2021-11-07 07:00:00+00:00,2136.75,1548.0
2021-11-07 08:00:00+00:00,2128.5,1466.5
2021-11-07 09:00:00+00:00,2125.5,1498.5
2021-11-07 10:00:00+00:00,2128.75,1543.5
2021-11-07 11:00:00+00:00,2005.0,1607.0
2021-11-07 12:00:00+00:00,2078.75,1625.75
2021-11-07 13:00:00+00:00,1963.75,1616.75
2021-11-07 14:00:00+00:00,2101.5,1542.5
2021-11-07 15:00:00+00:00,2110.25,1457.5
2021-11-07 16:00:00+00:00,2097.5,1453.75
2021-11-07 17:00:00+00:00,2084.25,1339.25
2021-11-07 18:00:00+00:00,1986.75,1045.25
2021-11-07 19:00:00+00:00,2022.5,961.25
2021-11-07 20:00:00+00:00,1888.0,983.5
2021-11-07 21:00:00+00:00,1672.75,862.0
2021-11-07 22:00:00+00:00,1510.75,516.75
2021-11-07 23:00:00+00:00,1347.75,384.0
2021-11-08 00:00:00+00:00,1019.0,402.0
2021-11-08 01:00:00+00:00,912.5,519.75
2021-11-08 02:00:00+00:00,883.25,342.25
2021-11-08 03:00:00+00:00,833.5,258.0
2021-11-08 04:00:00+00:00,744.25,375.5
2021-11-08 05:00:00+00:00,506.25,410.0
2021-11-08 06:00:00+00:00,500.5,463.0
2021-11-08 07:00:00+00:00,464.5,464.25
2021-11-08 08:00:00+00:00,423.5,479.5
2021-11-08 09:00:00+00:00,402.25,425.5
2021-11-08 10:00:00+00:00,343.25,305.5
2021-11-08 11:00:00+00:00,331.5,289.5
2021-11-08 12:00:00+00:00,277.5,265.5
2021-11-08 13:00:00+00:00,272.25,184.0
2021-11-08 14:00:00+00:00,214.25,138.5
2021-11-08 15:00:00+00:00,154.0,177.5
2021-11-08 16:00:00+00:00,84.5,100.25
2021-11-08 17:00:00+00:00,66.75,68.25
2021-11-08 18:00:00+00:00,62.5,47.5
2021-11-08 19:00:00+00:00,146.5,98.0
2021-11-08 20:00:00+00:00,272.0,186.75
2021-11-08 21:00:00+00:00,382.5,289.25
2021-11-08 22:00:00+00:00,488.75,376.0
2021-11-08 23:00:00+00:00,686.0,456.75
2021-11-09 00:00:00+00:00,764.25,542.5
2021-11-09 01:00:00+00:00,696.0,580.5
2021-11-09 02:00:00+00:00,760.25,698.75
2021-11-09 03:00:00+00:00,959.5,805.0
2021-11-09 04:00:00+00:00,1047.5,936.0
2021-11-09 05:00:00+00:00,732.25,991.75
2021-11-09 06:00:00+00:00,1182.5,985.0
2021-11-09 07:00:00+00:00,1223.5,971.25
2021-11-09 08:00:00+00:00,1173.75,913.5
2021-11-09 09:00:00+00:00,1168.5,803.0
2021-11-09 10:00:00+00:00,1046.0,695.25
2021-11-09 11:00:00+00:00,1079.5,725.0
2021-11-09 12:00:00+00:00,1181.75,708.25
2021-11-09 13:00:00+00:00,1136.25,641.0
2021-11-09 14:00:00+00:00,1065.0,598.5
2021-11-09 15:00:00+00:00,772.0,506.75
2021-11-09 16:00:00+00:00,999.25,512.5
2021-11-09 17:00:00+00:00,1029.5,556.75
2021-11-09 18:00:00+00:00,1083.75,622.0
2021-11-09 19:00:00+00:00,1138.0,668.25
2021-11-09 20:00:00+00:00,1062.5,635.25
2021-11-09 21:00:00+00:00,933.5,493.5
2021-11-09 22:00:00+00:00,940.5,445.75
2021-11-09 23:00:00+00:00,978.5,514.25
2021-11-10 00:00:00+00:00,956.0,571.75
2021-11-10 01:00:00+00:00,922.75,588.75
2021-11-10 02:00:00+00:00,782.75,446.25
2021-11-10 03:00:00+00:00,791.0,312.25
2021-11-10 04:00:00+00:00,778.5,343.75
2021-11-10 05:00:00+00:00,444.25,438.5
2021-11-10 06:00:00+00:00,552.0,442.25
2021-11-10 07:00:00+00:00,669.0,382.5
2021-11-10 08:00:00+00:00,565.5,326.25
2021-11-10 09:00:00+00:00,508.5,257.25
2021-11-10 10:00:00+00:00,459.75,206.5
2021-11-10 11:00:00+00:00,191.25,201.5
2021-11-10 12:00:00+00:00,78.0,140.25
2021-11-10 13:00:00+00:00,46.0,118.0
2021-11-10 14:00:00+00:00,103.75,109.0
2021-11-10 15:00:00+00:00,119.75,164.75
2021-11-10 16:00:00+00:00,125.25,220.25
2021-11-10 17:00:00+00:00,156.5,232.25
2021-11-10 18:00:00+00:00,166.75,252.25
2021-11-10 19:00:00+00:00,151.75,264.5
2021-11-10 20:00:00+00:00,114.5,216.75
2021-11-10 21:00:00+00:00,78.75,195.25
2021-11-10 22:00:00+00:00,73.75,189.0
2021-11-10 23:00:00+00:00,75.5,211.0
2021-11-11 00:00:00+00:00,73.25,234.75
2021-11-11 01:00:00+00:00,81.5,243.5
2021-11-11 02:00:00+00:00,63.5,239.75
2021-11-11 03:00:00+00:00,51.25,242.5
2021-11-11 04:00:00+00:00,38.75,225.0
2021-11-11 05:00:00+00:00,60.75,229.5
2021-11-11 06:00:00+00:00,32.0,217.75
2021-11-11 07:00:00+00:00,22.75,207.25
2021-11-11 08:00:00+00:00,66.5,172.0
2021-11-11 09:00:00+00:00,64.0,155.0
2021-11-11 10:00:00+00:00,52.5,116.75
2021-11-11 11:00:00+00:00,71.5,113.5
2021-11-11 12:00:00+00:00,92.75,117.75
2021-11-11 13:00:00+00:00,93.5,114.5
2021-11-11 14:00:00+00:00,92.5,121.25
2021-11-11 15:00:00+00:00,66.5,121.75
2021-11-11 16:00:00+00:00,46.5,140.0
2021-11-11 17:00:00+00:00,63.25,148.25
2021-11-11 18:00:00+00:00,127.25,171.75
2021-11-11 19:00:00+00:00,186.0,214.25
2021-11-11 20:00:00+00:00,250.5,228.75
2021-11-11 21:00:00+00:00,292.0,280.5
2021-11-11 22:00:00+00:00,381.75,265.5
2021-11-11 23:00:00+00:00,459.5,249.25
2021-11-12 00:00:00+00:00,544.0,263.5
2021-11-12 01:00:00+00:00,480.5,281.5
2021-11-12 02:00:00+00:00,538.0,295.5
2021-11-12 03:00:00+00:00,592.5,427.0
2021-11-12 04:00:00+00:00,707.5,564.0
2021-11-12 05:00:00+00:00,1077.5,570.75
2021-11-12 06:00:00+00:00,1341.75,621.75
2021-11-12 07:00:00+00:00,1469.5,592.75
2021-11-12 08:00:00+00:00,1450.75,536.25
2021-11-12 09:00:00+00:00,1450.75,524.0
2021-11-12 10:00:00+00:00,1524.25,557.0
2021-11-12 11:00:00+00:00,1652.5,765.25
2021-11-12 12:00:00+00:00,1845.75,885.0
2021-11-12 13:00:00+00:00,2034.0,1018.75
2021-11-12 14:00:00+00:00,1980.0,1081.25
2021-11-12 15:00:00+00:00,2003.25,1124.0
2021-11-12 16:00:00+00:00,2166.0,1247.5
2021-11-12 17:00:00+00:00,2187.0,1370.75
2021-11-12 18:00:00+00:00,2187.0,1401.25
2021-11-12 19:00:00+00:00,2196.5,1446.25
2021-11-12 20:00:00+00:00,2188.25,1518.0
2021-11-12 21:00:00+00:00,2139.25,1558.5
2021-11-12 22:00:00+00:00,2101.0,1567.0
2021-11-12 23:00:00+00:00,2116.0,1557.25
2021-11-13 00:00:00+00:00,1939.25,1497.25
2021-11-13 01:00:00+00:00,1764.75,1239.75
2021-11-13 02:00:00+00:00,1811.5,920.0
2021-11-13 03:00:00+00:00,1586.0,648.0
2021-11-13 04:00:00+00:00,1425.75,515.25
2021-11-13 05:00:00+00:00,1276.75,423.0
2021-11-13 06:00:00+00:00,1158.25,323.5
2021-11-13 07:00:00+00:00,1154.75,251.25
2021-11-13 08:00:00+00:00,1057.5,196.0
2021-11-13 09:00:00+00:00,880.0,132.0
2021-11-13 10:00:00+00:00,827.0,100.5
2021-11-13 11:00:00+00:00,823.25,105.5
2021-11-13 12:00:00+00:00,866.75,159.25
2021-11-13 13:00:00+00:00,801.5,181.75
2021-11-13 14:00:00+00:00,569.5,153.0
2021-11-13 15:00:00+00:00,490.0,96.0
2021-11-13 16:00:00+00:00,466.5,100.25
2021-11-13 17:00:00+00:00,475.75,105.75
2021-11-13 18:00:00+00:00,441.25,77.5
2021-11-13 19:00:00+00:00,410.25,60.0
2021-11-13 20:00:00+00:00,441.75,55.0
2021-11-13 21:00:00+00:00,425.75,49.75
2021-11-13 22:00:00+00:00,298.5,47.0
2021-11-13 23:00:00+00:00,313.0,48.75
2021-11-14 00:00:00+00:00,315.75,71.5
2021-11-14 01:00:00+00:00,282.5,146.0
2021-11-14 02:00:00+00:00,270.75,200.5
2021-11-14 03:00:00+00:00,314.75,195.75
2021-11-14 04:00:00+00:00,294.25,182.75
2021-11-14 05:00:00+00:00,373.5,175.5
2021-11-14 06:00:00+00:00,426.5,224.75
2021-11-14 07:00:00+00:00,356.25,253.25
2021-11-14 08:00:00+00:00,284.5,261.0
2021-11-14 09:00:00+00:00,359.75,266.25
2021-11-14 10:00:00+00:00,443.5,264.25
2021-11-14 11:00:00+00:00,514.5,259.25
2021-11-14 12:00:00+00:00,534.5,257.0
2021-11-14 13:00:00+00:00,488.75,261.25
2021-11-14 14:00:00+00:00,333.5,253.5
2021-11-14 15:00:00+00:00,316.75,239.5
2021-11-14 16:00:00+00:00,354.25,261.25
2021-11-14 17:00:00+00:00,510.5,271.0
2021-11-14 18:00:00+00:00,684.0,265.5
2021-11-14 19:00:00+00:00,615.75,233.0
2021-11-14 20:00:00+00:00,605.75,188.5
2021-11-14 21:00:00+00:00,416.5,184.25
2021-11-14 22:00:00+00:00,314.25,178.5
2021-11-14 23:00:00+00:00,314.25,182.25
2021-11-15 00:00:00+00:00,273.0,200.0
2021-11-15 01:00:00+00:00,207.5,171.25
2021-11-15 02:00:00+00:00,150.25,171.0
2021-11-15 03:00:00+00:00,121.5,132.25
2021-11-15 04:00:00+00:00,149.75,106.75
2021-11-15 05:00:00+00:00,169.25,115.25
2021-11-15 06:00:00+00:00,116.0,111.0
2021-11-15 07:00:00+00:00,64.0,115.75
2021-11-15 08:00:00+00:00,92.25,106.5
2021-11-15 09:00:00+00:00,99.0,129.75
2021-11-15 10:00:00+00:00,88.0,147.0
2021-11-15 11:00:00+00:00,108.0,164.75
2021-11-15 12:00:00+00:00,187.25,129.75
2021-11-15 13:00:00+00:00,223.5,113.5
2021-11-15 14:00:00+00:00,229.5,112.0
2021-11-15 15:00:00+00:00,247.25,85.75
2021-11-15 16:00:00+00:00,211.5,78.75
2021-11-15 17:00:00+00:00,313.0,100.5
2021-11-15 18:00:00+00:00,348.5,141.75
2021-11-15 19:00:00+00:00,336.5,163.0
2021-11-15 20:00:00+00:00,246.5,125.25
2021-11-15 21:00:00+00:00,187.25,104.0
2021-11-15 22:00:00+00:00,143.0,61.0
2021-11-15 23:00:00+00:00,109.5,42.5
2021-11-16 00:00:00+00:00,59.25,37.0
2021-11-16 01:00:00+00:00,38.75,34.0
2021-11-16 02:00:00+00:00,15.0,26.0
2021-11-16 03:00:00+00:00,2.0,19.75
2021-11-16 04:00:00+00:00,3.25,18.25
2021-11-16 05:00:00+00:00,2.25,21.5
2021-11-16 06:00:00+00:00,2.0,17.25
2021-11-16 07:00:00+00:00,1.0,16.25
2021-11-16 08:00:00+00:00,2.25,17.0
2021-11-16 09:00:00+00:00,8.0,17.5
2021-11-16 10:00:00+00:00,21.75,18.0
2021-11-16 11:00:00+00:00,52.25,19.25
2021-11-16 12:00:00+00:00,95.0,24.5
2021-11-16 13:00:00+00:00,122.5,33.75
2021-11-16 14:00:00+00:00,156.5,46.75
2021-11-16 15:00:00+00:00,198.5,43.5
2021-11-16 16:00:00+00:00,232.75,51.0
2021-11-16 17:00:00+00:00,228.5,68.5
2021-11-16 18:00:00+00:00,223.0,147.0
2021-11-16 19:00:00+00:00,292.0,232.5
2021-11-16 20:00:00+00:00,389.75,295.0
2021-11-16 21:00:00+00:00,608.75,377.75
2021-11-16 22:00:00+00:00,789.25,376.25
2021-11-16 23:00:00+00:00,733.0,403.75
2021-11-17 00:00:00+00:00,862.0,529.0
2021-11-17 01:00:00+00:00,1011.75,624.0
2021-11-17 02:00:00+00:00,1065.0,645.0
2021-11-17 03:00:00+00:00,999.75,712.5
2021-11-17 04:00:00+00:00,832.75,799.75
2021-11-17 05:00:00+00:00,837.5,791.25
2021-11-17 06:00:00+00:00,984.0,806.75
2021-11-17 07:00:00+00:00,1218.5,781.5
2021-11-17 08:00:00+00:00,1514.75,919.25
2021-11-17 09:00:00+00:00,1647.5,799.25
2021-11-17 10:00:00+00:00,1552.0,719.5
2021-11-17 11:00:00+00:00,1496.0,666.5
2021-11-17 12:00:00+00:00,1418.25,738.5
2021-11-17 13:00:00+00:00,1186.5,723.75
2021-11-17 14:00:00+00:00,1221.25,638.25
2021-11-17 15:00:00+00:00,1169.25,553.75
2021-11-17 16:00:00+00:00,1148.0,770.75
2021-11-17 17:00:00+00:00,1218.25,816.75
2021-11-17 18:00:00+00:00,1246.0,688.5
2021-11-17 19:00:00+00:00,1264.25,598.75
2021-11-17 20:00:00+00:00,1254.75,655.0
2021-11-17 21:00:00+00:00,1145.5,654.5
2021-11-17 22:00:00+00:00,1180.5,724.25
2021-11-17 23:00:00+00:00,1223.75,772.75
2021-11-18 00:00:00+00:00,1181.75,836.75
2021-11-18 01:00:00+00:00,1120.75,844.5
2021-11-18 02:00:00+00:00,1118.0,908.5
2021-11-18 03:00:00+00:00,1089.0,914.0
2021-11-18 04:00:00+00:00,1032.0,899.0
2021-11-18 05:00:00+00:00,1219.25,925.0
2021-11-18 06:00:00+00:00,1324.25,1037.5
2021-11-18 07:00:00+00:00,1378.0,1201.0
2021-11-18 08:00:00+00:00,1389.25,1296.5
2021-11-18 09:00:00+00:00,1459.5,1221.0
2021-11-18 10:00:00+00:00,1461.25,1212.25
2021-11-18 11:00:00+00:00,1534.5,1340.75
2021-11-18 12:00:00+00:00,1522.25,1377.25
2021-11-18 13:00:00+00:00,1451.25,1329.75
2021-11-18 14:00:00+00:00,1558.25,1280.75
2021-11-18 15:00:00+00:00,1410.75,1292.25
2021-11-18 16:00:00+00:00,1477.0,1253.75
2021-11-18 17:00:00+00:00,1425.5,1269.0
2021-11-18 18:00:00+00:00,1352.75,1276.0
2021-11-18 19:00:00+00:00,1290.0,1226.0
2021-11-18 20:00:00+00:00,1276.5,1165.5
2021-11-18 21:00:00+00:00,1216.75,1124.75
2021-11-18 22:00:00+00:00,1152.75,1145.25
2021-11-18 23:00:00+00:00,1166.75,1223.75
2021-11-19 00:00:00+00:00,1246.75,1235.0
2021-11-19 01:00:00+00:00,1344.0,1163.75
2021-11-19 02:00:00+00:00,1321.0,1169.5
2021-11-19 03:00:00+00:00,1166.25,1170.25
2021-11-19 04:00:00+00:00,1113.5,1155.0
2021-11-19 05:00:00+00:00,1073.75,1052.25
2021-11-19 06:00:00+00:00,1071.5,932.75
2021-11-19 07:00:00+00:00,1079.75,855.25
2021-11-19 08:00:00+00:00,973.0,858.5
2021-11-19 09:00:00+00:00,998.25,915.75
2021-11-19 10:00:00+00:00,1077.5,941.75
2021-11-19 11:00:00+00:00,1115.0,980.75
2021-11-19 12:00:00+00:00,1054.5,970.0
2021-11-19 13:00:00+00:00,987.0,904.0
2021-11-19 14:00:00+00:00,1017.5,812.75
2021-11-19 15:00:00+00:00,979.25,703.75
2021-11-19 16:00:00+00:00,931.25,633.0
2021-11-19 17:00:00+00:00,874.25,626.75
2021-11-19 18:00:00+00:00,741.0,664.75
2021-11-19 19:00:00+00:00,659.75,769.25
2021-11-19 20:00:00+00:00,611.75,799.75
2021-11-19 21:00:00+00:00,573.25,866.0
2021-11-19 22:00:00+00:00,545.0,914.5
2021-11-19 23:00:00+00:00,486.0,883.25
2021-11-20 00:00:00+00:00,478.5,787.0
2021-11-20 01:00:00+00:00,524.75,685.0
2021-11-20 02:00:00+00:00,527.75,679.0
2021-11-20 03:00:00+00:00,540.0,659.25
2021-11-20 04:00:00+00:00,516.25,610.5
2021-11-20 05:00:00+00:00,662.25,652.5
2021-11-20 06:00:00+00:00,733.0,732.25
2021-11-20 07:00:00+00:00,792.5,740.0
2021-11-20 08:00:00+00:00,823.5,728.25
2021-11-20 09:00:00+00:00,859.75,798.25
2021-11-20 10:00:00+00:00,979.75,900.25
2021-11-20 11:00:00+00:00,1024.0,932.25
2021-11-20 12:00:00+00:00,1016.75,815.75
2021-11-20 13:00:00+00:00,988.0,787.5
2021-11-20 14:00:00+00:00,1033.0,852.75
2021-11-20 15:00:00+00:00,1209.25,913.5
2021-11-20 16:00:00+00:00,1274.0,957.5
2021-11-20 17:00:00+00:00,1268.0,835.25
2021-11-20 18:00:00+00:00,1254.25,794.5
2021-11-20 19:00:00+00:00,1295.0,865.0
2021-11-20 20:00:00+00:00,1181.25,767.25
2021-11-20 21:00:00+00:00,1127.0,807.5
2021-11-20 22:00:00+00:00,1027.75,732.5
2021-11-20 23:00:00+00:00,1001.0,664.25
2021-11-21 00:00:00+00:00,992.0,606.5
2021-11-21 01:00:00+00:00,1161.0,599.25
2021-11-21 02:00:00+00:00,1038.75,407.25
2021-11-21 03:00:00+00:00,1250.75,485.75
2021-11-21 04:00:00+00:00,1339.75,577.25
2021-11-21 05:00:00+00:00,1447.25,625.5
2021-11-21 06:00:00+00:00,1549.25,701.75
2021-11-21 07:00:00+00:00,1874.5,769.0
2021-11-21 08:00:00+00:00,1931.75,694.5
2021-11-21 09:00:00+00:00,1924.75,629.5
2021-11-21 10:00:00+00:00,1796.25,641.0
2021-11-21 11:00:00+00:00,1953.25,775.75
2021-11-21 12:00:00+00:00,1938.0,929.0
2021-11-21 13:00:00+00:00,1968.0,1001.25
2021-11-21 14:00:00+00:00,2167.5,993.25
2021-11-21 15:00:00+00:00,2184.0,998.0
2021-11-21 16:00:00+00:00,2171.75,898.5
2021-11-21 17:00:00+00:00,2135.25,903.75
2021-11-21 18:00:00+00:00,2094.0,1016.25
2021-11-21 19:00:00+00:00,2014.75,1072.75
2021-11-21 20:00:00+00:00,1953.5,907.0
2021-11-21 21:00:00+00:00,1990.75,905.25
2021-11-21 22:00:00+00:00,1964.75,939.0
2021-11-21 23:00:00+00:00,1789.75,919.5
2021-11-22 00:00:00+00:00,1788.5,904.5
2021-11-22 01:00:00+00:00,1791.75,817.25
2021-11-22 02:00:00+00:00,1644.25,812.25
2021-11-22 03:00:00+00:00,1519.25,725.5
2021-11-22 04:00:00+00:00,1434.75,646.25
2021-11-22 05:00:00+00:00,1469.5,523.0
2021-11-22 06:00:00+00:00,1414.0,457.5
2021-11-22 07:00:00+00:00,1497.5,326.75
2021-11-22 08:00:00+00:00,1245.5,203.75
2021-11-22 09:00:00+00:00,991.75,103.25
2021-11-22 10:00:00+00:00,747.0,67.75
2021-11-22 11:00:00+00:00,388.5,68.25
2021-11-22 12:00:00+00:00,376.0,61.0
2021-11-22 13:00:00+00:00,477.25,72.0
2021-11-22 14:00:00+00:00,789.25,123.5
2021-11-22 15:00:00+00:00,764.75,141.75
2021-11-22 16:00:00+00:00,771.75,139.75
2021-11-22 17:00:00+00:00,895.25,180.0
2021-11-22 18:00:00+00:00,902.0,171.0
2021-11-22 19:00:00+00:00,835.25,182.25
2021-11-22 20:00:00+00:00,824.5,151.75
2021-11-22 21:00:00+00:00,785.0,168.25
2021-11-22 22:00:00+00:00,650.5,229.5
2021-11-22 23:00:00+00:00,581.5,292.75
2021-11-23 00:00:00+00:00,436.25,383.25
2021-11-23 01:00:00+00:00,567.75,445.0
2021-11-23 02:00:00+00:00,644.5,432.5
2021-11-23 03:00:00+00:00,658.25,410.0
2021-11-23 04:00:00+00:00,655.75,392.5
2021-11-23 05:00:00+00:00,792.5,277.5
2021-11-23 06:00:00+00:00,775.5,251.5
2021-11-23 07:00:00+00:00,681.25,197.5
2021-11-23 08:00:00+00:00,617.25,121.0
2021-11-23 09:00:00+00:00,485.75,122.0
2021-11-23 10:00:00+00:00,429.75,145.0
2021-11-23 11:00:00+00:00,368.25,150.75
2021-11-23 12:00:00+00:00,314.25,159.75
2021-11-23 13:00:00+00:00,274.75,168.75
2021-11-23 14:00:00+00:00,202.25,179.25
2021-11-23 15:00:00+00:00,162.0,186.0
2021-11-23 16:00:00+00:00,215.75,151.75
2021-11-23 17:00:00+00:00,233.25,142.75
2021-11-23 18:00:00+00:00,234.25,138.0
2021-11-23 19:00:00+00:00,163.5,127.0
2021-11-23 20:00:00+00:00,115.0,114.25
2021-11-23 21:00:00+00:00,83.25,102.0
2021-11-23 22:00:00+00:00,104.25,72.5
2021-11-23 23:00:00+00:00,97.0,73.0
2021-11-24 00:00:00+00:00,82.75,68.75
2021-11-24 01:00:00+00:00,101.75,74.25
2021-11-24 02:00:00+00:00,88.75,67.25
2021-11-24 03:00:00+00:00,128.25,81.25
2021-11-24 04:00:00+00:00,150.5,92.25
2021-11-24 05:00:00+00:00,144.25,140.75
2021-11-24 06:00:00+00:00,237.25,194.5
2021-11-24 07:00:00+00:00,354.75,267.25
2021-11-24 08:00:00+00:00,408.25,329.75
2021-11-24 09:00:00+00:00,380.0,365.75
2021-11-24 10:00:00+00:00,386.0,344.25
2021-11-24 11:00:00+00:00,357.5,340.5
2021-11-24 12:00:00+00:00,432.0,316.25
2021-11-24 13:00:00+00:00,356.75,306.5
2021-11-24 14:00:00+00:00,411.25,266.0
2021-11-24 15:00:00+00:00,308.5,236.25
2021-11-24 16:00:00+00:00,337.75,235.25
2021-11-24 17:00:00+00:00,411.25,243.5
2021-11-24 18:00:00+00:00,465.25,233.0
2021-11-24 19:00:00+00:00,487.25,241.0
2021-11-24 20:00:00+00:00,451.0,229.0
2021-11-24 21:00:00+00:00,412.5,226.5
2021-11-24 22:00:00+00:00,364.25,235.75
2021-11-24 23:00:00+00:00,347.0,240.0
2021-11-25 00:00:00+00:00,469.75,244.75
2021-11-25 01:00:00+00:00,649.0,272.0
2021-11-25 02:00:00+00:00,643.25,266.75
2021-11-25 03:00:00+00:00,574.75,252.75
2021-11-25 04:00:00+00:00,566.25,270.5
2021-11-25 05:00:00+00:00,595.5,328.0
2021-11-25 06:00:00+00:00,973.25,390.25
2021-11-25 07:00:00+00:00,1205.25,430.5
2021-11-25 08:00:00+00:00,1545.75,430.25
2021-11-25 09:00:00+00:00,1933.25,477.25
2021-11-25 10:00:00+00:00,1941.5,583.25
2021-11-25 11:00:00+00:00,1923.5,603.0
2021-11-25 12:00:00+00:00,1944.25,616.75
2021-11-25 13:00:00+00:00,1953.75,681.75
2021-11-25 14:00:00+00:00,1807.5,667.5
2021-11-25 15:00:00+00:00,1807.75,654.25
2021-11-25 16:00:00+00:00,1812.5,593.5
2021-11-25 17:00:00+00:00,1793.25,537.75
2021-11-25 18:00:00+00:00,1628.0,492.5
2021-11-25 19:00:00+00:00,1591.0,445.0
2021-11-25 20:00:00+00:00,1637.25,422.5
2021-11-25 21:00:00+00:00,1444.75,351.75
2021-11-25 22:00:00+00:00,1485.75,378.0
2021-11-25 23:00:00+00:00,1361.25,383.25
2021-11-26 00:00:00+00:00,922.25,314.25
2021-11-26 01:00:00+00:00,862.5,469.25
2021-11-26 02:00:00+00:00,954.75,459.75
2021-11-26 03:00:00+00:00,1240.75,510.0
2021-11-26 04:00:00+00:00,1416.5,640.0
2021-11-26 05:00:00+00:00,1596.0,804.25
2021-11-26 06:00:00+00:00,2049.75,1018.75
2021-11-26 07:00:00+00:00,2208.75,1163.25
2021-11-26 08:00:00+00:00,2225.5,1319.25
2021-11-26 09:00:00+00:00,2228.25,1515.75
2021-11-26 10:00:00+00:00,2224.5,1623.5
2021-11-26 11:00:00+00:00,2208.0,1708.0
2021-11-26 12:00:00+00:00,2185.0,1752.75
2021-11-26 13:00:00+00:00,2179.75,1778.25
2021-11-26 14:00:00+00:00,2061.75,1696.75
2021-11-26 15:00:00+00:00,2014.25,1584.75
2021-11-26 16:00:00+00:00,1872.75,1309.25
2021-11-26 17:00:00+00:00,1221.5,832.75
2021-11-26 18:00:00+00:00,1167.25,373.5
2021-11-26 19:00:00+00:00,1040.0,263.0
2021-11-26 20:00:00+00:00,1157.5,378.0
2021-11-26 21:00:00+00:00,1164.0,354.0
2021-11-26 22:00:00+00:00,869.75,191.75
2021-11-26 23:00:00+00:00,404.25,159.75
2021-11-27 00:00:00+00:00,296.25,143.0
2021-11-27 01:00:00+00:00,151.5,146.75
2021-11-27 02:00:00+00:00,429.25,219.0
2021-11-27 03:00:00+00:00,130.25,322.5
2021-11-27 04:00:00+00:00,223.5,316.0
2021-11-27 05:00:00+00:00,162.0,337.0
2021-11-27 06:00:00+00:00,314.75,313.5
2021-11-27 07:00:00+00:00,352.75,321.5
2021-11-27 08:00:00+00:00,262.75,444.25
2021-11-27 09:00:00+00:00,302.75,600.75
2021-11-27 10:00:00+00:00,283.5,672.0
2021-11-27 11:00:00+00:00,233.75,668.5
2021-11-27 12:00:00+00:00,229.0,748.75
2021-11-27 13:00:00+00:00,370.25,747.0
2021-11-27 14:00:00+00:00,367.5,724.5
2021-11-27 15:00:00+00:00,327.75,610.75
2021-11-27 16:00:00+00:00,499.0,444.25
2021-11-27 17:00:00+00:00,1454.25,335.5
2021-11-27 18:00:00+00:00,1738.5,221.75
2021-11-27 19:00:00+00:00,1869.5,151.25
2021-11-27 20:00:00+00:00,1911.75,140.5
2021-11-27 21:00:00+00:00,1904.75,164.25
2021-11-27 22:00:00+00:00,1626.5,178.75
2021-11-27 23:00:00+00:00,1655.0,219.75
2021-11-28 00:00:00+00:00,1699.75,209.5
2021-11-28 01:00:00+00:00,1690.75,219.5
2021-11-28 02:00:00+00:00,1693.25,189.75
2021-11-28 03:00:00+00:00,1594.25,161.75
2021-11-28 04:00:00+00:00,1569.0,147.5
2021-11-28 05:00:00+00:00,1681.5,151.0
2021-11-28 06:00:00+00:00,2048.0,177.75
2021-11-28 07:00:00+00:00,2092.75,299.75
2021-11-28 08:00:00+00:00,1961.75,459.0
2021-11-28 09:00:00+00:00,1964.0,452.0
2021-11-28 10:00:00+00:00,1962.25,331.25
2021-11-28 11:00:00+00:00,2033.75,385.75
2021-11-28 12:00:00+00:00,2100.5,472.25
2021-11-28 13:00:00+00:00,1599.75,464.25
2021-11-28 14:00:00+00:00,1544.75,506.25
2021-11-28 15:00:00+00:00,1396.75,636.75
2021-11-28 16:00:00+00:00,1168.0,679.25
2021-11-28 17:00:00+00:00,948.25,749.5
2021-11-28 18:00:00+00:00,1140.75,781.5
2021-11-28 19:00:00+00:00,1002.5,869.0
2021-11-28 20:00:00+00:00,844.25,789.0
2021-11-28 21:00:00+00:00,954.75,729.75
2021-11-28 22:00:00+00:00,1234.5,846.5
2021-11-28 23:00:00+00:00,1273.25,850.25
2021-11-29 00:00:00+00:00,1518.75,935.75
2021-11-29 01:00:00+00:00,1433.25,883.25
2021-11-29 02:00:00+00:00,996.75,876.5
2021-11-29 03:00:00+00:00,1140.75,1001.25
2021-11-29 04:00:00+00:00,1604.75,1121.25
2021-11-29 05:00:00+00:00,1700.25,1174.75
2021-11-29 06:00:00+00:00,1695.75,907.75
2021-11-29 07:00:00+00:00,1742.75,674.25
2021-11-29 08:00:00+00:00,1802.5,590.25
2021-11-29 09:00:00+00:00,1645.5,567.75
2021-11-29 10:00:00+00:00,1504.0,576.0
2021-11-29 11:00:00+00:00,1551.5,546.25
2021-11-29 12:00:00+00:00,1390.0,550.25
2021-11-29 13:00:00+00:00,1324.0,540.75
2021-11-29 14:00:00+00:00,1103.5,501.0
2021-11-29 15:00:00+00:00,940.75,461.5
2021-11-29 16:00:00+00:00,916.75,453.75
2021-11-29 17:00:00+00:00,911.0,465.5
2021-11-29 18:00:00+00:00,939.75,565.0
2021-11-29 19:00:00+00:00,1377.25,638.25
2021-11-29 20:00:00+00:00,1780.0,914.75
2021-11-29 21:00:00+00:00,2062.25,1355.75
2021-11-29 22:00:00+00:00,2121.5,1570.75
2021-11-29 23:00:00+00:00,2175.0,1795.25
2021-11-30 00:00:00+00:00,2175.75,1931.75
2021-11-30 01:00:00+00:00,2179.25,1959.5
2021-11-30 02:00:00+00:00,2179.75,1922.0
2021-11-30 03:00:00+00:00,2180.25,1854.5
2021-11-30 04:00:00+00:00,2180.25,1864.0
2021-11-30 05:00:00+00:00,2172.25,1889.75
2021-11-30 06:00:00+00:00,2185.0,1836.5
2021-11-30 07:00:00+00:00,2174.25,1758.5
2021-11-30 08:00:00+00:00,2128.75,1719.75
2021-11-30 09:00:00+00:00,2104.5,1716.25
2021-11-30 10:00:00+00:00,2091.25,1670.0
2021-11-30 11:00:00+00:00,2064.5,1485.0
2021-11-30 12:00:00+00:00,2053.75,1408.5
2021-11-30 13:00:00+00:00,2016.75,1355.0
2021-11-30 14:00:00+00:00,1938.75,1163.0
2021-11-30 15:00:00+00:00,1748.25,969.5
2021-11-30 16:00:00+00:00,1663.25,742.0
2021-11-30 17:00:00+00:00,1397.0,657.75
2021-11-30 18:00:00+00:00,1447.5,633.0
2021-11-30 19:00:00+00:00,1584.25,776.0
2021-11-30 20:00:00+00:00,1666.75,1150.0
2021-11-30 21:00:00+00:00,1792.5,1551.0
2021-11-30 22:00:00+00:00,2054.5,1625.25
2021-11-30 23:00:00+00:00,2089.75,1809.75
2021-12-01 00:00:00+00:00,2110.25,1898.75
2021-12-01 01:00:00+00:00,2120.25,1984.25
2021-12-01 02:00:00+00:00,2128.75,2030.0
2021-12-01 03:00:00+00:00,2142.0,2073.5
2021-12-01 04:00:00+00:00,2132.75,2059.75
2021-12-01 05:00:00+00:00,2139.0,2083.5
2021-12-01 06:00:00+00:00,2146.75,1896.75
2021-12-01 07:00:00+00:00,2120.0,1892.5
2021-12-01 08:00:00+00:00,2118.0,1887.0
2021-12-01 09:00:00+00:00,2049.5,1891.0
2021-12-01 10:00:00+00:00,1975.25,1863.0
2021-12-01 11:00:00+00:00,1970.5,1881.5
2021-12-01 12:00:00+00:00,1915.0,1894.5
2021-12-01 13:00:00+00:00,1966.25,1862.0
2021-12-01 14:00:00+00:00,1942.25,1830.0
2021-12-01 15:00:00+00:00,1916.75,1772.25
2021-12-01 16:00:00+00:00,1926.0,1862.5
2021-12-01 17:00:00+00:00,1975.25,1720.25
2021-12-01 18:00:00+00:00,1999.25,1679.75
2021-12-01 19:00:00+00:00,1987.75,1542.0
2021-12-01 20:00:00+00:00,2022.75,1417.25
2021-12-01 21:00:00+00:00,2059.0,1325.5
2021-12-01 22:00:00+00:00,2036.5,1229.5
2021-12-01 23:00:00+00:00,2056.75,1173.25
2021-12-02 00:00:00+00:00,1940.25,1039.5
2021-12-02 01:00:00+00:00,1947.75,1176.25
2021-12-02 02:00:00+00:00,1818.0,972.5
2021-12-02 03:00:00+00:00,1787.5,946.0
2021-12-02 04:00:00+00:00,1685.25,1078.75
2021-12-02 05:00:00+00:00,1745.25,1075.5
2021-12-02 06:00:00+00:00,1750.5,953.5
2021-12-02 07:00:00+00:00,1676.25,871.25
2021-12-02 08:00:00+00:00,1953.25,766.75
2021-12-02 09:00:00+00:00,1752.0,545.75
2021-12-02 10:00:00+00:00,1656.75,539.5
2021-12-02 11:00:00+00:00,1672.0,509.5
2021-12-02 12:00:00+00:00,1786.0,304.75
2021-12-02 13:00:00+00:00,1675.75,252.5
2021-12-02 14:00:00+00:00,1721.5,301.0
2021-12-02 15:00:00+00:00,1992.0,485.25
2021-12-02 16:00:00+00:00,1590.5,448.0
2021-12-02 17:00:00+00:00,1220.75,382.5
2021-12-02 18:00:00+00:00,1410.25,308.0
2021-12-02 19:00:00+00:00,1484.75,330.5
2021-12-02 20:00:00+00:00,1106.0,328.25
2021-12-02 21:00:00+00:00,1036.75,366.0
2021-12-02 22:00:00+00:00,768.25,361.75
2021-12-02 23:00:00+00:00,658.75,420.75
2021-12-03 00:00:00+00:00,711.25,515.5
2021-12-03 01:00:00+00:00,685.0,627.25
2021-12-03 02:00:00+00:00,938.25,743.0
2021-12-03 03:00:00+00:00,1189.75,917.75
2021-12-03 04:00:00+00:00,1687.25,1189.75
2021-12-03 05:00:00+00:00,1998.25,1284.75
2021-12-03 06:00:00+00:00,1870.5,1321.5
2021-12-03 07:00:00+00:00,1943.5,1476.0
2021-12-03 08:00:00+00:00,2129.0,1478.0
2021-12-03 09:00:00+00:00,2145.0,1687.75
2021-12-03 10:00:00+00:00,2142.5,1867.0
2021-12-03 11:00:00+00:00,2123.0,1893.75
2021-12-03 12:00:00+00:00,2143.25,2035.0
2021-12-03 13:00:00+00:00,2136.5,2044.25
2021-12-03 14:00:00+00:00,2132.0,2030.5
2021-12-03 15:00:00+00:00,2012.75,1949.0
2021-12-03 16:00:00+00:00,1761.25,1760.5
2021-12-03 17:00:00+00:00,1377.5,1601.5
2021-12-03 18:00:00+00:00,862.75,1451.25
2021-12-03 19:00:00+00:00,659.5,1365.75
2021-12-03 20:00:00+00:00,551.75,1263.25
2021-12-03 21:00:00+00:00,373.25,1002.0
2021-12-03 22:00:00+00:00,202.75,790.75
2021-12-03 23:00:00+00:00,202.0,640.25
2021-12-04 00:00:00+00:00,221.5,498.75
2021-12-04 01:00:00+00:00,205.25,434.5
2021-12-04 02:00:00+00:00,188.5,352.5
2021-12-04 03:00:00+00:00,245.75,289.0
2021-12-04 04:00:00+00:00,299.5,208.75
2021-12-04 05:00:00+00:00,237.0,183.5
2021-12-04 06:00:00+00:00,218.5,163.25
2021-12-04 07:00:00+00:00,259.0,214.5
2021-12-04 08:00:00+00:00,257.0,280.25
2021-12-04 09:00:00+00:00,550.25,324.5
2021-12-04 10:00:00+00:00,1339.75,333.0
2021-12-04 11:00:00+00:00,1522.5,406.5
2021-12-04 12:00:00+00:00,1577.0,525.0
2021-12-04 13:00:00+00:00,1566.25,576.5
2021-12-04 14:00:00+00:00,1663.75,632.75
2021-12-04 15:00:00+00:00,1661.5,676.25
2021-12-04 16:00:00+00:00,1639.5,629.5
2021-12-04 17:00:00+00:00,1611.25,634.5
2021-12-04 18:00:00+00:00,1610.75,877.25
2021-12-04 19:00:00+00:00,1620.0,825.5
2021-12-04 20:00:00+00:00,1532.25,801.25
2021-12-04 21:00:00+00:00,1532.0,829.5
2021-12-04 22:00:00+00:00,1484.5,834.5
2021-12-04 23:00:00+00:00,1420.75,879.25
2021-12-05 00:00:00+00:00,1328.5,905.25
2021-12-05 01:00:00+00:00,1018.5,925.5
2021-12-05 02:00:00+00:00,802.25,907.75
2021-12-05 03:00:00+00:00,608.25,764.0
2021-12-05 04:00:00+00:00,445.0,605.0
2021-12-05 05:00:00+00:00,422.75,415.25
2021-12-05 06:00:00+00:00,365.75,331.5
2021-12-05 07:00:00+00:00,351.5,233.5
2021-12-05 08:00:00+00:00,440.5,180.75
2021-12-05 09:00:00+00:00,561.75,154.0
2021-12-05 10:00:00+00:00,617.5,143.0
2021-12-05 11:00:00+00:00,690.0,151.25
2021-12-05 12:00:00+00:00,595.0,138.5
2021-12-05 13:00:00+00:00,732.5,142.75
2021-12-05 14:00:00+00:00,825.0,150.0
2021-12-05 15:00:00+00:00,1047.5,181.75
2021-12-05 16:00:00+00:00,1094.25,257.5
2021-12-05 17:00:00+00:00,870.25,258.5
2021-12-05 18:00:00+00:00,864.5,316.25
2021-12-05 19:00:00+00:00,792.0,268.5
2021-12-05 20:00:00+00:00,552.5,275.5
2021-12-05 21:00:00+00:00,656.0,289.75
2021-12-05 22:00:00+00:00,531.25,280.75
2021-12-05 23:00:00+00:00,537.5,266.0
2021-12-06 00:00:00+00:00,542.25,275.75
2021-12-06 01:00:00+00:00,447.25,141.25
2021-12-06 02:00:00+00:00,369.75,112.0
2021-12-06 03:00:00+00:00,394.75,93.0
2021-12-06 04:00:00+00:00,550.5,109.5
2021-12-06 05:00:00+00:00,622.75,141.25
2021-12-06 06:00:00+00:00,576.75,182.75
2021-12-06 07:00:00+00:00,704.5,251.0
2021-12-06 08:00:00+00:00,969.0,335.5
2021-12-06 09:00:00+00:00,1051.0,388.5
2021-12-06 10:00:00+00:00,1284.25,508.25
2021-12-06 11:00:00+00:00,1215.5,701.75
2021-12-06 12:00:00+00:00,1456.25,833.0
2021-12-06 13:00:00+00:00,1897.0,984.0
2021-12-06 14:00:00+00:00,2075.5,1121.25
2021-12-06 15:00:00+00:00,2211.0,1193.75
2021-12-06 16:00:00+00:00,2228.0,1400.5
2021-12-06 17:00:00+00:00,2228.75,1599.25
2021-12-06 18:00:00+00:00,2147.5,1608.75
2021-12-06 19:00:00+00:00,1874.25,1554.5
2021-12-06 20:00:00+00:00,2176.5,1436.0
2021-12-06 21:00:00+00:00,2175.75,1352.5
2021-12-06 22:00:00+00:00,2197.0,1247.25
2021-12-06 23:00:00+00:00,2199.5,1241.0
2021-12-07 00:00:00+00:00,2203.0,1002.0
2021-12-07 01:00:00+00:00,2121.25,943.5
2021-12-07 02:00:00+00:00,1867.5,1161.25
2021-12-07 03:00:00+00:00,1650.25,1049.5
2021-12-07 04:00:00+00:00,1071.25,922.0
2021-12-07 05:00:00+00:00,912.5,701.25
2021-12-07 06:00:00+00:00,297.0,686.0
2021-12-07 07:00:00+00:00,320.5,590.0
2021-12-07 08:00:00+00:00,335.0,584.5
2021-12-07 09:00:00+00:00,771.0,668.25
2021-12-07 10:00:00+00:00,961.0,762.0
2021-12-07 11:00:00+00:00,1169.0,743.75
2021-12-07 12:00:00+00:00,1845.5,804.25
2021-12-07 13:00:00+00:00,2095.75,999.25
2021-12-07 14:00:00+00:00,2098.25,1286.5
2021-12-07 15:00:00+00:00,2172.5,1630.0
2021-12-07 16:00:00+00:00,2174.5,1823.0
2021-12-07 17:00:00+00:00,2202.75,1965.5
2021-12-07 18:00:00+00:00,2212.25,2010.5
2021-12-07 19:00:00+00:00,2211.0,2036.0
2021-12-07 20:00:00+00:00,2202.5,2031.75
2021-12-07 21:00:00+00:00,2187.5,1991.5
2021-12-07 22:00:00+00:00,2034.0,1964.5
2021-12-07 23:00:00+00:00,1573.0,1921.25
2021-12-08 00:00:00+00:00,1773.0,1843.5
2021-12-08 01:00:00+00:00,1978.25,1762.0
2021-12-08 02:00:00+00:00,2186.5,1619.0
2021-12-08 03:00:00+00:00,2142.5,1603.75
2021-12-08 04:00:00+00:00,2201.5,1717.5
2021-12-08 05:00:00+00:00,2174.75,1766.25
2021-12-08 06:00:00+00:00,2199.25,1797.0
2021-12-08 07:00:00+00:00,2208.5,1830.5
2021-12-08 08:00:00+00:00,2220.0,1769.75
2021-12-08 09:00:00+00:00,2216.5,1726.25
2021-12-08 10:00:00+00:00,2185.0,1681.5
2021-12-08 11:00:00+00:00,2214.75,1670.75
2021-12-08 12:00:00+00:00,2215.5,1516.75
2021-12-08 13:00:00+00:00,2197.5,1457.75
2021-12-08 14:00:00+00:00,2186.5,1441.25
2021-12-08 15:00:00+00:00,2182.0,1415.75
2021-12-08 16:00:00+00:00,2153.25,1443.25
2021-12-08 17:00:00+00:00,2066.0,1451.5
2021-12-08 18:00:00+00:00,2094.5,1530.5
2021-12-08 19:00:00+00:00,1990.25,1503.25
2021-12-08 20:00:00+00:00,1868.75,1326.75
2021-12-08 21:00:00+00:00,1974.0,1217.75
2021-12-08 22:00:00+00:00,1924.75,1169.5
2021-12-08 23:00:00+00:00,2004.75,1107.25
2021-12-09 00:00:00+00:00,1961.5,1198.0
2021-12-09 01:00:00+00:00,1556.75,1203.75
2021-12-09 02:00:00+00:00,1431.75,1106.0
2021-12-09 03:00:00+00:00,1288.25,1055.75
2021-12-09 04:00:00+00:00,1254.0,1202.75
2021-12-09 05:00:00+00:00,1251.5,1216.75
2021-12-09 06:00:00+00:00,1222.0,1142.25
2021-12-09 07:00:00+00:00,1305.25,1040.75
2021-12-09 08:00:00+00:00,1047.75,964.5
2021-12-09 09:00:00+00:00,969.75,939.25
2021-12-09 10:00:00+00:00,1162.25,951.25
2021-12-09 11:00:00+00:00,906.0,885.0
2021-12-09 12:00:00+00:00,767.75,787.5
2021-12-09 13:00:00+00:00,759.5,768.25
2021-12-09 14:00:00+00:00,599.75,686.75
2021-12-09 15:00:00+00:00,851.75,722.0
2021-12-09 16:00:00+00:00,1221.25,797.5
2021-12-09 17:00:00+00:00,1287.0,954.25
2021-12-09 18:00:00+00:00,1175.5,1017.0
2021-12-09 19:00:00+00:00,1437.0,973.0
2021-12-09 20:00:00+00:00,1583.0,1018.25
2021-12-09 21:00:00+00:00,1826.75,1154.75
2021-12-09 22:00:00+00:00,1931.0,1225.5
2021-12-09 23:00:00+00:00,2006.5,1183.75
2021-12-10 00:00:00+00:00,2042.5,1153.0
2021-12-10 01:00:00+00:00,2084.25,1278.75
2021-12-10 02:00:00+00:00,2017.0,1256.25
2021-12-10 03:00:00+00:00,1826.75,1213.75
2021-12-10 04:00:00+00:00,1742.0,1190.75
2021-12-10 05:00:00+00:00,1504.0,1238.25
2021-12-10 06:00:00+00:00,1074.0,1150.75
2021-12-10 07:00:00+00:00,733.0,989.0
2021-12-10 08:00:00+00:00,601.75,848.25
2021-12-10 09:00:00+00:00,330.0,669.5
2021-12-10 10:00:00+00:00,481.0,406.0
2021-12-10 11:00:00+00:00,894.0,214.0
2021-12-10 12:00:00+00:00,883.25,145.5
2021-12-10 13:00:00+00:00,901.5,114.25
2021-12-10 14:00:00+00:00,1302.75,136.25
2021-12-10 15:00:00+00:00,1360.25,151.0
2021-12-10 16:00:00+00:00,1357.0,134.5
2021-12-10 17:00:00+00:00,1376.0,161.75
2021-12-10 18:00:00+00:00,1388.25,132.25
2021-12-10 19:00:00+00:00,1381.75,88.75
2021-12-10 20:00:00+00:00,1350.75,84.5
2021-12-10 21:00:00+00:00,1340.0,82.0
2021-12-10 22:00:00+00:00,1336.75,100.25
2021-12-10 23:00:00+00:00,1337.0,178.75
2021-12-11 00:00:00+00:00,1346.0,280.25
2021-12-11 01:00:00+00:00,1357.5,305.25
2021-12-11 02:00:00+00:00,1352.5,225.5
2021-12-11 03:00:00+00:00,1171.75,274.0
2021-12-11 04:00:00+00:00,1091.25,371.75
2021-12-11 05:00:00+00:00,851.0,449.75
2021-12-11 06:00:00+00:00,728.25,445.5
2021-12-11 07:00:00+00:00,580.5,408.75
2021-12-11 08:00:00+00:00,407.75,362.25
2021-12-11 09:00:00+00:00,404.25,355.25
2021-12-11 10:00:00+00:00,613.5,370.0
2021-12-11 11:00:00+00:00,703.0,373.5
2021-12-11 12:00:00+00:00,438.75,381.25
2021-12-11 13:00:00+00:00,495.25,373.5
2021-12-11 14:00:00+00:00,553.5,443.25
2021-12-11 15:00:00+00:00,540.5,503.0
2021-12-11 16:00:00+00:00,563.0,575.0
2021-12-11 17:00:00+00:00,601.25,668.25
2021-12-11 18:00:00+00:00,797.0,676.5
2021-12-11 19:00:00+00:00,1051.75,863.75
2021-12-11 20:00:00+00:00,1327.5,984.5
2021-12-11 21:00:00+00:00,1738.75,1047.0
2021-12-11 22:00:00+00:00,1934.0,1071.25
2021-12-11 23:00:00+00:00,2086.75,1238.5
2021-12-12 00:00:00+00:00,2142.25,1435.75
2021-12-12 01:00:00+00:00,2082.25,1585.25
2021-12-12 02:00:00+00:00,1885.5,1646.0
2021-12-12 03:00:00+00:00,1950.75,1660.75
2021-12-12 04:00:00+00:00,2088.75,1561.0
2021-12-12 05:00:00+00:00,2053.0,1499.75
2021-12-12 06:00:00+00:00,1905.25,1445.0
2021-12-12 07:00:00+00:00,1648.0,1448.0
2021-12-12 08:00:00+00:00,1559.5,1473.5
2021-12-12 09:00:00+00:00,1495.75,1491.75
2021-12-12 10:00:00+00:00,1264.0,1424.5
2021-12-12 11:00:00+00:00,1167.5,1343.25
2021-12-12 12:00:00+00:00,944.5,1282.25
2021-12-12 13:00:00+00:00,952.25,1141.25
2021-12-12 14:00:00+00:00,1041.75,978.5
2021-12-12 15:00:00+00:00,956.25,1016.5
2021-12-12 16:00:00+00:00,1064.5,1107.5
2021-12-12 17:00:00+00:00,1099.5,1102.0
2021-12-12 18:00:00+00:00,1161.0,1179.5
2021-12-12 19:00:00+00:00,1323.75,1130.75
2021-12-12 20:00:00+00:00,1407.25,1036.5
2021-12-12 21:00:00+00:00,1305.25,1122.75
2021-12-12 22:00:00+00:00,1320.5,1092.0
2021-12-12 23:00:00+00:00,1344.75,1083.5
2021-12-13 00:00:00+00:00,1521.0,1124.75
2021-12-13 01:00:00+00:00,1542.25,1147.25
2021-12-13 02:00:00+00:00,1625.0,1113.25
2021-12-13 03:00:00+00:00,1600.75,1068.0
2021-12-13 04:00:00+00:00,1595.25,1088.0
2021-12-13 05:00:00+00:00,1609.25,1115.75
2021-12-13 06:00:00+00:00,1566.0,1107.75
2021-12-13 07:00:00+00:00,1517.0,1033.0
2021-12-13 08:00:00+00:00,1299.0,1025.25
2021-12-13 09:00:00+00:00,1162.5,929.0
2021-12-13 10:00:00+00:00,1107.75,868.5
2021-12-13 11:00:00+00:00,1045.75,838.75
2021-12-13 12:00:00+00:00,976.0,817.5
2021-12-13 13:00:00+00:00,935.0,756.0
2021-12-13 14:00:00+00:00,1002.75,624.75
2021-12-13 15:00:00+00:00,978.25,692.75
2021-12-13 16:00:00+00:00,927.5,813.75
2021-12-13 17:00:00+00:00,1033.0,822.0
2021-12-13 18:00:00+00:00,1158.25,769.75
2021-12-13 19:00:00+00:00,1182.5,764.25
2021-12-13 20:00:00+00:00,1141.0,892.25
2021-12-13 21:00:00+00:00,1174.75,942.0
2021-12-13 22:00:00+00:00,1166.75,941.5
2021-12-13 23:00:00+00:00,1109.75,952.75
2021-12-14 00:00:00+00:00,1049.0,955.75
2021-12-14 01:00:00+00:00,1061.25,1042.5
2021-12-14 02:00:00+00:00,1045.75,1048.0
2021-12-14 03:00:00+00:00,742.0,1001.5
2021-12-14 04:00:00+00:00,569.0,960.5
2021-12-14 05:00:00+00:00,612.0,1041.5
2021-12-14 06:00:00+00:00,660.75,990.0
2021-12-14 07:00:00+00:00,652.5,878.75
2021-12-14 08:00:00+00:00,674.0,757.5
2021-12-14 09:00:00+00:00,691.75,756.5
2021-12-14 10:00:00+00:00,692.75,893.75
2021-12-14 11:00:00+00:00,775.5,871.25
2021-12-14 12:00:00+00:00,769.0,866.5
2021-12-14 13:00:00+00:00,718.0,854.5
2021-12-14 14:00:00+00:00,745.5,755.25
2021-12-14 15:00:00+00:00,878.75,667.5
2021-12-14 16:00:00+00:00,923.0,731.75
2021-12-14 17:00:00+00:00,955.25,762.0
2021-12-14 18:00:00+00:00,822.25,808.25
2021-12-14 19:00:00+00:00,828.75,847.0
2021-12-14 20:00:00+00:00,1087.5,940.75
2021-12-14 21:00:00+00:00,1185.25,1006.5
2021-12-14 22:00:00+00:00,1205.75,1102.5
2021-12-14 23:00:00+00:00,1194.25,1127.5
2021-12-15 00:00:00+00:00,1266.75,1037.25
2021-12-15 01:00:00+00:00,1204.0,1063.25
2021-12-15 02:00:00+00:00,1160.0,1100.75
2021-12-15 03:00:00+00:00,1072.25,1083.5
2021-12-15 04:00:00+00:00,1178.5,1174.25
2021-12-15 05:00:00+00:00,1163.75,1143.0
2021-12-15 06:00:00+00:00,1123.25,1086.5
2021-12-15 07:00:00+00:00,947.0,1063.25
2021-12-15 08:00:00+00:00,1079.5,1040.0
2021-12-15 09:00:00+00:00,1036.5,975.0
2021-12-15 10:00:00+00:00,1016.5,929.75
2021-12-15 11:00:00+00:00,968.75,884.5
2021-12-15 12:00:00+00:00,907.5,902.25
2021-12-15 13:00:00+00:00,953.5,945.5
2021-12-15 14:00:00+00:00,810.0,930.75
2021-12-15 15:00:00+00:00,770.0,763.5
2021-12-15 16:00:00+00:00,761.75,872.5
2021-12-15 17:00:00+00:00,677.5,804.75
2021-12-15 18:00:00+00:00,588.5,759.75
2021-12-15 19:00:00+00:00,538.25,799.25
2021-12-15 20:00:00+00:00,475.75,868.25
2021-12-15 21:00:00+00:00,470.75,855.5
2021-12-15 22:00:00+00:00,414.25,737.75
2021-12-15 23:00:00+00:00,403.5,667.0
2021-12-16 00:00:00+00:00,396.0,594.0
2021-12-16 01:00:00+00:00,319.5,526.25
2021-12-16 02:00:00+00:00,256.25,469.75
2021-12-16 03:00:00+00:00,241.75,407.75
2021-12-16 04:00:00+00:00,114.75,361.75
2021-12-16 05:00:00+00:00,86.0,326.25
2021-12-16 06:00:00+00:00,86.5,223.5
2021-12-16 07:00:00+00:00,55.75,143.5
2021-12-16 08:00:00+00:00,25.75,113.0
2021-12-16 09:00:00+00:00,15.75,96.5
2021-12-16 10:00:00+00:00,8.75,89.5
2021-12-16 11:00:00+00:00,8.25,92.25
2021-12-16 12:00:00+00:00,20.0,85.0
2021-12-16 13:00:00+00:00,47.25,79.75
2021-12-16 14:00:00+00:00,52.75,88.5
2021-12-16 15:00:00+00:00,43.75,89.75
2021-12-16 16:00:00+00:00,12.75,104.25
2021-12-16 17:00:00+00:00,0.25,82.5
2021-12-16 18:00:00+00:00,1.25,77.75
2021-12-16 19:00:00+00:00,0.0,78.0
2021-12-16 20:00:00+00:00,1.5,77.75
2021-12-16 21:00:00+00:00,15.5,77.0
2021-12-16 22:00:00+00:00,39.25,76.75
2021-12-16 23:00:00+00:00,32.0,78.0
2021-12-17 00:00:00+00:00,25.25,82.75
2021-12-17 01:00:00+00:00,27.0,86.25
2021-12-17 02:00:00+00:00,51.25,85.25
2021-12-17 03:00:00+00:00,53.5,91.25
2021-12-17 04:00:00+00:00,42.0,124.0
2021-12-17 05:00:00+00:00,63.25,137.25
2021-12-17 06:00:00+00:00,135.0,119.25
2021-12-17 07:00:00+00:00,185.0,119.5
2021-12-17 08:00:00+00:00,199.25,120.0
2021-12-17 09:00:00+00:00,211.5,119.25
2021-12-17 10:00:00+00:00,135.5,141.75
2021-12-17 11:00:00+00:00,156.25,156.75
2021-12-17 12:00:00+00:00,206.0,133.75
2021-12-17 13:00:00+00:00,208.5,130.0
2021-12-17 14:00:00+00:00,205.75,164.75
2021-12-17 15:00:00+00:00,371.25,188.0
2021-12-17 16:00:00+00:00,361.25,198.0
2021-12-17 17:00:00+00:00,421.5,187.75
2021-12-17 18:00:00+00:00,528.0,198.5
2021-12-17 19:00:00+00:00,566.25,166.5
2021-12-17 20:00:00+00:00,387.75,154.0
2021-12-17 21:00:00+00:00,363.75,162.0
2021-12-17 22:00:00+00:00,330.25,145.0
2021-12-17 23:00:00+00:00,277.25,145.25
2021-12-18 00:00:00+00:00,309.0,165.25
2021-12-18 01:00:00+00:00,381.5,151.25
2021-12-18 02:00:00+00:00,386.25,129.5
2021-12-18 03:00:00+00:00,332.25,131.25
2021-12-18 04:00:00+00:00,257.5,141.5
2021-12-18 05:00:00+00:00,281.25,165.5
2021-12-18 06:00:00+00:00,270.5,145.0
2021-12-18 07:00:00+00:00,273.5,128.0
2021-12-18 08:00:00+00:00,256.75,130.0
2021-12-18 09:00:00+00:00,295.5,131.0
2021-12-18 10:00:00+00:00,261.25,121.0
2021-12-18 11:00:00+00:00,217.5,128.5
2021-12-18 12:00:00+00:00,243.75,118.5
2021-12-18 13:00:00+00:00,225.25,121.25
2021-12-18 14:00:00+00:00,293.0,149.0
2021-12-18 15:00:00+00:00,332.75,161.0
2021-12-18 16:00:00+00:00,360.25,179.25
2021-12-18 17:00:00+00:00,432.25,200.25
2021-12-18 18:00:00+00:00,464.75,215.0
2021-12-18 19:00:00+00:00,441.75,244.25
2021-12-18 20:00:00+00:00,481.25,264.75
2021-12-18 21:00:00+00:00,511.75,289.0
2021-12-18 22:00:00+00:00,530.75,317.25
2021-12-18 23:00:00+00:00,537.25,348.5
2021-12-19 00:00:00+00:00,577.0,382.25
2021-12-19 01:00:00+00:00,606.25,455.75
2021-12-19 02:00:00+00:00,626.25,562.5
2021-12-19 03:00:00+00:00,392.0,659.25
2021-12-19 04:00:00+00:00,588.25,703.25
2021-12-19 05:00:00+00:00,616.5,617.5
2021-12-19 06:00:00+00:00,666.25,550.5
2021-12-19 07:00:00+00:00,731.25,506.25
2021-12-19 08:00:00+00:00,740.25,489.5
2021-12-19 09:00:00+00:00,793.0,504.25
2021-12-19 10:00:00+00:00,802.75,503.5
2021-12-19 11:00:00+00:00,846.0,559.0
2021-12-19 12:00:00+00:00,927.25,559.75
2021-12-19 13:00:00+00:00,933.75,633.0
2021-12-19 14:00:00+00:00,1131.25,677.75
2021-12-19 15:00:00+00:00,1112.25,699.75
2021-12-19 16:00:00+00:00,1108.25,704.25
2021-12-19 17:00:00+00:00,1048.5,687.75
2021-12-19 18:00:00+00:00,981.75,678.25
2021-12-19 19:00:00+00:00,954.5,649.0
2021-12-19 20:00:00+00:00,905.25,581.75
2021-12-19 21:00:00+00:00,807.5,460.75
2021-12-19 22:00:00+00:00,750.5,354.75
2021-12-19 23:00:00+00:00,584.5,288.75
2021-12-20 00:00:00+00:00,490.75,272.25
2021-12-20 01:00:00+00:00,361.5,261.5
2021-12-20 02:00:00+00:00,284.0,281.75
2021-12-20 03:00:00+00:00,224.75,286.25
2021-12-20 04:00:00+00:00,239.0,258.25
2021-12-20 05:00:00+00:00,217.0,213.75
2021-12-20 06:00:00+00:00,200.25,156.5
2021-12-20 07:00:00+00:00,166.0,124.75
2021-12-20 08:00:00+00:00,120.75,106.25
2021-12-20 09:00:00+00:00,99.0,92.5
2021-12-20 10:00:00+00:00,49.75,85.25
2021-12-20 11:00:00+00:00,19.25,79.75
2021-12-20 12:00:00+00:00,19.25,79.0
2021-12-20 13:00:00+00:00,9.0,82.75
2021-12-20 14:00:00+00:00,6.0,80.0
2021-12-20 15:00:00+00:00,31.0,86.0
2021-12-20 16:00:00+00:00,17.5,91.0
2021-12-20 17:00:00+00:00,5.0,96.75
2021-12-20 18:00:00+00:00,11.5,104.0
2021-12-20 19:00:00+00:00,34.0,106.5
2021-12-20 20:00:00+00:00,85.25,111.25
2021-12-20 21:00:00+00:00,84.75,113.25
2021-12-20 22:00:00+00:00,78.5,111.75
2021-12-20 23:00:00+00:00,69.25,123.25
2021-12-21 00:00:00+00:00,31.0,128.75
2021-12-21 01:00:00+00:00,16.25,120.25
2021-12-21 02:00:00+00:00,16.0,111.5
2021-12-21 03:00:00+00:00,27.75,99.5
2021-12-21 04:00:00+00:00,29.25,104.25
2021-12-21 05:00:00+00:00,45.25,103.5
2021-12-21 06:00:00+00:00,49.5,103.5
2021-12-21 07:00:00+00:00,61.75,96.5
2021-12-21 08:00:00+00:00,57.25,92.25
2021-12-21 09:00:00+00:00,54.75,91.0
2021-12-21 10:00:00+00:00,46.75,89.75
2021-12-21 11:00:00+00:00,50.5,81.75
2021-12-21 12:00:00+00:00,68.25,80.5
2021-12-21 13:00:00+00:00,115.75,76.5
2021-12-21 14:00:00+00:00,144.0,80.0
2021-12-21 15:00:00+00:00,143.25,87.0
2021-12-21 16:00:00+00:00,156.25,103.75
2021-12-21 17:00:00+00:00,161.0,144.0
2021-12-21 18:00:00+00:00,187.25,192.0
2021-12-21 19:00:00+00:00,247.25,224.25
2021-12-21 20:00:00+00:00,388.5,269.5
2021-12-21 21:00:00+00:00,401.25,320.5
2021-12-21 22:00:00+00:00,360.25,280.5
2021-12-21 23:00:00+00:00,454.0,234.0
2021-12-22 00:00:00+00:00,392.0,195.75
2021-12-22 01:00:00+00:00,318.5,144.0
2021-12-22 02:00:00+00:00,236.0,125.0
2021-12-22 03:00:00+00:00,259.75,119.5
2021-12-22 04:00:00+00:00,221.5,142.0
2021-12-22 05:00:00+00:00,301.25,175.5
2021-12-22 06:00:00+00:00,379.5,232.25
2021-12-22 07:00:00+00:00,440.0,304.5
2021-12-22 08:00:00+00:00,492.0,333.25
2021-12-22 09:00:00+00:00,458.0,302.5
2021-12-22 10:00:00+00:00,500.75,233.25
2021-12-22 11:00:00+00:00,412.0,192.75
2021-12-22 12:00:00+00:00,356.25,177.75
2021-12-22 13:00:00+00:00,388.25,183.75
2021-12-22 14:00:00+00:00,462.5,229.25
2021-12-22 15:00:00+00:00,396.25,336.0
2021-12-22 16:00:00+00:00,521.5,409.5
2021-12-22 17:00:00+00:00,937.5,428.0
2021-12-22 18:00:00+00:00,913.25,581.75
2021-12-22 19:00:00+00:00,949.0,607.5
2021-12-22 20:00:00+00:00,929.0,504.0
2021-12-22 21:00:00+00:00,808.0,521.75
2021-12-22 22:00:00+00:00,785.25,517.5
2021-12-22 23:00:00+00:00,769.0,489.75
2021-12-23 00:00:00+00:00,866.25,568.75
2021-12-23 01:00:00+00:00,872.5,596.0
2021-12-23 02:00:00+00:00,967.25,626.25
2021-12-23 03:00:00+00:00,1137.75,742.5
2021-12-23 04:00:00+00:00,1325.0,664.0
2021-12-23 05:00:00+00:00,994.0,550.75
2021-12-23 06:00:00+00:00,933.0,501.75
2021-12-23 07:00:00+00:00,871.5,547.0
2021-12-23 08:00:00+00:00,944.5,480.75
2021-12-23 09:00:00+00:00,1286.25,545.5
2021-12-23 10:00:00+00:00,1275.25,778.5
2021-12-23 11:00:00+00:00,1392.75,859.5
2021-12-23 12:00:00+00:00,1624.75,837.25
2021-12-23 13:00:00+00:00,1784.75,890.25
2021-12-23 14:00:00+00:00,1875.0,1086.25
2021-12-23 15:00:00+00:00,1873.75,1363.75
2021-12-23 16:00:00+00:00,1922.75,1527.25
2021-12-23 17:00:00+00:00,1880.5,1533.75
2021-12-23 18:00:00+00:00,2030.25,1562.5
2021-12-23 19:00:00+00:00,1945.75,1643.5
2021-12-23 20:00:00+00:00,1867.0,1751.75
2021-12-23 21:00:00+00:00,1774.5,1741.25
2021-12-23 22:00:00+00:00,1744.75,1774.25
2021-12-23 23:00:00+00:00,1588.0,1626.75
2021-12-24 00:00:00+00:00,1538.5,1656.75
2021-12-24 01:00:00+00:00,1395.75,1648.75
2021-12-24 02:00:00+00:00,1294.5,1722.25
2021-12-24 03:00:00+00:00,1172.75,1749.25
2021-12-24 04:00:00+00:00,1037.5,1685.75
2021-12-24 05:00:00+00:00,1002.0,1627.0
2021-12-24 06:00:00+00:00,1020.0,1546.75
2021-12-24 07:00:00+00:00,997.25,1525.75
2021-12-24 08:00:00+00:00,857.75,1467.75
2021-12-24 09:00:00+00:00,813.0,1354.75
2021-12-24 10:00:00+00:00,752.5,1130.75
2021-12-24 11:00:00+00:00,520.25,776.5
2021-12-24 12:00:00+00:00,476.75,485.5
2021-12-24 13:00:00+00:00,301.25,281.25
2021-12-24 14:00:00+00:00,457.75,240.25
2021-12-24 15:00:00+00:00,527.5,263.25
2021-12-24 16:00:00+00:00,596.5,232.0
2021-12-24 17:00:00+00:00,598.5,191.0
2021-12-24 18:00:00+00:00,601.25,298.5
2021-12-24 19:00:00+00:00,600.0,590.5
2021-12-24 20:00:00+00:00,541.5,783.0
2021-12-24 21:00:00+00:00,637.0,887.75
2021-12-24 22:00:00+00:00,874.0,886.5
2021-12-24 23:00:00+00:00,1269.5,890.0
2021-12-25 00:00:00+00:00,1362.5,961.5
2021-12-25 01:00:00+00:00,1462.25,1089.75
2021-12-25 02:00:00+00:00,1636.5,1223.75
2021-12-25 03:00:00+00:00,1672.0,1364.5
2021-12-25 04:00:00+00:00,1735.25,1458.5
2021-12-25 05:00:00+00:00,1850.25,1461.0
2021-12-25 06:00:00+00:00,1866.75,1474.75
2021-12-25 07:00:00+00:00,1923.75,1528.25
2021-12-25 08:00:00+00:00,1893.75,1529.0
2021-12-25 09:00:00+00:00,1863.25,1456.0
2021-12-25 10:00:00+00:00,1733.75,1349.0
2021-12-25 11:00:00+00:00,1610.0,1311.0
2021-12-25 12:00:00+00:00,1530.0,1193.75
2021-12-25 13:00:00+00:00,1417.0,1099.5
2021-12-25 14:00:00+00:00,1276.75,1177.25
2021-12-25 15:00:00+00:00,1392.5,1285.5
2021-12-25 16:00:00+00:00,1521.5,1343.5
2021-12-25 17:00:00+00:00,1474.25,1448.5
2021-12-25 18:00:00+00:00,1444.0,1415.0
2021-12-25 19:00:00+00:00,1500.5,1353.0
2021-12-25 20:00:00+00:00,1592.0,1321.25
2021-12-25 21:00:00+00:00,1461.25,1305.5
2021-12-25 22:00:00+00:00,1310.25,1187.75
2021-12-25 23:00:00+00:00,1175.75,1178.5
2021-12-26 00:00:00+00:00,1084.5,1135.25
2021-12-26 01:00:00+00:00,1202.25,1070.25
2021-12-26 02:00:00+00:00,1194.25,1118.75
2021-12-26 03:00:00+00:00,1125.5,1087.25
2021-12-26 04:00:00+00:00,1061.25,1053.0
2021-12-26 05:00:00+00:00,1089.25,974.25
2021-12-26 06:00:00+00:00,1109.75,944.25
2021-12-26 07:00:00+00:00,1101.5,998.25
2021-12-26 08:00:00+00:00,1154.75,905.25
2021-12-26 09:00:00+00:00,1202.5,766.25
2021-12-26 10:00:00+00:00,1176.0,586.75
2021-12-26 11:00:00+00:00,1082.25,516.5
2021-12-26 12:00:00+00:00,1022.0,537.5
2021-12-26 13:00:00+00:00,1049.5,560.75
2021-12-26 14:00:00+00:00,1068.5,668.75
2021-12-26 15:00:00+00:00,1085.0,803.0
2021-12-26 16:00:00+00:00,1102.25,878.75
2021-12-26 17:00:00+00:00,1087.25,847.5
2021-12-26 18:00:00+00:00,1034.75,815.75
2021-12-26 19:00:00+00:00,970.25,785.25
2021-12-26 20:00:00+00:00,828.25,688.5
2021-12-26 21:00:00+00:00,710.5,660.25
2021-12-26 22:00:00+00:00,650.75,659.25
2021-12-26 23:00:00+00:00,613.0,609.0
2021-12-27 00:00:00+00:00,572.5,571.0
2021-12-27 01:00:00+00:00,439.25,561.75
2021-12-27 02:00:00+00:00,537.25,540.0
2021-12-27 03:00:00+00:00,550.25,474.75
2021-12-27 04:00:00+00:00,562.25,453.75
2021-12-27 05:00:00+00:00,664.5,480.5
2021-12-27 06:00:00+00:00,534.25,501.5
2021-12-27 07:00:00+00:00,599.75,490.25
2021-12-27 08:00:00+00:00,648.5,410.0
2021-12-27 09:00:00+00:00,771.75,398.25
2021-12-27 10:00:00+00:00,769.75,424.5
2021-12-27 11:00:00+00:00,717.25,464.75
2021-12-27 12:00:00+00:00,782.75,493.5
2021-12-27 13:00:00+00:00,627.75,464.5
2021-12-27 14:00:00+00:00,749.0,558.75
2021-12-27 15:00:00+00:00,1149.75,726.75
2021-12-27 16:00:00+00:00,1249.25,862.75
2021-12-27 17:00:00+00:00,1215.25,996.25
2021-12-27 18:00:00+00:00,1360.25,1120.75
2021-12-27 19:00:00+00:00,1444.5,1244.25
2021-12-27 20:00:00+00:00,1522.75,1329.5
2021-12-27 21:00:00+00:00,1532.25,1331.5
2021-12-27 22:00:00+00:00,1723.75,1248.5
2021-12-27 23:00:00+00:00,1567.25,1210.75
2021-12-28 00:00:00+00:00,1406.75,1150.75
2021-12-28 01:00:00+00:00,1535.0,1125.0
2021-12-28 02:00:00+00:00,1557.0,1174.25
2021-12-28 03:00:00+00:00,1689.25,1237.5
2021-12-28 04:00:00+00:00,1668.75,1156.25
2021-12-28 05:00:00+00:00,1415.25,1210.75
2021-12-28 06:00:00+00:00,1641.5,1221.0
2021-12-28 07:00:00+00:00,1913.5,1414.0
2021-12-28 08:00:00+00:00,1965.75,1541.75
2021-12-28 09:00:00+00:00,2030.0,1570.0
2021-12-28 10:00:00+00:00,2007.0,1573.25
2021-12-28 11:00:00+00:00,2045.0,1656.75
2021-12-28 12:00:00+00:00,2053.25,1643.5
2021-12-28 13:00:00+00:00,2025.0,1822.75
2021-12-28 14:00:00+00:00,1876.25,1571.75
2021-12-28 15:00:00+00:00,1803.5,1433.0
2021-12-28 16:00:00+00:00,1645.5,1286.75
2021-12-28 17:00:00+00:00,1559.25,1054.0
2021-12-28 18:00:00+00:00,1591.75,945.25
2021-12-28 19:00:00+00:00,1580.75,1132.25
2021-12-28 20:00:00+00:00,1534.5,1585.75
2021-12-28 21:00:00+00:00,1563.0,1594.25
2021-12-28 22:00:00+00:00,1493.0,1351.5
2021-12-28 23:00:00+00:00,1413.5,1372.0
2021-12-29 00:00:00+00:00,1122.0,1565.0
2021-12-29 01:00:00+00:00,833.0,1520.0
2021-12-29 02:00:00+00:00,593.75,1283.0
2021-12-29 03:00:00+00:00,437.75,1022.25
2021-12-29 04:00:00+00:00,224.0,729.25
2021-12-29 05:00:00+00:00,93.25,462.5
2021-12-29 06:00:00+00:00,47.75,519.5
2021-12-29 07:00:00+00:00,78.0,440.5
2021-12-29 08:00:00+00:00,219.5,389.5
2021-12-29 09:00:00+00:00,359.0,464.75
2021-12-29 10:00:00+00:00,683.5,429.25
2021-12-29 11:00:00+00:00,1056.0,537.5
2021-12-29 12:00:00+00:00,1464.25,751.25
2021-12-29 13:00:00+00:00,1717.25,1051.5
2021-12-29 14:00:00+00:00,1865.75,1269.0
2021-12-29 15:00:00+00:00,2153.0,1512.5
2021-12-29 16:00:00+00:00,2201.0,1608.5
2021-12-29 17:00:00+00:00,2200.75,1700.0
2021-12-29 18:00:00+00:00,2146.25,1837.5
2021-12-29 19:00:00+00:00,2093.75,1921.5
2021-12-29 20:00:00+00:00,2015.75,1910.75
2021-12-29 21:00:00+00:00,2106.25,1902.5
2021-12-29 22:00:00+00:00,2202.75,1810.75
2021-12-29 23:00:00+00:00,2174.5,1776.25
2021-12-30 00:00:00+00:00,2172.75,1852.25
2021-12-30 01:00:00+00:00,2150.5,1764.75
2021-12-30 02:00:00+00:00,2157.25,1747.5
2021-12-30 03:00:00+00:00,2092.5,1661.25
2021-12-30 04:00:00+00:00,2083.5,1798.5
2021-12-30 05:00:00+00:00,2135.25,1843.0
2021-12-30 06:00:00+00:00,2143.75,1925.25
2021-12-30 07:00:00+00:00,2203.5,2075.5
2021-12-30 08:00:00+00:00,2204.75,2093.5
2021-12-30 09:00:00+00:00,2215.75,2133.0
2021-12-30 10:00:00+00:00,2201.5,2125.5
2021-12-30 11:00:00+00:00,2199.25,2117.75
2021-12-30 12:00:00+00:00,2199.5,2118.5
2021-12-30 13:00:00+00:00,2203.75,2107.0
2021-12-30 14:00:00+00:00,2204.25,2062.25
2021-12-30 15:00:00+00:00,2186.5,2067.0
2021-12-30 16:00:00+00:00,2212.25,2095.75
2021-12-30 17:00:00+00:00,2203.5,2094.0
2021-12-30 18:00:00+00:00,2192.0,2053.0
2021-12-30 19:00:00+00:00,2212.75,2058.5
2021-12-30 20:00:00+00:00,2216.0,2067.75
2021-12-30 21:00:00+00:00,2207.5,2044.0
2021-12-30 22:00:00+00:00,2166.5,2060.5
2021-12-30 23:00:00+00:00,2193.75,2031.5
2021-12-31 00:00:00+00:00,2198.0,2033.5
2021-12-31 01:00:00+00:00,2217.0,2034.5
2021-12-31 02:00:00+00:00,2167.75,2013.25
2021-12-31 03:00:00+00:00,2146.0,1989.25
2021-12-31 04:00:00+00:00,2084.0,2028.0
2021-12-31 05:00:00+00:00,2121.25,2074.25
2021-12-31 06:00:00+00:00,2095.25,2059.5
2021-12-31 07:00:00+00:00,2177.75,2081.0
2021-12-31 08:00:00+00:00,2198.25,2074.5
2021-12-31 09:00:00+00:00,2203.75,2048.0
2021-12-31 10:00:00+00:00,2202.25,2026.0
2021-12-31 11:00:00+00:00,2196.25,2023.25
2021-12-31 12:00:00+00:00,2202.25,2102.75
2021-12-31 13:00:00+00:00,2208.0,2122.0
2021-12-31 14:00:00+00:00,2199.5,2068.0
2021-12-31 15:00:00+00:00,2185.0,1985.0
2021-12-31 16:00:00+00:00,2176.75,1928.0
2021-12-31 17:00:00+00:00,2181.5,1911.5
2021-12-31 18:00:00+00:00,2148.75,1935.5
2021-12-31 19:00:00+00:00,2121.75,1876.5
2021-12-31 20:00:00+00:00,2016.75,1814.0
2021-12-31 21:00:00+00:00,1826.25,1695.75
2021-12-31 22:00:00+00:00,1802.0,1594.5
