Timestamp (UTC),Wind_Offshore_MW,Wind_Onshore_MW
2019-12-31 23:00:00+00:00,63.75,130.75
2020-01-01 00:00:00+00:00,116.0,119.5
2020-01-01 01:00:00+00:00,110.5,123.25
2020-01-01 02:00:00+00:00,135.25,107.25
2020-01-01 03:00:00+00:00,143.0,106.25
2020-01-01 04:00:00+00:00,134.5,108.5
2020-01-01 05:00:00+00:00,110.0,99.5
2020-01-01 06:00:00+00:00,105.75,90.25
2020-01-01 07:00:00+00:00,85.5,86.75
2020-01-01 08:00:00+00:00,147.75,101.5
2020-01-01 09:00:00+00:00,170.25,106.0
2020-01-01 10:00:00+00:00,186.5,95.5
2020-01-01 11:00:00+00:00,274.25,78.0
2020-01-01 12:00:00+00:00,264.25,80.0
2020-01-01 13:00:00+00:00,233.5,86.0
2020-01-01 14:00:00+00:00,197.5,99.0
2020-01-01 15:00:00+00:00,221.25,94.75
2020-01-01 16:00:00+00:00,286.25,109.75
2020-01-01 17:00:00+00:00,417.75,113.0
2020-01-01 18:00:00+00:00,420.25,122.25
2020-01-01 19:00:00+00:00,426.5,146.0
2020-01-01 20:00:00+00:00,457.0,142.25
2020-01-01 21:00:00+00:00,531.5,144.5
2020-01-01 22:00:00+00:00,467.5,141.75
2020-01-01 23:00:00+00:00,508.25,143.5
2020-01-02 00:00:00+00:00,505.0,127.75
2020-01-02 01:00:00+00:00,554.25,139.25
2020-01-02 02:00:00+00:00,588.75,171.25
2020-01-02 03:00:00+00:00,590.5,188.0
2020-01-02 04:00:00+00:00,597.0,186.25
2020-01-02 05:00:00+00:00,610.75,217.0
2020-01-02 06:00:00+00:00,612.75,271.25
2020-01-02 07:00:00+00:00,639.25,257.0
2020-01-02 08:00:00+00:00,699.5,214.25
2020-01-02 09:00:00+00:00,711.25,247.0
2020-01-02 10:00:00+00:00,727.75,317.25
2020-01-02 11:00:00+00:00,720.0,360.75
2020-01-02 12:00:00+00:00,744.25,417.75
2020-01-02 13:00:00+00:00,749.25,478.5
2020-01-02 14:00:00+00:00,755.75,545.5
2020-01-02 15:00:00+00:00,767.0,620.5
2020-01-02 16:00:00+00:00,770.5,741.25
2020-01-02 17:00:00+00:00,773.0,898.25
2020-01-02 18:00:00+00:00,774.25,957.25
2020-01-02 19:00:00+00:00,770.75,1061.75
2020-01-02 20:00:00+00:00,770.0,1130.0
2020-01-02 21:00:00+00:00,773.0,1180.5
2020-01-02 22:00:00+00:00,775.0,1203.5
2020-01-02 23:00:00+00:00,763.0,1216.25
2020-01-03 00:00:00+00:00,773.0,1248.5
2020-01-03 01:00:00+00:00,772.75,1264.25
2020-01-03 02:00:00+00:00,766.75,1225.25
2020-01-03 03:00:00+00:00,771.5,1181.75
2020-01-03 04:00:00+00:00,769.5,1169.75
2020-01-03 05:00:00+00:00,759.0,1181.0
2020-01-03 06:00:00+00:00,749.75,1231.5
2020-01-03 07:00:00+00:00,752.25,1221.5
2020-01-03 08:00:00+00:00,721.0,1225.25
2020-01-03 09:00:00+00:00,575.5,1195.0
2020-01-03 10:00:00+00:00,411.0,1245.25
2020-01-03 11:00:00+00:00,613.25,1208.5
2020-01-03 12:00:00+00:00,699.75,1112.0
2020-01-03 13:00:00+00:00,629.5,1140.5
2020-01-03 14:00:00+00:00,657.25,1215.5
2020-01-03 15:00:00+00:00,734.25,909.5
2020-01-03 16:00:00+00:00,754.0,947.0
2020-01-03 17:00:00+00:00,728.75,786.25
2020-01-03 18:00:00+00:00,747.5,748.0
2020-01-03 19:00:00+00:00,719.0,751.75
2020-01-03 20:00:00+00:00,717.75,734.5
2020-01-03 21:00:00+00:00,749.5,732.75
2020-01-03 22:00:00+00:00,753.75,745.75
2020-01-03 23:00:00+00:00,718.75,622.25
2020-01-04 00:00:00+00:00,738.75,687.75
2020-01-04 01:00:00+00:00,760.0,873.5
2020-01-04 02:00:00+00:00,766.5,840.0
2020-01-04 03:00:00+00:00,769.25,882.25
2020-01-04 04:00:00+00:00,767.75,966.0
2020-01-04 05:00:00+00:00,767.75,1058.5
2020-01-04 06:00:00+00:00,767.75,1134.0
2020-01-04 07:00:00+00:00,765.0,1169.75
2020-01-04 08:00:00+00:00,762.25,1142.0
2020-01-04 09:00:00+00:00,763.25,1163.75
2020-01-04 10:00:00+00:00,759.75,1200.75
2020-01-04 11:00:00+00:00,735.25,1199.75
2020-01-04 12:00:00+00:00,684.25,1182.5
2020-01-04 13:00:00+00:00,618.75,1101.75
2020-01-04 14:00:00+00:00,625.75,1046.0
2020-01-04 15:00:00+00:00,672.75,955.5
2020-01-04 16:00:00+00:00,672.25,659.25
2020-01-04 17:00:00+00:00,587.5,514.25
2020-01-04 18:00:00+00:00,351.0,342.25
2020-01-04 19:00:00+00:00,212.75,245.25
2020-01-04 20:00:00+00:00,128.5,179.25
2020-01-04 21:00:00+00:00,103.0,156.0
2020-01-04 22:00:00+00:00,83.25,130.25
2020-01-04 23:00:00+00:00,59.5,118.75
2020-01-05 00:00:00+00:00,22.75,103.0
2020-01-05 01:00:00+00:00,49.25,112.0
2020-01-05 02:00:00+00:00,76.0,130.5
2020-01-05 03:00:00+00:00,125.75,167.75
2020-01-05 04:00:00+00:00,192.25,303.25
2020-01-05 05:00:00+00:00,266.75,352.5
2020-01-05 06:00:00+00:00,339.5,409.75
2020-01-05 07:00:00+00:00,333.5,444.5
2020-01-05 08:00:00+00:00,357.75,527.25
2020-01-05 09:00:00+00:00,517.5,548.25
2020-01-05 10:00:00+00:00,644.5,529.25
2020-01-05 11:00:00+00:00,623.0,592.25
2020-01-05 12:00:00+00:00,629.75,578.25
2020-01-05 13:00:00+00:00,607.25,519.25
2020-01-05 14:00:00+00:00,559.75,521.25
2020-01-05 15:00:00+00:00,558.0,560.5
2020-01-05 16:00:00+00:00,562.0,560.0
2020-01-05 17:00:00+00:00,555.0,531.0
2020-01-05 18:00:00+00:00,578.25,597.5
2020-01-05 19:00:00+00:00,600.5,617.0
2020-01-05 20:00:00+00:00,653.25,612.0
2020-01-05 21:00:00+00:00,638.25,628.25
2020-01-05 22:00:00+00:00,541.75,608.5
2020-01-05 23:00:00+00:00,433.0,593.0
2020-01-06 00:00:00+00:00,466.25,613.25
2020-01-06 01:00:00+00:00,574.25,551.0
2020-01-06 02:00:00+00:00,603.75,506.5
2020-01-06 03:00:00+00:00,614.75,504.75
2020-01-06 04:00:00+00:00,623.75,513.75
2020-01-06 05:00:00+00:00,596.25,518.0
2020-01-06 06:00:00+00:00,588.0,569.75
2020-01-06 07:00:00+00:00,666.0,541.5
2020-01-06 08:00:00+00:00,693.25,619.5
2020-01-06 09:00:00+00:00,710.75,612.75
2020-01-06 10:00:00+00:00,755.5,577.25
2020-01-06 11:00:00+00:00,762.25,604.25
2020-01-06 12:00:00+00:00,755.0,576.0
2020-01-06 13:00:00+00:00,737.75,476.5
2020-01-06 14:00:00+00:00,741.5,458.5
2020-01-06 15:00:00+00:00,754.5,555.25
2020-01-06 16:00:00+00:00,761.25,715.0
2020-01-06 17:00:00+00:00,755.75,805.25
2020-01-06 18:00:00+00:00,737.25,956.75
2020-01-06 19:00:00+00:00,727.5,862.5
2020-01-06 20:00:00+00:00,754.75,920.5
2020-01-06 21:00:00+00:00,751.5,988.5
2020-01-06 22:00:00+00:00,749.25,965.25
2020-01-06 23:00:00+00:00,732.75,916.0
2020-01-07 00:00:00+00:00,704.25,825.25
2020-01-07 01:00:00+00:00,662.5,661.5
2020-01-07 02:00:00+00:00,611.25,553.75
2020-01-07 03:00:00+00:00,618.25,660.25
2020-01-07 04:00:00+00:00,578.5,614.0
2020-01-07 05:00:00+00:00,456.0,557.0
2020-01-07 06:00:00+00:00,389.5,440.75
2020-01-07 07:00:00+00:00,209.75,381.5
2020-01-07 08:00:00+00:00,170.0,453.0
2020-01-07 09:00:00+00:00,278.0,572.75
2020-01-07 10:00:00+00:00,470.75,675.75
2020-01-07 11:00:00+00:00,681.25,723.5
2020-01-07 12:00:00+00:00,729.25,772.5
2020-01-07 13:00:00+00:00,754.5,872.5
2020-01-07 14:00:00+00:00,761.25,932.5
2020-01-07 15:00:00+00:00,761.0,1035.75
2020-01-07 16:00:00+00:00,766.25,1164.5
2020-01-07 17:00:00+00:00,768.25,1284.0
2020-01-07 18:00:00+00:00,772.0,1318.0
2020-01-07 19:00:00+00:00,766.25,1359.0
2020-01-07 20:00:00+00:00,771.75,1402.75
2020-01-07 21:00:00+00:00,764.25,1392.0
2020-01-07 22:00:00+00:00,766.0,1430.0
2020-01-07 23:00:00+00:00,753.0,1470.75
2020-01-08 00:00:00+00:00,768.75,1487.75
2020-01-08 01:00:00+00:00,770.75,1462.75
2020-01-08 02:00:00+00:00,770.5,1432.25
2020-01-08 03:00:00+00:00,770.0,1374.25
2020-01-08 04:00:00+00:00,719.0,1274.5
2020-01-08 05:00:00+00:00,584.25,1273.75
2020-01-08 06:00:00+00:00,526.25,1235.5
2020-01-08 07:00:00+00:00,739.0,1177.5
2020-01-08 08:00:00+00:00,740.0,1155.75
2020-01-08 09:00:00+00:00,700.75,1083.75
2020-01-08 10:00:00+00:00,639.75,954.0
2020-01-08 11:00:00+00:00,593.75,791.75
2020-01-08 12:00:00+00:00,481.5,710.5
2020-01-08 13:00:00+00:00,350.0,493.25
2020-01-08 14:00:00+00:00,237.25,430.5
2020-01-08 15:00:00+00:00,156.25,319.0
2020-01-08 16:00:00+00:00,86.0,269.75
2020-01-08 17:00:00+00:00,83.0,230.0
2020-01-08 18:00:00+00:00,138.75,190.75
2020-01-08 19:00:00+00:00,54.75,160.5
2020-01-08 20:00:00+00:00,8.0,131.0
2020-01-08 21:00:00+00:00,4.0,123.5
2020-01-08 22:00:00+00:00,41.5,129.0
2020-01-08 23:00:00+00:00,64.0,159.5
2020-01-09 00:00:00+00:00,87.75,265.5
2020-01-09 01:00:00+00:00,98.25,428.25
2020-01-09 02:00:00+00:00,134.75,582.25
2020-01-09 03:00:00+00:00,259.25,775.75
2020-01-09 04:00:00+00:00,390.25,953.75
2020-01-09 05:00:00+00:00,385.0,1091.5
2020-01-09 06:00:00+00:00,549.5,1289.5
2020-01-09 07:00:00+00:00,716.25,1374.0
2020-01-09 08:00:00+00:00,762.0,1395.0
2020-01-09 09:00:00+00:00,761.0,1433.25
2020-01-09 10:00:00+00:00,763.25,1429.75
2020-01-09 11:00:00+00:00,767.25,1434.0
2020-01-09 12:00:00+00:00,766.75,1390.5
2020-01-09 13:00:00+00:00,718.5,1338.75
2020-01-09 14:00:00+00:00,718.25,1238.5
2020-01-09 15:00:00+00:00,767.25,1175.0
2020-01-09 16:00:00+00:00,765.0,1109.0
2020-01-09 17:00:00+00:00,716.75,1080.0
2020-01-09 18:00:00+00:00,638.75,1028.75
2020-01-09 19:00:00+00:00,680.5,1029.25
2020-01-09 20:00:00+00:00,525.75,955.25
2020-01-09 21:00:00+00:00,423.75,1009.75
2020-01-09 22:00:00+00:00,358.5,1020.5
2020-01-09 23:00:00+00:00,278.5,948.75
2020-01-10 00:00:00+00:00,233.5,1009.0
2020-01-10 01:00:00+00:00,222.25,881.0
2020-01-10 02:00:00+00:00,160.5,878.5
2020-01-10 03:00:00+00:00,149.0,845.5
2020-01-10 04:00:00+00:00,324.0,805.5
2020-01-10 05:00:00+00:00,278.0,702.75
2020-01-10 06:00:00+00:00,322.5,601.5
2020-01-10 07:00:00+00:00,527.75,574.25
2020-01-10 08:00:00+00:00,740.5,620.25
2020-01-10 09:00:00+00:00,752.75,708.0
2020-01-10 10:00:00+00:00,752.75,838.5
2020-01-10 11:00:00+00:00,719.0,874.75
2020-01-10 12:00:00+00:00,632.5,804.0
2020-01-10 13:00:00+00:00,574.75,661.25
2020-01-10 14:00:00+00:00,569.25,608.75
2020-01-10 15:00:00+00:00,565.25,416.0
2020-01-10 16:00:00+00:00,483.0,383.0
2020-01-10 17:00:00+00:00,276.75,358.25
2020-01-10 18:00:00+00:00,174.5,294.25
2020-01-10 19:00:00+00:00,189.75,272.75
2020-01-10 20:00:00+00:00,128.75,207.25
2020-01-10 21:00:00+00:00,175.25,252.25
2020-01-10 22:00:00+00:00,260.5,329.0
2020-01-10 23:00:00+00:00,353.25,403.75
2020-01-11 00:00:00+00:00,505.0,517.25
2020-01-11 01:00:00+00:00,652.5,628.5
2020-01-11 02:00:00+00:00,747.25,796.0
2020-01-11 03:00:00+00:00,759.75,837.0
2020-01-11 04:00:00+00:00,761.5,851.0
2020-01-11 05:00:00+00:00,757.25,917.25
2020-01-11 06:00:00+00:00,759.0,978.5
2020-01-11 07:00:00+00:00,759.0,1145.5
2020-01-11 08:00:00+00:00,760.5,1202.75
2020-01-11 09:00:00+00:00,760.0,1218.0
2020-01-11 10:00:00+00:00,760.25,1243.0
2020-01-11 11:00:00+00:00,759.5,1280.25
2020-01-11 12:00:00+00:00,760.5,1294.25
2020-01-11 13:00:00+00:00,760.75,1264.0
2020-01-11 14:00:00+00:00,764.0,1278.25
2020-01-11 15:00:00+00:00,767.0,1359.25
2020-01-11 16:00:00+00:00,767.0,1437.25
2020-01-11 17:00:00+00:00,767.25,1476.75
2020-01-11 18:00:00+00:00,767.25,1483.25
2020-01-11 19:00:00+00:00,767.5,1478.0
2020-01-11 20:00:00+00:00,762.75,1458.0
2020-01-11 21:00:00+00:00,767.75,1468.75
2020-01-11 22:00:00+00:00,765.25,1454.0
2020-01-11 23:00:00+00:00,762.5,1436.25
2020-01-12 00:00:00+00:00,760.5,1427.75
2020-01-12 01:00:00+00:00,761.0,1402.25
2020-01-12 02:00:00+00:00,760.25,1424.5
2020-01-12 03:00:00+00:00,760.25,1379.5
2020-01-12 04:00:00+00:00,761.25,1386.75
2020-01-12 05:00:00+00:00,760.5,1395.25
2020-01-12 06:00:00+00:00,758.5,1416.5
2020-01-12 07:00:00+00:00,760.25,1414.0
2020-01-12 08:00:00+00:00,761.0,1435.0
2020-01-12 09:00:00+00:00,760.5,1450.5
2020-01-12 10:00:00+00:00,760.75,1479.5
2020-01-12 11:00:00+00:00,760.0,1514.5
2020-01-12 12:00:00+00:00,760.25,1524.25
2020-01-12 13:00:00+00:00,759.5,1507.75
2020-01-12 14:00:00+00:00,758.75,1477.25
2020-01-12 15:00:00+00:00,757.5,1448.5
2020-01-12 16:00:00+00:00,699.75,1435.5
2020-01-12 17:00:00+00:00,473.0,1336.75
2020-01-12 18:00:00+00:00,626.25,1055.0
2020-01-12 19:00:00+00:00,598.0,821.0
2020-01-12 20:00:00+00:00,569.75,725.0
2020-01-12 21:00:00+00:00,546.5,664.0
2020-01-12 22:00:00+00:00,477.75,545.25
2020-01-12 23:00:00+00:00,348.75,557.5
2020-01-13 00:00:00+00:00,325.75,579.0
2020-01-13 01:00:00+00:00,348.0,600.75
2020-01-13 02:00:00+00:00,322.75,684.0
2020-01-13 03:00:00+00:00,364.25,765.5
2020-01-13 04:00:00+00:00,442.5,757.25
2020-01-13 05:00:00+00:00,573.5,718.75
2020-01-13 06:00:00+00:00,610.5,752.25
2020-01-13 07:00:00+00:00,631.0,704.0
2020-01-13 08:00:00+00:00,639.75,660.25
2020-01-13 09:00:00+00:00,725.5,670.5
2020-01-13 10:00:00+00:00,741.0,707.5
2020-01-13 11:00:00+00:00,732.0,774.5
2020-01-13 12:00:00+00:00,743.0,669.25
2020-01-13 13:00:00+00:00,745.75,781.0
2020-01-13 14:00:00+00:00,736.75,880.75
2020-01-13 15:00:00+00:00,750.5,964.75
2020-01-13 16:00:00+00:00,755.5,1141.25
2020-01-13 17:00:00+00:00,763.0,1309.0
2020-01-13 18:00:00+00:00,763.5,1431.75
2020-01-13 19:00:00+00:00,763.75,1483.0
2020-01-13 20:00:00+00:00,764.0,1509.25
2020-01-13 21:00:00+00:00,763.75,1525.25
2020-01-13 22:00:00+00:00,764.0,1548.75
2020-01-13 23:00:00+00:00,760.5,1551.75
2020-01-14 00:00:00+00:00,763.25,1563.25
2020-01-14 01:00:00+00:00,755.25,1554.0
2020-01-14 02:00:00+00:00,744.25,1557.25
2020-01-14 03:00:00+00:00,738.75,1556.0
2020-01-14 04:00:00+00:00,675.75,1536.75
2020-01-14 05:00:00+00:00,744.5,1475.75
2020-01-14 06:00:00+00:00,761.75,1323.5
2020-01-14 07:00:00+00:00,761.5,1208.25
2020-01-14 08:00:00+00:00,751.75,1190.25
2020-01-14 09:00:00+00:00,759.5,1183.0
2020-01-14 10:00:00+00:00,761.25,1201.5
2020-01-14 11:00:00+00:00,763.75,1225.25
2020-01-14 12:00:00+00:00,763.5,1318.5
2020-01-14 13:00:00+00:00,763.5,1330.75
2020-01-14 14:00:00+00:00,763.0,1381.5
2020-01-14 15:00:00+00:00,763.75,1500.75
2020-01-14 16:00:00+00:00,763.5,1571.75
2020-01-14 17:00:00+00:00,724.25,1592.5
2020-01-14 18:00:00+00:00,679.25,1591.25
2020-01-14 19:00:00+00:00,671.0,1583.75
2020-01-14 20:00:00+00:00,599.75,1584.0
2020-01-14 21:00:00+00:00,336.0,1574.75
2020-01-14 22:00:00+00:00,384.25,1573.25
2020-01-14 23:00:00+00:00,373.25,1554.75
2020-01-15 00:00:00+00:00,372.0,1563.75
2020-01-15 01:00:00+00:00,473.5,1565.0
2020-01-15 02:00:00+00:00,579.0,1565.25
2020-01-15 03:00:00+00:00,627.0,1561.5
2020-01-15 04:00:00+00:00,666.25,1568.75
2020-01-15 05:00:00+00:00,596.5,1571.5
2020-01-15 06:00:00+00:00,667.25,1568.25
2020-01-15 07:00:00+00:00,725.0,1554.75
2020-01-15 08:00:00+00:00,626.75,1541.5
2020-01-15 09:00:00+00:00,687.25,1543.5
2020-01-15 10:00:00+00:00,754.5,1536.75
2020-01-15 11:00:00+00:00,751.25,1533.25
2020-01-15 12:00:00+00:00,644.75,1477.75
2020-01-15 13:00:00+00:00,403.0,1473.25
2020-01-15 14:00:00+00:00,574.25,1268.25
2020-01-15 15:00:00+00:00,541.75,631.75
2020-01-15 16:00:00+00:00,529.25,423.25
2020-01-15 17:00:00+00:00,741.25,702.5
2020-01-15 18:00:00+00:00,756.5,938.5
2020-01-15 19:00:00+00:00,756.25,1088.5
2020-01-15 20:00:00+00:00,755.75,1186.5
2020-01-15 21:00:00+00:00,753.75,1125.25
2020-01-15 22:00:00+00:00,737.5,1058.75
2020-01-15 23:00:00+00:00,725.5,1021.25
2020-01-16 00:00:00+00:00,677.25,975.25
2020-01-16 01:00:00+00:00,703.5,898.25
2020-01-16 02:00:00+00:00,672.0,852.0
2020-01-16 03:00:00+00:00,708.0,772.0
2020-01-16 04:00:00+00:00,696.0,736.25
2020-01-16 05:00:00+00:00,647.75,684.25
2020-01-16 06:00:00+00:00,660.75,626.25
2020-01-16 07:00:00+00:00,651.5,623.75
2020-01-16 08:00:00+00:00,640.25,611.25
2020-01-16 09:00:00+00:00,682.5,513.75
2020-01-16 10:00:00+00:00,639.5,545.25
2020-01-16 11:00:00+00:00,527.75,549.25
2020-01-16 12:00:00+00:00,624.75,609.75
2020-01-16 13:00:00+00:00,684.0,603.0
2020-01-16 14:00:00+00:00,673.75,675.5
2020-01-16 15:00:00+00:00,717.5,854.75
2020-01-16 16:00:00+00:00,761.5,1045.25
2020-01-16 17:00:00+00:00,763.25,1278.0
2020-01-16 18:00:00+00:00,764.0,1356.0
2020-01-16 19:00:00+00:00,764.25,1403.5
2020-01-16 20:00:00+00:00,764.25,1413.25
2020-01-16 21:00:00+00:00,764.0,1395.75
2020-01-16 22:00:00+00:00,764.0,1332.5
2020-01-16 23:00:00+00:00,755.5,1220.5
2020-01-17 00:00:00+00:00,761.25,1221.25
2020-01-17 01:00:00+00:00,754.75,1176.5
2020-01-17 02:00:00+00:00,746.25,1091.75
2020-01-17 03:00:00+00:00,735.0,1018.0
2020-01-17 04:00:00+00:00,723.0,948.5
2020-01-17 05:00:00+00:00,719.75,1009.25
2020-01-17 06:00:00+00:00,735.25,1031.25
2020-01-17 07:00:00+00:00,713.25,1068.75
2020-01-17 08:00:00+00:00,701.75,1037.75
2020-01-17 09:00:00+00:00,707.25,908.75
2020-01-17 10:00:00+00:00,703.25,803.0
2020-01-17 11:00:00+00:00,651.25,738.5
2020-01-17 12:00:00+00:00,600.0,789.25
2020-01-17 13:00:00+00:00,587.5,831.5
2020-01-17 14:00:00+00:00,672.5,963.0
2020-01-17 15:00:00+00:00,698.5,1075.0
2020-01-17 16:00:00+00:00,735.75,1147.5
2020-01-17 17:00:00+00:00,763.75,1285.75
2020-01-17 18:00:00+00:00,776.0,1392.5
2020-01-17 19:00:00+00:00,770.5,1321.25
2020-01-17 20:00:00+00:00,730.5,1177.25
2020-01-17 21:00:00+00:00,765.75,1122.75
2020-01-17 22:00:00+00:00,776.0,1010.25
2020-01-17 23:00:00+00:00,760.0,992.25
2020-01-18 00:00:00+00:00,742.5,990.25
2020-01-18 01:00:00+00:00,752.75,958.5
2020-01-18 02:00:00+00:00,749.75,994.5
2020-01-18 03:00:00+00:00,753.5,1027.75
2020-01-18 04:00:00+00:00,751.0,1050.75
2020-01-18 05:00:00+00:00,722.0,960.5
2020-01-18 06:00:00+00:00,638.75,807.0
2020-01-18 07:00:00+00:00,663.5,783.5
2020-01-18 08:00:00+00:00,418.5,705.5
2020-01-18 09:00:00+00:00,484.25,652.75
2020-01-18 10:00:00+00:00,653.5,639.25
2020-01-18 11:00:00+00:00,595.25,590.5
2020-01-18 12:00:00+00:00,529.0,619.0
2020-01-18 13:00:00+00:00,607.75,646.5
2020-01-18 14:00:00+00:00,610.0,581.25
2020-01-18 15:00:00+00:00,706.5,489.25
2020-01-18 16:00:00+00:00,741.5,469.75
2020-01-18 17:00:00+00:00,731.25,490.5
2020-01-18 18:00:00+00:00,727.0,535.25
2020-01-18 19:00:00+00:00,696.25,673.25
2020-01-18 20:00:00+00:00,663.25,660.75
2020-01-18 21:00:00+00:00,703.0,559.25
2020-01-18 22:00:00+00:00,696.75,584.5
2020-01-18 23:00:00+00:00,692.75,561.5
2020-01-19 00:00:00+00:00,721.75,562.0
2020-01-19 01:00:00+00:00,741.75,550.5
2020-01-19 02:00:00+00:00,603.75,551.0
2020-01-19 03:00:00+00:00,744.25,689.5
2020-01-19 04:00:00+00:00,730.5,662.25
2020-01-19 05:00:00+00:00,697.0,623.25
2020-01-19 06:00:00+00:00,715.25,608.0
2020-01-19 07:00:00+00:00,758.0,664.25
2020-01-19 08:00:00+00:00,764.0,645.0
2020-01-19 09:00:00+00:00,708.0,499.75
2020-01-19 10:00:00+00:00,614.5,419.25
2020-01-19 11:00:00+00:00,649.75,460.75
2020-01-19 12:00:00+00:00,629.5,488.75
2020-01-19 13:00:00+00:00,535.75,526.25
2020-01-19 14:00:00+00:00,560.5,450.75
2020-01-19 15:00:00+00:00,483.25,384.75
2020-01-19 16:00:00+00:00,416.25,370.0
2020-01-19 17:00:00+00:00,369.75,328.75
2020-01-19 18:00:00+00:00,289.5,333.0
2020-01-19 19:00:00+00:00,221.25,333.5
2020-01-19 20:00:00+00:00,228.0,286.25
2020-01-19 21:00:00+00:00,219.25,270.25
2020-01-19 22:00:00+00:00,136.0,221.25
2020-01-19 23:00:00+00:00,129.75,150.25
2020-01-20 00:00:00+00:00,88.0,131.75
2020-01-20 01:00:00+00:00,80.5,132.0
2020-01-20 02:00:00+00:00,134.25,114.25
2020-01-20 03:00:00+00:00,129.0,103.75
2020-01-20 04:00:00+00:00,141.25,91.75
2020-01-20 05:00:00+00:00,118.75,91.75
2020-01-20 06:00:00+00:00,106.0,90.0
2020-01-20 07:00:00+00:00,110.25,96.5
2020-01-20 08:00:00+00:00,142.5,124.75
2020-01-20 09:00:00+00:00,141.5,152.0
2020-01-20 10:00:00+00:00,181.25,160.25
2020-01-20 11:00:00+00:00,189.5,164.25
2020-01-20 12:00:00+00:00,207.5,192.5
2020-01-20 13:00:00+00:00,233.5,204.75
2020-01-20 14:00:00+00:00,280.75,179.0
2020-01-20 15:00:00+00:00,300.5,169.25
2020-01-20 16:00:00+00:00,359.5,202.5
2020-01-20 17:00:00+00:00,388.5,203.25
2020-01-20 18:00:00+00:00,369.5,225.25
2020-01-20 19:00:00+00:00,343.25,235.0
2020-01-20 20:00:00+00:00,349.5,240.5
2020-01-20 21:00:00+00:00,385.5,234.75
2020-01-20 22:00:00+00:00,422.0,275.0
2020-01-20 23:00:00+00:00,498.75,292.75
2020-01-21 00:00:00+00:00,431.25,292.25
2020-01-21 01:00:00+00:00,425.25,313.75
2020-01-21 02:00:00+00:00,399.75,374.5
2020-01-21 03:00:00+00:00,485.0,366.5
2020-01-21 04:00:00+00:00,522.75,340.75
2020-01-21 05:00:00+00:00,536.75,369.0
2020-01-21 06:00:00+00:00,513.25,360.25
2020-01-21 07:00:00+00:00,513.0,314.0
2020-01-21 08:00:00+00:00,466.75,293.75
2020-01-21 09:00:00+00:00,385.5,236.75
2020-01-21 10:00:00+00:00,281.25,214.25
2020-01-21 11:00:00+00:00,239.5,197.0
2020-01-21 12:00:00+00:00,238.5,177.25
2020-01-21 13:00:00+00:00,202.75,146.25
2020-01-21 14:00:00+00:00,249.0,165.5
2020-01-21 15:00:00+00:00,236.5,181.5
2020-01-21 16:00:00+00:00,159.0,193.0
2020-01-21 17:00:00+00:00,189.0,247.5
2020-01-21 18:00:00+00:00,164.75,238.5
2020-01-21 19:00:00+00:00,160.75,195.0
2020-01-21 20:00:00+00:00,149.25,189.5
2020-01-21 21:00:00+00:00,199.0,170.5
2020-01-21 22:00:00+00:00,212.75,183.5
2020-01-21 23:00:00+00:00,261.25,185.0
2020-01-22 00:00:00+00:00,298.25,182.25
2020-01-22 01:00:00+00:00,355.25,171.75
2020-01-22 02:00:00+00:00,254.5,170.0
2020-01-22 03:00:00+00:00,227.25,169.0
2020-01-22 04:00:00+00:00,209.25,164.25
2020-01-22 05:00:00+00:00,209.0,156.25
2020-01-22 06:00:00+00:00,119.75,157.5
2020-01-22 07:00:00+00:00,125.5,130.5
2020-01-22 08:00:00+00:00,70.5,115.75
2020-01-22 09:00:00+00:00,43.0,95.25
2020-01-22 10:00:00+00:00,98.75,78.5
2020-01-22 11:00:00+00:00,159.5,76.0
2020-01-22 12:00:00+00:00,112.25,81.5
2020-01-22 13:00:00+00:00,90.25,87.75
2020-01-22 14:00:00+00:00,37.25,89.75
2020-01-22 15:00:00+00:00,18.5,73.0
2020-01-22 16:00:00+00:00,21.0,69.0
2020-01-22 17:00:00+00:00,6.75,73.75
2020-01-22 18:00:00+00:00,0.25,64.25
2020-01-22 19:00:00+00:00,0.0,58.5
2020-01-22 20:00:00+00:00,0.0,59.0
2020-01-22 21:00:00+00:00,0.0,59.5
2020-01-22 22:00:00+00:00,0.0,62.25
2020-01-22 23:00:00+00:00,0.25,62.0
2020-01-23 00:00:00+00:00,1.25,61.75
2020-01-23 01:00:00+00:00,5.25,62.25
2020-01-23 02:00:00+00:00,7.75,63.75
2020-01-23 03:00:00+00:00,23.5,62.75
2020-01-23 04:00:00+00:00,29.75,64.25
2020-01-23 05:00:00+00:00,20.5,64.75
2020-01-23 06:00:00+00:00,20.0,64.75
2020-01-23 07:00:00+00:00,15.5,56.5
2020-01-23 08:00:00+00:00,20.5,60.0
2020-01-23 09:00:00+00:00,25.5,68.75
2020-01-23 10:00:00+00:00,42.0,70.5
2020-01-23 11:00:00+00:00,90.5,67.5
2020-01-23 12:00:00+00:00,90.25,73.75
2020-01-23 13:00:00+00:00,80.75,80.0
2020-01-23 14:00:00+00:00,84.75,89.75
2020-01-23 15:00:00+00:00,90.75,83.75
2020-01-23 16:00:00+00:00,91.5,74.75
2020-01-23 17:00:00+00:00,75.25,77.0
2020-01-23 18:00:00+00:00,48.5,73.25
2020-01-23 19:00:00+00:00,51.5,80.0
2020-01-23 20:00:00+00:00,61.0,86.25
2020-01-23 21:00:00+00:00,108.75,83.25
2020-01-23 22:00:00+00:00,123.5,77.0
2020-01-23 23:00:00+00:00,133.0,66.25
2020-01-24 00:00:00+00:00,102.25,70.75
2020-01-24 01:00:00+00:00,104.0,73.75
2020-01-24 02:00:00+00:00,109.5,75.5
2020-01-24 03:00:00+00:00,151.0,81.75
2020-01-24 04:00:00+00:00,183.5,91.25
2020-01-24 05:00:00+00:00,194.5,89.25
2020-01-24 06:00:00+00:00,168.5,86.0
2020-01-24 07:00:00+00:00,145.25,80.0
2020-01-24 08:00:00+00:00,197.5,90.5
2020-01-24 09:00:00+00:00,272.0,124.0
2020-01-24 10:00:00+00:00,250.75,134.75
2020-01-24 11:00:00+00:00,222.75,124.5
2020-01-24 12:00:00+00:00,282.0,146.25
2020-01-24 13:00:00+00:00,284.75,176.5
2020-01-24 14:00:00+00:00,319.5,207.75
2020-01-24 15:00:00+00:00,274.75,180.75
2020-01-24 16:00:00+00:00,237.5,152.0
2020-01-24 17:00:00+00:00,229.75,151.0
2020-01-24 18:00:00+00:00,225.25,175.5
2020-01-24 19:00:00+00:00,192.25,209.5
2020-01-24 20:00:00+00:00,192.75,254.25
2020-01-24 21:00:00+00:00,217.25,264.0
2020-01-24 22:00:00+00:00,238.0,257.75
2020-01-24 23:00:00+00:00,238.75,244.5
2020-01-25 00:00:00+00:00,256.0,248.25
2020-01-25 01:00:00+00:00,211.0,244.25
2020-01-25 02:00:00+00:00,202.0,231.0
2020-01-25 03:00:00+00:00,203.25,236.0
2020-01-25 04:00:00+00:00,218.25,251.5
2020-01-25 05:00:00+00:00,242.75,266.75
2020-01-25 06:00:00+00:00,239.0,241.5
2020-01-25 07:00:00+00:00,185.0,234.5
2020-01-25 08:00:00+00:00,190.25,208.0
2020-01-25 09:00:00+00:00,225.25,207.5
2020-01-25 10:00:00+00:00,199.25,228.25
2020-01-25 11:00:00+00:00,562.25,232.25
2020-01-25 12:00:00+00:00,565.75,191.75
2020-01-25 13:00:00+00:00,577.75,146.5
2020-01-25 14:00:00+00:00,583.5,127.5
2020-01-25 15:00:00+00:00,596.25,151.0
2020-01-25 16:00:00+00:00,560.75,150.0
2020-01-25 17:00:00+00:00,567.5,159.75
2020-01-25 18:00:00+00:00,553.75,174.0
2020-01-25 19:00:00+00:00,594.5,187.5
2020-01-25 20:00:00+00:00,588.25,172.25
2020-01-25 21:00:00+00:00,610.25,161.5
2020-01-25 22:00:00+00:00,603.25,182.0
2020-01-25 23:00:00+00:00,588.0,195.0
2020-01-26 00:00:00+00:00,587.75,218.0
2020-01-26 01:00:00+00:00,589.0,251.5
2020-01-26 02:00:00+00:00,477.5,243.75
2020-01-26 03:00:00+00:00,437.5,268.75
2020-01-26 04:00:00+00:00,573.75,328.5
2020-01-26 05:00:00+00:00,482.75,363.75
2020-01-26 06:00:00+00:00,490.5,391.25
2020-01-26 07:00:00+00:00,421.0,420.5
2020-01-26 08:00:00+00:00,464.5,407.5
2020-01-26 09:00:00+00:00,429.5,350.5
2020-01-26 10:00:00+00:00,481.75,311.0
2020-01-26 11:00:00+00:00,482.5,326.25
2020-01-26 12:00:00+00:00,509.5,314.25
2020-01-26 13:00:00+00:00,496.75,324.5
2020-01-26 14:00:00+00:00,573.75,409.75
2020-01-26 15:00:00+00:00,592.75,460.25
2020-01-26 16:00:00+00:00,623.75,574.5
2020-01-26 17:00:00+00:00,717.5,705.0
2020-01-26 18:00:00+00:00,755.5,835.75
2020-01-26 19:00:00+00:00,779.75,875.75
2020-01-26 20:00:00+00:00,648.25,934.25
2020-01-26 21:00:00+00:00,783.0,1093.25
2020-01-26 22:00:00+00:00,791.25,1125.75
2020-01-26 23:00:00+00:00,796.75,1220.5
2020-01-27 00:00:00+00:00,791.5,1225.25
2020-01-27 01:00:00+00:00,783.75,1282.5
2020-01-27 02:00:00+00:00,796.75,1275.5
2020-01-27 03:00:00+00:00,797.0,1140.25
2020-01-27 04:00:00+00:00,793.75,1008.25
2020-01-27 05:00:00+00:00,701.25,929.5
2020-01-27 06:00:00+00:00,563.25,847.25
2020-01-27 07:00:00+00:00,564.5,779.25
2020-01-27 08:00:00+00:00,544.5,768.75
2020-01-27 09:00:00+00:00,646.0,770.0
2020-01-27 10:00:00+00:00,709.25,713.25
2020-01-27 11:00:00+00:00,714.5,737.0
2020-01-27 12:00:00+00:00,719.0,707.25
2020-01-27 13:00:00+00:00,738.0,598.25
2020-01-27 14:00:00+00:00,735.25,550.5
2020-01-27 15:00:00+00:00,759.0,535.75
2020-01-27 16:00:00+00:00,713.75,516.0
2020-01-27 17:00:00+00:00,652.0,565.5
2020-01-27 18:00:00+00:00,660.0,624.75
2020-01-27 19:00:00+00:00,496.25,761.5
2020-01-27 20:00:00+00:00,524.25,799.0
2020-01-27 21:00:00+00:00,562.5,906.0
2020-01-27 22:00:00+00:00,531.25,952.0
2020-01-27 23:00:00+00:00,632.0,950.75
2020-01-28 00:00:00+00:00,710.75,1164.25
2020-01-28 01:00:00+00:00,692.25,1110.25
2020-01-28 02:00:00+00:00,611.75,1102.0
2020-01-28 03:00:00+00:00,712.5,1122.0
2020-01-28 04:00:00+00:00,624.0,1019.25
2020-01-28 05:00:00+00:00,642.75,917.75
2020-01-28 06:00:00+00:00,677.25,973.25
2020-01-28 07:00:00+00:00,633.25,940.5
2020-01-28 08:00:00+00:00,368.0,1119.75
2020-01-28 09:00:00+00:00,331.25,1268.0
2020-01-28 10:00:00+00:00,337.0,1370.75
2020-01-28 11:00:00+00:00,427.5,1388.75
2020-01-28 12:00:00+00:00,663.5,1474.0
2020-01-28 13:00:00+00:00,783.75,1423.5
2020-01-28 14:00:00+00:00,786.25,1478.5
2020-01-28 15:00:00+00:00,796.25,1483.25
2020-01-28 16:00:00+00:00,797.0,1397.75
2020-01-28 17:00:00+00:00,796.5,1293.0
2020-01-28 18:00:00+00:00,797.0,1211.75
2020-01-28 19:00:00+00:00,796.25,1233.0
2020-01-28 20:00:00+00:00,714.75,1195.5
2020-01-28 21:00:00+00:00,790.5,1233.5
2020-01-28 22:00:00+00:00,786.5,1194.5
2020-01-28 23:00:00+00:00,794.0,1214.25
2020-01-29 00:00:00+00:00,794.5,1215.0
2020-01-29 01:00:00+00:00,772.0,1256.0
2020-01-29 02:00:00+00:00,797.0,1293.75
2020-01-29 03:00:00+00:00,797.0,1272.75
2020-01-29 04:00:00+00:00,797.0,1281.5
2020-01-29 05:00:00+00:00,796.75,1262.75
2020-01-29 06:00:00+00:00,790.5,1268.0
2020-01-29 07:00:00+00:00,795.5,1260.25
2020-01-29 08:00:00+00:00,797.0,1335.0
2020-01-29 09:00:00+00:00,439.5,1348.5
2020-01-29 10:00:00+00:00,426.0,1366.5
2020-01-29 11:00:00+00:00,768.0,1323.25
2020-01-29 12:00:00+00:00,790.5,1338.75
2020-01-29 13:00:00+00:00,784.5,1361.75
2020-01-29 14:00:00+00:00,789.5,1236.25
2020-01-29 15:00:00+00:00,782.75,1149.0
2020-01-29 16:00:00+00:00,643.0,938.5
2020-01-29 17:00:00+00:00,707.5,807.75
2020-01-29 18:00:00+00:00,679.25,906.25
2020-01-29 19:00:00+00:00,784.0,1037.5
2020-01-29 20:00:00+00:00,789.5,1141.25
2020-01-29 21:00:00+00:00,791.0,1257.5
2020-01-29 22:00:00+00:00,790.5,1339.25
2020-01-29 23:00:00+00:00,780.5,1416.75
2020-01-30 00:00:00+00:00,788.5,1443.5
2020-01-30 01:00:00+00:00,790.25,1448.25
2020-01-30 02:00:00+00:00,791.25,1423.25
2020-01-30 03:00:00+00:00,791.25,1344.0
2020-01-30 04:00:00+00:00,791.5,1274.75
2020-01-30 05:00:00+00:00,788.5,1249.5
2020-01-30 06:00:00+00:00,763.0,1230.0
2020-01-30 07:00:00+00:00,787.75,1146.25
2020-01-30 08:00:00+00:00,791.25,1089.0
2020-01-30 09:00:00+00:00,780.25,1060.25
2020-01-30 10:00:00+00:00,777.0,1028.25
2020-01-30 11:00:00+00:00,772.0,1010.0
2020-01-30 12:00:00+00:00,760.75,910.5
2020-01-30 13:00:00+00:00,759.0,876.75
2020-01-30 14:00:00+00:00,780.25,892.25
2020-01-30 15:00:00+00:00,789.0,1015.25
2020-01-30 16:00:00+00:00,788.75,1163.75
2020-01-30 17:00:00+00:00,789.0,1320.75
2020-01-30 18:00:00+00:00,789.25,1424.5
2020-01-30 19:00:00+00:00,788.0,1443.0
2020-01-30 20:00:00+00:00,787.75,1463.75
2020-01-30 21:00:00+00:00,786.5,1489.75
2020-01-30 22:00:00+00:00,788.0,1552.75
2020-01-30 23:00:00+00:00,783.25,1505.25
2020-01-31 00:00:00+00:00,782.0,1483.25
2020-01-31 01:00:00+00:00,781.5,1433.75
2020-01-31 02:00:00+00:00,772.75,1369.5
2020-01-31 03:00:00+00:00,754.75,1275.5
2020-01-31 04:00:00+00:00,744.5,1227.5
2020-01-31 05:00:00+00:00,715.25,1102.0
2020-01-31 06:00:00+00:00,684.75,1083.0
2020-01-31 07:00:00+00:00,650.0,1137.5
2020-01-31 08:00:00+00:00,768.0,1138.0
2020-01-31 09:00:00+00:00,784.0,1248.5
2020-01-31 10:00:00+00:00,784.25,1349.25
2020-01-31 11:00:00+00:00,782.0,1395.5
2020-01-31 12:00:00+00:00,781.75,1403.25
2020-01-31 13:00:00+00:00,782.0,1431.75
2020-01-31 14:00:00+00:00,782.25,1416.25
2020-01-31 15:00:00+00:00,784.75,1390.5
2020-01-31 16:00:00+00:00,785.5,1421.5
2020-01-31 17:00:00+00:00,785.75,1420.5
2020-01-31 18:00:00+00:00,785.25,1448.75
2020-01-31 19:00:00+00:00,779.25,1445.75
2020-01-31 20:00:00+00:00,781.0,1495.0
2020-01-31 21:00:00+00:00,777.75,1516.5
2020-01-31 22:00:00+00:00,765.25,1472.25
2020-01-31 23:00:00+00:00,750.25,1461.0
2020-02-01 00:00:00+00:00,778.25,1489.25
2020-02-01 01:00:00+00:00,776.25,1450.75
2020-02-01 02:00:00+00:00,770.75,1420.25
2020-02-01 03:00:00+00:00,777.5,1408.25
2020-02-01 04:00:00+00:00,778.5,1358.25
2020-02-01 05:00:00+00:00,780.25,1303.75
2020-02-01 06:00:00+00:00,768.5,1265.5
2020-02-01 07:00:00+00:00,779.25,1280.75
2020-02-01 08:00:00+00:00,778.5,1228.5
2020-02-01 09:00:00+00:00,776.25,1263.25
2020-02-01 10:00:00+00:00,780.5,1378.75
2020-02-01 11:00:00+00:00,781.75,1447.25
2020-02-01 12:00:00+00:00,744.75,1387.0
2020-02-01 13:00:00+00:00,759.25,1431.75
2020-02-01 14:00:00+00:00,781.75,1492.25
2020-02-01 15:00:00+00:00,776.0,1474.75
2020-02-01 16:00:00+00:00,770.25,1502.75
2020-02-01 17:00:00+00:00,775.25,1498.5
2020-02-01 18:00:00+00:00,782.0,1505.0
2020-02-01 19:00:00+00:00,780.5,1505.25
2020-02-01 20:00:00+00:00,781.5,1517.5
2020-02-01 21:00:00+00:00,781.25,1540.0
2020-02-01 22:00:00+00:00,780.5,1513.5
2020-02-01 23:00:00+00:00,775.75,1494.25
2020-02-02 00:00:00+00:00,568.5,1416.25
2020-02-02 01:00:00+00:00,636.0,1369.5
2020-02-02 02:00:00+00:00,653.5,1181.75
2020-02-02 03:00:00+00:00,561.75,983.75
2020-02-02 04:00:00+00:00,401.0,752.25
2020-02-02 05:00:00+00:00,223.0,564.25
2020-02-02 06:00:00+00:00,163.0,422.5
2020-02-02 07:00:00+00:00,101.75,371.0
2020-02-02 08:00:00+00:00,62.0,334.25
2020-02-02 09:00:00+00:00,33.75,293.25
2020-02-02 10:00:00+00:00,11.25,412.0
2020-02-02 11:00:00+00:00,43.25,590.5
2020-02-02 12:00:00+00:00,52.5,670.25
2020-02-02 13:00:00+00:00,157.0,715.5
2020-02-02 14:00:00+00:00,228.75,894.0
2020-02-02 15:00:00+00:00,211.75,1113.5
2020-02-02 16:00:00+00:00,222.0,1370.25
2020-02-02 17:00:00+00:00,132.75,1361.25
2020-02-02 18:00:00+00:00,141.5,1248.0
2020-02-02 19:00:00+00:00,248.0,1063.5
2020-02-02 20:00:00+00:00,368.5,1050.0
2020-02-02 21:00:00+00:00,597.25,1153.5
2020-02-02 22:00:00+00:00,386.25,1261.5
2020-02-02 23:00:00+00:00,539.5,1323.0
2020-02-03 00:00:00+00:00,650.5,1390.25
2020-02-03 01:00:00+00:00,476.25,1482.0
2020-02-03 02:00:00+00:00,525.75,1431.25
2020-02-03 03:00:00+00:00,765.25,1426.75
2020-02-03 04:00:00+00:00,724.0,1410.75
2020-02-03 05:00:00+00:00,780.5,1458.25
2020-02-03 06:00:00+00:00,783.0,1463.75
2020-02-03 07:00:00+00:00,780.75,1452.5
2020-02-03 08:00:00+00:00,774.5,1440.75
2020-02-03 09:00:00+00:00,767.75,1411.25
2020-02-03 10:00:00+00:00,761.25,1394.25
2020-02-03 11:00:00+00:00,778.5,1428.0
2020-02-03 12:00:00+00:00,776.5,1360.75
2020-02-03 13:00:00+00:00,778.75,1300.75
2020-02-03 14:00:00+00:00,741.0,1201.0
2020-02-03 15:00:00+00:00,734.25,1025.75
2020-02-03 16:00:00+00:00,721.0,866.75
2020-02-03 17:00:00+00:00,685.0,746.0
2020-02-03 18:00:00+00:00,660.25,592.5
2020-02-03 19:00:00+00:00,629.5,471.5
2020-02-03 20:00:00+00:00,659.75,398.75
2020-02-03 21:00:00+00:00,740.5,518.5
2020-02-03 22:00:00+00:00,778.5,860.75
2020-02-03 23:00:00+00:00,781.25,1176.25
2020-02-04 00:00:00+00:00,781.5,1226.75
2020-02-04 01:00:00+00:00,782.5,1287.0
2020-02-04 02:00:00+00:00,761.5,1378.25
2020-02-04 03:00:00+00:00,776.25,1409.5
2020-02-04 04:00:00+00:00,765.5,1412.0
2020-02-04 05:00:00+00:00,783.0,1415.25
2020-02-04 06:00:00+00:00,781.75,1405.0
2020-02-04 07:00:00+00:00,755.0,1400.75
2020-02-04 08:00:00+00:00,773.0,1325.5
2020-02-04 09:00:00+00:00,729.75,1229.25
2020-02-04 10:00:00+00:00,507.75,1200.75
2020-02-04 11:00:00+00:00,434.0,1138.75
2020-02-04 12:00:00+00:00,389.25,905.0
2020-02-04 13:00:00+00:00,329.0,841.25
2020-02-04 14:00:00+00:00,352.75,726.75
2020-02-04 15:00:00+00:00,414.5,673.25
2020-02-04 16:00:00+00:00,458.0,714.5
2020-02-04 17:00:00+00:00,519.5,756.75
2020-02-04 18:00:00+00:00,467.5,618.25
2020-02-04 19:00:00+00:00,484.25,613.75
2020-02-04 20:00:00+00:00,604.25,529.0
2020-02-04 21:00:00+00:00,630.5,466.5
2020-02-04 22:00:00+00:00,569.75,475.75
2020-02-04 23:00:00+00:00,401.0,390.5
2020-02-05 00:00:00+00:00,239.25,331.0
2020-02-05 01:00:00+00:00,145.75,302.5
2020-02-05 02:00:00+00:00,72.5,244.5
2020-02-05 03:00:00+00:00,41.5,175.5
2020-02-05 04:00:00+00:00,33.25,124.75
2020-02-05 05:00:00+00:00,27.5,100.0
2020-02-05 06:00:00+00:00,43.0,78.75
2020-02-05 07:00:00+00:00,29.75,60.25
2020-02-05 08:00:00+00:00,26.5,70.75
2020-02-05 09:00:00+00:00,1.5,64.0
2020-02-05 10:00:00+00:00,3.5,66.0
2020-02-05 11:00:00+00:00,5.0,79.5
2020-02-05 12:00:00+00:00,32.25,70.5
2020-02-05 13:00:00+00:00,103.0,112.0
2020-02-05 14:00:00+00:00,210.25,147.0
2020-02-05 15:00:00+00:00,221.5,178.5
2020-02-05 16:00:00+00:00,237.0,212.5
2020-02-05 17:00:00+00:00,244.5,207.75
2020-02-05 18:00:00+00:00,282.0,190.25
2020-02-05 19:00:00+00:00,360.75,206.75
2020-02-05 20:00:00+00:00,431.5,243.5
2020-02-05 21:00:00+00:00,506.75,256.25
2020-02-05 22:00:00+00:00,504.25,310.75
2020-02-05 23:00:00+00:00,464.0,381.0
2020-02-06 00:00:00+00:00,375.25,414.25
2020-02-06 01:00:00+00:00,235.75,411.0
2020-02-06 02:00:00+00:00,239.75,387.75
2020-02-06 03:00:00+00:00,259.0,330.0
2020-02-06 04:00:00+00:00,222.25,349.75
2020-02-06 05:00:00+00:00,196.25,299.5
2020-02-06 06:00:00+00:00,165.5,283.25
2020-02-06 07:00:00+00:00,204.75,209.5
2020-02-06 08:00:00+00:00,159.0,167.0
2020-02-06 09:00:00+00:00,106.0,119.75
2020-02-06 10:00:00+00:00,64.5,86.25
2020-02-06 11:00:00+00:00,23.5,83.75
2020-02-06 12:00:00+00:00,19.25,78.5
2020-02-06 13:00:00+00:00,15.5,78.0
2020-02-06 14:00:00+00:00,8.5,68.25
2020-02-06 15:00:00+00:00,8.5,63.75
2020-02-06 16:00:00+00:00,10.75,62.0
2020-02-06 17:00:00+00:00,13.25,61.75
2020-02-06 18:00:00+00:00,8.75,62.75
2020-02-06 19:00:00+00:00,0.0,60.25
2020-02-06 20:00:00+00:00,0.0,58.25
2020-02-06 21:00:00+00:00,0.0,60.25
2020-02-06 22:00:00+00:00,0.0,74.75
2020-02-06 23:00:00+00:00,1.5,100.5
2020-02-07 00:00:00+00:00,2.5,112.5
2020-02-07 01:00:00+00:00,1.25,141.75
2020-02-07 02:00:00+00:00,8.0,193.5
2020-02-07 03:00:00+00:00,21.0,253.5
2020-02-07 04:00:00+00:00,48.75,278.0
2020-02-07 05:00:00+00:00,102.5,329.75
2020-02-07 06:00:00+00:00,189.0,406.25
2020-02-07 07:00:00+00:00,291.0,394.0
2020-02-07 08:00:00+00:00,345.0,363.25
2020-02-07 09:00:00+00:00,350.25,368.25
2020-02-07 10:00:00+00:00,357.25,395.5
2020-02-07 11:00:00+00:00,402.75,461.5
2020-02-07 12:00:00+00:00,421.0,462.75
2020-02-07 13:00:00+00:00,477.5,466.5
2020-02-07 14:00:00+00:00,543.75,494.25
2020-02-07 15:00:00+00:00,624.75,575.5
2020-02-07 16:00:00+00:00,668.5,733.75
2020-02-07 17:00:00+00:00,754.75,813.5
2020-02-07 18:00:00+00:00,782.5,850.5
2020-02-07 19:00:00+00:00,785.75,937.0
2020-02-07 20:00:00+00:00,789.75,929.0
2020-02-07 21:00:00+00:00,785.0,980.75
2020-02-07 22:00:00+00:00,774.75,964.0
2020-02-07 23:00:00+00:00,782.25,922.75
2020-02-08 00:00:00+00:00,756.75,896.25
2020-02-08 01:00:00+00:00,756.0,810.0
2020-02-08 02:00:00+00:00,750.0,758.75
2020-02-08 03:00:00+00:00,741.75,714.25
2020-02-08 04:00:00+00:00,744.0,698.25
2020-02-08 05:00:00+00:00,737.5,765.5
2020-02-08 06:00:00+00:00,732.75,826.5
2020-02-08 07:00:00+00:00,728.0,786.5
2020-02-08 08:00:00+00:00,736.25,781.5
2020-02-08 09:00:00+00:00,724.0,791.75
2020-02-08 10:00:00+00:00,703.25,728.75
2020-02-08 11:00:00+00:00,754.0,688.75
2020-02-08 12:00:00+00:00,641.5,654.25
2020-02-08 13:00:00+00:00,580.75,614.0
2020-02-08 14:00:00+00:00,324.25,595.0
2020-02-08 15:00:00+00:00,266.0,475.25
2020-02-08 16:00:00+00:00,251.0,376.0
2020-02-08 17:00:00+00:00,449.0,508.25
2020-02-08 18:00:00+00:00,609.0,645.25
2020-02-08 19:00:00+00:00,750.75,716.5
2020-02-08 20:00:00+00:00,783.75,779.5
2020-02-08 21:00:00+00:00,793.25,911.0
2020-02-08 22:00:00+00:00,797.25,1046.25
2020-02-08 23:00:00+00:00,787.5,1170.5
2020-02-09 00:00:00+00:00,797.25,1253.0
2020-02-09 01:00:00+00:00,773.75,1253.75
2020-02-09 02:00:00+00:00,780.75,1352.5
2020-02-09 03:00:00+00:00,795.75,1481.25
2020-02-09 04:00:00+00:00,785.0,1466.0
2020-02-09 05:00:00+00:00,763.25,1490.25
2020-02-09 06:00:00+00:00,573.75,1549.5
2020-02-09 07:00:00+00:00,377.0,1528.25
2020-02-09 08:00:00+00:00,293.25,1493.75
2020-02-09 09:00:00+00:00,113.25,1500.75
2020-02-09 10:00:00+00:00,34.5,1545.25
2020-02-09 11:00:00+00:00,23.0,1466.0
2020-02-09 12:00:00+00:00,10.5,1387.0
2020-02-09 13:00:00+00:00,1.25,1274.0
2020-02-09 14:00:00+00:00,1.25,1100.0
2020-02-09 15:00:00+00:00,3.5,1053.75
2020-02-09 16:00:00+00:00,1.25,1096.5
2020-02-09 17:00:00+00:00,316.75,1032.25
2020-02-09 18:00:00+00:00,560.0,1002.0
2020-02-09 19:00:00+00:00,586.75,1159.0
2020-02-09 20:00:00+00:00,763.5,1206.0
2020-02-09 21:00:00+00:00,775.0,1261.75
2020-02-09 22:00:00+00:00,763.5,1253.75
2020-02-09 23:00:00+00:00,768.75,1330.25
2020-02-10 00:00:00+00:00,718.25,1386.0
2020-02-10 01:00:00+00:00,756.25,1413.5
2020-02-10 02:00:00+00:00,761.5,1408.25
2020-02-10 03:00:00+00:00,768.0,1401.5
2020-02-10 04:00:00+00:00,780.0,1411.75
2020-02-10 05:00:00+00:00,775.0,1351.5
2020-02-10 06:00:00+00:00,761.0,1454.0
2020-02-10 07:00:00+00:00,663.0,1480.5
2020-02-10 08:00:00+00:00,612.75,1486.75
2020-02-10 09:00:00+00:00,646.25,1482.75
2020-02-10 10:00:00+00:00,684.0,1486.0
2020-02-10 11:00:00+00:00,662.0,1435.0
2020-02-10 12:00:00+00:00,687.5,1486.25
2020-02-10 13:00:00+00:00,610.0,1509.5
2020-02-10 14:00:00+00:00,659.0,1511.0
2020-02-10 15:00:00+00:00,757.0,1504.25
2020-02-10 16:00:00+00:00,775.5,1412.0
2020-02-10 17:00:00+00:00,791.75,1275.25
2020-02-10 18:00:00+00:00,791.25,1302.5
2020-02-10 19:00:00+00:00,769.5,1110.0
2020-02-10 20:00:00+00:00,790.25,1179.5
2020-02-10 21:00:00+00:00,790.5,1224.0
2020-02-10 22:00:00+00:00,780.5,1411.75
2020-02-10 23:00:00+00:00,765.0,1481.5
2020-02-11 00:00:00+00:00,658.5,1506.25
2020-02-11 01:00:00+00:00,590.25,1501.0
2020-02-11 02:00:00+00:00,541.0,1465.5
2020-02-11 03:00:00+00:00,549.0,1502.75
2020-02-11 04:00:00+00:00,539.25,1500.5
2020-02-11 05:00:00+00:00,568.75,1501.75
2020-02-11 06:00:00+00:00,606.0,1499.75
2020-02-11 07:00:00+00:00,647.0,1502.75
2020-02-11 08:00:00+00:00,681.25,1494.75
2020-02-11 09:00:00+00:00,707.0,1508.25
2020-02-11 10:00:00+00:00,715.75,1512.5
2020-02-11 11:00:00+00:00,696.25,1514.75
2020-02-11 12:00:00+00:00,674.25,1518.25
2020-02-11 13:00:00+00:00,670.5,1519.5
2020-02-11 14:00:00+00:00,696.25,1513.0
2020-02-11 15:00:00+00:00,712.75,1491.5
2020-02-11 16:00:00+00:00,738.75,1506.5
2020-02-11 17:00:00+00:00,738.0,1520.25
2020-02-11 18:00:00+00:00,738.0,1504.25
2020-02-11 19:00:00+00:00,661.25,1517.75
2020-02-11 20:00:00+00:00,649.0,1515.0
2020-02-11 21:00:00+00:00,600.25,1507.5
2020-02-11 22:00:00+00:00,599.75,1487.5
2020-02-11 23:00:00+00:00,669.25,1474.25
2020-02-12 00:00:00+00:00,699.5,1484.75
2020-02-12 01:00:00+00:00,691.25,1436.75
2020-02-12 02:00:00+00:00,651.0,1459.5
2020-02-12 03:00:00+00:00,723.5,1425.25
2020-02-12 04:00:00+00:00,600.5,1449.75
2020-02-12 05:00:00+00:00,737.0,1444.0
2020-02-12 06:00:00+00:00,727.75,1389.5
2020-02-12 07:00:00+00:00,743.0,1415.5
2020-02-12 08:00:00+00:00,762.0,1404.75
2020-02-12 09:00:00+00:00,767.75,1401.0
2020-02-12 10:00:00+00:00,789.5,1423.75
2020-02-12 11:00:00+00:00,792.0,1410.0
2020-02-12 12:00:00+00:00,791.75,1374.5
2020-02-12 13:00:00+00:00,792.5,1360.0
2020-02-12 14:00:00+00:00,791.75,1324.0
2020-02-12 15:00:00+00:00,791.5,1219.25
2020-02-12 16:00:00+00:00,789.5,1121.75
2020-02-12 17:00:00+00:00,787.5,1009.75
2020-02-12 18:00:00+00:00,786.5,868.25
2020-02-12 19:00:00+00:00,765.25,776.5
2020-02-12 20:00:00+00:00,779.0,818.75
2020-02-12 21:00:00+00:00,674.75,812.5
2020-02-12 22:00:00+00:00,687.5,806.0
2020-02-12 23:00:00+00:00,650.0,708.25
2020-02-13 00:00:00+00:00,674.0,702.75
2020-02-13 01:00:00+00:00,579.5,740.25
2020-02-13 02:00:00+00:00,339.0,775.25
2020-02-13 03:00:00+00:00,452.5,829.25
2020-02-13 04:00:00+00:00,482.5,841.75
2020-02-13 05:00:00+00:00,558.25,920.0
2020-02-13 06:00:00+00:00,611.25,1042.0
2020-02-13 07:00:00+00:00,652.25,1146.75
2020-02-13 08:00:00+00:00,743.75,1259.0
2020-02-13 09:00:00+00:00,773.0,1283.75
2020-02-13 10:00:00+00:00,787.0,1350.5
2020-02-13 11:00:00+00:00,787.25,1299.5
2020-02-13 12:00:00+00:00,781.0,1116.25
2020-02-13 13:00:00+00:00,787.0,970.0
2020-02-13 14:00:00+00:00,776.25,758.5
2020-02-13 15:00:00+00:00,735.75,683.0
2020-02-13 16:00:00+00:00,420.5,564.25
2020-02-13 17:00:00+00:00,220.5,480.5
2020-02-13 18:00:00+00:00,121.75,482.25
2020-02-13 19:00:00+00:00,129.5,621.0
2020-02-13 20:00:00+00:00,89.5,629.25
2020-02-13 21:00:00+00:00,115.25,647.75
2020-02-13 22:00:00+00:00,193.75,663.0
2020-02-13 23:00:00+00:00,175.75,676.25
2020-02-14 00:00:00+00:00,186.25,688.75
2020-02-14 01:00:00+00:00,240.25,707.5
2020-02-14 02:00:00+00:00,348.0,620.75
2020-02-14 03:00:00+00:00,436.25,596.5
2020-02-14 04:00:00+00:00,326.25,477.75
2020-02-14 05:00:00+00:00,288.0,322.5
2020-02-14 06:00:00+00:00,155.0,290.75
2020-02-14 07:00:00+00:00,37.25,227.0
2020-02-14 08:00:00+00:00,0.75,103.5
2020-02-14 09:00:00+00:00,6.25,77.0
2020-02-14 10:00:00+00:00,13.25,115.5
2020-02-14 11:00:00+00:00,75.25,206.25
2020-02-14 12:00:00+00:00,240.25,276.25
2020-02-14 13:00:00+00:00,367.25,343.75
2020-02-14 14:00:00+00:00,557.25,463.75
2020-02-14 15:00:00+00:00,716.25,577.0
2020-02-14 16:00:00+00:00,778.25,546.0
2020-02-14 17:00:00+00:00,786.25,614.75
2020-02-14 18:00:00+00:00,790.0,751.5
2020-02-14 19:00:00+00:00,789.75,973.75
2020-02-14 20:00:00+00:00,780.0,1068.5
2020-02-14 21:00:00+00:00,789.0,1202.0
2020-02-14 22:00:00+00:00,789.25,1181.0
2020-02-14 23:00:00+00:00,787.25,1130.5
2020-02-15 00:00:00+00:00,789.25,1102.0
2020-02-15 01:00:00+00:00,789.0,1152.0
2020-02-15 02:00:00+00:00,785.5,1128.0
2020-02-15 03:00:00+00:00,785.5,1168.75
2020-02-15 04:00:00+00:00,789.0,1194.5
2020-02-15 05:00:00+00:00,789.0,1143.5
2020-02-15 06:00:00+00:00,789.0,1203.75
2020-02-15 07:00:00+00:00,789.5,1196.25
2020-02-15 08:00:00+00:00,789.25,1187.5
2020-02-15 09:00:00+00:00,789.5,1193.0
2020-02-15 10:00:00+00:00,783.0,1222.75
2020-02-15 11:00:00+00:00,782.5,1268.75
2020-02-15 12:00:00+00:00,781.75,1335.75
2020-02-15 13:00:00+00:00,782.25,1393.0
2020-02-15 14:00:00+00:00,782.25,1451.25
2020-02-15 15:00:00+00:00,779.25,1506.25
2020-02-15 16:00:00+00:00,779.5,1522.0
2020-02-15 17:00:00+00:00,782.0,1529.5
2020-02-15 18:00:00+00:00,768.25,1561.5
2020-02-15 19:00:00+00:00,701.5,1566.5
2020-02-15 20:00:00+00:00,574.0,1563.5
2020-02-15 21:00:00+00:00,359.0,1551.25
2020-02-15 22:00:00+00:00,344.25,1551.0
2020-02-15 23:00:00+00:00,301.25,1493.25
2020-02-16 00:00:00+00:00,593.25,1499.5
2020-02-16 01:00:00+00:00,658.75,1499.25
2020-02-16 02:00:00+00:00,669.25,1530.5
2020-02-16 03:00:00+00:00,629.75,1537.5
2020-02-16 04:00:00+00:00,595.75,1539.25
2020-02-16 05:00:00+00:00,474.5,1544.5
2020-02-16 06:00:00+00:00,350.25,1474.0
2020-02-16 07:00:00+00:00,308.5,1465.75
2020-02-16 08:00:00+00:00,229.5,1513.5
2020-02-16 09:00:00+00:00,182.75,1533.25
2020-02-16 10:00:00+00:00,602.5,1456.75
2020-02-16 11:00:00+00:00,757.5,1495.75
2020-02-16 12:00:00+00:00,758.75,1512.5
2020-02-16 13:00:00+00:00,749.5,1397.25
2020-02-16 14:00:00+00:00,691.75,1357.0
2020-02-16 15:00:00+00:00,707.5,1329.5
2020-02-16 16:00:00+00:00,776.0,1371.25
2020-02-16 17:00:00+00:00,771.5,1454.5
2020-02-16 18:00:00+00:00,779.0,1327.25
2020-02-16 19:00:00+00:00,767.5,1490.75
2020-02-16 20:00:00+00:00,765.75,1517.75
2020-02-16 21:00:00+00:00,773.0,1524.25
2020-02-16 22:00:00+00:00,775.0,1518.75
2020-02-16 23:00:00+00:00,755.5,1492.75
2020-02-17 00:00:00+00:00,734.0,1515.5
2020-02-17 01:00:00+00:00,696.0,1525.25
2020-02-17 02:00:00+00:00,704.75,1510.5
2020-02-17 03:00:00+00:00,692.75,1496.0
2020-02-17 04:00:00+00:00,673.0,1434.0
2020-02-17 05:00:00+00:00,710.0,1426.25
2020-02-17 06:00:00+00:00,732.25,1449.75
2020-02-17 07:00:00+00:00,707.75,1442.0
2020-02-17 08:00:00+00:00,725.0,1405.25
2020-02-17 09:00:00+00:00,724.75,1414.75
2020-02-17 10:00:00+00:00,739.75,1464.75
2020-02-17 11:00:00+00:00,762.0,1487.5
2020-02-17 12:00:00+00:00,772.75,1470.5
2020-02-17 13:00:00+00:00,772.25,1378.0
2020-02-17 14:00:00+00:00,765.25,1351.5
2020-02-17 15:00:00+00:00,775.0,1414.75
2020-02-17 16:00:00+00:00,773.5,1463.25
2020-02-17 17:00:00+00:00,772.75,1438.25
2020-02-17 18:00:00+00:00,769.25,1387.0
2020-02-17 19:00:00+00:00,769.25,1341.5
2020-02-17 20:00:00+00:00,768.0,1327.25
2020-02-17 21:00:00+00:00,772.25,1319.0
2020-02-17 22:00:00+00:00,771.0,1339.0
2020-02-17 23:00:00+00:00,768.0,1339.75
2020-02-18 00:00:00+00:00,764.25,1360.5
2020-02-18 01:00:00+00:00,770.25,1390.75
2020-02-18 02:00:00+00:00,772.25,1413.25
2020-02-18 03:00:00+00:00,769.5,1373.75
2020-02-18 04:00:00+00:00,765.75,1325.0
2020-02-18 05:00:00+00:00,768.0,1315.0
2020-02-18 06:00:00+00:00,444.5,1304.0
2020-02-18 07:00:00+00:00,771.25,1256.75
2020-02-18 08:00:00+00:00,774.0,1241.25
2020-02-18 09:00:00+00:00,773.75,1335.0
2020-02-18 10:00:00+00:00,697.25,1398.0
2020-02-18 11:00:00+00:00,617.25,1356.75
2020-02-18 12:00:00+00:00,422.25,1413.5
2020-02-18 13:00:00+00:00,320.5,1447.25
2020-02-18 14:00:00+00:00,568.25,1414.5
2020-02-18 15:00:00+00:00,773.25,1431.25
2020-02-18 16:00:00+00:00,775.5,1450.75
2020-02-18 17:00:00+00:00,775.5,1474.75
2020-02-18 18:00:00+00:00,775.0,1479.0
2020-02-18 19:00:00+00:00,774.25,1491.75
2020-02-18 20:00:00+00:00,775.5,1466.25
2020-02-18 21:00:00+00:00,772.0,1504.0
2020-02-18 22:00:00+00:00,760.75,1485.0
2020-02-18 23:00:00+00:00,772.0,1245.0
2020-02-19 00:00:00+00:00,772.75,1125.75
2020-02-19 01:00:00+00:00,768.75,955.75
2020-02-19 02:00:00+00:00,767.5,1151.0
2020-02-19 03:00:00+00:00,765.75,1231.0
2020-02-19 04:00:00+00:00,767.5,1265.0
2020-02-19 05:00:00+00:00,759.0,1293.25
2020-02-19 06:00:00+00:00,769.0,1251.5
2020-02-19 07:00:00+00:00,767.0,1148.25
2020-02-19 08:00:00+00:00,761.25,1093.5
2020-02-19 09:00:00+00:00,771.0,1276.75
2020-02-19 10:00:00+00:00,770.5,1322.25
2020-02-19 11:00:00+00:00,769.0,1282.75
2020-02-19 12:00:00+00:00,766.5,1221.75
2020-02-19 13:00:00+00:00,760.75,1168.0
2020-02-19 14:00:00+00:00,754.25,1133.0
2020-02-19 15:00:00+00:00,746.5,928.75
2020-02-19 16:00:00+00:00,669.0,859.25
2020-02-19 17:00:00+00:00,677.5,825.25
2020-02-19 18:00:00+00:00,675.25,733.25
2020-02-19 19:00:00+00:00,649.0,780.0
2020-02-19 20:00:00+00:00,669.75,929.5
2020-02-19 21:00:00+00:00,746.0,997.25
2020-02-19 22:00:00+00:00,760.75,1085.5
2020-02-19 23:00:00+00:00,763.5,1164.75
2020-02-20 00:00:00+00:00,765.75,1219.0
2020-02-20 01:00:00+00:00,766.0,1255.25
2020-02-20 02:00:00+00:00,765.75,1257.5
2020-02-20 03:00:00+00:00,766.0,1290.0
2020-02-20 04:00:00+00:00,765.0,1240.75
2020-02-20 05:00:00+00:00,766.0,1244.75
2020-02-20 06:00:00+00:00,767.0,1318.0
2020-02-20 07:00:00+00:00,766.5,1285.75
2020-02-20 08:00:00+00:00,766.0,1306.5
2020-02-20 09:00:00+00:00,766.75,1300.25
2020-02-20 10:00:00+00:00,765.0,1350.75
2020-02-20 11:00:00+00:00,764.5,1469.5
2020-02-20 12:00:00+00:00,764.75,1448.25
2020-02-20 13:00:00+00:00,761.75,1453.0
2020-02-20 14:00:00+00:00,745.0,1492.0
2020-02-20 15:00:00+00:00,730.25,1524.25
2020-02-20 16:00:00+00:00,728.25,1523.0
2020-02-20 17:00:00+00:00,740.5,1485.5
2020-02-20 18:00:00+00:00,762.75,1443.25
2020-02-20 19:00:00+00:00,765.25,1365.75
2020-02-20 20:00:00+00:00,769.0,1399.0
2020-02-20 21:00:00+00:00,768.75,1421.5
2020-02-20 22:00:00+00:00,768.75,1485.5
2020-02-20 23:00:00+00:00,769.0,1478.0
2020-02-21 00:00:00+00:00,769.0,1418.5
2020-02-21 01:00:00+00:00,768.75,1374.5
2020-02-21 02:00:00+00:00,769.0,1342.75
2020-02-21 03:00:00+00:00,769.0,1314.25
2020-02-21 04:00:00+00:00,767.0,1223.0
2020-02-21 05:00:00+00:00,767.25,1081.25
2020-02-21 06:00:00+00:00,766.25,1032.25
2020-02-21 07:00:00+00:00,765.5,995.0
2020-02-21 08:00:00+00:00,763.25,927.5
2020-02-21 09:00:00+00:00,761.5,1003.25
2020-02-21 10:00:00+00:00,764.0,1194.0
2020-02-21 11:00:00+00:00,768.5,1343.25
2020-02-21 12:00:00+00:00,766.25,1387.0
2020-02-21 13:00:00+00:00,765.25,1415.5
2020-02-21 14:00:00+00:00,763.75,1441.5
2020-02-21 15:00:00+00:00,767.0,1477.25
2020-02-21 16:00:00+00:00,767.0,1483.25
2020-02-21 17:00:00+00:00,767.0,1501.75
2020-02-21 18:00:00+00:00,767.0,1507.0
2020-02-21 19:00:00+00:00,763.0,1507.25
2020-02-21 20:00:00+00:00,763.0,1501.5
2020-02-21 21:00:00+00:00,766.75,1536.5
2020-02-21 22:00:00+00:00,756.75,1508.25
2020-02-21 23:00:00+00:00,760.75,1506.0
2020-02-22 00:00:00+00:00,754.0,1527.5
2020-02-22 01:00:00+00:00,744.25,1542.5
2020-02-22 02:00:00+00:00,748.25,1541.25
2020-02-22 03:00:00+00:00,720.0,1553.25
2020-02-22 04:00:00+00:00,663.75,1563.25
2020-02-22 05:00:00+00:00,599.5,1552.25
2020-02-22 06:00:00+00:00,578.0,1548.75
2020-02-22 07:00:00+00:00,528.5,1550.75
2020-02-22 08:00:00+00:00,533.0,1561.5
2020-02-22 09:00:00+00:00,609.0,1567.25
2020-02-22 10:00:00+00:00,633.5,1560.5
2020-02-22 11:00:00+00:00,723.75,1570.25
2020-02-22 12:00:00+00:00,760.75,1576.75
2020-02-22 13:00:00+00:00,764.0,1557.0
2020-02-22 14:00:00+00:00,761.0,1567.25
2020-02-22 15:00:00+00:00,748.0,1553.5
2020-02-22 16:00:00+00:00,754.0,1528.25
2020-02-22 17:00:00+00:00,764.0,1500.5
2020-02-22 18:00:00+00:00,756.25,1514.0
2020-02-22 19:00:00+00:00,749.0,1465.5
2020-02-22 20:00:00+00:00,736.25,1423.75
2020-02-22 21:00:00+00:00,754.0,1399.75
2020-02-22 22:00:00+00:00,744.75,1384.0
2020-02-22 23:00:00+00:00,758.5,1367.25
2020-02-23 00:00:00+00:00,762.25,1423.5
2020-02-23 01:00:00+00:00,759.75,1403.75
2020-02-23 02:00:00+00:00,754.0,1278.5
2020-02-23 03:00:00+00:00,757.25,1285.25
2020-02-23 04:00:00+00:00,652.25,1192.0
2020-02-23 05:00:00+00:00,631.25,968.5
2020-02-23 06:00:00+00:00,567.25,722.5
2020-02-23 07:00:00+00:00,605.0,607.25
2020-02-23 08:00:00+00:00,552.25,628.5
2020-02-23 09:00:00+00:00,384.0,1014.5
2020-02-23 10:00:00+00:00,321.5,1183.0
2020-02-23 11:00:00+00:00,254.25,1215.25
2020-02-23 12:00:00+00:00,410.75,1272.75
2020-02-23 13:00:00+00:00,682.0,1289.0
2020-02-23 14:00:00+00:00,678.5,1354.5
2020-02-23 15:00:00+00:00,751.0,1460.25
2020-02-23 16:00:00+00:00,760.75,1406.75
2020-02-23 17:00:00+00:00,762.75,1321.0
2020-02-23 18:00:00+00:00,764.0,1321.75
2020-02-23 19:00:00+00:00,763.75,1406.5
2020-02-23 20:00:00+00:00,764.0,1318.25
2020-02-23 21:00:00+00:00,760.0,1165.0
2020-02-23 22:00:00+00:00,739.5,945.75
2020-02-23 23:00:00+00:00,718.5,763.5
2020-02-24 00:00:00+00:00,646.5,566.5
2020-02-24 01:00:00+00:00,606.0,370.0
2020-02-24 02:00:00+00:00,519.0,255.25
2020-02-24 03:00:00+00:00,316.0,168.5
2020-02-24 04:00:00+00:00,137.5,173.5
2020-02-24 05:00:00+00:00,78.0,237.0
2020-02-24 06:00:00+00:00,111.5,367.75
2020-02-24 07:00:00+00:00,198.75,500.25
2020-02-24 08:00:00+00:00,466.0,698.25
2020-02-24 09:00:00+00:00,657.0,911.0
2020-02-24 10:00:00+00:00,740.0,1149.75
2020-02-24 11:00:00+00:00,756.5,1215.0
2020-02-24 12:00:00+00:00,742.25,1290.75
2020-02-24 13:00:00+00:00,755.5,1348.75
2020-02-24 14:00:00+00:00,755.5,1411.5
2020-02-24 15:00:00+00:00,745.0,1471.25
2020-02-24 16:00:00+00:00,749.75,1524.0
2020-02-24 17:00:00+00:00,760.0,1558.75
2020-02-24 18:00:00+00:00,759.0,1577.75
2020-02-24 19:00:00+00:00,757.0,1539.25
2020-02-24 20:00:00+00:00,690.5,1502.25
2020-02-24 21:00:00+00:00,753.75,1548.75
2020-02-24 22:00:00+00:00,757.5,1546.0
2020-02-24 23:00:00+00:00,748.75,1500.25
2020-02-25 00:00:00+00:00,754.5,1495.25
2020-02-25 01:00:00+00:00,715.25,1369.25
2020-02-25 02:00:00+00:00,725.25,1389.0
2020-02-25 03:00:00+00:00,705.25,1313.25
2020-02-25 04:00:00+00:00,723.75,1340.5
2020-02-25 05:00:00+00:00,744.5,1360.75
2020-02-25 06:00:00+00:00,734.5,1343.75
2020-02-25 07:00:00+00:00,747.75,1310.25
2020-02-25 08:00:00+00:00,743.25,1285.25
2020-02-25 09:00:00+00:00,640.5,1213.0
2020-02-25 10:00:00+00:00,719.0,1343.0
2020-02-25 11:00:00+00:00,753.5,1352.75
2020-02-25 12:00:00+00:00,748.25,1368.25
2020-02-25 13:00:00+00:00,747.5,1381.75
2020-02-25 14:00:00+00:00,739.75,1267.5
2020-02-25 15:00:00+00:00,725.25,1077.25
2020-02-25 16:00:00+00:00,640.25,818.0
2020-02-25 17:00:00+00:00,513.0,608.5
2020-02-25 18:00:00+00:00,416.0,548.25
2020-02-25 19:00:00+00:00,376.75,465.75
2020-02-25 20:00:00+00:00,367.5,515.5
2020-02-25 21:00:00+00:00,259.0,485.0
2020-02-25 22:00:00+00:00,217.75,478.0
2020-02-25 23:00:00+00:00,128.75,330.75
2020-02-26 00:00:00+00:00,157.75,346.25
2020-02-26 01:00:00+00:00,205.75,443.5
2020-02-26 02:00:00+00:00,262.5,445.5
2020-02-26 03:00:00+00:00,325.0,521.75
2020-02-26 04:00:00+00:00,273.25,660.25
2020-02-26 05:00:00+00:00,332.75,599.5
2020-02-26 06:00:00+00:00,327.0,574.25
2020-02-26 07:00:00+00:00,391.75,738.5
2020-02-26 08:00:00+00:00,405.75,738.25
2020-02-26 09:00:00+00:00,381.25,808.0
2020-02-26 10:00:00+00:00,339.75,884.0
2020-02-26 11:00:00+00:00,375.75,846.75
2020-02-26 12:00:00+00:00,392.5,1023.0
2020-02-26 13:00:00+00:00,390.5,1062.75
2020-02-26 14:00:00+00:00,407.25,963.25
2020-02-26 15:00:00+00:00,440.25,1017.0
2020-02-26 16:00:00+00:00,455.75,982.0
2020-02-26 17:00:00+00:00,474.75,917.25
2020-02-26 18:00:00+00:00,481.0,829.75
2020-02-26 19:00:00+00:00,385.5,725.0
2020-02-26 20:00:00+00:00,509.0,655.25
2020-02-26 21:00:00+00:00,392.25,548.0
2020-02-26 22:00:00+00:00,467.5,772.0
2020-02-26 23:00:00+00:00,565.75,470.25
2020-02-27 00:00:00+00:00,426.0,393.5
2020-02-27 01:00:00+00:00,290.75,401.0
2020-02-27 02:00:00+00:00,433.75,406.75
2020-02-27 03:00:00+00:00,261.25,458.0
2020-02-27 04:00:00+00:00,269.0,485.0
2020-02-27 05:00:00+00:00,285.75,488.0
2020-02-27 06:00:00+00:00,354.0,502.0
2020-02-27 07:00:00+00:00,403.5,445.25
2020-02-27 08:00:00+00:00,396.0,475.75
2020-02-27 09:00:00+00:00,537.0,390.0
2020-02-27 10:00:00+00:00,560.25,292.25
2020-02-27 11:00:00+00:00,513.75,218.75
2020-02-27 12:00:00+00:00,314.75,145.5
2020-02-27 13:00:00+00:00,205.75,105.5
2020-02-27 14:00:00+00:00,194.0,136.5
2020-02-27 15:00:00+00:00,149.25,341.0
2020-02-27 16:00:00+00:00,354.0,528.25
2020-02-27 17:00:00+00:00,483.5,667.75
2020-02-27 18:00:00+00:00,545.0,826.5
2020-02-27 19:00:00+00:00,683.0,948.0
2020-02-27 20:00:00+00:00,766.75,1167.25
2020-02-27 21:00:00+00:00,752.75,1070.75
2020-02-27 22:00:00+00:00,704.5,964.0
2020-02-27 23:00:00+00:00,735.5,979.5
2020-02-28 00:00:00+00:00,742.0,827.5
2020-02-28 01:00:00+00:00,722.25,771.0
2020-02-28 02:00:00+00:00,709.5,682.5
2020-02-28 03:00:00+00:00,702.0,533.75
2020-02-28 04:00:00+00:00,635.5,494.75
2020-02-28 05:00:00+00:00,576.25,521.25
2020-02-28 06:00:00+00:00,513.75,548.5
2020-02-28 07:00:00+00:00,495.0,560.25
2020-02-28 08:00:00+00:00,518.75,551.5
2020-02-28 09:00:00+00:00,591.0,553.75
2020-02-28 10:00:00+00:00,657.5,712.75
2020-02-28 11:00:00+00:00,715.25,854.75
2020-02-28 12:00:00+00:00,725.0,968.25
2020-02-28 13:00:00+00:00,757.75,1021.75
2020-02-28 14:00:00+00:00,762.75,1082.25
2020-02-28 15:00:00+00:00,775.25,1206.75
2020-02-28 16:00:00+00:00,776.75,1432.0
2020-02-28 17:00:00+00:00,775.75,1500.75
2020-02-28 18:00:00+00:00,776.25,1541.75
2020-02-28 19:00:00+00:00,776.25,1530.75
2020-02-28 20:00:00+00:00,776.25,1563.5
2020-02-28 21:00:00+00:00,775.25,1549.5
2020-02-28 22:00:00+00:00,775.5,1514.5
2020-02-28 23:00:00+00:00,774.75,1489.0
2020-02-29 00:00:00+00:00,775.75,1508.75
2020-02-29 01:00:00+00:00,775.5,1509.75
2020-02-29 02:00:00+00:00,775.25,1491.5
2020-02-29 03:00:00+00:00,775.0,1466.5
2020-02-29 04:00:00+00:00,775.75,1452.0
2020-02-29 05:00:00+00:00,775.0,1476.0
2020-02-29 06:00:00+00:00,772.75,1494.0
2020-02-29 07:00:00+00:00,763.0,1368.25
2020-02-29 08:00:00+00:00,751.5,1326.25
2020-02-29 09:00:00+00:00,710.25,1330.75
2020-02-29 10:00:00+00:00,752.0,1473.75
2020-02-29 11:00:00+00:00,768.0,1526.25
2020-02-29 12:00:00+00:00,769.5,1527.75
2020-02-29 13:00:00+00:00,767.5,1514.0
2020-02-29 14:00:00+00:00,741.0,1492.75
2020-02-29 15:00:00+00:00,731.5,1474.0
2020-02-29 16:00:00+00:00,766.75,1516.75
2020-02-29 17:00:00+00:00,775.75,1545.75
2020-02-29 18:00:00+00:00,775.5,1550.5
2020-02-29 19:00:00+00:00,776.0,1580.25
2020-02-29 20:00:00+00:00,770.25,1582.5
2020-02-29 21:00:00+00:00,772.0,1596.0
2020-02-29 22:00:00+00:00,730.75,1566.25
2020-02-29 23:00:00+00:00,753.75,1532.25
2020-03-01 00:00:00+00:00,757.75,1600.0
2020-03-01 01:00:00+00:00,727.5,1598.5
2020-03-01 02:00:00+00:00,731.25,1570.75
2020-03-01 03:00:00+00:00,764.25,1557.75
2020-03-01 04:00:00+00:00,772.5,1553.0
2020-03-01 05:00:00+00:00,771.25,1565.5
2020-03-01 06:00:00+00:00,755.5,1506.75
2020-03-01 07:00:00+00:00,763.25,1557.5
2020-03-01 08:00:00+00:00,758.25,1547.0
2020-03-01 09:00:00+00:00,738.25,1449.5
2020-03-01 10:00:00+00:00,754.0,1489.0
2020-03-01 11:00:00+00:00,757.25,1493.75
2020-03-01 12:00:00+00:00,731.0,1422.0
2020-03-01 13:00:00+00:00,635.25,1417.5
2020-03-01 14:00:00+00:00,437.5,1274.75
2020-03-01 15:00:00+00:00,592.25,921.25
2020-03-01 16:00:00+00:00,771.75,812.75
2020-03-01 17:00:00+00:00,767.0,740.5
2020-03-01 18:00:00+00:00,759.75,708.0
2020-03-01 19:00:00+00:00,749.75,736.5
2020-03-01 20:00:00+00:00,714.5,776.5
2020-03-01 21:00:00+00:00,722.25,863.75
2020-03-01 22:00:00+00:00,706.25,878.5
2020-03-01 23:00:00+00:00,649.25,919.25
2020-03-02 00:00:00+00:00,593.25,925.75
2020-03-02 01:00:00+00:00,555.75,924.0
2020-03-02 02:00:00+00:00,507.25,886.75
2020-03-02 03:00:00+00:00,649.5,752.5
2020-03-02 04:00:00+00:00,704.0,643.0
2020-03-02 05:00:00+00:00,599.75,589.5
2020-03-02 06:00:00+00:00,641.5,604.5
2020-03-02 07:00:00+00:00,567.0,601.5
2020-03-02 08:00:00+00:00,499.0,549.5
2020-03-02 09:00:00+00:00,393.5,452.25
2020-03-02 10:00:00+00:00,261.75,372.75
2020-03-02 11:00:00+00:00,131.0,303.75
2020-03-02 12:00:00+00:00,89.75,208.75
2020-03-02 13:00:00+00:00,93.25,140.0
2020-03-02 14:00:00+00:00,41.75,135.5
2020-03-02 15:00:00+00:00,47.5,196.25
2020-03-02 16:00:00+00:00,107.5,290.75
2020-03-02 17:00:00+00:00,124.0,379.0
2020-03-02 18:00:00+00:00,136.25,438.5
2020-03-02 19:00:00+00:00,111.75,415.25
2020-03-02 20:00:00+00:00,91.0,399.5
2020-03-02 21:00:00+00:00,98.5,451.75
2020-03-02 22:00:00+00:00,219.25,478.75
2020-03-02 23:00:00+00:00,296.0,435.25
2020-03-03 00:00:00+00:00,272.5,455.5
2020-03-03 01:00:00+00:00,270.0,457.5
2020-03-03 02:00:00+00:00,286.5,477.0
2020-03-03 03:00:00+00:00,195.75,470.75
2020-03-03 04:00:00+00:00,164.25,426.25
2020-03-03 05:00:00+00:00,115.75,470.75
2020-03-03 06:00:00+00:00,180.25,526.25
2020-03-03 07:00:00+00:00,232.5,520.0
2020-03-03 08:00:00+00:00,286.5,462.75
2020-03-03 09:00:00+00:00,224.5,509.75
2020-03-03 10:00:00+00:00,284.0,554.0
2020-03-03 11:00:00+00:00,302.0,567.0
2020-03-03 12:00:00+00:00,262.5,582.5
2020-03-03 13:00:00+00:00,257.25,544.75
2020-03-03 14:00:00+00:00,270.0,577.5
2020-03-03 15:00:00+00:00,218.25,564.5
2020-03-03 16:00:00+00:00,201.75,513.5
2020-03-03 17:00:00+00:00,123.0,472.5
2020-03-03 18:00:00+00:00,95.5,452.75
2020-03-03 19:00:00+00:00,68.5,367.0
2020-03-03 20:00:00+00:00,48.75,373.25
2020-03-03 21:00:00+00:00,71.0,388.25
2020-03-03 22:00:00+00:00,92.0,387.25
2020-03-03 23:00:00+00:00,129.0,382.0
2020-03-04 00:00:00+00:00,85.5,405.25
2020-03-04 01:00:00+00:00,74.0,457.0
2020-03-04 02:00:00+00:00,147.25,456.5
2020-03-04 03:00:00+00:00,136.5,428.5
2020-03-04 04:00:00+00:00,183.0,395.5
2020-03-04 05:00:00+00:00,94.25,344.75
2020-03-04 06:00:00+00:00,96.0,318.5
2020-03-04 07:00:00+00:00,70.0,309.5
2020-03-04 08:00:00+00:00,71.0,343.5
2020-03-04 09:00:00+00:00,81.75,328.0
2020-03-04 10:00:00+00:00,124.25,366.75
2020-03-04 11:00:00+00:00,139.5,400.75
2020-03-04 12:00:00+00:00,182.75,385.5
2020-03-04 13:00:00+00:00,184.0,303.25
2020-03-04 14:00:00+00:00,144.5,241.75
2020-03-04 15:00:00+00:00,115.75,171.0
2020-03-04 16:00:00+00:00,77.5,120.75
2020-03-04 17:00:00+00:00,63.75,118.5
2020-03-04 18:00:00+00:00,32.0,111.5
2020-03-04 19:00:00+00:00,17.0,159.0
2020-03-04 20:00:00+00:00,19.75,190.0
2020-03-04 21:00:00+00:00,21.0,194.75
2020-03-04 22:00:00+00:00,14.5,203.25
2020-03-04 23:00:00+00:00,11.25,234.5
2020-03-05 00:00:00+00:00,12.75,238.25
2020-03-05 01:00:00+00:00,19.75,223.0
2020-03-05 02:00:00+00:00,26.0,232.0
2020-03-05 03:00:00+00:00,47.0,245.25
2020-03-05 04:00:00+00:00,62.5,280.0
2020-03-05 05:00:00+00:00,108.75,321.25
2020-03-05 06:00:00+00:00,148.5,350.5
2020-03-05 07:00:00+00:00,166.0,397.0
2020-03-05 08:00:00+00:00,202.5,416.5
2020-03-05 09:00:00+00:00,206.25,407.25
2020-03-05 10:00:00+00:00,229.25,458.25
2020-03-05 11:00:00+00:00,278.75,494.0
2020-03-05 12:00:00+00:00,360.0,542.5
2020-03-05 13:00:00+00:00,428.5,727.0
2020-03-05 14:00:00+00:00,579.75,776.75
2020-03-05 15:00:00+00:00,647.0,756.0
2020-03-05 16:00:00+00:00,657.25,829.0
2020-03-05 17:00:00+00:00,729.5,930.0
2020-03-05 18:00:00+00:00,737.5,994.25
2020-03-05 19:00:00+00:00,731.25,1019.5
2020-03-05 20:00:00+00:00,735.75,920.25
2020-03-05 21:00:00+00:00,733.75,853.25
2020-03-05 22:00:00+00:00,727.0,752.25
2020-03-05 23:00:00+00:00,734.5,738.0
2020-03-06 00:00:00+00:00,714.0,746.75
2020-03-06 01:00:00+00:00,728.25,729.75
2020-03-06 02:00:00+00:00,738.5,671.0
2020-03-06 03:00:00+00:00,722.0,618.75
2020-03-06 04:00:00+00:00,688.5,699.25
2020-03-06 05:00:00+00:00,682.5,778.5
2020-03-06 06:00:00+00:00,685.0,885.25
2020-03-06 07:00:00+00:00,641.5,873.25
2020-03-06 08:00:00+00:00,524.5,770.75
2020-03-06 09:00:00+00:00,468.25,768.25
2020-03-06 10:00:00+00:00,413.25,742.5
2020-03-06 11:00:00+00:00,346.25,723.5
2020-03-06 12:00:00+00:00,300.25,744.25
2020-03-06 13:00:00+00:00,269.0,843.5
2020-03-06 14:00:00+00:00,280.75,780.0
2020-03-06 15:00:00+00:00,286.5,792.5
2020-03-06 16:00:00+00:00,319.5,720.75
2020-03-06 17:00:00+00:00,287.5,640.0
2020-03-06 18:00:00+00:00,313.5,583.0
2020-03-06 19:00:00+00:00,297.75,475.0
2020-03-06 20:00:00+00:00,281.0,496.75
2020-03-06 21:00:00+00:00,212.25,424.25
2020-03-06 22:00:00+00:00,215.75,391.25
2020-03-06 23:00:00+00:00,224.5,307.25
2020-03-07 00:00:00+00:00,227.5,305.5
2020-03-07 01:00:00+00:00,184.5,338.25
2020-03-07 02:00:00+00:00,144.5,364.75
2020-03-07 03:00:00+00:00,150.5,368.25
2020-03-07 04:00:00+00:00,150.0,242.75
2020-03-07 05:00:00+00:00,152.25,235.25
2020-03-07 06:00:00+00:00,85.0,245.75
2020-03-07 07:00:00+00:00,50.25,243.75
2020-03-07 08:00:00+00:00,62.25,249.5
2020-03-07 09:00:00+00:00,82.25,279.25
2020-03-07 10:00:00+00:00,150.5,375.5
2020-03-07 11:00:00+00:00,267.25,571.75
2020-03-07 12:00:00+00:00,404.25,721.25
2020-03-07 13:00:00+00:00,484.0,774.0
2020-03-07 14:00:00+00:00,565.0,810.75
2020-03-07 15:00:00+00:00,692.75,785.0
2020-03-07 16:00:00+00:00,756.75,787.0
2020-03-07 17:00:00+00:00,766.25,899.0
2020-03-07 18:00:00+00:00,776.25,974.0
2020-03-07 19:00:00+00:00,774.75,1118.0
2020-03-07 20:00:00+00:00,772.75,1185.5
2020-03-07 21:00:00+00:00,774.75,1248.75
2020-03-07 22:00:00+00:00,761.0,1231.5
2020-03-07 23:00:00+00:00,773.75,1295.25
2020-03-08 00:00:00+00:00,774.25,1305.75
2020-03-08 01:00:00+00:00,774.75,1354.5
2020-03-08 02:00:00+00:00,764.5,1345.5
2020-03-08 03:00:00+00:00,774.0,1437.5
2020-03-08 04:00:00+00:00,770.75,1399.25
2020-03-08 05:00:00+00:00,766.25,1448.5
2020-03-08 06:00:00+00:00,724.0,1415.0
2020-03-08 07:00:00+00:00,642.0,1478.25
2020-03-08 08:00:00+00:00,730.25,1477.75
2020-03-08 09:00:00+00:00,498.5,1513.0
2020-03-08 10:00:00+00:00,497.0,1487.25
2020-03-08 11:00:00+00:00,496.5,1446.5
2020-03-08 12:00:00+00:00,496.5,1317.0
2020-03-08 13:00:00+00:00,495.25,1220.0
2020-03-08 14:00:00+00:00,495.25,1111.0
2020-03-08 15:00:00+00:00,771.0,980.0
2020-03-08 16:00:00+00:00,750.0,861.25
2020-03-08 17:00:00+00:00,718.75,823.0
2020-03-08 18:00:00+00:00,711.0,843.25
2020-03-08 19:00:00+00:00,690.75,847.25
2020-03-08 20:00:00+00:00,660.25,975.25
2020-03-08 21:00:00+00:00,579.0,1054.75
2020-03-08 22:00:00+00:00,657.25,939.0
2020-03-08 23:00:00+00:00,573.0,874.5
2020-03-09 00:00:00+00:00,366.25,824.25
2020-03-09 01:00:00+00:00,337.5,796.25
2020-03-09 02:00:00+00:00,399.25,764.5
2020-03-09 03:00:00+00:00,382.25,699.75
2020-03-09 04:00:00+00:00,350.0,709.75
2020-03-09 05:00:00+00:00,332.25,625.0
2020-03-09 06:00:00+00:00,283.5,517.75
2020-03-09 07:00:00+00:00,243.25,438.25
2020-03-09 08:00:00+00:00,296.5,427.5
2020-03-09 09:00:00+00:00,263.25,508.25
2020-03-09 10:00:00+00:00,233.5,560.0
2020-03-09 11:00:00+00:00,244.0,654.75
2020-03-09 12:00:00+00:00,347.25,773.5
2020-03-09 13:00:00+00:00,374.0,794.5
2020-03-09 14:00:00+00:00,300.0,895.75
2020-03-09 15:00:00+00:00,334.75,727.75
2020-03-09 16:00:00+00:00,443.75,786.25
2020-03-09 17:00:00+00:00,603.25,757.5
2020-03-09 18:00:00+00:00,595.5,779.0
2020-03-09 19:00:00+00:00,620.0,887.0
2020-03-09 20:00:00+00:00,764.5,997.25
2020-03-09 21:00:00+00:00,773.5,1143.75
2020-03-09 22:00:00+00:00,777.25,1268.75
2020-03-09 23:00:00+00:00,780.0,1395.25
2020-03-10 00:00:00+00:00,779.75,1494.75
2020-03-10 01:00:00+00:00,780.0,1561.0
2020-03-10 02:00:00+00:00,780.25,1585.75
2020-03-10 03:00:00+00:00,779.75,1550.0
2020-03-10 04:00:00+00:00,778.5,1510.75
2020-03-10 05:00:00+00:00,781.75,1480.25
2020-03-10 06:00:00+00:00,742.75,1450.25
2020-03-10 07:00:00+00:00,781.0,1457.0
2020-03-10 08:00:00+00:00,779.0,1414.0
2020-03-10 09:00:00+00:00,777.0,1398.0
2020-03-10 10:00:00+00:00,770.25,1424.5
2020-03-10 11:00:00+00:00,776.25,1464.5
2020-03-10 12:00:00+00:00,776.0,1504.5
2020-03-10 13:00:00+00:00,776.0,1525.25
2020-03-10 14:00:00+00:00,776.25,1527.25
2020-03-10 15:00:00+00:00,776.5,1572.0
2020-03-10 16:00:00+00:00,778.5,1586.25
2020-03-10 17:00:00+00:00,780.0,1604.5
2020-03-10 18:00:00+00:00,783.5,1603.25
2020-03-10 19:00:00+00:00,782.25,1590.0
2020-03-10 20:00:00+00:00,782.0,1583.0
2020-03-10 21:00:00+00:00,778.25,1561.5
2020-03-10 22:00:00+00:00,743.5,1485.75
2020-03-10 23:00:00+00:00,710.75,1346.75
2020-03-11 00:00:00+00:00,655.75,1171.75
2020-03-11 01:00:00+00:00,671.25,939.5
2020-03-11 02:00:00+00:00,703.0,716.5
2020-03-11 03:00:00+00:00,707.25,651.0
2020-03-11 04:00:00+00:00,701.25,653.5
2020-03-11 05:00:00+00:00,653.75,595.75
2020-03-11 06:00:00+00:00,519.5,534.75
2020-03-11 07:00:00+00:00,459.25,489.75
2020-03-11 08:00:00+00:00,502.0,465.75
2020-03-11 09:00:00+00:00,434.25,483.75
2020-03-11 10:00:00+00:00,468.5,536.0
2020-03-11 11:00:00+00:00,483.5,645.75
2020-03-11 12:00:00+00:00,590.75,766.0
2020-03-11 13:00:00+00:00,665.75,952.25
2020-03-11 14:00:00+00:00,721.5,1165.75
2020-03-11 15:00:00+00:00,757.75,1223.75
2020-03-11 16:00:00+00:00,770.5,1249.5
2020-03-11 17:00:00+00:00,776.5,1259.0
2020-03-11 18:00:00+00:00,778.25,1281.75
2020-03-11 19:00:00+00:00,778.0,1427.0
2020-03-11 20:00:00+00:00,778.25,1407.25
2020-03-11 21:00:00+00:00,778.25,1408.25
2020-03-11 22:00:00+00:00,777.5,1480.75
2020-03-11 23:00:00+00:00,765.0,1544.25
2020-03-12 00:00:00+00:00,777.5,1548.25
2020-03-12 01:00:00+00:00,778.0,1594.5
2020-03-12 02:00:00+00:00,774.5,1603.5
2020-03-12 03:00:00+00:00,639.0,1575.75
2020-03-12 04:00:00+00:00,581.0,1598.0
2020-03-12 05:00:00+00:00,666.75,1607.5
2020-03-12 06:00:00+00:00,736.75,1605.5
2020-03-12 07:00:00+00:00,673.75,1575.75
2020-03-12 08:00:00+00:00,678.75,1513.0
2020-03-12 09:00:00+00:00,634.25,1358.25
2020-03-12 10:00:00+00:00,737.25,1466.0
2020-03-12 11:00:00+00:00,722.75,1388.25
2020-03-12 12:00:00+00:00,761.5,1543.0
2020-03-12 13:00:00+00:00,778.5,1566.0
2020-03-12 14:00:00+00:00,776.5,1525.75
2020-03-12 15:00:00+00:00,771.0,1441.25
2020-03-12 16:00:00+00:00,773.25,1443.75
2020-03-12 17:00:00+00:00,778.25,1499.75
2020-03-12 18:00:00+00:00,777.75,1443.75
2020-03-12 19:00:00+00:00,778.0,1423.5
2020-03-12 20:00:00+00:00,778.5,1470.75
2020-03-12 21:00:00+00:00,778.5,1466.5
2020-03-12 22:00:00+00:00,778.0,1507.5
2020-03-12 23:00:00+00:00,777.75,1534.0
2020-03-13 00:00:00+00:00,776.75,1532.0
2020-03-13 01:00:00+00:00,773.5,1516.75
2020-03-13 02:00:00+00:00,778.0,1561.5
2020-03-13 03:00:00+00:00,778.0,1562.0
2020-03-13 04:00:00+00:00,775.5,1563.75
2020-03-13 05:00:00+00:00,776.75,1548.75
2020-03-13 06:00:00+00:00,778.5,1525.25
2020-03-13 07:00:00+00:00,778.5,1472.0
2020-03-13 08:00:00+00:00,778.5,1379.25
2020-03-13 09:00:00+00:00,775.75,1360.75
2020-03-13 10:00:00+00:00,693.25,1273.25
2020-03-13 11:00:00+00:00,614.0,1064.25
2020-03-13 12:00:00+00:00,533.75,961.5
2020-03-13 13:00:00+00:00,499.25,798.75
2020-03-13 14:00:00+00:00,428.0,616.0
2020-03-13 15:00:00+00:00,378.75,458.25
2020-03-13 16:00:00+00:00,305.75,331.0
2020-03-13 17:00:00+00:00,205.5,209.0
2020-03-13 18:00:00+00:00,127.0,149.5
2020-03-13 19:00:00+00:00,82.25,110.0
2020-03-13 20:00:00+00:00,50.75,79.5
2020-03-13 21:00:00+00:00,12.0,68.75
2020-03-13 22:00:00+00:00,10.25,65.75
2020-03-13 23:00:00+00:00,9.75,108.75
2020-03-14 00:00:00+00:00,12.75,131.5
2020-03-14 01:00:00+00:00,15.5,175.25
2020-03-14 02:00:00+00:00,25.75,224.75
2020-03-14 03:00:00+00:00,51.25,322.25
2020-03-14 04:00:00+00:00,113.25,356.25
2020-03-14 05:00:00+00:00,166.5,355.5
2020-03-14 06:00:00+00:00,210.75,333.5
2020-03-14 07:00:00+00:00,278.25,266.0
2020-03-14 08:00:00+00:00,336.0,247.25
2020-03-14 09:00:00+00:00,398.75,278.25
2020-03-14 10:00:00+00:00,379.0,348.25
2020-03-14 11:00:00+00:00,376.75,470.5
2020-03-14 12:00:00+00:00,407.25,612.75
2020-03-14 13:00:00+00:00,476.75,725.75
2020-03-14 14:00:00+00:00,507.5,825.25
2020-03-14 15:00:00+00:00,539.0,827.75
2020-03-14 16:00:00+00:00,589.25,812.75
2020-03-14 17:00:00+00:00,730.5,754.25
2020-03-14 18:00:00+00:00,757.0,814.5
2020-03-14 19:00:00+00:00,759.75,923.0
2020-03-14 20:00:00+00:00,769.0,1013.5
2020-03-14 21:00:00+00:00,777.0,1043.25
2020-03-14 22:00:00+00:00,768.5,1023.25
2020-03-14 23:00:00+00:00,761.75,995.5
2020-03-15 00:00:00+00:00,750.25,996.0
2020-03-15 01:00:00+00:00,763.25,1050.25
2020-03-15 02:00:00+00:00,732.25,1002.5
2020-03-15 03:00:00+00:00,779.0,1077.0
2020-03-15 04:00:00+00:00,777.5,1062.5
2020-03-15 05:00:00+00:00,773.5,1019.25
2020-03-15 06:00:00+00:00,772.0,1000.0
2020-03-15 07:00:00+00:00,765.75,1000.75
2020-03-15 08:00:00+00:00,766.0,1081.75
2020-03-15 09:00:00+00:00,763.0,1132.5
2020-03-15 10:00:00+00:00,764.75,1288.25
2020-03-15 11:00:00+00:00,764.75,1333.0
2020-03-15 12:00:00+00:00,760.25,1290.75
2020-03-15 13:00:00+00:00,762.0,1160.5
2020-03-15 14:00:00+00:00,767.0,975.25
2020-03-15 15:00:00+00:00,768.25,945.75
2020-03-15 16:00:00+00:00,771.0,818.0
2020-03-15 17:00:00+00:00,770.5,802.75
2020-03-15 18:00:00+00:00,779.5,750.75
2020-03-15 19:00:00+00:00,779.25,622.5
2020-03-15 20:00:00+00:00,778.25,572.0
2020-03-15 21:00:00+00:00,777.25,634.0
2020-03-15 22:00:00+00:00,748.5,679.0
2020-03-15 23:00:00+00:00,380.5,628.75
2020-03-16 00:00:00+00:00,314.25,540.25
2020-03-16 01:00:00+00:00,405.25,328.0
2020-03-16 02:00:00+00:00,373.0,173.25
2020-03-16 03:00:00+00:00,332.25,129.0
2020-03-16 04:00:00+00:00,202.0,139.25
2020-03-16 05:00:00+00:00,160.25,145.75
2020-03-16 06:00:00+00:00,116.75,103.25
2020-03-16 07:00:00+00:00,68.75,87.0
2020-03-16 08:00:00+00:00,79.25,79.0
2020-03-16 09:00:00+00:00,50.0,85.5
2020-03-16 10:00:00+00:00,36.0,98.75
2020-03-16 11:00:00+00:00,14.0,82.0
2020-03-16 12:00:00+00:00,13.0,77.0
2020-03-16 13:00:00+00:00,2.5,85.25
2020-03-16 14:00:00+00:00,7.0,96.75
2020-03-16 15:00:00+00:00,5.25,124.5
2020-03-16 16:00:00+00:00,12.25,118.75
2020-03-16 17:00:00+00:00,22.75,94.0
2020-03-16 18:00:00+00:00,27.5,72.25
2020-03-16 19:00:00+00:00,79.5,86.5
2020-03-16 20:00:00+00:00,121.5,139.0
2020-03-16 21:00:00+00:00,164.75,211.5
2020-03-16 22:00:00+00:00,237.0,196.5
2020-03-16 23:00:00+00:00,272.75,269.5
2020-03-17 00:00:00+00:00,385.5,333.0
2020-03-17 01:00:00+00:00,428.75,428.25
2020-03-17 02:00:00+00:00,560.5,574.0
2020-03-17 03:00:00+00:00,587.0,603.75
2020-03-17 04:00:00+00:00,623.25,663.25
2020-03-17 05:00:00+00:00,687.0,682.5
2020-03-17 06:00:00+00:00,725.0,730.75
2020-03-17 07:00:00+00:00,742.25,744.25
2020-03-17 08:00:00+00:00,736.25,752.75
2020-03-17 09:00:00+00:00,731.75,805.0
2020-03-17 10:00:00+00:00,720.5,932.0
2020-03-17 11:00:00+00:00,750.5,926.5
2020-03-17 12:00:00+00:00,745.75,827.0
2020-03-17 13:00:00+00:00,734.5,859.75
2020-03-17 14:00:00+00:00,754.0,805.0
2020-03-17 15:00:00+00:00,757.75,783.0
2020-03-17 16:00:00+00:00,774.0,662.75
2020-03-17 17:00:00+00:00,768.5,654.25
2020-03-17 18:00:00+00:00,779.75,720.75
2020-03-17 19:00:00+00:00,778.5,854.25
2020-03-17 20:00:00+00:00,781.0,1031.0
2020-03-17 21:00:00+00:00,780.75,1102.5
2020-03-17 22:00:00+00:00,778.75,1156.0
2020-03-17 23:00:00+00:00,780.75,1163.5
2020-03-18 00:00:00+00:00,782.25,1189.25
2020-03-18 01:00:00+00:00,782.5,1217.25
2020-03-18 02:00:00+00:00,781.0,1217.25
2020-03-18 03:00:00+00:00,782.25,1206.75
2020-03-18 04:00:00+00:00,782.0,1179.0
2020-03-18 05:00:00+00:00,782.0,1189.25
2020-03-18 06:00:00+00:00,780.5,1155.75
2020-03-18 07:00:00+00:00,778.75,1041.75
2020-03-18 08:00:00+00:00,782.0,932.75
2020-03-18 09:00:00+00:00,778.25,941.0
2020-03-18 10:00:00+00:00,749.75,937.0
2020-03-18 11:00:00+00:00,637.5,893.0
2020-03-18 12:00:00+00:00,377.0,890.75
2020-03-18 13:00:00+00:00,272.75,852.5
2020-03-18 14:00:00+00:00,233.0,738.75
2020-03-18 15:00:00+00:00,227.0,680.5
2020-03-18 16:00:00+00:00,210.0,625.5
2020-03-18 17:00:00+00:00,193.25,529.5
2020-03-18 18:00:00+00:00,176.25,495.75
2020-03-18 19:00:00+00:00,163.75,456.75
2020-03-18 20:00:00+00:00,125.5,462.25
2020-03-18 21:00:00+00:00,77.75,415.75
2020-03-18 22:00:00+00:00,55.0,289.25
2020-03-18 23:00:00+00:00,29.5,202.75
2020-03-19 00:00:00+00:00,21.75,141.75
2020-03-19 01:00:00+00:00,40.25,128.5
2020-03-19 02:00:00+00:00,58.0,124.5
2020-03-19 03:00:00+00:00,75.0,117.75
2020-03-19 04:00:00+00:00,59.0,108.5
2020-03-19 05:00:00+00:00,50.0,123.75
2020-03-19 06:00:00+00:00,60.25,153.75
2020-03-19 07:00:00+00:00,49.75,145.0
2020-03-19 08:00:00+00:00,36.25,125.5
2020-03-19 09:00:00+00:00,23.25,112.75
2020-03-19 10:00:00+00:00,21.25,111.5
2020-03-19 11:00:00+00:00,17.75,94.5
2020-03-19 12:00:00+00:00,36.5,105.0
2020-03-19 13:00:00+00:00,56.5,144.25
2020-03-19 14:00:00+00:00,51.0,192.25
2020-03-19 15:00:00+00:00,82.5,248.0
2020-03-19 16:00:00+00:00,93.25,289.5
2020-03-19 17:00:00+00:00,103.5,332.25
2020-03-19 18:00:00+00:00,114.25,353.25
2020-03-19 19:00:00+00:00,138.25,318.0
2020-03-19 20:00:00+00:00,115.75,349.5
2020-03-19 21:00:00+00:00,89.5,346.25
2020-03-19 22:00:00+00:00,98.5,323.5
2020-03-19 23:00:00+00:00,129.25,329.25
2020-03-20 00:00:00+00:00,131.75,344.5
2020-03-20 01:00:00+00:00,154.25,385.75
2020-03-20 02:00:00+00:00,178.5,410.75
2020-03-20 03:00:00+00:00,227.5,458.5
2020-03-20 04:00:00+00:00,252.25,452.75
2020-03-20 05:00:00+00:00,272.25,486.0
2020-03-20 06:00:00+00:00,291.5,531.25
2020-03-20 07:00:00+00:00,346.5,547.0
2020-03-20 08:00:00+00:00,384.25,590.0
2020-03-20 09:00:00+00:00,451.75,668.25
2020-03-20 10:00:00+00:00,524.25,679.25
2020-03-20 11:00:00+00:00,453.25,706.75
2020-03-20 12:00:00+00:00,452.5,722.25
2020-03-20 13:00:00+00:00,567.75,786.25
2020-03-20 14:00:00+00:00,647.75,848.0
2020-03-20 15:00:00+00:00,650.0,906.75
2020-03-20 16:00:00+00:00,657.75,925.0
2020-03-20 17:00:00+00:00,710.75,844.25
2020-03-20 18:00:00+00:00,733.25,735.0
2020-03-20 19:00:00+00:00,701.25,756.5
2020-03-20 20:00:00+00:00,725.0,824.5
2020-03-20 21:00:00+00:00,730.75,854.0
2020-03-20 22:00:00+00:00,689.25,890.5
2020-03-20 23:00:00+00:00,625.0,990.75
2020-03-21 00:00:00+00:00,679.5,1006.0
2020-03-21 01:00:00+00:00,765.75,1029.5
2020-03-21 02:00:00+00:00,776.5,1039.75
2020-03-21 03:00:00+00:00,775.5,1117.5
2020-03-21 04:00:00+00:00,780.0,1096.0
2020-03-21 05:00:00+00:00,781.25,1083.5
2020-03-21 06:00:00+00:00,779.75,1047.0
2020-03-21 07:00:00+00:00,660.0,912.75
2020-03-21 08:00:00+00:00,688.5,920.25
2020-03-21 09:00:00+00:00,712.25,1012.75
2020-03-21 10:00:00+00:00,737.0,1015.75
2020-03-21 11:00:00+00:00,717.5,1140.25
2020-03-21 12:00:00+00:00,716.25,1192.5
2020-03-21 13:00:00+00:00,645.25,1139.5
2020-03-21 14:00:00+00:00,677.0,1119.25
2020-03-21 15:00:00+00:00,715.5,1170.75
2020-03-21 16:00:00+00:00,741.5,1152.5
2020-03-21 17:00:00+00:00,770.25,1100.0
2020-03-21 18:00:00+00:00,774.0,1087.75
2020-03-21 19:00:00+00:00,774.25,1162.5
2020-03-21 20:00:00+00:00,778.0,1175.5
2020-03-21 21:00:00+00:00,771.25,1166.0
2020-03-21 22:00:00+00:00,779.0,1171.5
2020-03-21 23:00:00+00:00,755.25,1114.75
2020-03-22 00:00:00+00:00,774.5,1031.0
2020-03-22 01:00:00+00:00,774.5,971.75
2020-03-22 02:00:00+00:00,771.25,890.5
2020-03-22 03:00:00+00:00,750.75,819.0
2020-03-22 04:00:00+00:00,723.25,947.25
2020-03-22 05:00:00+00:00,740.0,988.75
2020-03-22 06:00:00+00:00,745.75,950.75
2020-03-22 07:00:00+00:00,717.5,957.25
2020-03-22 08:00:00+00:00,680.25,1039.25
2020-03-22 09:00:00+00:00,689.75,1120.75
2020-03-22 10:00:00+00:00,575.0,1062.5
2020-03-22 11:00:00+00:00,567.5,1052.0
2020-03-22 12:00:00+00:00,460.0,1041.25
2020-03-22 13:00:00+00:00,290.25,998.0
2020-03-22 14:00:00+00:00,626.75,1093.0
2020-03-22 15:00:00+00:00,596.25,1065.0
2020-03-22 16:00:00+00:00,667.5,1028.25
2020-03-22 17:00:00+00:00,654.5,933.5
2020-03-22 18:00:00+00:00,724.0,943.25
2020-03-22 19:00:00+00:00,725.75,978.0
2020-03-22 20:00:00+00:00,728.25,1041.75
2020-03-22 21:00:00+00:00,769.75,1124.25
2020-03-22 22:00:00+00:00,774.5,1068.25
2020-03-22 23:00:00+00:00,736.5,1053.5
2020-03-23 00:00:00+00:00,743.5,1073.5
2020-03-23 01:00:00+00:00,757.0,941.0
2020-03-23 02:00:00+00:00,755.75,861.5
2020-03-23 03:00:00+00:00,766.0,888.75
2020-03-23 04:00:00+00:00,765.5,894.75
2020-03-23 05:00:00+00:00,761.25,905.0
2020-03-23 06:00:00+00:00,750.25,898.0
2020-03-23 07:00:00+00:00,738.25,794.25
2020-03-23 08:00:00+00:00,656.5,778.75
2020-03-23 09:00:00+00:00,659.5,708.5
2020-03-23 10:00:00+00:00,595.25,656.0
2020-03-23 11:00:00+00:00,615.25,697.0
2020-03-23 12:00:00+00:00,571.25,755.75
2020-03-23 13:00:00+00:00,628.0,739.5
2020-03-23 14:00:00+00:00,664.25,718.75
2020-03-23 15:00:00+00:00,651.5,784.25
2020-03-23 16:00:00+00:00,641.75,825.5
2020-03-23 17:00:00+00:00,677.25,747.0
2020-03-23 18:00:00+00:00,674.5,781.25
2020-03-23 19:00:00+00:00,710.75,917.5
2020-03-23 20:00:00+00:00,707.0,1049.75
2020-03-23 21:00:00+00:00,753.75,1061.5
2020-03-23 22:00:00+00:00,744.75,891.25
2020-03-23 23:00:00+00:00,737.0,741.75
2020-03-24 00:00:00+00:00,738.75,791.25
2020-03-24 01:00:00+00:00,735.0,732.75
2020-03-24 02:00:00+00:00,627.0,727.5
2020-03-24 03:00:00+00:00,535.0,573.5
2020-03-24 04:00:00+00:00,459.75,408.25
2020-03-24 05:00:00+00:00,673.75,433.0
2020-03-24 06:00:00+00:00,654.25,500.25
2020-03-24 07:00:00+00:00,655.25,432.75
2020-03-24 08:00:00+00:00,653.0,338.25
2020-03-24 09:00:00+00:00,616.75,374.0
2020-03-24 10:00:00+00:00,578.5,334.25
2020-03-24 11:00:00+00:00,412.25,402.25
2020-03-24 12:00:00+00:00,306.25,409.0
2020-03-24 13:00:00+00:00,317.75,424.0
2020-03-24 14:00:00+00:00,433.75,378.75
2020-03-24 15:00:00+00:00,355.25,367.75
2020-03-24 16:00:00+00:00,332.75,375.75
2020-03-24 17:00:00+00:00,329.25,484.0
2020-03-24 18:00:00+00:00,335.25,584.75
2020-03-24 19:00:00+00:00,466.25,641.25
2020-03-24 20:00:00+00:00,458.5,778.75
2020-03-24 21:00:00+00:00,508.25,899.25
2020-03-24 22:00:00+00:00,497.0,878.0
2020-03-24 23:00:00+00:00,532.5,738.75
2020-03-25 00:00:00+00:00,619.0,578.75
2020-03-25 01:00:00+00:00,614.0,543.25
2020-03-25 02:00:00+00:00,559.75,430.25
2020-03-25 03:00:00+00:00,474.0,400.0
2020-03-25 04:00:00+00:00,419.25,422.0
2020-03-25 05:00:00+00:00,334.25,404.75
2020-03-25 06:00:00+00:00,311.5,360.75
2020-03-25 07:00:00+00:00,244.0,254.25
2020-03-25 08:00:00+00:00,185.25,152.25
2020-03-25 09:00:00+00:00,98.0,118.25
2020-03-25 10:00:00+00:00,58.0,136.5
2020-03-25 11:00:00+00:00,42.25,201.0
2020-03-25 12:00:00+00:00,40.5,243.5
2020-03-25 13:00:00+00:00,69.5,298.25
2020-03-25 14:00:00+00:00,72.25,333.75
2020-03-25 15:00:00+00:00,80.75,422.75
2020-03-25 16:00:00+00:00,137.75,441.75
2020-03-25 17:00:00+00:00,228.5,440.25
2020-03-25 18:00:00+00:00,245.25,548.0
2020-03-25 19:00:00+00:00,212.5,741.5
2020-03-25 20:00:00+00:00,227.75,870.5
2020-03-25 21:00:00+00:00,288.75,979.75
2020-03-25 22:00:00+00:00,415.25,930.0
2020-03-25 23:00:00+00:00,436.75,843.25
2020-03-26 00:00:00+00:00,378.75,706.5
2020-03-26 01:00:00+00:00,299.0,619.5
2020-03-26 02:00:00+00:00,203.0,613.0
2020-03-26 03:00:00+00:00,150.75,604.5
2020-03-26 04:00:00+00:00,110.75,545.75
2020-03-26 05:00:00+00:00,140.75,511.0
2020-03-26 06:00:00+00:00,142.75,517.0
2020-03-26 07:00:00+00:00,169.25,372.0
2020-03-26 08:00:00+00:00,140.5,275.75
2020-03-26 09:00:00+00:00,168.75,351.0
2020-03-26 10:00:00+00:00,165.0,577.5
2020-03-26 11:00:00+00:00,185.5,606.5
2020-03-26 12:00:00+00:00,232.25,619.5
2020-03-26 13:00:00+00:00,288.25,680.25
2020-03-26 14:00:00+00:00,337.5,747.5
2020-03-26 15:00:00+00:00,308.75,797.0
2020-03-26 16:00:00+00:00,359.0,780.0
2020-03-26 17:00:00+00:00,395.0,678.25
2020-03-26 18:00:00+00:00,402.0,621.25
2020-03-26 19:00:00+00:00,438.0,653.0
2020-03-26 20:00:00+00:00,441.75,695.75
2020-03-26 21:00:00+00:00,312.25,728.5
2020-03-26 22:00:00+00:00,247.75,750.25
2020-03-26 23:00:00+00:00,228.25,740.25
2020-03-27 00:00:00+00:00,247.5,709.75
2020-03-27 01:00:00+00:00,262.25,720.25
2020-03-27 02:00:00+00:00,268.25,738.25
2020-03-27 03:00:00+00:00,286.75,745.25
2020-03-27 04:00:00+00:00,252.0,778.5
2020-03-27 05:00:00+00:00,290.0,801.75
2020-03-27 06:00:00+00:00,285.25,733.0
2020-03-27 07:00:00+00:00,297.0,552.0
2020-03-27 08:00:00+00:00,290.75,491.75
2020-03-27 09:00:00+00:00,323.75,606.25
2020-03-27 10:00:00+00:00,409.0,734.5
2020-03-27 11:00:00+00:00,497.25,801.5
2020-03-27 12:00:00+00:00,492.5,885.0
2020-03-27 13:00:00+00:00,562.25,902.5
2020-03-27 14:00:00+00:00,627.75,966.25
2020-03-27 15:00:00+00:00,663.5,998.25
2020-03-27 16:00:00+00:00,703.0,945.5
2020-03-27 17:00:00+00:00,740.5,956.5
2020-03-27 18:00:00+00:00,747.75,998.0
2020-03-27 19:00:00+00:00,756.0,1049.25
2020-03-27 20:00:00+00:00,767.0,1083.5
2020-03-27 21:00:00+00:00,761.5,1050.25
2020-03-27 22:00:00+00:00,737.75,969.0
2020-03-27 23:00:00+00:00,690.75,915.5
2020-03-28 00:00:00+00:00,660.5,930.0
2020-03-28 01:00:00+00:00,638.25,923.75
2020-03-28 02:00:00+00:00,604.25,915.25
2020-03-28 03:00:00+00:00,559.25,896.75
2020-03-28 04:00:00+00:00,620.25,890.0
2020-03-28 05:00:00+00:00,721.25,889.25
2020-03-28 06:00:00+00:00,730.25,879.75
2020-03-28 07:00:00+00:00,763.5,777.5
2020-03-28 08:00:00+00:00,744.0,766.5
2020-03-28 09:00:00+00:00,773.25,912.75
2020-03-28 10:00:00+00:00,773.5,1037.75
2020-03-28 11:00:00+00:00,760.5,1097.25
2020-03-28 12:00:00+00:00,722.0,1096.5
2020-03-28 13:00:00+00:00,776.5,1231.75
2020-03-28 14:00:00+00:00,784.0,1275.0
2020-03-28 15:00:00+00:00,783.75,1292.0
2020-03-28 16:00:00+00:00,754.0,1291.5
2020-03-28 17:00:00+00:00,775.0,1314.25
2020-03-28 18:00:00+00:00,785.75,1305.0
2020-03-28 19:00:00+00:00,784.75,1274.25
2020-03-28 20:00:00+00:00,783.75,1204.0
2020-03-28 21:00:00+00:00,785.25,1168.5
2020-03-28 22:00:00+00:00,785.0,1079.5
2020-03-28 23:00:00+00:00,786.0,907.0
2020-03-29 00:00:00+00:00,783.75,910.0
2020-03-29 01:00:00+00:00,784.0,1021.75
2020-03-29 02:00:00+00:00,785.25,1100.5
2020-03-29 03:00:00+00:00,729.0,1163.5
2020-03-29 04:00:00+00:00,772.75,1182.75
2020-03-29 05:00:00+00:00,744.5,1124.5
2020-03-29 06:00:00+00:00,782.75,1268.0
2020-03-29 07:00:00+00:00,773.5,1448.75
2020-03-29 08:00:00+00:00,782.0,1525.5
2020-03-29 09:00:00+00:00,784.75,1574.75
2020-03-29 10:00:00+00:00,784.0,1580.5
2020-03-29 11:00:00+00:00,776.75,1578.25
2020-03-29 12:00:00+00:00,783.75,1573.5
2020-03-29 13:00:00+00:00,784.0,1576.25
2020-03-29 14:00:00+00:00,784.0,1559.5
2020-03-29 15:00:00+00:00,732.25,1503.0
2020-03-29 16:00:00+00:00,706.0,1420.75
2020-03-29 17:00:00+00:00,783.75,1397.25
2020-03-29 18:00:00+00:00,778.5,1251.75
2020-03-29 19:00:00+00:00,746.0,1104.75
2020-03-29 20:00:00+00:00,745.0,926.75
2020-03-29 21:00:00+00:00,674.75,708.5
2020-03-29 22:00:00+00:00,495.5,491.25
2020-03-29 23:00:00+00:00,417.25,364.5
2020-03-30 00:00:00+00:00,322.75,273.5
2020-03-30 01:00:00+00:00,258.25,212.5
2020-03-30 02:00:00+00:00,335.5,145.75
2020-03-30 03:00:00+00:00,411.75,106.25
2020-03-30 04:00:00+00:00,346.0,89.0
2020-03-30 05:00:00+00:00,334.75,78.5
2020-03-30 06:00:00+00:00,346.75,118.5
2020-03-30 07:00:00+00:00,360.5,146.25
2020-03-30 08:00:00+00:00,473.75,151.25
2020-03-30 09:00:00+00:00,507.5,179.0
2020-03-30 10:00:00+00:00,546.5,248.75
2020-03-30 11:00:00+00:00,466.0,368.5
2020-03-30 12:00:00+00:00,307.5,539.5
2020-03-30 13:00:00+00:00,296.25,648.5
2020-03-30 14:00:00+00:00,407.5,646.25
2020-03-30 15:00:00+00:00,562.0,559.0
2020-03-30 16:00:00+00:00,454.5,531.75
2020-03-30 17:00:00+00:00,457.75,457.0
2020-03-30 18:00:00+00:00,489.5,447.5
2020-03-30 19:00:00+00:00,537.25,404.25
2020-03-30 20:00:00+00:00,594.75,422.0
2020-03-30 21:00:00+00:00,520.75,441.25
2020-03-30 22:00:00+00:00,261.25,458.75
2020-03-30 23:00:00+00:00,201.0,489.5
2020-03-31 00:00:00+00:00,185.75,461.25
2020-03-31 01:00:00+00:00,147.0,438.0
2020-03-31 02:00:00+00:00,108.25,382.0
2020-03-31 03:00:00+00:00,111.5,376.5
2020-03-31 04:00:00+00:00,105.5,350.75
2020-03-31 05:00:00+00:00,115.25,338.5
2020-03-31 06:00:00+00:00,101.25,301.0
2020-03-31 07:00:00+00:00,63.25,242.75
2020-03-31 08:00:00+00:00,42.25,277.75
2020-03-31 09:00:00+00:00,42.5,328.5
2020-03-31 10:00:00+00:00,34.5,248.0
2020-03-31 11:00:00+00:00,16.0,163.5
2020-03-31 12:00:00+00:00,13.75,147.0
2020-03-31 13:00:00+00:00,37.5,171.0
2020-03-31 14:00:00+00:00,53.75,201.75
2020-03-31 15:00:00+00:00,68.5,257.5
2020-03-31 16:00:00+00:00,74.0,296.75
2020-03-31 17:00:00+00:00,98.75,314.0
2020-03-31 18:00:00+00:00,83.25,334.5
2020-03-31 19:00:00+00:00,113.0,303.5
2020-03-31 20:00:00+00:00,110.5,227.25
2020-03-31 21:00:00+00:00,132.25,193.0
2020-03-31 22:00:00+00:00,192.75,171.0
2020-03-31 23:00:00+00:00,213.75,147.75
2020-04-01 00:00:00+00:00,199.25,105.5
2020-04-01 01:00:00+00:00,208.25,75.5
2020-04-01 02:00:00+00:00,189.75,60.75
2020-04-01 03:00:00+00:00,200.0,61.5
2020-04-01 04:00:00+00:00,180.0,62.75
2020-04-01 05:00:00+00:00,284.0,68.5
2020-04-01 06:00:00+00:00,234.5,69.0
2020-04-01 07:00:00+00:00,304.5,67.0
2020-04-01 08:00:00+00:00,250.5,83.5
2020-04-01 09:00:00+00:00,191.75,109.25
2020-04-01 10:00:00+00:00,327.0,107.5
2020-04-01 11:00:00+00:00,416.5,108.5
2020-04-01 12:00:00+00:00,390.75,95.5
2020-04-01 13:00:00+00:00,355.0,139.25
2020-04-01 14:00:00+00:00,368.75,140.75
2020-04-01 15:00:00+00:00,368.5,146.75
2020-04-01 16:00:00+00:00,328.25,146.5
2020-04-01 17:00:00+00:00,290.5,123.75
2020-04-01 18:00:00+00:00,241.25,128.75
2020-04-01 19:00:00+00:00,170.25,121.75
2020-04-01 20:00:00+00:00,146.0,102.75
2020-04-01 21:00:00+00:00,131.5,70.25
2020-04-01 22:00:00+00:00,166.5,77.5
2020-04-01 23:00:00+00:00,192.5,112.75
2020-04-02 00:00:00+00:00,191.5,128.25
2020-04-02 01:00:00+00:00,205.75,136.5
2020-04-02 02:00:00+00:00,312.0,173.5
2020-04-02 03:00:00+00:00,362.0,229.75
2020-04-02 04:00:00+00:00,414.25,265.25
2020-04-02 05:00:00+00:00,442.5,294.25
2020-04-02 06:00:00+00:00,449.5,335.75
2020-04-02 07:00:00+00:00,517.75,365.75
2020-04-02 08:00:00+00:00,619.0,405.0
2020-04-02 09:00:00+00:00,638.75,511.25
2020-04-02 10:00:00+00:00,719.25,676.0
2020-04-02 11:00:00+00:00,730.0,896.0
2020-04-02 12:00:00+00:00,730.0,1054.5
2020-04-02 13:00:00+00:00,731.0,1128.25
2020-04-02 14:00:00+00:00,701.25,1086.25
2020-04-02 15:00:00+00:00,733.5,1020.0
2020-04-02 16:00:00+00:00,747.25,985.5
2020-04-02 17:00:00+00:00,721.75,1010.5
2020-04-02 18:00:00+00:00,512.75,1099.75
2020-04-02 19:00:00+00:00,682.75,1042.0
2020-04-02 20:00:00+00:00,640.75,860.25
2020-04-02 21:00:00+00:00,596.5,665.75
2020-04-02 22:00:00+00:00,590.5,493.25
2020-04-02 23:00:00+00:00,589.25,354.75
2020-04-03 00:00:00+00:00,598.0,363.0
2020-04-03 01:00:00+00:00,589.0,349.0
2020-04-03 02:00:00+00:00,594.75,362.25
2020-04-03 03:00:00+00:00,575.0,358.5
2020-04-03 04:00:00+00:00,562.5,312.0
2020-04-03 05:00:00+00:00,544.5,273.75
2020-04-03 06:00:00+00:00,530.75,273.25
2020-04-03 07:00:00+00:00,386.75,270.5
2020-04-03 08:00:00+00:00,223.25,267.0
2020-04-03 09:00:00+00:00,217.75,305.75
2020-04-03 10:00:00+00:00,113.5,321.25
2020-04-03 11:00:00+00:00,278.75,453.0
2020-04-03 12:00:00+00:00,319.5,473.75
2020-04-03 13:00:00+00:00,350.0,397.75
2020-04-03 14:00:00+00:00,220.75,437.75
2020-04-03 15:00:00+00:00,199.75,398.75
2020-04-03 16:00:00+00:00,250.5,366.75
2020-04-03 17:00:00+00:00,204.75,248.75
2020-04-03 18:00:00+00:00,166.0,189.75
2020-04-03 19:00:00+00:00,136.0,135.25
2020-04-03 20:00:00+00:00,93.25,129.5
2020-04-03 21:00:00+00:00,127.75,129.75
2020-04-03 22:00:00+00:00,131.75,97.5
2020-04-03 23:00:00+00:00,233.75,149.0
2020-04-04 00:00:00+00:00,299.75,205.75
2020-04-04 01:00:00+00:00,348.75,241.25
2020-04-04 02:00:00+00:00,425.75,287.25
2020-04-04 03:00:00+00:00,429.75,334.0
2020-04-04 04:00:00+00:00,379.0,351.75
2020-04-04 05:00:00+00:00,357.25,365.75
2020-04-04 06:00:00+00:00,416.0,336.5
2020-04-04 07:00:00+00:00,445.0,279.25
2020-04-04 08:00:00+00:00,526.0,232.5
2020-04-04 09:00:00+00:00,516.25,252.75
2020-04-04 10:00:00+00:00,439.25,203.0
2020-04-04 11:00:00+00:00,370.25,146.0
2020-04-04 12:00:00+00:00,323.75,121.5
2020-04-04 13:00:00+00:00,401.5,103.25
2020-04-04 14:00:00+00:00,302.0,84.5
2020-04-04 15:00:00+00:00,161.75,81.0
2020-04-04 16:00:00+00:00,92.25,114.25
2020-04-04 17:00:00+00:00,17.0,187.0
2020-04-04 18:00:00+00:00,3.5,241.25
2020-04-04 19:00:00+00:00,37.5,368.0
2020-04-04 20:00:00+00:00,188.75,569.25
2020-04-04 21:00:00+00:00,367.25,709.75
2020-04-04 22:00:00+00:00,454.25,681.0
2020-04-04 23:00:00+00:00,527.5,653.25
2020-04-05 00:00:00+00:00,551.25,627.75
2020-04-05 01:00:00+00:00,476.5,570.25
2020-04-05 02:00:00+00:00,409.5,624.25
2020-04-05 03:00:00+00:00,406.25,605.0
2020-04-05 04:00:00+00:00,370.0,633.5
2020-04-05 05:00:00+00:00,399.0,675.0
2020-04-05 06:00:00+00:00,464.5,683.5
2020-04-05 07:00:00+00:00,467.5,499.25
2020-04-05 08:00:00+00:00,399.75,454.0
2020-04-05 09:00:00+00:00,300.25,512.5
2020-04-05 10:00:00+00:00,280.75,755.5
2020-04-05 11:00:00+00:00,160.25,894.0
2020-04-05 12:00:00+00:00,161.25,892.25
2020-04-05 13:00:00+00:00,333.0,880.75
2020-04-05 14:00:00+00:00,550.75,851.5
2020-04-05 15:00:00+00:00,680.25,846.5
2020-04-05 16:00:00+00:00,745.25,708.25
2020-04-05 17:00:00+00:00,752.75,558.25
2020-04-05 18:00:00+00:00,732.75,593.25
2020-04-05 19:00:00+00:00,752.5,749.25
2020-04-05 20:00:00+00:00,778.5,877.5
2020-04-05 21:00:00+00:00,769.0,1037.5
2020-04-05 22:00:00+00:00,772.25,1126.25
2020-04-05 23:00:00+00:00,747.75,1082.5
2020-04-06 00:00:00+00:00,784.0,1080.75
2020-04-06 01:00:00+00:00,766.0,1013.5
2020-04-06 02:00:00+00:00,760.25,1008.25
2020-04-06 03:00:00+00:00,737.25,896.25
2020-04-06 04:00:00+00:00,728.75,816.0
2020-04-06 05:00:00+00:00,735.25,853.5
2020-04-06 06:00:00+00:00,738.0,800.5
2020-04-06 07:00:00+00:00,678.75,593.25
2020-04-06 08:00:00+00:00,613.25,450.75
2020-04-06 09:00:00+00:00,577.75,338.5
2020-04-06 10:00:00+00:00,494.75,319.0
2020-04-06 11:00:00+00:00,444.75,406.25
2020-04-06 12:00:00+00:00,466.25,452.25
2020-04-06 13:00:00+00:00,520.0,744.75
2020-04-06 14:00:00+00:00,352.0,901.5
2020-04-06 15:00:00+00:00,493.25,861.25
2020-04-06 16:00:00+00:00,335.75,656.5
2020-04-06 17:00:00+00:00,308.5,583.0
2020-04-06 18:00:00+00:00,328.0,592.0
2020-04-06 19:00:00+00:00,147.25,527.0
2020-04-06 20:00:00+00:00,72.0,427.25
2020-04-06 21:00:00+00:00,86.5,320.0
2020-04-06 22:00:00+00:00,83.0,239.5
2020-04-06 23:00:00+00:00,144.75,180.75
2020-04-07 00:00:00+00:00,153.75,134.25
2020-04-07 01:00:00+00:00,76.5,114.5
2020-04-07 02:00:00+00:00,38.25,98.0
2020-04-07 03:00:00+00:00,48.25,80.5
2020-04-07 04:00:00+00:00,26.5,77.75
2020-04-07 05:00:00+00:00,14.0,78.75
2020-04-07 06:00:00+00:00,14.75,86.75
2020-04-07 07:00:00+00:00,22.75,93.25
2020-04-07 08:00:00+00:00,23.75,105.5
2020-04-07 09:00:00+00:00,8.5,115.75
2020-04-07 10:00:00+00:00,5.25,132.5
2020-04-07 11:00:00+00:00,4.75,157.0
2020-04-07 12:00:00+00:00,10.25,152.5
2020-04-07 13:00:00+00:00,24.0,161.0
2020-04-07 14:00:00+00:00,33.5,180.75
2020-04-07 15:00:00+00:00,42.75,220.0
2020-04-07 16:00:00+00:00,66.0,261.75
2020-04-07 17:00:00+00:00,124.75,257.25
2020-04-07 18:00:00+00:00,150.25,315.0
2020-04-07 19:00:00+00:00,189.75,446.5
2020-04-07 20:00:00+00:00,230.5,562.25
2020-04-07 21:00:00+00:00,223.0,601.0
2020-04-07 22:00:00+00:00,237.75,570.25
2020-04-07 23:00:00+00:00,328.25,525.75
2020-04-08 00:00:00+00:00,431.75,436.0
2020-04-08 01:00:00+00:00,331.75,352.75
2020-04-08 02:00:00+00:00,174.5,281.75
2020-04-08 03:00:00+00:00,116.25,211.0
2020-04-08 04:00:00+00:00,53.25,155.25
2020-04-08 05:00:00+00:00,33.75,113.5
2020-04-08 06:00:00+00:00,29.25,94.75
2020-04-08 07:00:00+00:00,4.0,76.5
2020-04-08 08:00:00+00:00,3.75,71.75
2020-04-08 09:00:00+00:00,0.0,71.75
2020-04-08 10:00:00+00:00,3.5,70.5
2020-04-08 11:00:00+00:00,31.5,71.5
2020-04-08 12:00:00+00:00,49.25,80.0
2020-04-08 13:00:00+00:00,70.0,83.5
2020-04-08 14:00:00+00:00,62.25,129.0
2020-04-08 15:00:00+00:00,52.0,163.0
2020-04-08 16:00:00+00:00,55.75,169.5
2020-04-08 17:00:00+00:00,40.25,191.75
2020-04-08 18:00:00+00:00,42.75,261.0
2020-04-08 19:00:00+00:00,37.25,314.0
2020-04-08 20:00:00+00:00,28.0,312.25
2020-04-08 21:00:00+00:00,28.25,276.0
2020-04-08 22:00:00+00:00,22.0,259.25
2020-04-08 23:00:00+00:00,16.5,251.0
2020-04-09 00:00:00+00:00,12.75,231.75
2020-04-09 01:00:00+00:00,15.75,210.25
2020-04-09 02:00:00+00:00,19.0,213.5
2020-04-09 03:00:00+00:00,15.75,221.0
2020-04-09 04:00:00+00:00,38.0,222.25
2020-04-09 05:00:00+00:00,35.75,249.75
2020-04-09 06:00:00+00:00,24.5,232.25
2020-04-09 07:00:00+00:00,21.5,170.0
2020-04-09 08:00:00+00:00,46.75,112.5
2020-04-09 09:00:00+00:00,37.0,101.75
2020-04-09 10:00:00+00:00,170.5,103.0
2020-04-09 11:00:00+00:00,212.75,145.25
2020-04-09 12:00:00+00:00,178.75,181.5
2020-04-09 13:00:00+00:00,169.25,210.75
2020-04-09 14:00:00+00:00,157.25,249.75
2020-04-09 15:00:00+00:00,165.75,289.0
2020-04-09 16:00:00+00:00,158.5,323.25
2020-04-09 17:00:00+00:00,173.0,333.25
2020-04-09 18:00:00+00:00,199.0,404.75
2020-04-09 19:00:00+00:00,200.0,465.25
2020-04-09 20:00:00+00:00,180.75,486.25
2020-04-09 21:00:00+00:00,132.0,480.75
2020-04-09 22:00:00+00:00,123.25,471.5
2020-04-09 23:00:00+00:00,106.25,436.5
2020-04-10 00:00:00+00:00,110.75,389.5
2020-04-10 01:00:00+00:00,95.75,383.5
2020-04-10 02:00:00+00:00,67.25,368.5
2020-04-10 03:00:00+00:00,76.5,392.75
2020-04-10 04:00:00+00:00,76.75,357.25
2020-04-10 05:00:00+00:00,53.25,337.0
2020-04-10 06:00:00+00:00,70.0,266.0
2020-04-10 07:00:00+00:00,48.25,187.75
2020-04-10 08:00:00+00:00,34.25,142.25
2020-04-10 09:00:00+00:00,26.0,133.75
2020-04-10 10:00:00+00:00,25.75,120.75
2020-04-10 11:00:00+00:00,17.25,118.25
2020-04-10 12:00:00+00:00,20.75,128.75
2020-04-10 13:00:00+00:00,26.0,156.25
2020-04-10 14:00:00+00:00,30.0,190.75
2020-04-10 15:00:00+00:00,34.0,204.75
2020-04-10 16:00:00+00:00,45.5,215.0
2020-04-10 17:00:00+00:00,55.25,234.25
2020-04-10 18:00:00+00:00,62.25,291.75
2020-04-10 19:00:00+00:00,107.5,370.5
2020-04-10 20:00:00+00:00,142.5,422.5
2020-04-10 21:00:00+00:00,142.25,441.25
2020-04-10 22:00:00+00:00,102.0,455.5
2020-04-10 23:00:00+00:00,107.5,421.25
2020-04-11 00:00:00+00:00,98.5,430.0
2020-04-11 01:00:00+00:00,103.0,409.5
2020-04-11 02:00:00+00:00,110.0,397.0
2020-04-11 03:00:00+00:00,127.25,373.75
2020-04-11 04:00:00+00:00,150.0,348.75
2020-04-11 05:00:00+00:00,156.75,324.5
2020-04-11 06:00:00+00:00,175.0,238.25
2020-04-11 07:00:00+00:00,180.75,151.0
2020-04-11 08:00:00+00:00,140.25,126.25
2020-04-11 09:00:00+00:00,139.75,102.0
2020-04-11 10:00:00+00:00,107.25,91.0
2020-04-11 11:00:00+00:00,80.25,80.5
2020-04-11 12:00:00+00:00,74.0,70.25
2020-04-11 13:00:00+00:00,20.0,69.5
2020-04-11 14:00:00+00:00,0.75,84.75
2020-04-11 15:00:00+00:00,24.25,78.0
2020-04-11 16:00:00+00:00,66.75,77.5
2020-04-11 17:00:00+00:00,78.5,63.25
2020-04-11 18:00:00+00:00,26.5,74.75
2020-04-11 19:00:00+00:00,37.5,87.75
2020-04-11 20:00:00+00:00,90.0,90.75
2020-04-11 21:00:00+00:00,68.75,92.0
2020-04-11 22:00:00+00:00,103.75,85.0
2020-04-11 23:00:00+00:00,125.5,87.25
2020-04-12 00:00:00+00:00,143.0,87.75
2020-04-12 01:00:00+00:00,175.0,95.0
2020-04-12 02:00:00+00:00,172.0,122.5
2020-04-12 03:00:00+00:00,183.0,169.5
2020-04-12 04:00:00+00:00,127.5,210.25
2020-04-12 05:00:00+00:00,54.25,276.75
2020-04-12 06:00:00+00:00,17.25,252.25
2020-04-12 07:00:00+00:00,18.75,177.0
2020-04-12 08:00:00+00:00,27.25,133.5
2020-04-12 09:00:00+00:00,27.25,113.25
2020-04-12 10:00:00+00:00,36.75,125.25
2020-04-12 11:00:00+00:00,23.0,131.75
2020-04-12 12:00:00+00:00,8.25,134.75
2020-04-12 13:00:00+00:00,12.75,161.0
2020-04-12 14:00:00+00:00,5.5,133.75
2020-04-12 15:00:00+00:00,0.0,97.75
2020-04-12 16:00:00+00:00,16.5,82.75
2020-04-12 17:00:00+00:00,87.0,87.75
2020-04-12 18:00:00+00:00,138.0,108.5
2020-04-12 19:00:00+00:00,408.25,267.0
2020-04-12 20:00:00+00:00,495.0,404.0
2020-04-12 21:00:00+00:00,665.75,499.75
2020-04-12 22:00:00+00:00,751.25,700.75
2020-04-12 23:00:00+00:00,779.75,888.75
2020-04-13 00:00:00+00:00,789.25,979.75
2020-04-13 01:00:00+00:00,754.75,1116.25
2020-04-13 02:00:00+00:00,741.25,1238.5
2020-04-13 03:00:00+00:00,794.75,1389.0
2020-04-13 04:00:00+00:00,791.0,1408.75
2020-04-13 05:00:00+00:00,789.5,1327.25
2020-04-13 06:00:00+00:00,793.5,1308.75
2020-04-13 07:00:00+00:00,794.5,1326.5
2020-04-13 08:00:00+00:00,792.5,1309.0
2020-04-13 09:00:00+00:00,778.0,1294.25
2020-04-13 10:00:00+00:00,749.75,1175.75
2020-04-13 11:00:00+00:00,686.25,1055.75
2020-04-13 12:00:00+00:00,627.0,942.5
2020-04-13 13:00:00+00:00,683.0,891.0
2020-04-13 14:00:00+00:00,690.75,905.0
2020-04-13 15:00:00+00:00,703.0,1005.5
2020-04-13 16:00:00+00:00,719.75,1118.0
2020-04-13 17:00:00+00:00,699.0,1033.75
2020-04-13 18:00:00+00:00,748.25,921.25
2020-04-13 19:00:00+00:00,746.75,825.25
2020-04-13 20:00:00+00:00,728.75,756.5
2020-04-13 21:00:00+00:00,705.5,751.25
2020-04-13 22:00:00+00:00,671.0,656.5
2020-04-13 23:00:00+00:00,657.0,571.5
2020-04-14 00:00:00+00:00,614.25,490.25
2020-04-14 01:00:00+00:00,514.75,392.25
2020-04-14 02:00:00+00:00,473.75,358.0
2020-04-14 03:00:00+00:00,445.75,359.5
2020-04-14 04:00:00+00:00,398.0,350.25
2020-04-14 05:00:00+00:00,403.0,281.25
2020-04-14 06:00:00+00:00,343.0,252.5
2020-04-14 07:00:00+00:00,304.5,234.5
2020-04-14 08:00:00+00:00,217.5,215.0
2020-04-14 09:00:00+00:00,171.75,176.25
2020-04-14 10:00:00+00:00,194.25,191.25
2020-04-14 11:00:00+00:00,92.25,191.25
2020-04-14 12:00:00+00:00,153.5,212.5
2020-04-14 13:00:00+00:00,121.25,209.25
2020-04-14 14:00:00+00:00,151.0,188.5
2020-04-14 15:00:00+00:00,105.0,170.75
2020-04-14 16:00:00+00:00,105.25,163.0
2020-04-14 17:00:00+00:00,73.75,137.25
2020-04-14 18:00:00+00:00,105.0,137.0
2020-04-14 19:00:00+00:00,165.5,118.0
2020-04-14 20:00:00+00:00,191.0,117.0
2020-04-14 21:00:00+00:00,160.0,122.25
2020-04-14 22:00:00+00:00,239.5,127.5
2020-04-14 23:00:00+00:00,268.0,127.0
2020-04-15 00:00:00+00:00,289.75,116.5
2020-04-15 01:00:00+00:00,240.0,117.0
2020-04-15 02:00:00+00:00,226.75,116.75
2020-04-15 03:00:00+00:00,252.5,135.25
2020-04-15 04:00:00+00:00,269.25,182.0
2020-04-15 05:00:00+00:00,302.0,198.25
2020-04-15 06:00:00+00:00,312.75,175.5
2020-04-15 07:00:00+00:00,259.0,147.25
2020-04-15 08:00:00+00:00,279.0,115.0
2020-04-15 09:00:00+00:00,279.0,102.0
2020-04-15 10:00:00+00:00,237.75,99.0
2020-04-15 11:00:00+00:00,232.0,87.5
2020-04-15 12:00:00+00:00,251.0,89.25
2020-04-15 13:00:00+00:00,273.0,96.75
2020-04-15 14:00:00+00:00,310.5,104.25
2020-04-15 15:00:00+00:00,295.75,114.0
2020-04-15 16:00:00+00:00,213.25,129.5
2020-04-15 17:00:00+00:00,185.0,130.0
2020-04-15 18:00:00+00:00,198.5,177.0
2020-04-15 19:00:00+00:00,132.0,188.5
2020-04-15 20:00:00+00:00,58.75,221.75
2020-04-15 21:00:00+00:00,78.25,261.0
2020-04-15 22:00:00+00:00,93.25,255.75
2020-04-15 23:00:00+00:00,59.25,214.25
2020-04-16 00:00:00+00:00,55.75,235.5
2020-04-16 01:00:00+00:00,46.75,257.0
2020-04-16 02:00:00+00:00,48.75,197.75
2020-04-16 03:00:00+00:00,60.25,176.25
2020-04-16 04:00:00+00:00,55.25,206.5
2020-04-16 05:00:00+00:00,59.25,196.25
2020-04-16 06:00:00+00:00,36.0,175.25
2020-04-16 07:00:00+00:00,61.5,135.5
2020-04-16 08:00:00+00:00,44.5,95.75
2020-04-16 09:00:00+00:00,28.0,93.25
2020-04-16 10:00:00+00:00,30.75,133.25
2020-04-16 11:00:00+00:00,34.75,129.5
2020-04-16 12:00:00+00:00,61.5,138.75
2020-04-16 13:00:00+00:00,75.0,123.5
2020-04-16 14:00:00+00:00,71.5,130.75
2020-04-16 15:00:00+00:00,144.25,172.0
2020-04-16 16:00:00+00:00,224.75,267.5
2020-04-16 17:00:00+00:00,267.25,399.25
2020-04-16 18:00:00+00:00,268.5,566.25
2020-04-16 19:00:00+00:00,296.75,609.0
2020-04-16 20:00:00+00:00,258.25,657.75
2020-04-16 21:00:00+00:00,304.0,626.75
2020-04-16 22:00:00+00:00,293.75,587.25
2020-04-16 23:00:00+00:00,308.0,565.25
2020-04-17 00:00:00+00:00,199.25,581.0
2020-04-17 01:00:00+00:00,199.75,593.75
2020-04-17 02:00:00+00:00,240.75,636.75
2020-04-17 03:00:00+00:00,244.0,613.75
2020-04-17 04:00:00+00:00,259.0,596.5
2020-04-17 05:00:00+00:00,267.75,552.75
2020-04-17 06:00:00+00:00,265.25,528.5
2020-04-17 07:00:00+00:00,221.0,501.0
2020-04-17 08:00:00+00:00,166.75,419.25
2020-04-17 09:00:00+00:00,155.25,382.75
2020-04-17 10:00:00+00:00,172.25,364.75
2020-04-17 11:00:00+00:00,184.5,341.5
2020-04-17 12:00:00+00:00,191.0,344.75
2020-04-17 13:00:00+00:00,231.0,363.5
2020-04-17 14:00:00+00:00,240.5,384.5
2020-04-17 15:00:00+00:00,261.75,415.0
2020-04-17 16:00:00+00:00,284.0,474.0
2020-04-17 17:00:00+00:00,278.25,499.5
2020-04-17 18:00:00+00:00,285.0,533.5
2020-04-17 19:00:00+00:00,291.75,568.25
2020-04-17 20:00:00+00:00,302.75,576.0
2020-04-17 21:00:00+00:00,292.75,601.0
2020-04-17 22:00:00+00:00,195.25,627.0
2020-04-17 23:00:00+00:00,165.75,646.0
2020-04-18 00:00:00+00:00,168.5,657.75
2020-04-18 01:00:00+00:00,184.75,587.5
2020-04-18 02:00:00+00:00,131.0,536.25
2020-04-18 03:00:00+00:00,251.75,467.0
2020-04-18 04:00:00+00:00,326.5,463.75
2020-04-18 05:00:00+00:00,302.5,407.75
2020-04-18 06:00:00+00:00,325.75,306.5
2020-04-18 07:00:00+00:00,430.0,205.75
2020-04-18 08:00:00+00:00,392.75,176.75
2020-04-18 09:00:00+00:00,346.0,201.25
2020-04-18 10:00:00+00:00,428.75,193.75
2020-04-18 11:00:00+00:00,442.5,210.0
2020-04-18 12:00:00+00:00,522.5,197.75
2020-04-18 13:00:00+00:00,507.25,190.75
2020-04-18 14:00:00+00:00,461.25,199.25
2020-04-18 15:00:00+00:00,477.0,279.0
2020-04-18 16:00:00+00:00,477.25,377.25
2020-04-18 17:00:00+00:00,461.75,402.25
2020-04-18 18:00:00+00:00,425.5,406.0
2020-04-18 19:00:00+00:00,436.25,476.0
2020-04-18 20:00:00+00:00,530.0,462.5
2020-04-18 21:00:00+00:00,548.5,441.0
2020-04-18 22:00:00+00:00,452.0,491.25
2020-04-18 23:00:00+00:00,486.25,575.0
2020-04-19 00:00:00+00:00,557.5,592.75
2020-04-19 01:00:00+00:00,524.25,597.0
2020-04-19 02:00:00+00:00,454.5,587.5
2020-04-19 03:00:00+00:00,376.75,583.5
2020-04-19 04:00:00+00:00,364.75,580.75
2020-04-19 05:00:00+00:00,381.75,540.0
2020-04-19 06:00:00+00:00,443.25,547.75
2020-04-19 07:00:00+00:00,485.0,613.0
2020-04-19 08:00:00+00:00,441.0,681.75
2020-04-19 09:00:00+00:00,439.0,728.0
2020-04-19 10:00:00+00:00,456.75,739.5
2020-04-19 11:00:00+00:00,436.25,727.75
2020-04-19 12:00:00+00:00,389.25,656.5
2020-04-19 13:00:00+00:00,508.25,674.25
2020-04-19 14:00:00+00:00,637.5,670.0
2020-04-19 15:00:00+00:00,647.25,707.0
2020-04-19 16:00:00+00:00,715.5,834.0
2020-04-19 17:00:00+00:00,768.0,806.25
2020-04-19 18:00:00+00:00,755.0,845.25
2020-04-19 19:00:00+00:00,742.25,889.5
2020-04-19 20:00:00+00:00,739.25,998.75
2020-04-19 21:00:00+00:00,743.75,1093.25
2020-04-19 22:00:00+00:00,697.0,1148.25
2020-04-19 23:00:00+00:00,597.75,1158.5
2020-04-20 00:00:00+00:00,514.0,1125.0
2020-04-20 01:00:00+00:00,470.5,1091.0
2020-04-20 02:00:00+00:00,449.75,1054.5
2020-04-20 03:00:00+00:00,495.0,1064.75
2020-04-20 04:00:00+00:00,640.0,1076.25
2020-04-20 05:00:00+00:00,651.75,1008.5
2020-04-20 06:00:00+00:00,476.0,898.0
2020-04-20 07:00:00+00:00,423.75,868.25
2020-04-20 08:00:00+00:00,460.5,897.25
2020-04-20 09:00:00+00:00,636.75,1024.0
2020-04-20 10:00:00+00:00,715.75,1097.5
2020-04-20 11:00:00+00:00,682.75,1191.5
2020-04-20 12:00:00+00:00,662.25,1202.5
2020-04-20 13:00:00+00:00,544.25,1255.25
2020-04-20 14:00:00+00:00,676.0,1432.5
2020-04-20 15:00:00+00:00,701.25,1455.75
2020-04-20 16:00:00+00:00,751.75,1453.75
2020-04-20 17:00:00+00:00,778.75,1360.75
2020-04-20 18:00:00+00:00,767.75,1348.75
2020-04-20 19:00:00+00:00,781.0,1339.5
2020-04-20 20:00:00+00:00,774.5,1287.5
2020-04-20 21:00:00+00:00,758.0,1276.5
2020-04-20 22:00:00+00:00,760.5,1254.75
2020-04-20 23:00:00+00:00,757.25,1196.75
2020-04-21 00:00:00+00:00,766.0,1219.25
2020-04-21 01:00:00+00:00,768.0,1237.25
2020-04-21 02:00:00+00:00,763.75,1251.75
2020-04-21 03:00:00+00:00,759.5,1198.25
2020-04-21 04:00:00+00:00,762.75,1263.25
2020-04-21 05:00:00+00:00,763.75,1257.0
2020-04-21 06:00:00+00:00,757.5,1193.25
2020-04-21 07:00:00+00:00,744.75,1172.5
2020-04-21 08:00:00+00:00,697.25,1261.5
2020-04-21 09:00:00+00:00,643.25,1305.5
2020-04-21 10:00:00+00:00,733.25,1378.75
2020-04-21 11:00:00+00:00,764.5,1391.0
2020-04-21 12:00:00+00:00,757.5,1355.5
2020-04-21 13:00:00+00:00,712.25,1378.75
2020-04-21 14:00:00+00:00,709.5,1387.75
2020-04-21 15:00:00+00:00,751.25,1452.5
2020-04-21 16:00:00+00:00,755.5,1421.25
2020-04-21 17:00:00+00:00,747.0,1237.5
2020-04-21 18:00:00+00:00,773.5,1228.0
2020-04-21 19:00:00+00:00,769.75,1243.25
2020-04-21 20:00:00+00:00,771.0,1276.25
2020-04-21 21:00:00+00:00,768.25,1192.0
2020-04-21 22:00:00+00:00,773.0,1132.75
2020-04-21 23:00:00+00:00,766.75,1098.0
2020-04-22 00:00:00+00:00,755.75,1121.5
2020-04-22 01:00:00+00:00,732.25,1086.25
2020-04-22 02:00:00+00:00,704.5,1106.25
2020-04-22 03:00:00+00:00,734.5,1057.25
2020-04-22 04:00:00+00:00,710.0,1067.0
2020-04-22 05:00:00+00:00,609.5,1038.5
2020-04-22 06:00:00+00:00,470.0,941.75
2020-04-22 07:00:00+00:00,462.25,813.25
2020-04-22 08:00:00+00:00,407.25,798.5
2020-04-22 09:00:00+00:00,477.25,945.5
2020-04-22 10:00:00+00:00,537.25,984.75
2020-04-22 11:00:00+00:00,681.5,990.0
2020-04-22 12:00:00+00:00,702.25,994.75
2020-04-22 13:00:00+00:00,698.75,1046.75
2020-04-22 14:00:00+00:00,642.5,1044.5
2020-04-22 15:00:00+00:00,655.5,1000.25
2020-04-22 16:00:00+00:00,715.0,1029.5
2020-04-22 17:00:00+00:00,717.25,854.0
2020-04-22 18:00:00+00:00,651.0,748.5
2020-04-22 19:00:00+00:00,650.0,744.0
2020-04-22 20:00:00+00:00,540.75,767.5
2020-04-22 21:00:00+00:00,449.25,786.75
2020-04-22 22:00:00+00:00,344.5,800.0
2020-04-22 23:00:00+00:00,294.75,832.25
2020-04-23 00:00:00+00:00,314.25,740.75
2020-04-23 01:00:00+00:00,300.25,627.5
2020-04-23 02:00:00+00:00,251.5,643.25
2020-04-23 03:00:00+00:00,212.75,605.0
2020-04-23 04:00:00+00:00,187.5,626.0
2020-04-23 05:00:00+00:00,176.5,531.0
2020-04-23 06:00:00+00:00,145.25,297.5
2020-04-23 07:00:00+00:00,104.25,163.0
2020-04-23 08:00:00+00:00,63.0,121.0
2020-04-23 09:00:00+00:00,30.0,107.5
2020-04-23 10:00:00+00:00,13.75,103.0
2020-04-23 11:00:00+00:00,18.25,97.25
2020-04-23 12:00:00+00:00,23.25,100.5
2020-04-23 13:00:00+00:00,23.0,95.25
2020-04-23 14:00:00+00:00,30.75,97.0
2020-04-23 15:00:00+00:00,39.0,131.25
2020-04-23 16:00:00+00:00,57.0,176.0
2020-04-23 17:00:00+00:00,93.0,223.5
2020-04-23 18:00:00+00:00,85.25,247.25
2020-04-23 19:00:00+00:00,81.0,271.25
2020-04-23 20:00:00+00:00,77.25,278.25
2020-04-23 21:00:00+00:00,60.5,261.75
2020-04-23 22:00:00+00:00,79.25,256.75
2020-04-23 23:00:00+00:00,97.0,233.75
2020-04-24 00:00:00+00:00,75.5,216.75
2020-04-24 01:00:00+00:00,65.25,247.25
2020-04-24 02:00:00+00:00,106.5,220.5
2020-04-24 03:00:00+00:00,107.0,230.0
2020-04-24 04:00:00+00:00,94.0,237.25
2020-04-24 05:00:00+00:00,135.25,211.25
2020-04-24 06:00:00+00:00,93.25,167.5
2020-04-24 07:00:00+00:00,118.5,133.5
2020-04-24 08:00:00+00:00,114.5,137.75
2020-04-24 09:00:00+00:00,180.25,186.0
2020-04-24 10:00:00+00:00,229.25,234.5
2020-04-24 11:00:00+00:00,268.75,301.0
2020-04-24 12:00:00+00:00,291.75,366.0
2020-04-24 13:00:00+00:00,261.5,394.25
2020-04-24 14:00:00+00:00,315.5,390.75
2020-04-24 15:00:00+00:00,300.5,406.75
2020-04-24 16:00:00+00:00,332.25,428.25
2020-04-24 17:00:00+00:00,375.0,428.0
2020-04-24 18:00:00+00:00,405.0,421.0
2020-04-24 19:00:00+00:00,405.5,427.25
2020-04-24 20:00:00+00:00,390.5,452.25
2020-04-24 21:00:00+00:00,388.5,457.75
2020-04-24 22:00:00+00:00,399.5,439.5
2020-04-24 23:00:00+00:00,389.75,402.5
2020-04-25 00:00:00+00:00,302.75,393.75
2020-04-25 01:00:00+00:00,223.75,341.0
2020-04-25 02:00:00+00:00,161.75,292.25
2020-04-25 03:00:00+00:00,138.25,237.0
2020-04-25 04:00:00+00:00,125.25,193.0
2020-04-25 05:00:00+00:00,98.0,178.75
2020-04-25 06:00:00+00:00,61.0,165.0
2020-04-25 07:00:00+00:00,44.0,134.0
2020-04-25 08:00:00+00:00,33.0,112.25
2020-04-25 09:00:00+00:00,30.75,113.0
2020-04-25 10:00:00+00:00,31.25,112.25
2020-04-25 11:00:00+00:00,35.0,119.75
2020-04-25 12:00:00+00:00,25.0,147.0
2020-04-25 13:00:00+00:00,36.25,188.25
2020-04-25 14:00:00+00:00,51.25,217.25
2020-04-25 15:00:00+00:00,58.5,257.0
2020-04-25 16:00:00+00:00,53.25,348.5
2020-04-25 17:00:00+00:00,48.75,382.75
2020-04-25 18:00:00+00:00,55.5,380.0
2020-04-25 19:00:00+00:00,47.0,325.5
2020-04-25 20:00:00+00:00,33.75,268.25
2020-04-25 21:00:00+00:00,32.5,214.75
2020-04-25 22:00:00+00:00,24.0,185.5
2020-04-25 23:00:00+00:00,20.5,170.25
2020-04-26 00:00:00+00:00,4.25,158.75
2020-04-26 01:00:00+00:00,4.0,141.75
2020-04-26 02:00:00+00:00,1.0,122.75
2020-04-26 03:00:00+00:00,3.0,110.75
2020-04-26 04:00:00+00:00,0.75,102.0
2020-04-26 05:00:00+00:00,2.5,93.5
2020-04-26 06:00:00+00:00,0.0,87.25
2020-04-26 07:00:00+00:00,3.75,84.0
2020-04-26 08:00:00+00:00,1.25,80.25
2020-04-26 09:00:00+00:00,0.0,83.0
2020-04-26 10:00:00+00:00,0.0,84.0
2020-04-26 11:00:00+00:00,0.25,85.75
2020-04-26 12:00:00+00:00,17.5,93.25
2020-04-26 13:00:00+00:00,16.75,99.75
2020-04-26 14:00:00+00:00,15.25,113.0
2020-04-26 15:00:00+00:00,6.0,115.75
2020-04-26 16:00:00+00:00,4.75,105.5
2020-04-26 17:00:00+00:00,11.25,97.0
2020-04-26 18:00:00+00:00,24.5,87.5
2020-04-26 19:00:00+00:00,40.25,85.75
2020-04-26 20:00:00+00:00,61.25,84.25
2020-04-26 21:00:00+00:00,62.25,82.5
2020-04-26 22:00:00+00:00,94.25,84.75
2020-04-26 23:00:00+00:00,113.25,97.25
2020-04-27 00:00:00+00:00,137.0,119.0
2020-04-27 01:00:00+00:00,195.0,139.75
2020-04-27 02:00:00+00:00,217.75,184.25
2020-04-27 03:00:00+00:00,237.25,204.25
2020-04-27 04:00:00+00:00,250.5,208.5
2020-04-27 05:00:00+00:00,261.5,224.0
2020-04-27 06:00:00+00:00,280.0,202.25
2020-04-27 07:00:00+00:00,446.25,140.5
2020-04-27 08:00:00+00:00,290.75,131.5
2020-04-27 09:00:00+00:00,139.0,143.5
2020-04-27 10:00:00+00:00,115.0,154.5
2020-04-27 11:00:00+00:00,46.25,175.5
2020-04-27 12:00:00+00:00,55.25,190.0
2020-04-27 13:00:00+00:00,46.5,199.5
2020-04-27 14:00:00+00:00,44.0,203.75
2020-04-27 15:00:00+00:00,57.0,221.25
2020-04-27 16:00:00+00:00,58.75,250.0
2020-04-27 17:00:00+00:00,108.75,221.5
2020-04-27 18:00:00+00:00,136.75,216.0
2020-04-27 19:00:00+00:00,140.75,207.75
2020-04-27 20:00:00+00:00,127.25,217.75
2020-04-27 21:00:00+00:00,84.25,240.5
2020-04-27 22:00:00+00:00,59.0,238.25
2020-04-27 23:00:00+00:00,40.0,249.5
2020-04-28 00:00:00+00:00,36.0,249.0
2020-04-28 01:00:00+00:00,51.75,252.5
2020-04-28 02:00:00+00:00,69.25,255.5
2020-04-28 03:00:00+00:00,58.5,243.5
2020-04-28 04:00:00+00:00,78.25,261.5
2020-04-28 05:00:00+00:00,65.75,321.25
2020-04-28 06:00:00+00:00,49.25,374.75
2020-04-28 07:00:00+00:00,110.0,339.0
2020-04-28 08:00:00+00:00,136.25,307.5
2020-04-28 09:00:00+00:00,137.25,321.75
2020-04-28 10:00:00+00:00,91.75,347.5
2020-04-28 11:00:00+00:00,146.25,404.0
2020-04-28 12:00:00+00:00,161.5,417.0
2020-04-28 13:00:00+00:00,171.25,399.75
2020-04-28 14:00:00+00:00,165.25,317.75
2020-04-28 15:00:00+00:00,138.75,334.25
2020-04-28 16:00:00+00:00,135.75,341.5
2020-04-28 17:00:00+00:00,145.25,314.5
2020-04-28 18:00:00+00:00,124.0,355.0
2020-04-28 19:00:00+00:00,111.75,284.0
2020-04-28 20:00:00+00:00,98.0,251.25
2020-04-28 21:00:00+00:00,122.75,205.75
2020-04-28 22:00:00+00:00,155.0,187.0
2020-04-28 23:00:00+00:00,152.25,225.75
2020-04-29 00:00:00+00:00,118.25,230.75
2020-04-29 01:00:00+00:00,86.0,253.5
2020-04-29 02:00:00+00:00,60.5,255.5
2020-04-29 03:00:00+00:00,49.25,254.5
2020-04-29 04:00:00+00:00,56.0,227.75
2020-04-29 05:00:00+00:00,38.5,211.25
2020-04-29 06:00:00+00:00,39.75,208.5
2020-04-29 07:00:00+00:00,37.0,251.75
2020-04-29 08:00:00+00:00,14.5,330.5
2020-04-29 09:00:00+00:00,4.25,331.0
2020-04-29 10:00:00+00:00,25.0,370.0
2020-04-29 11:00:00+00:00,34.0,435.75
2020-04-29 12:00:00+00:00,30.25,486.0
2020-04-29 13:00:00+00:00,27.0,469.75
2020-04-29 14:00:00+00:00,7.0,395.5
2020-04-29 15:00:00+00:00,2.25,296.5
2020-04-29 16:00:00+00:00,3.0,350.0
2020-04-29 17:00:00+00:00,12.75,410.0
2020-04-29 18:00:00+00:00,70.25,460.25
2020-04-29 19:00:00+00:00,104.75,538.5
2020-04-29 20:00:00+00:00,260.5,550.5
2020-04-29 21:00:00+00:00,352.5,733.0
2020-04-29 22:00:00+00:00,514.75,953.5
2020-04-29 23:00:00+00:00,750.0,823.0
2020-04-30 00:00:00+00:00,764.25,849.5
2020-04-30 01:00:00+00:00,736.5,837.25
2020-04-30 02:00:00+00:00,763.25,784.25
2020-04-30 03:00:00+00:00,773.25,749.25
2020-04-30 04:00:00+00:00,779.5,700.25
2020-04-30 05:00:00+00:00,778.75,768.0
2020-04-30 06:00:00+00:00,671.75,786.5
2020-04-30 07:00:00+00:00,688.25,909.0
2020-04-30 08:00:00+00:00,703.25,1132.75
2020-04-30 09:00:00+00:00,661.5,1048.75
2020-04-30 10:00:00+00:00,663.5,1049.75
2020-04-30 11:00:00+00:00,710.75,925.75
2020-04-30 12:00:00+00:00,695.75,796.0
2020-04-30 13:00:00+00:00,597.75,655.0
2020-04-30 14:00:00+00:00,534.25,593.75
2020-04-30 15:00:00+00:00,391.5,595.0
2020-04-30 16:00:00+00:00,236.5,574.0
2020-04-30 17:00:00+00:00,238.25,502.5
2020-04-30 18:00:00+00:00,235.0,648.5
2020-04-30 19:00:00+00:00,200.25,855.5
2020-04-30 20:00:00+00:00,424.75,1016.75
2020-04-30 21:00:00+00:00,675.25,894.5
2020-04-30 22:00:00+00:00,744.75,1027.5
2020-04-30 23:00:00+00:00,461.75,1103.0
2020-05-01 00:00:00+00:00,419.0,1033.25
2020-05-01 01:00:00+00:00,601.75,969.0
2020-05-01 02:00:00+00:00,566.5,985.25
2020-05-01 03:00:00+00:00,448.0,978.0
2020-05-01 04:00:00+00:00,355.75,945.0
2020-05-01 05:00:00+00:00,498.5,943.0
2020-05-01 06:00:00+00:00,489.0,944.0
2020-05-01 07:00:00+00:00,396.25,950.5
2020-05-01 08:00:00+00:00,272.5,909.75
2020-05-01 09:00:00+00:00,419.5,1077.75
2020-05-01 10:00:00+00:00,622.0,1119.5
2020-05-01 11:00:00+00:00,331.0,936.0
2020-05-01 12:00:00+00:00,271.0,849.75
2020-05-01 13:00:00+00:00,192.75,920.25
2020-05-01 14:00:00+00:00,234.25,1066.0
2020-05-01 15:00:00+00:00,265.0,1057.0
2020-05-01 16:00:00+00:00,259.75,997.0
2020-05-01 17:00:00+00:00,244.25,766.75
2020-05-01 18:00:00+00:00,261.75,594.75
2020-05-01 19:00:00+00:00,279.75,557.0
2020-05-01 20:00:00+00:00,399.0,526.25
2020-05-01 21:00:00+00:00,423.0,554.75
2020-05-01 22:00:00+00:00,225.25,617.25
2020-05-01 23:00:00+00:00,252.75,682.5
2020-05-02 00:00:00+00:00,280.0,608.25
2020-05-02 01:00:00+00:00,250.25,562.25
2020-05-02 02:00:00+00:00,224.0,556.5
2020-05-02 03:00:00+00:00,285.0,583.75
2020-05-02 04:00:00+00:00,366.5,501.0
2020-05-02 05:00:00+00:00,389.5,566.75
2020-05-02 06:00:00+00:00,336.75,694.25
2020-05-02 07:00:00+00:00,352.0,550.0
2020-05-02 08:00:00+00:00,296.5,717.25
2020-05-02 09:00:00+00:00,202.75,776.5
2020-05-02 10:00:00+00:00,221.5,759.25
2020-05-02 11:00:00+00:00,221.5,752.0
2020-05-02 12:00:00+00:00,381.5,793.25
2020-05-02 13:00:00+00:00,441.25,764.0
2020-05-02 14:00:00+00:00,407.25,767.0
2020-05-02 15:00:00+00:00,242.75,721.75
2020-05-02 16:00:00+00:00,196.25,543.75
2020-05-02 17:00:00+00:00,162.0,383.25
2020-05-02 18:00:00+00:00,127.75,291.25
2020-05-02 19:00:00+00:00,162.5,262.75
2020-05-02 20:00:00+00:00,175.5,345.5
2020-05-02 21:00:00+00:00,152.5,377.0
2020-05-02 22:00:00+00:00,161.75,400.0
2020-05-02 23:00:00+00:00,97.75,385.25
2020-05-03 00:00:00+00:00,38.5,359.25
2020-05-03 01:00:00+00:00,22.25,370.5
2020-05-03 02:00:00+00:00,27.0,360.25
2020-05-03 03:00:00+00:00,18.75,327.0
2020-05-03 04:00:00+00:00,12.0,252.75
2020-05-03 05:00:00+00:00,11.25,169.5
2020-05-03 06:00:00+00:00,15.5,125.5
2020-05-03 07:00:00+00:00,19.25,105.75
2020-05-03 08:00:00+00:00,19.5,98.0
2020-05-03 09:00:00+00:00,29.25,105.0
2020-05-03 10:00:00+00:00,41.75,110.0
2020-05-03 11:00:00+00:00,5.0,108.0
2020-05-03 12:00:00+00:00,0.0,99.75
2020-05-03 13:00:00+00:00,0.0,122.25
2020-05-03 14:00:00+00:00,0.0,141.25
2020-05-03 15:00:00+00:00,1.25,101.5
2020-05-03 16:00:00+00:00,4.25,97.0
2020-05-03 17:00:00+00:00,4.75,95.75
2020-05-03 18:00:00+00:00,17.75,104.5
2020-05-03 19:00:00+00:00,50.0,146.75
2020-05-03 20:00:00+00:00,58.25,217.75
2020-05-03 21:00:00+00:00,52.25,252.75
2020-05-03 22:00:00+00:00,46.25,293.75
2020-05-03 23:00:00+00:00,46.0,299.0
2020-05-04 00:00:00+00:00,51.75,305.25
2020-05-04 01:00:00+00:00,54.0,316.25
2020-05-04 02:00:00+00:00,71.5,310.0
2020-05-04 03:00:00+00:00,82.5,304.25
2020-05-04 04:00:00+00:00,104.25,285.75
2020-05-04 05:00:00+00:00,136.5,272.0
2020-05-04 06:00:00+00:00,141.0,242.75
2020-05-04 07:00:00+00:00,108.5,243.25
2020-05-04 08:00:00+00:00,95.25,219.75
2020-05-04 09:00:00+00:00,84.0,210.25
2020-05-04 10:00:00+00:00,116.5,240.25
2020-05-04 11:00:00+00:00,122.5,264.5
2020-05-04 12:00:00+00:00,205.5,318.75
2020-05-04 13:00:00+00:00,236.0,394.5
2020-05-04 14:00:00+00:00,337.0,463.25
2020-05-04 15:00:00+00:00,372.5,542.25
2020-05-04 16:00:00+00:00,403.5,568.5
2020-05-04 17:00:00+00:00,442.5,588.25
2020-05-04 18:00:00+00:00,490.75,640.25
2020-05-04 19:00:00+00:00,487.75,694.0
2020-05-04 20:00:00+00:00,453.25,583.0
2020-05-04 21:00:00+00:00,445.5,522.5
2020-05-04 22:00:00+00:00,387.5,459.75
2020-05-04 23:00:00+00:00,355.25,513.25
2020-05-05 00:00:00+00:00,356.0,518.5
2020-05-05 01:00:00+00:00,379.25,462.0
2020-05-05 02:00:00+00:00,308.75,479.0
2020-05-05 03:00:00+00:00,275.75,456.5
2020-05-05 04:00:00+00:00,237.75,455.0
2020-05-05 05:00:00+00:00,264.5,398.0
2020-05-05 06:00:00+00:00,217.25,438.0
2020-05-05 07:00:00+00:00,252.75,508.75
2020-05-05 08:00:00+00:00,244.75,435.75
2020-05-05 09:00:00+00:00,212.75,402.5
2020-05-05 10:00:00+00:00,187.75,342.5
2020-05-05 11:00:00+00:00,216.5,323.0
2020-05-05 12:00:00+00:00,202.0,337.0
2020-05-05 13:00:00+00:00,169.0,334.5
2020-05-05 14:00:00+00:00,185.0,365.75
2020-05-05 15:00:00+00:00,230.25,364.25
2020-05-05 16:00:00+00:00,317.0,392.25
2020-05-05 17:00:00+00:00,360.75,467.25
2020-05-05 18:00:00+00:00,373.0,531.25
2020-05-05 19:00:00+00:00,342.25,592.25
2020-05-05 20:00:00+00:00,312.75,582.25
2020-05-05 21:00:00+00:00,223.75,496.5
2020-05-05 22:00:00+00:00,180.0,463.75
2020-05-05 23:00:00+00:00,122.75,420.25
2020-05-06 00:00:00+00:00,99.0,394.0
2020-05-06 01:00:00+00:00,91.5,374.25
2020-05-06 02:00:00+00:00,86.5,310.0
2020-05-06 03:00:00+00:00,92.5,260.75
2020-05-06 04:00:00+00:00,78.5,239.0
2020-05-06 05:00:00+00:00,53.0,194.25
2020-05-06 06:00:00+00:00,13.0,126.0
2020-05-06 07:00:00+00:00,6.25,99.5
2020-05-06 08:00:00+00:00,4.0,84.5
2020-05-06 09:00:00+00:00,11.5,90.75
2020-05-06 10:00:00+00:00,19.5,99.0
2020-05-06 11:00:00+00:00,39.0,115.0
2020-05-06 12:00:00+00:00,60.5,169.0
2020-05-06 13:00:00+00:00,67.5,233.5
2020-05-06 14:00:00+00:00,115.0,269.0
2020-05-06 15:00:00+00:00,107.5,299.0
2020-05-06 16:00:00+00:00,146.0,298.25
2020-05-06 17:00:00+00:00,143.25,274.0
2020-05-06 18:00:00+00:00,135.5,290.25
2020-05-06 19:00:00+00:00,100.0,326.25
2020-05-06 20:00:00+00:00,100.25,255.5
2020-05-06 21:00:00+00:00,101.5,221.0
2020-05-06 22:00:00+00:00,93.75,190.0
2020-05-06 23:00:00+00:00,69.75,163.0
2020-05-07 00:00:00+00:00,40.5,152.0
2020-05-07 01:00:00+00:00,29.0,151.5
2020-05-07 02:00:00+00:00,33.25,133.75
2020-05-07 03:00:00+00:00,36.0,129.0
2020-05-07 04:00:00+00:00,35.75,140.75
2020-05-07 05:00:00+00:00,33.0,132.25
2020-05-07 06:00:00+00:00,40.0,98.75
2020-05-07 07:00:00+00:00,8.0,76.25
2020-05-07 08:00:00+00:00,0.0,69.75
2020-05-07 09:00:00+00:00,0.0,53.75
2020-05-07 10:00:00+00:00,0.0,42.25
2020-05-07 11:00:00+00:00,0.0,45.25
2020-05-07 12:00:00+00:00,0.0,49.5
2020-05-07 13:00:00+00:00,0.0,54.75
2020-05-07 14:00:00+00:00,0.0,66.25
2020-05-07 15:00:00+00:00,0.25,88.0
2020-05-07 16:00:00+00:00,0.0,97.75
2020-05-07 17:00:00+00:00,0.5,75.0
2020-05-07 18:00:00+00:00,4.75,67.0
2020-05-07 19:00:00+00:00,2.25,72.0
2020-05-07 20:00:00+00:00,1.0,68.75
2020-05-07 21:00:00+00:00,0.0,66.0
2020-05-07 22:00:00+00:00,0.0,73.0
2020-05-07 23:00:00+00:00,0.0,72.5
2020-05-08 00:00:00+00:00,0.0,68.75
2020-05-08 01:00:00+00:00,3.0,64.0
2020-05-08 02:00:00+00:00,1.75,58.5
2020-05-08 03:00:00+00:00,2.75,57.0
2020-05-08 04:00:00+00:00,7.0,58.0
2020-05-08 05:00:00+00:00,18.5,55.75
2020-05-08 06:00:00+00:00,55.25,54.5
2020-05-08 07:00:00+00:00,54.25,53.5
2020-05-08 08:00:00+00:00,46.75,53.25
2020-05-08 09:00:00+00:00,59.25,54.5
2020-05-08 10:00:00+00:00,71.0,55.0
2020-05-08 11:00:00+00:00,76.0,55.0
2020-05-08 12:00:00+00:00,77.25,60.0
2020-05-08 13:00:00+00:00,46.25,64.5
2020-05-08 14:00:00+00:00,52.75,67.25
2020-05-08 15:00:00+00:00,64.5,72.0
2020-05-08 16:00:00+00:00,28.0,89.0
2020-05-08 17:00:00+00:00,18.5,97.0
2020-05-08 18:00:00+00:00,14.5,104.0
2020-05-08 19:00:00+00:00,19.0,138.75
2020-05-08 20:00:00+00:00,23.75,222.75
2020-05-08 21:00:00+00:00,19.5,293.75
2020-05-08 22:00:00+00:00,21.75,310.75
2020-05-08 23:00:00+00:00,43.5,301.25
2020-05-09 00:00:00+00:00,40.75,281.5
2020-05-09 01:00:00+00:00,39.0,280.75
2020-05-09 02:00:00+00:00,26.0,281.75
2020-05-09 03:00:00+00:00,15.5,227.25
2020-05-09 04:00:00+00:00,11.0,185.75
2020-05-09 05:00:00+00:00,8.25,172.25
2020-05-09 06:00:00+00:00,4.75,155.25
2020-05-09 07:00:00+00:00,4.25,124.25
2020-05-09 08:00:00+00:00,4.0,143.5
2020-05-09 09:00:00+00:00,7.25,218.75
2020-05-09 10:00:00+00:00,8.5,243.0
2020-05-09 11:00:00+00:00,17.5,232.0
2020-05-09 12:00:00+00:00,41.25,229.0
2020-05-09 13:00:00+00:00,79.25,228.75
2020-05-09 14:00:00+00:00,110.25,234.25
2020-05-09 15:00:00+00:00,120.5,277.0
2020-05-09 16:00:00+00:00,138.25,319.75
2020-05-09 17:00:00+00:00,188.25,377.5
2020-05-09 18:00:00+00:00,206.25,438.25
2020-05-09 19:00:00+00:00,202.25,507.25
2020-05-09 20:00:00+00:00,168.75,568.25
2020-05-09 21:00:00+00:00,148.0,610.75
2020-05-09 22:00:00+00:00,131.5,547.25
2020-05-09 23:00:00+00:00,121.0,471.0
2020-05-10 00:00:00+00:00,121.25,389.5
2020-05-10 01:00:00+00:00,98.75,349.5
2020-05-10 02:00:00+00:00,68.25,266.0
2020-05-10 03:00:00+00:00,37.25,177.75
2020-05-10 04:00:00+00:00,20.75,137.5
2020-05-10 05:00:00+00:00,31.25,103.25
2020-05-10 06:00:00+00:00,95.0,86.25
2020-05-10 07:00:00+00:00,65.5,88.0
2020-05-10 08:00:00+00:00,92.75,108.75
2020-05-10 09:00:00+00:00,402.5,186.5
2020-05-10 10:00:00+00:00,619.75,420.25
2020-05-10 11:00:00+00:00,741.75,690.5
2020-05-10 12:00:00+00:00,849.25,995.75
2020-05-10 13:00:00+00:00,846.75,1300.25
2020-05-10 14:00:00+00:00,852.75,1445.5
2020-05-10 15:00:00+00:00,850.75,1527.5
2020-05-10 16:00:00+00:00,846.0,1595.0
2020-05-10 17:00:00+00:00,840.5,1587.5
2020-05-10 18:00:00+00:00,851.25,1615.25
2020-05-10 19:00:00+00:00,849.75,1592.0
2020-05-10 20:00:00+00:00,848.0,1536.75
2020-05-10 21:00:00+00:00,838.75,1484.5
2020-05-10 22:00:00+00:00,846.5,1486.0
2020-05-10 23:00:00+00:00,846.5,1465.75
2020-05-11 00:00:00+00:00,848.0,1425.0
2020-05-11 01:00:00+00:00,847.0,1397.75
2020-05-11 02:00:00+00:00,843.75,1401.25
2020-05-11 03:00:00+00:00,820.75,1332.0
2020-05-11 04:00:00+00:00,847.5,1371.25
2020-05-11 05:00:00+00:00,846.0,1441.5
2020-05-11 06:00:00+00:00,847.75,1476.0
2020-05-11 07:00:00+00:00,845.5,1447.25
2020-05-11 08:00:00+00:00,849.25,1450.75
2020-05-11 09:00:00+00:00,847.75,1482.75
2020-05-11 10:00:00+00:00,847.0,1452.25
2020-05-11 11:00:00+00:00,847.0,1449.5
2020-05-11 12:00:00+00:00,848.5,1458.25
2020-05-11 13:00:00+00:00,838.75,1407.25
2020-05-11 14:00:00+00:00,766.5,1362.0
2020-05-11 15:00:00+00:00,830.5,1437.25
2020-05-11 16:00:00+00:00,804.0,1403.0
2020-05-11 17:00:00+00:00,503.5,1308.75
2020-05-11 18:00:00+00:00,667.25,1130.25
2020-05-11 19:00:00+00:00,669.0,978.75
2020-05-11 20:00:00+00:00,695.25,760.0
2020-05-11 21:00:00+00:00,650.0,598.0
2020-05-11 22:00:00+00:00,536.5,481.5
2020-05-11 23:00:00+00:00,500.75,351.0
2020-05-12 00:00:00+00:00,475.0,268.0
2020-05-12 01:00:00+00:00,407.75,245.0
2020-05-12 02:00:00+00:00,334.75,224.0
2020-05-12 03:00:00+00:00,257.0,176.5
2020-05-12 04:00:00+00:00,277.0,125.5
2020-05-12 05:00:00+00:00,368.25,125.5
2020-05-12 06:00:00+00:00,509.25,163.5
2020-05-12 07:00:00+00:00,589.5,207.5
2020-05-12 08:00:00+00:00,623.0,220.5
2020-05-12 09:00:00+00:00,600.0,343.5
2020-05-12 10:00:00+00:00,545.0,327.75
2020-05-12 11:00:00+00:00,527.0,293.5
2020-05-12 12:00:00+00:00,460.25,304.75
2020-05-12 13:00:00+00:00,361.5,338.25
2020-05-12 14:00:00+00:00,433.5,387.0
2020-05-12 15:00:00+00:00,223.0,401.5
2020-05-12 16:00:00+00:00,380.75,435.75
2020-05-12 17:00:00+00:00,392.0,368.5
2020-05-12 18:00:00+00:00,286.75,413.25
2020-05-12 19:00:00+00:00,332.0,416.25
2020-05-12 20:00:00+00:00,315.5,351.25
2020-05-12 21:00:00+00:00,290.25,302.0
2020-05-12 22:00:00+00:00,317.75,273.75
2020-05-12 23:00:00+00:00,358.5,268.25
2020-05-13 00:00:00+00:00,296.75,262.5
2020-05-13 01:00:00+00:00,442.0,287.25
2020-05-13 02:00:00+00:00,345.5,278.75
2020-05-13 03:00:00+00:00,361.25,299.5
2020-05-13 04:00:00+00:00,484.0,289.25
2020-05-13 05:00:00+00:00,710.5,286.25
2020-05-13 06:00:00+00:00,670.0,238.75
2020-05-13 07:00:00+00:00,597.5,327.25
2020-05-13 08:00:00+00:00,515.75,438.0
2020-05-13 09:00:00+00:00,469.5,511.75
2020-05-13 10:00:00+00:00,482.25,532.5
2020-05-13 11:00:00+00:00,519.25,635.5
2020-05-13 12:00:00+00:00,554.75,704.25
2020-05-13 13:00:00+00:00,557.0,798.75
2020-05-13 14:00:00+00:00,639.0,886.75
2020-05-13 15:00:00+00:00,741.0,978.25
2020-05-13 16:00:00+00:00,743.75,994.25
2020-05-13 17:00:00+00:00,794.0,1070.75
2020-05-13 18:00:00+00:00,743.5,1032.25
2020-05-13 19:00:00+00:00,630.75,923.75
2020-05-13 20:00:00+00:00,569.5,786.5
2020-05-13 21:00:00+00:00,498.5,723.5
2020-05-13 22:00:00+00:00,437.0,631.0
2020-05-13 23:00:00+00:00,369.75,570.25
2020-05-14 00:00:00+00:00,322.5,498.0
2020-05-14 01:00:00+00:00,357.5,460.75
2020-05-14 02:00:00+00:00,301.5,417.0
2020-05-14 03:00:00+00:00,262.5,362.5
2020-05-14 04:00:00+00:00,308.75,350.75
2020-05-14 05:00:00+00:00,277.5,273.75
2020-05-14 06:00:00+00:00,194.25,257.75
2020-05-14 07:00:00+00:00,182.0,297.5
2020-05-14 08:00:00+00:00,146.5,270.5
2020-05-14 09:00:00+00:00,97.5,264.75
2020-05-14 10:00:00+00:00,82.0,279.0
2020-05-14 11:00:00+00:00,93.0,305.5
2020-05-14 12:00:00+00:00,111.25,415.5
2020-05-14 13:00:00+00:00,131.25,532.0
2020-05-14 14:00:00+00:00,142.25,620.25
2020-05-14 15:00:00+00:00,173.75,660.5
2020-05-14 16:00:00+00:00,152.25,669.0
2020-05-14 17:00:00+00:00,159.75,637.0
2020-05-14 18:00:00+00:00,139.25,575.0
2020-05-14 19:00:00+00:00,112.75,465.25
2020-05-14 20:00:00+00:00,79.0,415.0
2020-05-14 21:00:00+00:00,64.5,381.0
2020-05-14 22:00:00+00:00,83.0,342.25
2020-05-14 23:00:00+00:00,109.75,299.5
2020-05-15 00:00:00+00:00,132.75,260.5
2020-05-15 01:00:00+00:00,182.0,255.25
2020-05-15 02:00:00+00:00,216.25,237.75
2020-05-15 03:00:00+00:00,347.25,216.75
2020-05-15 04:00:00+00:00,364.75,150.75
2020-05-15 05:00:00+00:00,295.25,95.5
2020-05-15 06:00:00+00:00,250.75,78.0
2020-05-15 07:00:00+00:00,176.75,75.5
2020-05-15 08:00:00+00:00,143.5,129.0
2020-05-15 09:00:00+00:00,133.25,148.0
2020-05-15 10:00:00+00:00,143.0,167.0
2020-05-15 11:00:00+00:00,184.25,186.0
2020-05-15 12:00:00+00:00,250.75,236.75
2020-05-15 13:00:00+00:00,292.25,296.0
2020-05-15 14:00:00+00:00,303.25,314.25
2020-05-15 15:00:00+00:00,260.25,323.25
2020-05-15 16:00:00+00:00,293.75,270.25
2020-05-15 17:00:00+00:00,202.0,207.75
2020-05-15 18:00:00+00:00,171.25,140.25
2020-05-15 19:00:00+00:00,153.25,134.5
2020-05-15 20:00:00+00:00,229.0,154.5
2020-05-15 21:00:00+00:00,265.75,164.75
2020-05-15 22:00:00+00:00,247.5,156.25
2020-05-15 23:00:00+00:00,212.5,166.0
2020-05-16 00:00:00+00:00,212.5,227.0
2020-05-16 01:00:00+00:00,227.5,241.25
2020-05-16 02:00:00+00:00,227.5,284.25
2020-05-16 03:00:00+00:00,246.5,325.0
2020-05-16 04:00:00+00:00,236.0,374.25
2020-05-16 05:00:00+00:00,218.25,358.25
2020-05-16 06:00:00+00:00,259.75,368.0
2020-05-16 07:00:00+00:00,242.0,430.0
2020-05-16 08:00:00+00:00,206.5,469.25
2020-05-16 09:00:00+00:00,204.5,522.5
2020-05-16 10:00:00+00:00,205.75,559.5
2020-05-16 11:00:00+00:00,146.5,631.5
2020-05-16 12:00:00+00:00,156.5,610.0
2020-05-16 13:00:00+00:00,186.25,584.75
2020-05-16 14:00:00+00:00,193.75,535.0
2020-05-16 15:00:00+00:00,199.25,515.0
2020-05-16 16:00:00+00:00,176.25,455.25
2020-05-16 17:00:00+00:00,200.75,312.5
2020-05-16 18:00:00+00:00,186.25,264.5
2020-05-16 19:00:00+00:00,130.75,242.5
2020-05-16 20:00:00+00:00,137.5,201.0
2020-05-16 21:00:00+00:00,202.75,205.25
2020-05-16 22:00:00+00:00,206.0,194.5
2020-05-16 23:00:00+00:00,242.75,189.25
2020-05-17 00:00:00+00:00,210.5,193.5
2020-05-17 01:00:00+00:00,186.5,176.75
2020-05-17 02:00:00+00:00,193.5,171.5
2020-05-17 03:00:00+00:00,264.75,197.0
2020-05-17 04:00:00+00:00,233.25,219.75
2020-05-17 05:00:00+00:00,211.0,207.0
2020-05-17 06:00:00+00:00,192.75,168.5
2020-05-17 07:00:00+00:00,174.75,213.0
2020-05-17 08:00:00+00:00,146.0,290.25
2020-05-17 09:00:00+00:00,190.25,375.5
2020-05-17 10:00:00+00:00,208.25,357.0
2020-05-17 11:00:00+00:00,259.0,405.75
2020-05-17 12:00:00+00:00,304.25,423.0
2020-05-17 13:00:00+00:00,370.75,384.5
2020-05-17 14:00:00+00:00,357.25,363.0
2020-05-17 15:00:00+00:00,366.5,310.5
2020-05-17 16:00:00+00:00,365.25,315.75
2020-05-17 17:00:00+00:00,297.5,316.5
2020-05-17 18:00:00+00:00,383.5,216.5
2020-05-17 19:00:00+00:00,412.5,174.75
2020-05-17 20:00:00+00:00,417.75,189.0
2020-05-17 21:00:00+00:00,558.75,301.75
2020-05-17 22:00:00+00:00,585.5,352.25
2020-05-17 23:00:00+00:00,549.75,377.0
2020-05-18 00:00:00+00:00,555.0,415.0
2020-05-18 01:00:00+00:00,442.75,418.75
2020-05-18 02:00:00+00:00,356.5,421.25
2020-05-18 03:00:00+00:00,302.5,414.75
2020-05-18 04:00:00+00:00,265.0,373.75
2020-05-18 05:00:00+00:00,240.25,343.75
2020-05-18 06:00:00+00:00,238.5,316.5
2020-05-18 07:00:00+00:00,299.75,301.75
2020-05-18 08:00:00+00:00,293.25,358.75
2020-05-18 09:00:00+00:00,314.5,418.75
2020-05-18 10:00:00+00:00,252.75,410.75
2020-05-18 11:00:00+00:00,263.25,542.75
2020-05-18 12:00:00+00:00,231.0,620.25
2020-05-18 13:00:00+00:00,262.25,614.25
2020-05-18 14:00:00+00:00,316.0,653.0
2020-05-18 15:00:00+00:00,356.25,516.0
2020-05-18 16:00:00+00:00,344.75,375.0
2020-05-18 17:00:00+00:00,331.0,302.5
2020-05-18 18:00:00+00:00,251.25,288.5
2020-05-18 19:00:00+00:00,240.0,303.5
2020-05-18 20:00:00+00:00,207.5,306.75
2020-05-18 21:00:00+00:00,158.0,290.25
2020-05-18 22:00:00+00:00,162.5,263.5
2020-05-18 23:00:00+00:00,191.75,246.5
2020-05-19 00:00:00+00:00,200.25,226.0
2020-05-19 01:00:00+00:00,213.75,191.5
2020-05-19 02:00:00+00:00,214.75,154.75
2020-05-19 03:00:00+00:00,251.25,137.0
2020-05-19 04:00:00+00:00,303.0,129.5
2020-05-19 05:00:00+00:00,277.75,116.25
2020-05-19 06:00:00+00:00,302.75,118.0
2020-05-19 07:00:00+00:00,221.5,126.75
2020-05-19 08:00:00+00:00,177.75,123.75
2020-05-19 09:00:00+00:00,83.75,122.75
2020-05-19 10:00:00+00:00,43.75,136.75
2020-05-19 11:00:00+00:00,36.75,154.5
2020-05-19 12:00:00+00:00,21.0,171.25
2020-05-19 13:00:00+00:00,18.75,204.0
2020-05-19 14:00:00+00:00,8.5,254.25
2020-05-19 15:00:00+00:00,1.25,275.25
2020-05-19 16:00:00+00:00,1.5,242.25
2020-05-19 17:00:00+00:00,1.75,198.25
2020-05-19 18:00:00+00:00,5.25,142.5
2020-05-19 19:00:00+00:00,13.75,136.75
2020-05-19 20:00:00+00:00,3.25,118.5
2020-05-19 21:00:00+00:00,4.0,105.75
2020-05-19 22:00:00+00:00,0.0,102.0
2020-05-19 23:00:00+00:00,0.5,98.0
2020-05-20 00:00:00+00:00,1.25,94.75
2020-05-20 01:00:00+00:00,2.0,95.0
2020-05-20 02:00:00+00:00,3.25,94.0
2020-05-20 03:00:00+00:00,4.5,90.0
2020-05-20 04:00:00+00:00,5.0,92.75
2020-05-20 05:00:00+00:00,5.5,86.25
2020-05-20 06:00:00+00:00,7.0,83.25
2020-05-20 07:00:00+00:00,6.5,82.0
2020-05-20 08:00:00+00:00,4.25,82.5
2020-05-20 09:00:00+00:00,1.0,86.0
2020-05-20 10:00:00+00:00,1.5,90.5
2020-05-20 11:00:00+00:00,0.75,94.5
2020-05-20 12:00:00+00:00,0.5,95.25
2020-05-20 13:00:00+00:00,0.5,101.75
2020-05-20 14:00:00+00:00,0.0,104.75
2020-05-20 15:00:00+00:00,2.0,110.0
2020-05-20 16:00:00+00:00,5.75,119.5
2020-05-20 17:00:00+00:00,13.5,124.0
2020-05-20 18:00:00+00:00,35.75,119.0
2020-05-20 19:00:00+00:00,48.25,137.0
2020-05-20 20:00:00+00:00,64.5,172.0
2020-05-20 21:00:00+00:00,78.0,236.75
2020-05-20 22:00:00+00:00,107.75,270.75
2020-05-20 23:00:00+00:00,121.75,298.0
2020-05-21 00:00:00+00:00,145.75,309.5
2020-05-21 01:00:00+00:00,151.25,313.0
2020-05-21 02:00:00+00:00,136.25,301.5
2020-05-21 03:00:00+00:00,147.5,257.0
2020-05-21 04:00:00+00:00,174.75,228.5
2020-05-21 05:00:00+00:00,188.25,178.75
2020-05-21 06:00:00+00:00,149.5,124.5
2020-05-21 07:00:00+00:00,119.25,105.0
2020-05-21 08:00:00+00:00,73.75,115.0
2020-05-21 09:00:00+00:00,55.0,110.25
2020-05-21 10:00:00+00:00,67.5,89.0
2020-05-21 11:00:00+00:00,29.0,85.0
2020-05-21 12:00:00+00:00,37.75,90.25
2020-05-21 13:00:00+00:00,95.5,101.0
2020-05-21 14:00:00+00:00,55.25,106.75
2020-05-21 15:00:00+00:00,82.75,97.75
2020-05-21 16:00:00+00:00,76.5,101.25
2020-05-21 17:00:00+00:00,68.5,95.75
2020-05-21 18:00:00+00:00,66.75,90.25
2020-05-21 19:00:00+00:00,57.25,87.25
2020-05-21 20:00:00+00:00,88.0,96.5
2020-05-21 21:00:00+00:00,150.5,122.25
2020-05-21 22:00:00+00:00,193.0,182.75
2020-05-21 23:00:00+00:00,186.25,254.25
2020-05-22 00:00:00+00:00,182.75,367.5
2020-05-22 01:00:00+00:00,232.5,473.75
2020-05-22 02:00:00+00:00,470.25,568.75
2020-05-22 03:00:00+00:00,654.75,657.75
2020-05-22 04:00:00+00:00,757.75,687.75
2020-05-22 05:00:00+00:00,816.25,811.5
2020-05-22 06:00:00+00:00,707.5,820.0
2020-05-22 07:00:00+00:00,419.25,781.5
2020-05-22 08:00:00+00:00,575.0,711.5
2020-05-22 09:00:00+00:00,818.5,871.75
2020-05-22 10:00:00+00:00,808.25,1038.25
2020-05-22 11:00:00+00:00,836.25,1145.0
2020-05-22 12:00:00+00:00,765.75,1194.0
2020-05-22 13:00:00+00:00,521.25,1175.25
2020-05-22 14:00:00+00:00,525.75,1118.0
2020-05-22 15:00:00+00:00,705.5,1278.75
2020-05-22 16:00:00+00:00,753.5,1240.75
2020-05-22 17:00:00+00:00,799.75,1226.0
2020-05-22 18:00:00+00:00,726.25,1142.5
2020-05-22 19:00:00+00:00,608.75,1135.0
2020-05-22 20:00:00+00:00,569.25,1150.0
2020-05-22 21:00:00+00:00,520.75,1182.25
2020-05-22 22:00:00+00:00,482.0,1121.5
2020-05-22 23:00:00+00:00,493.5,1096.0
2020-05-23 00:00:00+00:00,528.75,1051.0
2020-05-23 01:00:00+00:00,494.5,973.25
2020-05-23 02:00:00+00:00,435.5,818.25
2020-05-23 03:00:00+00:00,404.25,746.0
2020-05-23 04:00:00+00:00,445.0,690.75
2020-05-23 05:00:00+00:00,547.75,784.75
2020-05-23 06:00:00+00:00,694.5,872.25
2020-05-23 07:00:00+00:00,776.25,1044.25
2020-05-23 08:00:00+00:00,794.0,1151.0
2020-05-23 09:00:00+00:00,810.75,1190.75
2020-05-23 10:00:00+00:00,812.75,1244.25
2020-05-23 11:00:00+00:00,826.75,1295.0
2020-05-23 12:00:00+00:00,853.0,1379.5
2020-05-23 13:00:00+00:00,859.75,1457.0
2020-05-23 14:00:00+00:00,850.25,1434.0
2020-05-23 15:00:00+00:00,859.25,1473.75
2020-05-23 16:00:00+00:00,870.25,1484.5
2020-05-23 17:00:00+00:00,846.5,1358.5
2020-05-23 18:00:00+00:00,873.75,1285.75
2020-05-23 19:00:00+00:00,872.0,1335.75
2020-05-23 20:00:00+00:00,860.25,1272.0
2020-05-23 21:00:00+00:00,819.25,1206.75
2020-05-23 22:00:00+00:00,819.25,1125.75
2020-05-23 23:00:00+00:00,841.25,1032.0
2020-05-24 00:00:00+00:00,860.0,1022.75
2020-05-24 01:00:00+00:00,721.75,1016.0
2020-05-24 02:00:00+00:00,786.5,1041.5
2020-05-24 03:00:00+00:00,684.75,952.25
2020-05-24 04:00:00+00:00,671.25,887.75
2020-05-24 05:00:00+00:00,653.25,849.75
2020-05-24 06:00:00+00:00,635.5,903.5
2020-05-24 07:00:00+00:00,807.75,1003.75
2020-05-24 08:00:00+00:00,837.5,985.75
2020-05-24 09:00:00+00:00,841.5,993.0
2020-05-24 10:00:00+00:00,838.75,1041.5
2020-05-24 11:00:00+00:00,831.5,1097.5
2020-05-24 12:00:00+00:00,807.0,1130.25
2020-05-24 13:00:00+00:00,777.5,1123.5
2020-05-24 14:00:00+00:00,749.0,1128.75
2020-05-24 15:00:00+00:00,704.0,1065.25
2020-05-24 16:00:00+00:00,577.25,846.25
2020-05-24 17:00:00+00:00,571.0,687.25
2020-05-24 18:00:00+00:00,532.75,518.25
2020-05-24 19:00:00+00:00,512.0,481.25
2020-05-24 20:00:00+00:00,532.75,454.75
2020-05-24 21:00:00+00:00,559.25,442.25
2020-05-24 22:00:00+00:00,462.75,424.0
2020-05-24 23:00:00+00:00,448.5,428.5
2020-05-25 00:00:00+00:00,361.25,411.0
2020-05-25 01:00:00+00:00,439.75,407.5
2020-05-25 02:00:00+00:00,531.25,402.5
2020-05-25 03:00:00+00:00,427.75,359.25
2020-05-25 04:00:00+00:00,297.5,318.25
2020-05-25 05:00:00+00:00,276.0,279.75
2020-05-25 06:00:00+00:00,214.25,222.75
2020-05-25 07:00:00+00:00,144.5,221.75
2020-05-25 08:00:00+00:00,77.5,213.25
2020-05-25 09:00:00+00:00,84.5,224.0
2020-05-25 10:00:00+00:00,92.5,237.25
2020-05-25 11:00:00+00:00,78.5,228.25
2020-05-25 12:00:00+00:00,62.5,223.5
2020-05-25 13:00:00+00:00,74.75,240.75
2020-05-25 14:00:00+00:00,41.0,261.5
2020-05-25 15:00:00+00:00,19.5,275.0
2020-05-25 16:00:00+00:00,2.25,241.75
2020-05-25 17:00:00+00:00,0.0,200.25
2020-05-25 18:00:00+00:00,0.0,165.5
2020-05-25 19:00:00+00:00,0.5,114.25
2020-05-25 20:00:00+00:00,1.0,96.0
2020-05-25 21:00:00+00:00,0.75,91.5
2020-05-25 22:00:00+00:00,0.0,88.75
2020-05-25 23:00:00+00:00,0.0,101.0
2020-05-26 00:00:00+00:00,0.0,90.5
2020-05-26 01:00:00+00:00,0.25,90.0
2020-05-26 02:00:00+00:00,3.0,86.25
2020-05-26 03:00:00+00:00,8.0,87.25
2020-05-26 04:00:00+00:00,18.0,99.25
2020-05-26 05:00:00+00:00,17.5,103.75
2020-05-26 06:00:00+00:00,29.5,86.0
2020-05-26 07:00:00+00:00,37.5,75.0
2020-05-26 08:00:00+00:00,43.75,78.5
2020-05-26 09:00:00+00:00,55.75,81.25
2020-05-26 10:00:00+00:00,47.25,83.25
2020-05-26 11:00:00+00:00,32.25,88.0
2020-05-26 12:00:00+00:00,20.25,94.0
2020-05-26 13:00:00+00:00,6.75,108.0
2020-05-26 14:00:00+00:00,20.0,124.5
2020-05-26 15:00:00+00:00,41.75,144.75
2020-05-26 16:00:00+00:00,35.0,160.5
2020-05-26 17:00:00+00:00,45.5,156.5
2020-05-26 18:00:00+00:00,65.75,146.5
2020-05-26 19:00:00+00:00,44.0,187.0
2020-05-26 20:00:00+00:00,42.5,201.0
2020-05-26 21:00:00+00:00,42.25,175.75
2020-05-26 22:00:00+00:00,34.75,148.25
2020-05-26 23:00:00+00:00,28.5,146.5
2020-05-27 00:00:00+00:00,36.5,156.5
2020-05-27 01:00:00+00:00,54.25,151.0
2020-05-27 02:00:00+00:00,64.75,190.0
2020-05-27 03:00:00+00:00,93.5,189.0
2020-05-27 04:00:00+00:00,110.5,171.25
2020-05-27 05:00:00+00:00,93.75,141.25
2020-05-27 06:00:00+00:00,66.25,146.5
2020-05-27 07:00:00+00:00,70.75,137.0
2020-05-27 08:00:00+00:00,77.75,179.25
2020-05-27 09:00:00+00:00,101.25,245.25
2020-05-27 10:00:00+00:00,111.5,261.25
2020-05-27 11:00:00+00:00,95.75,334.0
2020-05-27 12:00:00+00:00,187.0,426.75
2020-05-27 13:00:00+00:00,258.5,437.5
2020-05-27 14:00:00+00:00,301.0,528.75
2020-05-27 15:00:00+00:00,321.75,546.5
2020-05-27 16:00:00+00:00,297.25,589.0
2020-05-27 17:00:00+00:00,268.25,587.75
2020-05-27 18:00:00+00:00,261.75,530.75
2020-05-27 19:00:00+00:00,248.25,494.25
2020-05-27 20:00:00+00:00,260.75,507.75
2020-05-27 21:00:00+00:00,255.75,511.75
2020-05-27 22:00:00+00:00,321.75,513.75
2020-05-27 23:00:00+00:00,299.0,549.5
2020-05-28 00:00:00+00:00,284.75,610.25
2020-05-28 01:00:00+00:00,264.25,588.25
2020-05-28 02:00:00+00:00,210.25,530.75
2020-05-28 03:00:00+00:00,202.0,442.75
2020-05-28 04:00:00+00:00,169.25,396.0
2020-05-28 05:00:00+00:00,150.25,354.0
2020-05-28 06:00:00+00:00,113.0,310.25
2020-05-28 07:00:00+00:00,69.0,279.75
2020-05-28 08:00:00+00:00,45.25,253.0
2020-05-28 09:00:00+00:00,38.5,247.75
2020-05-28 10:00:00+00:00,55.25,308.75
2020-05-28 11:00:00+00:00,80.25,343.0
2020-05-28 12:00:00+00:00,143.25,392.5
2020-05-28 13:00:00+00:00,208.25,488.5
2020-05-28 14:00:00+00:00,240.25,566.25
2020-05-28 15:00:00+00:00,262.75,620.5
2020-05-28 16:00:00+00:00,257.5,620.5
2020-05-28 17:00:00+00:00,238.25,606.5
2020-05-28 18:00:00+00:00,214.5,573.5
2020-05-28 19:00:00+00:00,203.75,532.0
2020-05-28 20:00:00+00:00,184.5,484.0
2020-05-28 21:00:00+00:00,173.25,448.5
2020-05-28 22:00:00+00:00,183.25,445.25
2020-05-28 23:00:00+00:00,161.25,435.75
2020-05-29 00:00:00+00:00,153.5,417.5
2020-05-29 01:00:00+00:00,157.75,393.75
2020-05-29 02:00:00+00:00,142.75,401.0
2020-05-29 03:00:00+00:00,127.25,366.75
2020-05-29 04:00:00+00:00,124.5,320.0
2020-05-29 05:00:00+00:00,101.25,242.25
2020-05-29 06:00:00+00:00,72.25,162.0
2020-05-29 07:00:00+00:00,54.0,120.0
2020-05-29 08:00:00+00:00,44.75,110.0
2020-05-29 09:00:00+00:00,45.75,118.5
2020-05-29 10:00:00+00:00,64.25,120.75
2020-05-29 11:00:00+00:00,110.0,143.5
2020-05-29 12:00:00+00:00,166.25,178.5
2020-05-29 13:00:00+00:00,233.25,232.5
2020-05-29 14:00:00+00:00,296.0,294.0
2020-05-29 15:00:00+00:00,371.25,410.0
2020-05-29 16:00:00+00:00,417.75,481.25
2020-05-29 17:00:00+00:00,460.75,539.25
2020-05-29 18:00:00+00:00,526.25,555.75
2020-05-29 19:00:00+00:00,526.0,643.25
2020-05-29 20:00:00+00:00,478.25,650.25
2020-05-29 21:00:00+00:00,472.25,649.25
2020-05-29 22:00:00+00:00,492.0,644.25
2020-05-29 23:00:00+00:00,421.5,605.75
2020-05-30 00:00:00+00:00,375.5,544.0
2020-05-30 01:00:00+00:00,299.75,562.5
2020-05-30 02:00:00+00:00,265.75,552.75
2020-05-30 03:00:00+00:00,243.5,491.0
2020-05-30 04:00:00+00:00,259.5,408.5
2020-05-30 05:00:00+00:00,209.25,284.5
2020-05-30 06:00:00+00:00,163.0,199.25
2020-05-30 07:00:00+00:00,118.25,169.5
2020-05-30 08:00:00+00:00,86.25,194.0
2020-05-30 09:00:00+00:00,83.25,297.5
2020-05-30 10:00:00+00:00,80.0,303.0
2020-05-30 11:00:00+00:00,165.75,286.75
2020-05-30 12:00:00+00:00,207.5,283.5
2020-05-30 13:00:00+00:00,280.75,306.75
2020-05-30 14:00:00+00:00,373.75,365.5
2020-05-30 15:00:00+00:00,474.0,510.0
2020-05-30 16:00:00+00:00,542.25,580.5
2020-05-30 17:00:00+00:00,575.5,624.75
2020-05-30 18:00:00+00:00,581.0,657.25
2020-05-30 19:00:00+00:00,562.25,704.0
2020-05-30 20:00:00+00:00,459.0,735.25
2020-05-30 21:00:00+00:00,361.5,738.25
2020-05-30 22:00:00+00:00,325.25,636.5
2020-05-30 23:00:00+00:00,309.5,532.0
2020-05-31 00:00:00+00:00,247.5,513.75
2020-05-31 01:00:00+00:00,198.25,581.5
2020-05-31 02:00:00+00:00,208.0,578.5
2020-05-31 03:00:00+00:00,203.25,533.0
2020-05-31 04:00:00+00:00,192.5,500.75
2020-05-31 05:00:00+00:00,171.25,303.5
2020-05-31 06:00:00+00:00,134.75,239.25
2020-05-31 07:00:00+00:00,75.0,369.75
2020-05-31 08:00:00+00:00,110.75,480.75
2020-05-31 09:00:00+00:00,136.25,713.25
2020-05-31 10:00:00+00:00,158.75,726.5
2020-05-31 11:00:00+00:00,173.0,644.0
2020-05-31 12:00:00+00:00,154.75,590.5
2020-05-31 13:00:00+00:00,251.5,617.25
2020-05-31 14:00:00+00:00,280.5,571.5
2020-05-31 15:00:00+00:00,452.75,638.25
2020-05-31 16:00:00+00:00,640.0,725.0
2020-05-31 17:00:00+00:00,780.75,718.25
2020-05-31 18:00:00+00:00,835.25,657.25
2020-05-31 19:00:00+00:00,717.75,615.25
2020-05-31 20:00:00+00:00,631.5,600.25
2020-05-31 21:00:00+00:00,642.5,603.75
2020-05-31 22:00:00+00:00,693.5,597.25
2020-05-31 23:00:00+00:00,758.5,589.75
2020-06-01 00:00:00+00:00,708.5,608.0
2020-06-01 01:00:00+00:00,501.75,599.25
2020-06-01 02:00:00+00:00,396.75,534.0
2020-06-01 03:00:00+00:00,268.75,506.25
2020-06-01 04:00:00+00:00,245.0,443.5
2020-06-01 05:00:00+00:00,338.75,336.5
2020-06-01 06:00:00+00:00,361.0,267.0
2020-06-01 07:00:00+00:00,475.0,219.25
2020-06-01 08:00:00+00:00,469.0,231.25
2020-06-01 09:00:00+00:00,431.5,297.0
2020-06-01 10:00:00+00:00,447.25,302.0
2020-06-01 11:00:00+00:00,462.0,301.0
2020-06-01 12:00:00+00:00,456.25,283.25
2020-06-01 13:00:00+00:00,454.5,290.0
2020-06-01 14:00:00+00:00,476.25,321.0
2020-06-01 15:00:00+00:00,467.5,335.75
2020-06-01 16:00:00+00:00,442.5,320.75
2020-06-01 17:00:00+00:00,501.0,300.25
2020-06-01 18:00:00+00:00,518.5,312.75
2020-06-01 19:00:00+00:00,572.0,353.25
2020-06-01 20:00:00+00:00,533.5,385.75
2020-06-01 21:00:00+00:00,446.75,443.75
2020-06-01 22:00:00+00:00,336.75,492.5
2020-06-01 23:00:00+00:00,225.75,454.75
2020-06-02 00:00:00+00:00,154.75,440.25
2020-06-02 01:00:00+00:00,89.0,412.75
2020-06-02 02:00:00+00:00,53.5,354.25
2020-06-02 03:00:00+00:00,32.25,357.0
2020-06-02 04:00:00+00:00,30.25,301.75
2020-06-02 05:00:00+00:00,43.75,215.25
2020-06-02 06:00:00+00:00,33.5,126.75
2020-06-02 07:00:00+00:00,34.5,89.5
2020-06-02 08:00:00+00:00,28.75,83.5
2020-06-02 09:00:00+00:00,20.5,94.0
2020-06-02 10:00:00+00:00,18.0,111.75
2020-06-02 11:00:00+00:00,20.5,105.75
2020-06-02 12:00:00+00:00,34.75,106.5
2020-06-02 13:00:00+00:00,28.25,136.0
2020-06-02 14:00:00+00:00,21.0,163.0
2020-06-02 15:00:00+00:00,14.5,186.75
2020-06-02 16:00:00+00:00,18.75,177.5
2020-06-02 17:00:00+00:00,39.25,167.0
2020-06-02 18:00:00+00:00,68.75,149.0
2020-06-02 19:00:00+00:00,82.5,158.75
2020-06-02 20:00:00+00:00,93.0,161.75
2020-06-02 21:00:00+00:00,99.75,150.75
2020-06-02 22:00:00+00:00,94.75,131.5
2020-06-02 23:00:00+00:00,108.75,119.25
2020-06-03 00:00:00+00:00,119.0,120.5
2020-06-03 01:00:00+00:00,156.75,121.0
2020-06-03 02:00:00+00:00,221.0,137.25
2020-06-03 03:00:00+00:00,307.25,143.0
2020-06-03 04:00:00+00:00,334.0,140.25
2020-06-03 05:00:00+00:00,364.5,129.75
2020-06-03 06:00:00+00:00,424.25,122.75
2020-06-03 07:00:00+00:00,480.75,123.5
2020-06-03 08:00:00+00:00,445.5,135.25
2020-06-03 09:00:00+00:00,568.0,164.0
2020-06-03 10:00:00+00:00,554.0,218.25
2020-06-03 11:00:00+00:00,578.5,273.0
2020-06-03 12:00:00+00:00,610.25,323.5
2020-06-03 13:00:00+00:00,602.25,361.25
2020-06-03 14:00:00+00:00,554.75,400.25
2020-06-03 15:00:00+00:00,523.75,457.0
2020-06-03 16:00:00+00:00,447.25,452.75
2020-06-03 17:00:00+00:00,453.75,467.0
2020-06-03 18:00:00+00:00,572.5,564.25
2020-06-03 19:00:00+00:00,701.25,598.0
2020-06-03 20:00:00+00:00,755.75,578.25
2020-06-03 21:00:00+00:00,860.0,583.75
2020-06-03 22:00:00+00:00,897.0,662.75
2020-06-03 23:00:00+00:00,859.75,762.0
2020-06-04 00:00:00+00:00,783.75,671.25
2020-06-04 01:00:00+00:00,701.75,569.0
2020-06-04 02:00:00+00:00,580.0,586.0
2020-06-04 03:00:00+00:00,531.25,570.25
2020-06-04 04:00:00+00:00,505.0,531.25
2020-06-04 05:00:00+00:00,487.25,502.5
2020-06-04 06:00:00+00:00,460.75,544.0
2020-06-04 07:00:00+00:00,424.25,600.0
2020-06-04 08:00:00+00:00,370.75,551.5
2020-06-04 09:00:00+00:00,427.5,536.75
2020-06-04 10:00:00+00:00,390.75,588.75
2020-06-04 11:00:00+00:00,405.25,570.25
2020-06-04 12:00:00+00:00,526.5,610.75
2020-06-04 13:00:00+00:00,549.25,728.5
2020-06-04 14:00:00+00:00,679.0,753.75
2020-06-04 15:00:00+00:00,812.75,891.0
2020-06-04 16:00:00+00:00,730.5,968.0
2020-06-04 17:00:00+00:00,716.0,870.0
2020-06-04 18:00:00+00:00,738.75,626.25
2020-06-04 19:00:00+00:00,637.0,571.75
2020-06-04 20:00:00+00:00,541.0,601.0
2020-06-04 21:00:00+00:00,524.5,580.0
2020-06-04 22:00:00+00:00,542.75,484.75
2020-06-04 23:00:00+00:00,520.75,494.25
2020-06-05 00:00:00+00:00,415.5,488.0
2020-06-05 01:00:00+00:00,372.25,411.25
2020-06-05 02:00:00+00:00,410.25,442.0
2020-06-05 03:00:00+00:00,395.25,404.75
2020-06-05 04:00:00+00:00,292.5,394.0
2020-06-05 05:00:00+00:00,307.5,506.25
2020-06-05 06:00:00+00:00,247.0,598.25
2020-06-05 07:00:00+00:00,314.5,698.5
2020-06-05 08:00:00+00:00,433.0,581.25
2020-06-05 09:00:00+00:00,384.0,668.25
2020-06-05 10:00:00+00:00,262.5,770.5
2020-06-05 11:00:00+00:00,358.75,830.5
2020-06-05 12:00:00+00:00,418.0,891.0
2020-06-05 13:00:00+00:00,510.75,1036.0
2020-06-05 14:00:00+00:00,586.5,1156.5
2020-06-05 15:00:00+00:00,638.5,1150.25
2020-06-05 16:00:00+00:00,524.0,901.5
2020-06-05 17:00:00+00:00,415.0,886.75
2020-06-05 18:00:00+00:00,631.25,789.0
2020-06-05 19:00:00+00:00,715.75,735.75
2020-06-05 20:00:00+00:00,677.0,657.0
2020-06-05 21:00:00+00:00,616.25,702.25
2020-06-05 22:00:00+00:00,647.5,692.75
2020-06-05 23:00:00+00:00,699.5,765.0
2020-06-06 00:00:00+00:00,793.25,806.0
2020-06-06 01:00:00+00:00,771.75,855.0
2020-06-06 02:00:00+00:00,817.5,832.0
2020-06-06 03:00:00+00:00,724.5,943.5
2020-06-06 04:00:00+00:00,797.0,783.25
2020-06-06 05:00:00+00:00,851.75,779.0
2020-06-06 06:00:00+00:00,886.75,858.5
2020-06-06 07:00:00+00:00,886.5,1036.5
2020-06-06 08:00:00+00:00,901.75,1202.75
2020-06-06 09:00:00+00:00,909.75,1217.5
2020-06-06 10:00:00+00:00,904.75,1318.25
2020-06-06 11:00:00+00:00,879.5,1352.75
2020-06-06 12:00:00+00:00,896.0,1431.5
2020-06-06 13:00:00+00:00,830.75,1380.75
2020-06-06 14:00:00+00:00,911.25,1390.0
2020-06-06 15:00:00+00:00,901.5,1332.5
2020-06-06 16:00:00+00:00,879.0,1303.5
2020-06-06 17:00:00+00:00,836.75,1257.75
2020-06-06 18:00:00+00:00,899.0,1223.0
2020-06-06 19:00:00+00:00,883.5,1237.5
2020-06-06 20:00:00+00:00,876.75,1210.0
2020-06-06 21:00:00+00:00,921.5,1139.75
2020-06-06 22:00:00+00:00,905.0,1164.75
2020-06-06 23:00:00+00:00,870.75,1123.5
2020-06-07 00:00:00+00:00,880.75,990.25
2020-06-07 01:00:00+00:00,875.25,918.5
2020-06-07 02:00:00+00:00,807.25,904.0
2020-06-07 03:00:00+00:00,741.25,934.0
2020-06-07 04:00:00+00:00,643.0,944.25
2020-06-07 05:00:00+00:00,448.0,917.0
2020-06-07 06:00:00+00:00,314.0,829.5
2020-06-07 07:00:00+00:00,238.5,756.5
2020-06-07 08:00:00+00:00,183.0,762.5
2020-06-07 09:00:00+00:00,274.5,829.0
2020-06-07 10:00:00+00:00,324.0,795.5
2020-06-07 11:00:00+00:00,363.75,689.5
2020-06-07 12:00:00+00:00,348.75,779.5
2020-06-07 13:00:00+00:00,244.5,829.25
2020-06-07 14:00:00+00:00,197.0,678.75
2020-06-07 15:00:00+00:00,242.5,515.5
2020-06-07 16:00:00+00:00,230.75,459.0
2020-06-07 17:00:00+00:00,167.0,379.75
2020-06-07 18:00:00+00:00,153.5,327.0
2020-06-07 19:00:00+00:00,144.5,309.5
2020-06-07 20:00:00+00:00,156.25,270.75
2020-06-07 21:00:00+00:00,138.5,261.5
2020-06-07 22:00:00+00:00,121.5,239.5
2020-06-07 23:00:00+00:00,109.5,217.75
2020-06-08 00:00:00+00:00,116.0,239.75
2020-06-08 01:00:00+00:00,103.75,216.0
2020-06-08 02:00:00+00:00,88.0,188.75
2020-06-08 03:00:00+00:00,74.0,154.75
2020-06-08 04:00:00+00:00,62.5,131.5
2020-06-08 05:00:00+00:00,70.0,114.75
2020-06-08 06:00:00+00:00,103.25,106.25
2020-06-08 07:00:00+00:00,111.5,126.5
2020-06-08 08:00:00+00:00,121.75,147.5
2020-06-08 09:00:00+00:00,176.5,207.75
2020-06-08 10:00:00+00:00,285.75,271.0
2020-06-08 11:00:00+00:00,416.0,331.25
2020-06-08 12:00:00+00:00,523.75,428.25
2020-06-08 13:00:00+00:00,529.5,524.75
2020-06-08 14:00:00+00:00,519.25,561.25
2020-06-08 15:00:00+00:00,450.75,560.5
2020-06-08 16:00:00+00:00,413.5,594.25
2020-06-08 17:00:00+00:00,370.25,634.75
2020-06-08 18:00:00+00:00,378.0,609.25
2020-06-08 19:00:00+00:00,326.0,599.75
2020-06-08 20:00:00+00:00,251.75,543.0
2020-06-08 21:00:00+00:00,184.25,431.25
2020-06-08 22:00:00+00:00,149.5,351.0
2020-06-08 23:00:00+00:00,126.0,327.25
2020-06-09 00:00:00+00:00,108.25,323.75
2020-06-09 01:00:00+00:00,107.75,300.75
2020-06-09 02:00:00+00:00,90.25,278.75
2020-06-09 03:00:00+00:00,87.75,248.75
2020-06-09 04:00:00+00:00,68.0,212.0
2020-06-09 05:00:00+00:00,41.5,179.0
2020-06-09 06:00:00+00:00,25.5,153.0
2020-06-09 07:00:00+00:00,18.5,158.0
2020-06-09 08:00:00+00:00,14.0,140.75
2020-06-09 09:00:00+00:00,11.0,123.25
2020-06-09 10:00:00+00:00,11.75,138.0
2020-06-09 11:00:00+00:00,14.0,142.25
2020-06-09 12:00:00+00:00,11.0,134.25
2020-06-09 13:00:00+00:00,10.75,151.0
2020-06-09 14:00:00+00:00,11.75,149.5
2020-06-09 15:00:00+00:00,9.25,165.25
2020-06-09 16:00:00+00:00,13.25,189.25
2020-06-09 17:00:00+00:00,22.0,216.25
2020-06-09 18:00:00+00:00,18.75,241.25
2020-06-09 19:00:00+00:00,14.0,227.75
2020-06-09 20:00:00+00:00,4.25,217.25
2020-06-09 21:00:00+00:00,1.0,210.25
2020-06-09 22:00:00+00:00,0.25,214.5
2020-06-09 23:00:00+00:00,0.75,205.0
2020-06-10 00:00:00+00:00,2.25,203.25
2020-06-10 01:00:00+00:00,3.75,207.0
2020-06-10 02:00:00+00:00,5.0,198.5
2020-06-10 03:00:00+00:00,2.5,204.0
2020-06-10 04:00:00+00:00,1.75,176.75
2020-06-10 05:00:00+00:00,9.5,114.0
2020-06-10 06:00:00+00:00,35.75,98.5
2020-06-10 07:00:00+00:00,41.75,92.0
2020-06-10 08:00:00+00:00,21.25,80.25
2020-06-10 09:00:00+00:00,24.25,98.25
2020-06-10 10:00:00+00:00,48.75,121.0
2020-06-10 11:00:00+00:00,49.25,135.5
2020-06-10 12:00:00+00:00,55.75,137.25
2020-06-10 13:00:00+00:00,65.25,146.25
2020-06-10 14:00:00+00:00,93.25,162.0
2020-06-10 15:00:00+00:00,132.75,182.0
2020-06-10 16:00:00+00:00,182.25,202.25
2020-06-10 17:00:00+00:00,192.5,231.0
2020-06-10 18:00:00+00:00,229.75,244.75
2020-06-10 19:00:00+00:00,195.5,238.25
2020-06-10 20:00:00+00:00,236.5,235.75
2020-06-10 21:00:00+00:00,342.0,273.5
2020-06-10 22:00:00+00:00,372.75,306.25
2020-06-10 23:00:00+00:00,450.5,350.75
2020-06-11 00:00:00+00:00,486.25,383.5
2020-06-11 01:00:00+00:00,425.0,360.25
2020-06-11 02:00:00+00:00,434.25,358.25
2020-06-11 03:00:00+00:00,510.25,432.5
2020-06-11 04:00:00+00:00,555.75,413.25
2020-06-11 05:00:00+00:00,548.5,368.0
2020-06-11 06:00:00+00:00,583.25,347.0
2020-06-11 07:00:00+00:00,614.25,328.75
2020-06-11 08:00:00+00:00,650.25,280.75
2020-06-11 09:00:00+00:00,754.75,223.75
2020-06-11 10:00:00+00:00,798.5,219.5
2020-06-11 11:00:00+00:00,743.25,219.75
2020-06-11 12:00:00+00:00,711.25,192.0
2020-06-11 13:00:00+00:00,607.5,172.75
2020-06-11 14:00:00+00:00,570.75,157.75
2020-06-11 15:00:00+00:00,569.75,190.5
2020-06-11 16:00:00+00:00,436.0,217.5
2020-06-11 17:00:00+00:00,297.25,225.5
2020-06-11 18:00:00+00:00,306.0,213.0
2020-06-11 19:00:00+00:00,426.0,245.25
2020-06-11 20:00:00+00:00,472.25,296.25
2020-06-11 21:00:00+00:00,609.25,377.75
2020-06-11 22:00:00+00:00,591.0,410.5
2020-06-11 23:00:00+00:00,630.0,420.25
2020-06-12 00:00:00+00:00,626.0,427.5
2020-06-12 01:00:00+00:00,594.75,345.25
2020-06-12 02:00:00+00:00,576.0,342.5
2020-06-12 03:00:00+00:00,624.5,369.0
2020-06-12 04:00:00+00:00,716.5,316.5
2020-06-12 05:00:00+00:00,626.0,254.25
2020-06-12 06:00:00+00:00,495.25,273.0
2020-06-12 07:00:00+00:00,345.75,257.75
2020-06-12 08:00:00+00:00,269.25,299.5
2020-06-12 09:00:00+00:00,253.75,303.75
2020-06-12 10:00:00+00:00,223.5,323.0
2020-06-12 11:00:00+00:00,226.25,315.25
2020-06-12 12:00:00+00:00,247.75,261.5
2020-06-12 13:00:00+00:00,231.5,208.5
2020-06-12 14:00:00+00:00,195.5,207.5
2020-06-12 15:00:00+00:00,320.5,255.5
2020-06-12 16:00:00+00:00,435.25,234.0
2020-06-12 17:00:00+00:00,495.75,142.5
2020-06-12 18:00:00+00:00,318.5,129.0
2020-06-12 19:00:00+00:00,318.0,270.25
2020-06-12 20:00:00+00:00,374.5,575.0
2020-06-12 21:00:00+00:00,415.75,529.0
2020-06-12 22:00:00+00:00,491.75,574.0
2020-06-12 23:00:00+00:00,467.75,321.75
2020-06-13 00:00:00+00:00,463.25,227.0
2020-06-13 01:00:00+00:00,422.5,189.0
2020-06-13 02:00:00+00:00,414.0,136.5
2020-06-13 03:00:00+00:00,285.75,102.25
2020-06-13 04:00:00+00:00,199.75,87.25
2020-06-13 05:00:00+00:00,174.75,87.0
2020-06-13 06:00:00+00:00,194.5,55.75
2020-06-13 07:00:00+00:00,254.0,34.5
2020-06-13 08:00:00+00:00,257.75,39.75
2020-06-13 09:00:00+00:00,229.25,48.25
2020-06-13 10:00:00+00:00,122.0,33.75
2020-06-13 11:00:00+00:00,45.5,34.75
2020-06-13 12:00:00+00:00,21.0,39.0
2020-06-13 13:00:00+00:00,40.75,40.5
2020-06-13 14:00:00+00:00,85.5,55.75
2020-06-13 15:00:00+00:00,111.25,91.25
2020-06-13 16:00:00+00:00,136.25,199.0
2020-06-13 17:00:00+00:00,275.0,205.25
2020-06-13 18:00:00+00:00,279.0,252.0
2020-06-13 19:00:00+00:00,251.25,214.25
2020-06-13 20:00:00+00:00,212.0,136.75
2020-06-13 21:00:00+00:00,129.75,107.0
2020-06-13 22:00:00+00:00,94.75,120.25
2020-06-13 23:00:00+00:00,364.75,116.75
2020-06-14 00:00:00+00:00,247.5,53.25
2020-06-14 01:00:00+00:00,158.75,38.75
2020-06-14 02:00:00+00:00,67.75,71.0
2020-06-14 03:00:00+00:00,377.75,98.0
2020-06-14 04:00:00+00:00,192.0,97.25
2020-06-14 05:00:00+00:00,108.5,90.0
2020-06-14 06:00:00+00:00,51.75,90.5
2020-06-14 07:00:00+00:00,36.75,121.0
2020-06-14 08:00:00+00:00,79.0,160.75
2020-06-14 09:00:00+00:00,138.75,105.75
2020-06-14 10:00:00+00:00,114.0,114.5
2020-06-14 11:00:00+00:00,164.0,144.5
2020-06-14 12:00:00+00:00,181.0,206.0
2020-06-14 13:00:00+00:00,207.25,263.5
2020-06-14 14:00:00+00:00,153.5,280.5
2020-06-14 15:00:00+00:00,82.0,214.0
2020-06-14 16:00:00+00:00,28.5,173.75
2020-06-14 17:00:00+00:00,21.5,108.75
2020-06-14 18:00:00+00:00,12.75,86.0
2020-06-14 19:00:00+00:00,2.0,47.0
2020-06-14 20:00:00+00:00,6.75,35.5
2020-06-14 21:00:00+00:00,73.5,41.5
2020-06-14 22:00:00+00:00,63.0,37.75
2020-06-14 23:00:00+00:00,50.5,60.75
2020-06-15 00:00:00+00:00,30.5,67.5
2020-06-15 01:00:00+00:00,42.5,52.0
2020-06-15 02:00:00+00:00,51.25,67.0
2020-06-15 03:00:00+00:00,77.5,75.0
2020-06-15 04:00:00+00:00,79.75,76.75
2020-06-15 05:00:00+00:00,95.5,66.75
2020-06-15 06:00:00+00:00,110.25,43.0
2020-06-15 07:00:00+00:00,150.5,42.25
2020-06-15 08:00:00+00:00,108.5,47.0
2020-06-15 09:00:00+00:00,67.0,61.25
2020-06-15 10:00:00+00:00,37.25,66.25
2020-06-15 11:00:00+00:00,16.5,74.75
2020-06-15 12:00:00+00:00,10.25,74.0
2020-06-15 13:00:00+00:00,4.0,74.25
2020-06-15 14:00:00+00:00,3.0,76.25
2020-06-15 15:00:00+00:00,6.25,74.5
2020-06-15 16:00:00+00:00,5.0,72.0
2020-06-15 17:00:00+00:00,0.25,65.0
2020-06-15 18:00:00+00:00,0.0,40.5
2020-06-15 19:00:00+00:00,0.0,34.0
2020-06-15 20:00:00+00:00,0.0,29.5
2020-06-15 21:00:00+00:00,0.0,24.5
2020-06-15 22:00:00+00:00,0.0,21.5
2020-06-15 23:00:00+00:00,0.0,18.5
2020-06-16 00:00:00+00:00,0.0,19.75
2020-06-16 01:00:00+00:00,0.0,19.0
2020-06-16 02:00:00+00:00,0.0,17.25
2020-06-16 03:00:00+00:00,0.0,21.5
2020-06-16 04:00:00+00:00,0.0,21.25
2020-06-16 05:00:00+00:00,0.0,17.75
2020-06-16 06:00:00+00:00,0.0,20.0
2020-06-16 07:00:00+00:00,0.0,15.75
2020-06-16 08:00:00+00:00,0.0,20.0
2020-06-16 09:00:00+00:00,0.0,21.0
2020-06-16 10:00:00+00:00,0.0,21.0
2020-06-16 11:00:00+00:00,0.25,29.25
2020-06-16 12:00:00+00:00,0.75,52.0
2020-06-16 13:00:00+00:00,6.75,54.5
2020-06-16 14:00:00+00:00,8.5,82.5
2020-06-16 15:00:00+00:00,13.75,95.75
2020-06-16 16:00:00+00:00,26.25,100.5
2020-06-16 17:00:00+00:00,39.25,141.25
2020-06-16 18:00:00+00:00,57.5,122.5
2020-06-16 19:00:00+00:00,33.0,81.25
2020-06-16 20:00:00+00:00,21.0,67.25
2020-06-16 21:00:00+00:00,5.75,68.75
2020-06-16 22:00:00+00:00,7.0,87.0
2020-06-16 23:00:00+00:00,21.25,92.75
2020-06-17 00:00:00+00:00,23.5,75.5
2020-06-17 01:00:00+00:00,26.5,74.0
2020-06-17 02:00:00+00:00,29.75,66.25
2020-06-17 03:00:00+00:00,28.25,62.0
2020-06-17 04:00:00+00:00,39.5,68.5
2020-06-17 05:00:00+00:00,35.5,50.25
2020-06-17 06:00:00+00:00,27.25,30.75
2020-06-17 07:00:00+00:00,27.25,41.75
2020-06-17 08:00:00+00:00,19.75,55.75
2020-06-17 09:00:00+00:00,30.75,51.75
2020-06-17 10:00:00+00:00,35.25,49.25
2020-06-17 11:00:00+00:00,52.25,76.75
2020-06-17 12:00:00+00:00,109.0,133.5
2020-06-17 13:00:00+00:00,165.0,195.5
2020-06-17 14:00:00+00:00,198.25,236.25
2020-06-17 15:00:00+00:00,200.0,286.5
2020-06-17 16:00:00+00:00,202.0,358.0
2020-06-17 17:00:00+00:00,318.25,344.0
2020-06-17 18:00:00+00:00,356.5,358.25
2020-06-17 19:00:00+00:00,346.25,347.25
2020-06-17 20:00:00+00:00,442.5,259.25
2020-06-17 21:00:00+00:00,490.5,244.5
2020-06-17 22:00:00+00:00,492.25,157.5
2020-06-17 23:00:00+00:00,496.5,113.5
2020-06-18 00:00:00+00:00,445.5,110.75
2020-06-18 01:00:00+00:00,313.25,141.5
2020-06-18 02:00:00+00:00,191.25,162.5
2020-06-18 03:00:00+00:00,234.0,201.25
2020-06-18 04:00:00+00:00,205.5,256.25
2020-06-18 05:00:00+00:00,205.75,309.0
2020-06-18 06:00:00+00:00,210.75,283.0
2020-06-18 07:00:00+00:00,263.0,247.25
2020-06-18 08:00:00+00:00,260.5,242.0
2020-06-18 09:00:00+00:00,241.25,220.75
2020-06-18 10:00:00+00:00,182.25,167.0
2020-06-18 11:00:00+00:00,152.25,110.25
2020-06-18 12:00:00+00:00,90.0,60.25
2020-06-18 13:00:00+00:00,33.0,35.0
2020-06-18 14:00:00+00:00,9.0,37.75
2020-06-18 15:00:00+00:00,52.5,44.5
2020-06-18 16:00:00+00:00,40.25,56.5
2020-06-18 17:00:00+00:00,24.75,65.25
2020-06-18 18:00:00+00:00,7.0,48.5
2020-06-18 19:00:00+00:00,9.5,48.5
2020-06-18 20:00:00+00:00,8.75,52.25
2020-06-18 21:00:00+00:00,1.75,38.75
2020-06-18 22:00:00+00:00,3.5,46.25
2020-06-18 23:00:00+00:00,5.75,50.5
2020-06-19 00:00:00+00:00,5.25,38.0
2020-06-19 01:00:00+00:00,3.75,31.0
2020-06-19 02:00:00+00:00,2.0,33.0
2020-06-19 03:00:00+00:00,6.75,52.5
2020-06-19 04:00:00+00:00,2.0,73.5
2020-06-19 05:00:00+00:00,2.25,58.0
2020-06-19 06:00:00+00:00,0.0,34.75
2020-06-19 07:00:00+00:00,2.0,48.25
2020-06-19 08:00:00+00:00,16.0,66.75
2020-06-19 09:00:00+00:00,26.5,97.5
2020-06-19 10:00:00+00:00,36.5,109.0
2020-06-19 11:00:00+00:00,58.0,132.5
2020-06-19 12:00:00+00:00,75.0,138.25
2020-06-19 13:00:00+00:00,123.75,216.25
2020-06-19 14:00:00+00:00,201.0,256.0
2020-06-19 15:00:00+00:00,259.25,303.25
2020-06-19 16:00:00+00:00,315.0,304.25
2020-06-19 17:00:00+00:00,326.0,354.5
2020-06-19 18:00:00+00:00,354.25,397.5
2020-06-19 19:00:00+00:00,349.0,328.5
2020-06-19 20:00:00+00:00,369.0,262.5
2020-06-19 21:00:00+00:00,350.25,291.75
2020-06-19 22:00:00+00:00,341.5,313.25
2020-06-19 23:00:00+00:00,318.75,293.25
2020-06-20 00:00:00+00:00,277.75,336.25
2020-06-20 01:00:00+00:00,239.0,395.75
2020-06-20 02:00:00+00:00,212.5,447.0
2020-06-20 03:00:00+00:00,191.0,384.0
2020-06-20 04:00:00+00:00,126.5,331.75
2020-06-20 05:00:00+00:00,78.25,222.0
2020-06-20 06:00:00+00:00,57.5,130.5
2020-06-20 07:00:00+00:00,70.75,109.75
2020-06-20 08:00:00+00:00,72.0,85.25
2020-06-20 09:00:00+00:00,40.0,81.75
2020-06-20 10:00:00+00:00,31.75,83.5
2020-06-20 11:00:00+00:00,32.25,84.0
2020-06-20 12:00:00+00:00,33.5,93.75
2020-06-20 13:00:00+00:00,50.75,95.25
2020-06-20 14:00:00+00:00,70.5,92.75
2020-06-20 15:00:00+00:00,53.5,85.5
2020-06-20 16:00:00+00:00,52.25,65.0
2020-06-20 17:00:00+00:00,22.25,40.75
2020-06-20 18:00:00+00:00,3.0,31.0
2020-06-20 19:00:00+00:00,0.0,27.25
2020-06-20 20:00:00+00:00,2.5,24.25
2020-06-20 21:00:00+00:00,6.75,34.0
2020-06-20 22:00:00+00:00,28.75,76.25
2020-06-20 23:00:00+00:00,102.75,196.0
2020-06-21 00:00:00+00:00,190.0,340.0
2020-06-21 01:00:00+00:00,252.75,388.0
2020-06-21 02:00:00+00:00,294.75,450.0
2020-06-21 03:00:00+00:00,361.75,515.25
2020-06-21 04:00:00+00:00,346.0,498.25
2020-06-21 05:00:00+00:00,354.0,381.25
2020-06-21 06:00:00+00:00,374.5,243.5
2020-06-21 07:00:00+00:00,360.0,213.5
2020-06-21 08:00:00+00:00,345.5,222.5
2020-06-21 09:00:00+00:00,300.5,313.5
2020-06-21 10:00:00+00:00,367.75,481.75
2020-06-21 11:00:00+00:00,390.0,518.5
2020-06-21 12:00:00+00:00,457.5,536.0
2020-06-21 13:00:00+00:00,437.25,491.25
2020-06-21 14:00:00+00:00,543.25,481.0
2020-06-21 15:00:00+00:00,562.75,443.75
2020-06-21 16:00:00+00:00,436.25,417.0
2020-06-21 17:00:00+00:00,569.75,364.0
2020-06-21 18:00:00+00:00,546.0,395.75
2020-06-21 19:00:00+00:00,515.75,444.25
2020-06-21 20:00:00+00:00,397.75,629.0
2020-06-21 21:00:00+00:00,312.25,457.5
2020-06-21 22:00:00+00:00,263.75,381.5
2020-06-21 23:00:00+00:00,184.75,333.0
2020-06-22 00:00:00+00:00,194.5,220.25
2020-06-22 01:00:00+00:00,149.0,167.0
2020-06-22 02:00:00+00:00,155.25,165.75
2020-06-22 03:00:00+00:00,145.5,180.0
2020-06-22 04:00:00+00:00,138.75,141.25
2020-06-22 05:00:00+00:00,94.25,105.25
2020-06-22 06:00:00+00:00,46.0,77.5
2020-06-22 07:00:00+00:00,24.75,69.5
2020-06-22 08:00:00+00:00,6.25,66.0
2020-06-22 09:00:00+00:00,4.75,61.5
2020-06-22 10:00:00+00:00,1.75,83.0
2020-06-22 11:00:00+00:00,0.75,129.5
2020-06-22 12:00:00+00:00,9.25,145.0
2020-06-22 13:00:00+00:00,13.5,130.25
2020-06-22 14:00:00+00:00,13.25,105.25
2020-06-22 15:00:00+00:00,11.25,88.5
2020-06-22 16:00:00+00:00,25.25,69.75
2020-06-22 17:00:00+00:00,36.75,59.75
2020-06-22 18:00:00+00:00,24.5,60.75
2020-06-22 19:00:00+00:00,10.25,43.25
2020-06-22 20:00:00+00:00,13.0,39.25
2020-06-22 21:00:00+00:00,25.5,38.25
2020-06-22 22:00:00+00:00,35.25,35.5
2020-06-22 23:00:00+00:00,53.75,35.0
2020-06-23 00:00:00+00:00,71.0,39.25
2020-06-23 01:00:00+00:00,72.25,49.25
2020-06-23 02:00:00+00:00,98.0,73.0
2020-06-23 03:00:00+00:00,114.25,88.25
2020-06-23 04:00:00+00:00,76.25,80.0
2020-06-23 05:00:00+00:00,73.0,64.75
2020-06-23 06:00:00+00:00,59.0,44.25
2020-06-23 07:00:00+00:00,41.75,41.75
2020-06-23 08:00:00+00:00,36.25,46.0
2020-06-23 09:00:00+00:00,26.75,39.25
2020-06-23 10:00:00+00:00,14.75,39.5
2020-06-23 11:00:00+00:00,7.5,39.0
2020-06-23 12:00:00+00:00,2.25,38.0
2020-06-23 13:00:00+00:00,1.5,37.75
2020-06-23 14:00:00+00:00,0.0,44.0
2020-06-23 15:00:00+00:00,1.0,48.75
2020-06-23 16:00:00+00:00,5.0,60.0
2020-06-23 17:00:00+00:00,11.0,78.75
2020-06-23 18:00:00+00:00,28.0,95.0
2020-06-23 19:00:00+00:00,40.0,145.5
2020-06-23 20:00:00+00:00,72.75,254.0
2020-06-23 21:00:00+00:00,157.25,361.25
2020-06-23 22:00:00+00:00,249.75,491.5
2020-06-23 23:00:00+00:00,269.0,458.5
2020-06-24 00:00:00+00:00,281.25,416.0
2020-06-24 01:00:00+00:00,230.75,419.5
2020-06-24 02:00:00+00:00,180.5,394.5
2020-06-24 03:00:00+00:00,185.25,379.25
2020-06-24 04:00:00+00:00,202.5,339.25
2020-06-24 05:00:00+00:00,199.5,247.25
2020-06-24 06:00:00+00:00,144.25,123.75
2020-06-24 07:00:00+00:00,96.0,86.25
2020-06-24 08:00:00+00:00,86.0,86.5
2020-06-24 09:00:00+00:00,62.25,124.5
2020-06-24 10:00:00+00:00,48.0,131.0
2020-06-24 11:00:00+00:00,42.0,129.0
2020-06-24 12:00:00+00:00,64.5,146.0
2020-06-24 13:00:00+00:00,119.0,183.75
2020-06-24 14:00:00+00:00,187.75,238.75
2020-06-24 15:00:00+00:00,237.75,290.25
2020-06-24 16:00:00+00:00,336.75,307.0
2020-06-24 17:00:00+00:00,428.5,309.75
2020-06-24 18:00:00+00:00,519.25,359.25
2020-06-24 19:00:00+00:00,572.0,448.25
2020-06-24 20:00:00+00:00,615.75,536.75
2020-06-24 21:00:00+00:00,635.75,601.5
2020-06-24 22:00:00+00:00,529.25,661.5
2020-06-24 23:00:00+00:00,537.5,617.75
2020-06-25 00:00:00+00:00,594.5,615.5
2020-06-25 01:00:00+00:00,545.75,617.0
2020-06-25 02:00:00+00:00,549.0,603.5
2020-06-25 03:00:00+00:00,443.25,635.25
2020-06-25 04:00:00+00:00,397.0,571.5
2020-06-25 05:00:00+00:00,348.75,389.75
2020-06-25 06:00:00+00:00,314.25,261.25
2020-06-25 07:00:00+00:00,253.25,191.75
2020-06-25 08:00:00+00:00,243.25,184.0
2020-06-25 09:00:00+00:00,176.75,211.25
2020-06-25 10:00:00+00:00,175.5,280.75
2020-06-25 11:00:00+00:00,197.25,375.0
2020-06-25 12:00:00+00:00,207.25,407.0
2020-06-25 13:00:00+00:00,206.0,407.5
2020-06-25 14:00:00+00:00,229.25,398.25
2020-06-25 15:00:00+00:00,266.25,385.75
2020-06-25 16:00:00+00:00,310.5,355.0
2020-06-25 17:00:00+00:00,325.25,295.75
2020-06-25 18:00:00+00:00,321.25,279.75
2020-06-25 19:00:00+00:00,374.5,328.25
2020-06-25 20:00:00+00:00,403.25,402.0
2020-06-25 21:00:00+00:00,402.5,503.75
2020-06-25 22:00:00+00:00,510.25,600.0
2020-06-25 23:00:00+00:00,544.25,587.75
2020-06-26 00:00:00+00:00,509.0,495.75
2020-06-26 01:00:00+00:00,472.75,456.75
2020-06-26 02:00:00+00:00,537.0,451.25
2020-06-26 03:00:00+00:00,573.75,444.75
2020-06-26 04:00:00+00:00,440.5,409.0
2020-06-26 05:00:00+00:00,415.0,308.75
2020-06-26 06:00:00+00:00,409.75,231.25
2020-06-26 07:00:00+00:00,353.0,183.5
2020-06-26 08:00:00+00:00,262.25,219.5
2020-06-26 09:00:00+00:00,199.75,271.25
2020-06-26 10:00:00+00:00,238.25,354.5
2020-06-26 11:00:00+00:00,253.0,313.0
2020-06-26 12:00:00+00:00,246.75,241.5
2020-06-26 13:00:00+00:00,210.75,163.5
2020-06-26 14:00:00+00:00,167.5,134.25
2020-06-26 15:00:00+00:00,188.75,156.25
2020-06-26 16:00:00+00:00,235.5,194.75
2020-06-26 17:00:00+00:00,247.0,180.25
2020-06-26 18:00:00+00:00,244.25,169.75
2020-06-26 19:00:00+00:00,252.5,235.75
2020-06-26 20:00:00+00:00,330.5,266.25
2020-06-26 21:00:00+00:00,310.0,254.75
2020-06-26 22:00:00+00:00,283.25,289.75
2020-06-26 23:00:00+00:00,262.0,242.75
2020-06-27 00:00:00+00:00,261.75,131.75
2020-06-27 01:00:00+00:00,319.5,109.5
2020-06-27 02:00:00+00:00,240.25,138.0
2020-06-27 03:00:00+00:00,147.75,126.75
2020-06-27 04:00:00+00:00,70.75,134.5
2020-06-27 05:00:00+00:00,72.0,141.0
2020-06-27 06:00:00+00:00,98.75,175.5
2020-06-27 07:00:00+00:00,217.0,295.0
2020-06-27 08:00:00+00:00,190.5,370.5
2020-06-27 09:00:00+00:00,353.75,487.5
2020-06-27 10:00:00+00:00,237.75,490.0
2020-06-27 11:00:00+00:00,200.0,687.5
2020-06-27 12:00:00+00:00,230.0,646.0
2020-06-27 13:00:00+00:00,265.0,669.0
2020-06-27 14:00:00+00:00,401.5,704.75
2020-06-27 15:00:00+00:00,582.25,739.0
2020-06-27 16:00:00+00:00,495.75,1035.5
2020-06-27 17:00:00+00:00,507.5,796.5
2020-06-27 18:00:00+00:00,551.75,737.75
2020-06-27 19:00:00+00:00,618.0,870.75
2020-06-27 20:00:00+00:00,776.5,801.5
2020-06-27 21:00:00+00:00,1007.25,697.0
2020-06-27 22:00:00+00:00,1030.75,693.75
2020-06-27 23:00:00+00:00,1020.5,629.25
2020-06-28 00:00:00+00:00,1034.75,670.25
2020-06-28 01:00:00+00:00,1042.0,746.5
2020-06-28 02:00:00+00:00,1034.75,841.25
2020-06-28 03:00:00+00:00,1007.75,964.5
2020-06-28 04:00:00+00:00,952.75,975.0
2020-06-28 05:00:00+00:00,993.5,1017.0
2020-06-28 06:00:00+00:00,1021.75,1059.0
2020-06-28 07:00:00+00:00,1007.0,1170.0
2020-06-28 08:00:00+00:00,975.5,1177.25
2020-06-28 09:00:00+00:00,1005.0,1232.0
2020-06-28 10:00:00+00:00,945.25,1166.25
2020-06-28 11:00:00+00:00,913.25,1180.5
2020-06-28 12:00:00+00:00,998.75,1241.5
2020-06-28 13:00:00+00:00,973.0,1225.0
2020-06-28 14:00:00+00:00,1003.5,1264.75
2020-06-28 15:00:00+00:00,1031.25,1295.25
2020-06-28 16:00:00+00:00,1033.0,1213.5
2020-06-28 17:00:00+00:00,1015.75,1122.75
2020-06-28 18:00:00+00:00,1008.25,980.5
2020-06-28 19:00:00+00:00,1006.0,943.5
2020-06-28 20:00:00+00:00,994.5,922.75
2020-06-28 21:00:00+00:00,1013.5,878.0
2020-06-28 22:00:00+00:00,1030.5,927.5
2020-06-28 23:00:00+00:00,1031.0,911.75
2020-06-29 00:00:00+00:00,1021.25,910.5
2020-06-29 01:00:00+00:00,1003.25,940.0
2020-06-29 02:00:00+00:00,935.5,937.25
2020-06-29 03:00:00+00:00,842.75,921.25
2020-06-29 04:00:00+00:00,745.25,923.0
2020-06-29 05:00:00+00:00,731.75,975.5
2020-06-29 06:00:00+00:00,912.25,1015.75
2020-06-29 07:00:00+00:00,1005.25,991.25
2020-06-29 08:00:00+00:00,1009.75,1100.0
2020-06-29 09:00:00+00:00,1026.75,1207.75
2020-06-29 10:00:00+00:00,1024.0,1259.5
2020-06-29 11:00:00+00:00,1026.75,1343.0
2020-06-29 12:00:00+00:00,1031.75,1313.0
2020-06-29 13:00:00+00:00,1034.25,1275.0
2020-06-29 14:00:00+00:00,1038.5,1256.5
2020-06-29 15:00:00+00:00,1043.5,1377.25
2020-06-29 16:00:00+00:00,1039.5,1332.75
2020-06-29 17:00:00+00:00,1038.5,1360.25
2020-06-29 18:00:00+00:00,1038.75,1411.5
2020-06-29 19:00:00+00:00,1035.0,1409.25
2020-06-29 20:00:00+00:00,1029.75,1427.5
2020-06-29 21:00:00+00:00,1023.0,1354.0
2020-06-29 22:00:00+00:00,1021.5,1318.75
2020-06-29 23:00:00+00:00,1032.0,1249.5
2020-06-30 00:00:00+00:00,1027.0,1201.25
2020-06-30 01:00:00+00:00,1030.0,1162.25
2020-06-30 02:00:00+00:00,1025.75,1112.25
2020-06-30 03:00:00+00:00,1026.25,1074.25
2020-06-30 04:00:00+00:00,1019.75,1063.25
2020-06-30 05:00:00+00:00,1033.5,1029.75
2020-06-30 06:00:00+00:00,1031.75,1087.75
2020-06-30 07:00:00+00:00,1008.5,1035.5
2020-06-30 08:00:00+00:00,1014.0,1056.5
2020-06-30 09:00:00+00:00,1013.25,1094.75
2020-06-30 10:00:00+00:00,1020.5,1132.5
2020-06-30 11:00:00+00:00,1006.0,1116.25
2020-06-30 12:00:00+00:00,996.0,1106.75
2020-06-30 13:00:00+00:00,973.75,1095.5
2020-06-30 14:00:00+00:00,885.25,879.75
2020-06-30 15:00:00+00:00,880.0,738.25
2020-06-30 16:00:00+00:00,828.5,669.25
2020-06-30 17:00:00+00:00,722.5,686.75
2020-06-30 18:00:00+00:00,702.25,784.75
2020-06-30 19:00:00+00:00,669.5,712.0
2020-06-30 20:00:00+00:00,579.0,588.75
2020-06-30 21:00:00+00:00,531.75,584.25
2020-06-30 22:00:00+00:00,456.25,587.0
2020-06-30 23:00:00+00:00,403.5,521.0
2020-07-01 00:00:00+00:00,364.5,435.25
2020-07-01 01:00:00+00:00,322.5,362.5
2020-07-01 02:00:00+00:00,303.25,365.5
2020-07-01 03:00:00+00:00,291.5,367.5
2020-07-01 04:00:00+00:00,338.75,360.75
2020-07-01 05:00:00+00:00,337.25,419.75
2020-07-01 06:00:00+00:00,397.5,464.75
2020-07-01 07:00:00+00:00,512.75,512.25
2020-07-01 08:00:00+00:00,572.25,548.5
2020-07-01 09:00:00+00:00,593.5,552.25
2020-07-01 10:00:00+00:00,543.25,751.0
2020-07-01 11:00:00+00:00,600.75,901.25
2020-07-01 12:00:00+00:00,555.0,1027.75
2020-07-01 13:00:00+00:00,523.75,1108.0
2020-07-01 14:00:00+00:00,627.25,1056.75
2020-07-01 15:00:00+00:00,689.25,1072.75
2020-07-01 16:00:00+00:00,770.5,1030.25
2020-07-01 17:00:00+00:00,846.0,928.25
2020-07-01 18:00:00+00:00,818.25,792.0
2020-07-01 19:00:00+00:00,550.0,723.5
2020-07-01 20:00:00+00:00,473.0,609.75
2020-07-01 21:00:00+00:00,386.0,564.75
2020-07-01 22:00:00+00:00,377.5,489.5
2020-07-01 23:00:00+00:00,323.0,549.75
2020-07-02 00:00:00+00:00,287.0,517.0
2020-07-02 01:00:00+00:00,234.0,445.0
2020-07-02 02:00:00+00:00,204.75,430.0
2020-07-02 03:00:00+00:00,225.5,408.0
2020-07-02 04:00:00+00:00,237.0,412.25
2020-07-02 05:00:00+00:00,192.0,410.75
2020-07-02 06:00:00+00:00,188.75,454.5
2020-07-02 07:00:00+00:00,227.0,435.75
2020-07-02 08:00:00+00:00,237.0,531.25
2020-07-02 09:00:00+00:00,221.25,617.0
2020-07-02 10:00:00+00:00,228.25,684.25
2020-07-02 11:00:00+00:00,241.25,741.0
2020-07-02 12:00:00+00:00,268.5,742.75
2020-07-02 13:00:00+00:00,316.75,737.5
2020-07-02 14:00:00+00:00,357.0,748.75
2020-07-02 15:00:00+00:00,360.5,826.25
2020-07-02 16:00:00+00:00,310.5,792.75
2020-07-02 17:00:00+00:00,292.75,723.5
2020-07-02 18:00:00+00:00,272.5,574.75
2020-07-02 19:00:00+00:00,223.75,490.75
2020-07-02 20:00:00+00:00,208.25,424.75
2020-07-02 21:00:00+00:00,106.5,424.75
2020-07-02 22:00:00+00:00,61.5,422.0
2020-07-02 23:00:00+00:00,65.0,305.75
2020-07-03 00:00:00+00:00,43.0,246.75
2020-07-03 01:00:00+00:00,15.75,198.0
2020-07-03 02:00:00+00:00,0.0,176.0
2020-07-03 03:00:00+00:00,6.25,182.25
2020-07-03 04:00:00+00:00,21.75,191.5
2020-07-03 05:00:00+00:00,45.75,240.5
2020-07-03 06:00:00+00:00,121.25,268.0
2020-07-03 07:00:00+00:00,233.0,350.0
2020-07-03 08:00:00+00:00,287.75,430.75
2020-07-03 09:00:00+00:00,494.25,548.25
2020-07-03 10:00:00+00:00,750.25,627.0
2020-07-03 11:00:00+00:00,957.5,854.5
2020-07-03 12:00:00+00:00,992.75,1124.5
2020-07-03 13:00:00+00:00,1012.25,1265.25
2020-07-03 14:00:00+00:00,1026.0,1351.25
2020-07-03 15:00:00+00:00,1027.5,1344.0
2020-07-03 16:00:00+00:00,1040.75,1370.25
2020-07-03 17:00:00+00:00,1047.25,1336.5
2020-07-03 18:00:00+00:00,1047.25,1342.0
2020-07-03 19:00:00+00:00,1052.25,1330.25
2020-07-03 20:00:00+00:00,1047.75,1301.0
2020-07-03 21:00:00+00:00,1048.0,1307.0
2020-07-03 22:00:00+00:00,1052.5,1329.25
2020-07-03 23:00:00+00:00,1052.75,1328.0
2020-07-04 00:00:00+00:00,1052.5,1281.75
2020-07-04 01:00:00+00:00,1048.5,1337.75
2020-07-04 02:00:00+00:00,1052.0,1311.75
2020-07-04 03:00:00+00:00,1055.75,1301.75
2020-07-04 04:00:00+00:00,1054.75,1326.0
2020-07-04 05:00:00+00:00,1053.0,1320.0
2020-07-04 06:00:00+00:00,1053.0,1334.75
2020-07-04 07:00:00+00:00,1043.75,1327.0
2020-07-04 08:00:00+00:00,1042.25,1330.25
2020-07-04 09:00:00+00:00,1048.25,1399.75
2020-07-04 10:00:00+00:00,1048.0,1434.0
2020-07-04 11:00:00+00:00,1047.0,1423.5
2020-07-04 12:00:00+00:00,1045.0,1403.0
2020-07-04 13:00:00+00:00,1045.5,1354.75
2020-07-04 14:00:00+00:00,1048.0,1336.5
2020-07-04 15:00:00+00:00,1045.5,1306.5
2020-07-04 16:00:00+00:00,1048.0,1310.5
2020-07-04 17:00:00+00:00,1049.5,1283.25
2020-07-04 18:00:00+00:00,1046.75,1279.0
2020-07-04 19:00:00+00:00,1012.0,1215.0
2020-07-04 20:00:00+00:00,988.25,1268.5
2020-07-04 21:00:00+00:00,996.25,1238.5
2020-07-04 22:00:00+00:00,977.5,1311.0
2020-07-04 23:00:00+00:00,1040.0,1304.5
2020-07-05 00:00:00+00:00,1042.0,1297.25
2020-07-05 01:00:00+00:00,892.25,1315.75
2020-07-05 02:00:00+00:00,866.0,1370.0
2020-07-05 03:00:00+00:00,723.25,1408.5
2020-07-05 04:00:00+00:00,722.0,1362.25
2020-07-05 05:00:00+00:00,721.25,1387.75
2020-07-05 06:00:00+00:00,711.75,1444.75
2020-07-05 07:00:00+00:00,713.75,1456.0
2020-07-05 08:00:00+00:00,712.0,1431.25
2020-07-05 09:00:00+00:00,1020.5,1470.25
2020-07-05 10:00:00+00:00,946.0,1392.0
2020-07-05 11:00:00+00:00,817.25,1329.5
2020-07-05 12:00:00+00:00,560.75,1254.5
2020-07-05 13:00:00+00:00,373.5,1220.25
2020-07-05 14:00:00+00:00,327.25,1110.25
2020-07-05 15:00:00+00:00,751.5,1226.5
2020-07-05 16:00:00+00:00,1042.25,1357.75
2020-07-05 17:00:00+00:00,1027.5,1313.0
2020-07-05 18:00:00+00:00,869.25,1209.5
2020-07-05 19:00:00+00:00,963.25,1197.0
2020-07-05 20:00:00+00:00,1032.25,1249.0
2020-07-05 21:00:00+00:00,1035.75,1243.25
2020-07-05 22:00:00+00:00,1036.5,1303.0
2020-07-05 23:00:00+00:00,1026.25,1296.25
2020-07-06 00:00:00+00:00,1051.25,1263.25
2020-07-06 01:00:00+00:00,1047.5,1373.5
2020-07-06 02:00:00+00:00,1048.75,1380.75
2020-07-06 03:00:00+00:00,1047.75,1391.25
2020-07-06 04:00:00+00:00,1046.75,1371.5
2020-07-06 05:00:00+00:00,1048.25,1314.25
2020-07-06 06:00:00+00:00,1046.5,1297.5
2020-07-06 07:00:00+00:00,1038.75,1313.75
2020-07-06 08:00:00+00:00,1027.5,1260.0
2020-07-06 09:00:00+00:00,1019.5,1203.0
2020-07-06 10:00:00+00:00,1017.0,1259.0
2020-07-06 11:00:00+00:00,1005.25,1261.0
2020-07-06 12:00:00+00:00,970.25,1281.25
2020-07-06 13:00:00+00:00,966.25,1195.25
2020-07-06 14:00:00+00:00,862.0,1178.0
2020-07-06 15:00:00+00:00,817.5,1061.5
2020-07-06 16:00:00+00:00,754.75,922.5
2020-07-06 17:00:00+00:00,673.75,767.5
2020-07-06 18:00:00+00:00,633.75,568.0
2020-07-06 19:00:00+00:00,608.5,406.75
2020-07-06 20:00:00+00:00,546.75,366.75
2020-07-06 21:00:00+00:00,549.75,350.0
2020-07-06 22:00:00+00:00,465.5,312.0
2020-07-06 23:00:00+00:00,405.5,249.25
2020-07-07 00:00:00+00:00,230.5,201.75
2020-07-07 01:00:00+00:00,148.25,201.75
2020-07-07 02:00:00+00:00,172.0,195.0
2020-07-07 03:00:00+00:00,302.5,196.75
2020-07-07 04:00:00+00:00,433.5,241.75
2020-07-07 05:00:00+00:00,456.5,243.5
2020-07-07 06:00:00+00:00,606.25,257.75
2020-07-07 07:00:00+00:00,589.25,339.0
2020-07-07 08:00:00+00:00,470.5,454.5
2020-07-07 09:00:00+00:00,488.5,549.75
2020-07-07 10:00:00+00:00,479.75,601.5
2020-07-07 11:00:00+00:00,497.25,644.75
2020-07-07 12:00:00+00:00,597.0,593.25
2020-07-07 13:00:00+00:00,624.25,611.25
2020-07-07 14:00:00+00:00,606.0,553.75
2020-07-07 15:00:00+00:00,584.5,444.25
2020-07-07 16:00:00+00:00,540.0,316.5
2020-07-07 17:00:00+00:00,492.0,281.0
2020-07-07 18:00:00+00:00,400.75,205.0
2020-07-07 19:00:00+00:00,391.25,179.25
2020-07-07 20:00:00+00:00,248.75,193.25
2020-07-07 21:00:00+00:00,224.75,198.5
2020-07-07 22:00:00+00:00,166.75,151.5
2020-07-07 23:00:00+00:00,141.0,134.5
2020-07-08 00:00:00+00:00,130.0,134.75
2020-07-08 01:00:00+00:00,104.25,158.75
2020-07-08 02:00:00+00:00,89.5,142.0
2020-07-08 03:00:00+00:00,59.5,141.25
2020-07-08 04:00:00+00:00,36.5,142.0
2020-07-08 05:00:00+00:00,21.5,152.5
2020-07-08 06:00:00+00:00,22.0,150.5
2020-07-08 07:00:00+00:00,30.5,149.25
2020-07-08 08:00:00+00:00,40.5,144.75
2020-07-08 09:00:00+00:00,43.75,123.5
2020-07-08 10:00:00+00:00,47.25,105.25
2020-07-08 11:00:00+00:00,47.5,105.0
2020-07-08 12:00:00+00:00,54.25,117.0
2020-07-08 13:00:00+00:00,47.75,139.5
2020-07-08 14:00:00+00:00,52.5,143.0
2020-07-08 15:00:00+00:00,37.25,138.75
2020-07-08 16:00:00+00:00,24.25,132.0
2020-07-08 17:00:00+00:00,19.75,111.5
2020-07-08 18:00:00+00:00,22.0,103.5
2020-07-08 19:00:00+00:00,16.0,98.25
2020-07-08 20:00:00+00:00,13.5,101.75
2020-07-08 21:00:00+00:00,24.5,113.75
2020-07-08 22:00:00+00:00,56.25,139.0
2020-07-08 23:00:00+00:00,76.25,173.5
2020-07-09 00:00:00+00:00,153.0,234.0
2020-07-09 01:00:00+00:00,207.25,368.0
2020-07-09 02:00:00+00:00,257.5,447.5
2020-07-09 03:00:00+00:00,342.25,524.75
2020-07-09 04:00:00+00:00,453.0,564.5
2020-07-09 05:00:00+00:00,506.5,581.0
2020-07-09 06:00:00+00:00,543.5,701.75
2020-07-09 07:00:00+00:00,581.5,853.25
2020-07-09 08:00:00+00:00,630.5,896.25
2020-07-09 09:00:00+00:00,635.5,935.0
2020-07-09 10:00:00+00:00,588.75,1021.75
2020-07-09 11:00:00+00:00,591.5,1030.75
2020-07-09 12:00:00+00:00,543.0,1017.5
2020-07-09 13:00:00+00:00,468.25,918.75
2020-07-09 14:00:00+00:00,476.75,792.75
2020-07-09 15:00:00+00:00,458.75,686.5
2020-07-09 16:00:00+00:00,459.5,639.0
2020-07-09 17:00:00+00:00,400.0,585.25
2020-07-09 18:00:00+00:00,380.75,505.5
2020-07-09 19:00:00+00:00,332.25,457.75
2020-07-09 20:00:00+00:00,295.75,371.0
2020-07-09 21:00:00+00:00,369.5,350.0
2020-07-09 22:00:00+00:00,416.5,365.75
2020-07-09 23:00:00+00:00,439.0,411.25
2020-07-10 00:00:00+00:00,532.5,389.25
2020-07-10 01:00:00+00:00,579.25,458.0
2020-07-10 02:00:00+00:00,573.5,547.25
2020-07-10 03:00:00+00:00,663.25,625.75
2020-07-10 04:00:00+00:00,648.25,524.25
2020-07-10 05:00:00+00:00,646.25,528.75
2020-07-10 06:00:00+00:00,585.25,444.5
2020-07-10 07:00:00+00:00,522.25,489.5
2020-07-10 08:00:00+00:00,568.75,704.5
2020-07-10 09:00:00+00:00,374.5,598.75
2020-07-10 10:00:00+00:00,307.25,439.0
2020-07-10 11:00:00+00:00,339.5,360.25
2020-07-10 12:00:00+00:00,355.5,403.75
2020-07-10 13:00:00+00:00,443.5,406.25
2020-07-10 14:00:00+00:00,397.75,365.5
2020-07-10 15:00:00+00:00,285.75,320.0
2020-07-10 16:00:00+00:00,247.25,323.0
2020-07-10 17:00:00+00:00,291.25,277.5
2020-07-10 18:00:00+00:00,362.25,222.5
2020-07-10 19:00:00+00:00,333.25,190.25
2020-07-10 20:00:00+00:00,312.0,179.25
2020-07-10 21:00:00+00:00,279.5,148.5
2020-07-10 22:00:00+00:00,261.0,135.75
2020-07-10 23:00:00+00:00,269.0,149.25
2020-07-11 00:00:00+00:00,261.0,164.0
2020-07-11 01:00:00+00:00,226.75,143.0
2020-07-11 02:00:00+00:00,182.25,141.5
2020-07-11 03:00:00+00:00,203.25,129.0
2020-07-11 04:00:00+00:00,145.25,122.75
2020-07-11 05:00:00+00:00,146.75,121.0
2020-07-11 06:00:00+00:00,122.0,113.0
2020-07-11 07:00:00+00:00,113.75,119.25
2020-07-11 08:00:00+00:00,90.5,135.25
2020-07-11 09:00:00+00:00,109.5,175.75
2020-07-11 10:00:00+00:00,101.5,194.0
2020-07-11 11:00:00+00:00,105.25,252.75
2020-07-11 12:00:00+00:00,143.75,318.25
2020-07-11 13:00:00+00:00,159.75,392.75
2020-07-11 14:00:00+00:00,150.5,397.75
2020-07-11 15:00:00+00:00,98.25,372.0
2020-07-11 16:00:00+00:00,92.5,346.0
2020-07-11 17:00:00+00:00,89.75,293.5
2020-07-11 18:00:00+00:00,72.75,205.25
2020-07-11 19:00:00+00:00,61.0,168.5
2020-07-11 20:00:00+00:00,65.0,148.0
2020-07-11 21:00:00+00:00,38.75,133.75
2020-07-11 22:00:00+00:00,34.75,113.75
2020-07-11 23:00:00+00:00,47.75,110.5
2020-07-12 00:00:00+00:00,55.75,99.25
2020-07-12 01:00:00+00:00,44.25,91.5
2020-07-12 02:00:00+00:00,59.25,90.25
2020-07-12 03:00:00+00:00,94.5,87.75
2020-07-12 04:00:00+00:00,69.25,89.25
2020-07-12 05:00:00+00:00,63.5,85.25
2020-07-12 06:00:00+00:00,63.75,81.75
2020-07-12 07:00:00+00:00,54.25,77.5
2020-07-12 08:00:00+00:00,43.25,83.5
2020-07-12 09:00:00+00:00,19.0,93.5
2020-07-12 10:00:00+00:00,10.75,99.5
2020-07-12 11:00:00+00:00,24.25,115.5
2020-07-12 12:00:00+00:00,48.5,119.25
2020-07-12 13:00:00+00:00,51.0,130.5
2020-07-12 14:00:00+00:00,38.25,142.25
2020-07-12 15:00:00+00:00,31.5,157.75
2020-07-12 16:00:00+00:00,30.5,154.5
2020-07-12 17:00:00+00:00,23.0,169.75
2020-07-12 18:00:00+00:00,20.5,174.0
2020-07-12 19:00:00+00:00,17.5,173.5
2020-07-12 20:00:00+00:00,25.75,187.5
2020-07-12 21:00:00+00:00,37.5,202.5
2020-07-12 22:00:00+00:00,57.25,196.25
2020-07-12 23:00:00+00:00,61.5,186.5
2020-07-13 00:00:00+00:00,48.25,180.5
2020-07-13 01:00:00+00:00,30.5,168.0
2020-07-13 02:00:00+00:00,39.0,145.75
2020-07-13 03:00:00+00:00,55.0,141.0
2020-07-13 04:00:00+00:00,61.75,119.25
2020-07-13 05:00:00+00:00,59.5,89.0
2020-07-13 06:00:00+00:00,82.75,70.5
2020-07-13 07:00:00+00:00,92.25,72.75
2020-07-13 08:00:00+00:00,126.5,74.75
2020-07-13 09:00:00+00:00,149.5,77.75
2020-07-13 10:00:00+00:00,190.5,82.0
2020-07-13 11:00:00+00:00,201.25,85.5
2020-07-13 12:00:00+00:00,185.5,91.25
2020-07-13 13:00:00+00:00,148.0,91.0
2020-07-13 14:00:00+00:00,136.75,96.5
2020-07-13 15:00:00+00:00,130.75,111.0
2020-07-13 16:00:00+00:00,155.25,110.5
2020-07-13 17:00:00+00:00,204.0,115.5
2020-07-13 18:00:00+00:00,302.0,111.25
2020-07-13 19:00:00+00:00,368.5,128.25
2020-07-13 20:00:00+00:00,451.5,131.25
2020-07-13 21:00:00+00:00,386.5,147.75
2020-07-13 22:00:00+00:00,289.25,159.25
2020-07-13 23:00:00+00:00,183.75,174.75
2020-07-14 00:00:00+00:00,140.5,169.75
2020-07-14 01:00:00+00:00,125.5,162.5
2020-07-14 02:00:00+00:00,144.0,177.75
2020-07-14 03:00:00+00:00,238.75,132.25
2020-07-14 04:00:00+00:00,177.5,124.5
2020-07-14 05:00:00+00:00,63.0,147.75
2020-07-14 06:00:00+00:00,82.75,168.5
2020-07-14 07:00:00+00:00,87.75,138.25
2020-07-14 08:00:00+00:00,59.5,134.5
2020-07-14 09:00:00+00:00,33.25,158.75
2020-07-14 10:00:00+00:00,73.75,164.75
2020-07-14 11:00:00+00:00,100.0,137.25
2020-07-14 12:00:00+00:00,130.75,137.0
2020-07-14 13:00:00+00:00,146.5,141.5
2020-07-14 14:00:00+00:00,184.0,142.75
2020-07-14 15:00:00+00:00,198.0,137.5
2020-07-14 16:00:00+00:00,200.5,135.5
2020-07-14 17:00:00+00:00,134.25,173.25
2020-07-14 18:00:00+00:00,81.75,210.25
2020-07-14 19:00:00+00:00,75.0,214.25
2020-07-14 20:00:00+00:00,34.75,202.5
2020-07-14 21:00:00+00:00,13.0,150.25
2020-07-14 22:00:00+00:00,27.75,133.0
2020-07-14 23:00:00+00:00,28.0,138.5
2020-07-15 00:00:00+00:00,20.75,155.75
2020-07-15 01:00:00+00:00,28.25,198.5
2020-07-15 02:00:00+00:00,35.0,220.75
2020-07-15 03:00:00+00:00,43.5,185.5
2020-07-15 04:00:00+00:00,46.25,171.5
2020-07-15 05:00:00+00:00,51.5,140.25
2020-07-15 06:00:00+00:00,15.75,116.25
2020-07-15 07:00:00+00:00,7.25,99.25
2020-07-15 08:00:00+00:00,20.0,109.75
2020-07-15 09:00:00+00:00,16.25,95.0
2020-07-15 10:00:00+00:00,2.75,103.0
2020-07-15 11:00:00+00:00,2.0,113.75
2020-07-15 12:00:00+00:00,3.0,122.5
2020-07-15 13:00:00+00:00,14.75,131.25
2020-07-15 14:00:00+00:00,20.0,135.75
2020-07-15 15:00:00+00:00,20.0,142.5
2020-07-15 16:00:00+00:00,15.25,151.25
2020-07-15 17:00:00+00:00,56.0,138.25
2020-07-15 18:00:00+00:00,74.25,131.5
2020-07-15 19:00:00+00:00,52.5,131.75
2020-07-15 20:00:00+00:00,85.75,117.5
2020-07-15 21:00:00+00:00,67.25,115.25
2020-07-15 22:00:00+00:00,76.75,138.0
2020-07-15 23:00:00+00:00,100.5,152.75
2020-07-16 00:00:00+00:00,106.0,163.5
2020-07-16 01:00:00+00:00,100.25,156.25
2020-07-16 02:00:00+00:00,130.25,155.75
2020-07-16 03:00:00+00:00,124.5,169.75
2020-07-16 04:00:00+00:00,133.25,183.25
2020-07-16 05:00:00+00:00,155.0,189.75
2020-07-16 06:00:00+00:00,175.75,178.0
2020-07-16 07:00:00+00:00,171.5,166.75
2020-07-16 08:00:00+00:00,134.75,172.25
2020-07-16 09:00:00+00:00,122.0,194.0
2020-07-16 10:00:00+00:00,106.75,228.75
2020-07-16 11:00:00+00:00,121.0,266.75
2020-07-16 12:00:00+00:00,118.75,325.5
2020-07-16 13:00:00+00:00,103.25,398.75
2020-07-16 14:00:00+00:00,119.25,445.0
2020-07-16 15:00:00+00:00,102.25,426.75
2020-07-16 16:00:00+00:00,87.0,384.5
2020-07-16 17:00:00+00:00,45.5,319.75
2020-07-16 18:00:00+00:00,36.0,224.5
2020-07-16 19:00:00+00:00,25.5,185.0
2020-07-16 20:00:00+00:00,21.75,164.75
2020-07-16 21:00:00+00:00,13.25,146.5
2020-07-16 22:00:00+00:00,0.5,132.75
2020-07-16 23:00:00+00:00,7.5,121.25
2020-07-17 00:00:00+00:00,7.0,115.75
2020-07-17 01:00:00+00:00,1.5,109.0
2020-07-17 02:00:00+00:00,1.5,106.0
2020-07-17 03:00:00+00:00,0.75,101.5
2020-07-17 04:00:00+00:00,3.0,93.25
2020-07-17 05:00:00+00:00,2.0,83.75
2020-07-17 06:00:00+00:00,0.75,81.75
2020-07-17 07:00:00+00:00,2.75,80.0
2020-07-17 08:00:00+00:00,5.5,80.25
2020-07-17 09:00:00+00:00,7.75,83.25
2020-07-17 10:00:00+00:00,22.5,84.5
2020-07-17 11:00:00+00:00,26.75,85.75
2020-07-17 12:00:00+00:00,20.5,87.0
2020-07-17 13:00:00+00:00,26.5,88.0
2020-07-17 14:00:00+00:00,23.0,88.25
2020-07-17 15:00:00+00:00,16.5,92.5
2020-07-17 16:00:00+00:00,21.75,90.0
2020-07-17 17:00:00+00:00,10.5,78.0
2020-07-17 18:00:00+00:00,22.25,80.75
2020-07-17 19:00:00+00:00,17.5,80.75
2020-07-17 20:00:00+00:00,12.0,79.75
2020-07-17 21:00:00+00:00,23.75,81.25
2020-07-17 22:00:00+00:00,39.75,85.0
2020-07-17 23:00:00+00:00,55.75,109.0
2020-07-18 00:00:00+00:00,92.5,126.0
2020-07-18 01:00:00+00:00,116.75,136.25
2020-07-18 02:00:00+00:00,134.25,138.75
2020-07-18 03:00:00+00:00,147.25,136.5
2020-07-18 04:00:00+00:00,153.5,123.75
2020-07-18 05:00:00+00:00,188.0,117.75
2020-07-18 06:00:00+00:00,209.0,102.0
2020-07-18 07:00:00+00:00,264.5,93.0
2020-07-18 08:00:00+00:00,290.0,89.75
2020-07-18 09:00:00+00:00,295.75,117.0
2020-07-18 10:00:00+00:00,329.0,113.25
2020-07-18 11:00:00+00:00,334.0,127.5
2020-07-18 12:00:00+00:00,342.5,115.25
2020-07-18 13:00:00+00:00,263.25,124.25
2020-07-18 14:00:00+00:00,232.5,148.0
2020-07-18 15:00:00+00:00,155.0,154.75
2020-07-18 16:00:00+00:00,94.75,134.5
2020-07-18 17:00:00+00:00,71.75,108.0
2020-07-18 18:00:00+00:00,64.25,98.0
2020-07-18 19:00:00+00:00,78.25,79.75
2020-07-18 20:00:00+00:00,76.25,69.25
2020-07-18 21:00:00+00:00,43.0,64.0
2020-07-18 22:00:00+00:00,34.75,64.75
2020-07-18 23:00:00+00:00,20.5,46.5
2020-07-19 00:00:00+00:00,23.0,54.75
2020-07-19 01:00:00+00:00,21.75,50.5
2020-07-19 02:00:00+00:00,37.75,54.5
2020-07-19 03:00:00+00:00,48.5,63.75
2020-07-19 04:00:00+00:00,54.75,89.5
2020-07-19 05:00:00+00:00,76.5,88.75
2020-07-19 06:00:00+00:00,115.5,81.75
2020-07-19 07:00:00+00:00,113.25,89.0
2020-07-19 08:00:00+00:00,62.0,115.5
2020-07-19 09:00:00+00:00,89.75,126.75
2020-07-19 10:00:00+00:00,68.0,148.25
2020-07-19 11:00:00+00:00,49.25,141.25
2020-07-19 12:00:00+00:00,69.5,125.0
2020-07-19 13:00:00+00:00,108.0,153.5
2020-07-19 14:00:00+00:00,296.0,266.25
2020-07-19 15:00:00+00:00,449.0,353.0
2020-07-19 16:00:00+00:00,393.75,393.25
2020-07-19 17:00:00+00:00,342.5,392.5
2020-07-19 18:00:00+00:00,375.5,428.75
2020-07-19 19:00:00+00:00,364.5,439.25
2020-07-19 20:00:00+00:00,312.75,424.5
2020-07-19 21:00:00+00:00,281.75,324.25
2020-07-19 22:00:00+00:00,220.5,241.25
2020-07-19 23:00:00+00:00,173.0,195.25
2020-07-20 00:00:00+00:00,173.25,159.25
2020-07-20 01:00:00+00:00,216.75,189.75
2020-07-20 02:00:00+00:00,194.5,221.0
2020-07-20 03:00:00+00:00,238.0,203.5
2020-07-20 04:00:00+00:00,293.0,202.25
2020-07-20 05:00:00+00:00,235.75,183.0
2020-07-20 06:00:00+00:00,237.75,201.5
2020-07-20 07:00:00+00:00,162.25,259.5
2020-07-20 08:00:00+00:00,119.0,251.25
2020-07-20 09:00:00+00:00,86.75,254.75
2020-07-20 10:00:00+00:00,62.75,283.75
2020-07-20 11:00:00+00:00,49.75,309.75
2020-07-20 12:00:00+00:00,50.75,303.0
2020-07-20 13:00:00+00:00,56.25,308.25
2020-07-20 14:00:00+00:00,72.75,309.0
2020-07-20 15:00:00+00:00,106.0,316.0
2020-07-20 16:00:00+00:00,161.25,284.0
2020-07-20 17:00:00+00:00,145.75,256.25
2020-07-20 18:00:00+00:00,103.5,268.75
2020-07-20 19:00:00+00:00,86.0,241.75
2020-07-20 20:00:00+00:00,92.75,195.5
2020-07-20 21:00:00+00:00,77.25,202.5
2020-07-20 22:00:00+00:00,87.25,193.0
2020-07-20 23:00:00+00:00,88.5,178.75
2020-07-21 00:00:00+00:00,113.25,167.75
2020-07-21 01:00:00+00:00,151.5,205.25
2020-07-21 02:00:00+00:00,210.75,228.75
2020-07-21 03:00:00+00:00,194.25,239.5
2020-07-21 04:00:00+00:00,177.75,210.0
2020-07-21 05:00:00+00:00,187.5,167.25
2020-07-21 06:00:00+00:00,134.5,158.25
2020-07-21 07:00:00+00:00,112.75,158.5
2020-07-21 08:00:00+00:00,98.75,154.25
2020-07-21 09:00:00+00:00,114.75,158.5
2020-07-21 10:00:00+00:00,131.5,168.25
2020-07-21 11:00:00+00:00,140.0,189.75
2020-07-21 12:00:00+00:00,172.0,245.0
2020-07-21 13:00:00+00:00,216.75,340.25
2020-07-21 14:00:00+00:00,207.25,388.75
2020-07-21 15:00:00+00:00,198.25,388.75
2020-07-21 16:00:00+00:00,189.5,365.75
2020-07-21 17:00:00+00:00,181.75,314.0
2020-07-21 18:00:00+00:00,187.75,251.25
2020-07-21 19:00:00+00:00,262.0,228.25
2020-07-21 20:00:00+00:00,250.25,196.5
2020-07-21 21:00:00+00:00,201.5,153.75
2020-07-21 22:00:00+00:00,175.75,146.0
2020-07-21 23:00:00+00:00,134.0,134.25
2020-07-22 00:00:00+00:00,132.5,123.25
2020-07-22 01:00:00+00:00,111.5,128.0
2020-07-22 02:00:00+00:00,88.75,117.5
2020-07-22 03:00:00+00:00,95.25,110.5
2020-07-22 04:00:00+00:00,90.75,109.0
2020-07-22 05:00:00+00:00,91.5,97.75
2020-07-22 06:00:00+00:00,91.0,90.25
2020-07-22 07:00:00+00:00,62.0,93.75
2020-07-22 08:00:00+00:00,26.0,95.5
2020-07-22 09:00:00+00:00,10.5,91.75
2020-07-22 10:00:00+00:00,1.75,101.75
2020-07-22 11:00:00+00:00,0.0,115.25
2020-07-22 12:00:00+00:00,0.0,138.0
2020-07-22 13:00:00+00:00,0.0,131.25
2020-07-22 14:00:00+00:00,0.0,149.5
2020-07-22 15:00:00+00:00,0.75,168.75
2020-07-22 16:00:00+00:00,0.5,155.0
2020-07-22 17:00:00+00:00,0.0,129.75
2020-07-22 18:00:00+00:00,3.0,109.5
2020-07-22 19:00:00+00:00,8.0,88.25
2020-07-22 20:00:00+00:00,11.25,82.75
2020-07-22 21:00:00+00:00,18.0,84.75
2020-07-22 22:00:00+00:00,20.0,89.0
2020-07-22 23:00:00+00:00,37.75,90.25
2020-07-23 00:00:00+00:00,93.0,97.0
2020-07-23 01:00:00+00:00,176.25,132.75
2020-07-23 02:00:00+00:00,254.75,201.75
2020-07-23 03:00:00+00:00,290.25,270.0
2020-07-23 04:00:00+00:00,446.75,306.5
2020-07-23 05:00:00+00:00,566.5,331.5
2020-07-23 06:00:00+00:00,637.25,291.5
2020-07-23 07:00:00+00:00,570.0,312.5
2020-07-23 08:00:00+00:00,572.75,336.0
2020-07-23 09:00:00+00:00,597.25,349.75
2020-07-23 10:00:00+00:00,599.75,335.75
2020-07-23 11:00:00+00:00,577.75,356.25
2020-07-23 12:00:00+00:00,550.0,373.0
2020-07-23 13:00:00+00:00,461.75,373.5
2020-07-23 14:00:00+00:00,573.25,329.5
2020-07-23 15:00:00+00:00,521.0,333.75
2020-07-23 16:00:00+00:00,585.0,286.5
2020-07-23 17:00:00+00:00,535.0,270.0
2020-07-23 18:00:00+00:00,495.5,196.5
2020-07-23 19:00:00+00:00,528.25,218.25
2020-07-23 20:00:00+00:00,594.25,317.0
2020-07-23 21:00:00+00:00,521.0,378.75
2020-07-23 22:00:00+00:00,469.0,474.75
2020-07-23 23:00:00+00:00,424.75,516.5
2020-07-24 00:00:00+00:00,306.0,506.0
2020-07-24 01:00:00+00:00,196.75,454.0
2020-07-24 02:00:00+00:00,276.0,378.75
2020-07-24 03:00:00+00:00,292.25,325.5
2020-07-24 04:00:00+00:00,229.75,316.75
2020-07-24 05:00:00+00:00,245.5,286.5
2020-07-24 06:00:00+00:00,161.75,241.5
2020-07-24 07:00:00+00:00,138.75,211.0
2020-07-24 08:00:00+00:00,163.5,193.0
2020-07-24 09:00:00+00:00,157.0,192.75
2020-07-24 10:00:00+00:00,136.0,248.0
2020-07-24 11:00:00+00:00,180.5,273.0
2020-07-24 12:00:00+00:00,202.75,354.0
2020-07-24 13:00:00+00:00,120.5,417.0
2020-07-24 14:00:00+00:00,74.0,338.25
2020-07-24 15:00:00+00:00,95.5,249.0
2020-07-24 16:00:00+00:00,81.5,198.75
2020-07-24 17:00:00+00:00,93.25,221.75
2020-07-24 18:00:00+00:00,148.5,171.75
2020-07-24 19:00:00+00:00,220.0,135.25
2020-07-24 20:00:00+00:00,279.75,135.75
2020-07-24 21:00:00+00:00,277.75,188.0
2020-07-24 22:00:00+00:00,272.5,246.5
2020-07-24 23:00:00+00:00,287.75,290.0
2020-07-25 00:00:00+00:00,363.5,292.0
2020-07-25 01:00:00+00:00,354.5,328.75
2020-07-25 02:00:00+00:00,396.25,345.0
2020-07-25 03:00:00+00:00,458.25,374.25
2020-07-25 04:00:00+00:00,523.25,439.25
2020-07-25 05:00:00+00:00,652.0,491.25
2020-07-25 06:00:00+00:00,731.75,490.0
2020-07-25 07:00:00+00:00,861.0,538.0
2020-07-25 08:00:00+00:00,877.0,650.0
2020-07-25 09:00:00+00:00,834.5,704.75
2020-07-25 10:00:00+00:00,857.75,662.0
2020-07-25 11:00:00+00:00,864.5,590.25
2020-07-25 12:00:00+00:00,872.75,650.25
2020-07-25 13:00:00+00:00,832.0,609.0
2020-07-25 14:00:00+00:00,829.5,524.0
2020-07-25 15:00:00+00:00,857.0,450.0
2020-07-25 16:00:00+00:00,927.25,388.5
2020-07-25 17:00:00+00:00,820.5,317.0
2020-07-25 18:00:00+00:00,936.0,374.5
2020-07-25 19:00:00+00:00,928.25,324.25
2020-07-25 20:00:00+00:00,872.0,250.0
2020-07-25 21:00:00+00:00,1016.0,383.0
2020-07-25 22:00:00+00:00,932.25,545.75
2020-07-25 23:00:00+00:00,855.75,612.0
2020-07-26 00:00:00+00:00,887.0,845.5
2020-07-26 01:00:00+00:00,890.0,694.0
2020-07-26 02:00:00+00:00,641.25,691.25
2020-07-26 03:00:00+00:00,656.5,664.5
2020-07-26 04:00:00+00:00,687.0,666.25
2020-07-26 05:00:00+00:00,647.0,753.0
2020-07-26 06:00:00+00:00,457.5,775.0
2020-07-26 07:00:00+00:00,604.25,660.25
2020-07-26 08:00:00+00:00,665.0,638.75
2020-07-26 09:00:00+00:00,631.5,569.5
2020-07-26 10:00:00+00:00,633.75,626.0
2020-07-26 11:00:00+00:00,675.75,728.25
2020-07-26 12:00:00+00:00,743.75,789.25
2020-07-26 13:00:00+00:00,811.0,723.25
2020-07-26 14:00:00+00:00,839.25,735.75
2020-07-26 15:00:00+00:00,726.25,665.75
2020-07-26 16:00:00+00:00,869.5,651.0
2020-07-26 17:00:00+00:00,805.75,594.5
2020-07-26 18:00:00+00:00,759.5,542.25
2020-07-26 19:00:00+00:00,773.25,477.75
2020-07-26 20:00:00+00:00,759.25,477.0
2020-07-26 21:00:00+00:00,742.5,511.5
2020-07-26 22:00:00+00:00,703.0,428.0
2020-07-26 23:00:00+00:00,698.0,450.0
2020-07-27 00:00:00+00:00,616.25,460.5
2020-07-27 01:00:00+00:00,544.25,447.0
2020-07-27 02:00:00+00:00,635.25,427.25
2020-07-27 03:00:00+00:00,647.75,427.5
2020-07-27 04:00:00+00:00,578.0,453.0
2020-07-27 05:00:00+00:00,686.75,403.0
2020-07-27 06:00:00+00:00,684.75,357.25
2020-07-27 07:00:00+00:00,561.75,374.0
2020-07-27 08:00:00+00:00,688.0,399.0
2020-07-27 09:00:00+00:00,683.25,441.75
2020-07-27 10:00:00+00:00,598.5,442.5
2020-07-27 11:00:00+00:00,600.75,406.0
2020-07-27 12:00:00+00:00,639.0,457.75
2020-07-27 13:00:00+00:00,674.25,436.0
2020-07-27 14:00:00+00:00,722.25,564.5
2020-07-27 15:00:00+00:00,753.25,567.75
2020-07-27 16:00:00+00:00,942.25,548.75
2020-07-27 17:00:00+00:00,1039.75,517.5
2020-07-27 18:00:00+00:00,1019.5,638.25
2020-07-27 19:00:00+00:00,1058.75,559.5
2020-07-27 20:00:00+00:00,1108.25,665.0
2020-07-27 21:00:00+00:00,1109.0,812.25
2020-07-27 22:00:00+00:00,1091.75,1099.5
2020-07-27 23:00:00+00:00,1106.25,1142.0
2020-07-28 00:00:00+00:00,1048.75,1078.75
2020-07-28 01:00:00+00:00,834.25,992.25
2020-07-28 02:00:00+00:00,825.5,721.5
2020-07-28 03:00:00+00:00,759.0,616.25
2020-07-28 04:00:00+00:00,714.5,527.25
2020-07-28 05:00:00+00:00,792.5,446.25
2020-07-28 06:00:00+00:00,917.5,487.5
2020-07-28 07:00:00+00:00,998.5,660.0
2020-07-28 08:00:00+00:00,995.5,867.5
2020-07-28 09:00:00+00:00,907.0,1015.0
2020-07-28 10:00:00+00:00,877.5,972.25
2020-07-28 11:00:00+00:00,905.5,993.25
2020-07-28 12:00:00+00:00,943.5,1010.75
2020-07-28 13:00:00+00:00,978.0,992.25
2020-07-28 14:00:00+00:00,956.25,946.0
2020-07-28 15:00:00+00:00,849.75,944.5
2020-07-28 16:00:00+00:00,830.0,829.75
2020-07-28 17:00:00+00:00,824.75,711.5
2020-07-28 18:00:00+00:00,761.25,630.25
2020-07-28 19:00:00+00:00,772.5,630.25
2020-07-28 20:00:00+00:00,787.75,557.5
2020-07-28 21:00:00+00:00,809.25,595.0
2020-07-28 22:00:00+00:00,987.0,663.75
2020-07-28 23:00:00+00:00,1004.75,712.5
2020-07-29 00:00:00+00:00,976.5,768.0
2020-07-29 01:00:00+00:00,978.25,713.25
2020-07-29 02:00:00+00:00,887.75,676.0
2020-07-29 03:00:00+00:00,845.25,594.25
2020-07-29 04:00:00+00:00,843.0,503.75
2020-07-29 05:00:00+00:00,818.5,462.0
2020-07-29 06:00:00+00:00,774.0,450.75
2020-07-29 07:00:00+00:00,753.0,592.5
2020-07-29 08:00:00+00:00,729.25,539.25
2020-07-29 09:00:00+00:00,747.5,496.75
2020-07-29 10:00:00+00:00,729.25,628.75
2020-07-29 11:00:00+00:00,703.5,692.0
2020-07-29 12:00:00+00:00,671.75,575.0
2020-07-29 13:00:00+00:00,654.25,557.75
2020-07-29 14:00:00+00:00,622.5,573.5
2020-07-29 15:00:00+00:00,565.5,454.25
2020-07-29 16:00:00+00:00,530.75,333.75
2020-07-29 17:00:00+00:00,470.25,234.5
2020-07-29 18:00:00+00:00,435.75,170.5
2020-07-29 19:00:00+00:00,336.0,133.25
2020-07-29 20:00:00+00:00,354.5,106.25
2020-07-29 21:00:00+00:00,276.25,107.0
2020-07-29 22:00:00+00:00,188.0,109.5
2020-07-29 23:00:00+00:00,172.0,108.75
2020-07-30 00:00:00+00:00,162.25,124.5
2020-07-30 01:00:00+00:00,122.75,145.75
2020-07-30 02:00:00+00:00,141.75,158.0
2020-07-30 03:00:00+00:00,168.75,173.75
2020-07-30 04:00:00+00:00,168.5,178.0
2020-07-30 05:00:00+00:00,197.25,173.0
2020-07-30 06:00:00+00:00,137.75,129.5
2020-07-30 07:00:00+00:00,105.5,103.25
2020-07-30 08:00:00+00:00,149.0,95.0
2020-07-30 09:00:00+00:00,165.25,90.75
2020-07-30 10:00:00+00:00,164.25,82.5
2020-07-30 11:00:00+00:00,157.5,80.5
2020-07-30 12:00:00+00:00,138.25,74.75
2020-07-30 13:00:00+00:00,72.0,74.75
2020-07-30 14:00:00+00:00,19.0,77.75
2020-07-30 15:00:00+00:00,10.0,78.0
2020-07-30 16:00:00+00:00,3.75,82.5
2020-07-30 17:00:00+00:00,7.25,90.5
2020-07-30 18:00:00+00:00,21.0,105.75
2020-07-30 19:00:00+00:00,52.75,141.25
2020-07-30 20:00:00+00:00,106.25,193.5
2020-07-30 21:00:00+00:00,159.75,240.0
2020-07-30 22:00:00+00:00,211.0,270.75
2020-07-30 23:00:00+00:00,211.0,302.5
2020-07-31 00:00:00+00:00,201.0,313.25
2020-07-31 01:00:00+00:00,198.25,318.75
2020-07-31 02:00:00+00:00,193.75,325.25
2020-07-31 03:00:00+00:00,242.25,333.25
2020-07-31 04:00:00+00:00,284.25,344.5
2020-07-31 05:00:00+00:00,276.0,321.25
2020-07-31 06:00:00+00:00,299.75,282.75
2020-07-31 07:00:00+00:00,329.0,224.0
2020-07-31 08:00:00+00:00,325.0,288.75
2020-07-31 09:00:00+00:00,289.0,331.25
2020-07-31 10:00:00+00:00,248.5,275.25
2020-07-31 11:00:00+00:00,248.25,244.75
2020-07-31 12:00:00+00:00,289.25,246.75
2020-07-31 13:00:00+00:00,356.5,281.0
2020-07-31 14:00:00+00:00,393.25,298.75
2020-07-31 15:00:00+00:00,439.0,306.0
2020-07-31 16:00:00+00:00,438.75,309.75
2020-07-31 17:00:00+00:00,442.5,319.25
2020-07-31 18:00:00+00:00,576.0,427.75
2020-07-31 19:00:00+00:00,597.75,679.0
2020-07-31 20:00:00+00:00,702.25,796.75
2020-07-31 21:00:00+00:00,810.25,813.5
2020-07-31 22:00:00+00:00,946.5,643.5
2020-07-31 23:00:00+00:00,923.75,652.25
2020-08-01 00:00:00+00:00,902.5,605.0
2020-08-01 01:00:00+00:00,888.5,477.5
2020-08-01 02:00:00+00:00,884.0,352.0
2020-08-01 03:00:00+00:00,795.0,367.0
2020-08-01 04:00:00+00:00,718.0,371.25
2020-08-01 05:00:00+00:00,493.75,374.25
2020-08-01 06:00:00+00:00,458.25,459.0
2020-08-01 07:00:00+00:00,347.5,449.0
2020-08-01 08:00:00+00:00,271.5,351.75
2020-08-01 09:00:00+00:00,245.5,289.75
2020-08-01 10:00:00+00:00,233.75,255.25
2020-08-01 11:00:00+00:00,214.25,272.25
2020-08-01 12:00:00+00:00,219.25,211.25
2020-08-01 13:00:00+00:00,178.5,189.5
2020-08-01 14:00:00+00:00,269.0,223.5
2020-08-01 15:00:00+00:00,330.25,216.0
2020-08-01 16:00:00+00:00,365.25,210.0
2020-08-01 17:00:00+00:00,332.0,172.25
2020-08-01 18:00:00+00:00,281.5,140.25
2020-08-01 19:00:00+00:00,275.0,155.0
2020-08-01 20:00:00+00:00,276.5,136.5
2020-08-01 21:00:00+00:00,253.5,118.5
2020-08-01 22:00:00+00:00,200.0,136.5
2020-08-01 23:00:00+00:00,178.0,155.5
2020-08-02 00:00:00+00:00,147.5,181.5
2020-08-02 01:00:00+00:00,103.25,180.0
2020-08-02 02:00:00+00:00,109.0,191.5
2020-08-02 03:00:00+00:00,50.5,209.0
2020-08-02 04:00:00+00:00,55.75,203.75
2020-08-02 05:00:00+00:00,114.25,228.0
2020-08-02 06:00:00+00:00,142.25,180.75
2020-08-02 07:00:00+00:00,166.0,236.25
2020-08-02 08:00:00+00:00,180.5,304.25
2020-08-02 09:00:00+00:00,275.25,316.0
2020-08-02 10:00:00+00:00,308.75,309.75
2020-08-02 11:00:00+00:00,294.5,341.25
2020-08-02 12:00:00+00:00,267.0,367.0
2020-08-02 13:00:00+00:00,352.5,375.5
2020-08-02 14:00:00+00:00,317.5,359.25
2020-08-02 15:00:00+00:00,277.25,271.75
2020-08-02 16:00:00+00:00,247.5,189.25
2020-08-02 17:00:00+00:00,187.75,127.75
2020-08-02 18:00:00+00:00,159.75,71.0
2020-08-02 19:00:00+00:00,161.75,56.25
2020-08-02 20:00:00+00:00,152.5,46.5
2020-08-02 21:00:00+00:00,180.5,46.0
2020-08-02 22:00:00+00:00,178.0,56.0
2020-08-02 23:00:00+00:00,137.5,40.25
2020-08-03 00:00:00+00:00,113.25,32.0
2020-08-03 01:00:00+00:00,82.0,32.75
2020-08-03 02:00:00+00:00,76.0,43.0
2020-08-03 03:00:00+00:00,31.25,63.0
2020-08-03 04:00:00+00:00,28.5,59.75
2020-08-03 05:00:00+00:00,36.75,62.5
2020-08-03 06:00:00+00:00,51.0,69.25
2020-08-03 07:00:00+00:00,63.5,90.75
2020-08-03 08:00:00+00:00,37.5,94.25
2020-08-03 09:00:00+00:00,151.75,79.75
2020-08-03 10:00:00+00:00,118.75,76.25
2020-08-03 11:00:00+00:00,120.5,137.0
2020-08-03 12:00:00+00:00,97.5,131.5
2020-08-03 13:00:00+00:00,92.75,120.5
2020-08-03 14:00:00+00:00,88.0,117.5
2020-08-03 15:00:00+00:00,58.5,67.25
2020-08-03 16:00:00+00:00,74.5,91.75
2020-08-03 17:00:00+00:00,145.75,156.25
2020-08-03 18:00:00+00:00,136.25,193.5
2020-08-03 19:00:00+00:00,126.0,216.25
2020-08-03 20:00:00+00:00,124.5,204.25
2020-08-03 21:00:00+00:00,145.75,208.0
2020-08-03 22:00:00+00:00,115.75,159.0
2020-08-03 23:00:00+00:00,83.25,92.5
2020-08-04 00:00:00+00:00,72.0,59.0
2020-08-04 01:00:00+00:00,53.75,54.5
2020-08-04 02:00:00+00:00,88.25,63.75
2020-08-04 03:00:00+00:00,132.5,96.25
2020-08-04 04:00:00+00:00,105.25,129.5
2020-08-04 05:00:00+00:00,66.5,124.0
2020-08-04 06:00:00+00:00,65.25,61.5
2020-08-04 07:00:00+00:00,49.5,35.0
2020-08-04 08:00:00+00:00,29.75,52.0
2020-08-04 09:00:00+00:00,24.75,54.5
2020-08-04 10:00:00+00:00,29.75,60.0
2020-08-04 11:00:00+00:00,28.5,37.0
2020-08-04 12:00:00+00:00,29.25,38.5
2020-08-04 13:00:00+00:00,46.0,45.0
2020-08-04 14:00:00+00:00,81.75,41.25
2020-08-04 15:00:00+00:00,154.0,45.25
2020-08-04 16:00:00+00:00,251.5,66.25
2020-08-04 17:00:00+00:00,412.75,69.5
2020-08-04 18:00:00+00:00,554.5,100.75
2020-08-04 19:00:00+00:00,723.25,97.75
2020-08-04 20:00:00+00:00,953.25,152.75
2020-08-04 21:00:00+00:00,1061.75,290.0
2020-08-04 22:00:00+00:00,1106.5,436.0
2020-08-04 23:00:00+00:00,1083.5,561.0
2020-08-05 00:00:00+00:00,1089.5,616.25
2020-08-05 01:00:00+00:00,1072.75,669.25
2020-08-05 02:00:00+00:00,1101.5,630.5
2020-08-05 03:00:00+00:00,1100.5,574.0
2020-08-05 04:00:00+00:00,1052.75,580.0
2020-08-05 05:00:00+00:00,979.75,513.75
2020-08-05 06:00:00+00:00,1006.5,469.0
2020-08-05 07:00:00+00:00,950.5,425.5
2020-08-05 08:00:00+00:00,891.0,415.25
2020-08-05 09:00:00+00:00,821.25,441.0
2020-08-05 10:00:00+00:00,724.5,432.75
2020-08-05 11:00:00+00:00,662.0,391.5
2020-08-05 12:00:00+00:00,608.75,355.75
2020-08-05 13:00:00+00:00,571.75,273.0
2020-08-05 14:00:00+00:00,660.5,265.25
2020-08-05 15:00:00+00:00,678.5,189.0
2020-08-05 16:00:00+00:00,605.0,117.75
2020-08-05 17:00:00+00:00,446.0,69.75
2020-08-05 18:00:00+00:00,323.0,55.25
2020-08-05 19:00:00+00:00,238.0,37.0
2020-08-05 20:00:00+00:00,179.75,38.75
2020-08-05 21:00:00+00:00,194.5,67.75
2020-08-05 22:00:00+00:00,278.25,103.5
2020-08-05 23:00:00+00:00,214.5,153.25
2020-08-06 00:00:00+00:00,171.5,157.25
2020-08-06 01:00:00+00:00,132.0,123.0
2020-08-06 02:00:00+00:00,158.5,107.5
2020-08-06 03:00:00+00:00,192.25,81.5
2020-08-06 04:00:00+00:00,162.0,67.0
2020-08-06 05:00:00+00:00,128.25,57.25
2020-08-06 06:00:00+00:00,80.5,45.0
2020-08-06 07:00:00+00:00,71.75,33.0
2020-08-06 08:00:00+00:00,52.5,24.0
2020-08-06 09:00:00+00:00,44.25,29.5
2020-08-06 10:00:00+00:00,35.5,28.25
2020-08-06 11:00:00+00:00,24.75,25.25
2020-08-06 12:00:00+00:00,15.25,24.0
2020-08-06 13:00:00+00:00,2.25,24.5
2020-08-06 14:00:00+00:00,2.0,29.75
2020-08-06 15:00:00+00:00,2.75,40.0
2020-08-06 16:00:00+00:00,9.25,62.5
2020-08-06 17:00:00+00:00,30.25,81.75
2020-08-06 18:00:00+00:00,57.25,102.5
2020-08-06 19:00:00+00:00,72.25,170.25
2020-08-06 20:00:00+00:00,133.75,296.0
2020-08-06 21:00:00+00:00,199.0,406.5
2020-08-06 22:00:00+00:00,236.5,419.75
2020-08-06 23:00:00+00:00,201.75,382.25
2020-08-07 00:00:00+00:00,167.0,317.0
2020-08-07 01:00:00+00:00,184.25,270.75
2020-08-07 02:00:00+00:00,154.0,207.25
2020-08-07 03:00:00+00:00,121.25,154.5
2020-08-07 04:00:00+00:00,123.0,129.0
2020-08-07 05:00:00+00:00,92.75,92.0
2020-08-07 06:00:00+00:00,42.25,68.5
2020-08-07 07:00:00+00:00,21.5,49.5
2020-08-07 08:00:00+00:00,16.75,29.25
2020-08-07 09:00:00+00:00,7.75,19.25
2020-08-07 10:00:00+00:00,0.0,23.0
2020-08-07 11:00:00+00:00,0.0,20.25
2020-08-07 12:00:00+00:00,0.0,17.0
2020-08-07 13:00:00+00:00,4.0,18.75
2020-08-07 14:00:00+00:00,8.0,24.0
2020-08-07 15:00:00+00:00,17.5,29.25
2020-08-07 16:00:00+00:00,29.0,42.5
2020-08-07 17:00:00+00:00,42.0,64.5
2020-08-07 18:00:00+00:00,54.25,108.5
2020-08-07 19:00:00+00:00,94.25,154.5
2020-08-07 20:00:00+00:00,130.75,194.75
2020-08-07 21:00:00+00:00,167.75,204.75
2020-08-07 22:00:00+00:00,200.25,213.75
2020-08-07 23:00:00+00:00,190.25,196.5
2020-08-08 00:00:00+00:00,201.5,149.5
2020-08-08 01:00:00+00:00,132.0,117.5
2020-08-08 02:00:00+00:00,86.25,108.25
2020-08-08 03:00:00+00:00,50.75,69.75
2020-08-08 04:00:00+00:00,36.5,43.75
2020-08-08 05:00:00+00:00,30.0,31.75
2020-08-08 06:00:00+00:00,5.25,25.75
2020-08-08 07:00:00+00:00,0.0,20.5
2020-08-08 08:00:00+00:00,0.0,20.5
2020-08-08 09:00:00+00:00,0.0,19.0
2020-08-08 10:00:00+00:00,0.25,21.0
2020-08-08 11:00:00+00:00,3.0,23.25
2020-08-08 12:00:00+00:00,20.25,38.25
2020-08-08 13:00:00+00:00,52.5,65.0
2020-08-08 14:00:00+00:00,83.0,99.0
2020-08-08 15:00:00+00:00,162.75,158.75
2020-08-08 16:00:00+00:00,300.0,228.0
2020-08-08 17:00:00+00:00,229.75,280.5
2020-08-08 18:00:00+00:00,264.0,358.0
2020-08-08 19:00:00+00:00,298.0,367.5
2020-08-08 20:00:00+00:00,349.25,402.0
2020-08-08 21:00:00+00:00,352.5,391.5
2020-08-08 22:00:00+00:00,359.0,339.5
2020-08-08 23:00:00+00:00,401.5,373.5
2020-08-09 00:00:00+00:00,372.75,406.75
2020-08-09 01:00:00+00:00,345.5,251.25
2020-08-09 02:00:00+00:00,357.75,216.0
2020-08-09 03:00:00+00:00,323.0,198.0
2020-08-09 04:00:00+00:00,331.0,219.25
2020-08-09 05:00:00+00:00,351.75,231.25
2020-08-09 06:00:00+00:00,350.75,220.0
2020-08-09 07:00:00+00:00,302.75,184.0
2020-08-09 08:00:00+00:00,282.5,87.0
2020-08-09 09:00:00+00:00,284.5,91.25
2020-08-09 10:00:00+00:00,322.5,175.25
2020-08-09 11:00:00+00:00,446.5,279.0
2020-08-09 12:00:00+00:00,477.25,260.75
2020-08-09 13:00:00+00:00,557.75,241.25
2020-08-09 14:00:00+00:00,641.25,239.25
2020-08-09 15:00:00+00:00,576.75,265.75
2020-08-09 16:00:00+00:00,595.75,316.75
2020-08-09 17:00:00+00:00,618.75,343.5
2020-08-09 18:00:00+00:00,715.75,405.25
2020-08-09 19:00:00+00:00,772.75,517.25
2020-08-09 20:00:00+00:00,812.0,567.75
2020-08-09 21:00:00+00:00,777.5,507.0
2020-08-09 22:00:00+00:00,656.25,469.5
2020-08-09 23:00:00+00:00,585.25,452.5
2020-08-10 00:00:00+00:00,487.0,377.0
2020-08-10 01:00:00+00:00,464.25,352.5
2020-08-10 02:00:00+00:00,354.25,316.25
2020-08-10 03:00:00+00:00,336.0,267.5
2020-08-10 04:00:00+00:00,326.5,216.0
2020-08-10 05:00:00+00:00,324.75,210.75
2020-08-10 06:00:00+00:00,336.0,161.5
2020-08-10 07:00:00+00:00,269.5,90.0
2020-08-10 08:00:00+00:00,168.75,58.75
2020-08-10 09:00:00+00:00,154.5,50.5
2020-08-10 10:00:00+00:00,163.5,69.25
2020-08-10 11:00:00+00:00,211.75,86.0
2020-08-10 12:00:00+00:00,258.75,126.75
2020-08-10 13:00:00+00:00,285.75,164.75
2020-08-10 14:00:00+00:00,332.75,179.5
2020-08-10 15:00:00+00:00,211.75,166.25
2020-08-10 16:00:00+00:00,245.0,197.0
2020-08-10 17:00:00+00:00,353.0,205.25
2020-08-10 18:00:00+00:00,408.25,243.25
2020-08-10 19:00:00+00:00,522.0,336.25
2020-08-10 20:00:00+00:00,611.5,455.0
2020-08-10 21:00:00+00:00,603.0,473.75
2020-08-10 22:00:00+00:00,536.0,476.5
2020-08-10 23:00:00+00:00,475.5,497.5
2020-08-11 00:00:00+00:00,428.0,505.75
2020-08-11 01:00:00+00:00,414.75,437.75
2020-08-11 02:00:00+00:00,404.25,473.25
2020-08-11 03:00:00+00:00,321.0,408.5
2020-08-11 04:00:00+00:00,285.5,424.75
2020-08-11 05:00:00+00:00,256.75,365.5
2020-08-11 06:00:00+00:00,243.5,193.0
2020-08-11 07:00:00+00:00,181.25,151.75
2020-08-11 08:00:00+00:00,159.5,146.75
2020-08-11 09:00:00+00:00,154.25,162.25
2020-08-11 10:00:00+00:00,164.5,164.0
2020-08-11 11:00:00+00:00,260.25,161.75
2020-08-11 12:00:00+00:00,315.25,134.75
2020-08-11 13:00:00+00:00,373.5,104.5
2020-08-11 14:00:00+00:00,396.5,68.75
2020-08-11 15:00:00+00:00,441.0,94.75
2020-08-11 16:00:00+00:00,487.5,194.5
2020-08-11 17:00:00+00:00,497.5,204.25
2020-08-11 18:00:00+00:00,517.5,232.25
2020-08-11 19:00:00+00:00,526.0,348.5
2020-08-11 20:00:00+00:00,783.0,306.0
2020-08-11 21:00:00+00:00,568.75,346.25
2020-08-11 22:00:00+00:00,515.25,315.5
2020-08-11 23:00:00+00:00,502.5,191.5
2020-08-12 00:00:00+00:00,528.75,244.0
2020-08-12 01:00:00+00:00,616.0,265.5
2020-08-12 02:00:00+00:00,526.75,266.0
2020-08-12 03:00:00+00:00,472.0,243.0
2020-08-12 04:00:00+00:00,430.75,250.25
2020-08-12 05:00:00+00:00,396.25,216.0
2020-08-12 06:00:00+00:00,387.5,132.5
2020-08-12 07:00:00+00:00,277.5,73.25
2020-08-12 08:00:00+00:00,233.75,44.5
2020-08-12 09:00:00+00:00,149.0,30.75
2020-08-12 10:00:00+00:00,83.75,48.25
2020-08-12 11:00:00+00:00,112.5,57.5
2020-08-12 12:00:00+00:00,192.75,61.0
2020-08-12 13:00:00+00:00,227.5,67.75
2020-08-12 14:00:00+00:00,334.25,72.5
2020-08-12 15:00:00+00:00,446.75,88.25
2020-08-12 16:00:00+00:00,611.75,115.5
2020-08-12 17:00:00+00:00,736.75,156.0
2020-08-12 18:00:00+00:00,754.5,202.75
2020-08-12 19:00:00+00:00,773.25,246.25
2020-08-12 20:00:00+00:00,723.75,262.75
2020-08-12 21:00:00+00:00,760.5,231.75
2020-08-12 22:00:00+00:00,807.25,170.25
2020-08-12 23:00:00+00:00,692.25,167.5
2020-08-13 00:00:00+00:00,513.0,196.25
2020-08-13 01:00:00+00:00,401.75,169.5
2020-08-13 02:00:00+00:00,322.25,129.5
2020-08-13 03:00:00+00:00,310.25,124.0
2020-08-13 04:00:00+00:00,286.75,107.25
2020-08-13 05:00:00+00:00,272.25,99.0
2020-08-13 06:00:00+00:00,232.75,47.5
2020-08-13 07:00:00+00:00,160.25,29.0
2020-08-13 08:00:00+00:00,106.75,29.25
2020-08-13 09:00:00+00:00,87.5,32.5
2020-08-13 10:00:00+00:00,60.5,34.5
2020-08-13 11:00:00+00:00,100.5,46.25
2020-08-13 12:00:00+00:00,124.25,49.75
2020-08-13 13:00:00+00:00,193.0,48.5
2020-08-13 14:00:00+00:00,250.5,70.75
2020-08-13 15:00:00+00:00,238.75,107.25
2020-08-13 16:00:00+00:00,240.75,107.0
2020-08-13 17:00:00+00:00,263.25,112.25
2020-08-13 18:00:00+00:00,285.5,92.25
2020-08-13 19:00:00+00:00,339.0,100.0
2020-08-13 20:00:00+00:00,323.25,191.25
2020-08-13 21:00:00+00:00,302.25,173.5
2020-08-13 22:00:00+00:00,247.75,129.5
2020-08-13 23:00:00+00:00,224.5,123.75
2020-08-14 00:00:00+00:00,208.5,97.75
2020-08-14 01:00:00+00:00,164.0,139.75
2020-08-14 02:00:00+00:00,142.25,118.25
2020-08-14 03:00:00+00:00,158.75,42.75
2020-08-14 04:00:00+00:00,152.25,43.0
2020-08-14 05:00:00+00:00,79.0,45.25
2020-08-14 06:00:00+00:00,98.0,38.0
2020-08-14 07:00:00+00:00,111.0,67.0
2020-08-14 08:00:00+00:00,33.0,42.75
2020-08-14 09:00:00+00:00,52.0,25.5
2020-08-14 10:00:00+00:00,46.0,23.75
2020-08-14 11:00:00+00:00,34.0,31.25
2020-08-14 12:00:00+00:00,44.5,51.75
2020-08-14 13:00:00+00:00,71.0,72.25
2020-08-14 14:00:00+00:00,94.0,86.25
2020-08-14 15:00:00+00:00,83.25,69.0
2020-08-14 16:00:00+00:00,56.75,64.0
2020-08-14 17:00:00+00:00,64.75,64.0
2020-08-14 18:00:00+00:00,79.0,112.25
2020-08-14 19:00:00+00:00,133.5,34.5
2020-08-14 20:00:00+00:00,206.75,28.5
2020-08-14 21:00:00+00:00,182.25,39.25
2020-08-14 22:00:00+00:00,160.75,54.75
2020-08-14 23:00:00+00:00,137.0,47.5
2020-08-15 00:00:00+00:00,122.5,27.75
2020-08-15 01:00:00+00:00,99.75,25.0
2020-08-15 02:00:00+00:00,99.0,30.5
2020-08-15 03:00:00+00:00,172.25,40.75
2020-08-15 04:00:00+00:00,227.5,50.0
2020-08-15 05:00:00+00:00,281.0,52.0
2020-08-15 06:00:00+00:00,281.75,53.75
2020-08-15 07:00:00+00:00,283.75,53.5
2020-08-15 08:00:00+00:00,265.5,48.5
2020-08-15 09:00:00+00:00,217.0,50.0
2020-08-15 10:00:00+00:00,181.0,51.25
2020-08-15 11:00:00+00:00,153.75,50.75
2020-08-15 12:00:00+00:00,144.75,52.25
2020-08-15 13:00:00+00:00,142.5,60.5
2020-08-15 14:00:00+00:00,135.0,63.25
2020-08-15 15:00:00+00:00,142.5,73.0
2020-08-15 16:00:00+00:00,159.0,70.0
2020-08-15 17:00:00+00:00,163.25,85.75
2020-08-15 18:00:00+00:00,124.25,91.0
2020-08-15 19:00:00+00:00,147.75,78.25
2020-08-15 20:00:00+00:00,150.0,89.75
2020-08-15 21:00:00+00:00,126.25,115.0
2020-08-15 22:00:00+00:00,151.0,91.0
2020-08-15 23:00:00+00:00,162.25,87.25
2020-08-16 00:00:00+00:00,125.75,93.25
2020-08-16 01:00:00+00:00,111.75,93.75
2020-08-16 02:00:00+00:00,115.75,81.25
2020-08-16 03:00:00+00:00,101.25,85.0
2020-08-16 04:00:00+00:00,52.5,82.25
2020-08-16 05:00:00+00:00,51.5,93.75
2020-08-16 06:00:00+00:00,37.75,90.5
2020-08-16 07:00:00+00:00,24.25,63.25
2020-08-16 08:00:00+00:00,28.25,61.25
2020-08-16 09:00:00+00:00,33.0,64.25
2020-08-16 10:00:00+00:00,26.25,70.0
2020-08-16 11:00:00+00:00,30.5,80.25
2020-08-16 12:00:00+00:00,62.25,76.25
2020-08-16 13:00:00+00:00,136.75,93.25
2020-08-16 14:00:00+00:00,169.25,145.25
2020-08-16 15:00:00+00:00,244.5,323.5
2020-08-16 16:00:00+00:00,259.0,171.25
2020-08-16 17:00:00+00:00,211.0,165.5
2020-08-16 18:00:00+00:00,116.75,253.5
2020-08-16 19:00:00+00:00,199.5,406.75
2020-08-16 20:00:00+00:00,270.25,218.75
2020-08-16 21:00:00+00:00,213.75,93.0
2020-08-16 22:00:00+00:00,375.5,84.5
2020-08-16 23:00:00+00:00,108.75,56.75
2020-08-17 00:00:00+00:00,37.0,64.5
2020-08-17 01:00:00+00:00,18.0,61.5
2020-08-17 02:00:00+00:00,17.75,66.75
2020-08-17 03:00:00+00:00,41.0,58.0
2020-08-17 04:00:00+00:00,7.75,62.5
2020-08-17 05:00:00+00:00,15.5,42.0
2020-08-17 06:00:00+00:00,1.5,48.5
2020-08-17 07:00:00+00:00,8.0,44.75
2020-08-17 08:00:00+00:00,15.25,46.75
2020-08-17 09:00:00+00:00,14.75,45.0
2020-08-17 10:00:00+00:00,16.75,52.75
2020-08-17 11:00:00+00:00,0.0,64.25
2020-08-17 12:00:00+00:00,6.0,71.0
2020-08-17 13:00:00+00:00,2.25,111.25
2020-08-17 14:00:00+00:00,32.75,170.75
2020-08-17 15:00:00+00:00,4.5,222.0
2020-08-17 16:00:00+00:00,9.5,149.25
2020-08-17 17:00:00+00:00,4.75,99.0
2020-08-17 18:00:00+00:00,1.5,55.75
2020-08-17 19:00:00+00:00,4.0,63.25
2020-08-17 20:00:00+00:00,27.5,131.5
2020-08-17 21:00:00+00:00,80.75,132.0
2020-08-17 22:00:00+00:00,130.0,159.75
2020-08-17 23:00:00+00:00,185.0,178.5
2020-08-18 00:00:00+00:00,220.0,205.25
2020-08-18 01:00:00+00:00,326.0,229.75
2020-08-18 02:00:00+00:00,367.75,258.75
2020-08-18 03:00:00+00:00,426.5,269.5
2020-08-18 04:00:00+00:00,377.25,296.5
2020-08-18 05:00:00+00:00,325.5,324.75
2020-08-18 06:00:00+00:00,291.75,315.5
2020-08-18 07:00:00+00:00,319.0,280.0
2020-08-18 08:00:00+00:00,333.5,279.0
2020-08-18 09:00:00+00:00,322.5,318.75
2020-08-18 10:00:00+00:00,361.25,354.25
2020-08-18 11:00:00+00:00,348.25,392.0
2020-08-18 12:00:00+00:00,273.5,358.5
2020-08-18 13:00:00+00:00,292.0,372.75
2020-08-18 14:00:00+00:00,335.25,341.0
2020-08-18 15:00:00+00:00,340.75,334.25
2020-08-18 16:00:00+00:00,308.75,262.25
2020-08-18 17:00:00+00:00,238.75,160.5
2020-08-18 18:00:00+00:00,201.5,113.0
2020-08-18 19:00:00+00:00,178.5,98.75
2020-08-18 20:00:00+00:00,152.0,93.75
2020-08-18 21:00:00+00:00,162.0,88.25
2020-08-18 22:00:00+00:00,182.75,99.0
2020-08-18 23:00:00+00:00,126.25,144.0
2020-08-19 00:00:00+00:00,97.75,181.75
2020-08-19 01:00:00+00:00,120.25,206.0
2020-08-19 02:00:00+00:00,153.5,200.0
2020-08-19 03:00:00+00:00,170.5,207.5
2020-08-19 04:00:00+00:00,199.25,192.5
2020-08-19 05:00:00+00:00,192.5,235.25
2020-08-19 06:00:00+00:00,196.25,233.75
2020-08-19 07:00:00+00:00,184.25,186.0
2020-08-19 08:00:00+00:00,160.5,171.0
2020-08-19 09:00:00+00:00,176.75,224.25
2020-08-19 10:00:00+00:00,224.0,295.75
2020-08-19 11:00:00+00:00,197.0,306.25
2020-08-19 12:00:00+00:00,125.0,300.5
2020-08-19 13:00:00+00:00,103.25,270.5
2020-08-19 14:00:00+00:00,83.5,302.0
2020-08-19 15:00:00+00:00,182.25,322.75
2020-08-19 16:00:00+00:00,267.0,300.75
2020-08-19 17:00:00+00:00,456.0,346.5
2020-08-19 18:00:00+00:00,697.75,484.75
2020-08-19 19:00:00+00:00,784.0,624.5
2020-08-19 20:00:00+00:00,871.75,649.5
2020-08-19 21:00:00+00:00,845.25,549.0
2020-08-19 22:00:00+00:00,851.5,520.5
2020-08-19 23:00:00+00:00,836.75,534.75
2020-08-20 00:00:00+00:00,789.25,586.75
2020-08-20 01:00:00+00:00,721.5,611.5
2020-08-20 02:00:00+00:00,539.75,543.5
2020-08-20 03:00:00+00:00,681.5,457.75
2020-08-20 04:00:00+00:00,862.75,431.25
2020-08-20 05:00:00+00:00,711.75,437.25
2020-08-20 06:00:00+00:00,607.0,344.75
2020-08-20 07:00:00+00:00,538.25,327.25
2020-08-20 08:00:00+00:00,441.0,351.5
2020-08-20 09:00:00+00:00,392.25,331.0
2020-08-20 10:00:00+00:00,414.25,265.0
2020-08-20 11:00:00+00:00,341.25,238.0
2020-08-20 12:00:00+00:00,286.75,210.75
2020-08-20 13:00:00+00:00,208.25,260.0
2020-08-20 14:00:00+00:00,113.5,268.75
2020-08-20 15:00:00+00:00,92.75,250.0
2020-08-20 16:00:00+00:00,109.75,214.0
2020-08-20 17:00:00+00:00,106.0,194.75
2020-08-20 18:00:00+00:00,147.75,258.0
2020-08-20 19:00:00+00:00,207.5,378.0
2020-08-20 20:00:00+00:00,294.25,388.0
2020-08-20 21:00:00+00:00,302.0,487.5
2020-08-20 22:00:00+00:00,296.25,523.0
2020-08-20 23:00:00+00:00,296.25,346.5
2020-08-21 00:00:00+00:00,323.5,560.5
2020-08-21 01:00:00+00:00,446.25,794.5
2020-08-21 02:00:00+00:00,759.5,928.5
2020-08-21 03:00:00+00:00,910.5,968.0
2020-08-21 04:00:00+00:00,928.5,1059.25
2020-08-21 05:00:00+00:00,931.0,1222.0
2020-08-21 06:00:00+00:00,881.25,1191.25
2020-08-21 07:00:00+00:00,807.0,933.25
2020-08-21 08:00:00+00:00,862.25,818.75
2020-08-21 09:00:00+00:00,841.75,761.75
2020-08-21 10:00:00+00:00,902.75,867.5
2020-08-21 11:00:00+00:00,921.25,1002.75
2020-08-21 12:00:00+00:00,910.25,1026.0
2020-08-21 13:00:00+00:00,919.25,1017.75
2020-08-21 14:00:00+00:00,922.0,1005.25
2020-08-21 15:00:00+00:00,910.5,939.25
2020-08-21 16:00:00+00:00,904.25,937.0
2020-08-21 17:00:00+00:00,910.5,750.5
2020-08-21 18:00:00+00:00,905.75,726.75
2020-08-21 19:00:00+00:00,867.0,689.0
2020-08-21 20:00:00+00:00,870.5,668.25
2020-08-21 21:00:00+00:00,884.25,662.0
2020-08-21 22:00:00+00:00,970.0,695.75
2020-08-21 23:00:00+00:00,1175.75,735.0
2020-08-22 00:00:00+00:00,1169.75,743.25
2020-08-22 01:00:00+00:00,1168.5,798.25
2020-08-22 02:00:00+00:00,1166.25,841.0
2020-08-22 03:00:00+00:00,1156.75,952.0
2020-08-22 04:00:00+00:00,1167.0,1002.25
2020-08-22 05:00:00+00:00,1084.75,995.75
2020-08-22 06:00:00+00:00,931.25,1001.25
2020-08-22 07:00:00+00:00,937.75,1135.75
2020-08-22 08:00:00+00:00,932.25,1236.25
2020-08-22 09:00:00+00:00,932.75,1296.5
2020-08-22 10:00:00+00:00,878.25,1291.75
2020-08-22 11:00:00+00:00,1100.75,1242.75
2020-08-22 12:00:00+00:00,1164.75,1249.5
2020-08-22 13:00:00+00:00,1184.25,1283.5
2020-08-22 14:00:00+00:00,1182.25,1309.0
2020-08-22 15:00:00+00:00,1172.25,1220.5
2020-08-22 16:00:00+00:00,1172.25,1276.5
2020-08-22 17:00:00+00:00,1178.75,1178.5
2020-08-22 18:00:00+00:00,1182.0,1209.5
2020-08-22 19:00:00+00:00,1191.5,1216.0
2020-08-22 20:00:00+00:00,1168.75,1121.75
2020-08-22 21:00:00+00:00,1133.25,1110.25
2020-08-22 22:00:00+00:00,1093.25,1086.25
2020-08-22 23:00:00+00:00,745.0,1086.75
2020-08-23 00:00:00+00:00,850.0,1050.75
2020-08-23 01:00:00+00:00,977.0,1024.25
2020-08-23 02:00:00+00:00,991.0,971.0
2020-08-23 03:00:00+00:00,953.25,964.25
2020-08-23 04:00:00+00:00,874.25,1018.75
2020-08-23 05:00:00+00:00,968.25,1008.25
2020-08-23 06:00:00+00:00,1014.0,1037.5
2020-08-23 07:00:00+00:00,939.0,907.25
2020-08-23 08:00:00+00:00,896.5,997.5
2020-08-23 09:00:00+00:00,757.75,944.25
2020-08-23 10:00:00+00:00,763.5,969.75
2020-08-23 11:00:00+00:00,751.25,985.0
2020-08-23 12:00:00+00:00,670.0,987.0
2020-08-23 13:00:00+00:00,659.75,962.25
2020-08-23 14:00:00+00:00,573.75,848.5
2020-08-23 15:00:00+00:00,617.25,810.0
2020-08-23 16:00:00+00:00,535.5,739.25
2020-08-23 17:00:00+00:00,569.75,593.75
2020-08-23 18:00:00+00:00,614.0,507.25
2020-08-23 19:00:00+00:00,759.25,541.5
2020-08-23 20:00:00+00:00,759.25,540.75
2020-08-23 21:00:00+00:00,580.5,559.5
2020-08-23 22:00:00+00:00,362.5,579.0
2020-08-23 23:00:00+00:00,424.0,500.75
2020-08-24 00:00:00+00:00,269.0,502.75
2020-08-24 01:00:00+00:00,303.75,524.75
2020-08-24 02:00:00+00:00,316.75,555.25
2020-08-24 03:00:00+00:00,327.0,444.75
2020-08-24 04:00:00+00:00,384.75,419.5
2020-08-24 05:00:00+00:00,383.5,451.25
2020-08-24 06:00:00+00:00,375.75,351.25
2020-08-24 07:00:00+00:00,367.25,388.0
2020-08-24 08:00:00+00:00,488.25,514.25
2020-08-24 09:00:00+00:00,529.25,662.75
2020-08-24 10:00:00+00:00,395.25,720.5
2020-08-24 11:00:00+00:00,386.5,701.5
2020-08-24 12:00:00+00:00,363.25,742.25
2020-08-24 13:00:00+00:00,475.0,794.0
2020-08-24 14:00:00+00:00,271.0,870.0
2020-08-24 15:00:00+00:00,264.0,785.25
2020-08-24 16:00:00+00:00,282.25,629.75
2020-08-24 17:00:00+00:00,231.5,432.5
2020-08-24 18:00:00+00:00,143.5,354.75
2020-08-24 19:00:00+00:00,113.75,262.5
2020-08-24 20:00:00+00:00,129.75,197.75
2020-08-24 21:00:00+00:00,151.25,219.25
2020-08-24 22:00:00+00:00,163.0,271.75
2020-08-24 23:00:00+00:00,155.75,242.0
2020-08-25 00:00:00+00:00,160.0,233.5
2020-08-25 01:00:00+00:00,147.5,253.25
2020-08-25 02:00:00+00:00,190.75,273.0
2020-08-25 03:00:00+00:00,268.0,319.5
2020-08-25 04:00:00+00:00,420.25,329.75
2020-08-25 05:00:00+00:00,632.0,337.0
2020-08-25 06:00:00+00:00,812.0,345.75
2020-08-25 07:00:00+00:00,959.25,393.0
2020-08-25 08:00:00+00:00,1030.25,461.0
2020-08-25 09:00:00+00:00,1151.75,579.5
2020-08-25 10:00:00+00:00,1182.0,647.75
2020-08-25 11:00:00+00:00,1176.25,681.25
2020-08-25 12:00:00+00:00,1175.25,867.0
2020-08-25 13:00:00+00:00,1172.25,949.0
2020-08-25 14:00:00+00:00,1198.25,1157.5
2020-08-25 15:00:00+00:00,1192.5,1241.0
2020-08-25 16:00:00+00:00,1148.0,1258.25
2020-08-25 17:00:00+00:00,1017.25,1191.75
2020-08-25 18:00:00+00:00,888.0,1313.0
2020-08-25 19:00:00+00:00,807.75,1455.25
2020-08-25 20:00:00+00:00,761.75,1467.25
2020-08-25 21:00:00+00:00,667.75,1490.75
2020-08-25 22:00:00+00:00,627.5,1475.0
2020-08-25 23:00:00+00:00,596.25,1493.25
2020-08-26 00:00:00+00:00,610.0,1469.0
2020-08-26 01:00:00+00:00,603.25,1438.75
2020-08-26 02:00:00+00:00,571.0,1459.5
2020-08-26 03:00:00+00:00,623.25,1468.5
2020-08-26 04:00:00+00:00,732.25,1489.0
2020-08-26 05:00:00+00:00,822.25,1510.5
2020-08-26 06:00:00+00:00,879.75,1435.5
2020-08-26 07:00:00+00:00,996.75,1414.5
2020-08-26 08:00:00+00:00,1046.0,1434.5
2020-08-26 09:00:00+00:00,1098.0,1445.0
2020-08-26 10:00:00+00:00,1172.75,1463.75
2020-08-26 11:00:00+00:00,1168.25,1460.25
2020-08-26 12:00:00+00:00,1178.75,1461.25
2020-08-26 13:00:00+00:00,1173.0,1460.25
2020-08-26 14:00:00+00:00,1138.25,1481.75
2020-08-26 15:00:00+00:00,1044.25,1517.75
2020-08-26 16:00:00+00:00,933.25,1445.75
2020-08-26 17:00:00+00:00,894.75,1250.75
2020-08-26 18:00:00+00:00,818.0,1186.75
2020-08-26 19:00:00+00:00,770.25,1013.5
2020-08-26 20:00:00+00:00,699.5,835.75
2020-08-26 21:00:00+00:00,633.5,677.0
2020-08-26 22:00:00+00:00,581.5,475.0
2020-08-26 23:00:00+00:00,568.25,342.75
2020-08-27 00:00:00+00:00,562.25,267.5
2020-08-27 01:00:00+00:00,547.5,230.25
2020-08-27 02:00:00+00:00,493.0,254.5
2020-08-27 03:00:00+00:00,441.25,202.75
2020-08-27 04:00:00+00:00,396.25,167.5
2020-08-27 05:00:00+00:00,307.5,149.0
2020-08-27 06:00:00+00:00,275.0,127.5
2020-08-27 07:00:00+00:00,260.75,112.25
2020-08-27 08:00:00+00:00,213.25,111.25
2020-08-27 09:00:00+00:00,167.0,122.75
2020-08-27 10:00:00+00:00,123.75,137.0
2020-08-27 11:00:00+00:00,108.75,136.75
2020-08-27 12:00:00+00:00,68.25,127.0
2020-08-27 13:00:00+00:00,52.75,154.5
2020-08-27 14:00:00+00:00,30.5,199.0
2020-08-27 15:00:00+00:00,17.75,197.5
2020-08-27 16:00:00+00:00,65.25,187.5
2020-08-27 17:00:00+00:00,141.75,215.75
2020-08-27 18:00:00+00:00,231.25,293.75
2020-08-27 19:00:00+00:00,417.75,421.25
2020-08-27 20:00:00+00:00,630.5,656.0
2020-08-27 21:00:00+00:00,791.25,699.0
2020-08-27 22:00:00+00:00,961.25,843.25
2020-08-27 23:00:00+00:00,1112.0,838.75
2020-08-28 00:00:00+00:00,1148.75,827.0
2020-08-28 01:00:00+00:00,1145.25,918.5
2020-08-28 02:00:00+00:00,1076.75,920.25
2020-08-28 03:00:00+00:00,1033.5,901.75
2020-08-28 04:00:00+00:00,1078.5,938.5
2020-08-28 05:00:00+00:00,900.25,1047.5
2020-08-28 06:00:00+00:00,692.5,988.75
2020-08-28 07:00:00+00:00,570.25,923.5
2020-08-28 08:00:00+00:00,513.5,928.25
2020-08-28 09:00:00+00:00,518.0,895.75
2020-08-28 10:00:00+00:00,743.25,820.25
2020-08-28 11:00:00+00:00,880.5,731.75
2020-08-28 12:00:00+00:00,798.75,752.5
2020-08-28 13:00:00+00:00,776.25,553.25
2020-08-28 14:00:00+00:00,810.75,514.5
2020-08-28 15:00:00+00:00,799.25,421.0
2020-08-28 16:00:00+00:00,767.75,423.25
2020-08-28 17:00:00+00:00,529.5,372.75
2020-08-28 18:00:00+00:00,414.25,337.5
2020-08-28 19:00:00+00:00,282.5,319.75
2020-08-28 20:00:00+00:00,276.5,391.5
2020-08-28 21:00:00+00:00,261.0,484.5
2020-08-28 22:00:00+00:00,389.75,484.5
2020-08-28 23:00:00+00:00,385.75,516.75
2020-08-29 00:00:00+00:00,374.5,471.25
2020-08-29 01:00:00+00:00,359.5,455.25
2020-08-29 02:00:00+00:00,370.75,463.5
2020-08-29 03:00:00+00:00,376.5,456.75
2020-08-29 04:00:00+00:00,427.25,454.25
2020-08-29 05:00:00+00:00,600.75,540.5
2020-08-29 06:00:00+00:00,583.75,570.75
2020-08-29 07:00:00+00:00,572.75,592.0
2020-08-29 08:00:00+00:00,465.0,664.0
2020-08-29 09:00:00+00:00,680.25,720.75
2020-08-29 10:00:00+00:00,735.0,650.0
2020-08-29 11:00:00+00:00,680.5,645.5
2020-08-29 12:00:00+00:00,750.25,535.0
2020-08-29 13:00:00+00:00,668.75,534.75
2020-08-29 14:00:00+00:00,545.5,561.5
2020-08-29 15:00:00+00:00,544.5,550.5
2020-08-29 16:00:00+00:00,535.25,556.5
2020-08-29 17:00:00+00:00,542.75,492.75
2020-08-29 18:00:00+00:00,538.5,460.25
2020-08-29 19:00:00+00:00,570.0,368.0
2020-08-29 20:00:00+00:00,808.25,304.75
2020-08-29 21:00:00+00:00,800.5,277.25
2020-08-29 22:00:00+00:00,807.5,237.5
2020-08-29 23:00:00+00:00,740.5,238.0
2020-08-30 00:00:00+00:00,646.75,237.5
2020-08-30 01:00:00+00:00,812.0,236.5
2020-08-30 02:00:00+00:00,825.5,248.5
2020-08-30 03:00:00+00:00,904.75,272.5
2020-08-30 04:00:00+00:00,985.5,212.0
2020-08-30 05:00:00+00:00,1079.25,228.5
2020-08-30 06:00:00+00:00,1134.75,295.75
2020-08-30 07:00:00+00:00,1120.25,541.0
2020-08-30 08:00:00+00:00,1201.0,629.5
2020-08-30 09:00:00+00:00,1208.25,870.25
2020-08-30 10:00:00+00:00,1207.25,938.25
2020-08-30 11:00:00+00:00,1209.0,1002.5
2020-08-30 12:00:00+00:00,1202.25,1045.0
2020-08-30 13:00:00+00:00,1199.75,1074.0
2020-08-30 14:00:00+00:00,1193.5,1218.5
2020-08-30 15:00:00+00:00,1071.5,1361.75
2020-08-30 16:00:00+00:00,1040.25,1355.75
2020-08-30 17:00:00+00:00,1126.25,1093.0
2020-08-30 18:00:00+00:00,1145.75,861.0
2020-08-30 19:00:00+00:00,1043.75,662.5
2020-08-30 20:00:00+00:00,1003.5,588.5
2020-08-30 21:00:00+00:00,953.75,555.0
2020-08-30 22:00:00+00:00,719.5,467.75
2020-08-30 23:00:00+00:00,443.25,441.75
2020-08-31 00:00:00+00:00,317.0,418.0
2020-08-31 01:00:00+00:00,226.75,398.25
2020-08-31 02:00:00+00:00,269.0,298.25
2020-08-31 03:00:00+00:00,322.75,194.0
2020-08-31 04:00:00+00:00,374.75,175.75
2020-08-31 05:00:00+00:00,357.5,180.0
2020-08-31 06:00:00+00:00,380.0,149.5
2020-08-31 07:00:00+00:00,356.75,122.75
2020-08-31 08:00:00+00:00,389.5,134.0
2020-08-31 09:00:00+00:00,449.75,153.5
2020-08-31 10:00:00+00:00,330.5,175.5
2020-08-31 11:00:00+00:00,230.75,193.25
2020-08-31 12:00:00+00:00,277.0,208.25
2020-08-31 13:00:00+00:00,273.5,220.75
2020-08-31 14:00:00+00:00,314.0,198.5
2020-08-31 15:00:00+00:00,392.5,177.25
2020-08-31 16:00:00+00:00,336.75,157.75
2020-08-31 17:00:00+00:00,238.5,161.75
2020-08-31 18:00:00+00:00,243.0,130.0
2020-08-31 19:00:00+00:00,301.25,127.25
2020-08-31 20:00:00+00:00,123.75,107.0
2020-08-31 21:00:00+00:00,36.0,88.5
2020-08-31 22:00:00+00:00,20.25,67.5
2020-08-31 23:00:00+00:00,7.5,54.25
2020-09-01 00:00:00+00:00,2.75,47.0
2020-09-01 01:00:00+00:00,61.25,48.0
2020-09-01 02:00:00+00:00,85.75,48.75
2020-09-01 03:00:00+00:00,74.25,52.0
2020-09-01 04:00:00+00:00,17.25,44.0
2020-09-01 05:00:00+00:00,16.0,43.0
2020-09-01 06:00:00+00:00,27.25,35.25
2020-09-01 07:00:00+00:00,52.25,39.0
2020-09-01 08:00:00+00:00,37.5,40.0
2020-09-01 09:00:00+00:00,33.75,42.75
2020-09-01 10:00:00+00:00,56.25,44.5
2020-09-01 11:00:00+00:00,61.5,50.5
2020-09-01 12:00:00+00:00,60.75,68.0
2020-09-01 13:00:00+00:00,66.75,84.0
2020-09-01 14:00:00+00:00,108.75,101.5
2020-09-01 15:00:00+00:00,115.5,108.0
2020-09-01 16:00:00+00:00,101.75,98.5
2020-09-01 17:00:00+00:00,99.25,94.0
2020-09-01 18:00:00+00:00,92.25,91.75
2020-09-01 19:00:00+00:00,74.0,91.75
2020-09-01 20:00:00+00:00,49.0,81.0
2020-09-01 21:00:00+00:00,37.75,107.25
2020-09-01 22:00:00+00:00,16.5,158.25
2020-09-01 23:00:00+00:00,1.75,131.5
2020-09-02 00:00:00+00:00,0.0,99.5
2020-09-02 01:00:00+00:00,0.0,65.75
2020-09-02 02:00:00+00:00,0.0,42.0
2020-09-02 03:00:00+00:00,0.75,39.0
2020-09-02 04:00:00+00:00,0.25,45.0
2020-09-02 05:00:00+00:00,6.0,44.75
2020-09-02 06:00:00+00:00,15.25,30.75
2020-09-02 07:00:00+00:00,17.75,35.75
2020-09-02 08:00:00+00:00,8.5,39.75
2020-09-02 09:00:00+00:00,0.25,37.75
2020-09-02 10:00:00+00:00,0.0,37.5
2020-09-02 11:00:00+00:00,0.0,37.25
2020-09-02 12:00:00+00:00,0.0,38.75
2020-09-02 13:00:00+00:00,0.0,42.75
2020-09-02 14:00:00+00:00,0.5,49.0
2020-09-02 15:00:00+00:00,3.25,73.75
2020-09-02 16:00:00+00:00,2.75,73.0
2020-09-02 17:00:00+00:00,7.0,55.5
2020-09-02 18:00:00+00:00,11.5,42.25
2020-09-02 19:00:00+00:00,29.5,39.0
2020-09-02 20:00:00+00:00,66.75,42.75
2020-09-02 21:00:00+00:00,110.75,50.5
2020-09-02 22:00:00+00:00,199.75,70.5
2020-09-02 23:00:00+00:00,316.75,124.0
2020-09-03 00:00:00+00:00,449.5,208.75
2020-09-03 01:00:00+00:00,633.25,282.75
2020-09-03 02:00:00+00:00,836.0,357.25
2020-09-03 03:00:00+00:00,1008.5,428.0
2020-09-03 04:00:00+00:00,1136.25,519.0
2020-09-03 05:00:00+00:00,1208.5,571.5
2020-09-03 06:00:00+00:00,1235.75,686.0
2020-09-03 07:00:00+00:00,1233.5,762.25
2020-09-03 08:00:00+00:00,1228.5,823.25
2020-09-03 09:00:00+00:00,1238.0,934.25
2020-09-03 10:00:00+00:00,1245.5,1007.0
2020-09-03 11:00:00+00:00,1239.0,1079.75
2020-09-03 12:00:00+00:00,1242.5,1117.25
2020-09-03 13:00:00+00:00,1233.5,1058.75
2020-09-03 14:00:00+00:00,1212.75,1035.75
2020-09-03 15:00:00+00:00,1097.75,1062.75
2020-09-03 16:00:00+00:00,1046.0,1074.25
2020-09-03 17:00:00+00:00,870.75,1178.25
2020-09-03 18:00:00+00:00,1121.25,1148.5
2020-09-03 19:00:00+00:00,1083.25,1085.25
2020-09-03 20:00:00+00:00,871.5,860.25
2020-09-03 21:00:00+00:00,779.25,698.0
2020-09-03 22:00:00+00:00,769.25,628.5
2020-09-03 23:00:00+00:00,689.25,479.25
2020-09-04 00:00:00+00:00,537.0,436.5
2020-09-04 01:00:00+00:00,581.75,396.5
2020-09-04 02:00:00+00:00,519.75,369.5
2020-09-04 03:00:00+00:00,393.75,288.0
2020-09-04 04:00:00+00:00,430.5,232.0
2020-09-04 05:00:00+00:00,434.0,235.75
2020-09-04 06:00:00+00:00,331.25,221.0
2020-09-04 07:00:00+00:00,325.75,234.5
2020-09-04 08:00:00+00:00,371.75,280.75
2020-09-04 09:00:00+00:00,385.5,284.5
2020-09-04 10:00:00+00:00,415.25,341.5
2020-09-04 11:00:00+00:00,343.0,308.5
2020-09-04 12:00:00+00:00,440.75,383.0
2020-09-04 13:00:00+00:00,430.0,501.25
2020-09-04 14:00:00+00:00,436.0,517.75
2020-09-04 15:00:00+00:00,479.75,558.0
2020-09-04 16:00:00+00:00,571.0,456.25
2020-09-04 17:00:00+00:00,712.0,392.0
2020-09-04 18:00:00+00:00,757.75,343.5
2020-09-04 19:00:00+00:00,704.25,255.25
2020-09-04 20:00:00+00:00,623.5,236.0
2020-09-04 21:00:00+00:00,558.0,236.5
2020-09-04 22:00:00+00:00,577.75,271.5
2020-09-04 23:00:00+00:00,643.5,313.25
2020-09-05 00:00:00+00:00,747.25,240.0
2020-09-05 01:00:00+00:00,888.25,334.0
2020-09-05 02:00:00+00:00,673.75,275.25
2020-09-05 03:00:00+00:00,745.5,364.0
2020-09-05 04:00:00+00:00,780.25,374.5
2020-09-05 05:00:00+00:00,762.5,364.25
2020-09-05 06:00:00+00:00,764.25,370.5
2020-09-05 07:00:00+00:00,769.75,381.0
2020-09-05 08:00:00+00:00,840.25,474.25
2020-09-05 09:00:00+00:00,844.5,550.75
2020-09-05 10:00:00+00:00,790.75,683.5
2020-09-05 11:00:00+00:00,787.5,656.5
2020-09-05 12:00:00+00:00,805.0,604.5
2020-09-05 13:00:00+00:00,844.0,737.5
2020-09-05 14:00:00+00:00,883.5,735.5
2020-09-05 15:00:00+00:00,853.0,625.5
2020-09-05 16:00:00+00:00,780.75,551.25
2020-09-05 17:00:00+00:00,828.75,462.0
2020-09-05 18:00:00+00:00,726.5,397.0
2020-09-05 19:00:00+00:00,609.0,312.0
2020-09-05 20:00:00+00:00,575.25,271.25
2020-09-05 21:00:00+00:00,599.75,250.5
2020-09-05 22:00:00+00:00,619.5,265.5
2020-09-05 23:00:00+00:00,601.5,221.25
2020-09-06 00:00:00+00:00,530.5,277.75
2020-09-06 01:00:00+00:00,359.25,236.25
2020-09-06 02:00:00+00:00,386.0,340.5
2020-09-06 03:00:00+00:00,322.5,276.75
2020-09-06 04:00:00+00:00,352.25,271.75
2020-09-06 05:00:00+00:00,320.25,271.25
2020-09-06 06:00:00+00:00,263.0,238.0
2020-09-06 07:00:00+00:00,215.75,210.0
2020-09-06 08:00:00+00:00,276.25,215.75
2020-09-06 09:00:00+00:00,270.75,220.5
2020-09-06 10:00:00+00:00,281.0,300.5
2020-09-06 11:00:00+00:00,288.75,308.25
2020-09-06 12:00:00+00:00,225.75,327.75
2020-09-06 13:00:00+00:00,201.5,320.75
2020-09-06 14:00:00+00:00,205.0,257.0
2020-09-06 15:00:00+00:00,211.0,204.0
2020-09-06 16:00:00+00:00,133.75,185.0
2020-09-06 17:00:00+00:00,76.0,184.75
2020-09-06 18:00:00+00:00,64.5,139.0
2020-09-06 19:00:00+00:00,68.5,130.5
2020-09-06 20:00:00+00:00,59.75,119.5
2020-09-06 21:00:00+00:00,32.0,120.25
2020-09-06 22:00:00+00:00,26.75,107.75
2020-09-06 23:00:00+00:00,65.75,108.5
2020-09-07 00:00:00+00:00,79.5,98.5
2020-09-07 01:00:00+00:00,66.25,111.5
2020-09-07 02:00:00+00:00,61.75,127.5
2020-09-07 03:00:00+00:00,81.0,151.25
2020-09-07 04:00:00+00:00,68.75,179.25
2020-09-07 05:00:00+00:00,99.25,171.75
2020-09-07 06:00:00+00:00,119.5,178.0
2020-09-07 07:00:00+00:00,124.5,163.0
2020-09-07 08:00:00+00:00,155.0,178.75
2020-09-07 09:00:00+00:00,193.5,253.5
2020-09-07 10:00:00+00:00,309.5,393.25
2020-09-07 11:00:00+00:00,326.25,425.5
2020-09-07 12:00:00+00:00,355.25,404.75
2020-09-07 13:00:00+00:00,419.0,419.5
2020-09-07 14:00:00+00:00,557.75,407.25
2020-09-07 15:00:00+00:00,730.5,443.0
2020-09-07 16:00:00+00:00,967.25,448.5
2020-09-07 17:00:00+00:00,1165.25,410.0
2020-09-07 18:00:00+00:00,1219.75,440.5
2020-09-07 19:00:00+00:00,1233.75,541.5
2020-09-07 20:00:00+00:00,1224.75,667.75
2020-09-07 21:00:00+00:00,1202.75,758.5
2020-09-07 22:00:00+00:00,1126.0,811.25
2020-09-07 23:00:00+00:00,1047.0,872.5
2020-09-08 00:00:00+00:00,979.0,838.75
2020-09-08 01:00:00+00:00,970.25,851.5
2020-09-08 02:00:00+00:00,947.5,791.25
2020-09-08 03:00:00+00:00,845.25,650.75
2020-09-08 04:00:00+00:00,718.75,534.0
2020-09-08 05:00:00+00:00,630.25,451.0
2020-09-08 06:00:00+00:00,482.75,396.75
2020-09-08 07:00:00+00:00,335.25,426.0
2020-09-08 08:00:00+00:00,428.5,402.5
2020-09-08 09:00:00+00:00,508.0,378.75
2020-09-08 10:00:00+00:00,427.75,386.75
2020-09-08 11:00:00+00:00,368.0,403.25
2020-09-08 12:00:00+00:00,336.25,374.25
2020-09-08 13:00:00+00:00,303.25,351.0
2020-09-08 14:00:00+00:00,352.25,374.25
2020-09-08 15:00:00+00:00,408.0,353.0
2020-09-08 16:00:00+00:00,490.0,325.5
2020-09-08 17:00:00+00:00,590.25,312.25
2020-09-08 18:00:00+00:00,552.75,277.25
2020-09-08 19:00:00+00:00,464.25,302.0
2020-09-08 20:00:00+00:00,637.0,275.5
2020-09-08 21:00:00+00:00,751.0,300.75
2020-09-08 22:00:00+00:00,836.25,362.25
2020-09-08 23:00:00+00:00,859.0,414.5
2020-09-09 00:00:00+00:00,873.75,471.5
2020-09-09 01:00:00+00:00,857.5,498.5
2020-09-09 02:00:00+00:00,870.25,521.25
2020-09-09 03:00:00+00:00,892.5,507.25
2020-09-09 04:00:00+00:00,878.5,525.0
2020-09-09 05:00:00+00:00,891.25,547.5
2020-09-09 06:00:00+00:00,946.75,580.75
2020-09-09 07:00:00+00:00,933.75,649.0
2020-09-09 08:00:00+00:00,883.25,717.25
2020-09-09 09:00:00+00:00,791.25,684.0
2020-09-09 10:00:00+00:00,769.75,648.75
2020-09-09 11:00:00+00:00,515.5,594.25
2020-09-09 12:00:00+00:00,486.5,530.75
2020-09-09 13:00:00+00:00,505.0,474.5
2020-09-09 14:00:00+00:00,440.5,428.75
2020-09-09 15:00:00+00:00,410.0,358.5
2020-09-09 16:00:00+00:00,430.5,372.25
2020-09-09 17:00:00+00:00,638.0,417.5
2020-09-09 18:00:00+00:00,740.5,484.75
2020-09-09 19:00:00+00:00,688.75,454.5
2020-09-09 20:00:00+00:00,605.25,384.0
2020-09-09 21:00:00+00:00,618.5,263.75
2020-09-09 22:00:00+00:00,469.0,247.75
2020-09-09 23:00:00+00:00,423.0,220.0
2020-09-10 00:00:00+00:00,387.0,190.0
2020-09-10 01:00:00+00:00,308.0,172.0
2020-09-10 02:00:00+00:00,310.5,169.25
2020-09-10 03:00:00+00:00,355.0,170.0
2020-09-10 04:00:00+00:00,312.5,178.75
2020-09-10 05:00:00+00:00,200.0,150.25
2020-09-10 06:00:00+00:00,124.75,104.25
2020-09-10 07:00:00+00:00,52.0,88.5
2020-09-10 08:00:00+00:00,32.5,84.0
2020-09-10 09:00:00+00:00,34.5,83.0
2020-09-10 10:00:00+00:00,24.75,81.0
2020-09-10 11:00:00+00:00,10.75,81.5
2020-09-10 12:00:00+00:00,11.5,83.0
2020-09-10 13:00:00+00:00,5.75,81.0
2020-09-10 14:00:00+00:00,0.0,80.0
2020-09-10 15:00:00+00:00,0.0,79.75
2020-09-10 16:00:00+00:00,0.0,81.25
2020-09-10 17:00:00+00:00,11.75,84.5
2020-09-10 18:00:00+00:00,14.25,87.25
2020-09-10 19:00:00+00:00,1.75,90.25
2020-09-10 20:00:00+00:00,25.5,107.5
2020-09-10 21:00:00+00:00,45.75,126.5
2020-09-10 22:00:00+00:00,135.25,135.5
2020-09-10 23:00:00+00:00,213.0,138.25
2020-09-11 00:00:00+00:00,196.25,142.5
2020-09-11 01:00:00+00:00,180.75,125.0
2020-09-11 02:00:00+00:00,197.25,110.5
2020-09-11 03:00:00+00:00,201.5,104.0
2020-09-11 04:00:00+00:00,212.75,93.25
2020-09-11 05:00:00+00:00,127.5,87.75
2020-09-11 06:00:00+00:00,138.25,85.75
2020-09-11 07:00:00+00:00,218.0,85.0
2020-09-11 08:00:00+00:00,271.5,54.0
2020-09-11 09:00:00+00:00,359.5,46.25
2020-09-11 10:00:00+00:00,432.75,118.75
2020-09-11 11:00:00+00:00,540.0,155.75
2020-09-11 12:00:00+00:00,534.75,178.5
2020-09-11 13:00:00+00:00,455.75,171.25
2020-09-11 14:00:00+00:00,578.5,145.0
2020-09-11 15:00:00+00:00,572.75,131.25
2020-09-11 16:00:00+00:00,605.0,131.0
2020-09-11 17:00:00+00:00,603.5,133.75
2020-09-11 18:00:00+00:00,584.75,132.5
2020-09-11 19:00:00+00:00,563.25,140.0
2020-09-11 20:00:00+00:00,623.0,157.25
2020-09-11 21:00:00+00:00,637.75,193.0
2020-09-11 22:00:00+00:00,583.5,213.5
2020-09-11 23:00:00+00:00,488.0,323.0
2020-09-12 00:00:00+00:00,459.5,407.25
2020-09-12 01:00:00+00:00,447.5,437.5
2020-09-12 02:00:00+00:00,613.25,467.5
2020-09-12 03:00:00+00:00,756.5,503.25
2020-09-12 04:00:00+00:00,918.0,470.25
2020-09-12 05:00:00+00:00,1148.25,520.75
2020-09-12 06:00:00+00:00,1145.5,569.75
2020-09-12 07:00:00+00:00,1054.0,571.0
2020-09-12 08:00:00+00:00,997.25,588.0
2020-09-12 09:00:00+00:00,957.25,737.75
2020-09-12 10:00:00+00:00,872.0,770.5
2020-09-12 11:00:00+00:00,844.5,691.75
2020-09-12 12:00:00+00:00,775.5,588.25
2020-09-12 13:00:00+00:00,744.75,476.25
2020-09-12 14:00:00+00:00,698.25,444.5
2020-09-12 15:00:00+00:00,610.75,411.5
2020-09-12 16:00:00+00:00,544.0,321.75
2020-09-12 17:00:00+00:00,540.5,237.5
2020-09-12 18:00:00+00:00,528.75,180.25
2020-09-12 19:00:00+00:00,559.75,157.75
2020-09-12 20:00:00+00:00,552.25,198.0
2020-09-12 21:00:00+00:00,500.5,252.25
2020-09-12 22:00:00+00:00,610.5,344.0
2020-09-12 23:00:00+00:00,732.25,422.0
2020-09-13 00:00:00+00:00,759.25,479.75
2020-09-13 01:00:00+00:00,656.5,511.75
2020-09-13 02:00:00+00:00,750.5,585.25
2020-09-13 03:00:00+00:00,884.5,623.0
2020-09-13 04:00:00+00:00,1002.25,627.75
2020-09-13 05:00:00+00:00,1036.0,603.75
2020-09-13 06:00:00+00:00,1017.5,603.0
2020-09-13 07:00:00+00:00,991.0,508.75
2020-09-13 08:00:00+00:00,996.0,525.75
2020-09-13 09:00:00+00:00,954.0,554.75
2020-09-13 10:00:00+00:00,974.5,560.75
2020-09-13 11:00:00+00:00,942.75,536.25
2020-09-13 12:00:00+00:00,935.75,496.75
2020-09-13 13:00:00+00:00,869.75,414.25
2020-09-13 14:00:00+00:00,821.5,373.75
2020-09-13 15:00:00+00:00,748.5,295.5
2020-09-13 16:00:00+00:00,651.25,238.5
2020-09-13 17:00:00+00:00,570.25,255.5
2020-09-13 18:00:00+00:00,494.5,224.0
2020-09-13 19:00:00+00:00,385.5,160.75
2020-09-13 20:00:00+00:00,356.0,145.5
2020-09-13 21:00:00+00:00,284.25,127.25
2020-09-13 22:00:00+00:00,257.75,116.75
2020-09-13 23:00:00+00:00,162.75,108.0
2020-09-14 00:00:00+00:00,113.25,106.75
2020-09-14 01:00:00+00:00,106.5,110.5
2020-09-14 02:00:00+00:00,80.5,106.75
2020-09-14 03:00:00+00:00,57.75,104.75
2020-09-14 04:00:00+00:00,76.75,106.5
2020-09-14 05:00:00+00:00,92.75,106.5
2020-09-14 06:00:00+00:00,107.75,123.5
2020-09-14 07:00:00+00:00,108.0,142.25
2020-09-14 08:00:00+00:00,137.5,118.75
2020-09-14 09:00:00+00:00,137.5,104.75
2020-09-14 10:00:00+00:00,111.75,103.0
2020-09-14 11:00:00+00:00,117.0,91.75
2020-09-14 12:00:00+00:00,96.25,84.5
2020-09-14 13:00:00+00:00,41.25,83.5
2020-09-14 14:00:00+00:00,13.5,86.5
2020-09-14 15:00:00+00:00,51.75,94.25
2020-09-14 16:00:00+00:00,97.0,102.25
2020-09-14 17:00:00+00:00,128.25,131.0
2020-09-14 18:00:00+00:00,187.5,194.0
2020-09-14 19:00:00+00:00,238.0,227.5
2020-09-14 20:00:00+00:00,223.0,278.75
2020-09-14 21:00:00+00:00,203.0,266.5
2020-09-14 22:00:00+00:00,149.25,258.0
2020-09-14 23:00:00+00:00,155.25,264.25
2020-09-15 00:00:00+00:00,146.0,204.0
2020-09-15 01:00:00+00:00,116.75,154.0
2020-09-15 02:00:00+00:00,78.75,130.5
2020-09-15 03:00:00+00:00,45.25,118.5
2020-09-15 04:00:00+00:00,15.25,116.25
2020-09-15 05:00:00+00:00,2.25,116.5
2020-09-15 06:00:00+00:00,0.25,103.0
2020-09-15 07:00:00+00:00,4.0,87.5
2020-09-15 08:00:00+00:00,4.5,79.5
2020-09-15 09:00:00+00:00,9.75,78.0
2020-09-15 10:00:00+00:00,5.0,74.25
2020-09-15 11:00:00+00:00,20.25,74.25
2020-09-15 12:00:00+00:00,9.25,77.25
2020-09-15 13:00:00+00:00,13.5,75.75
2020-09-15 14:00:00+00:00,21.5,75.0
2020-09-15 15:00:00+00:00,49.5,79.5
2020-09-15 16:00:00+00:00,58.0,87.25
2020-09-15 17:00:00+00:00,30.75,137.75
2020-09-15 18:00:00+00:00,7.5,155.25
2020-09-15 19:00:00+00:00,17.25,150.5
2020-09-15 20:00:00+00:00,25.0,166.75
2020-09-15 21:00:00+00:00,41.75,182.75
2020-09-15 22:00:00+00:00,86.25,158.75
2020-09-15 23:00:00+00:00,96.0,128.75
2020-09-16 00:00:00+00:00,161.25,123.0
2020-09-16 01:00:00+00:00,237.5,217.0
2020-09-16 02:00:00+00:00,300.25,209.5
2020-09-16 03:00:00+00:00,317.25,297.5
2020-09-16 04:00:00+00:00,437.25,403.75
2020-09-16 05:00:00+00:00,633.0,407.5
2020-09-16 06:00:00+00:00,610.5,386.75
2020-09-16 07:00:00+00:00,508.75,342.75
2020-09-16 08:00:00+00:00,465.0,316.25
2020-09-16 09:00:00+00:00,531.0,363.25
2020-09-16 10:00:00+00:00,679.75,361.5
2020-09-16 11:00:00+00:00,847.25,402.5
2020-09-16 12:00:00+00:00,905.25,465.25
2020-09-16 13:00:00+00:00,1046.25,523.75
2020-09-16 14:00:00+00:00,1069.5,677.75
2020-09-16 15:00:00+00:00,1026.5,766.5
2020-09-16 16:00:00+00:00,1220.25,682.5
2020-09-16 17:00:00+00:00,1245.75,634.75
2020-09-16 18:00:00+00:00,1250.0,742.5
2020-09-16 19:00:00+00:00,1274.75,714.75
2020-09-16 20:00:00+00:00,1275.0,662.25
2020-09-16 21:00:00+00:00,1267.25,610.75
2020-09-16 22:00:00+00:00,1180.75,572.75
2020-09-16 23:00:00+00:00,1225.75,527.5
2020-09-17 00:00:00+00:00,1202.5,455.5
2020-09-17 01:00:00+00:00,1170.75,441.5
2020-09-17 02:00:00+00:00,1057.25,467.75
2020-09-17 03:00:00+00:00,963.0,462.25
2020-09-17 04:00:00+00:00,942.25,456.25
2020-09-17 05:00:00+00:00,1004.75,501.75
2020-09-17 06:00:00+00:00,961.75,507.0
2020-09-17 07:00:00+00:00,914.75,433.25
2020-09-17 08:00:00+00:00,824.0,471.75
2020-09-17 09:00:00+00:00,717.75,609.25
2020-09-17 10:00:00+00:00,663.25,519.75
2020-09-17 11:00:00+00:00,592.75,471.5
2020-09-17 12:00:00+00:00,583.5,447.25
2020-09-17 13:00:00+00:00,611.75,472.0
2020-09-17 14:00:00+00:00,717.0,562.0
2020-09-17 15:00:00+00:00,885.25,638.0
2020-09-17 16:00:00+00:00,939.0,681.25
2020-09-17 17:00:00+00:00,951.5,695.5
2020-09-17 18:00:00+00:00,950.0,745.0
2020-09-17 19:00:00+00:00,914.0,815.5
2020-09-17 20:00:00+00:00,785.5,907.75
2020-09-17 21:00:00+00:00,759.0,903.25
2020-09-17 22:00:00+00:00,770.75,871.75
2020-09-17 23:00:00+00:00,744.0,815.75
2020-09-18 00:00:00+00:00,739.5,747.5
2020-09-18 01:00:00+00:00,703.0,712.5
2020-09-18 02:00:00+00:00,660.25,675.5
2020-09-18 03:00:00+00:00,550.0,666.0
2020-09-18 04:00:00+00:00,497.25,673.75
2020-09-18 05:00:00+00:00,504.25,628.75
2020-09-18 06:00:00+00:00,524.5,549.25
2020-09-18 07:00:00+00:00,567.0,465.25
2020-09-18 08:00:00+00:00,620.5,419.5
2020-09-18 09:00:00+00:00,681.75,492.75
2020-09-18 10:00:00+00:00,681.0,667.75
2020-09-18 11:00:00+00:00,608.25,680.75
2020-09-18 12:00:00+00:00,591.5,671.25
2020-09-18 13:00:00+00:00,638.5,694.5
2020-09-18 14:00:00+00:00,773.5,664.0
2020-09-18 15:00:00+00:00,935.0,633.0
2020-09-18 16:00:00+00:00,969.0,595.75
2020-09-18 17:00:00+00:00,1004.5,659.5
2020-09-18 18:00:00+00:00,1031.75,948.25
2020-09-18 19:00:00+00:00,1018.0,1031.5
2020-09-18 20:00:00+00:00,981.75,1024.75
2020-09-18 21:00:00+00:00,1028.0,991.0
2020-09-18 22:00:00+00:00,1067.0,852.5
2020-09-18 23:00:00+00:00,1041.0,803.75
2020-09-19 00:00:00+00:00,831.25,794.0
2020-09-19 01:00:00+00:00,756.0,735.0
2020-09-19 02:00:00+00:00,735.25,758.0
2020-09-19 03:00:00+00:00,769.25,726.5
2020-09-19 04:00:00+00:00,797.75,754.5
2020-09-19 05:00:00+00:00,756.5,749.5
2020-09-19 06:00:00+00:00,675.0,611.25
2020-09-19 07:00:00+00:00,648.25,399.0
2020-09-19 08:00:00+00:00,625.75,250.0
2020-09-19 09:00:00+00:00,621.0,209.0
2020-09-19 10:00:00+00:00,621.0,222.25
2020-09-19 11:00:00+00:00,686.75,272.75
2020-09-19 12:00:00+00:00,833.5,275.75
2020-09-19 13:00:00+00:00,846.25,341.5
2020-09-19 14:00:00+00:00,826.5,379.75
2020-09-19 15:00:00+00:00,862.75,360.0
2020-09-19 16:00:00+00:00,878.75,368.5
2020-09-19 17:00:00+00:00,938.5,551.25
2020-09-19 18:00:00+00:00,978.0,716.5
2020-09-19 19:00:00+00:00,982.25,819.0
2020-09-19 20:00:00+00:00,936.0,808.25
2020-09-19 21:00:00+00:00,832.5,768.0
2020-09-19 22:00:00+00:00,715.75,770.75
2020-09-19 23:00:00+00:00,658.75,673.75
2020-09-20 00:00:00+00:00,497.75,604.0
2020-09-20 01:00:00+00:00,395.0,551.0
2020-09-20 02:00:00+00:00,370.5,573.5
2020-09-20 03:00:00+00:00,347.75,535.25
2020-09-20 04:00:00+00:00,446.25,478.0
2020-09-20 05:00:00+00:00,478.0,483.25
2020-09-20 06:00:00+00:00,459.0,450.5
2020-09-20 07:00:00+00:00,454.5,315.25
2020-09-20 08:00:00+00:00,476.0,222.75
2020-09-20 09:00:00+00:00,485.0,208.5
2020-09-20 10:00:00+00:00,432.25,277.5
2020-09-20 11:00:00+00:00,369.75,283.5
2020-09-20 12:00:00+00:00,352.75,248.5
2020-09-20 13:00:00+00:00,421.75,248.5
2020-09-20 14:00:00+00:00,536.25,318.0
2020-09-20 15:00:00+00:00,641.0,359.25
2020-09-20 16:00:00+00:00,664.5,420.75
2020-09-20 17:00:00+00:00,621.0,515.75
2020-09-20 18:00:00+00:00,600.25,623.5
2020-09-20 19:00:00+00:00,565.25,678.25
2020-09-20 20:00:00+00:00,452.75,628.5
2020-09-20 21:00:00+00:00,333.75,526.0
2020-09-20 22:00:00+00:00,303.0,457.25
2020-09-20 23:00:00+00:00,264.5,475.75
2020-09-21 00:00:00+00:00,202.75,515.5
2020-09-21 01:00:00+00:00,130.5,429.25
2020-09-21 02:00:00+00:00,68.75,327.75
2020-09-21 03:00:00+00:00,67.25,277.0
2020-09-21 04:00:00+00:00,57.5,211.5
2020-09-21 05:00:00+00:00,42.0,159.5
2020-09-21 06:00:00+00:00,10.5,136.5
2020-09-21 07:00:00+00:00,8.0,101.75
2020-09-21 08:00:00+00:00,13.25,89.75
2020-09-21 09:00:00+00:00,12.25,75.25
2020-09-21 10:00:00+00:00,3.75,63.5
2020-09-21 11:00:00+00:00,10.25,74.5
2020-09-21 12:00:00+00:00,15.75,74.25
2020-09-21 13:00:00+00:00,33.0,79.75
2020-09-21 14:00:00+00:00,26.5,90.25
2020-09-21 15:00:00+00:00,10.25,75.75
2020-09-21 16:00:00+00:00,11.75,87.0
2020-09-21 17:00:00+00:00,8.25,100.5
2020-09-21 18:00:00+00:00,5.5,104.25
2020-09-21 19:00:00+00:00,0.25,90.75
2020-09-21 20:00:00+00:00,0.0,82.0
2020-09-21 21:00:00+00:00,0.0,79.25
2020-09-21 22:00:00+00:00,0.0,77.25
2020-09-21 23:00:00+00:00,0.0,78.5
2020-09-22 00:00:00+00:00,0.75,73.5
2020-09-22 01:00:00+00:00,1.75,68.0
2020-09-22 02:00:00+00:00,0.0,72.25
2020-09-22 03:00:00+00:00,0.0,74.75
2020-09-22 04:00:00+00:00,0.0,69.25
2020-09-22 05:00:00+00:00,0.0,66.75
2020-09-22 06:00:00+00:00,0.0,66.0
2020-09-22 07:00:00+00:00,0.25,64.5
2020-09-22 08:00:00+00:00,2.25,62.5
2020-09-22 09:00:00+00:00,3.0,57.75
2020-09-22 10:00:00+00:00,26.25,65.0
2020-09-22 11:00:00+00:00,37.75,66.5
2020-09-22 12:00:00+00:00,37.25,74.5
2020-09-22 13:00:00+00:00,50.75,70.75
2020-09-22 14:00:00+00:00,66.5,77.0
2020-09-22 15:00:00+00:00,69.5,74.75
2020-09-22 16:00:00+00:00,70.25,73.25
2020-09-22 17:00:00+00:00,97.0,74.0
2020-09-22 18:00:00+00:00,188.0,73.5
2020-09-22 19:00:00+00:00,294.75,81.0
2020-09-22 20:00:00+00:00,499.25,110.25
2020-09-22 21:00:00+00:00,558.0,176.75
2020-09-22 22:00:00+00:00,538.25,250.0
2020-09-22 23:00:00+00:00,467.25,260.25
2020-09-23 00:00:00+00:00,465.0,305.0
2020-09-23 01:00:00+00:00,583.25,414.75
2020-09-23 02:00:00+00:00,703.25,455.75
2020-09-23 03:00:00+00:00,734.0,481.75
2020-09-23 04:00:00+00:00,675.0,529.0
2020-09-23 05:00:00+00:00,629.25,486.0
2020-09-23 06:00:00+00:00,552.5,395.25
2020-09-23 07:00:00+00:00,494.25,395.75
2020-09-23 08:00:00+00:00,706.5,398.5
2020-09-23 09:00:00+00:00,958.75,471.75
2020-09-23 10:00:00+00:00,1023.25,582.5
2020-09-23 11:00:00+00:00,930.25,715.0
2020-09-23 12:00:00+00:00,805.5,809.75
2020-09-23 13:00:00+00:00,853.25,785.5
2020-09-23 14:00:00+00:00,866.75,637.0
2020-09-23 15:00:00+00:00,1122.0,667.5
2020-09-23 16:00:00+00:00,1025.5,534.25
2020-09-23 17:00:00+00:00,979.75,451.5
2020-09-23 18:00:00+00:00,1121.0,675.25
2020-09-23 19:00:00+00:00,1256.25,676.0
2020-09-23 20:00:00+00:00,1252.25,813.25
2020-09-23 21:00:00+00:00,1310.0,816.25
2020-09-23 22:00:00+00:00,1330.0,1004.75
2020-09-23 23:00:00+00:00,1337.75,1125.5
2020-09-24 00:00:00+00:00,1347.75,1274.5
2020-09-24 01:00:00+00:00,1345.5,1386.25
2020-09-24 02:00:00+00:00,1343.25,1396.0
2020-09-24 03:00:00+00:00,1318.75,1351.0
2020-09-24 04:00:00+00:00,1295.25,1183.0
2020-09-24 05:00:00+00:00,1222.75,1077.0
2020-09-24 06:00:00+00:00,1262.0,1031.75
2020-09-24 07:00:00+00:00,1349.75,977.0
2020-09-24 08:00:00+00:00,1334.0,1073.25
2020-09-24 09:00:00+00:00,1272.0,1053.75
2020-09-24 10:00:00+00:00,1061.0,1131.75
2020-09-24 11:00:00+00:00,1279.0,1281.0
2020-09-24 12:00:00+00:00,1329.5,1259.0
2020-09-24 13:00:00+00:00,1276.25,1046.0
2020-09-24 14:00:00+00:00,1185.5,802.25
2020-09-24 15:00:00+00:00,968.75,454.0
2020-09-24 16:00:00+00:00,923.25,357.25
2020-09-24 17:00:00+00:00,820.25,432.5
2020-09-24 18:00:00+00:00,788.0,535.25
2020-09-24 19:00:00+00:00,656.75,712.0
2020-09-24 20:00:00+00:00,316.5,661.5
2020-09-24 21:00:00+00:00,503.75,651.75
2020-09-24 22:00:00+00:00,1030.5,724.25
2020-09-24 23:00:00+00:00,1013.5,784.0
2020-09-25 00:00:00+00:00,1000.25,771.5
2020-09-25 01:00:00+00:00,1140.25,771.25
2020-09-25 02:00:00+00:00,1175.25,875.0
2020-09-25 03:00:00+00:00,961.75,931.0
2020-09-25 04:00:00+00:00,1116.5,997.25
2020-09-25 05:00:00+00:00,1169.0,1107.5
2020-09-25 06:00:00+00:00,1164.25,1085.5
2020-09-25 07:00:00+00:00,1244.75,1022.75
2020-09-25 08:00:00+00:00,1300.25,1061.25
2020-09-25 09:00:00+00:00,1293.75,1086.5
2020-09-25 10:00:00+00:00,1268.25,1129.75
2020-09-25 11:00:00+00:00,1275.0,1108.25
2020-09-25 12:00:00+00:00,1174.5,1283.0
2020-09-25 13:00:00+00:00,998.0,1338.0
2020-09-25 14:00:00+00:00,857.5,1388.5
2020-09-25 15:00:00+00:00,611.0,1295.25
2020-09-25 16:00:00+00:00,408.25,1245.5
2020-09-25 17:00:00+00:00,304.0,1223.75
2020-09-25 18:00:00+00:00,219.5,1047.25
2020-09-25 19:00:00+00:00,159.25,830.0
2020-09-25 20:00:00+00:00,103.25,744.75
2020-09-25 21:00:00+00:00,116.25,728.75
2020-09-25 22:00:00+00:00,212.0,578.75
2020-09-25 23:00:00+00:00,235.75,507.25
2020-09-26 00:00:00+00:00,243.5,587.25
2020-09-26 01:00:00+00:00,224.75,515.0
2020-09-26 02:00:00+00:00,231.25,499.25
2020-09-26 03:00:00+00:00,243.75,540.25
2020-09-26 04:00:00+00:00,372.5,495.5
2020-09-26 05:00:00+00:00,486.25,438.0
2020-09-26 06:00:00+00:00,546.0,295.25
2020-09-26 07:00:00+00:00,495.25,217.0
2020-09-26 08:00:00+00:00,505.5,202.75
2020-09-26 09:00:00+00:00,560.25,212.5
2020-09-26 10:00:00+00:00,622.25,235.5
2020-09-26 11:00:00+00:00,695.75,196.25
2020-09-26 12:00:00+00:00,863.25,140.0
2020-09-26 13:00:00+00:00,780.0,157.0
2020-09-26 14:00:00+00:00,773.0,224.0
2020-09-26 15:00:00+00:00,1061.0,352.25
2020-09-26 16:00:00+00:00,1131.25,471.75
2020-09-26 17:00:00+00:00,1238.75,595.25
2020-09-26 18:00:00+00:00,1339.25,893.0
2020-09-26 19:00:00+00:00,1327.5,1245.0
2020-09-26 20:00:00+00:00,1324.75,1365.25
2020-09-26 21:00:00+00:00,1326.25,1435.75
2020-09-26 22:00:00+00:00,1324.75,1537.25
2020-09-26 23:00:00+00:00,1323.75,1579.75
2020-09-27 00:00:00+00:00,1319.5,1542.75
2020-09-27 01:00:00+00:00,1321.0,1543.0
2020-09-27 02:00:00+00:00,1316.25,1510.75
2020-09-27 03:00:00+00:00,1317.0,1436.75
2020-09-27 04:00:00+00:00,1307.25,1383.25
2020-09-27 05:00:00+00:00,1291.75,1265.5
2020-09-27 06:00:00+00:00,1288.25,1076.5
2020-09-27 07:00:00+00:00,1265.25,876.25
2020-09-27 08:00:00+00:00,1131.25,702.75
2020-09-27 09:00:00+00:00,911.5,521.75
2020-09-27 10:00:00+00:00,820.0,420.5
2020-09-27 11:00:00+00:00,852.75,339.5
2020-09-27 12:00:00+00:00,658.5,268.0
2020-09-27 13:00:00+00:00,380.0,203.25
2020-09-27 14:00:00+00:00,387.5,147.5
2020-09-27 15:00:00+00:00,590.75,97.0
2020-09-27 16:00:00+00:00,692.25,80.5
2020-09-27 17:00:00+00:00,759.0,77.5
2020-09-27 18:00:00+00:00,757.25,76.0
2020-09-27 19:00:00+00:00,815.0,76.5
2020-09-27 20:00:00+00:00,813.75,77.5
2020-09-27 21:00:00+00:00,734.75,79.75
2020-09-27 22:00:00+00:00,333.0,84.75
2020-09-27 23:00:00+00:00,301.75,93.25
2020-09-28 00:00:00+00:00,304.25,93.0
2020-09-28 01:00:00+00:00,393.0,109.25
2020-09-28 02:00:00+00:00,629.0,116.75
2020-09-28 03:00:00+00:00,709.75,141.75
2020-09-28 04:00:00+00:00,735.5,194.5
2020-09-28 05:00:00+00:00,652.75,241.75
2020-09-28 06:00:00+00:00,618.75,296.75
2020-09-28 07:00:00+00:00,564.25,254.25
2020-09-28 08:00:00+00:00,462.25,240.25
2020-09-28 09:00:00+00:00,490.0,218.5
2020-09-28 10:00:00+00:00,491.25,222.25
2020-09-28 11:00:00+00:00,469.75,257.75
2020-09-28 12:00:00+00:00,445.75,255.25
2020-09-28 13:00:00+00:00,482.25,299.0
2020-09-28 14:00:00+00:00,530.25,350.5
2020-09-28 15:00:00+00:00,460.5,405.25
2020-09-28 16:00:00+00:00,388.0,448.5
2020-09-28 17:00:00+00:00,381.25,366.5
2020-09-28 18:00:00+00:00,324.25,386.75
2020-09-28 19:00:00+00:00,316.5,425.75
2020-09-28 20:00:00+00:00,294.25,437.5
2020-09-28 21:00:00+00:00,268.0,405.25
2020-09-28 22:00:00+00:00,242.75,358.25
2020-09-28 23:00:00+00:00,208.0,285.5
2020-09-29 00:00:00+00:00,159.5,240.25
2020-09-29 01:00:00+00:00,143.25,223.25
2020-09-29 02:00:00+00:00,144.25,201.75
2020-09-29 03:00:00+00:00,117.0,190.25
2020-09-29 04:00:00+00:00,80.75,174.25
2020-09-29 05:00:00+00:00,54.25,220.25
2020-09-29 06:00:00+00:00,21.25,263.0
2020-09-29 07:00:00+00:00,78.75,197.5
2020-09-29 08:00:00+00:00,195.75,145.25
2020-09-29 09:00:00+00:00,157.75,138.25
2020-09-29 10:00:00+00:00,137.75,129.75
2020-09-29 11:00:00+00:00,107.75,103.0
2020-09-29 12:00:00+00:00,89.75,94.0
2020-09-29 13:00:00+00:00,112.75,92.75
2020-09-29 14:00:00+00:00,152.5,92.75
2020-09-29 15:00:00+00:00,144.5,98.75
2020-09-29 16:00:00+00:00,257.5,99.0
2020-09-29 17:00:00+00:00,204.75,118.0
2020-09-29 18:00:00+00:00,126.25,147.5
2020-09-29 19:00:00+00:00,102.75,165.75
2020-09-29 20:00:00+00:00,132.75,189.75
2020-09-29 21:00:00+00:00,166.5,208.75
2020-09-29 22:00:00+00:00,176.5,219.25
2020-09-29 23:00:00+00:00,213.0,247.75
2020-09-30 00:00:00+00:00,270.25,293.75
2020-09-30 01:00:00+00:00,372.0,295.0
2020-09-30 02:00:00+00:00,384.25,284.0
2020-09-30 03:00:00+00:00,455.75,273.25
2020-09-30 04:00:00+00:00,416.75,282.5
2020-09-30 05:00:00+00:00,462.5,274.5
2020-09-30 06:00:00+00:00,576.0,274.75
2020-09-30 07:00:00+00:00,557.0,233.25
2020-09-30 08:00:00+00:00,677.25,198.75
2020-09-30 09:00:00+00:00,649.5,246.5
2020-09-30 10:00:00+00:00,567.75,230.75
2020-09-30 11:00:00+00:00,587.25,250.75
2020-09-30 12:00:00+00:00,579.25,257.25
2020-09-30 13:00:00+00:00,653.25,275.25
2020-09-30 14:00:00+00:00,696.75,282.5
2020-09-30 15:00:00+00:00,627.5,321.75
2020-09-30 16:00:00+00:00,696.0,367.25
2020-09-30 17:00:00+00:00,762.25,408.25
2020-09-30 18:00:00+00:00,1056.25,496.0
2020-09-30 19:00:00+00:00,978.5,614.75
2020-09-30 20:00:00+00:00,1126.5,689.75
2020-09-30 21:00:00+00:00,1197.75,663.0
2020-09-30 22:00:00+00:00,1153.5,619.0
2020-09-30 23:00:00+00:00,1172.5,620.75
2020-10-01 00:00:00+00:00,1122.75,612.75
2020-10-01 01:00:00+00:00,1109.25,574.5
2020-10-01 02:00:00+00:00,1097.0,572.75
2020-10-01 03:00:00+00:00,1107.5,556.25
2020-10-01 04:00:00+00:00,1141.75,568.75
2020-10-01 05:00:00+00:00,1211.5,613.0
2020-10-01 06:00:00+00:00,1176.25,589.25
2020-10-01 07:00:00+00:00,1173.0,589.25
2020-10-01 08:00:00+00:00,1139.75,610.0
2020-10-01 09:00:00+00:00,892.5,585.75
2020-10-01 10:00:00+00:00,785.25,585.75
2020-10-01 11:00:00+00:00,794.5,721.0
2020-10-01 12:00:00+00:00,913.25,762.5
2020-10-01 13:00:00+00:00,959.0,807.5
2020-10-01 14:00:00+00:00,1010.5,758.0
2020-10-01 15:00:00+00:00,935.75,794.5
2020-10-01 16:00:00+00:00,797.25,774.5
2020-10-01 17:00:00+00:00,813.75,506.5
2020-10-01 18:00:00+00:00,987.25,425.0
2020-10-01 19:00:00+00:00,802.0,437.5
2020-10-01 20:00:00+00:00,488.75,432.0
2020-10-01 21:00:00+00:00,430.5,411.5
2020-10-01 22:00:00+00:00,584.0,340.75
2020-10-01 23:00:00+00:00,520.5,318.0
2020-10-02 00:00:00+00:00,424.5,284.75
2020-10-02 01:00:00+00:00,425.0,274.75
2020-10-02 02:00:00+00:00,471.75,275.0
2020-10-02 03:00:00+00:00,482.0,342.75
2020-10-02 04:00:00+00:00,582.25,410.25
2020-10-02 05:00:00+00:00,694.5,496.0
2020-10-02 06:00:00+00:00,785.0,619.5
2020-10-02 07:00:00+00:00,910.25,626.0
2020-10-02 08:00:00+00:00,924.0,603.25
2020-10-02 09:00:00+00:00,940.25,678.25
2020-10-02 10:00:00+00:00,971.0,769.5
2020-10-02 11:00:00+00:00,1020.5,740.25
2020-10-02 12:00:00+00:00,1095.75,772.5
2020-10-02 13:00:00+00:00,1190.25,803.0
2020-10-02 14:00:00+00:00,1275.0,731.0
2020-10-02 15:00:00+00:00,1287.25,751.25
2020-10-02 16:00:00+00:00,1314.25,790.75
2020-10-02 17:00:00+00:00,1307.75,966.0
2020-10-02 18:00:00+00:00,1321.5,1153.25
2020-10-02 19:00:00+00:00,1348.75,1220.0
2020-10-02 20:00:00+00:00,1352.25,1282.0
2020-10-02 21:00:00+00:00,1341.5,1258.75
2020-10-02 22:00:00+00:00,1340.25,1150.0
2020-10-02 23:00:00+00:00,1335.5,1158.0
2020-10-03 00:00:00+00:00,1344.0,1130.5
2020-10-03 01:00:00+00:00,1274.75,1063.25
2020-10-03 02:00:00+00:00,1158.75,924.5
2020-10-03 03:00:00+00:00,1028.75,753.0
2020-10-03 04:00:00+00:00,949.25,648.75
2020-10-03 05:00:00+00:00,836.0,524.0
2020-10-03 06:00:00+00:00,799.75,422.0
2020-10-03 07:00:00+00:00,753.75,373.75
2020-10-03 08:00:00+00:00,698.5,364.75
2020-10-03 09:00:00+00:00,706.5,334.5
2020-10-03 10:00:00+00:00,754.5,337.25
2020-10-03 11:00:00+00:00,800.0,302.25
2020-10-03 12:00:00+00:00,810.75,277.5
2020-10-03 13:00:00+00:00,843.5,341.75
2020-10-03 14:00:00+00:00,800.0,461.25
2020-10-03 15:00:00+00:00,862.0,395.25
2020-10-03 16:00:00+00:00,827.5,368.0
2020-10-03 17:00:00+00:00,852.0,352.75
2020-10-03 18:00:00+00:00,850.75,368.75
2020-10-03 19:00:00+00:00,909.0,456.5
2020-10-03 20:00:00+00:00,947.5,506.25
2020-10-03 21:00:00+00:00,1005.25,520.25
2020-10-03 22:00:00+00:00,1142.25,431.0
2020-10-03 23:00:00+00:00,874.25,414.0
2020-10-04 00:00:00+00:00,716.0,470.25
2020-10-04 01:00:00+00:00,709.5,528.75
2020-10-04 02:00:00+00:00,843.5,535.25
2020-10-04 03:00:00+00:00,899.25,544.75
2020-10-04 04:00:00+00:00,1111.25,573.5
2020-10-04 05:00:00+00:00,1218.5,664.75
2020-10-04 06:00:00+00:00,1292.5,847.5
2020-10-04 07:00:00+00:00,1327.75,1037.5
2020-10-04 08:00:00+00:00,1355.5,1216.25
2020-10-04 09:00:00+00:00,1355.5,1399.25
2020-10-04 10:00:00+00:00,1355.25,1504.0
2020-10-04 11:00:00+00:00,1335.75,1448.25
2020-10-04 12:00:00+00:00,1368.75,1439.75
2020-10-04 13:00:00+00:00,1358.25,1361.25
2020-10-04 14:00:00+00:00,1338.25,1304.5
2020-10-04 15:00:00+00:00,1373.0,1303.0
2020-10-04 16:00:00+00:00,1369.0,1218.5
2020-10-04 17:00:00+00:00,1368.0,1150.5
2020-10-04 18:00:00+00:00,1360.75,1149.75
2020-10-04 19:00:00+00:00,1355.75,1233.0
2020-10-04 20:00:00+00:00,1363.25,1240.75
2020-10-04 21:00:00+00:00,1359.25,1258.75
2020-10-04 22:00:00+00:00,1360.25,1104.5
2020-10-04 23:00:00+00:00,1349.0,1149.75
2020-10-05 00:00:00+00:00,1346.5,1177.25
2020-10-05 01:00:00+00:00,1348.75,1194.75
2020-10-05 02:00:00+00:00,1351.5,1195.0
2020-10-05 03:00:00+00:00,1350.25,1236.5
2020-10-05 04:00:00+00:00,1277.0,1261.75
2020-10-05 05:00:00+00:00,1229.25,1167.0
2020-10-05 06:00:00+00:00,1144.25,1062.75
2020-10-05 07:00:00+00:00,1182.25,1082.75
2020-10-05 08:00:00+00:00,1247.0,1046.0
2020-10-05 09:00:00+00:00,1230.75,1081.0
2020-10-05 10:00:00+00:00,1202.5,1051.5
2020-10-05 11:00:00+00:00,1019.75,931.0
2020-10-05 12:00:00+00:00,1057.0,838.0
2020-10-05 13:00:00+00:00,1130.5,694.25
2020-10-05 14:00:00+00:00,1190.5,601.25
2020-10-05 15:00:00+00:00,1200.25,507.5
2020-10-05 16:00:00+00:00,1326.0,484.5
2020-10-05 17:00:00+00:00,1356.75,611.0
2020-10-05 18:00:00+00:00,1354.0,729.5
2020-10-05 19:00:00+00:00,1336.0,836.0
2020-10-05 20:00:00+00:00,1306.5,964.5
2020-10-05 21:00:00+00:00,1342.25,927.0
2020-10-05 22:00:00+00:00,1335.25,914.25
2020-10-05 23:00:00+00:00,1359.5,1017.25
2020-10-06 00:00:00+00:00,1361.75,1009.25
2020-10-06 01:00:00+00:00,1355.5,1003.25
2020-10-06 02:00:00+00:00,1281.5,1026.5
2020-10-06 03:00:00+00:00,925.25,966.5
2020-10-06 04:00:00+00:00,1025.5,957.0
2020-10-06 05:00:00+00:00,1225.75,1056.25
2020-10-06 06:00:00+00:00,1216.5,1017.5
2020-10-06 07:00:00+00:00,1258.25,995.75
2020-10-06 08:00:00+00:00,1342.0,980.25
2020-10-06 09:00:00+00:00,1341.75,971.25
2020-10-06 10:00:00+00:00,1251.5,985.25
2020-10-06 11:00:00+00:00,1185.25,961.0
2020-10-06 12:00:00+00:00,1202.5,943.0
2020-10-06 13:00:00+00:00,977.5,906.75
2020-10-06 14:00:00+00:00,795.5,811.25
2020-10-06 15:00:00+00:00,773.25,696.25
2020-10-06 16:00:00+00:00,866.25,646.25
2020-10-06 17:00:00+00:00,915.0,697.5
2020-10-06 18:00:00+00:00,791.25,641.75
2020-10-06 19:00:00+00:00,767.5,640.75
2020-10-06 20:00:00+00:00,767.0,596.75
2020-10-06 21:00:00+00:00,806.5,552.0
2020-10-06 22:00:00+00:00,802.75,526.0
2020-10-06 23:00:00+00:00,770.75,542.75
2020-10-07 00:00:00+00:00,779.5,601.0
2020-10-07 01:00:00+00:00,821.25,622.0
2020-10-07 02:00:00+00:00,883.75,603.75
2020-10-07 03:00:00+00:00,968.75,595.0
2020-10-07 04:00:00+00:00,1111.0,557.75
2020-10-07 05:00:00+00:00,1238.5,576.5
2020-10-07 06:00:00+00:00,1256.5,631.25
2020-10-07 07:00:00+00:00,1286.5,628.75
2020-10-07 08:00:00+00:00,1239.25,706.5
2020-10-07 09:00:00+00:00,1094.25,752.75
2020-10-07 10:00:00+00:00,1145.5,836.75
2020-10-07 11:00:00+00:00,1174.75,961.75
2020-10-07 12:00:00+00:00,1222.0,1018.75
2020-10-07 13:00:00+00:00,1262.5,1089.25
2020-10-07 14:00:00+00:00,1238.0,1066.5
2020-10-07 15:00:00+00:00,1202.0,937.75
2020-10-07 16:00:00+00:00,1147.75,747.25
2020-10-07 17:00:00+00:00,1174.0,647.0
2020-10-07 18:00:00+00:00,1119.5,588.5
2020-10-07 19:00:00+00:00,980.0,522.0
2020-10-07 20:00:00+00:00,883.5,533.5
2020-10-07 21:00:00+00:00,853.75,467.25
2020-10-07 22:00:00+00:00,823.75,489.5
2020-10-07 23:00:00+00:00,642.0,538.75
2020-10-08 00:00:00+00:00,790.75,548.5
2020-10-08 01:00:00+00:00,911.75,580.75
2020-10-08 02:00:00+00:00,1160.5,589.25
2020-10-08 03:00:00+00:00,1169.25,689.0
2020-10-08 04:00:00+00:00,1222.0,818.0
2020-10-08 05:00:00+00:00,1119.5,950.75
2020-10-08 06:00:00+00:00,1165.0,1133.5
2020-10-08 07:00:00+00:00,1345.75,1349.25
2020-10-08 08:00:00+00:00,1361.25,1423.0
2020-10-08 09:00:00+00:00,1372.75,1433.75
2020-10-08 10:00:00+00:00,1371.5,1447.0
2020-10-08 11:00:00+00:00,1371.5,1461.25
2020-10-08 12:00:00+00:00,1374.25,1440.0
2020-10-08 13:00:00+00:00,1376.25,1429.75
2020-10-08 14:00:00+00:00,1357.0,1427.25
2020-10-08 15:00:00+00:00,1325.25,1353.0
2020-10-08 16:00:00+00:00,1318.25,1172.75
2020-10-08 17:00:00+00:00,1243.5,997.25
2020-10-08 18:00:00+00:00,1084.25,790.25
2020-10-08 19:00:00+00:00,861.25,642.0
2020-10-08 20:00:00+00:00,723.75,504.0
2020-10-08 21:00:00+00:00,627.75,311.0
2020-10-08 22:00:00+00:00,524.0,231.25
2020-10-08 23:00:00+00:00,480.0,190.5
2020-10-09 00:00:00+00:00,364.0,132.0
2020-10-09 01:00:00+00:00,246.25,100.75
2020-10-09 02:00:00+00:00,158.0,98.0
2020-10-09 03:00:00+00:00,155.25,102.75
2020-10-09 04:00:00+00:00,141.75,121.5
2020-10-09 05:00:00+00:00,170.25,124.0
2020-10-09 06:00:00+00:00,301.0,132.75
2020-10-09 07:00:00+00:00,522.25,138.75
2020-10-09 08:00:00+00:00,685.25,147.0
2020-10-09 09:00:00+00:00,688.25,180.25
2020-10-09 10:00:00+00:00,677.75,264.75
2020-10-09 11:00:00+00:00,870.25,366.0
2020-10-09 12:00:00+00:00,951.5,415.0
2020-10-09 13:00:00+00:00,1064.75,456.25
2020-10-09 14:00:00+00:00,1155.0,561.0
2020-10-09 15:00:00+00:00,1149.25,595.0
2020-10-09 16:00:00+00:00,1147.75,639.75
2020-10-09 17:00:00+00:00,1112.75,659.5
2020-10-09 18:00:00+00:00,987.25,715.0
2020-10-09 19:00:00+00:00,1117.75,636.75
2020-10-09 20:00:00+00:00,859.25,533.5
2020-10-09 21:00:00+00:00,1047.0,444.75
2020-10-09 22:00:00+00:00,961.75,477.75
2020-10-09 23:00:00+00:00,1130.75,660.75
2020-10-10 00:00:00+00:00,1131.0,545.75
2020-10-10 01:00:00+00:00,1057.5,649.0
2020-10-10 02:00:00+00:00,1196.0,787.5
2020-10-10 03:00:00+00:00,1216.75,820.0
2020-10-10 04:00:00+00:00,1215.25,817.25
2020-10-10 05:00:00+00:00,1195.5,920.25
2020-10-10 06:00:00+00:00,1334.75,820.75
2020-10-10 07:00:00+00:00,1235.5,879.0
2020-10-10 08:00:00+00:00,1048.0,879.0
2020-10-10 09:00:00+00:00,1011.75,861.25
2020-10-10 10:00:00+00:00,1127.25,908.5
2020-10-10 11:00:00+00:00,1152.0,913.75
2020-10-10 12:00:00+00:00,1082.75,909.75
2020-10-10 13:00:00+00:00,922.5,736.25
2020-10-10 14:00:00+00:00,972.75,609.5
2020-10-10 15:00:00+00:00,827.75,572.25
2020-10-10 16:00:00+00:00,713.0,512.0
2020-10-10 17:00:00+00:00,808.75,326.5
2020-10-10 18:00:00+00:00,854.0,243.0
2020-10-10 19:00:00+00:00,711.0,248.5
2020-10-10 20:00:00+00:00,804.75,234.5
2020-10-10 21:00:00+00:00,871.75,294.25
2020-10-10 22:00:00+00:00,847.75,337.75
2020-10-10 23:00:00+00:00,789.0,335.5
2020-10-11 00:00:00+00:00,845.75,344.5
2020-10-11 01:00:00+00:00,1042.25,382.25
2020-10-11 02:00:00+00:00,898.0,357.0
2020-10-11 03:00:00+00:00,921.0,382.25
2020-10-11 04:00:00+00:00,960.0,402.25
2020-10-11 05:00:00+00:00,1017.25,365.25
2020-10-11 06:00:00+00:00,1145.25,336.0
2020-10-11 07:00:00+00:00,1138.75,363.75
2020-10-11 08:00:00+00:00,873.0,348.75
2020-10-11 09:00:00+00:00,1130.0,350.75
2020-10-11 10:00:00+00:00,1054.25,428.5
2020-10-11 11:00:00+00:00,960.75,535.0
2020-10-11 12:00:00+00:00,1098.5,568.75
2020-10-11 13:00:00+00:00,1083.0,705.5
2020-10-11 14:00:00+00:00,923.75,787.0
2020-10-11 15:00:00+00:00,975.75,758.75
2020-10-11 16:00:00+00:00,991.5,687.25
2020-10-11 17:00:00+00:00,978.75,675.5
2020-10-11 18:00:00+00:00,1191.75,513.75
2020-10-11 19:00:00+00:00,1201.75,421.25
2020-10-11 20:00:00+00:00,1126.25,426.5
2020-10-11 21:00:00+00:00,1161.25,347.25
2020-10-11 22:00:00+00:00,1134.0,383.75
2020-10-11 23:00:00+00:00,1101.75,396.75
2020-10-12 00:00:00+00:00,1044.25,326.5
2020-10-12 01:00:00+00:00,864.5,306.5
2020-10-12 02:00:00+00:00,628.0,332.25
2020-10-12 03:00:00+00:00,486.5,276.5
2020-10-12 04:00:00+00:00,340.75,263.5
2020-10-12 05:00:00+00:00,294.5,176.5
2020-10-12 06:00:00+00:00,254.5,171.0
2020-10-12 07:00:00+00:00,289.25,147.5
2020-10-12 08:00:00+00:00,192.0,151.5
2020-10-12 09:00:00+00:00,178.0,142.5
2020-10-12 10:00:00+00:00,205.25,215.25
2020-10-12 11:00:00+00:00,138.5,182.75
2020-10-12 12:00:00+00:00,204.5,143.25
2020-10-12 13:00:00+00:00,221.25,147.75
2020-10-12 14:00:00+00:00,215.5,170.75
2020-10-12 15:00:00+00:00,261.75,170.25
2020-10-12 16:00:00+00:00,316.25,184.0
2020-10-12 17:00:00+00:00,470.5,130.5
2020-10-12 18:00:00+00:00,360.75,148.5
2020-10-12 19:00:00+00:00,423.75,186.0
2020-10-12 20:00:00+00:00,538.5,289.75
2020-10-12 21:00:00+00:00,912.75,359.0
2020-10-12 22:00:00+00:00,1011.25,423.0
2020-10-12 23:00:00+00:00,881.75,440.5
2020-10-13 00:00:00+00:00,959.25,450.0
2020-10-13 01:00:00+00:00,1045.75,439.0
2020-10-13 02:00:00+00:00,1058.5,423.75
2020-10-13 03:00:00+00:00,1072.0,424.5
2020-10-13 04:00:00+00:00,948.5,396.25
2020-10-13 05:00:00+00:00,924.5,379.75
2020-10-13 06:00:00+00:00,882.0,335.0
2020-10-13 07:00:00+00:00,748.25,299.75
2020-10-13 08:00:00+00:00,650.25,244.0
2020-10-13 09:00:00+00:00,607.25,238.75
2020-10-13 10:00:00+00:00,611.75,272.25
2020-10-13 11:00:00+00:00,632.5,312.25
2020-10-13 12:00:00+00:00,633.5,289.5
2020-10-13 13:00:00+00:00,622.75,296.5
2020-10-13 14:00:00+00:00,662.25,250.0
2020-10-13 15:00:00+00:00,741.5,264.0
2020-10-13 16:00:00+00:00,658.75,350.25
2020-10-13 17:00:00+00:00,559.75,459.0
2020-10-13 18:00:00+00:00,731.25,601.25
2020-10-13 19:00:00+00:00,889.25,690.5
2020-10-13 20:00:00+00:00,943.5,674.0
2020-10-13 21:00:00+00:00,1003.0,653.0
2020-10-13 22:00:00+00:00,1129.25,625.25
2020-10-13 23:00:00+00:00,1104.25,604.0
2020-10-14 00:00:00+00:00,991.25,564.0
2020-10-14 01:00:00+00:00,823.75,596.25
2020-10-14 02:00:00+00:00,825.0,639.75
2020-10-14 03:00:00+00:00,881.25,656.25
2020-10-14 04:00:00+00:00,989.75,580.25
2020-10-14 05:00:00+00:00,1013.5,609.5
2020-10-14 06:00:00+00:00,1112.75,604.25
2020-10-14 07:00:00+00:00,1132.5,594.0
2020-10-14 08:00:00+00:00,1091.0,534.0
2020-10-14 09:00:00+00:00,1037.5,460.25
2020-10-14 10:00:00+00:00,1066.25,586.75
2020-10-14 11:00:00+00:00,1077.5,674.0
2020-10-14 12:00:00+00:00,1128.25,701.25
2020-10-14 13:00:00+00:00,1192.5,777.25
2020-10-14 14:00:00+00:00,1371.0,748.25
2020-10-14 15:00:00+00:00,1403.75,723.25
2020-10-14 16:00:00+00:00,1431.5,692.5
2020-10-14 17:00:00+00:00,1414.25,689.75
2020-10-14 18:00:00+00:00,1399.75,647.0
2020-10-14 19:00:00+00:00,1382.5,649.0
2020-10-14 20:00:00+00:00,1371.5,616.0
2020-10-14 21:00:00+00:00,1361.5,635.25
2020-10-14 22:00:00+00:00,1360.75,605.0
2020-10-14 23:00:00+00:00,1343.25,544.25
2020-10-15 00:00:00+00:00,1294.0,505.5
2020-10-15 01:00:00+00:00,1174.75,458.75
2020-10-15 02:00:00+00:00,1224.0,422.25
2020-10-15 03:00:00+00:00,1240.75,402.25
2020-10-15 04:00:00+00:00,1192.25,378.25
2020-10-15 05:00:00+00:00,1086.25,360.0
2020-10-15 06:00:00+00:00,1044.25,343.0
2020-10-15 07:00:00+00:00,1020.25,304.75
2020-10-15 08:00:00+00:00,1037.75,305.0
2020-10-15 09:00:00+00:00,1000.25,315.25
2020-10-15 10:00:00+00:00,726.25,330.0
2020-10-15 11:00:00+00:00,822.5,325.75
2020-10-15 12:00:00+00:00,775.0,341.5
2020-10-15 13:00:00+00:00,674.25,376.0
2020-10-15 14:00:00+00:00,650.5,374.5
2020-10-15 15:00:00+00:00,786.75,346.0
2020-10-15 16:00:00+00:00,811.25,313.25
2020-10-15 17:00:00+00:00,791.0,328.5
2020-10-15 18:00:00+00:00,784.5,336.5
2020-10-15 19:00:00+00:00,728.25,300.25
2020-10-15 20:00:00+00:00,597.25,298.25
2020-10-15 21:00:00+00:00,496.75,269.5
2020-10-15 22:00:00+00:00,405.75,268.75
2020-10-15 23:00:00+00:00,351.75,273.0
2020-10-16 00:00:00+00:00,304.75,249.75
2020-10-16 01:00:00+00:00,286.25,233.0
2020-10-16 02:00:00+00:00,297.5,218.5
2020-10-16 03:00:00+00:00,312.25,206.25
2020-10-16 04:00:00+00:00,265.5,200.75
2020-10-16 05:00:00+00:00,238.5,193.5
2020-10-16 06:00:00+00:00,248.75,181.0
2020-10-16 07:00:00+00:00,292.75,151.75
2020-10-16 08:00:00+00:00,250.75,149.0
2020-10-16 09:00:00+00:00,227.75,156.75
2020-10-16 10:00:00+00:00,186.25,166.5
2020-10-16 11:00:00+00:00,183.75,159.75
2020-10-16 12:00:00+00:00,125.75,133.25
2020-10-16 13:00:00+00:00,120.5,113.0
2020-10-16 14:00:00+00:00,68.0,111.25
2020-10-16 15:00:00+00:00,38.75,97.25
2020-10-16 16:00:00+00:00,84.0,105.0
2020-10-16 17:00:00+00:00,78.75,106.0
2020-10-16 18:00:00+00:00,62.75,93.75
2020-10-16 19:00:00+00:00,57.5,86.0
2020-10-16 20:00:00+00:00,25.0,80.75
2020-10-16 21:00:00+00:00,40.25,78.0
2020-10-16 22:00:00+00:00,43.25,71.0
2020-10-16 23:00:00+00:00,38.25,71.5
2020-10-17 00:00:00+00:00,11.75,71.5
2020-10-17 01:00:00+00:00,8.25,69.75
2020-10-17 02:00:00+00:00,0.0,70.75
2020-10-17 03:00:00+00:00,0.0,78.0
2020-10-17 04:00:00+00:00,1.5,77.0
2020-10-17 05:00:00+00:00,81.0,75.25
2020-10-17 06:00:00+00:00,48.0,76.75
2020-10-17 07:00:00+00:00,32.25,80.5
2020-10-17 08:00:00+00:00,19.75,82.5
2020-10-17 09:00:00+00:00,8.5,80.5
2020-10-17 10:00:00+00:00,0.25,77.25
2020-10-17 11:00:00+00:00,0.0,78.0
2020-10-17 12:00:00+00:00,0.0,76.75
2020-10-17 13:00:00+00:00,0.0,77.25
2020-10-17 14:00:00+00:00,0.0,77.75
2020-10-17 15:00:00+00:00,0.75,80.0
2020-10-17 16:00:00+00:00,0.0,78.75
2020-10-17 17:00:00+00:00,0.0,80.25
2020-10-17 18:00:00+00:00,0.0,77.5
2020-10-17 19:00:00+00:00,0.25,79.75
2020-10-17 20:00:00+00:00,18.0,86.0
2020-10-17 21:00:00+00:00,35.0,106.5
2020-10-17 22:00:00+00:00,82.5,141.75
2020-10-17 23:00:00+00:00,185.75,146.5
2020-10-18 00:00:00+00:00,258.0,164.0
2020-10-18 01:00:00+00:00,423.5,158.25
2020-10-18 02:00:00+00:00,394.0,171.5
2020-10-18 03:00:00+00:00,541.25,165.25
2020-10-18 04:00:00+00:00,494.75,176.75
2020-10-18 05:00:00+00:00,378.5,198.25
2020-10-18 06:00:00+00:00,493.5,170.5
2020-10-18 07:00:00+00:00,453.75,162.0
2020-10-18 08:00:00+00:00,284.5,148.0
2020-10-18 09:00:00+00:00,289.5,137.5
2020-10-18 10:00:00+00:00,320.25,152.0
2020-10-18 11:00:00+00:00,340.25,161.0
2020-10-18 12:00:00+00:00,239.25,168.25
2020-10-18 13:00:00+00:00,295.75,156.5
2020-10-18 14:00:00+00:00,277.25,138.0
2020-10-18 15:00:00+00:00,251.0,136.0
2020-10-18 16:00:00+00:00,259.25,121.0
2020-10-18 17:00:00+00:00,238.0,115.75
2020-10-18 18:00:00+00:00,204.0,116.0
2020-10-18 19:00:00+00:00,101.0,111.5
2020-10-18 20:00:00+00:00,126.5,100.0
2020-10-18 21:00:00+00:00,122.25,115.25
2020-10-18 22:00:00+00:00,47.25,106.0
2020-10-18 23:00:00+00:00,63.0,134.25
2020-10-19 00:00:00+00:00,63.25,135.25
2020-10-19 01:00:00+00:00,59.75,150.5
2020-10-19 02:00:00+00:00,129.0,176.75
2020-10-19 03:00:00+00:00,93.0,187.0
2020-10-19 04:00:00+00:00,122.25,166.25
2020-10-19 05:00:00+00:00,142.5,196.0
2020-10-19 06:00:00+00:00,192.75,228.0
2020-10-19 07:00:00+00:00,183.0,207.5
2020-10-19 08:00:00+00:00,231.0,217.25
2020-10-19 09:00:00+00:00,261.0,207.75
2020-10-19 10:00:00+00:00,336.0,236.75
2020-10-19 11:00:00+00:00,341.25,192.75
2020-10-19 12:00:00+00:00,485.5,185.5
2020-10-19 13:00:00+00:00,553.5,218.5
2020-10-19 14:00:00+00:00,661.0,235.0
2020-10-19 15:00:00+00:00,684.0,253.25
2020-10-19 16:00:00+00:00,798.75,316.0
2020-10-19 17:00:00+00:00,1001.5,432.75
2020-10-19 18:00:00+00:00,1255.75,572.5
2020-10-19 19:00:00+00:00,1350.25,704.0
2020-10-19 20:00:00+00:00,1355.25,695.75
2020-10-19 21:00:00+00:00,1346.25,711.0
2020-10-19 22:00:00+00:00,1331.0,775.5
2020-10-19 23:00:00+00:00,1358.75,827.25
2020-10-20 00:00:00+00:00,1333.25,797.0
2020-10-20 01:00:00+00:00,1278.25,756.75
2020-10-20 02:00:00+00:00,1310.75,741.75
2020-10-20 03:00:00+00:00,1251.75,803.0
2020-10-20 04:00:00+00:00,1214.75,773.75
2020-10-20 05:00:00+00:00,1179.5,733.75
2020-10-20 06:00:00+00:00,1199.0,813.0
2020-10-20 07:00:00+00:00,1187.75,826.25
2020-10-20 08:00:00+00:00,1248.75,785.25
2020-10-20 09:00:00+00:00,1316.75,801.0
2020-10-20 10:00:00+00:00,1257.75,759.0
2020-10-20 11:00:00+00:00,1318.5,838.75
2020-10-20 12:00:00+00:00,1244.75,880.25
2020-10-20 13:00:00+00:00,1331.75,939.25
2020-10-20 14:00:00+00:00,1379.5,954.75
2020-10-20 15:00:00+00:00,1360.5,982.75
2020-10-20 16:00:00+00:00,1355.0,1047.75
2020-10-20 17:00:00+00:00,1263.5,963.25
2020-10-20 18:00:00+00:00,1319.0,873.25
2020-10-20 19:00:00+00:00,1323.0,910.0
2020-10-20 20:00:00+00:00,1269.0,917.25
2020-10-20 21:00:00+00:00,1201.25,850.5
2020-10-20 22:00:00+00:00,1135.5,701.75
2020-10-20 23:00:00+00:00,1145.0,525.25
2020-10-21 00:00:00+00:00,1078.0,458.0
2020-10-21 01:00:00+00:00,995.0,501.5
2020-10-21 02:00:00+00:00,808.5,507.5
2020-10-21 03:00:00+00:00,790.25,545.25
2020-10-21 04:00:00+00:00,864.0,590.75
2020-10-21 05:00:00+00:00,1003.75,630.75
2020-10-21 06:00:00+00:00,1088.75,710.0
2020-10-21 07:00:00+00:00,1209.0,855.75
2020-10-21 08:00:00+00:00,1218.5,943.25
2020-10-21 09:00:00+00:00,1292.0,1046.0
2020-10-21 10:00:00+00:00,1394.75,1191.5
2020-10-21 11:00:00+00:00,1458.5,1277.0
2020-10-21 12:00:00+00:00,1459.5,1374.5
2020-10-21 13:00:00+00:00,1443.75,1414.75
2020-10-21 14:00:00+00:00,1477.0,1515.5
2020-10-21 15:00:00+00:00,1482.25,1581.25
2020-10-21 16:00:00+00:00,1453.75,1632.5
2020-10-21 17:00:00+00:00,1340.25,1632.0
2020-10-21 18:00:00+00:00,1392.0,1640.0
2020-10-21 19:00:00+00:00,1474.25,1587.5
2020-10-21 20:00:00+00:00,1451.5,1563.5
2020-10-21 21:00:00+00:00,1373.0,1416.5
2020-10-21 22:00:00+00:00,1385.0,1182.5
2020-10-21 23:00:00+00:00,1443.0,1038.75
2020-10-22 00:00:00+00:00,1423.0,1016.25
2020-10-22 01:00:00+00:00,1328.75,1050.75
2020-10-22 02:00:00+00:00,1329.75,1121.0
2020-10-22 03:00:00+00:00,1433.5,1136.0
2020-10-22 04:00:00+00:00,1433.75,1097.75
2020-10-22 05:00:00+00:00,1466.25,1079.5
2020-10-22 06:00:00+00:00,1446.75,993.5
2020-10-22 07:00:00+00:00,1389.25,955.75
2020-10-22 08:00:00+00:00,1285.0,921.0
2020-10-22 09:00:00+00:00,1210.25,928.0
2020-10-22 10:00:00+00:00,1256.0,899.0
2020-10-22 11:00:00+00:00,1293.5,881.25
2020-10-22 12:00:00+00:00,1305.5,872.0
2020-10-22 13:00:00+00:00,1316.5,879.75
2020-10-22 14:00:00+00:00,1281.0,853.0
2020-10-22 15:00:00+00:00,1348.5,794.25
2020-10-22 16:00:00+00:00,1419.75,810.25
2020-10-22 17:00:00+00:00,1398.25,852.5
2020-10-22 18:00:00+00:00,1360.5,914.75
2020-10-22 19:00:00+00:00,1267.25,931.75
2020-10-22 20:00:00+00:00,1112.25,900.0
2020-10-22 21:00:00+00:00,993.5,721.25
2020-10-22 22:00:00+00:00,807.25,597.75
2020-10-22 23:00:00+00:00,678.5,459.5
2020-10-23 00:00:00+00:00,620.0,341.5
2020-10-23 01:00:00+00:00,556.5,258.25
2020-10-23 02:00:00+00:00,489.25,223.25
2020-10-23 03:00:00+00:00,474.5,195.75
2020-10-23 04:00:00+00:00,480.75,185.0
2020-10-23 05:00:00+00:00,404.5,201.5
2020-10-23 06:00:00+00:00,352.0,188.5
2020-10-23 07:00:00+00:00,289.75,188.0
2020-10-23 08:00:00+00:00,266.25,206.75
2020-10-23 09:00:00+00:00,348.0,214.75
2020-10-23 10:00:00+00:00,476.5,211.0
2020-10-23 11:00:00+00:00,712.75,279.25
2020-10-23 12:00:00+00:00,893.5,370.75
2020-10-23 13:00:00+00:00,948.0,496.5
2020-10-23 14:00:00+00:00,1079.75,562.5
2020-10-23 15:00:00+00:00,1268.25,612.5
2020-10-23 16:00:00+00:00,1355.0,653.0
2020-10-23 17:00:00+00:00,1348.0,687.75
2020-10-23 18:00:00+00:00,1440.5,867.0
2020-10-23 19:00:00+00:00,1398.0,1083.5
2020-10-23 20:00:00+00:00,1217.5,1149.0
2020-10-23 21:00:00+00:00,1165.0,1096.5
2020-10-23 22:00:00+00:00,762.75,1045.0
2020-10-23 23:00:00+00:00,831.5,1026.75
2020-10-24 00:00:00+00:00,919.0,1057.25
2020-10-24 01:00:00+00:00,916.0,979.25
2020-10-24 02:00:00+00:00,852.5,893.25
2020-10-24 03:00:00+00:00,850.0,846.0
2020-10-24 04:00:00+00:00,895.25,782.0
2020-10-24 05:00:00+00:00,1025.75,724.5
2020-10-24 06:00:00+00:00,1142.5,779.5
2020-10-24 07:00:00+00:00,1413.5,813.5
2020-10-24 08:00:00+00:00,1409.25,884.75
2020-10-24 09:00:00+00:00,1431.75,1014.0
2020-10-24 10:00:00+00:00,1436.5,1082.75
2020-10-24 11:00:00+00:00,1425.0,1122.5
2020-10-24 12:00:00+00:00,1467.5,1176.0
2020-10-24 13:00:00+00:00,1475.25,1130.25
2020-10-24 14:00:00+00:00,1481.0,1034.75
2020-10-24 15:00:00+00:00,1478.75,1223.25
2020-10-24 16:00:00+00:00,1483.5,1273.25
2020-10-24 17:00:00+00:00,1484.5,1427.25
2020-10-24 18:00:00+00:00,1493.75,1518.0
2020-10-24 19:00:00+00:00,1494.0,1597.0
2020-10-24 20:00:00+00:00,1501.0,1627.75
2020-10-24 21:00:00+00:00,1496.0,1599.75
2020-10-24 22:00:00+00:00,1478.25,1547.0
2020-10-24 23:00:00+00:00,1483.75,1560.5
2020-10-25 00:00:00+00:00,1172.75,1148.0
2020-10-25 01:00:00+00:00,1482.5,1622.75
2020-10-25 02:00:00+00:00,1469.5,1556.5
2020-10-25 03:00:00+00:00,1475.5,1461.75
2020-10-25 04:00:00+00:00,1479.25,1284.5
2020-10-25 05:00:00+00:00,1357.0,1078.0
2020-10-25 06:00:00+00:00,1196.75,1022.75
2020-10-25 07:00:00+00:00,1348.5,1138.5
2020-10-25 08:00:00+00:00,1291.25,1051.0
2020-10-25 09:00:00+00:00,1238.5,948.25
2020-10-25 10:00:00+00:00,1343.5,817.25
2020-10-25 11:00:00+00:00,1207.5,733.5
2020-10-25 12:00:00+00:00,1163.25,647.75
2020-10-25 13:00:00+00:00,978.75,584.5
2020-10-25 14:00:00+00:00,887.25,493.25
2020-10-25 15:00:00+00:00,986.25,594.5
2020-10-25 16:00:00+00:00,1271.75,757.0
2020-10-25 17:00:00+00:00,1212.0,738.0
2020-10-25 18:00:00+00:00,1322.25,770.0
2020-10-25 19:00:00+00:00,1292.75,877.25
2020-10-25 20:00:00+00:00,1298.75,826.0
2020-10-25 21:00:00+00:00,1318.0,771.0
2020-10-25 22:00:00+00:00,1280.0,749.0
2020-10-25 23:00:00+00:00,1142.25,763.5
2020-10-26 00:00:00+00:00,1218.75,666.0
2020-10-26 01:00:00+00:00,1186.5,573.75
2020-10-26 02:00:00+00:00,1142.0,665.75
2020-10-26 03:00:00+00:00,1354.0,789.5
2020-10-26 04:00:00+00:00,1403.5,789.0
2020-10-26 05:00:00+00:00,1414.25,874.5
2020-10-26 06:00:00+00:00,1387.25,1013.75
2020-10-26 07:00:00+00:00,1384.0,1041.0
2020-10-26 08:00:00+00:00,1392.0,987.0
2020-10-26 09:00:00+00:00,1447.25,1106.0
2020-10-26 10:00:00+00:00,1448.25,1067.75
2020-10-26 11:00:00+00:00,1457.75,1015.5
2020-10-26 12:00:00+00:00,1423.75,1050.25
2020-10-26 13:00:00+00:00,1352.5,912.5
2020-10-26 14:00:00+00:00,1317.75,886.75
2020-10-26 15:00:00+00:00,1459.25,859.5
2020-10-26 16:00:00+00:00,1291.25,896.0
2020-10-26 17:00:00+00:00,1430.25,1038.0
2020-10-26 18:00:00+00:00,1166.5,1135.0
2020-10-26 19:00:00+00:00,1120.25,1153.0
2020-10-26 20:00:00+00:00,1155.25,1117.75
2020-10-26 21:00:00+00:00,1160.75,997.0
2020-10-26 22:00:00+00:00,1253.25,917.0
2020-10-26 23:00:00+00:00,1178.75,945.0
2020-10-27 00:00:00+00:00,1155.0,849.5
2020-10-27 01:00:00+00:00,1066.25,881.25
2020-10-27 02:00:00+00:00,1062.75,850.25
2020-10-27 03:00:00+00:00,1066.0,930.0
2020-10-27 04:00:00+00:00,1126.75,923.0
2020-10-27 05:00:00+00:00,1203.25,937.25
2020-10-27 06:00:00+00:00,1250.25,917.0
2020-10-27 07:00:00+00:00,1245.75,959.25
2020-10-27 08:00:00+00:00,1285.0,963.0
2020-10-27 09:00:00+00:00,1331.25,993.5
2020-10-27 10:00:00+00:00,1401.25,1112.25
2020-10-27 11:00:00+00:00,1429.75,1131.0
2020-10-27 12:00:00+00:00,1453.25,1126.25
2020-10-27 13:00:00+00:00,1461.0,1185.75
2020-10-27 14:00:00+00:00,1468.0,1100.0
2020-10-27 15:00:00+00:00,1478.75,1176.75
2020-10-27 16:00:00+00:00,1489.75,1323.25
2020-10-27 17:00:00+00:00,1491.0,1435.0
2020-10-27 18:00:00+00:00,1487.75,1516.5
2020-10-27 19:00:00+00:00,1486.25,1536.0
2020-10-27 20:00:00+00:00,1458.25,1526.0
2020-10-27 21:00:00+00:00,1478.25,1479.5
2020-10-27 22:00:00+00:00,1470.75,1422.75
2020-10-27 23:00:00+00:00,1420.25,1266.0
2020-10-28 00:00:00+00:00,1360.0,1022.5
2020-10-28 01:00:00+00:00,1275.5,823.0
2020-10-28 02:00:00+00:00,1183.0,795.5
2020-10-28 03:00:00+00:00,1136.5,751.5
2020-10-28 04:00:00+00:00,1405.25,874.5
2020-10-28 05:00:00+00:00,1392.5,1009.25
2020-10-28 06:00:00+00:00,1378.25,986.0
2020-10-28 07:00:00+00:00,1415.0,952.0
2020-10-28 08:00:00+00:00,1454.0,1024.5
2020-10-28 09:00:00+00:00,1416.25,1089.5
2020-10-28 10:00:00+00:00,1450.0,1196.25
2020-10-28 11:00:00+00:00,1454.75,1283.0
2020-10-28 12:00:00+00:00,1477.0,1305.0
2020-10-28 13:00:00+00:00,1433.75,1029.25
2020-10-28 14:00:00+00:00,1454.0,908.5
2020-10-28 15:00:00+00:00,1435.5,1138.5
2020-10-28 16:00:00+00:00,1388.5,1154.75
2020-10-28 17:00:00+00:00,1426.5,1059.5
2020-10-28 18:00:00+00:00,1432.25,1100.0
2020-10-28 19:00:00+00:00,1418.75,1169.75
2020-10-28 20:00:00+00:00,1446.0,1144.0
2020-10-28 21:00:00+00:00,1466.5,1243.75
2020-10-28 22:00:00+00:00,1429.0,1309.25
2020-10-28 23:00:00+00:00,1244.25,1188.0
2020-10-29 00:00:00+00:00,1179.0,1063.5
2020-10-29 01:00:00+00:00,1416.75,1093.25
2020-10-29 02:00:00+00:00,1439.5,1116.75
2020-10-29 03:00:00+00:00,1437.5,1113.5
2020-10-29 04:00:00+00:00,1458.25,1115.0
2020-10-29 05:00:00+00:00,1448.75,1069.25
2020-10-29 06:00:00+00:00,1411.75,1062.25
2020-10-29 07:00:00+00:00,1242.0,942.5
2020-10-29 08:00:00+00:00,1226.25,788.0
2020-10-29 09:00:00+00:00,1214.25,704.75
2020-10-29 10:00:00+00:00,1145.5,696.25
2020-10-29 11:00:00+00:00,1056.5,842.0
2020-10-29 12:00:00+00:00,1182.25,707.75
2020-10-29 13:00:00+00:00,1280.0,630.5
2020-10-29 14:00:00+00:00,1339.0,739.0
2020-10-29 15:00:00+00:00,1350.25,880.25
2020-10-29 16:00:00+00:00,1269.0,1053.0
2020-10-29 17:00:00+00:00,1396.75,1131.75
2020-10-29 18:00:00+00:00,1462.75,1285.5
2020-10-29 19:00:00+00:00,1458.0,1367.25
2020-10-29 20:00:00+00:00,1460.0,1394.5
2020-10-29 21:00:00+00:00,1457.75,1408.0
2020-10-29 22:00:00+00:00,1460.25,1423.75
2020-10-29 23:00:00+00:00,1456.75,1416.0
2020-10-30 00:00:00+00:00,1459.25,1422.5
2020-10-30 01:00:00+00:00,1463.75,1451.25
2020-10-30 02:00:00+00:00,1461.75,1425.25
2020-10-30 03:00:00+00:00,1458.5,1395.75
2020-10-30 04:00:00+00:00,1461.25,1439.25
2020-10-30 05:00:00+00:00,1457.0,1421.5
2020-10-30 06:00:00+00:00,1464.0,1392.75
2020-10-30 07:00:00+00:00,1468.5,1416.5
2020-10-30 08:00:00+00:00,1462.0,1415.5
2020-10-30 09:00:00+00:00,1456.0,1403.5
2020-10-30 10:00:00+00:00,1440.25,1381.25
2020-10-30 11:00:00+00:00,1431.25,1388.25
2020-10-30 12:00:00+00:00,1402.0,1384.75
2020-10-30 13:00:00+00:00,1401.25,1347.75
2020-10-30 14:00:00+00:00,1427.0,1263.25
2020-10-30 15:00:00+00:00,1416.0,1286.5
2020-10-30 16:00:00+00:00,1371.0,1261.75
2020-10-30 17:00:00+00:00,1412.75,1173.5
2020-10-30 18:00:00+00:00,1362.5,1166.0
2020-10-30 19:00:00+00:00,1370.5,1137.0
2020-10-30 20:00:00+00:00,1312.25,1092.0
2020-10-30 21:00:00+00:00,1200.5,1002.75
2020-10-30 22:00:00+00:00,1064.0,904.25
2020-10-30 23:00:00+00:00,757.0,781.0
2020-10-31 00:00:00+00:00,633.0,720.0
2020-10-31 01:00:00+00:00,533.25,684.75
2020-10-31 02:00:00+00:00,588.25,667.25
2020-10-31 03:00:00+00:00,581.0,569.75
2020-10-31 04:00:00+00:00,639.5,545.75
2020-10-31 05:00:00+00:00,781.0,577.25
2020-10-31 06:00:00+00:00,717.0,600.0
2020-10-31 07:00:00+00:00,843.75,532.25
2020-10-31 08:00:00+00:00,1190.25,524.5
2020-10-31 09:00:00+00:00,1280.5,618.25
2020-10-31 10:00:00+00:00,1374.0,717.75
2020-10-31 11:00:00+00:00,1402.0,878.5
2020-10-31 12:00:00+00:00,1405.0,926.25
2020-10-31 13:00:00+00:00,1405.75,939.5
2020-10-31 14:00:00+00:00,1416.5,900.0
2020-10-31 15:00:00+00:00,1436.0,989.5
2020-10-31 16:00:00+00:00,1459.25,1134.75
2020-10-31 17:00:00+00:00,1455.5,1256.5
2020-10-31 18:00:00+00:00,1466.5,1359.25
2020-10-31 19:00:00+00:00,1458.5,1460.25
2020-10-31 20:00:00+00:00,1383.5,1395.25
2020-10-31 21:00:00+00:00,1295.75,1077.0
2020-10-31 22:00:00+00:00,1299.5,782.5
2020-10-31 23:00:00+00:00,1233.0,698.25
2020-11-01 00:00:00+00:00,1167.25,745.25
2020-11-01 01:00:00+00:00,983.0,719.25
2020-11-01 02:00:00+00:00,919.0,688.0
2020-11-01 03:00:00+00:00,1170.0,747.25
2020-11-01 04:00:00+00:00,1160.5,832.25
2020-11-01 05:00:00+00:00,1393.25,843.75
2020-11-01 06:00:00+00:00,1420.75,862.5
2020-11-01 07:00:00+00:00,1343.75,930.0
2020-11-01 08:00:00+00:00,1351.75,1009.5
2020-11-01 09:00:00+00:00,1411.0,1166.25
2020-11-01 10:00:00+00:00,1412.25,1336.25
2020-11-01 11:00:00+00:00,1439.0,1342.75
2020-11-01 12:00:00+00:00,1429.0,1448.75
2020-11-01 13:00:00+00:00,1436.0,1528.5
2020-11-01 14:00:00+00:00,1439.75,1493.75
2020-11-01 15:00:00+00:00,1435.75,1526.5
2020-11-01 16:00:00+00:00,1433.25,1496.75
2020-11-01 17:00:00+00:00,1432.0,1423.5
2020-11-01 18:00:00+00:00,1429.25,1390.0
2020-11-01 19:00:00+00:00,1429.5,1434.75
2020-11-01 20:00:00+00:00,1428.25,1518.75
2020-11-01 21:00:00+00:00,1427.25,1630.0
2020-11-01 22:00:00+00:00,1423.25,1623.75
2020-11-01 23:00:00+00:00,1359.5,1601.5
2020-11-02 00:00:00+00:00,1291.0,1623.25
2020-11-02 01:00:00+00:00,1325.25,1612.75
2020-11-02 02:00:00+00:00,1331.25,1584.0
2020-11-02 03:00:00+00:00,1266.25,1524.0
2020-11-02 04:00:00+00:00,1259.5,1556.5
2020-11-02 05:00:00+00:00,1285.25,1607.5
2020-11-02 06:00:00+00:00,1286.75,1648.5
2020-11-02 07:00:00+00:00,1319.5,1627.0
2020-11-02 08:00:00+00:00,1356.5,1609.0
2020-11-02 09:00:00+00:00,1355.0,1601.25
2020-11-02 10:00:00+00:00,1320.75,1599.75
2020-11-02 11:00:00+00:00,1343.0,1594.75
2020-11-02 12:00:00+00:00,1424.0,1602.0
2020-11-02 13:00:00+00:00,1404.25,1614.75
2020-11-02 14:00:00+00:00,1422.25,1603.75
2020-11-02 15:00:00+00:00,1437.0,1553.75
2020-11-02 16:00:00+00:00,1430.75,1469.25
2020-11-02 17:00:00+00:00,1445.75,1416.75
2020-11-02 18:00:00+00:00,1447.75,1358.0
2020-11-02 19:00:00+00:00,1453.5,1340.5
2020-11-02 20:00:00+00:00,1449.5,1305.0
2020-11-02 21:00:00+00:00,1451.5,1238.5
2020-11-02 22:00:00+00:00,1450.75,1311.0
2020-11-02 23:00:00+00:00,1450.25,1289.5
2020-11-03 00:00:00+00:00,1438.5,1306.0
2020-11-03 01:00:00+00:00,1375.5,1239.5
2020-11-03 02:00:00+00:00,1336.5,1115.75
2020-11-03 03:00:00+00:00,1222.0,989.5
2020-11-03 04:00:00+00:00,1060.75,835.5
2020-11-03 05:00:00+00:00,853.0,738.0
2020-11-03 06:00:00+00:00,851.0,720.0
2020-11-03 07:00:00+00:00,997.75,568.25
2020-11-03 08:00:00+00:00,1193.75,553.5
2020-11-03 09:00:00+00:00,1247.25,619.5
2020-11-03 10:00:00+00:00,1188.0,789.25
2020-11-03 11:00:00+00:00,1211.25,1082.5
2020-11-03 12:00:00+00:00,1278.25,1345.25
2020-11-03 13:00:00+00:00,1449.5,1447.5
2020-11-03 14:00:00+00:00,1447.25,1529.5
2020-11-03 15:00:00+00:00,1422.0,1468.75
2020-11-03 16:00:00+00:00,1415.5,1349.75
2020-11-03 17:00:00+00:00,1393.25,1183.5
2020-11-03 18:00:00+00:00,1371.75,1100.5
2020-11-03 19:00:00+00:00,1398.75,1058.25
2020-11-03 20:00:00+00:00,1309.0,1051.0
2020-11-03 21:00:00+00:00,1132.75,1009.0
2020-11-03 22:00:00+00:00,1109.5,920.25
2020-11-03 23:00:00+00:00,1158.25,753.25
2020-11-04 00:00:00+00:00,1105.5,755.75
2020-11-04 01:00:00+00:00,1074.75,749.5
2020-11-04 02:00:00+00:00,988.25,604.75
2020-11-04 03:00:00+00:00,810.25,547.5
2020-11-04 04:00:00+00:00,680.5,470.0
2020-11-04 05:00:00+00:00,628.25,378.0
2020-11-04 06:00:00+00:00,617.75,308.75
2020-11-04 07:00:00+00:00,631.0,265.75
2020-11-04 08:00:00+00:00,530.75,258.25
2020-11-04 09:00:00+00:00,481.5,205.5
2020-11-04 10:00:00+00:00,389.5,170.0
2020-11-04 11:00:00+00:00,396.5,181.0
2020-11-04 12:00:00+00:00,447.25,209.0
2020-11-04 13:00:00+00:00,467.5,251.5
2020-11-04 14:00:00+00:00,392.75,268.0
2020-11-04 15:00:00+00:00,344.5,223.75
2020-11-04 16:00:00+00:00,286.75,213.0
2020-11-04 17:00:00+00:00,263.75,175.25
2020-11-04 18:00:00+00:00,277.75,145.0
2020-11-04 19:00:00+00:00,180.5,162.0
2020-11-04 20:00:00+00:00,176.25,148.25
2020-11-04 21:00:00+00:00,221.0,150.0
2020-11-04 22:00:00+00:00,248.5,145.5
2020-11-04 23:00:00+00:00,199.75,138.0
2020-11-05 00:00:00+00:00,221.25,133.5
2020-11-05 01:00:00+00:00,218.25,134.25
2020-11-05 02:00:00+00:00,289.75,137.25
2020-11-05 03:00:00+00:00,362.5,149.25
2020-11-05 04:00:00+00:00,364.25,159.25
2020-11-05 05:00:00+00:00,368.75,184.75
2020-11-05 06:00:00+00:00,254.0,203.25
2020-11-05 07:00:00+00:00,433.75,218.75
2020-11-05 08:00:00+00:00,530.75,226.5
2020-11-05 09:00:00+00:00,513.25,206.5
2020-11-05 10:00:00+00:00,535.75,186.5
2020-11-05 11:00:00+00:00,542.75,198.75
2020-11-05 12:00:00+00:00,508.25,199.25
2020-11-05 13:00:00+00:00,502.75,188.75
2020-11-05 14:00:00+00:00,426.25,194.25
2020-11-05 15:00:00+00:00,339.75,180.75
2020-11-05 16:00:00+00:00,239.25,160.25
2020-11-05 17:00:00+00:00,163.0,135.5
2020-11-05 18:00:00+00:00,134.25,130.5
2020-11-05 19:00:00+00:00,122.75,122.0
2020-11-05 20:00:00+00:00,83.5,115.0
2020-11-05 21:00:00+00:00,55.75,124.75
2020-11-05 22:00:00+00:00,47.75,117.5
2020-11-05 23:00:00+00:00,37.0,106.5
2020-11-06 00:00:00+00:00,91.75,106.75
2020-11-06 01:00:00+00:00,111.5,112.5
2020-11-06 02:00:00+00:00,143.25,118.25
2020-11-06 03:00:00+00:00,116.25,127.25
2020-11-06 04:00:00+00:00,122.75,151.25
2020-11-06 05:00:00+00:00,116.75,173.0
2020-11-06 06:00:00+00:00,127.25,168.0
2020-11-06 07:00:00+00:00,124.0,184.5
2020-11-06 08:00:00+00:00,205.5,190.5
2020-11-06 09:00:00+00:00,312.0,167.5
2020-11-06 10:00:00+00:00,310.25,157.5
2020-11-06 11:00:00+00:00,272.75,165.75
2020-11-06 12:00:00+00:00,267.5,181.75
2020-11-06 13:00:00+00:00,239.75,205.25
2020-11-06 14:00:00+00:00,329.25,253.25
2020-11-06 15:00:00+00:00,407.0,300.25
2020-11-06 16:00:00+00:00,551.0,429.5
2020-11-06 17:00:00+00:00,663.0,579.75
2020-11-06 18:00:00+00:00,760.0,686.25
2020-11-06 19:00:00+00:00,805.0,735.25
2020-11-06 20:00:00+00:00,733.25,697.5
2020-11-06 21:00:00+00:00,581.5,647.75
2020-11-06 22:00:00+00:00,459.25,588.75
2020-11-06 23:00:00+00:00,439.75,542.0
2020-11-07 00:00:00+00:00,390.75,543.75
2020-11-07 01:00:00+00:00,349.5,528.25
2020-11-07 02:00:00+00:00,305.0,513.0
2020-11-07 03:00:00+00:00,290.75,485.25
2020-11-07 04:00:00+00:00,289.0,435.0
2020-11-07 05:00:00+00:00,321.75,407.5
2020-11-07 06:00:00+00:00,241.0,393.0
2020-11-07 07:00:00+00:00,193.75,365.75
2020-11-07 08:00:00+00:00,130.0,216.0
2020-11-07 09:00:00+00:00,79.75,155.5
2020-11-07 10:00:00+00:00,37.0,111.5
2020-11-07 11:00:00+00:00,6.75,87.5
2020-11-07 12:00:00+00:00,6.75,84.75
2020-11-07 13:00:00+00:00,17.75,86.5
2020-11-07 14:00:00+00:00,46.0,104.75
2020-11-07 15:00:00+00:00,81.5,125.75
2020-11-07 16:00:00+00:00,93.25,152.0
2020-11-07 17:00:00+00:00,75.5,183.5
2020-11-07 18:00:00+00:00,47.25,194.0
2020-11-07 19:00:00+00:00,46.75,185.25
2020-11-07 20:00:00+00:00,85.5,194.75
2020-11-07 21:00:00+00:00,124.75,201.0
2020-11-07 22:00:00+00:00,107.5,185.0
2020-11-07 23:00:00+00:00,86.75,164.0
2020-11-08 00:00:00+00:00,47.75,134.25
2020-11-08 01:00:00+00:00,48.0,120.0
2020-11-08 02:00:00+00:00,65.75,121.25
2020-11-08 03:00:00+00:00,142.5,147.0
2020-11-08 04:00:00+00:00,194.0,172.5
2020-11-08 05:00:00+00:00,241.0,197.75
2020-11-08 06:00:00+00:00,265.25,240.25
2020-11-08 07:00:00+00:00,263.25,238.25
2020-11-08 08:00:00+00:00,264.25,236.75
2020-11-08 09:00:00+00:00,278.25,214.75
2020-11-08 10:00:00+00:00,259.75,187.75
2020-11-08 11:00:00+00:00,262.5,160.5
2020-11-08 12:00:00+00:00,226.25,147.5
2020-11-08 13:00:00+00:00,243.75,153.75
2020-11-08 14:00:00+00:00,284.0,188.5
2020-11-08 15:00:00+00:00,441.25,223.75
2020-11-08 16:00:00+00:00,427.25,265.0
2020-11-08 17:00:00+00:00,444.0,297.75
2020-11-08 18:00:00+00:00,390.75,315.75
2020-11-08 19:00:00+00:00,257.75,256.0
2020-11-08 20:00:00+00:00,221.0,242.0
2020-11-08 21:00:00+00:00,239.25,240.5
2020-11-08 22:00:00+00:00,194.0,206.0
2020-11-08 23:00:00+00:00,183.5,199.0
2020-11-09 00:00:00+00:00,187.5,215.5
2020-11-09 01:00:00+00:00,120.25,200.0
2020-11-09 02:00:00+00:00,125.25,205.75
2020-11-09 03:00:00+00:00,164.25,208.5
2020-11-09 04:00:00+00:00,127.75,228.0
2020-11-09 05:00:00+00:00,134.25,232.5
2020-11-09 06:00:00+00:00,117.0,213.25
2020-11-09 07:00:00+00:00,126.75,205.0
2020-11-09 08:00:00+00:00,94.0,202.0
2020-11-09 09:00:00+00:00,92.75,190.75
2020-11-09 10:00:00+00:00,106.25,149.0
2020-11-09 11:00:00+00:00,108.25,118.0
2020-11-09 12:00:00+00:00,108.0,114.75
2020-11-09 13:00:00+00:00,87.25,137.75
2020-11-09 14:00:00+00:00,114.5,129.25
2020-11-09 15:00:00+00:00,150.25,160.5
2020-11-09 16:00:00+00:00,209.5,190.75
2020-11-09 17:00:00+00:00,229.0,202.25
2020-11-09 18:00:00+00:00,247.0,228.25
2020-11-09 19:00:00+00:00,213.75,253.5
2020-11-09 20:00:00+00:00,187.0,242.0
2020-11-09 21:00:00+00:00,207.0,206.0
2020-11-09 22:00:00+00:00,214.0,179.75
2020-11-09 23:00:00+00:00,205.25,177.5
2020-11-10 00:00:00+00:00,103.25,157.75
2020-11-10 01:00:00+00:00,72.0,126.25
2020-11-10 02:00:00+00:00,89.0,121.0
2020-11-10 03:00:00+00:00,112.75,137.75
2020-11-10 04:00:00+00:00,80.0,154.0
2020-11-10 05:00:00+00:00,70.5,159.5
2020-11-10 06:00:00+00:00,94.5,132.0
2020-11-10 07:00:00+00:00,113.75,137.5
2020-11-10 08:00:00+00:00,115.0,135.0
2020-11-10 09:00:00+00:00,106.5,144.75
2020-11-10 10:00:00+00:00,138.5,108.75
2020-11-10 11:00:00+00:00,127.0,99.0
2020-11-10 12:00:00+00:00,88.75,101.0
2020-11-10 13:00:00+00:00,68.0,93.25
2020-11-10 14:00:00+00:00,59.5,92.5
2020-11-10 15:00:00+00:00,67.0,103.75
2020-11-10 16:00:00+00:00,63.0,95.5
2020-11-10 17:00:00+00:00,58.0,103.0
2020-11-10 18:00:00+00:00,57.25,119.75
2020-11-10 19:00:00+00:00,46.25,134.25
2020-11-10 20:00:00+00:00,57.75,127.25
2020-11-10 21:00:00+00:00,72.0,122.75
2020-11-10 22:00:00+00:00,112.75,133.75
2020-11-10 23:00:00+00:00,96.25,144.25
2020-11-11 00:00:00+00:00,79.5,114.5
2020-11-11 01:00:00+00:00,51.25,121.75
2020-11-11 02:00:00+00:00,51.75,130.5
2020-11-11 03:00:00+00:00,56.5,127.75
2020-11-11 04:00:00+00:00,48.0,113.25
2020-11-11 05:00:00+00:00,84.25,109.75
2020-11-11 06:00:00+00:00,110.0,124.25
2020-11-11 07:00:00+00:00,157.5,158.75
2020-11-11 08:00:00+00:00,196.0,163.25
2020-11-11 09:00:00+00:00,209.0,173.0
2020-11-11 10:00:00+00:00,261.5,183.5
2020-11-11 11:00:00+00:00,386.5,195.5
2020-11-11 12:00:00+00:00,388.75,247.75
2020-11-11 13:00:00+00:00,489.25,244.75
2020-11-11 14:00:00+00:00,502.5,239.25
2020-11-11 15:00:00+00:00,489.5,308.5
2020-11-11 16:00:00+00:00,717.75,403.25
2020-11-11 17:00:00+00:00,913.5,498.25
2020-11-11 18:00:00+00:00,1108.25,572.25
2020-11-11 19:00:00+00:00,1227.75,608.75
2020-11-11 20:00:00+00:00,1355.25,668.75
2020-11-11 21:00:00+00:00,1406.5,791.75
2020-11-11 22:00:00+00:00,1440.0,841.75
2020-11-11 23:00:00+00:00,1432.25,882.5
2020-11-12 00:00:00+00:00,1482.75,994.0
2020-11-12 01:00:00+00:00,1487.5,1029.75
2020-11-12 02:00:00+00:00,1460.25,1043.75
2020-11-12 03:00:00+00:00,1478.25,1099.0
2020-11-12 04:00:00+00:00,1487.0,1135.25
2020-11-12 05:00:00+00:00,1506.5,1057.0
2020-11-12 06:00:00+00:00,1486.25,1078.75
2020-11-12 07:00:00+00:00,1500.0,929.0
2020-11-12 08:00:00+00:00,1471.5,950.75
2020-11-12 09:00:00+00:00,1383.5,1057.0
2020-11-12 10:00:00+00:00,1175.75,1021.25
2020-11-12 11:00:00+00:00,1151.25,930.5
2020-11-12 12:00:00+00:00,1326.5,871.0
2020-11-12 13:00:00+00:00,1236.5,885.25
2020-11-12 14:00:00+00:00,967.25,792.25
2020-11-12 15:00:00+00:00,785.75,726.25
2020-11-12 16:00:00+00:00,905.25,645.5
2020-11-12 17:00:00+00:00,1011.0,623.0
2020-11-12 18:00:00+00:00,926.75,619.25
2020-11-12 19:00:00+00:00,699.25,670.75
2020-11-12 20:00:00+00:00,744.25,600.25
2020-11-12 21:00:00+00:00,644.5,591.0
2020-11-12 22:00:00+00:00,517.75,629.0
2020-11-12 23:00:00+00:00,669.0,616.25
2020-11-13 00:00:00+00:00,559.0,635.75
2020-11-13 01:00:00+00:00,718.25,603.75
2020-11-13 02:00:00+00:00,799.5,619.75
2020-11-13 03:00:00+00:00,874.0,671.0
2020-11-13 04:00:00+00:00,1038.0,683.25
2020-11-13 05:00:00+00:00,1050.75,669.75
2020-11-13 06:00:00+00:00,1092.25,687.0
2020-11-13 07:00:00+00:00,1240.75,772.5
2020-11-13 08:00:00+00:00,1176.25,784.25
2020-11-13 09:00:00+00:00,1396.0,727.0
2020-11-13 10:00:00+00:00,1465.5,741.5
2020-11-13 11:00:00+00:00,1456.75,771.75
2020-11-13 12:00:00+00:00,1447.75,783.0
2020-11-13 13:00:00+00:00,1317.0,835.25
2020-11-13 14:00:00+00:00,1344.5,736.25
2020-11-13 15:00:00+00:00,1305.5,683.0
2020-11-13 16:00:00+00:00,993.75,769.0
2020-11-13 17:00:00+00:00,557.25,754.75
2020-11-13 18:00:00+00:00,273.75,714.5
2020-11-13 19:00:00+00:00,240.5,620.5
2020-11-13 20:00:00+00:00,175.75,397.0
2020-11-13 21:00:00+00:00,174.5,256.25
2020-11-13 22:00:00+00:00,269.0,211.25
2020-11-13 23:00:00+00:00,207.25,222.5
2020-11-14 00:00:00+00:00,277.75,215.25
2020-11-14 01:00:00+00:00,278.75,253.25
2020-11-14 02:00:00+00:00,203.0,262.0
2020-11-14 03:00:00+00:00,292.75,253.0
2020-11-14 04:00:00+00:00,305.25,292.5
2020-11-14 05:00:00+00:00,519.25,302.25
2020-11-14 06:00:00+00:00,628.25,359.75
2020-11-14 07:00:00+00:00,775.5,455.75
2020-11-14 08:00:00+00:00,878.25,567.0
2020-11-14 09:00:00+00:00,1027.5,608.5
2020-11-14 10:00:00+00:00,1246.5,720.0
2020-11-14 11:00:00+00:00,1250.5,808.75
2020-11-14 12:00:00+00:00,1211.75,872.75
2020-11-14 13:00:00+00:00,1427.0,941.5
2020-11-14 14:00:00+00:00,1465.25,886.25
2020-11-14 15:00:00+00:00,1468.0,879.0
2020-11-14 16:00:00+00:00,1538.75,932.25
2020-11-14 17:00:00+00:00,1516.5,1095.0
2020-11-14 18:00:00+00:00,1530.0,1232.75
2020-11-14 19:00:00+00:00,1548.5,1343.5
2020-11-14 20:00:00+00:00,1546.25,1433.5
2020-11-14 21:00:00+00:00,1546.5,1494.5
2020-11-14 22:00:00+00:00,1544.75,1455.0
2020-11-14 23:00:00+00:00,1546.0,1366.0
2020-11-15 00:00:00+00:00,1553.0,1327.75
2020-11-15 01:00:00+00:00,1557.75,1290.25
2020-11-15 02:00:00+00:00,1535.5,1278.5
2020-11-15 03:00:00+00:00,1539.5,1227.0
2020-11-15 04:00:00+00:00,1549.25,1256.5
2020-11-15 05:00:00+00:00,1553.75,1331.0
2020-11-15 06:00:00+00:00,1546.75,1354.5
2020-11-15 07:00:00+00:00,1548.25,1455.0
2020-11-15 08:00:00+00:00,1547.5,1423.0
2020-11-15 09:00:00+00:00,1556.25,1546.75
2020-11-15 10:00:00+00:00,1556.75,1571.0
2020-11-15 11:00:00+00:00,1553.0,1555.25
2020-11-15 12:00:00+00:00,1551.5,1559.25
2020-11-15 13:00:00+00:00,1554.75,1553.25
2020-11-15 14:00:00+00:00,1558.5,1587.25
2020-11-15 15:00:00+00:00,1538.25,1477.0
2020-11-15 16:00:00+00:00,1554.25,1431.25
2020-11-15 17:00:00+00:00,1557.0,1427.75
2020-11-15 18:00:00+00:00,1553.5,1222.75
2020-11-15 19:00:00+00:00,1543.0,1356.0
2020-11-15 20:00:00+00:00,1538.25,1458.0
2020-11-15 21:00:00+00:00,1560.25,1456.0
2020-11-15 22:00:00+00:00,1567.5,1499.25
2020-11-15 23:00:00+00:00,1546.0,1464.75
2020-11-16 00:00:00+00:00,1565.25,1480.5
2020-11-16 01:00:00+00:00,1563.25,1439.5
2020-11-16 02:00:00+00:00,1523.75,1378.5
2020-11-16 03:00:00+00:00,1460.5,1335.25
2020-11-16 04:00:00+00:00,1558.75,1416.0
2020-11-16 05:00:00+00:00,1565.5,1373.75
2020-11-16 06:00:00+00:00,1552.0,1357.0
2020-11-16 07:00:00+00:00,1547.0,1248.25
2020-11-16 08:00:00+00:00,1538.75,1249.75
2020-11-16 09:00:00+00:00,1549.75,1246.0
2020-11-16 10:00:00+00:00,1536.5,1198.25
2020-11-16 11:00:00+00:00,1453.75,1119.5
2020-11-16 12:00:00+00:00,1476.25,1099.0
2020-11-16 13:00:00+00:00,1488.5,1062.0
2020-11-16 14:00:00+00:00,1435.5,932.75
2020-11-16 15:00:00+00:00,1394.75,914.75
2020-11-16 16:00:00+00:00,1249.25,947.75
2020-11-16 17:00:00+00:00,1222.0,875.25
2020-11-16 18:00:00+00:00,1270.75,712.75
2020-11-16 19:00:00+00:00,1395.5,781.25
2020-11-16 20:00:00+00:00,1342.25,846.75
2020-11-16 21:00:00+00:00,1428.5,899.5
2020-11-16 22:00:00+00:00,1464.5,1011.5
2020-11-16 23:00:00+00:00,1494.75,1065.25
2020-11-17 00:00:00+00:00,1541.0,1087.25
2020-11-17 01:00:00+00:00,1554.0,1234.0
2020-11-17 02:00:00+00:00,1563.5,1388.75
2020-11-17 03:00:00+00:00,1561.75,1444.0
2020-11-17 04:00:00+00:00,1560.5,1408.25
2020-11-17 05:00:00+00:00,1558.0,1362.5
2020-11-17 06:00:00+00:00,1555.25,1351.0
2020-11-17 07:00:00+00:00,1552.5,1343.75
2020-11-17 08:00:00+00:00,1540.25,1312.75
2020-11-17 09:00:00+00:00,1517.0,1307.75
2020-11-17 10:00:00+00:00,1526.25,1293.0
2020-11-17 11:00:00+00:00,1509.25,1266.5
2020-11-17 12:00:00+00:00,1537.0,1290.5
2020-11-17 13:00:00+00:00,1538.0,1251.5
2020-11-17 14:00:00+00:00,1538.5,1239.0
2020-11-17 15:00:00+00:00,1503.0,1222.25
2020-11-17 16:00:00+00:00,1505.5,1227.5
2020-11-17 17:00:00+00:00,1536.75,1169.5
2020-11-17 18:00:00+00:00,1522.75,1164.25
2020-11-17 19:00:00+00:00,1526.75,1160.25
2020-11-17 20:00:00+00:00,1482.75,1085.5
2020-11-17 21:00:00+00:00,1353.5,1049.25
2020-11-17 22:00:00+00:00,1345.5,976.0
2020-11-17 23:00:00+00:00,1293.25,963.25
2020-11-18 00:00:00+00:00,1238.25,928.0
2020-11-18 01:00:00+00:00,1293.5,852.75
2020-11-18 02:00:00+00:00,1223.0,803.5
2020-11-18 03:00:00+00:00,1212.75,751.75
2020-11-18 04:00:00+00:00,1408.75,784.5
2020-11-18 05:00:00+00:00,1400.25,808.25
2020-11-18 06:00:00+00:00,1435.25,836.75
2020-11-18 07:00:00+00:00,1437.75,896.25
2020-11-18 08:00:00+00:00,1443.75,970.75
2020-11-18 09:00:00+00:00,1411.75,968.75
2020-11-18 10:00:00+00:00,1419.75,1021.5
2020-11-18 11:00:00+00:00,1470.75,1019.75
2020-11-18 12:00:00+00:00,1505.5,1026.0
2020-11-18 13:00:00+00:00,1533.5,992.25
2020-11-18 14:00:00+00:00,1524.75,1042.25
2020-11-18 15:00:00+00:00,1546.25,1160.5
2020-11-18 16:00:00+00:00,1567.75,1360.0
2020-11-18 17:00:00+00:00,1571.0,1494.75
2020-11-18 18:00:00+00:00,1566.5,1533.0
2020-11-18 19:00:00+00:00,1567.25,1541.5
2020-11-18 20:00:00+00:00,1567.5,1553.75
2020-11-18 21:00:00+00:00,1566.5,1554.5
2020-11-18 22:00:00+00:00,1563.5,1509.75
2020-11-18 23:00:00+00:00,1561.5,1491.5
2020-11-19 00:00:00+00:00,1564.75,1442.25
2020-11-19 01:00:00+00:00,1567.75,1385.75
2020-11-19 02:00:00+00:00,1570.25,1405.0
2020-11-19 03:00:00+00:00,1566.25,1409.0
2020-11-19 04:00:00+00:00,1555.25,1433.0
2020-11-19 05:00:00+00:00,1561.0,1450.25
2020-11-19 06:00:00+00:00,1564.25,1479.75
2020-11-19 07:00:00+00:00,1564.0,1373.0
2020-11-19 08:00:00+00:00,1559.5,1358.25
2020-11-19 09:00:00+00:00,1535.0,1320.25
2020-11-19 10:00:00+00:00,1516.25,1125.25
2020-11-19 11:00:00+00:00,1431.25,986.0
2020-11-19 12:00:00+00:00,1295.0,907.25
2020-11-19 13:00:00+00:00,1414.75,1027.25
2020-11-19 14:00:00+00:00,1517.25,1060.25
2020-11-19 15:00:00+00:00,1551.75,1091.25
2020-11-19 16:00:00+00:00,1488.25,1017.0
2020-11-19 17:00:00+00:00,1266.25,895.0
2020-11-19 18:00:00+00:00,1341.75,612.5
2020-11-19 19:00:00+00:00,1148.25,411.5
2020-11-19 20:00:00+00:00,1172.25,573.0
2020-11-19 21:00:00+00:00,1069.0,549.5
2020-11-19 22:00:00+00:00,1036.0,688.75
2020-11-19 23:00:00+00:00,1038.5,578.75
2020-11-20 00:00:00+00:00,917.25,489.5
2020-11-20 01:00:00+00:00,842.0,458.0
2020-11-20 02:00:00+00:00,795.5,518.75
2020-11-20 03:00:00+00:00,785.0,500.0
2020-11-20 04:00:00+00:00,701.5,477.5
2020-11-20 05:00:00+00:00,647.0,587.5
2020-11-20 06:00:00+00:00,648.75,461.5
2020-11-20 07:00:00+00:00,504.0,377.5
2020-11-20 08:00:00+00:00,428.0,360.25
2020-11-20 09:00:00+00:00,265.0,225.0
2020-11-20 10:00:00+00:00,227.75,161.5
2020-11-20 11:00:00+00:00,197.25,147.25
2020-11-20 12:00:00+00:00,272.75,189.5
2020-11-20 13:00:00+00:00,402.25,281.5
2020-11-20 14:00:00+00:00,615.75,377.75
2020-11-20 15:00:00+00:00,834.25,486.5
2020-11-20 16:00:00+00:00,982.5,569.5
2020-11-20 17:00:00+00:00,1228.5,703.75
2020-11-20 18:00:00+00:00,1351.25,866.75
2020-11-20 19:00:00+00:00,1374.0,1019.75
2020-11-20 20:00:00+00:00,1444.5,1089.5
2020-11-20 21:00:00+00:00,1493.0,1132.5
2020-11-20 22:00:00+00:00,1524.25,1163.5
2020-11-20 23:00:00+00:00,1543.5,1207.75
2020-11-21 00:00:00+00:00,1536.5,1283.0
2020-11-21 01:00:00+00:00,1536.5,1313.25
2020-11-21 02:00:00+00:00,1519.5,1330.75
2020-11-21 03:00:00+00:00,1504.25,1329.25
2020-11-21 04:00:00+00:00,1514.5,1360.5
2020-11-21 05:00:00+00:00,1520.25,1340.25
2020-11-21 06:00:00+00:00,1533.5,1379.5
2020-11-21 07:00:00+00:00,1528.75,1419.25
2020-11-21 08:00:00+00:00,1527.5,1436.0
2020-11-21 09:00:00+00:00,1511.25,1407.75
2020-11-21 10:00:00+00:00,1526.0,1404.0
2020-11-21 11:00:00+00:00,1524.5,1383.0
2020-11-21 12:00:00+00:00,1520.5,1349.5
2020-11-21 13:00:00+00:00,1523.25,1266.5
2020-11-21 14:00:00+00:00,1503.25,1194.25
2020-11-21 15:00:00+00:00,1481.75,1133.0
2020-11-21 16:00:00+00:00,1385.25,1122.75
2020-11-21 17:00:00+00:00,1376.25,1100.25
2020-11-21 18:00:00+00:00,1380.75,1130.25
2020-11-21 19:00:00+00:00,1424.0,1190.0
2020-11-21 20:00:00+00:00,1472.25,1199.5
2020-11-21 21:00:00+00:00,1492.0,1151.25
2020-11-21 22:00:00+00:00,1465.0,1175.75
2020-11-21 23:00:00+00:00,1442.75,1189.75
2020-11-22 00:00:00+00:00,1391.0,1220.0
2020-11-22 01:00:00+00:00,1394.75,1189.5
2020-11-22 02:00:00+00:00,1371.75,1147.5
2020-11-22 03:00:00+00:00,1208.0,1047.5
2020-11-22 04:00:00+00:00,1109.0,878.75
2020-11-22 05:00:00+00:00,1028.5,767.25
2020-11-22 06:00:00+00:00,908.75,692.5
2020-11-22 07:00:00+00:00,889.0,543.0
2020-11-22 08:00:00+00:00,863.5,489.75
2020-11-22 09:00:00+00:00,793.5,399.75
2020-11-22 10:00:00+00:00,769.0,371.5
2020-11-22 11:00:00+00:00,771.0,396.75
2020-11-22 12:00:00+00:00,775.75,451.75
2020-11-22 13:00:00+00:00,744.75,348.5
2020-11-22 14:00:00+00:00,632.25,330.0
2020-11-22 15:00:00+00:00,595.25,297.75
2020-11-22 16:00:00+00:00,550.25,299.25
2020-11-22 17:00:00+00:00,587.5,327.75
2020-11-22 18:00:00+00:00,583.0,335.25
2020-11-22 19:00:00+00:00,596.25,375.0
2020-11-22 20:00:00+00:00,715.75,433.5
2020-11-22 21:00:00+00:00,819.0,427.0
2020-11-22 22:00:00+00:00,880.25,422.75
2020-11-22 23:00:00+00:00,911.25,515.75
2020-11-23 00:00:00+00:00,900.0,547.25
2020-11-23 01:00:00+00:00,818.75,517.75
2020-11-23 02:00:00+00:00,806.25,497.75
2020-11-23 03:00:00+00:00,786.5,485.5
2020-11-23 04:00:00+00:00,740.5,427.75
2020-11-23 05:00:00+00:00,687.5,403.25
2020-11-23 06:00:00+00:00,638.25,366.75
2020-11-23 07:00:00+00:00,566.5,288.5
2020-11-23 08:00:00+00:00,456.5,252.5
2020-11-23 09:00:00+00:00,393.0,229.0
2020-11-23 10:00:00+00:00,374.75,219.0
2020-11-23 11:00:00+00:00,382.0,239.25
2020-11-23 12:00:00+00:00,407.25,279.25
2020-11-23 13:00:00+00:00,546.25,248.0
2020-11-23 14:00:00+00:00,683.75,252.5
2020-11-23 15:00:00+00:00,791.75,316.75
2020-11-23 16:00:00+00:00,813.25,417.5
2020-11-23 17:00:00+00:00,881.5,455.75
2020-11-23 18:00:00+00:00,924.25,520.25
2020-11-23 19:00:00+00:00,928.25,546.25
2020-11-23 20:00:00+00:00,958.0,642.25
2020-11-23 21:00:00+00:00,930.75,677.25
2020-11-23 22:00:00+00:00,964.0,690.5
2020-11-23 23:00:00+00:00,1055.0,675.25
2020-11-24 00:00:00+00:00,1075.25,708.75
2020-11-24 01:00:00+00:00,1028.0,705.0
2020-11-24 02:00:00+00:00,998.0,702.0
2020-11-24 03:00:00+00:00,944.25,699.5
2020-11-24 04:00:00+00:00,935.5,718.5
2020-11-24 05:00:00+00:00,934.25,789.5
2020-11-24 06:00:00+00:00,928.25,746.25
2020-11-24 07:00:00+00:00,994.75,664.75
2020-11-24 08:00:00+00:00,1037.75,613.5
2020-11-24 09:00:00+00:00,1065.25,594.0
2020-11-24 10:00:00+00:00,1068.5,566.0
2020-11-24 11:00:00+00:00,1072.75,499.75
2020-11-24 12:00:00+00:00,1081.75,447.0
2020-11-24 13:00:00+00:00,1123.75,413.25
2020-11-24 14:00:00+00:00,1135.25,383.75
2020-11-24 15:00:00+00:00,1033.75,451.75
2020-11-24 16:00:00+00:00,1132.75,547.75
2020-11-24 17:00:00+00:00,1208.0,615.5
2020-11-24 18:00:00+00:00,1258.0,696.25
2020-11-24 19:00:00+00:00,1319.75,737.25
2020-11-24 20:00:00+00:00,1262.5,723.0
2020-11-24 21:00:00+00:00,1270.25,715.75
2020-11-24 22:00:00+00:00,1264.5,744.25
2020-11-24 23:00:00+00:00,1283.75,802.0
2020-11-25 00:00:00+00:00,1239.0,831.75
2020-11-25 01:00:00+00:00,1209.75,744.75
2020-11-25 02:00:00+00:00,1055.75,631.25
2020-11-25 03:00:00+00:00,1054.75,526.0
2020-11-25 04:00:00+00:00,1024.75,515.0
2020-11-25 05:00:00+00:00,948.0,533.5
2020-11-25 06:00:00+00:00,914.5,594.25
2020-11-25 07:00:00+00:00,951.25,649.0
2020-11-25 08:00:00+00:00,823.0,656.75
2020-11-25 09:00:00+00:00,751.25,593.0
2020-11-25 10:00:00+00:00,683.75,532.5
2020-11-25 11:00:00+00:00,676.5,526.75
2020-11-25 12:00:00+00:00,647.5,430.25
2020-11-25 13:00:00+00:00,669.5,402.0
2020-11-25 14:00:00+00:00,593.0,396.75
2020-11-25 15:00:00+00:00,696.75,439.75
2020-11-25 16:00:00+00:00,832.5,518.0
2020-11-25 17:00:00+00:00,820.75,541.25
2020-11-25 18:00:00+00:00,829.25,556.0
2020-11-25 19:00:00+00:00,720.75,528.25
2020-11-25 20:00:00+00:00,697.5,536.0
2020-11-25 21:00:00+00:00,771.5,505.25
2020-11-25 22:00:00+00:00,788.75,528.75
2020-11-25 23:00:00+00:00,649.75,545.25
2020-11-26 00:00:00+00:00,380.0,575.25
2020-11-26 01:00:00+00:00,225.75,525.0
2020-11-26 02:00:00+00:00,269.0,412.25
2020-11-26 03:00:00+00:00,221.0,285.0
2020-11-26 04:00:00+00:00,211.75,196.75
2020-11-26 05:00:00+00:00,207.5,156.75
2020-11-26 06:00:00+00:00,187.0,124.0
2020-11-26 07:00:00+00:00,120.75,107.0
2020-11-26 08:00:00+00:00,95.0,95.75
2020-11-26 09:00:00+00:00,84.0,100.25
2020-11-26 10:00:00+00:00,45.75,100.75
2020-11-26 11:00:00+00:00,35.75,95.0
2020-11-26 12:00:00+00:00,19.75,90.75
2020-11-26 13:00:00+00:00,22.25,87.0
2020-11-26 14:00:00+00:00,48.25,88.25
2020-11-26 15:00:00+00:00,29.25,113.25
2020-11-26 16:00:00+00:00,16.0,117.25
2020-11-26 17:00:00+00:00,10.75,112.0
2020-11-26 18:00:00+00:00,19.5,124.75
2020-11-26 19:00:00+00:00,10.0,126.0
2020-11-26 20:00:00+00:00,22.25,130.5
2020-11-26 21:00:00+00:00,34.25,145.5
2020-11-26 22:00:00+00:00,34.75,157.25
2020-11-26 23:00:00+00:00,50.75,161.75
2020-11-27 00:00:00+00:00,10.0,164.0
2020-11-27 01:00:00+00:00,9.25,162.0
2020-11-27 02:00:00+00:00,42.0,136.5
2020-11-27 03:00:00+00:00,46.5,117.5
2020-11-27 04:00:00+00:00,43.75,129.25
2020-11-27 05:00:00+00:00,38.5,129.0
2020-11-27 06:00:00+00:00,64.25,128.0
2020-11-27 07:00:00+00:00,63.75,139.75
2020-11-27 08:00:00+00:00,47.0,139.0
2020-11-27 09:00:00+00:00,76.0,145.5
2020-11-27 10:00:00+00:00,79.25,131.5
2020-11-27 11:00:00+00:00,91.0,118.25
2020-11-27 12:00:00+00:00,91.25,114.5
2020-11-27 13:00:00+00:00,102.5,116.0
2020-11-27 14:00:00+00:00,88.0,121.75
2020-11-27 15:00:00+00:00,123.75,127.75
2020-11-27 16:00:00+00:00,243.75,141.25
2020-11-27 17:00:00+00:00,353.0,152.25
2020-11-27 18:00:00+00:00,373.5,186.25
2020-11-27 19:00:00+00:00,366.0,231.5
2020-11-27 20:00:00+00:00,348.0,212.75
2020-11-27 21:00:00+00:00,437.75,223.25
2020-11-27 22:00:00+00:00,423.25,218.5
2020-11-27 23:00:00+00:00,381.25,216.5
2020-11-28 00:00:00+00:00,384.0,212.0
2020-11-28 01:00:00+00:00,422.0,265.25
2020-11-28 02:00:00+00:00,335.75,227.0
2020-11-28 03:00:00+00:00,312.75,225.5
2020-11-28 04:00:00+00:00,275.25,276.25
2020-11-28 05:00:00+00:00,235.75,272.5
2020-11-28 06:00:00+00:00,298.75,241.5
2020-11-28 07:00:00+00:00,301.25,248.75
2020-11-28 08:00:00+00:00,296.0,240.0
2020-11-28 09:00:00+00:00,364.75,212.5
2020-11-28 10:00:00+00:00,421.25,208.0
2020-11-28 11:00:00+00:00,389.25,216.5
2020-11-28 12:00:00+00:00,322.5,218.25
2020-11-28 13:00:00+00:00,239.25,227.5
2020-11-28 14:00:00+00:00,231.25,246.75
2020-11-28 15:00:00+00:00,258.25,299.0
2020-11-28 16:00:00+00:00,323.0,338.5
2020-11-28 17:00:00+00:00,465.5,369.5
2020-11-28 18:00:00+00:00,508.25,409.5
2020-11-28 19:00:00+00:00,376.75,432.5
2020-11-28 20:00:00+00:00,413.75,470.25
2020-11-28 21:00:00+00:00,450.5,434.75
2020-11-28 22:00:00+00:00,456.75,402.75
2020-11-28 23:00:00+00:00,469.0,425.25
2020-11-29 00:00:00+00:00,397.25,326.25
2020-11-29 01:00:00+00:00,318.75,307.0
2020-11-29 02:00:00+00:00,263.25,301.75
2020-11-29 03:00:00+00:00,258.0,266.25
2020-11-29 04:00:00+00:00,308.5,265.5
2020-11-29 05:00:00+00:00,311.5,259.25
2020-11-29 06:00:00+00:00,328.5,250.75
2020-11-29 07:00:00+00:00,349.5,271.5
2020-11-29 08:00:00+00:00,316.5,259.75
2020-11-29 09:00:00+00:00,298.0,224.25
2020-11-29 10:00:00+00:00,288.25,173.5
2020-11-29 11:00:00+00:00,249.25,133.5
2020-11-29 12:00:00+00:00,177.0,123.75
2020-11-29 13:00:00+00:00,109.0,111.5
2020-11-29 14:00:00+00:00,85.75,103.25
2020-11-29 15:00:00+00:00,66.0,103.0
2020-11-29 16:00:00+00:00,34.25,103.5
2020-11-29 17:00:00+00:00,30.0,115.75
2020-11-29 18:00:00+00:00,42.25,127.75
2020-11-29 19:00:00+00:00,58.0,109.5
2020-11-29 20:00:00+00:00,57.5,115.5
2020-11-29 21:00:00+00:00,92.5,110.5
2020-11-29 22:00:00+00:00,120.5,106.0
2020-11-29 23:00:00+00:00,106.75,114.0
2020-11-30 00:00:00+00:00,154.5,130.0
2020-11-30 01:00:00+00:00,225.5,163.75
2020-11-30 02:00:00+00:00,317.25,175.25
2020-11-30 03:00:00+00:00,322.75,207.0
2020-11-30 04:00:00+00:00,459.0,224.0
2020-11-30 05:00:00+00:00,587.0,250.5
2020-11-30 06:00:00+00:00,717.5,310.0
2020-11-30 07:00:00+00:00,687.75,403.5
2020-11-30 08:00:00+00:00,767.0,395.5
2020-11-30 09:00:00+00:00,755.5,461.5
2020-11-30 10:00:00+00:00,852.75,544.75
2020-11-30 11:00:00+00:00,924.75,637.75
2020-11-30 12:00:00+00:00,1119.5,744.75
2020-11-30 13:00:00+00:00,1177.75,847.5
2020-11-30 14:00:00+00:00,1378.5,1000.5
2020-11-30 15:00:00+00:00,1368.5,1094.25
2020-11-30 16:00:00+00:00,1469.0,1164.0
2020-11-30 17:00:00+00:00,1464.5,1221.0
2020-11-30 18:00:00+00:00,1318.0,1208.25
2020-11-30 19:00:00+00:00,1219.0,1166.25
2020-11-30 20:00:00+00:00,1190.75,1024.0
2020-11-30 21:00:00+00:00,1438.5,871.75
2020-11-30 22:00:00+00:00,1544.5,864.75
2020-11-30 23:00:00+00:00,1479.0,1012.5
2020-12-01 00:00:00+00:00,1308.0,1094.25
2020-12-01 01:00:00+00:00,1283.0,944.5
2020-12-01 02:00:00+00:00,1487.5,875.5
2020-12-01 03:00:00+00:00,1535.25,771.5
2020-12-01 04:00:00+00:00,1538.75,837.25
2020-12-01 05:00:00+00:00,1542.5,1084.5
2020-12-01 06:00:00+00:00,1541.5,1288.5
2020-12-01 07:00:00+00:00,1539.5,1344.25
2020-12-01 08:00:00+00:00,1536.0,1385.25
2020-12-01 09:00:00+00:00,1538.0,1331.0
2020-12-01 10:00:00+00:00,1538.75,1272.75
2020-12-01 11:00:00+00:00,1488.75,1135.0
2020-12-01 12:00:00+00:00,1316.75,1146.25
2020-12-01 13:00:00+00:00,1284.0,1072.0
2020-12-01 14:00:00+00:00,1257.25,851.75
2020-12-01 15:00:00+00:00,1203.75,758.25
2020-12-01 16:00:00+00:00,1281.75,689.5
2020-12-01 17:00:00+00:00,1143.5,645.25
2020-12-01 18:00:00+00:00,1086.0,579.75
2020-12-01 19:00:00+00:00,991.75,476.75
2020-12-01 20:00:00+00:00,970.5,404.75
2020-12-01 21:00:00+00:00,828.0,314.0
2020-12-01 22:00:00+00:00,820.0,246.25
2020-12-01 23:00:00+00:00,522.25,239.75
2020-12-02 00:00:00+00:00,307.5,190.75
2020-12-02 01:00:00+00:00,140.0,154.0
2020-12-02 02:00:00+00:00,46.5,127.5
2020-12-02 03:00:00+00:00,36.25,100.75
2020-12-02 04:00:00+00:00,80.5,84.0
2020-12-02 05:00:00+00:00,104.25,86.25
2020-12-02 06:00:00+00:00,116.5,91.75
2020-12-02 07:00:00+00:00,107.0,81.75
2020-12-02 08:00:00+00:00,93.25,78.0
2020-12-02 09:00:00+00:00,69.75,71.25
2020-12-02 10:00:00+00:00,52.75,69.0
2020-12-02 11:00:00+00:00,34.25,68.25
2020-12-02 12:00:00+00:00,51.25,65.25
2020-12-02 13:00:00+00:00,92.5,61.25
2020-12-02 14:00:00+00:00,104.75,71.25
2020-12-02 15:00:00+00:00,183.5,89.5
2020-12-02 16:00:00+00:00,266.25,116.5
2020-12-02 17:00:00+00:00,438.5,154.25
2020-12-02 18:00:00+00:00,404.25,181.25
2020-12-02 19:00:00+00:00,489.25,219.75
2020-12-02 20:00:00+00:00,635.5,267.25
2020-12-02 21:00:00+00:00,785.75,345.75
2020-12-02 22:00:00+00:00,809.5,433.5
2020-12-02 23:00:00+00:00,780.5,501.75
2020-12-03 00:00:00+00:00,716.5,560.75
2020-12-03 01:00:00+00:00,687.25,587.5
2020-12-03 02:00:00+00:00,704.75,605.5
2020-12-03 03:00:00+00:00,566.0,562.5
2020-12-03 04:00:00+00:00,279.5,501.25
2020-12-03 05:00:00+00:00,144.0,443.5
2020-12-03 06:00:00+00:00,141.25,436.0
2020-12-03 07:00:00+00:00,519.0,443.25
2020-12-03 08:00:00+00:00,707.25,482.75
2020-12-03 09:00:00+00:00,951.5,519.25
2020-12-03 10:00:00+00:00,1120.25,632.75
2020-12-03 11:00:00+00:00,1398.25,744.0
2020-12-03 12:00:00+00:00,1226.5,751.75
2020-12-03 13:00:00+00:00,1457.0,749.0
2020-12-03 14:00:00+00:00,1556.25,830.0
2020-12-03 15:00:00+00:00,1559.75,954.25
2020-12-03 16:00:00+00:00,1539.25,1057.5
2020-12-03 17:00:00+00:00,1553.0,1110.0
2020-12-03 18:00:00+00:00,1557.75,1225.75
2020-12-03 19:00:00+00:00,1561.5,1325.5
2020-12-03 20:00:00+00:00,1559.75,1337.75
2020-12-03 21:00:00+00:00,1554.5,1346.75
2020-12-03 22:00:00+00:00,1555.25,1362.0
2020-12-03 23:00:00+00:00,1552.5,1375.75
2020-12-04 00:00:00+00:00,1554.0,1374.75
2020-12-04 01:00:00+00:00,1557.75,1391.75
2020-12-04 02:00:00+00:00,1555.75,1425.0
2020-12-04 03:00:00+00:00,1556.75,1476.25
2020-12-04 04:00:00+00:00,1556.75,1517.0
2020-12-04 05:00:00+00:00,1553.5,1498.75
2020-12-04 06:00:00+00:00,1151.0,1544.25
2020-12-04 07:00:00+00:00,993.25,1554.5
2020-12-04 08:00:00+00:00,1538.0,1451.0
2020-12-04 09:00:00+00:00,1560.75,1432.75
2020-12-04 10:00:00+00:00,1562.5,1322.75
2020-12-04 11:00:00+00:00,1562.0,1355.25
2020-12-04 12:00:00+00:00,1557.75,1306.5
2020-12-04 13:00:00+00:00,1550.0,1085.75
2020-12-04 14:00:00+00:00,1543.25,982.0
2020-12-04 15:00:00+00:00,1539.25,918.75
2020-12-04 16:00:00+00:00,1510.0,859.5
2020-12-04 17:00:00+00:00,1538.5,881.5
2020-12-04 18:00:00+00:00,1462.5,778.75
2020-12-04 19:00:00+00:00,1342.5,688.0
2020-12-04 20:00:00+00:00,1405.5,627.5
2020-12-04 21:00:00+00:00,1175.25,500.75
2020-12-04 22:00:00+00:00,820.0,481.0
2020-12-04 23:00:00+00:00,676.25,420.75
2020-12-05 00:00:00+00:00,559.5,347.75
2020-12-05 01:00:00+00:00,494.75,417.0
2020-12-05 02:00:00+00:00,562.25,277.5
2020-12-05 03:00:00+00:00,550.25,217.25
2020-12-05 04:00:00+00:00,312.0,247.5
2020-12-05 05:00:00+00:00,295.0,241.75
2020-12-05 06:00:00+00:00,439.25,223.0
2020-12-05 07:00:00+00:00,558.25,226.5
2020-12-05 08:00:00+00:00,531.0,242.25
2020-12-05 09:00:00+00:00,596.25,249.25
2020-12-05 10:00:00+00:00,491.5,268.0
2020-12-05 11:00:00+00:00,368.25,288.0
2020-12-05 12:00:00+00:00,550.25,288.5
2020-12-05 13:00:00+00:00,560.0,257.75
2020-12-05 14:00:00+00:00,561.0,264.0
2020-12-05 15:00:00+00:00,670.0,267.25
2020-12-05 16:00:00+00:00,788.25,219.5
2020-12-05 17:00:00+00:00,741.0,194.5
2020-12-05 18:00:00+00:00,764.25,172.5
2020-12-05 19:00:00+00:00,790.75,185.75
2020-12-05 20:00:00+00:00,791.75,216.75
2020-12-05 21:00:00+00:00,638.0,216.25
2020-12-05 22:00:00+00:00,584.75,257.0
2020-12-05 23:00:00+00:00,547.0,292.25
2020-12-06 00:00:00+00:00,354.5,298.5
2020-12-06 01:00:00+00:00,264.5,269.25
2020-12-06 02:00:00+00:00,241.0,263.0
2020-12-06 03:00:00+00:00,155.0,133.25
2020-12-06 04:00:00+00:00,161.75,145.25
2020-12-06 05:00:00+00:00,190.5,166.75
2020-12-06 06:00:00+00:00,187.5,270.0
2020-12-06 07:00:00+00:00,196.75,292.0
2020-12-06 08:00:00+00:00,263.5,210.5
2020-12-06 09:00:00+00:00,158.25,158.75
2020-12-06 10:00:00+00:00,83.75,162.0
2020-12-06 11:00:00+00:00,88.25,134.5
2020-12-06 12:00:00+00:00,129.0,75.5
2020-12-06 13:00:00+00:00,118.75,63.25
2020-12-06 14:00:00+00:00,172.5,92.0
2020-12-06 15:00:00+00:00,260.0,131.0
2020-12-06 16:00:00+00:00,444.25,159.75
2020-12-06 17:00:00+00:00,495.0,168.25
2020-12-06 18:00:00+00:00,485.0,122.25
2020-12-06 19:00:00+00:00,309.5,159.0
2020-12-06 20:00:00+00:00,252.25,214.25
2020-12-06 21:00:00+00:00,200.5,200.25
2020-12-06 22:00:00+00:00,108.5,150.5
2020-12-06 23:00:00+00:00,58.5,158.5
2020-12-07 00:00:00+00:00,39.75,198.5
2020-12-07 01:00:00+00:00,78.5,229.5
2020-12-07 02:00:00+00:00,106.0,228.0
2020-12-07 03:00:00+00:00,221.25,328.5
2020-12-07 04:00:00+00:00,400.25,326.0
2020-12-07 05:00:00+00:00,553.75,330.25
2020-12-07 06:00:00+00:00,557.25,348.5
2020-12-07 07:00:00+00:00,399.75,395.75
2020-12-07 08:00:00+00:00,353.75,372.25
2020-12-07 09:00:00+00:00,339.5,434.5
2020-12-07 10:00:00+00:00,354.25,545.75
2020-12-07 11:00:00+00:00,405.25,633.75
2020-12-07 12:00:00+00:00,396.5,568.5
2020-12-07 13:00:00+00:00,585.0,539.75
2020-12-07 14:00:00+00:00,705.0,574.75
2020-12-07 15:00:00+00:00,720.5,536.25
2020-12-07 16:00:00+00:00,711.0,445.25
2020-12-07 17:00:00+00:00,783.5,433.5
2020-12-07 18:00:00+00:00,833.0,377.5
2020-12-07 19:00:00+00:00,889.5,342.0
2020-12-07 20:00:00+00:00,842.75,309.75
2020-12-07 21:00:00+00:00,757.5,261.5
2020-12-07 22:00:00+00:00,599.75,198.0
2020-12-07 23:00:00+00:00,357.75,152.75
2020-12-08 00:00:00+00:00,198.75,156.5
2020-12-08 01:00:00+00:00,120.0,148.25
2020-12-08 02:00:00+00:00,112.0,120.25
2020-12-08 03:00:00+00:00,106.0,130.0
2020-12-08 04:00:00+00:00,96.25,177.0
2020-12-08 05:00:00+00:00,135.75,168.0
2020-12-08 06:00:00+00:00,106.5,156.75
2020-12-08 07:00:00+00:00,88.0,157.75
2020-12-08 08:00:00+00:00,100.75,169.75
2020-12-08 09:00:00+00:00,114.25,148.0
2020-12-08 10:00:00+00:00,86.25,120.75
2020-12-08 11:00:00+00:00,74.75,107.75
2020-12-08 12:00:00+00:00,76.0,107.25
2020-12-08 13:00:00+00:00,113.25,91.5
2020-12-08 14:00:00+00:00,68.5,86.5
2020-12-08 15:00:00+00:00,41.25,90.5
2020-12-08 16:00:00+00:00,58.25,92.75
2020-12-08 17:00:00+00:00,40.25,92.75
2020-12-08 18:00:00+00:00,75.25,90.25
2020-12-08 19:00:00+00:00,135.25,92.0
2020-12-08 20:00:00+00:00,75.25,95.5
2020-12-08 21:00:00+00:00,139.0,103.0
2020-12-08 22:00:00+00:00,198.0,101.0
2020-12-08 23:00:00+00:00,168.0,107.75
2020-12-09 00:00:00+00:00,150.25,101.0
2020-12-09 01:00:00+00:00,147.5,101.75
2020-12-09 02:00:00+00:00,164.5,113.0
2020-12-09 03:00:00+00:00,296.0,119.5
2020-12-09 04:00:00+00:00,358.75,124.25
2020-12-09 05:00:00+00:00,438.75,129.25
2020-12-09 06:00:00+00:00,526.5,139.25
2020-12-09 07:00:00+00:00,574.0,143.5
2020-12-09 08:00:00+00:00,576.25,154.5
2020-12-09 09:00:00+00:00,611.75,180.25
2020-12-09 10:00:00+00:00,692.0,200.0
2020-12-09 11:00:00+00:00,728.25,229.5
2020-12-09 12:00:00+00:00,699.5,251.25
2020-12-09 13:00:00+00:00,650.75,269.75
2020-12-09 14:00:00+00:00,528.75,355.5
2020-12-09 15:00:00+00:00,588.75,387.25
2020-12-09 16:00:00+00:00,607.25,401.75
2020-12-09 17:00:00+00:00,652.25,374.25
2020-12-09 18:00:00+00:00,771.5,410.75
2020-12-09 19:00:00+00:00,729.75,418.25
2020-12-09 20:00:00+00:00,699.0,371.25
2020-12-09 21:00:00+00:00,742.25,359.5
2020-12-09 22:00:00+00:00,795.75,351.25
2020-12-09 23:00:00+00:00,786.75,351.5
2020-12-10 00:00:00+00:00,708.75,317.75
2020-12-10 01:00:00+00:00,603.75,288.25
2020-12-10 02:00:00+00:00,593.25,302.75
2020-12-10 03:00:00+00:00,606.5,318.25
2020-12-10 04:00:00+00:00,643.25,306.0
2020-12-10 05:00:00+00:00,621.5,288.25
2020-12-10 06:00:00+00:00,584.0,228.75
2020-12-10 07:00:00+00:00,455.0,224.25
2020-12-10 08:00:00+00:00,454.0,213.5
2020-12-10 09:00:00+00:00,453.75,204.75
2020-12-10 10:00:00+00:00,386.5,185.25
2020-12-10 11:00:00+00:00,390.0,170.25
2020-12-10 12:00:00+00:00,298.25,158.0
2020-12-10 13:00:00+00:00,202.25,155.5
2020-12-10 14:00:00+00:00,172.25,154.25
2020-12-10 15:00:00+00:00,233.25,205.5
2020-12-10 16:00:00+00:00,469.5,314.25
2020-12-10 17:00:00+00:00,618.5,430.25
2020-12-10 18:00:00+00:00,812.0,429.5
2020-12-10 19:00:00+00:00,996.75,429.75
2020-12-10 20:00:00+00:00,1082.75,467.0
2020-12-10 21:00:00+00:00,1129.0,472.75
2020-12-10 22:00:00+00:00,1176.5,465.25
2020-12-10 23:00:00+00:00,1176.25,521.5
2020-12-11 00:00:00+00:00,1182.75,565.75
2020-12-11 01:00:00+00:00,1276.25,652.25
2020-12-11 02:00:00+00:00,1328.75,756.25
2020-12-11 03:00:00+00:00,1461.75,780.75
2020-12-11 04:00:00+00:00,1460.0,918.75
2020-12-11 05:00:00+00:00,1452.75,966.5
2020-12-11 06:00:00+00:00,1413.5,931.0
2020-12-11 07:00:00+00:00,1372.0,843.75
2020-12-11 08:00:00+00:00,1295.75,911.5
2020-12-11 09:00:00+00:00,1172.75,888.0
2020-12-11 10:00:00+00:00,1347.75,782.5
2020-12-11 11:00:00+00:00,1303.25,745.0
2020-12-11 12:00:00+00:00,1285.75,718.75
2020-12-11 13:00:00+00:00,1273.75,707.25
2020-12-11 14:00:00+00:00,1150.0,696.0
2020-12-11 15:00:00+00:00,986.5,674.25
2020-12-11 16:00:00+00:00,883.75,618.5
2020-12-11 17:00:00+00:00,864.25,585.5
2020-12-11 18:00:00+00:00,839.0,491.0
2020-12-11 19:00:00+00:00,771.25,475.25
2020-12-11 20:00:00+00:00,692.0,446.5
2020-12-11 21:00:00+00:00,632.75,392.75
2020-12-11 22:00:00+00:00,613.0,357.5
2020-12-11 23:00:00+00:00,592.25,318.25
2020-12-12 00:00:00+00:00,542.5,314.75
2020-12-12 01:00:00+00:00,440.75,310.75
2020-12-12 02:00:00+00:00,423.0,256.25
2020-12-12 03:00:00+00:00,410.5,217.75
2020-12-12 04:00:00+00:00,358.25,199.0
2020-12-12 05:00:00+00:00,338.25,197.25
2020-12-12 06:00:00+00:00,336.25,202.0
2020-12-12 07:00:00+00:00,328.0,192.75
2020-12-12 08:00:00+00:00,341.0,174.25
2020-12-12 09:00:00+00:00,336.5,167.5
2020-12-12 10:00:00+00:00,309.25,167.25
2020-12-12 11:00:00+00:00,299.75,173.5
2020-12-12 12:00:00+00:00,258.0,185.75
2020-12-12 13:00:00+00:00,198.5,203.25
2020-12-12 14:00:00+00:00,208.25,197.0
2020-12-12 15:00:00+00:00,173.5,181.75
2020-12-12 16:00:00+00:00,175.25,196.0
2020-12-12 17:00:00+00:00,166.25,195.5
2020-12-12 18:00:00+00:00,196.75,188.0
2020-12-12 19:00:00+00:00,229.0,164.75
2020-12-12 20:00:00+00:00,290.25,163.5
2020-12-12 21:00:00+00:00,207.5,174.75
2020-12-12 22:00:00+00:00,137.25,183.0
2020-12-12 23:00:00+00:00,154.25,189.25
2020-12-13 00:00:00+00:00,241.0,211.0
2020-12-13 01:00:00+00:00,168.0,225.5
2020-12-13 02:00:00+00:00,164.25,194.0
2020-12-13 03:00:00+00:00,169.25,205.75
2020-12-13 04:00:00+00:00,117.5,255.0
2020-12-13 05:00:00+00:00,118.75,216.75
2020-12-13 06:00:00+00:00,181.25,245.25
2020-12-13 07:00:00+00:00,196.0,282.5
2020-12-13 08:00:00+00:00,241.5,317.75
2020-12-13 09:00:00+00:00,402.25,340.25
2020-12-13 10:00:00+00:00,516.5,417.25
2020-12-13 11:00:00+00:00,566.0,437.75
2020-12-13 12:00:00+00:00,766.25,453.0
2020-12-13 13:00:00+00:00,987.5,526.25
2020-12-13 14:00:00+00:00,1230.5,609.0
2020-12-13 15:00:00+00:00,1334.0,782.5
2020-12-13 16:00:00+00:00,1487.5,961.25
2020-12-13 17:00:00+00:00,1567.0,1098.0
2020-12-13 18:00:00+00:00,1575.75,1174.25
2020-12-13 19:00:00+00:00,1576.5,1226.0
2020-12-13 20:00:00+00:00,1578.0,1245.75
2020-12-13 21:00:00+00:00,1573.75,1316.75
2020-12-13 22:00:00+00:00,1574.0,1346.5
2020-12-13 23:00:00+00:00,1572.75,1329.75
2020-12-14 00:00:00+00:00,1571.0,1302.25
2020-12-14 01:00:00+00:00,1552.0,1246.25
2020-12-14 02:00:00+00:00,1531.0,1241.0
2020-12-14 03:00:00+00:00,1569.0,1245.5
2020-12-14 04:00:00+00:00,1556.5,1193.25
2020-12-14 05:00:00+00:00,1559.0,1203.75
2020-12-14 06:00:00+00:00,1569.0,1233.25
2020-12-14 07:00:00+00:00,1570.75,1278.0
2020-12-14 08:00:00+00:00,1565.0,1299.0
2020-12-14 09:00:00+00:00,1561.0,1279.0
2020-12-14 10:00:00+00:00,1528.25,1189.75
2020-12-14 11:00:00+00:00,1520.25,1168.25
2020-12-14 12:00:00+00:00,1507.75,1036.25
2020-12-14 13:00:00+00:00,1487.0,905.25
2020-12-14 14:00:00+00:00,1367.25,761.0
2020-12-14 15:00:00+00:00,1313.0,744.25
2020-12-14 16:00:00+00:00,1481.0,739.0
2020-12-14 17:00:00+00:00,1424.0,752.25
2020-12-14 18:00:00+00:00,1359.75,707.25
2020-12-14 19:00:00+00:00,1308.5,676.0
2020-12-14 20:00:00+00:00,1311.0,692.0
2020-12-14 21:00:00+00:00,1427.0,693.5
2020-12-14 22:00:00+00:00,1315.75,685.25
2020-12-14 23:00:00+00:00,1250.0,699.25
2020-12-15 00:00:00+00:00,1191.0,736.5
2020-12-15 01:00:00+00:00,1173.0,728.25
2020-12-15 02:00:00+00:00,1269.75,722.25
2020-12-15 03:00:00+00:00,1058.5,719.0
2020-12-15 04:00:00+00:00,1021.75,647.75
2020-12-15 05:00:00+00:00,944.25,549.75
2020-12-15 06:00:00+00:00,862.0,490.75
2020-12-15 07:00:00+00:00,672.5,444.25
2020-12-15 08:00:00+00:00,471.0,381.75
2020-12-15 09:00:00+00:00,290.75,372.75
2020-12-15 10:00:00+00:00,269.0,327.5
2020-12-15 11:00:00+00:00,282.0,310.0
2020-12-15 12:00:00+00:00,312.75,279.5
2020-12-15 13:00:00+00:00,337.0,293.0
2020-12-15 14:00:00+00:00,429.5,291.0
2020-12-15 15:00:00+00:00,526.25,304.0
2020-12-15 16:00:00+00:00,608.25,365.25
2020-12-15 17:00:00+00:00,715.75,445.25
2020-12-15 18:00:00+00:00,737.75,473.75
2020-12-15 19:00:00+00:00,710.75,478.75
2020-12-15 20:00:00+00:00,735.5,554.0
2020-12-15 21:00:00+00:00,720.25,595.75
2020-12-15 22:00:00+00:00,564.5,514.75
2020-12-15 23:00:00+00:00,565.5,457.0
2020-12-16 00:00:00+00:00,491.25,387.0
2020-12-16 01:00:00+00:00,421.75,350.25
2020-12-16 02:00:00+00:00,467.25,339.5
2020-12-16 03:00:00+00:00,482.0,387.0
2020-12-16 04:00:00+00:00,493.75,421.0
2020-12-16 05:00:00+00:00,731.5,391.75
2020-12-16 06:00:00+00:00,980.25,400.25
2020-12-16 07:00:00+00:00,1188.5,459.0
2020-12-16 08:00:00+00:00,1335.0,468.75
2020-12-16 09:00:00+00:00,1312.75,455.5
2020-12-16 10:00:00+00:00,1088.75,378.25
2020-12-16 11:00:00+00:00,961.25,349.75
2020-12-16 12:00:00+00:00,887.0,337.25
2020-12-16 13:00:00+00:00,846.0,353.25
2020-12-16 14:00:00+00:00,1001.5,449.0
2020-12-16 15:00:00+00:00,1234.5,587.75
2020-12-16 16:00:00+00:00,1408.5,760.25
2020-12-16 17:00:00+00:00,1494.75,939.5
2020-12-16 18:00:00+00:00,1517.5,964.25
2020-12-16 19:00:00+00:00,1464.0,931.0
2020-12-16 20:00:00+00:00,1510.5,900.5
2020-12-16 21:00:00+00:00,1534.75,899.25
2020-12-16 22:00:00+00:00,1476.0,840.25
2020-12-16 23:00:00+00:00,1266.25,787.5
2020-12-17 00:00:00+00:00,1094.25,827.5
2020-12-17 01:00:00+00:00,872.75,789.75
2020-12-17 02:00:00+00:00,821.0,634.5
2020-12-17 03:00:00+00:00,892.25,569.0
2020-12-17 04:00:00+00:00,912.25,530.25
2020-12-17 05:00:00+00:00,1089.0,600.5
2020-12-17 06:00:00+00:00,1232.25,652.5
2020-12-17 07:00:00+00:00,1357.25,842.5
2020-12-17 08:00:00+00:00,1309.5,889.25
2020-12-17 09:00:00+00:00,1242.75,1030.0
2020-12-17 10:00:00+00:00,1398.75,1084.25
2020-12-17 11:00:00+00:00,1376.75,1114.75
2020-12-17 12:00:00+00:00,1301.5,1135.75
2020-12-17 13:00:00+00:00,1295.0,1098.0
2020-12-17 14:00:00+00:00,1192.25,1076.25
2020-12-17 15:00:00+00:00,1262.0,995.75
2020-12-17 16:00:00+00:00,1206.0,1009.75
2020-12-17 17:00:00+00:00,1207.25,1010.75
2020-12-17 18:00:00+00:00,1226.75,1044.75
2020-12-17 19:00:00+00:00,1352.25,1044.0
2020-12-17 20:00:00+00:00,1367.75,1062.0
2020-12-17 21:00:00+00:00,1435.5,1022.25
2020-12-17 22:00:00+00:00,1395.25,1022.25
2020-12-17 23:00:00+00:00,1377.75,1034.75
2020-12-18 00:00:00+00:00,1406.5,1024.0
2020-12-18 01:00:00+00:00,1385.25,997.25
2020-12-18 02:00:00+00:00,1447.25,1012.25
2020-12-18 03:00:00+00:00,1504.0,1032.0
2020-12-18 04:00:00+00:00,1566.5,1114.0
2020-12-18 05:00:00+00:00,1565.5,1176.25
2020-12-18 06:00:00+00:00,1569.0,1211.25
2020-12-18 07:00:00+00:00,1568.25,1262.5
2020-12-18 08:00:00+00:00,1568.5,1272.0
2020-12-18 09:00:00+00:00,1567.0,1217.25
2020-12-18 10:00:00+00:00,1567.0,1225.5
2020-12-18 11:00:00+00:00,1565.25,1152.25
2020-12-18 12:00:00+00:00,1565.75,1053.5
2020-12-18 13:00:00+00:00,1567.5,1008.0
2020-12-18 14:00:00+00:00,1573.5,1082.75
2020-12-18 15:00:00+00:00,1540.5,1137.0
2020-12-18 16:00:00+00:00,1568.75,1161.5
2020-12-18 17:00:00+00:00,1565.75,1260.0
2020-12-18 18:00:00+00:00,1562.75,1316.75
2020-12-18 19:00:00+00:00,1550.75,1253.5
2020-12-18 20:00:00+00:00,1531.5,1139.75
2020-12-18 21:00:00+00:00,1551.75,1136.25
2020-12-18 22:00:00+00:00,1561.25,1171.25
2020-12-18 23:00:00+00:00,1552.0,1139.5
2020-12-19 00:00:00+00:00,1563.0,1154.75
2020-12-19 01:00:00+00:00,1557.5,1202.0
2020-12-19 02:00:00+00:00,1559.5,1170.25
2020-12-19 03:00:00+00:00,1564.0,1219.25
2020-12-19 04:00:00+00:00,1568.25,1215.25
2020-12-19 05:00:00+00:00,1562.25,1222.25
2020-12-19 06:00:00+00:00,1555.75,1269.25
2020-12-19 07:00:00+00:00,1551.5,1291.25
2020-12-19 08:00:00+00:00,1553.75,1346.0
2020-12-19 09:00:00+00:00,1554.25,1325.0
2020-12-19 10:00:00+00:00,1551.75,1361.25
2020-12-19 11:00:00+00:00,1555.75,1280.25
2020-12-19 12:00:00+00:00,1549.0,1291.25
2020-12-19 13:00:00+00:00,1561.75,1256.25
2020-12-19 14:00:00+00:00,1567.0,1160.75
2020-12-19 15:00:00+00:00,1575.5,1152.0
2020-12-19 16:00:00+00:00,1561.5,1211.0
2020-12-19 17:00:00+00:00,1538.5,1169.75
2020-12-19 18:00:00+00:00,1562.75,1125.25
2020-12-19 19:00:00+00:00,1580.25,1156.75
2020-12-19 20:00:00+00:00,1578.0,1218.5
2020-12-19 21:00:00+00:00,1569.0,1195.25
2020-12-19 22:00:00+00:00,1523.0,1129.0
2020-12-19 23:00:00+00:00,1448.5,1061.5
2020-12-20 00:00:00+00:00,1272.0,1144.25
2020-12-20 01:00:00+00:00,1184.0,1044.5
2020-12-20 02:00:00+00:00,1336.5,884.75
2020-12-20 03:00:00+00:00,1496.0,777.75
2020-12-20 04:00:00+00:00,1492.75,797.5
2020-12-20 05:00:00+00:00,1473.0,841.25
2020-12-20 06:00:00+00:00,1473.0,881.0
2020-12-20 07:00:00+00:00,1458.25,889.25
2020-12-20 08:00:00+00:00,1379.0,859.0
2020-12-20 09:00:00+00:00,1377.0,870.75
2020-12-20 10:00:00+00:00,1329.0,829.5
2020-12-20 11:00:00+00:00,1295.5,785.75
2020-12-20 12:00:00+00:00,1310.5,768.5
2020-12-20 13:00:00+00:00,1260.5,764.5
2020-12-20 14:00:00+00:00,1402.5,738.5
2020-12-20 15:00:00+00:00,1502.25,723.25
2020-12-20 16:00:00+00:00,1531.0,775.5
2020-12-20 17:00:00+00:00,1538.25,929.0
2020-12-20 18:00:00+00:00,1539.75,981.25
2020-12-20 19:00:00+00:00,1556.0,1063.25
2020-12-20 20:00:00+00:00,1548.0,1090.75
2020-12-20 21:00:00+00:00,1514.5,1084.0
2020-12-20 22:00:00+00:00,1400.75,1070.25
2020-12-20 23:00:00+00:00,1196.5,1023.0
2020-12-21 00:00:00+00:00,1053.5,975.5
2020-12-21 01:00:00+00:00,1029.75,848.25
2020-12-21 02:00:00+00:00,1000.75,786.25
2020-12-21 03:00:00+00:00,873.25,771.5
2020-12-21 04:00:00+00:00,928.25,779.25
2020-12-21 05:00:00+00:00,1077.75,786.0
2020-12-21 06:00:00+00:00,1115.25,772.5
2020-12-21 07:00:00+00:00,1279.5,790.0
2020-12-21 08:00:00+00:00,1434.0,851.75
2020-12-21 09:00:00+00:00,1432.0,920.0
2020-12-21 10:00:00+00:00,1492.5,1000.5
2020-12-21 11:00:00+00:00,1514.75,1084.5
2020-12-21 12:00:00+00:00,1553.75,1173.5
2020-12-21 13:00:00+00:00,1547.75,1282.25
2020-12-21 14:00:00+00:00,1541.0,1374.25
2020-12-21 15:00:00+00:00,1562.0,1430.0
2020-12-21 16:00:00+00:00,1569.0,1414.75
2020-12-21 17:00:00+00:00,1572.75,1377.25
2020-12-21 18:00:00+00:00,1575.5,1383.5
2020-12-21 19:00:00+00:00,1572.75,1443.5
2020-12-21 20:00:00+00:00,1569.0,1437.25
2020-12-21 21:00:00+00:00,1574.0,1391.25
2020-12-21 22:00:00+00:00,1576.0,1408.5
2020-12-21 23:00:00+00:00,1569.25,1449.0
2020-12-22 00:00:00+00:00,1574.5,1539.75
2020-12-22 01:00:00+00:00,1568.25,1521.75
2020-12-22 02:00:00+00:00,1556.5,1539.5
2020-12-22 03:00:00+00:00,1496.75,1516.25
2020-12-22 04:00:00+00:00,1338.5,1503.0
2020-12-22 05:00:00+00:00,1169.25,1458.75
2020-12-22 06:00:00+00:00,1274.25,1377.5
2020-12-22 07:00:00+00:00,1289.75,1412.5
2020-12-22 08:00:00+00:00,847.5,1388.0
2020-12-22 09:00:00+00:00,552.25,918.0
2020-12-22 10:00:00+00:00,519.75,629.75
2020-12-22 11:00:00+00:00,507.0,442.75
2020-12-22 12:00:00+00:00,425.75,280.5
2020-12-22 13:00:00+00:00,253.5,198.0
2020-12-22 14:00:00+00:00,200.0,183.75
2020-12-22 15:00:00+00:00,120.75,120.25
2020-12-22 16:00:00+00:00,54.0,91.5
2020-12-22 17:00:00+00:00,35.0,88.25
2020-12-22 18:00:00+00:00,37.25,98.5
2020-12-22 19:00:00+00:00,25.75,113.0
2020-12-22 20:00:00+00:00,23.75,114.5
2020-12-22 21:00:00+00:00,29.0,107.0
2020-12-22 22:00:00+00:00,58.25,115.25
2020-12-22 23:00:00+00:00,128.25,136.75
2020-12-23 00:00:00+00:00,136.0,144.0
2020-12-23 01:00:00+00:00,97.5,169.5
2020-12-23 02:00:00+00:00,117.75,225.0
2020-12-23 03:00:00+00:00,192.75,264.25
2020-12-23 04:00:00+00:00,274.0,333.5
2020-12-23 05:00:00+00:00,607.5,430.25
2020-12-23 06:00:00+00:00,345.0,429.75
2020-12-23 07:00:00+00:00,385.5,395.5
2020-12-23 08:00:00+00:00,371.0,362.75
2020-12-23 09:00:00+00:00,597.75,345.5
2020-12-23 10:00:00+00:00,811.25,440.25
2020-12-23 11:00:00+00:00,514.0,487.75
2020-12-23 12:00:00+00:00,446.5,379.0
2020-12-23 13:00:00+00:00,553.75,358.5
2020-12-23 14:00:00+00:00,1041.75,471.5
2020-12-23 15:00:00+00:00,1157.75,609.0
2020-12-23 16:00:00+00:00,1176.0,667.5
2020-12-23 17:00:00+00:00,1163.5,723.0
2020-12-23 18:00:00+00:00,1044.0,734.0
2020-12-23 19:00:00+00:00,1113.75,620.75
2020-12-23 20:00:00+00:00,1167.0,560.0
2020-12-23 21:00:00+00:00,1117.5,693.25
2020-12-23 22:00:00+00:00,1308.25,675.75
2020-12-23 23:00:00+00:00,1300.75,827.0
2020-12-24 00:00:00+00:00,1289.25,767.5
2020-12-24 01:00:00+00:00,1289.0,719.25
2020-12-24 02:00:00+00:00,1057.0,849.0
2020-12-24 03:00:00+00:00,1503.5,775.0
2020-12-24 04:00:00+00:00,1506.5,683.5
2020-12-24 05:00:00+00:00,1385.75,648.25
2020-12-24 06:00:00+00:00,1434.0,672.0
2020-12-24 07:00:00+00:00,1455.5,556.25
2020-12-24 08:00:00+00:00,1483.5,520.5
2020-12-24 09:00:00+00:00,1514.75,601.5
2020-12-24 10:00:00+00:00,1541.5,569.0
2020-12-24 11:00:00+00:00,1561.25,579.75
2020-12-24 12:00:00+00:00,1575.5,689.75
2020-12-24 13:00:00+00:00,1563.0,838.5
2020-12-24 14:00:00+00:00,1539.0,934.5
2020-12-24 15:00:00+00:00,1576.75,998.0
2020-12-24 16:00:00+00:00,1585.75,1078.0
2020-12-24 17:00:00+00:00,1585.5,993.25
2020-12-24 18:00:00+00:00,1554.0,930.5
2020-12-24 19:00:00+00:00,1568.75,873.0
2020-12-24 20:00:00+00:00,1498.5,813.25
2020-12-24 21:00:00+00:00,1490.0,739.75
2020-12-24 22:00:00+00:00,1351.25,745.5
2020-12-24 23:00:00+00:00,1288.75,676.25
2020-12-25 00:00:00+00:00,1170.5,531.0
2020-12-25 01:00:00+00:00,1075.75,411.75
2020-12-25 02:00:00+00:00,958.0,352.0
2020-12-25 03:00:00+00:00,1116.25,397.75
2020-12-25 04:00:00+00:00,1346.75,518.25
2020-12-25 05:00:00+00:00,1473.25,565.25
2020-12-25 06:00:00+00:00,1369.75,428.5
2020-12-25 07:00:00+00:00,1271.75,440.0
2020-12-25 08:00:00+00:00,1186.5,405.5
2020-12-25 09:00:00+00:00,1167.25,284.75
2020-12-25 10:00:00+00:00,843.25,249.25
2020-12-25 11:00:00+00:00,745.5,244.5
2020-12-25 12:00:00+00:00,788.75,289.5
2020-12-25 13:00:00+00:00,721.0,268.5
2020-12-25 14:00:00+00:00,794.0,270.5
2020-12-25 15:00:00+00:00,972.25,308.5
2020-12-25 16:00:00+00:00,913.5,335.75
2020-12-25 17:00:00+00:00,856.75,328.0
2020-12-25 18:00:00+00:00,578.25,220.75
2020-12-25 19:00:00+00:00,476.5,152.25
2020-12-25 20:00:00+00:00,417.5,108.75
2020-12-25 21:00:00+00:00,424.25,130.0
2020-12-25 22:00:00+00:00,530.5,197.5
2020-12-25 23:00:00+00:00,741.5,348.25
2020-12-26 00:00:00+00:00,710.0,452.25
2020-12-26 01:00:00+00:00,822.5,471.0
2020-12-26 02:00:00+00:00,673.75,437.0
2020-12-26 03:00:00+00:00,931.0,541.25
2020-12-26 04:00:00+00:00,1189.25,656.0
2020-12-26 05:00:00+00:00,1577.5,787.5
2020-12-26 06:00:00+00:00,1522.5,921.5
2020-12-26 07:00:00+00:00,1388.75,935.5
2020-12-26 08:00:00+00:00,1347.0,993.75
2020-12-26 09:00:00+00:00,1504.0,995.75
2020-12-26 10:00:00+00:00,1709.5,1105.5
2020-12-26 11:00:00+00:00,1563.5,1263.0
2020-12-26 12:00:00+00:00,1559.75,1357.0
2020-12-26 13:00:00+00:00,1562.75,1444.25
2020-12-26 14:00:00+00:00,1568.0,1491.0
2020-12-26 15:00:00+00:00,1567.0,1520.25
2020-12-26 16:00:00+00:00,1570.25,1555.5
2020-12-26 17:00:00+00:00,1567.0,1587.25
2020-12-26 18:00:00+00:00,1555.5,1613.25
2020-12-26 19:00:00+00:00,1559.0,1625.25
2020-12-26 20:00:00+00:00,1550.75,1637.0
2020-12-26 21:00:00+00:00,1649.0,1642.5
2020-12-26 22:00:00+00:00,1436.0,1654.25
2020-12-26 23:00:00+00:00,1285.5,1653.75
2020-12-27 00:00:00+00:00,1075.25,1655.25
2020-12-27 01:00:00+00:00,952.75,1647.75
2020-12-27 02:00:00+00:00,793.5,1493.0
2020-12-27 03:00:00+00:00,697.5,1426.25
2020-12-27 04:00:00+00:00,550.5,1590.25
2020-12-27 05:00:00+00:00,284.75,1604.0
2020-12-27 06:00:00+00:00,217.25,1541.5
2020-12-27 07:00:00+00:00,147.5,1460.5
2020-12-27 08:00:00+00:00,57.75,1496.0
2020-12-27 09:00:00+00:00,59.25,1493.0
2020-12-27 10:00:00+00:00,753.25,1501.5
2020-12-27 11:00:00+00:00,1240.5,1563.5
2020-12-27 12:00:00+00:00,1413.75,1528.0
2020-12-27 13:00:00+00:00,999.5,1436.25
2020-12-27 14:00:00+00:00,560.25,1352.25
2020-12-27 15:00:00+00:00,386.25,1151.75
2020-12-27 16:00:00+00:00,270.75,898.25
2020-12-27 17:00:00+00:00,323.75,703.5
2020-12-27 18:00:00+00:00,487.25,590.5
2020-12-27 19:00:00+00:00,305.5,464.75
2020-12-27 20:00:00+00:00,340.0,413.25
2020-12-27 21:00:00+00:00,298.0,338.5
2020-12-27 22:00:00+00:00,189.75,309.25
2020-12-27 23:00:00+00:00,130.75,303.5
2020-12-28 00:00:00+00:00,268.75,294.5
2020-12-28 01:00:00+00:00,348.5,289.25
2020-12-28 02:00:00+00:00,341.0,321.5
2020-12-28 03:00:00+00:00,324.0,359.75
2020-12-28 04:00:00+00:00,433.5,298.0
2020-12-28 05:00:00+00:00,518.75,259.0
2020-12-28 06:00:00+00:00,603.5,251.75
2020-12-28 07:00:00+00:00,707.5,305.75
2020-12-28 08:00:00+00:00,623.0,294.0
2020-12-28 09:00:00+00:00,579.25,251.75
2020-12-28 10:00:00+00:00,679.75,238.75
2020-12-28 11:00:00+00:00,554.75,182.5
2020-12-28 12:00:00+00:00,462.0,187.5
2020-12-28 13:00:00+00:00,289.0,137.75
2020-12-28 14:00:00+00:00,219.75,144.75
2020-12-28 15:00:00+00:00,239.25,180.75
2020-12-28 16:00:00+00:00,305.25,205.5
2020-12-28 17:00:00+00:00,198.75,273.75
2020-12-28 18:00:00+00:00,146.75,351.25
2020-12-28 19:00:00+00:00,146.75,360.25
2020-12-28 20:00:00+00:00,110.5,273.5
2020-12-28 21:00:00+00:00,78.25,144.0
2020-12-28 22:00:00+00:00,76.25,93.25
2020-12-28 23:00:00+00:00,53.0,92.0
2020-12-29 00:00:00+00:00,24.75,93.0
2020-12-29 01:00:00+00:00,46.5,91.5
2020-12-29 02:00:00+00:00,64.0,99.25
2020-12-29 03:00:00+00:00,86.5,112.0
2020-12-29 04:00:00+00:00,119.25,111.75
2020-12-29 05:00:00+00:00,150.75,100.5
2020-12-29 06:00:00+00:00,235.25,111.0
2020-12-29 07:00:00+00:00,346.25,125.75
2020-12-29 08:00:00+00:00,281.75,140.75
2020-12-29 09:00:00+00:00,283.25,176.75
2020-12-29 10:00:00+00:00,299.75,253.75
2020-12-29 11:00:00+00:00,336.0,317.75
2020-12-29 12:00:00+00:00,273.0,355.5
2020-12-29 13:00:00+00:00,238.5,396.25
2020-12-29 14:00:00+00:00,276.0,461.25
2020-12-29 15:00:00+00:00,185.25,480.25
2020-12-29 16:00:00+00:00,229.0,458.5
2020-12-29 17:00:00+00:00,263.5,404.0
2020-12-29 18:00:00+00:00,279.25,438.75
2020-12-29 19:00:00+00:00,309.0,498.5
2020-12-29 20:00:00+00:00,213.0,575.75
2020-12-29 21:00:00+00:00,423.75,544.25
2020-12-29 22:00:00+00:00,315.5,590.25
2020-12-29 23:00:00+00:00,417.75,664.75
2020-12-30 00:00:00+00:00,530.25,683.25
2020-12-30 01:00:00+00:00,577.0,579.0
2020-12-30 02:00:00+00:00,618.5,528.5
2020-12-30 03:00:00+00:00,625.25,616.25
2020-12-30 04:00:00+00:00,666.5,529.0
2020-12-30 05:00:00+00:00,716.0,570.75
2020-12-30 06:00:00+00:00,742.75,530.5
2020-12-30 07:00:00+00:00,554.75,499.0
2020-12-30 08:00:00+00:00,609.0,556.0
2020-12-30 09:00:00+00:00,404.25,562.0
2020-12-30 10:00:00+00:00,495.0,566.5
2020-12-30 11:00:00+00:00,566.5,616.5
2020-12-30 12:00:00+00:00,653.25,663.0
2020-12-30 13:00:00+00:00,763.0,757.25
2020-12-30 14:00:00+00:00,612.75,685.25
2020-12-30 15:00:00+00:00,575.75,610.75
2020-12-30 16:00:00+00:00,535.25,559.75
2020-12-30 17:00:00+00:00,560.0,722.5
2020-12-30 18:00:00+00:00,573.25,696.25
2020-12-30 19:00:00+00:00,609.5,641.75
2020-12-30 20:00:00+00:00,649.75,662.5
2020-12-30 21:00:00+00:00,625.0,645.5
2020-12-30 22:00:00+00:00,510.0,561.75
2020-12-30 23:00:00+00:00,404.75,543.75
2020-12-31 00:00:00+00:00,410.0,496.0
2020-12-31 01:00:00+00:00,386.0,365.75
2020-12-31 02:00:00+00:00,383.0,280.75
2020-12-31 03:00:00+00:00,303.25,223.25
2020-12-31 04:00:00+00:00,272.5,218.75
2020-12-31 05:00:00+00:00,363.75,199.5
2020-12-31 06:00:00+00:00,246.5,174.5
2020-12-31 07:00:00+00:00,245.25,135.75
2020-12-31 08:00:00+00:00,358.75,127.0
2020-12-31 09:00:00+00:00,416.25,116.25
2020-12-31 10:00:00+00:00,257.0,112.0
2020-12-31 11:00:00+00:00,286.0,104.0
2020-12-31 12:00:00+00:00,444.25,99.75
2020-12-31 13:00:00+00:00,479.25,105.0
2020-12-31 14:00:00+00:00,335.5,107.0
2020-12-31 15:00:00+00:00,394.0,104.75
2020-12-31 16:00:00+00:00,332.25,106.5
2020-12-31 17:00:00+00:00,317.0,82.25
2020-12-31 18:00:00+00:00,267.5,93.25
2020-12-31 19:00:00+00:00,233.5,80.5
2020-12-31 20:00:00+00:00,250.75,130.75
2020-12-31 21:00:00+00:00,152.75,150.5
2020-12-31 22:00:00+00:00,117.25,144.75
