Timestamp (UTC),Wind_Offshore_MW,Wind_Onshore_MW
2018-12-31 23:00:00+00:00,794.0,670.0
2019-01-01 00:00:00+00:00,794.5,693.0
2019-01-01 01:00:00+00:00,803.0,734.75
2019-01-01 02:00:00+00:00,822.5,778.0
2019-01-01 03:00:00+00:00,821.0,804.5
2019-01-01 04:00:00+00:00,819.75,854.25
2019-01-01 05:00:00+00:00,818.75,854.5
2019-01-01 06:00:00+00:00,821.25,842.75
2019-01-01 07:00:00+00:00,801.25,802.75
2019-01-01 08:00:00+00:00,778.0,619.0
2019-01-01 09:00:00+00:00,716.75,702.75
2019-01-01 10:00:00+00:00,732.0,749.0
2019-01-01 11:00:00+00:00,765.25,722.75
2019-01-01 12:00:00+00:00,816.0,728.0
2019-01-01 13:00:00+00:00,810.0,793.75
2019-01-01 14:00:00+00:00,810.5,822.5
2019-01-01 15:00:00+00:00,810.75,858.75
2019-01-01 16:00:00+00:00,807.75,877.5
2019-01-01 17:00:00+00:00,812.5,880.5
2019-01-01 18:00:00+00:00,781.0,880.25
2019-01-01 19:00:00+00:00,772.5,882.5
2019-01-01 20:00:00+00:00,781.5,894.75
2019-01-01 21:00:00+00:00,788.25,879.25
2019-01-01 22:00:00+00:00,794.0,859.5
2019-01-01 23:00:00+00:00,783.75,829.5
2019-01-02 00:00:00+00:00,811.25,851.75
2019-01-02 01:00:00+00:00,820.25,848.5
2019-01-02 02:00:00+00:00,821.25,865.0
2019-01-02 03:00:00+00:00,821.25,822.75
2019-01-02 04:00:00+00:00,823.5,803.25
2019-01-02 05:00:00+00:00,819.5,727.5
2019-01-02 06:00:00+00:00,814.5,793.0
2019-01-02 07:00:00+00:00,821.75,633.25
2019-01-02 08:00:00+00:00,820.0,516.25
2019-01-02 09:00:00+00:00,802.25,484.75
2019-01-02 10:00:00+00:00,794.25,441.0
2019-01-02 11:00:00+00:00,758.25,444.0
2019-01-02 12:00:00+00:00,720.75,355.0
2019-01-02 13:00:00+00:00,692.5,254.0
2019-01-02 14:00:00+00:00,565.5,301.25
2019-01-02 15:00:00+00:00,514.25,273.5
2019-01-02 16:00:00+00:00,381.75,231.5
2019-01-02 17:00:00+00:00,352.25,259.25
2019-01-02 18:00:00+00:00,298.5,276.25
2019-01-02 19:00:00+00:00,325.25,277.0
2019-01-02 20:00:00+00:00,314.25,218.0
2019-01-02 21:00:00+00:00,347.75,211.0
2019-01-02 22:00:00+00:00,445.25,251.25
2019-01-02 23:00:00+00:00,350.5,244.25
2019-01-03 00:00:00+00:00,506.75,233.25
2019-01-03 01:00:00+00:00,511.25,268.75
2019-01-03 02:00:00+00:00,429.75,218.0
2019-01-03 03:00:00+00:00,408.5,209.25
2019-01-03 04:00:00+00:00,344.0,196.5
2019-01-03 05:00:00+00:00,378.25,184.75
2019-01-03 06:00:00+00:00,424.0,189.0
2019-01-03 07:00:00+00:00,423.0,189.5
2019-01-03 08:00:00+00:00,461.25,197.0
2019-01-03 09:00:00+00:00,444.0,193.0
2019-01-03 10:00:00+00:00,450.5,160.0
2019-01-03 11:00:00+00:00,355.5,168.5
2019-01-03 12:00:00+00:00,353.5,178.25
2019-01-03 13:00:00+00:00,280.75,157.25
2019-01-03 14:00:00+00:00,249.0,185.75
2019-01-03 15:00:00+00:00,254.5,237.5
2019-01-03 16:00:00+00:00,189.5,205.5
2019-01-03 17:00:00+00:00,210.0,180.75
2019-01-03 18:00:00+00:00,220.25,210.0
2019-01-03 19:00:00+00:00,283.0,204.25
2019-01-03 20:00:00+00:00,278.5,189.75
2019-01-03 21:00:00+00:00,206.25,160.5
2019-01-03 22:00:00+00:00,186.5,133.0
2019-01-03 23:00:00+00:00,198.25,142.5
2019-01-04 00:00:00+00:00,209.5,123.5
2019-01-04 01:00:00+00:00,369.0,135.5
2019-01-04 02:00:00+00:00,525.0,221.5
2019-01-04 03:00:00+00:00,586.5,297.0
2019-01-04 04:00:00+00:00,615.0,436.5
2019-01-04 05:00:00+00:00,663.0,404.25
2019-01-04 06:00:00+00:00,553.25,400.25
2019-01-04 07:00:00+00:00,607.25,400.5
2019-01-04 08:00:00+00:00,682.5,385.75
2019-01-04 09:00:00+00:00,695.5,500.75
2019-01-04 10:00:00+00:00,695.25,521.25
2019-01-04 11:00:00+00:00,712.5,528.75
2019-01-04 12:00:00+00:00,645.75,571.75
2019-01-04 13:00:00+00:00,675.25,495.75
2019-01-04 14:00:00+00:00,727.0,481.5
2019-01-04 15:00:00+00:00,758.25,482.25
2019-01-04 16:00:00+00:00,778.75,540.5
2019-01-04 17:00:00+00:00,775.0,594.75
2019-01-04 18:00:00+00:00,761.75,568.25
2019-01-04 19:00:00+00:00,767.75,496.25
2019-01-04 20:00:00+00:00,764.5,530.5
2019-01-04 21:00:00+00:00,726.5,585.0
2019-01-04 22:00:00+00:00,719.25,590.25
2019-01-04 23:00:00+00:00,740.0,645.75
2019-01-05 00:00:00+00:00,798.5,723.0
2019-01-05 01:00:00+00:00,815.0,737.0
2019-01-05 02:00:00+00:00,824.5,790.75
2019-01-05 03:00:00+00:00,831.0,828.5
2019-01-05 04:00:00+00:00,828.75,848.75
2019-01-05 05:00:00+00:00,829.5,874.75
2019-01-05 06:00:00+00:00,810.0,863.5
2019-01-05 07:00:00+00:00,806.5,823.75
2019-01-05 08:00:00+00:00,814.0,803.0
2019-01-05 09:00:00+00:00,816.5,797.0
2019-01-05 10:00:00+00:00,805.5,792.75
2019-01-05 11:00:00+00:00,800.25,800.0
2019-01-05 12:00:00+00:00,776.5,802.75
2019-01-05 13:00:00+00:00,782.25,780.75
2019-01-05 14:00:00+00:00,775.75,760.75
2019-01-05 15:00:00+00:00,761.75,753.75
2019-01-05 16:00:00+00:00,723.5,726.25
2019-01-05 17:00:00+00:00,713.25,706.25
2019-01-05 18:00:00+00:00,702.5,661.5
2019-01-05 19:00:00+00:00,686.0,681.5
2019-01-05 20:00:00+00:00,660.75,692.5
2019-01-05 21:00:00+00:00,675.25,601.0
2019-01-05 22:00:00+00:00,655.0,639.75
2019-01-05 23:00:00+00:00,613.0,636.5
2019-01-06 00:00:00+00:00,563.75,580.75
2019-01-06 01:00:00+00:00,535.0,549.0
2019-01-06 02:00:00+00:00,409.5,494.0
2019-01-06 03:00:00+00:00,407.5,401.5
2019-01-06 04:00:00+00:00,425.0,380.75
2019-01-06 05:00:00+00:00,334.0,340.5
2019-01-06 06:00:00+00:00,244.25,392.0
2019-01-06 07:00:00+00:00,290.0,337.0
2019-01-06 08:00:00+00:00,374.25,232.5
2019-01-06 09:00:00+00:00,359.25,223.5
2019-01-06 10:00:00+00:00,244.75,202.25
2019-01-06 11:00:00+00:00,248.25,171.25
2019-01-06 12:00:00+00:00,203.25,182.0
2019-01-06 13:00:00+00:00,246.0,196.25
2019-01-06 14:00:00+00:00,229.0,192.5
2019-01-06 15:00:00+00:00,216.25,182.75
2019-01-06 16:00:00+00:00,260.25,189.5
2019-01-06 17:00:00+00:00,340.0,185.75
2019-01-06 18:00:00+00:00,266.75,154.5
2019-01-06 19:00:00+00:00,156.5,130.75
2019-01-06 20:00:00+00:00,143.25,115.25
2019-01-06 21:00:00+00:00,196.0,105.5
2019-01-06 22:00:00+00:00,269.25,122.5
2019-01-06 23:00:00+00:00,194.75,141.0
2019-01-07 00:00:00+00:00,130.25,158.75
2019-01-07 01:00:00+00:00,161.75,175.75
2019-01-07 02:00:00+00:00,175.0,212.5
2019-01-07 03:00:00+00:00,144.5,306.5
2019-01-07 04:00:00+00:00,144.0,348.0
2019-01-07 05:00:00+00:00,211.25,349.0
2019-01-07 06:00:00+00:00,121.5,320.25
2019-01-07 07:00:00+00:00,140.5,346.5
2019-01-07 08:00:00+00:00,264.0,345.5
2019-01-07 09:00:00+00:00,476.0,427.5
2019-01-07 10:00:00+00:00,682.75,520.0
2019-01-07 11:00:00+00:00,750.25,504.0
2019-01-07 12:00:00+00:00,806.0,645.5
2019-01-07 13:00:00+00:00,828.75,804.25
2019-01-07 14:00:00+00:00,832.5,868.75
2019-01-07 15:00:00+00:00,839.75,904.75
2019-01-07 16:00:00+00:00,841.75,948.75
2019-01-07 17:00:00+00:00,839.75,942.0
2019-01-07 18:00:00+00:00,838.0,938.0
2019-01-07 19:00:00+00:00,834.5,942.5
2019-01-07 20:00:00+00:00,836.5,960.0
2019-01-07 21:00:00+00:00,834.0,950.75
2019-01-07 22:00:00+00:00,833.0,940.5
2019-01-07 23:00:00+00:00,805.5,913.5
2019-01-08 00:00:00+00:00,800.5,947.75
2019-01-08 01:00:00+00:00,771.25,951.5
2019-01-08 02:00:00+00:00,733.75,953.0
2019-01-08 03:00:00+00:00,707.25,953.5
2019-01-08 04:00:00+00:00,740.25,949.25
2019-01-08 05:00:00+00:00,747.75,950.5
2019-01-08 06:00:00+00:00,795.75,950.5
2019-01-08 07:00:00+00:00,748.25,934.0
2019-01-08 08:00:00+00:00,709.25,926.75
2019-01-08 09:00:00+00:00,727.0,933.75
2019-01-08 10:00:00+00:00,747.75,950.25
2019-01-08 11:00:00+00:00,719.25,945.0
2019-01-08 12:00:00+00:00,657.5,942.75
2019-01-08 13:00:00+00:00,650.0,933.75
2019-01-08 14:00:00+00:00,695.75,923.25
2019-01-08 15:00:00+00:00,704.0,936.5
2019-01-08 16:00:00+00:00,744.25,935.0
2019-01-08 17:00:00+00:00,811.75,925.5
2019-01-08 18:00:00+00:00,824.25,907.25
2019-01-08 19:00:00+00:00,824.75,925.0
2019-01-08 20:00:00+00:00,820.25,930.75
2019-01-08 21:00:00+00:00,811.0,923.75
2019-01-08 22:00:00+00:00,810.75,911.25
2019-01-08 23:00:00+00:00,813.5,866.0
2019-01-09 00:00:00+00:00,813.75,842.0
2019-01-09 01:00:00+00:00,813.75,825.5
2019-01-09 02:00:00+00:00,812.75,776.0
2019-01-09 03:00:00+00:00,818.25,825.25
2019-01-09 04:00:00+00:00,812.5,776.5
2019-01-09 05:00:00+00:00,811.75,769.5
2019-01-09 06:00:00+00:00,822.5,656.5
2019-01-09 07:00:00+00:00,820.25,676.25
2019-01-09 08:00:00+00:00,821.25,672.25
2019-01-09 09:00:00+00:00,812.75,591.25
2019-01-09 10:00:00+00:00,814.25,691.25
2019-01-09 11:00:00+00:00,818.75,738.25
2019-01-09 12:00:00+00:00,819.25,773.0
2019-01-09 13:00:00+00:00,821.5,779.0
2019-01-09 14:00:00+00:00,821.25,749.75
2019-01-09 15:00:00+00:00,820.25,702.25
2019-01-09 16:00:00+00:00,809.5,696.25
2019-01-09 17:00:00+00:00,798.75,671.75
2019-01-09 18:00:00+00:00,795.0,624.0
2019-01-09 19:00:00+00:00,801.5,571.75
2019-01-09 20:00:00+00:00,761.75,522.0
2019-01-09 21:00:00+00:00,697.25,456.0
2019-01-09 22:00:00+00:00,639.75,468.0
2019-01-09 23:00:00+00:00,526.75,405.5
2019-01-10 00:00:00+00:00,413.0,333.5
2019-01-10 01:00:00+00:00,281.75,271.5
2019-01-10 02:00:00+00:00,221.5,232.75
2019-01-10 03:00:00+00:00,147.75,174.0
2019-01-10 04:00:00+00:00,85.25,153.0
2019-01-10 05:00:00+00:00,31.25,120.25
2019-01-10 06:00:00+00:00,8.5,98.5
2019-01-10 07:00:00+00:00,0.75,87.25
2019-01-10 08:00:00+00:00,19.5,87.0
2019-01-10 09:00:00+00:00,33.75,85.5
2019-01-10 10:00:00+00:00,14.25,83.75
2019-01-10 11:00:00+00:00,28.75,83.5
2019-01-10 12:00:00+00:00,18.5,102.75
2019-01-10 13:00:00+00:00,29.5,99.0
2019-01-10 14:00:00+00:00,31.0,99.25
2019-01-10 15:00:00+00:00,37.5,119.75
2019-01-10 16:00:00+00:00,50.5,159.5
2019-01-10 17:00:00+00:00,81.5,186.5
2019-01-10 18:00:00+00:00,125.5,210.5
2019-01-10 19:00:00+00:00,190.0,224.25
2019-01-10 20:00:00+00:00,194.25,264.0
2019-01-10 21:00:00+00:00,196.25,311.5
2019-01-10 22:00:00+00:00,274.5,304.5
2019-01-10 23:00:00+00:00,262.0,283.75
2019-01-11 00:00:00+00:00,221.75,269.25
2019-01-11 01:00:00+00:00,333.25,196.75
2019-01-11 02:00:00+00:00,458.25,214.0
2019-01-11 03:00:00+00:00,523.5,246.75
2019-01-11 04:00:00+00:00,475.25,290.0
2019-01-11 05:00:00+00:00,556.25,332.0
2019-01-11 06:00:00+00:00,611.25,371.0
2019-01-11 07:00:00+00:00,606.5,361.5
2019-01-11 08:00:00+00:00,694.75,448.75
2019-01-11 09:00:00+00:00,612.5,490.75
2019-01-11 10:00:00+00:00,603.75,585.5
2019-01-11 11:00:00+00:00,644.75,604.0
2019-01-11 12:00:00+00:00,648.25,635.75
2019-01-11 13:00:00+00:00,651.0,705.75
2019-01-11 14:00:00+00:00,756.75,746.25
2019-01-11 15:00:00+00:00,809.25,717.0
2019-01-11 16:00:00+00:00,794.5,733.0
2019-01-11 17:00:00+00:00,786.5,666.5
2019-01-11 18:00:00+00:00,694.0,715.75
2019-01-11 19:00:00+00:00,658.75,638.75
2019-01-11 20:00:00+00:00,645.75,563.25
2019-01-11 21:00:00+00:00,627.5,546.5
2019-01-11 22:00:00+00:00,601.5,544.5
2019-01-11 23:00:00+00:00,604.5,528.5
2019-01-12 00:00:00+00:00,625.75,559.5
2019-01-12 01:00:00+00:00,628.75,556.5
2019-01-12 02:00:00+00:00,590.5,516.25
2019-01-12 03:00:00+00:00,657.0,616.5
2019-01-12 04:00:00+00:00,682.5,637.0
2019-01-12 05:00:00+00:00,714.25,664.75
2019-01-12 06:00:00+00:00,728.5,815.0
2019-01-12 07:00:00+00:00,736.0,820.5
2019-01-12 08:00:00+00:00,719.75,840.5
2019-01-12 09:00:00+00:00,648.0,887.5
2019-01-12 10:00:00+00:00,648.0,937.25
2019-01-12 11:00:00+00:00,643.5,931.0
2019-01-12 12:00:00+00:00,681.25,917.25
2019-01-12 13:00:00+00:00,703.0,887.5
2019-01-12 14:00:00+00:00,724.25,881.5
2019-01-12 15:00:00+00:00,729.75,850.25
2019-01-12 16:00:00+00:00,732.75,838.75
2019-01-12 17:00:00+00:00,733.5,850.75
2019-01-12 18:00:00+00:00,734.0,871.25
2019-01-12 19:00:00+00:00,735.0,843.75
2019-01-12 20:00:00+00:00,728.5,825.5
2019-01-12 21:00:00+00:00,726.75,809.25
2019-01-12 22:00:00+00:00,702.0,790.0
2019-01-12 23:00:00+00:00,673.5,740.5
2019-01-13 00:00:00+00:00,634.0,714.0
2019-01-13 01:00:00+00:00,630.5,622.5
2019-01-13 02:00:00+00:00,659.5,699.25
2019-01-13 03:00:00+00:00,656.5,750.25
2019-01-13 04:00:00+00:00,728.5,797.75
2019-01-13 05:00:00+00:00,734.75,906.5
2019-01-13 06:00:00+00:00,711.75,941.75
2019-01-13 07:00:00+00:00,733.5,939.25
2019-01-13 08:00:00+00:00,726.75,939.5
2019-01-13 09:00:00+00:00,733.25,935.75
2019-01-13 10:00:00+00:00,735.75,947.0
2019-01-13 11:00:00+00:00,735.0,949.0
2019-01-13 12:00:00+00:00,736.75,943.75
2019-01-13 13:00:00+00:00,729.75,947.5
2019-01-13 14:00:00+00:00,730.0,952.75
2019-01-13 15:00:00+00:00,734.25,953.5
2019-01-13 16:00:00+00:00,734.5,956.0
2019-01-13 17:00:00+00:00,733.25,958.5
2019-01-13 18:00:00+00:00,734.5,959.0
2019-01-13 19:00:00+00:00,735.0,959.75
2019-01-13 20:00:00+00:00,734.0,934.25
2019-01-13 21:00:00+00:00,730.25,926.75
2019-01-13 22:00:00+00:00,730.5,906.25
2019-01-13 23:00:00+00:00,732.0,914.25
2019-01-14 00:00:00+00:00,709.5,868.25
2019-01-14 01:00:00+00:00,725.5,767.0
2019-01-14 02:00:00+00:00,719.5,532.0
2019-01-14 03:00:00+00:00,721.5,444.75
2019-01-14 04:00:00+00:00,723.75,459.75
2019-01-14 05:00:00+00:00,666.75,561.75
2019-01-14 06:00:00+00:00,645.5,653.5
2019-01-14 07:00:00+00:00,698.0,612.75
2019-01-14 08:00:00+00:00,713.25,605.75
2019-01-14 09:00:00+00:00,718.75,584.75
2019-01-14 10:00:00+00:00,728.75,645.0
2019-01-14 11:00:00+00:00,729.0,709.0
2019-01-14 12:00:00+00:00,726.75,762.5
2019-01-14 13:00:00+00:00,721.25,646.25
2019-01-14 14:00:00+00:00,690.75,605.75
2019-01-14 15:00:00+00:00,694.5,618.25
2019-01-14 16:00:00+00:00,666.5,534.25
2019-01-14 17:00:00+00:00,686.25,564.0
2019-01-14 18:00:00+00:00,662.0,476.0
2019-01-14 19:00:00+00:00,611.25,407.25
2019-01-14 20:00:00+00:00,576.75,354.75
2019-01-14 21:00:00+00:00,507.25,343.5
2019-01-14 22:00:00+00:00,474.75,264.5
2019-01-14 23:00:00+00:00,580.0,299.0
2019-01-15 00:00:00+00:00,659.75,389.5
2019-01-15 01:00:00+00:00,729.25,519.5
2019-01-15 02:00:00+00:00,734.25,699.75
2019-01-15 03:00:00+00:00,736.0,766.25
2019-01-15 04:00:00+00:00,733.75,783.0
2019-01-15 05:00:00+00:00,728.75,731.25
2019-01-15 06:00:00+00:00,742.75,733.5
2019-01-15 07:00:00+00:00,804.75,806.0
2019-01-15 08:00:00+00:00,812.0,815.0
2019-01-15 09:00:00+00:00,802.5,846.75
2019-01-15 10:00:00+00:00,798.5,869.75
2019-01-15 11:00:00+00:00,792.0,871.25
2019-01-15 12:00:00+00:00,799.25,861.75
2019-01-15 13:00:00+00:00,800.5,844.5
2019-01-15 14:00:00+00:00,789.75,847.25
2019-01-15 15:00:00+00:00,790.25,845.75
2019-01-15 16:00:00+00:00,798.75,849.5
2019-01-15 17:00:00+00:00,806.25,866.0
2019-01-15 18:00:00+00:00,803.75,887.0
2019-01-15 19:00:00+00:00,805.5,872.75
2019-01-15 20:00:00+00:00,788.5,839.0
2019-01-15 21:00:00+00:00,794.75,829.5
2019-01-15 22:00:00+00:00,795.75,804.0
2019-01-15 23:00:00+00:00,806.25,833.0
2019-01-16 00:00:00+00:00,804.25,821.75
2019-01-16 01:00:00+00:00,792.5,819.75
2019-01-16 02:00:00+00:00,796.0,822.0
2019-01-16 03:00:00+00:00,798.25,850.0
2019-01-16 04:00:00+00:00,796.0,864.25
2019-01-16 05:00:00+00:00,799.0,864.5
2019-01-16 06:00:00+00:00,804.0,857.75
2019-01-16 07:00:00+00:00,805.25,881.0
2019-01-16 08:00:00+00:00,808.5,885.25
2019-01-16 09:00:00+00:00,807.5,898.0
2019-01-16 10:00:00+00:00,806.25,879.25
2019-01-16 11:00:00+00:00,806.25,886.0
2019-01-16 12:00:00+00:00,806.0,872.75
2019-01-16 13:00:00+00:00,808.75,850.75
2019-01-16 14:00:00+00:00,806.75,813.5
2019-01-16 15:00:00+00:00,804.75,813.25
2019-01-16 16:00:00+00:00,804.75,830.75
2019-01-16 17:00:00+00:00,803.25,857.0
2019-01-16 18:00:00+00:00,791.25,869.0
2019-01-16 19:00:00+00:00,706.0,883.75
2019-01-16 20:00:00+00:00,518.0,916.0
2019-01-16 21:00:00+00:00,410.75,753.75
2019-01-16 22:00:00+00:00,431.75,359.0
2019-01-16 23:00:00+00:00,712.25,384.25
2019-01-17 00:00:00+00:00,775.75,625.75
2019-01-17 01:00:00+00:00,779.0,695.0
2019-01-17 02:00:00+00:00,778.75,644.5
2019-01-17 03:00:00+00:00,772.0,692.25
2019-01-17 04:00:00+00:00,757.5,702.5
2019-01-17 05:00:00+00:00,771.25,672.25
2019-01-17 06:00:00+00:00,766.0,683.25
2019-01-17 07:00:00+00:00,744.0,697.5
2019-01-17 08:00:00+00:00,777.5,600.5
2019-01-17 09:00:00+00:00,790.0,661.0
2019-01-17 10:00:00+00:00,729.5,715.75
2019-01-17 11:00:00+00:00,714.75,621.5
2019-01-17 12:00:00+00:00,756.5,557.75
2019-01-17 13:00:00+00:00,703.25,620.5
2019-01-17 14:00:00+00:00,720.5,693.0
2019-01-17 15:00:00+00:00,757.75,627.25
2019-01-17 16:00:00+00:00,778.0,618.5
2019-01-17 17:00:00+00:00,754.25,647.5
2019-01-17 18:00:00+00:00,769.25,763.0
2019-01-17 19:00:00+00:00,770.25,717.75
2019-01-17 20:00:00+00:00,751.0,685.5
2019-01-17 21:00:00+00:00,729.75,426.25
2019-01-17 22:00:00+00:00,562.75,297.5
2019-01-17 23:00:00+00:00,426.5,275.0
2019-01-18 00:00:00+00:00,250.25,205.75
2019-01-18 01:00:00+00:00,231.75,155.75
2019-01-18 02:00:00+00:00,148.0,126.5
2019-01-18 03:00:00+00:00,233.0,95.5
2019-01-18 04:00:00+00:00,308.75,97.0
2019-01-18 05:00:00+00:00,202.75,129.75
2019-01-18 06:00:00+00:00,170.75,195.0
2019-01-18 07:00:00+00:00,212.25,245.5
2019-01-18 08:00:00+00:00,61.75,245.25
2019-01-18 09:00:00+00:00,59.5,317.25
2019-01-18 10:00:00+00:00,122.25,344.75
2019-01-18 11:00:00+00:00,114.0,261.5
2019-01-18 12:00:00+00:00,114.75,250.25
2019-01-18 13:00:00+00:00,110.0,231.5
2019-01-18 14:00:00+00:00,88.75,210.5
2019-01-18 15:00:00+00:00,59.5,203.0
2019-01-18 16:00:00+00:00,56.75,189.5
2019-01-18 17:00:00+00:00,68.25,205.5
2019-01-18 18:00:00+00:00,146.0,214.75
2019-01-18 19:00:00+00:00,142.75,205.0
2019-01-18 20:00:00+00:00,113.25,188.75
2019-01-18 21:00:00+00:00,183.25,186.5
2019-01-18 22:00:00+00:00,291.5,175.25
2019-01-18 23:00:00+00:00,264.25,176.0
2019-01-19 00:00:00+00:00,237.25,172.0
2019-01-19 01:00:00+00:00,267.25,170.0
2019-01-19 02:00:00+00:00,260.75,177.75
2019-01-19 03:00:00+00:00,261.0,179.25
2019-01-19 04:00:00+00:00,335.5,206.75
2019-01-19 05:00:00+00:00,378.0,240.0
2019-01-19 06:00:00+00:00,344.0,294.0
2019-01-19 07:00:00+00:00,345.75,312.5
2019-01-19 08:00:00+00:00,394.5,319.75
2019-01-19 09:00:00+00:00,399.75,287.75
2019-01-19 10:00:00+00:00,341.75,232.75
2019-01-19 11:00:00+00:00,278.25,193.5
2019-01-19 12:00:00+00:00,221.5,192.25
2019-01-19 13:00:00+00:00,174.25,180.5
2019-01-19 14:00:00+00:00,207.0,209.25
2019-01-19 15:00:00+00:00,210.5,261.5
2019-01-19 16:00:00+00:00,248.75,307.0
2019-01-19 17:00:00+00:00,242.0,352.25
2019-01-19 18:00:00+00:00,251.75,417.0
2019-01-19 19:00:00+00:00,247.25,396.5
2019-01-19 20:00:00+00:00,234.75,331.5
2019-01-19 21:00:00+00:00,220.5,306.5
2019-01-19 22:00:00+00:00,221.25,301.75
2019-01-19 23:00:00+00:00,206.25,255.5
2019-01-20 00:00:00+00:00,162.25,242.0
2019-01-20 01:00:00+00:00,136.25,221.25
2019-01-20 02:00:00+00:00,129.5,202.5
2019-01-20 03:00:00+00:00,58.0,160.5
2019-01-20 04:00:00+00:00,35.0,138.25
2019-01-20 05:00:00+00:00,31.0,137.5
2019-01-20 06:00:00+00:00,26.0,135.5
2019-01-20 07:00:00+00:00,25.5,130.75
2019-01-20 08:00:00+00:00,21.25,136.75
2019-01-20 09:00:00+00:00,16.5,125.25
2019-01-20 10:00:00+00:00,13.25,106.5
2019-01-20 11:00:00+00:00,4.5,103.25
2019-01-20 12:00:00+00:00,2.25,100.5
2019-01-20 13:00:00+00:00,7.0,102.25
2019-01-20 14:00:00+00:00,10.0,102.0
2019-01-20 15:00:00+00:00,8.25,101.75
2019-01-20 16:00:00+00:00,2.0,109.75
2019-01-20 17:00:00+00:00,1.75,118.5
2019-01-20 18:00:00+00:00,2.25,107.25
2019-01-20 19:00:00+00:00,0.5,94.5
2019-01-20 20:00:00+00:00,0.0,92.5
2019-01-20 21:00:00+00:00,0.0,94.75
2019-01-20 22:00:00+00:00,11.0,90.5
2019-01-20 23:00:00+00:00,27.0,88.25
2019-01-21 00:00:00+00:00,62.75,87.75
2019-01-21 01:00:00+00:00,101.5,89.75
2019-01-21 02:00:00+00:00,132.5,93.75
2019-01-21 03:00:00+00:00,150.0,104.0
2019-01-21 04:00:00+00:00,166.0,112.25
2019-01-21 05:00:00+00:00,192.0,94.25
2019-01-21 06:00:00+00:00,102.25,100.25
2019-01-21 07:00:00+00:00,25.0,110.5
2019-01-21 08:00:00+00:00,16.0,121.75
2019-01-21 09:00:00+00:00,29.75,125.0
2019-01-21 10:00:00+00:00,21.25,177.25
2019-01-21 11:00:00+00:00,28.25,199.25
2019-01-21 12:00:00+00:00,39.0,177.75
2019-01-21 13:00:00+00:00,45.25,182.5
2019-01-21 14:00:00+00:00,38.25,189.0
2019-01-21 15:00:00+00:00,42.25,191.75
2019-01-21 16:00:00+00:00,49.75,229.25
2019-01-21 17:00:00+00:00,59.75,250.5
2019-01-21 18:00:00+00:00,87.5,271.75
2019-01-21 19:00:00+00:00,126.0,294.0
2019-01-21 20:00:00+00:00,159.75,310.25
2019-01-21 21:00:00+00:00,230.0,338.75
2019-01-21 22:00:00+00:00,519.75,344.5
2019-01-21 23:00:00+00:00,670.75,396.5
2019-01-22 00:00:00+00:00,659.5,450.5
2019-01-22 01:00:00+00:00,728.25,437.5
2019-01-22 02:00:00+00:00,788.25,465.5
2019-01-22 03:00:00+00:00,798.25,535.5
2019-01-22 04:00:00+00:00,801.25,600.5
2019-01-22 05:00:00+00:00,797.75,651.75
2019-01-22 06:00:00+00:00,784.75,659.5
2019-01-22 07:00:00+00:00,788.75,682.0
2019-01-22 08:00:00+00:00,781.25,629.25
2019-01-22 09:00:00+00:00,782.75,642.25
2019-01-22 10:00:00+00:00,786.25,611.0
2019-01-22 11:00:00+00:00,775.5,574.5
2019-01-22 12:00:00+00:00,770.5,514.75
2019-01-22 13:00:00+00:00,770.0,465.0
2019-01-22 14:00:00+00:00,747.0,448.75
2019-01-22 15:00:00+00:00,732.75,417.0
2019-01-22 16:00:00+00:00,704.75,415.25
2019-01-22 17:00:00+00:00,739.25,383.75
2019-01-22 18:00:00+00:00,717.5,332.0
2019-01-22 19:00:00+00:00,668.75,280.25
2019-01-22 20:00:00+00:00,553.25,250.5
2019-01-22 21:00:00+00:00,386.25,214.0
2019-01-22 22:00:00+00:00,336.5,206.25
2019-01-22 23:00:00+00:00,269.25,198.75
2019-01-23 00:00:00+00:00,220.25,178.25
2019-01-23 01:00:00+00:00,169.0,157.75
2019-01-23 02:00:00+00:00,165.25,148.5
2019-01-23 03:00:00+00:00,58.25,134.25
2019-01-23 04:00:00+00:00,34.75,131.75
2019-01-23 05:00:00+00:00,50.75,131.5
2019-01-23 06:00:00+00:00,47.25,123.25
2019-01-23 07:00:00+00:00,33.0,114.25
2019-01-23 08:00:00+00:00,20.0,113.5
2019-01-23 09:00:00+00:00,13.75,106.0
2019-01-23 10:00:00+00:00,5.25,106.75
2019-01-23 11:00:00+00:00,3.75,114.0
2019-01-23 12:00:00+00:00,4.5,109.0
2019-01-23 13:00:00+00:00,11.0,111.75
2019-01-23 14:00:00+00:00,18.75,120.0
2019-01-23 15:00:00+00:00,30.0,131.0
2019-01-23 16:00:00+00:00,37.0,129.5
2019-01-23 17:00:00+00:00,44.75,139.25
2019-01-23 18:00:00+00:00,63.25,143.25
2019-01-23 19:00:00+00:00,67.5,137.25
2019-01-23 20:00:00+00:00,73.75,118.5
2019-01-23 21:00:00+00:00,48.25,121.0
2019-01-23 22:00:00+00:00,5.25,117.5
2019-01-23 23:00:00+00:00,0.75,120.5
2019-01-24 00:00:00+00:00,0.0,97.5
2019-01-24 01:00:00+00:00,0.0,86.25
2019-01-24 02:00:00+00:00,10.0,88.75
2019-01-24 03:00:00+00:00,6.75,87.75
2019-01-24 04:00:00+00:00,20.25,87.75
2019-01-24 05:00:00+00:00,27.25,91.0
2019-01-24 06:00:00+00:00,40.5,94.5
2019-01-24 07:00:00+00:00,65.5,94.5
2019-01-24 08:00:00+00:00,78.75,94.75
2019-01-24 09:00:00+00:00,78.75,102.0
2019-01-24 10:00:00+00:00,68.25,99.75
2019-01-24 11:00:00+00:00,42.75,96.25
2019-01-24 12:00:00+00:00,38.75,98.75
2019-01-24 13:00:00+00:00,36.5,97.75
2019-01-24 14:00:00+00:00,23.75,90.25
2019-01-24 15:00:00+00:00,26.75,90.25
2019-01-24 16:00:00+00:00,21.5,87.75
2019-01-24 17:00:00+00:00,19.5,88.75
2019-01-24 18:00:00+00:00,29.25,96.0
2019-01-24 19:00:00+00:00,45.75,93.75
2019-01-24 20:00:00+00:00,29.75,91.0
2019-01-24 21:00:00+00:00,25.5,87.5
2019-01-24 22:00:00+00:00,35.5,91.0
2019-01-24 23:00:00+00:00,43.75,91.0
2019-01-25 00:00:00+00:00,59.75,90.75
2019-01-25 01:00:00+00:00,52.0,89.75
2019-01-25 02:00:00+00:00,58.5,91.0
2019-01-25 03:00:00+00:00,18.75,90.75
2019-01-25 04:00:00+00:00,22.25,90.5
2019-01-25 05:00:00+00:00,22.5,92.75
2019-01-25 06:00:00+00:00,20.75,104.25
2019-01-25 07:00:00+00:00,59.25,118.5
2019-01-25 08:00:00+00:00,107.75,119.5
2019-01-25 09:00:00+00:00,183.75,140.0
2019-01-25 10:00:00+00:00,251.5,180.0
2019-01-25 11:00:00+00:00,275.0,211.0
2019-01-25 12:00:00+00:00,287.0,264.5
2019-01-25 13:00:00+00:00,292.75,369.75
2019-01-25 14:00:00+00:00,291.25,438.0
2019-01-25 15:00:00+00:00,275.25,608.5
2019-01-25 16:00:00+00:00,214.5,683.0
2019-01-25 17:00:00+00:00,267.0,757.5
2019-01-25 18:00:00+00:00,280.5,783.5
2019-01-25 19:00:00+00:00,414.5,742.25
2019-01-25 20:00:00+00:00,543.75,765.25
2019-01-25 21:00:00+00:00,637.75,745.5
2019-01-25 22:00:00+00:00,592.0,747.75
2019-01-25 23:00:00+00:00,599.75,769.25
2019-01-26 00:00:00+00:00,505.0,726.25
2019-01-26 01:00:00+00:00,482.75,679.75
2019-01-26 02:00:00+00:00,486.5,761.75
2019-01-26 03:00:00+00:00,495.0,816.75
2019-01-26 04:00:00+00:00,701.25,847.0
2019-01-26 05:00:00+00:00,730.75,867.0
2019-01-26 06:00:00+00:00,727.0,864.5
2019-01-26 07:00:00+00:00,496.75,857.75
2019-01-26 08:00:00+00:00,448.0,826.5
2019-01-26 09:00:00+00:00,653.0,776.0
2019-01-26 10:00:00+00:00,712.25,776.75
2019-01-26 11:00:00+00:00,658.25,758.5
2019-01-26 12:00:00+00:00,644.75,762.5
2019-01-26 13:00:00+00:00,672.75,754.0
2019-01-26 14:00:00+00:00,672.0,750.0
2019-01-26 15:00:00+00:00,686.5,719.5
2019-01-26 16:00:00+00:00,681.0,700.5
2019-01-26 17:00:00+00:00,740.5,728.25
2019-01-26 18:00:00+00:00,762.0,749.5
2019-01-26 19:00:00+00:00,764.75,769.25
2019-01-26 20:00:00+00:00,762.75,802.75
2019-01-26 21:00:00+00:00,764.5,829.25
2019-01-26 22:00:00+00:00,763.0,856.0
2019-01-26 23:00:00+00:00,763.5,871.0
2019-01-27 00:00:00+00:00,764.0,880.0
2019-01-27 01:00:00+00:00,761.5,846.25
2019-01-27 02:00:00+00:00,756.5,780.25
2019-01-27 03:00:00+00:00,750.0,759.0
2019-01-27 04:00:00+00:00,710.0,746.25
2019-01-27 05:00:00+00:00,657.5,755.25
2019-01-27 06:00:00+00:00,566.0,711.5
2019-01-27 07:00:00+00:00,419.0,710.25
2019-01-27 08:00:00+00:00,297.75,645.5
2019-01-27 09:00:00+00:00,354.5,482.0
2019-01-27 10:00:00+00:00,529.5,483.25
2019-01-27 11:00:00+00:00,619.5,584.0
2019-01-27 12:00:00+00:00,624.5,714.0
2019-01-27 13:00:00+00:00,627.75,604.5
2019-01-27 14:00:00+00:00,546.0,657.75
2019-01-27 15:00:00+00:00,592.5,760.0
2019-01-27 16:00:00+00:00,621.5,741.75
2019-01-27 17:00:00+00:00,675.0,746.75
2019-01-27 18:00:00+00:00,670.5,803.25
2019-01-27 19:00:00+00:00,711.0,871.0
2019-01-27 20:00:00+00:00,653.0,869.5
2019-01-27 21:00:00+00:00,671.0,877.0
2019-01-27 22:00:00+00:00,547.25,830.0
2019-01-27 23:00:00+00:00,399.75,780.25
2019-01-28 00:00:00+00:00,283.5,568.25
2019-01-28 01:00:00+00:00,269.0,683.5
2019-01-28 02:00:00+00:00,295.25,736.0
2019-01-28 03:00:00+00:00,455.25,752.25
2019-01-28 04:00:00+00:00,596.5,748.25
2019-01-28 05:00:00+00:00,730.5,764.25
2019-01-28 06:00:00+00:00,811.0,789.5
2019-01-28 07:00:00+00:00,818.25,821.25
2019-01-28 08:00:00+00:00,817.75,809.5
2019-01-28 09:00:00+00:00,819.25,839.5
2019-01-28 10:00:00+00:00,818.0,860.25
2019-01-28 11:00:00+00:00,820.0,835.5
2019-01-28 12:00:00+00:00,812.25,806.75
2019-01-28 13:00:00+00:00,816.0,807.5
2019-01-28 14:00:00+00:00,769.5,686.0
2019-01-28 15:00:00+00:00,695.0,695.0
2019-01-28 16:00:00+00:00,703.75,607.5
2019-01-28 17:00:00+00:00,739.0,605.0
2019-01-28 18:00:00+00:00,720.25,452.0
2019-01-28 19:00:00+00:00,650.75,491.5
2019-01-28 20:00:00+00:00,402.0,486.25
2019-01-28 21:00:00+00:00,416.0,388.75
2019-01-28 22:00:00+00:00,427.5,440.25
2019-01-28 23:00:00+00:00,530.0,343.75
2019-01-29 00:00:00+00:00,308.5,328.25
2019-01-29 01:00:00+00:00,229.5,340.25
2019-01-29 02:00:00+00:00,194.5,255.0
2019-01-29 03:00:00+00:00,374.5,319.5
2019-01-29 04:00:00+00:00,415.5,425.5
2019-01-29 05:00:00+00:00,448.25,441.5
2019-01-29 06:00:00+00:00,609.75,413.5
2019-01-29 07:00:00+00:00,549.25,490.25
2019-01-29 08:00:00+00:00,506.75,512.25
2019-01-29 09:00:00+00:00,560.0,481.75
2019-01-29 10:00:00+00:00,687.25,451.0
2019-01-29 11:00:00+00:00,740.0,444.5
2019-01-29 12:00:00+00:00,736.0,387.25
2019-01-29 13:00:00+00:00,612.25,317.5
2019-01-29 14:00:00+00:00,501.0,284.25
2019-01-29 15:00:00+00:00,528.5,287.75
2019-01-29 16:00:00+00:00,523.5,327.75
2019-01-29 17:00:00+00:00,675.0,378.75
2019-01-29 18:00:00+00:00,719.5,381.75
2019-01-29 19:00:00+00:00,720.5,417.75
2019-01-29 20:00:00+00:00,682.5,422.75
2019-01-29 21:00:00+00:00,723.75,366.25
2019-01-29 22:00:00+00:00,697.5,296.75
2019-01-29 23:00:00+00:00,617.0,276.0
2019-01-30 00:00:00+00:00,544.25,259.5
2019-01-30 01:00:00+00:00,471.0,256.25
2019-01-30 02:00:00+00:00,398.25,271.75
2019-01-30 03:00:00+00:00,356.0,261.5
2019-01-30 04:00:00+00:00,368.0,229.5
2019-01-30 05:00:00+00:00,359.25,215.0
2019-01-30 06:00:00+00:00,295.25,211.25
2019-01-30 07:00:00+00:00,302.25,179.5
2019-01-30 08:00:00+00:00,277.75,149.0
2019-01-30 09:00:00+00:00,280.75,117.0
2019-01-30 10:00:00+00:00,264.25,94.75
2019-01-30 11:00:00+00:00,259.0,97.0
2019-01-30 12:00:00+00:00,201.0,102.0
2019-01-30 13:00:00+00:00,169.5,100.25
2019-01-30 14:00:00+00:00,122.25,111.5
2019-01-30 15:00:00+00:00,121.0,127.25
2019-01-30 16:00:00+00:00,177.25,120.0
2019-01-30 17:00:00+00:00,348.25,121.75
2019-01-30 18:00:00+00:00,371.75,122.5
2019-01-30 19:00:00+00:00,268.0,163.25
2019-01-30 20:00:00+00:00,120.0,174.5
2019-01-30 21:00:00+00:00,59.75,192.0
2019-01-30 22:00:00+00:00,28.0,147.5
2019-01-30 23:00:00+00:00,12.5,111.0
2019-01-31 00:00:00+00:00,37.0,108.25
2019-01-31 01:00:00+00:00,18.75,131.5
2019-01-31 02:00:00+00:00,73.0,171.5
2019-01-31 03:00:00+00:00,164.75,229.25
2019-01-31 04:00:00+00:00,152.25,236.25
2019-01-31 05:00:00+00:00,165.75,253.25
2019-01-31 06:00:00+00:00,171.0,180.75
2019-01-31 07:00:00+00:00,96.5,189.75
2019-01-31 08:00:00+00:00,228.25,200.25
2019-01-31 09:00:00+00:00,148.25,207.25
2019-01-31 10:00:00+00:00,107.25,178.0
2019-01-31 11:00:00+00:00,201.0,156.25
2019-01-31 12:00:00+00:00,295.5,145.75
2019-01-31 13:00:00+00:00,270.5,134.5
2019-01-31 14:00:00+00:00,510.0,120.0
2019-01-31 15:00:00+00:00,479.25,110.25
2019-01-31 16:00:00+00:00,304.75,119.75
2019-01-31 17:00:00+00:00,232.25,161.75
2019-01-31 18:00:00+00:00,258.5,180.0
2019-01-31 19:00:00+00:00,385.25,190.0
2019-01-31 20:00:00+00:00,426.0,147.5
2019-01-31 21:00:00+00:00,478.25,224.5
2019-01-31 22:00:00+00:00,554.25,298.5
2019-01-31 23:00:00+00:00,627.5,360.25
2019-02-01 00:00:00+00:00,689.0,414.25
2019-02-01 01:00:00+00:00,723.75,432.75
2019-02-01 02:00:00+00:00,717.25,387.5
2019-02-01 03:00:00+00:00,691.5,367.25
2019-02-01 04:00:00+00:00,687.0,448.25
2019-02-01 05:00:00+00:00,673.25,387.75
2019-02-01 06:00:00+00:00,699.25,299.75
2019-02-01 07:00:00+00:00,713.25,269.5
2019-02-01 08:00:00+00:00,718.25,242.0
2019-02-01 09:00:00+00:00,675.75,230.0
2019-02-01 10:00:00+00:00,624.75,215.0
2019-02-01 11:00:00+00:00,435.0,180.0
2019-02-01 12:00:00+00:00,408.5,142.25
2019-02-01 13:00:00+00:00,465.75,111.5
2019-02-01 14:00:00+00:00,419.25,100.75
2019-02-01 15:00:00+00:00,330.0,108.0
2019-02-01 16:00:00+00:00,250.75,119.25
2019-02-01 17:00:00+00:00,240.25,133.5
2019-02-01 18:00:00+00:00,215.5,131.0
2019-02-01 19:00:00+00:00,190.5,123.0
2019-02-01 20:00:00+00:00,119.25,122.5
2019-02-01 21:00:00+00:00,65.5,117.25
2019-02-01 22:00:00+00:00,48.5,125.75
2019-02-01 23:00:00+00:00,38.75,142.75
2019-02-02 00:00:00+00:00,76.5,160.75
2019-02-02 01:00:00+00:00,133.5,157.75
2019-02-02 02:00:00+00:00,145.75,184.75
2019-02-02 03:00:00+00:00,163.5,212.0
2019-02-02 04:00:00+00:00,226.5,224.25
2019-02-02 05:00:00+00:00,195.25,222.5
2019-02-02 06:00:00+00:00,133.75,223.75
2019-02-02 07:00:00+00:00,151.0,209.25
2019-02-02 08:00:00+00:00,174.75,207.75
2019-02-02 09:00:00+00:00,176.0,208.25
2019-02-02 10:00:00+00:00,142.25,179.5
2019-02-02 11:00:00+00:00,126.5,167.25
2019-02-02 12:00:00+00:00,84.0,157.5
2019-02-02 13:00:00+00:00,82.75,152.25
2019-02-02 14:00:00+00:00,148.0,160.5
2019-02-02 15:00:00+00:00,138.75,139.5
2019-02-02 16:00:00+00:00,170.25,143.0
2019-02-02 17:00:00+00:00,223.25,155.25
2019-02-02 18:00:00+00:00,164.25,154.5
2019-02-02 19:00:00+00:00,154.75,146.75
2019-02-02 20:00:00+00:00,208.0,149.0
2019-02-02 21:00:00+00:00,226.75,177.25
2019-02-02 22:00:00+00:00,401.25,196.75
2019-02-02 23:00:00+00:00,634.5,219.75
2019-02-03 00:00:00+00:00,624.5,243.75
2019-02-03 01:00:00+00:00,551.25,310.5
2019-02-03 02:00:00+00:00,616.25,354.75
2019-02-03 03:00:00+00:00,579.75,308.25
2019-02-03 04:00:00+00:00,408.75,336.75
2019-02-03 05:00:00+00:00,423.5,331.25
2019-02-03 06:00:00+00:00,360.75,285.25
2019-02-03 07:00:00+00:00,402.25,224.0
2019-02-03 08:00:00+00:00,421.5,205.75
2019-02-03 09:00:00+00:00,296.5,260.25
2019-02-03 10:00:00+00:00,279.5,235.5
2019-02-03 11:00:00+00:00,242.0,268.25
2019-02-03 12:00:00+00:00,254.25,261.25
2019-02-03 13:00:00+00:00,220.75,241.0
2019-02-03 14:00:00+00:00,199.5,179.25
2019-02-03 15:00:00+00:00,136.5,168.0
2019-02-03 16:00:00+00:00,121.5,124.0
2019-02-03 17:00:00+00:00,161.5,154.75
2019-02-03 18:00:00+00:00,256.25,217.5
2019-02-03 19:00:00+00:00,371.5,287.5
2019-02-03 20:00:00+00:00,497.0,351.5
2019-02-03 21:00:00+00:00,683.0,495.0
2019-02-03 22:00:00+00:00,793.25,586.0
2019-02-03 23:00:00+00:00,828.75,606.75
2019-02-04 00:00:00+00:00,837.5,623.25
2019-02-04 01:00:00+00:00,847.75,668.0
2019-02-04 02:00:00+00:00,856.5,666.5
2019-02-04 03:00:00+00:00,855.0,724.5
2019-02-04 04:00:00+00:00,856.75,747.75
2019-02-04 05:00:00+00:00,856.0,777.25
2019-02-04 06:00:00+00:00,848.5,789.0
2019-02-04 07:00:00+00:00,856.25,868.0
2019-02-04 08:00:00+00:00,862.5,878.25
2019-02-04 09:00:00+00:00,866.75,907.5
2019-02-04 10:00:00+00:00,863.0,925.25
2019-02-04 11:00:00+00:00,859.5,931.0
2019-02-04 12:00:00+00:00,848.75,928.25
2019-02-04 13:00:00+00:00,831.25,931.5
2019-02-04 14:00:00+00:00,813.0,941.75
2019-02-04 15:00:00+00:00,820.75,946.0
2019-02-04 16:00:00+00:00,834.0,944.25
2019-02-04 17:00:00+00:00,845.5,940.25
2019-02-04 18:00:00+00:00,844.25,886.75
2019-02-04 19:00:00+00:00,842.25,851.25
2019-02-04 20:00:00+00:00,769.25,860.75
2019-02-04 21:00:00+00:00,544.75,833.0
2019-02-04 22:00:00+00:00,605.5,807.5
2019-02-04 23:00:00+00:00,517.0,745.25
2019-02-05 00:00:00+00:00,405.25,681.75
2019-02-05 01:00:00+00:00,377.5,610.75
2019-02-05 02:00:00+00:00,240.75,494.25
2019-02-05 03:00:00+00:00,220.0,473.5
2019-02-05 04:00:00+00:00,240.25,454.5
2019-02-05 05:00:00+00:00,302.25,465.5
2019-02-05 06:00:00+00:00,329.0,465.5
2019-02-05 07:00:00+00:00,333.75,411.75
2019-02-05 08:00:00+00:00,312.75,342.25
2019-02-05 09:00:00+00:00,267.5,286.75
2019-02-05 10:00:00+00:00,211.75,247.75
2019-02-05 11:00:00+00:00,230.25,298.75
2019-02-05 12:00:00+00:00,189.75,230.25
2019-02-05 13:00:00+00:00,167.5,229.5
2019-02-05 14:00:00+00:00,161.0,224.25
2019-02-05 15:00:00+00:00,193.25,215.5
2019-02-05 16:00:00+00:00,189.5,263.75
2019-02-05 17:00:00+00:00,218.0,302.75
2019-02-05 18:00:00+00:00,470.25,271.5
2019-02-05 19:00:00+00:00,673.0,282.5
2019-02-05 20:00:00+00:00,673.25,331.0
2019-02-05 21:00:00+00:00,780.0,396.75
2019-02-05 22:00:00+00:00,820.75,451.75
2019-02-05 23:00:00+00:00,846.0,535.25
2019-02-06 00:00:00+00:00,847.5,621.75
2019-02-06 01:00:00+00:00,852.5,655.0
2019-02-06 02:00:00+00:00,864.75,688.25
2019-02-06 03:00:00+00:00,858.5,723.5
2019-02-06 04:00:00+00:00,859.25,675.0
2019-02-06 05:00:00+00:00,866.75,669.5
2019-02-06 06:00:00+00:00,870.0,647.75
2019-02-06 07:00:00+00:00,873.0,628.75
2019-02-06 08:00:00+00:00,870.75,597.5
2019-02-06 09:00:00+00:00,857.0,587.25
2019-02-06 10:00:00+00:00,827.75,572.5
2019-02-06 11:00:00+00:00,714.0,541.75
2019-02-06 12:00:00+00:00,553.25,471.0
2019-02-06 13:00:00+00:00,398.25,421.25
2019-02-06 14:00:00+00:00,358.75,388.5
2019-02-06 15:00:00+00:00,317.0,371.75
2019-02-06 16:00:00+00:00,323.75,336.25
2019-02-06 17:00:00+00:00,227.0,328.0
2019-02-06 18:00:00+00:00,206.5,309.75
2019-02-06 19:00:00+00:00,229.25,287.0
2019-02-06 20:00:00+00:00,324.25,276.5
2019-02-06 21:00:00+00:00,296.75,311.25
2019-02-06 22:00:00+00:00,264.0,352.75
2019-02-06 23:00:00+00:00,293.0,416.5
2019-02-07 00:00:00+00:00,360.25,501.5
2019-02-07 01:00:00+00:00,424.0,589.75
2019-02-07 02:00:00+00:00,489.25,667.5
2019-02-07 03:00:00+00:00,716.25,746.25
2019-02-07 04:00:00+00:00,854.0,822.5
2019-02-07 05:00:00+00:00,867.0,897.25
2019-02-07 06:00:00+00:00,872.0,909.25
2019-02-07 07:00:00+00:00,870.0,913.0
2019-02-07 08:00:00+00:00,863.5,921.25
2019-02-07 09:00:00+00:00,861.0,925.75
2019-02-07 10:00:00+00:00,859.75,900.5
2019-02-07 11:00:00+00:00,871.25,938.75
2019-02-07 12:00:00+00:00,870.5,943.0
2019-02-07 13:00:00+00:00,846.25,951.5
2019-02-07 14:00:00+00:00,797.75,951.5
2019-02-07 15:00:00+00:00,793.75,886.0
2019-02-07 16:00:00+00:00,838.75,947.25
2019-02-07 17:00:00+00:00,858.75,945.0
2019-02-07 18:00:00+00:00,857.75,902.25
2019-02-07 19:00:00+00:00,863.0,906.5
2019-02-07 20:00:00+00:00,863.75,904.0
2019-02-07 21:00:00+00:00,851.5,884.0
2019-02-07 22:00:00+00:00,825.25,894.75
2019-02-07 23:00:00+00:00,835.5,883.25
2019-02-08 00:00:00+00:00,837.5,891.0
2019-02-08 01:00:00+00:00,850.25,860.5
2019-02-08 02:00:00+00:00,849.25,844.75
2019-02-08 03:00:00+00:00,835.0,810.25
2019-02-08 04:00:00+00:00,849.5,786.25
2019-02-08 05:00:00+00:00,865.25,823.75
2019-02-08 06:00:00+00:00,876.5,840.75
2019-02-08 07:00:00+00:00,866.75,867.25
2019-02-08 08:00:00+00:00,861.0,889.75
2019-02-08 09:00:00+00:00,860.25,901.75
2019-02-08 10:00:00+00:00,857.25,908.5
2019-02-08 11:00:00+00:00,855.25,921.5
2019-02-08 12:00:00+00:00,849.5,918.5
2019-02-08 13:00:00+00:00,844.75,925.5
2019-02-08 14:00:00+00:00,845.75,932.25
2019-02-08 15:00:00+00:00,843.0,922.75
2019-02-08 16:00:00+00:00,836.75,946.0
2019-02-08 17:00:00+00:00,830.5,956.0
2019-02-08 18:00:00+00:00,809.0,937.75
2019-02-08 19:00:00+00:00,807.0,937.0
2019-02-08 20:00:00+00:00,820.0,948.25
2019-02-08 21:00:00+00:00,808.25,946.75
2019-02-08 22:00:00+00:00,808.75,951.75
2019-02-08 23:00:00+00:00,814.25,946.0
2019-02-09 00:00:00+00:00,815.0,930.25
2019-02-09 01:00:00+00:00,814.5,943.75
2019-02-09 02:00:00+00:00,814.75,940.75
2019-02-09 03:00:00+00:00,814.0,936.0
2019-02-09 04:00:00+00:00,815.0,941.75
2019-02-09 05:00:00+00:00,813.75,949.0
2019-02-09 06:00:00+00:00,814.25,950.75
2019-02-09 07:00:00+00:00,809.25,941.25
2019-02-09 08:00:00+00:00,797.75,948.5
2019-02-09 09:00:00+00:00,700.0,951.5
2019-02-09 10:00:00+00:00,429.25,944.0
2019-02-09 11:00:00+00:00,519.75,934.5
2019-02-09 12:00:00+00:00,693.25,942.0
2019-02-09 13:00:00+00:00,690.0,934.0
2019-02-09 14:00:00+00:00,728.25,937.5
2019-02-09 15:00:00+00:00,791.75,889.5
2019-02-09 16:00:00+00:00,826.0,940.75
2019-02-09 17:00:00+00:00,838.75,947.75
2019-02-09 18:00:00+00:00,848.25,948.5
2019-02-09 19:00:00+00:00,849.25,943.0
2019-02-09 20:00:00+00:00,852.75,933.0
2019-02-09 21:00:00+00:00,826.25,926.0
2019-02-09 22:00:00+00:00,825.25,897.5
2019-02-09 23:00:00+00:00,810.5,862.25
2019-02-10 00:00:00+00:00,760.0,766.75
2019-02-10 01:00:00+00:00,757.75,631.5
2019-02-10 02:00:00+00:00,767.25,520.25
2019-02-10 03:00:00+00:00,672.5,372.75
2019-02-10 04:00:00+00:00,617.5,318.0
2019-02-10 05:00:00+00:00,476.5,330.75
2019-02-10 06:00:00+00:00,242.5,322.75
2019-02-10 07:00:00+00:00,183.5,364.5
2019-02-10 08:00:00+00:00,112.25,409.25
2019-02-10 09:00:00+00:00,35.25,348.5
2019-02-10 10:00:00+00:00,59.5,510.75
2019-02-10 11:00:00+00:00,145.0,431.0
2019-02-10 12:00:00+00:00,146.0,384.75
2019-02-10 13:00:00+00:00,135.0,384.5
2019-02-10 14:00:00+00:00,102.75,472.75
2019-02-10 15:00:00+00:00,244.5,410.25
2019-02-10 16:00:00+00:00,505.0,446.5
2019-02-10 17:00:00+00:00,651.5,462.5
2019-02-10 18:00:00+00:00,733.5,560.75
2019-02-10 19:00:00+00:00,807.25,700.5
2019-02-10 20:00:00+00:00,810.0,851.75
2019-02-10 21:00:00+00:00,824.75,824.5
2019-02-10 22:00:00+00:00,846.25,849.5
2019-02-10 23:00:00+00:00,835.75,844.25
2019-02-11 00:00:00+00:00,831.5,809.75
2019-02-11 01:00:00+00:00,832.0,773.25
2019-02-11 02:00:00+00:00,810.25,772.0
2019-02-11 03:00:00+00:00,787.75,738.25
2019-02-11 04:00:00+00:00,730.5,767.75
2019-02-11 05:00:00+00:00,757.5,750.0
2019-02-11 06:00:00+00:00,791.75,724.5
2019-02-11 07:00:00+00:00,765.25,650.25
2019-02-11 08:00:00+00:00,819.75,526.0
2019-02-11 09:00:00+00:00,746.75,478.25
2019-02-11 10:00:00+00:00,696.75,538.25
2019-02-11 11:00:00+00:00,711.0,623.5
2019-02-11 12:00:00+00:00,721.75,609.5
2019-02-11 13:00:00+00:00,691.5,527.75
2019-02-11 14:00:00+00:00,702.5,523.25
2019-02-11 15:00:00+00:00,719.25,485.25
2019-02-11 16:00:00+00:00,633.5,442.5
2019-02-11 17:00:00+00:00,499.0,329.75
2019-02-11 18:00:00+00:00,545.75,247.75
2019-02-11 19:00:00+00:00,537.75,355.0
2019-02-11 20:00:00+00:00,611.75,349.75
2019-02-11 21:00:00+00:00,669.25,404.25
2019-02-11 22:00:00+00:00,603.75,384.75
2019-02-11 23:00:00+00:00,604.5,385.25
2019-02-12 00:00:00+00:00,578.25,385.5
2019-02-12 01:00:00+00:00,551.5,398.25
2019-02-12 02:00:00+00:00,524.75,415.5
2019-02-12 03:00:00+00:00,467.25,434.75
2019-02-12 04:00:00+00:00,425.5,339.25
2019-02-12 05:00:00+00:00,278.25,305.5
2019-02-12 06:00:00+00:00,214.5,359.0
2019-02-12 07:00:00+00:00,165.75,397.25
2019-02-12 08:00:00+00:00,201.5,464.0
2019-02-12 09:00:00+00:00,276.5,430.75
2019-02-12 10:00:00+00:00,318.25,366.75
2019-02-12 11:00:00+00:00,319.5,350.75
2019-02-12 12:00:00+00:00,276.0,369.25
2019-02-12 13:00:00+00:00,386.25,451.25
2019-02-12 14:00:00+00:00,510.25,513.0
2019-02-12 15:00:00+00:00,653.75,533.5
2019-02-12 16:00:00+00:00,674.75,605.75
2019-02-12 17:00:00+00:00,729.0,601.0
2019-02-12 18:00:00+00:00,783.25,623.25
2019-02-12 19:00:00+00:00,828.25,704.25
2019-02-12 20:00:00+00:00,841.5,732.0
2019-02-12 21:00:00+00:00,818.5,713.0
2019-02-12 22:00:00+00:00,796.0,674.75
2019-02-12 23:00:00+00:00,767.75,680.0
2019-02-13 00:00:00+00:00,756.0,669.5
2019-02-13 01:00:00+00:00,695.75,644.25
2019-02-13 02:00:00+00:00,657.75,681.75
2019-02-13 03:00:00+00:00,582.0,683.75
2019-02-13 04:00:00+00:00,501.5,646.75
2019-02-13 05:00:00+00:00,371.5,552.75
2019-02-13 06:00:00+00:00,342.5,517.5
2019-02-13 07:00:00+00:00,360.25,487.75
2019-02-13 08:00:00+00:00,562.75,488.0
2019-02-13 09:00:00+00:00,725.75,519.5
2019-02-13 10:00:00+00:00,721.75,535.75
2019-02-13 11:00:00+00:00,715.0,516.0
2019-02-13 12:00:00+00:00,687.0,454.75
2019-02-13 13:00:00+00:00,665.75,383.5
2019-02-13 14:00:00+00:00,662.0,355.75
2019-02-13 15:00:00+00:00,685.75,349.0
2019-02-13 16:00:00+00:00,664.75,345.25
2019-02-13 17:00:00+00:00,669.75,381.0
2019-02-13 18:00:00+00:00,680.75,429.0
2019-02-13 19:00:00+00:00,765.0,470.75
2019-02-13 20:00:00+00:00,700.25,464.75
2019-02-13 21:00:00+00:00,702.75,477.5
2019-02-13 22:00:00+00:00,674.5,515.75
2019-02-13 23:00:00+00:00,626.75,437.5
2019-02-14 00:00:00+00:00,494.0,386.5
2019-02-14 01:00:00+00:00,339.75,356.5
2019-02-14 02:00:00+00:00,393.0,405.0
2019-02-14 03:00:00+00:00,284.75,331.5
2019-02-14 04:00:00+00:00,224.0,240.75
2019-02-14 05:00:00+00:00,309.75,233.5
2019-02-14 06:00:00+00:00,324.0,222.5
2019-02-14 07:00:00+00:00,400.75,255.5
2019-02-14 08:00:00+00:00,342.75,255.25
2019-02-14 09:00:00+00:00,342.25,199.25
2019-02-14 10:00:00+00:00,381.5,189.75
2019-02-14 11:00:00+00:00,310.0,182.5
2019-02-14 12:00:00+00:00,262.5,156.0
2019-02-14 13:00:00+00:00,227.75,134.5
2019-02-14 14:00:00+00:00,200.0,107.75
2019-02-14 15:00:00+00:00,150.75,104.5
2019-02-14 16:00:00+00:00,122.5,119.5
2019-02-14 17:00:00+00:00,96.25,137.25
2019-02-14 18:00:00+00:00,138.5,161.25
2019-02-14 19:00:00+00:00,207.25,202.75
2019-02-14 20:00:00+00:00,279.0,290.5
2019-02-14 21:00:00+00:00,361.0,278.75
2019-02-14 22:00:00+00:00,408.25,272.25
2019-02-14 23:00:00+00:00,337.5,297.25
2019-02-15 00:00:00+00:00,260.5,280.5
2019-02-15 01:00:00+00:00,212.75,252.0
2019-02-15 02:00:00+00:00,187.25,245.0
2019-02-15 03:00:00+00:00,201.25,268.5
2019-02-15 04:00:00+00:00,205.0,288.25
2019-02-15 05:00:00+00:00,183.75,283.0
2019-02-15 06:00:00+00:00,195.25,289.25
2019-02-15 07:00:00+00:00,244.5,297.5
2019-02-15 08:00:00+00:00,287.0,305.75
2019-02-15 09:00:00+00:00,273.0,265.5
2019-02-15 10:00:00+00:00,303.5,237.25
2019-02-15 11:00:00+00:00,337.5,157.25
2019-02-15 12:00:00+00:00,358.25,128.75
2019-02-15 13:00:00+00:00,358.25,137.75
2019-02-15 14:00:00+00:00,341.25,115.75
2019-02-15 15:00:00+00:00,341.5,106.5
2019-02-15 16:00:00+00:00,384.25,154.5
2019-02-15 17:00:00+00:00,394.0,231.75
2019-02-15 18:00:00+00:00,439.75,286.75
2019-02-15 19:00:00+00:00,567.5,332.25
2019-02-15 20:00:00+00:00,643.75,374.5
2019-02-15 21:00:00+00:00,658.0,407.0
2019-02-15 22:00:00+00:00,711.75,453.25
2019-02-15 23:00:00+00:00,762.5,522.5
2019-02-16 00:00:00+00:00,780.5,605.75
2019-02-16 01:00:00+00:00,766.75,613.5
2019-02-16 02:00:00+00:00,719.75,544.75
2019-02-16 03:00:00+00:00,574.25,502.5
2019-02-16 04:00:00+00:00,575.0,509.5
2019-02-16 05:00:00+00:00,600.5,500.5
2019-02-16 06:00:00+00:00,667.5,564.75
2019-02-16 07:00:00+00:00,717.5,596.5
2019-02-16 08:00:00+00:00,715.5,517.25
2019-02-16 09:00:00+00:00,698.25,399.25
2019-02-16 10:00:00+00:00,698.25,338.25
2019-02-16 11:00:00+00:00,693.75,273.25
2019-02-16 12:00:00+00:00,633.75,271.5
2019-02-16 13:00:00+00:00,508.75,267.75
2019-02-16 14:00:00+00:00,528.25,214.75
2019-02-16 15:00:00+00:00,492.25,200.25
2019-02-16 16:00:00+00:00,477.75,194.25
2019-02-16 17:00:00+00:00,463.25,220.0
2019-02-16 18:00:00+00:00,506.75,220.75
2019-02-16 19:00:00+00:00,520.25,222.25
2019-02-16 20:00:00+00:00,476.75,214.0
2019-02-16 21:00:00+00:00,502.0,220.0
2019-02-16 22:00:00+00:00,417.0,205.5
2019-02-16 23:00:00+00:00,307.0,180.25
2019-02-17 00:00:00+00:00,268.75,184.0
2019-02-17 01:00:00+00:00,295.75,182.0
2019-02-17 02:00:00+00:00,288.5,189.0
2019-02-17 03:00:00+00:00,222.25,199.75
2019-02-17 04:00:00+00:00,226.25,225.0
2019-02-17 05:00:00+00:00,275.25,298.0
2019-02-17 06:00:00+00:00,362.0,355.75
2019-02-17 07:00:00+00:00,424.75,439.0
2019-02-17 08:00:00+00:00,422.5,458.75
2019-02-17 09:00:00+00:00,473.5,333.0
2019-02-17 10:00:00+00:00,520.25,265.0
2019-02-17 11:00:00+00:00,572.0,226.25
2019-02-17 12:00:00+00:00,645.25,197.5
2019-02-17 13:00:00+00:00,654.25,210.25
2019-02-17 14:00:00+00:00,645.25,267.25
2019-02-17 15:00:00+00:00,713.0,255.25
2019-02-17 16:00:00+00:00,764.0,323.0
2019-02-17 17:00:00+00:00,808.75,410.5
2019-02-17 18:00:00+00:00,830.0,496.25
2019-02-17 19:00:00+00:00,814.25,636.5
2019-02-17 20:00:00+00:00,814.0,627.25
2019-02-17 21:00:00+00:00,819.5,571.0
2019-02-17 22:00:00+00:00,756.75,521.0
2019-02-17 23:00:00+00:00,703.5,444.5
2019-02-18 00:00:00+00:00,562.25,295.5
2019-02-18 01:00:00+00:00,397.0,212.25
2019-02-18 02:00:00+00:00,277.0,201.75
2019-02-18 03:00:00+00:00,307.75,193.75
2019-02-18 04:00:00+00:00,300.25,200.5
2019-02-18 05:00:00+00:00,362.0,217.5
2019-02-18 06:00:00+00:00,415.5,241.5
2019-02-18 07:00:00+00:00,529.25,271.75
2019-02-18 08:00:00+00:00,562.25,262.25
2019-02-18 09:00:00+00:00,617.75,228.25
2019-02-18 10:00:00+00:00,541.75,167.5
2019-02-18 11:00:00+00:00,403.25,143.25
2019-02-18 12:00:00+00:00,374.5,122.0
2019-02-18 13:00:00+00:00,318.5,126.0
2019-02-18 14:00:00+00:00,310.25,159.25
2019-02-18 15:00:00+00:00,434.0,115.5
2019-02-18 16:00:00+00:00,464.75,106.0
2019-02-18 17:00:00+00:00,487.75,137.0
2019-02-18 18:00:00+00:00,462.0,209.0
2019-02-18 19:00:00+00:00,450.75,168.75
2019-02-18 20:00:00+00:00,394.75,175.0
2019-02-18 21:00:00+00:00,506.25,280.25
2019-02-18 22:00:00+00:00,578.0,410.25
2019-02-18 23:00:00+00:00,663.75,437.25
2019-02-19 00:00:00+00:00,735.0,422.5
2019-02-19 01:00:00+00:00,724.75,537.25
2019-02-19 02:00:00+00:00,751.5,609.75
2019-02-19 03:00:00+00:00,783.0,631.25
2019-02-19 04:00:00+00:00,811.75,615.5
2019-02-19 05:00:00+00:00,816.25,670.75
2019-02-19 06:00:00+00:00,809.0,679.5
2019-02-19 07:00:00+00:00,736.0,693.5
2019-02-19 08:00:00+00:00,776.5,694.25
2019-02-19 09:00:00+00:00,774.0,669.25
2019-02-19 10:00:00+00:00,764.75,659.0
2019-02-19 11:00:00+00:00,758.25,661.25
2019-02-19 12:00:00+00:00,772.25,660.25
2019-02-19 13:00:00+00:00,756.25,637.75
2019-02-19 14:00:00+00:00,757.0,616.5
2019-02-19 15:00:00+00:00,693.0,555.5
2019-02-19 16:00:00+00:00,611.0,591.75
2019-02-19 17:00:00+00:00,495.0,525.5
2019-02-19 18:00:00+00:00,543.0,516.75
2019-02-19 19:00:00+00:00,686.0,515.25
2019-02-19 20:00:00+00:00,700.75,502.25
2019-02-19 21:00:00+00:00,596.75,538.25
2019-02-19 22:00:00+00:00,570.5,601.25
2019-02-19 23:00:00+00:00,554.75,582.75
2019-02-20 00:00:00+00:00,504.25,536.0
2019-02-20 01:00:00+00:00,435.75,506.5
2019-02-20 02:00:00+00:00,462.25,450.5
2019-02-20 03:00:00+00:00,468.5,436.75
2019-02-20 04:00:00+00:00,426.25,397.5
2019-02-20 05:00:00+00:00,435.75,358.0
2019-02-20 06:00:00+00:00,468.0,375.75
2019-02-20 07:00:00+00:00,517.75,443.0
2019-02-20 08:00:00+00:00,622.5,455.5
2019-02-20 09:00:00+00:00,701.5,467.0
2019-02-20 10:00:00+00:00,737.25,469.5
2019-02-20 11:00:00+00:00,701.25,477.5
2019-02-20 12:00:00+00:00,700.5,494.5
2019-02-20 13:00:00+00:00,727.5,467.25
2019-02-20 14:00:00+00:00,767.25,485.25
2019-02-20 15:00:00+00:00,814.5,502.5
2019-02-20 16:00:00+00:00,821.0,495.5
2019-02-20 17:00:00+00:00,838.25,452.75
2019-02-20 18:00:00+00:00,842.0,457.5
2019-02-20 19:00:00+00:00,825.75,491.5
2019-02-20 20:00:00+00:00,795.75,561.25
2019-02-20 21:00:00+00:00,757.5,595.75
2019-02-20 22:00:00+00:00,756.0,635.75
2019-02-20 23:00:00+00:00,753.75,677.0
2019-02-21 00:00:00+00:00,768.25,666.0
2019-02-21 01:00:00+00:00,790.0,642.75
2019-02-21 02:00:00+00:00,806.25,627.0
2019-02-21 03:00:00+00:00,788.75,617.0
2019-02-21 04:00:00+00:00,775.0,605.5
2019-02-21 05:00:00+00:00,700.5,575.75
2019-02-21 06:00:00+00:00,677.5,504.25
2019-02-21 07:00:00+00:00,660.0,504.25
2019-02-21 08:00:00+00:00,694.25,471.5
2019-02-21 09:00:00+00:00,709.5,404.25
2019-02-21 10:00:00+00:00,627.0,430.0
2019-02-21 11:00:00+00:00,630.25,482.75
2019-02-21 12:00:00+00:00,528.5,389.75
2019-02-21 13:00:00+00:00,402.25,480.25
2019-02-21 14:00:00+00:00,399.25,508.75
2019-02-21 15:00:00+00:00,314.5,403.5
2019-02-21 16:00:00+00:00,290.5,356.25
2019-02-21 17:00:00+00:00,233.0,278.25
2019-02-21 18:00:00+00:00,233.5,279.0
2019-02-21 19:00:00+00:00,203.25,279.75
2019-02-21 20:00:00+00:00,165.0,228.75
2019-02-21 21:00:00+00:00,102.0,162.25
2019-02-21 22:00:00+00:00,62.75,131.0
2019-02-21 23:00:00+00:00,35.25,110.5
2019-02-22 00:00:00+00:00,22.5,105.0
2019-02-22 01:00:00+00:00,21.25,87.0
2019-02-22 02:00:00+00:00,7.75,70.75
2019-02-22 03:00:00+00:00,8.25,71.25
2019-02-22 04:00:00+00:00,6.0,53.25
2019-02-22 05:00:00+00:00,11.75,41.0
2019-02-22 06:00:00+00:00,2.75,38.25
2019-02-22 07:00:00+00:00,0.0,34.5
2019-02-22 08:00:00+00:00,14.0,31.0
2019-02-22 09:00:00+00:00,20.5,24.25
2019-02-22 10:00:00+00:00,29.5,22.0
2019-02-22 11:00:00+00:00,56.0,27.25
2019-02-22 12:00:00+00:00,55.75,35.0
2019-02-22 13:00:00+00:00,45.0,30.0
2019-02-22 14:00:00+00:00,55.5,32.25
2019-02-22 15:00:00+00:00,23.0,36.75
2019-02-22 16:00:00+00:00,57.5,30.0
2019-02-22 17:00:00+00:00,51.5,42.5
2019-02-22 18:00:00+00:00,53.75,82.5
2019-02-22 19:00:00+00:00,88.75,92.5
2019-02-22 20:00:00+00:00,167.25,122.75
2019-02-22 21:00:00+00:00,249.0,205.25
2019-02-22 22:00:00+00:00,312.0,251.5
2019-02-22 23:00:00+00:00,298.0,304.0
2019-02-23 00:00:00+00:00,182.25,307.25
2019-02-23 01:00:00+00:00,251.0,286.25
2019-02-23 02:00:00+00:00,272.0,263.25
2019-02-23 03:00:00+00:00,242.5,263.75
2019-02-23 04:00:00+00:00,201.75,231.25
2019-02-23 05:00:00+00:00,220.0,215.0
2019-02-23 06:00:00+00:00,239.25,254.0
2019-02-23 07:00:00+00:00,304.5,276.5
2019-02-23 08:00:00+00:00,321.75,212.25
2019-02-23 09:00:00+00:00,289.25,132.75
2019-02-23 10:00:00+00:00,174.0,89.5
2019-02-23 11:00:00+00:00,103.0,58.0
2019-02-23 12:00:00+00:00,50.75,52.25
2019-02-23 13:00:00+00:00,26.0,55.0
2019-02-23 14:00:00+00:00,39.5,65.0
2019-02-23 15:00:00+00:00,56.5,62.5
2019-02-23 16:00:00+00:00,115.25,89.25
2019-02-23 17:00:00+00:00,225.5,241.25
2019-02-23 18:00:00+00:00,255.0,378.0
2019-02-23 19:00:00+00:00,280.5,305.0
2019-02-23 20:00:00+00:00,351.75,252.0
2019-02-23 21:00:00+00:00,315.5,292.5
2019-02-23 22:00:00+00:00,270.0,316.25
2019-02-23 23:00:00+00:00,183.0,254.75
2019-02-24 00:00:00+00:00,156.75,199.0
2019-02-24 01:00:00+00:00,68.25,175.25
2019-02-24 02:00:00+00:00,86.75,95.25
2019-02-24 03:00:00+00:00,91.0,66.5
2019-02-24 04:00:00+00:00,38.5,74.5
2019-02-24 05:00:00+00:00,16.5,93.5
2019-02-24 06:00:00+00:00,24.0,84.25
2019-02-24 07:00:00+00:00,22.75,88.75
2019-02-24 08:00:00+00:00,3.25,62.25
2019-02-24 09:00:00+00:00,2.75,28.5
2019-02-24 10:00:00+00:00,5.5,19.0
2019-02-24 11:00:00+00:00,2.0,20.5
2019-02-24 12:00:00+00:00,8.0,25.0
2019-02-24 13:00:00+00:00,5.5,33.25
2019-02-24 14:00:00+00:00,0.25,27.0
2019-02-24 15:00:00+00:00,0.5,21.5
2019-02-24 16:00:00+00:00,0.5,28.75
2019-02-24 17:00:00+00:00,0.0,31.0
2019-02-24 18:00:00+00:00,2.75,34.25
2019-02-24 19:00:00+00:00,6.0,40.25
2019-02-24 20:00:00+00:00,12.25,45.5
2019-02-24 21:00:00+00:00,15.5,49.0
2019-02-24 22:00:00+00:00,28.5,49.25
2019-02-24 23:00:00+00:00,38.5,42.25
2019-02-25 00:00:00+00:00,39.0,56.0
2019-02-25 01:00:00+00:00,38.25,71.5
2019-02-25 02:00:00+00:00,66.75,85.75
2019-02-25 03:00:00+00:00,78.25,84.75
2019-02-25 04:00:00+00:00,21.0,73.0
2019-02-25 05:00:00+00:00,0.0,67.0
2019-02-25 06:00:00+00:00,10.75,34.5
2019-02-25 07:00:00+00:00,4.25,20.75
2019-02-25 08:00:00+00:00,17.0,22.0
2019-02-25 09:00:00+00:00,6.0,26.25
2019-02-25 10:00:00+00:00,7.5,34.5
2019-02-25 11:00:00+00:00,0.5,34.0
2019-02-25 12:00:00+00:00,6.5,21.75
2019-02-25 13:00:00+00:00,19.5,23.0
2019-02-25 14:00:00+00:00,16.5,25.5
2019-02-25 15:00:00+00:00,16.25,27.5
2019-02-25 16:00:00+00:00,18.0,31.25
2019-02-25 17:00:00+00:00,12.25,40.0
2019-02-25 18:00:00+00:00,22.75,58.0
2019-02-25 19:00:00+00:00,13.75,65.0
2019-02-25 20:00:00+00:00,23.5,70.5
2019-02-25 21:00:00+00:00,36.75,58.0
2019-02-25 22:00:00+00:00,27.25,46.5
2019-02-25 23:00:00+00:00,16.75,42.25
2019-02-26 00:00:00+00:00,13.0,38.0
2019-02-26 01:00:00+00:00,1.0,34.5
2019-02-26 02:00:00+00:00,11.75,24.5
2019-02-26 03:00:00+00:00,25.5,21.5
2019-02-26 04:00:00+00:00,11.0,20.5
2019-02-26 05:00:00+00:00,2.0,20.5
2019-02-26 06:00:00+00:00,2.0,20.0
2019-02-26 07:00:00+00:00,10.0,23.25
2019-02-26 08:00:00+00:00,5.5,26.0
2019-02-26 09:00:00+00:00,7.5,21.25
2019-02-26 10:00:00+00:00,4.75,21.5
2019-02-26 11:00:00+00:00,4.25,20.0
2019-02-26 12:00:00+00:00,2.25,19.0
2019-02-26 13:00:00+00:00,9.25,19.25
2019-02-26 14:00:00+00:00,0.0,19.75
2019-02-26 15:00:00+00:00,0.0,19.25
2019-02-26 16:00:00+00:00,1.75,21.0
2019-02-26 17:00:00+00:00,1.25,30.5
2019-02-26 18:00:00+00:00,13.25,44.5
2019-02-26 19:00:00+00:00,36.75,57.25
2019-02-26 20:00:00+00:00,33.0,70.0
2019-02-26 21:00:00+00:00,22.0,106.0
2019-02-26 22:00:00+00:00,39.5,116.0
2019-02-26 23:00:00+00:00,42.25,115.0
2019-02-27 00:00:00+00:00,67.5,142.75
2019-02-27 01:00:00+00:00,74.25,180.0
2019-02-27 02:00:00+00:00,116.0,198.75
2019-02-27 03:00:00+00:00,170.25,151.0
2019-02-27 04:00:00+00:00,152.25,122.0
2019-02-27 05:00:00+00:00,142.25,147.25
2019-02-27 06:00:00+00:00,143.0,160.25
2019-02-27 07:00:00+00:00,98.0,144.5
2019-02-27 08:00:00+00:00,88.25,119.0
2019-02-27 09:00:00+00:00,93.0,102.5
2019-02-27 10:00:00+00:00,75.25,45.0
2019-02-27 11:00:00+00:00,92.25,53.25
2019-02-27 12:00:00+00:00,92.75,71.25
2019-02-27 13:00:00+00:00,152.75,59.75
2019-02-27 14:00:00+00:00,194.5,51.25
2019-02-27 15:00:00+00:00,184.5,55.75
2019-02-27 16:00:00+00:00,243.5,89.75
2019-02-27 17:00:00+00:00,200.75,190.5
2019-02-27 18:00:00+00:00,200.0,301.5
2019-02-27 19:00:00+00:00,264.25,425.5
2019-02-27 20:00:00+00:00,286.0,489.5
2019-02-27 21:00:00+00:00,349.25,448.75
2019-02-27 22:00:00+00:00,423.25,392.0
2019-02-27 23:00:00+00:00,336.5,386.0
2019-02-28 00:00:00+00:00,263.0,292.5
2019-02-28 01:00:00+00:00,245.0,204.75
2019-02-28 02:00:00+00:00,251.75,186.0
2019-02-28 03:00:00+00:00,257.5,170.75
2019-02-28 04:00:00+00:00,208.5,143.0
2019-02-28 05:00:00+00:00,123.0,104.25
2019-02-28 06:00:00+00:00,72.0,74.0
2019-02-28 07:00:00+00:00,69.75,65.25
2019-02-28 08:00:00+00:00,34.25,98.5
2019-02-28 09:00:00+00:00,43.0,154.5
2019-02-28 10:00:00+00:00,88.25,198.0
2019-02-28 11:00:00+00:00,102.75,251.75
2019-02-28 12:00:00+00:00,151.75,304.5
2019-02-28 13:00:00+00:00,188.0,389.0
2019-02-28 14:00:00+00:00,194.0,549.25
2019-02-28 15:00:00+00:00,286.25,566.0
2019-02-28 16:00:00+00:00,259.0,443.25
2019-02-28 17:00:00+00:00,204.0,422.5
2019-02-28 18:00:00+00:00,208.5,333.5
2019-02-28 19:00:00+00:00,144.5,290.75
2019-02-28 20:00:00+00:00,113.25,304.75
2019-02-28 21:00:00+00:00,79.75,287.75
2019-02-28 22:00:00+00:00,86.0,242.0
2019-02-28 23:00:00+00:00,112.25,170.75
2019-03-01 00:00:00+00:00,133.0,128.25
2019-03-01 01:00:00+00:00,172.25,143.25
2019-03-01 02:00:00+00:00,160.0,194.5
2019-03-01 03:00:00+00:00,207.25,189.5
2019-03-01 04:00:00+00:00,414.75,166.75
2019-03-01 05:00:00+00:00,473.25,332.0
2019-03-01 06:00:00+00:00,407.25,399.75
2019-03-01 07:00:00+00:00,345.25,321.5
2019-03-01 08:00:00+00:00,359.75,290.75
2019-03-01 09:00:00+00:00,417.25,239.0
2019-03-01 10:00:00+00:00,419.25,269.75
2019-03-01 11:00:00+00:00,347.0,245.0
2019-03-01 12:00:00+00:00,243.75,191.0
2019-03-01 13:00:00+00:00,216.0,128.5
2019-03-01 14:00:00+00:00,232.5,171.0
2019-03-01 15:00:00+00:00,238.5,144.25
2019-03-01 16:00:00+00:00,202.75,126.0
2019-03-01 17:00:00+00:00,165.0,95.0
2019-03-01 18:00:00+00:00,138.5,69.25
2019-03-01 19:00:00+00:00,138.5,77.5
2019-03-01 20:00:00+00:00,131.75,79.0
2019-03-01 21:00:00+00:00,113.5,55.0
2019-03-01 22:00:00+00:00,72.25,58.5
2019-03-01 23:00:00+00:00,49.25,48.75
2019-03-02 00:00:00+00:00,32.25,45.25
2019-03-02 01:00:00+00:00,36.0,65.0
2019-03-02 02:00:00+00:00,49.75,88.5
2019-03-02 03:00:00+00:00,54.0,85.75
2019-03-02 04:00:00+00:00,81.5,94.5
2019-03-02 05:00:00+00:00,141.25,109.0
2019-03-02 06:00:00+00:00,206.5,138.5
2019-03-02 07:00:00+00:00,260.0,165.5
2019-03-02 08:00:00+00:00,287.25,188.25
2019-03-02 09:00:00+00:00,409.5,194.25
2019-03-02 10:00:00+00:00,551.5,213.0
2019-03-02 11:00:00+00:00,625.25,217.5
2019-03-02 12:00:00+00:00,657.0,245.0
2019-03-02 13:00:00+00:00,581.25,282.5
2019-03-02 14:00:00+00:00,605.25,353.25
2019-03-02 15:00:00+00:00,694.25,452.25
2019-03-02 16:00:00+00:00,819.75,488.75
2019-03-02 17:00:00+00:00,820.0,436.75
2019-03-02 18:00:00+00:00,853.25,557.25
2019-03-02 19:00:00+00:00,881.25,743.25
2019-03-02 20:00:00+00:00,883.25,840.25
2019-03-02 21:00:00+00:00,884.75,862.25
2019-03-02 22:00:00+00:00,885.25,875.5
2019-03-02 23:00:00+00:00,881.25,870.25
2019-03-03 00:00:00+00:00,878.5,880.75
2019-03-03 01:00:00+00:00,873.75,887.25
2019-03-03 02:00:00+00:00,876.0,890.0
2019-03-03 03:00:00+00:00,877.0,890.5
2019-03-03 04:00:00+00:00,875.5,890.0
2019-03-03 05:00:00+00:00,865.5,884.75
2019-03-03 06:00:00+00:00,863.0,869.5
2019-03-03 07:00:00+00:00,855.0,840.25
2019-03-03 08:00:00+00:00,788.75,820.75
2019-03-03 09:00:00+00:00,707.25,775.0
2019-03-03 10:00:00+00:00,708.75,586.5
2019-03-03 11:00:00+00:00,722.75,681.25
2019-03-03 12:00:00+00:00,761.5,818.5
2019-03-03 13:00:00+00:00,822.0,806.75
2019-03-03 14:00:00+00:00,674.0,788.25
2019-03-03 15:00:00+00:00,489.5,828.0
2019-03-03 16:00:00+00:00,695.5,873.25
2019-03-03 17:00:00+00:00,876.75,853.25
2019-03-03 18:00:00+00:00,873.0,872.5
2019-03-03 19:00:00+00:00,876.0,883.0
2019-03-03 20:00:00+00:00,878.0,884.75
2019-03-03 21:00:00+00:00,878.25,881.5
2019-03-03 22:00:00+00:00,867.25,885.5
2019-03-03 23:00:00+00:00,808.25,866.25
2019-03-04 00:00:00+00:00,850.25,881.25
2019-03-04 01:00:00+00:00,876.0,880.0
2019-03-04 02:00:00+00:00,875.0,888.0
2019-03-04 03:00:00+00:00,862.75,874.75
2019-03-04 04:00:00+00:00,851.25,868.0
2019-03-04 05:00:00+00:00,842.25,829.75
2019-03-04 06:00:00+00:00,812.0,862.25
2019-03-04 07:00:00+00:00,876.5,855.5
2019-03-04 08:00:00+00:00,875.5,812.5
2019-03-04 09:00:00+00:00,876.0,824.0
2019-03-04 10:00:00+00:00,874.25,871.25
2019-03-04 11:00:00+00:00,847.25,885.0
2019-03-04 12:00:00+00:00,782.5,887.75
2019-03-04 13:00:00+00:00,769.75,887.75
2019-03-04 14:00:00+00:00,789.25,890.0
2019-03-04 15:00:00+00:00,806.5,876.25
2019-03-04 16:00:00+00:00,808.5,867.75
2019-03-04 17:00:00+00:00,834.75,887.5
2019-03-04 18:00:00+00:00,860.75,896.5
2019-03-04 19:00:00+00:00,869.75,879.0
2019-03-04 20:00:00+00:00,865.75,898.5
2019-03-04 21:00:00+00:00,851.75,897.75
2019-03-04 22:00:00+00:00,851.25,890.5
2019-03-04 23:00:00+00:00,852.5,894.0
2019-03-05 00:00:00+00:00,850.75,895.0
2019-03-05 01:00:00+00:00,852.25,885.25
2019-03-05 02:00:00+00:00,849.5,879.75
2019-03-05 03:00:00+00:00,845.5,843.0
2019-03-05 04:00:00+00:00,846.75,797.0
2019-03-05 05:00:00+00:00,840.75,748.25
2019-03-05 06:00:00+00:00,827.0,696.25
2019-03-05 07:00:00+00:00,792.0,637.0
2019-03-05 08:00:00+00:00,733.0,598.0
2019-03-05 09:00:00+00:00,782.5,598.0
2019-03-05 10:00:00+00:00,747.5,584.0
2019-03-05 11:00:00+00:00,759.75,615.5
2019-03-05 12:00:00+00:00,718.5,617.25
2019-03-05 13:00:00+00:00,653.5,651.0
2019-03-05 14:00:00+00:00,654.5,624.75
2019-03-05 15:00:00+00:00,607.75,628.5
2019-03-05 16:00:00+00:00,682.75,471.0
2019-03-05 17:00:00+00:00,699.0,432.25
2019-03-05 18:00:00+00:00,736.75,470.5
2019-03-05 19:00:00+00:00,768.0,442.75
2019-03-05 20:00:00+00:00,752.5,408.5
2019-03-05 21:00:00+00:00,683.5,472.25
2019-03-05 22:00:00+00:00,771.5,485.0
2019-03-05 23:00:00+00:00,737.75,451.75
2019-03-06 00:00:00+00:00,663.25,466.25
2019-03-06 01:00:00+00:00,672.0,445.25
2019-03-06 02:00:00+00:00,712.25,428.5
2019-03-06 03:00:00+00:00,755.75,471.5
2019-03-06 04:00:00+00:00,788.0,508.0
2019-03-06 05:00:00+00:00,769.25,532.5
2019-03-06 06:00:00+00:00,860.0,624.0
2019-03-06 07:00:00+00:00,862.75,704.25
2019-03-06 08:00:00+00:00,860.25,778.5
2019-03-06 09:00:00+00:00,865.25,756.75
2019-03-06 10:00:00+00:00,857.0,762.5
2019-03-06 11:00:00+00:00,843.75,732.25
2019-03-06 12:00:00+00:00,836.5,666.0
2019-03-06 13:00:00+00:00,835.75,617.75
2019-03-06 14:00:00+00:00,833.25,545.25
2019-03-06 15:00:00+00:00,832.25,549.75
2019-03-06 16:00:00+00:00,840.5,586.25
2019-03-06 17:00:00+00:00,839.25,636.75
2019-03-06 18:00:00+00:00,837.25,684.25
2019-03-06 19:00:00+00:00,831.75,664.5
2019-03-06 20:00:00+00:00,828.75,658.75
2019-03-06 21:00:00+00:00,824.25,629.0
2019-03-06 22:00:00+00:00,823.0,654.5
2019-03-06 23:00:00+00:00,822.5,623.5
2019-03-07 00:00:00+00:00,803.5,570.0
2019-03-07 01:00:00+00:00,815.5,473.25
2019-03-07 02:00:00+00:00,772.25,383.0
2019-03-07 03:00:00+00:00,716.5,338.25
2019-03-07 04:00:00+00:00,729.0,363.25
2019-03-07 05:00:00+00:00,697.0,432.25
2019-03-07 06:00:00+00:00,767.75,652.75
2019-03-07 07:00:00+00:00,726.0,864.75
2019-03-07 08:00:00+00:00,812.0,889.0
2019-03-07 09:00:00+00:00,828.5,883.0
2019-03-07 10:00:00+00:00,832.75,881.5
2019-03-07 11:00:00+00:00,831.25,890.75
2019-03-07 12:00:00+00:00,824.5,882.5
2019-03-07 13:00:00+00:00,823.0,885.25
2019-03-07 14:00:00+00:00,821.5,881.0
2019-03-07 15:00:00+00:00,817.75,870.0
2019-03-07 16:00:00+00:00,817.25,834.25
2019-03-07 17:00:00+00:00,813.75,891.0
2019-03-07 18:00:00+00:00,785.5,897.25
2019-03-07 19:00:00+00:00,806.0,896.5
2019-03-07 20:00:00+00:00,801.75,899.5
2019-03-07 21:00:00+00:00,804.25,901.5
2019-03-07 22:00:00+00:00,806.5,898.25
2019-03-07 23:00:00+00:00,806.75,899.0
2019-03-08 00:00:00+00:00,804.5,894.5
2019-03-08 01:00:00+00:00,803.25,881.0
2019-03-08 02:00:00+00:00,805.0,875.75
2019-03-08 03:00:00+00:00,805.75,869.5
2019-03-08 04:00:00+00:00,801.75,841.75
2019-03-08 05:00:00+00:00,792.5,798.0
2019-03-08 06:00:00+00:00,781.75,729.75
2019-03-08 07:00:00+00:00,756.25,668.25
2019-03-08 08:00:00+00:00,749.25,541.75
2019-03-08 09:00:00+00:00,687.75,394.0
2019-03-08 10:00:00+00:00,593.0,336.75
2019-03-08 11:00:00+00:00,390.75,215.0
2019-03-08 12:00:00+00:00,298.25,226.5
2019-03-08 13:00:00+00:00,302.0,317.75
2019-03-08 14:00:00+00:00,385.75,426.0
2019-03-08 15:00:00+00:00,597.75,391.0
2019-03-08 16:00:00+00:00,733.0,443.75
2019-03-08 17:00:00+00:00,790.0,500.0
2019-03-08 18:00:00+00:00,813.0,579.25
2019-03-08 19:00:00+00:00,840.5,688.75
2019-03-08 20:00:00+00:00,844.75,699.75
2019-03-08 21:00:00+00:00,860.75,780.5
2019-03-08 22:00:00+00:00,830.75,775.25
2019-03-08 23:00:00+00:00,812.0,849.5
2019-03-09 00:00:00+00:00,811.25,868.5
2019-03-09 01:00:00+00:00,808.25,897.75
2019-03-09 02:00:00+00:00,806.0,901.5
2019-03-09 03:00:00+00:00,799.25,890.25
2019-03-09 04:00:00+00:00,804.75,880.25
2019-03-09 05:00:00+00:00,807.25,886.25
2019-03-09 06:00:00+00:00,807.5,869.75
2019-03-09 07:00:00+00:00,803.75,868.0
2019-03-09 08:00:00+00:00,805.75,856.25
2019-03-09 09:00:00+00:00,805.0,878.0
2019-03-09 10:00:00+00:00,780.5,879.75
2019-03-09 11:00:00+00:00,799.0,893.0
2019-03-09 12:00:00+00:00,807.5,895.5
2019-03-09 13:00:00+00:00,793.5,878.25
2019-03-09 14:00:00+00:00,768.5,842.25
2019-03-09 15:00:00+00:00,809.0,883.0
2019-03-09 16:00:00+00:00,813.75,830.25
2019-03-09 17:00:00+00:00,809.5,844.5
2019-03-09 18:00:00+00:00,804.5,794.5
2019-03-09 19:00:00+00:00,813.0,766.25
2019-03-09 20:00:00+00:00,811.0,804.25
2019-03-09 21:00:00+00:00,801.75,820.0
2019-03-09 22:00:00+00:00,783.25,744.75
2019-03-09 23:00:00+00:00,755.25,638.25
2019-03-10 00:00:00+00:00,666.0,445.5
2019-03-10 01:00:00+00:00,600.75,372.5
2019-03-10 02:00:00+00:00,575.5,242.0
2019-03-10 03:00:00+00:00,465.0,219.0
2019-03-10 04:00:00+00:00,273.5,190.0
2019-03-10 05:00:00+00:00,113.75,98.0
2019-03-10 06:00:00+00:00,65.75,80.75
2019-03-10 07:00:00+00:00,50.25,70.5
2019-03-10 08:00:00+00:00,74.75,138.75
2019-03-10 09:00:00+00:00,62.0,251.75
2019-03-10 10:00:00+00:00,65.0,275.25
2019-03-10 11:00:00+00:00,122.75,289.0
2019-03-10 12:00:00+00:00,267.0,339.75
2019-03-10 13:00:00+00:00,297.25,523.25
2019-03-10 14:00:00+00:00,433.5,510.5
2019-03-10 15:00:00+00:00,615.5,634.5
2019-03-10 16:00:00+00:00,592.5,653.5
2019-03-10 17:00:00+00:00,490.5,644.5
2019-03-10 18:00:00+00:00,573.75,636.75
2019-03-10 19:00:00+00:00,790.0,751.0
2019-03-10 20:00:00+00:00,534.25,806.25
2019-03-10 21:00:00+00:00,539.75,792.0
2019-03-10 22:00:00+00:00,705.75,772.5
2019-03-10 23:00:00+00:00,721.5,802.5
2019-03-11 00:00:00+00:00,631.75,829.25
2019-03-11 01:00:00+00:00,816.75,838.75
2019-03-11 02:00:00+00:00,811.0,815.0
2019-03-11 03:00:00+00:00,814.5,834.5
2019-03-11 04:00:00+00:00,812.25,792.5
2019-03-11 05:00:00+00:00,791.25,783.5
2019-03-11 06:00:00+00:00,818.75,800.75
2019-03-11 07:00:00+00:00,832.5,836.0
2019-03-11 08:00:00+00:00,821.25,854.5
2019-03-11 09:00:00+00:00,833.5,825.5
2019-03-11 10:00:00+00:00,829.0,861.25
2019-03-11 11:00:00+00:00,827.75,869.0
2019-03-11 12:00:00+00:00,828.75,861.0
2019-03-11 13:00:00+00:00,827.25,864.25
2019-03-11 14:00:00+00:00,815.25,866.5
2019-03-11 15:00:00+00:00,724.5,853.75
2019-03-11 16:00:00+00:00,753.75,777.0
2019-03-11 17:00:00+00:00,780.0,754.0
2019-03-11 18:00:00+00:00,669.25,597.5
2019-03-11 19:00:00+00:00,645.75,400.25
2019-03-11 20:00:00+00:00,430.5,288.75
2019-03-11 21:00:00+00:00,254.0,224.25
2019-03-11 22:00:00+00:00,230.25,201.25
2019-03-11 23:00:00+00:00,293.25,246.5
2019-03-12 00:00:00+00:00,441.5,355.0
2019-03-12 01:00:00+00:00,561.25,467.75
2019-03-12 02:00:00+00:00,787.5,579.0
2019-03-12 03:00:00+00:00,822.5,658.75
2019-03-12 04:00:00+00:00,835.0,681.75
2019-03-12 05:00:00+00:00,833.25,756.0
2019-03-12 06:00:00+00:00,837.5,768.5
2019-03-12 07:00:00+00:00,842.25,802.75
2019-03-12 08:00:00+00:00,841.0,863.25
2019-03-12 09:00:00+00:00,831.5,864.0
2019-03-12 10:00:00+00:00,829.25,878.0
2019-03-12 11:00:00+00:00,818.0,880.25
2019-03-12 12:00:00+00:00,817.25,876.0
2019-03-12 13:00:00+00:00,837.5,885.5
2019-03-12 14:00:00+00:00,840.5,889.25
2019-03-12 15:00:00+00:00,836.75,898.25
2019-03-12 16:00:00+00:00,821.75,895.25
2019-03-12 17:00:00+00:00,823.75,898.0
2019-03-12 18:00:00+00:00,783.0,896.0
2019-03-12 19:00:00+00:00,823.25,880.75
2019-03-12 20:00:00+00:00,832.75,888.5
2019-03-12 21:00:00+00:00,813.5,815.0
2019-03-12 22:00:00+00:00,820.25,867.0
2019-03-12 23:00:00+00:00,818.25,887.25
2019-03-13 00:00:00+00:00,818.5,878.0
2019-03-13 01:00:00+00:00,819.0,893.5
2019-03-13 02:00:00+00:00,818.0,895.0
2019-03-13 03:00:00+00:00,810.0,895.75
2019-03-13 04:00:00+00:00,785.0,898.75
2019-03-13 05:00:00+00:00,760.25,902.0
2019-03-13 06:00:00+00:00,773.25,892.0
2019-03-13 07:00:00+00:00,796.5,884.25
2019-03-13 08:00:00+00:00,802.25,886.5
2019-03-13 09:00:00+00:00,821.5,888.25
2019-03-13 10:00:00+00:00,822.5,889.25
2019-03-13 11:00:00+00:00,821.25,889.5
2019-03-13 12:00:00+00:00,819.5,894.5
2019-03-13 13:00:00+00:00,816.0,895.75
2019-03-13 14:00:00+00:00,818.75,898.0
2019-03-13 15:00:00+00:00,818.0,901.25
2019-03-13 16:00:00+00:00,817.75,858.75
2019-03-13 17:00:00+00:00,814.0,893.0
2019-03-13 18:00:00+00:00,802.0,883.25
2019-03-13 19:00:00+00:00,793.5,859.75
2019-03-13 20:00:00+00:00,797.25,831.5
2019-03-13 21:00:00+00:00,797.75,834.0
2019-03-13 22:00:00+00:00,794.0,828.5
2019-03-13 23:00:00+00:00,789.25,784.75
2019-03-14 00:00:00+00:00,791.5,777.25
2019-03-14 01:00:00+00:00,788.5,766.75
2019-03-14 02:00:00+00:00,792.5,780.0
2019-03-14 03:00:00+00:00,789.5,822.25
2019-03-14 04:00:00+00:00,794.0,813.25
2019-03-14 05:00:00+00:00,794.5,804.5
2019-03-14 06:00:00+00:00,797.0,834.25
2019-03-14 07:00:00+00:00,802.0,850.25
2019-03-14 08:00:00+00:00,801.0,844.25
2019-03-14 09:00:00+00:00,797.25,843.75
2019-03-14 10:00:00+00:00,794.5,846.5
2019-03-14 11:00:00+00:00,793.25,845.25
2019-03-14 12:00:00+00:00,779.5,825.75
2019-03-14 13:00:00+00:00,792.75,863.0
2019-03-14 14:00:00+00:00,790.5,891.25
2019-03-14 15:00:00+00:00,789.0,895.0
2019-03-14 16:00:00+00:00,789.0,842.0
2019-03-14 17:00:00+00:00,789.5,856.25
2019-03-14 18:00:00+00:00,784.75,826.0
2019-03-14 19:00:00+00:00,791.0,760.5
2019-03-14 20:00:00+00:00,788.75,825.75
2019-03-14 21:00:00+00:00,786.75,864.5
2019-03-14 22:00:00+00:00,778.0,848.0
2019-03-14 23:00:00+00:00,774.0,785.5
2019-03-15 00:00:00+00:00,772.5,759.75
2019-03-15 01:00:00+00:00,768.75,746.75
2019-03-15 02:00:00+00:00,760.75,667.0
2019-03-15 03:00:00+00:00,762.25,558.75
2019-03-15 04:00:00+00:00,641.25,510.0
2019-03-15 05:00:00+00:00,622.5,579.25
2019-03-15 06:00:00+00:00,730.25,547.5
2019-03-15 07:00:00+00:00,787.25,657.75
2019-03-15 08:00:00+00:00,796.75,795.75
2019-03-15 09:00:00+00:00,795.0,862.75
2019-03-15 10:00:00+00:00,795.5,875.5
2019-03-15 11:00:00+00:00,792.25,892.5
2019-03-15 12:00:00+00:00,795.0,893.0
2019-03-15 13:00:00+00:00,781.0,897.25
2019-03-15 14:00:00+00:00,776.25,897.75
2019-03-15 15:00:00+00:00,772.75,888.5
2019-03-15 16:00:00+00:00,770.0,839.0
2019-03-15 17:00:00+00:00,786.75,817.25
2019-03-15 18:00:00+00:00,770.0,800.0
2019-03-15 19:00:00+00:00,783.75,835.75
2019-03-15 20:00:00+00:00,780.75,852.0
2019-03-15 21:00:00+00:00,783.25,845.5
2019-03-15 22:00:00+00:00,777.75,763.75
2019-03-15 23:00:00+00:00,755.5,715.25
2019-03-16 00:00:00+00:00,708.25,717.5
2019-03-16 01:00:00+00:00,662.5,616.0
2019-03-16 02:00:00+00:00,577.75,500.25
2019-03-16 03:00:00+00:00,543.5,286.5
2019-03-16 04:00:00+00:00,505.5,290.0
2019-03-16 05:00:00+00:00,402.75,329.5
2019-03-16 06:00:00+00:00,393.0,383.75
2019-03-16 07:00:00+00:00,606.5,427.5
2019-03-16 08:00:00+00:00,458.25,723.0
2019-03-16 09:00:00+00:00,462.5,823.75
2019-03-16 10:00:00+00:00,641.0,844.5
2019-03-16 11:00:00+00:00,812.5,873.75
2019-03-16 12:00:00+00:00,838.25,797.25
2019-03-16 13:00:00+00:00,834.25,786.0
2019-03-16 14:00:00+00:00,834.75,782.5
2019-03-16 15:00:00+00:00,828.75,778.0
2019-03-16 16:00:00+00:00,823.75,771.0
2019-03-16 17:00:00+00:00,800.0,768.5
2019-03-16 18:00:00+00:00,719.0,759.25
2019-03-16 19:00:00+00:00,715.75,773.25
2019-03-16 20:00:00+00:00,711.0,781.5
2019-03-16 21:00:00+00:00,704.25,774.75
2019-03-16 22:00:00+00:00,665.0,775.25
2019-03-16 23:00:00+00:00,689.5,771.5
2019-03-17 00:00:00+00:00,730.75,770.75
2019-03-17 01:00:00+00:00,765.75,765.25
2019-03-17 02:00:00+00:00,733.75,767.0
2019-03-17 03:00:00+00:00,666.25,676.75
2019-03-17 04:00:00+00:00,750.0,429.25
2019-03-17 05:00:00+00:00,761.25,521.75
2019-03-17 06:00:00+00:00,694.0,544.0
2019-03-17 07:00:00+00:00,767.0,577.75
2019-03-17 08:00:00+00:00,784.25,594.5
2019-03-17 09:00:00+00:00,764.5,630.25
2019-03-17 10:00:00+00:00,773.5,686.75
2019-03-17 11:00:00+00:00,780.75,731.0
2019-03-17 12:00:00+00:00,779.0,743.75
2019-03-17 13:00:00+00:00,791.0,763.75
2019-03-17 14:00:00+00:00,788.5,754.0
2019-03-17 15:00:00+00:00,783.0,746.5
2019-03-17 16:00:00+00:00,770.75,666.0
2019-03-17 17:00:00+00:00,777.75,641.75
2019-03-17 18:00:00+00:00,760.0,618.5
2019-03-17 19:00:00+00:00,762.5,652.75
2019-03-17 20:00:00+00:00,774.75,654.25
2019-03-17 21:00:00+00:00,777.0,682.5
2019-03-17 22:00:00+00:00,769.25,707.0
2019-03-17 23:00:00+00:00,760.0,670.75
2019-03-18 00:00:00+00:00,717.75,622.75
2019-03-18 01:00:00+00:00,755.25,584.0
2019-03-18 02:00:00+00:00,757.25,550.0
2019-03-18 03:00:00+00:00,746.75,580.5
2019-03-18 04:00:00+00:00,729.75,561.5
2019-03-18 05:00:00+00:00,748.5,609.0
2019-03-18 06:00:00+00:00,704.5,544.0
2019-03-18 07:00:00+00:00,694.25,538.5
2019-03-18 08:00:00+00:00,751.0,513.0
2019-03-18 09:00:00+00:00,705.75,527.25
2019-03-18 10:00:00+00:00,669.25,490.25
2019-03-18 11:00:00+00:00,653.75,487.25
2019-03-18 12:00:00+00:00,639.0,481.75
2019-03-18 13:00:00+00:00,636.5,475.5
2019-03-18 14:00:00+00:00,593.0,471.25
2019-03-18 15:00:00+00:00,608.0,402.5
2019-03-18 16:00:00+00:00,577.5,326.0
2019-03-18 17:00:00+00:00,544.25,301.25
2019-03-18 18:00:00+00:00,520.0,261.75
2019-03-18 19:00:00+00:00,500.75,215.25
2019-03-18 20:00:00+00:00,430.25,157.25
2019-03-18 21:00:00+00:00,371.75,139.0
2019-03-18 22:00:00+00:00,322.75,117.25
2019-03-18 23:00:00+00:00,290.5,120.25
2019-03-19 00:00:00+00:00,248.0,107.75
2019-03-19 01:00:00+00:00,199.25,103.75
2019-03-19 02:00:00+00:00,182.0,93.25
2019-03-19 03:00:00+00:00,184.75,80.0
2019-03-19 04:00:00+00:00,168.25,66.25
2019-03-19 05:00:00+00:00,138.75,49.75
2019-03-19 06:00:00+00:00,85.75,52.25
2019-03-19 07:00:00+00:00,64.75,42.75
2019-03-19 08:00:00+00:00,36.0,43.5
2019-03-19 09:00:00+00:00,23.75,34.25
2019-03-19 10:00:00+00:00,37.5,34.5
2019-03-19 11:00:00+00:00,61.0,46.75
2019-03-19 12:00:00+00:00,64.25,44.25
2019-03-19 13:00:00+00:00,71.0,39.75
2019-03-19 14:00:00+00:00,69.0,40.5
2019-03-19 15:00:00+00:00,91.0,41.5
2019-03-19 16:00:00+00:00,101.25,38.25
2019-03-19 17:00:00+00:00,134.25,39.0
2019-03-19 18:00:00+00:00,161.0,51.75
2019-03-19 19:00:00+00:00,172.25,67.0
2019-03-19 20:00:00+00:00,263.25,80.75
2019-03-19 21:00:00+00:00,258.75,133.0
2019-03-19 22:00:00+00:00,288.25,200.25
2019-03-19 23:00:00+00:00,385.75,255.75
2019-03-20 00:00:00+00:00,468.25,306.0
2019-03-20 01:00:00+00:00,593.0,321.75
2019-03-20 02:00:00+00:00,643.5,350.5
2019-03-20 03:00:00+00:00,639.75,358.75
2019-03-20 04:00:00+00:00,594.25,317.25
2019-03-20 05:00:00+00:00,512.5,341.25
2019-03-20 06:00:00+00:00,390.25,355.5
2019-03-20 07:00:00+00:00,334.0,293.75
2019-03-20 08:00:00+00:00,276.5,277.5
2019-03-20 09:00:00+00:00,305.75,257.75
2019-03-20 10:00:00+00:00,258.5,252.0
2019-03-20 11:00:00+00:00,177.75,210.25
2019-03-20 12:00:00+00:00,199.5,204.0
2019-03-20 13:00:00+00:00,244.0,202.0
2019-03-20 14:00:00+00:00,207.25,197.25
2019-03-20 15:00:00+00:00,212.25,181.25
2019-03-20 16:00:00+00:00,239.25,173.5
2019-03-20 17:00:00+00:00,276.75,178.0
2019-03-20 18:00:00+00:00,356.75,201.25
2019-03-20 19:00:00+00:00,407.5,259.5
2019-03-20 20:00:00+00:00,379.0,293.0
2019-03-20 21:00:00+00:00,414.75,220.25
2019-03-20 22:00:00+00:00,542.0,202.25
2019-03-20 23:00:00+00:00,600.25,203.0
2019-03-21 00:00:00+00:00,575.0,193.75
2019-03-21 01:00:00+00:00,630.0,160.25
2019-03-21 02:00:00+00:00,606.5,194.0
2019-03-21 03:00:00+00:00,595.75,160.75
2019-03-21 04:00:00+00:00,585.5,149.25
2019-03-21 05:00:00+00:00,520.0,210.5
2019-03-21 06:00:00+00:00,553.5,232.0
2019-03-21 07:00:00+00:00,581.0,217.5
2019-03-21 08:00:00+00:00,574.5,197.75
2019-03-21 09:00:00+00:00,585.5,199.0
2019-03-21 10:00:00+00:00,563.0,173.25
2019-03-21 11:00:00+00:00,528.5,175.5
2019-03-21 12:00:00+00:00,502.75,181.25
2019-03-21 13:00:00+00:00,489.25,148.0
2019-03-21 14:00:00+00:00,318.25,115.75
2019-03-21 15:00:00+00:00,222.75,73.25
2019-03-21 16:00:00+00:00,161.5,54.0
2019-03-21 17:00:00+00:00,63.0,36.0
2019-03-21 18:00:00+00:00,18.5,30.25
2019-03-21 19:00:00+00:00,9.5,25.25
2019-03-21 20:00:00+00:00,12.5,21.75
2019-03-21 21:00:00+00:00,13.25,21.0
2019-03-21 22:00:00+00:00,5.25,19.0
2019-03-21 23:00:00+00:00,80.75,19.5
2019-03-22 00:00:00+00:00,49.75,22.75
2019-03-22 01:00:00+00:00,51.75,23.25
2019-03-22 02:00:00+00:00,66.0,33.25
2019-03-22 03:00:00+00:00,56.25,34.75
2019-03-22 04:00:00+00:00,83.5,30.0
2019-03-22 05:00:00+00:00,162.75,28.0
2019-03-22 06:00:00+00:00,154.0,32.75
2019-03-22 07:00:00+00:00,144.25,40.25
2019-03-22 08:00:00+00:00,152.25,48.75
2019-03-22 09:00:00+00:00,160.5,52.25
2019-03-22 10:00:00+00:00,157.75,39.75
2019-03-22 11:00:00+00:00,137.5,30.0
2019-03-22 12:00:00+00:00,109.0,29.0
2019-03-22 13:00:00+00:00,106.25,30.25
2019-03-22 14:00:00+00:00,106.5,35.25
2019-03-22 15:00:00+00:00,85.25,46.0
2019-03-22 16:00:00+00:00,101.75,59.75
2019-03-22 17:00:00+00:00,140.75,101.0
2019-03-22 18:00:00+00:00,253.0,98.0
2019-03-22 19:00:00+00:00,313.25,106.25
2019-03-22 20:00:00+00:00,214.5,160.75
2019-03-22 21:00:00+00:00,129.75,204.0
2019-03-22 22:00:00+00:00,128.75,168.75
2019-03-22 23:00:00+00:00,150.75,113.25
2019-03-23 00:00:00+00:00,163.75,78.5
2019-03-23 01:00:00+00:00,192.5,97.75
2019-03-23 02:00:00+00:00,185.75,89.75
2019-03-23 03:00:00+00:00,194.75,104.25
2019-03-23 04:00:00+00:00,150.5,116.25
2019-03-23 05:00:00+00:00,104.75,115.5
2019-03-23 06:00:00+00:00,104.75,95.25
2019-03-23 07:00:00+00:00,85.0,84.0
2019-03-23 08:00:00+00:00,112.5,57.75
2019-03-23 09:00:00+00:00,163.25,85.0
2019-03-23 10:00:00+00:00,170.75,89.25
2019-03-23 11:00:00+00:00,198.75,108.5
2019-03-23 12:00:00+00:00,202.25,171.0
2019-03-23 13:00:00+00:00,242.0,179.25
2019-03-23 14:00:00+00:00,238.5,186.0
2019-03-23 15:00:00+00:00,198.75,178.25
2019-03-23 16:00:00+00:00,157.0,160.5
2019-03-23 17:00:00+00:00,95.0,149.5
2019-03-23 18:00:00+00:00,52.25,144.5
2019-03-23 19:00:00+00:00,31.25,129.25
2019-03-23 20:00:00+00:00,23.75,120.75
2019-03-23 21:00:00+00:00,15.5,117.5
2019-03-23 22:00:00+00:00,6.25,102.0
2019-03-23 23:00:00+00:00,6.25,93.0
2019-03-24 00:00:00+00:00,2.5,83.5
2019-03-24 01:00:00+00:00,4.25,70.0
2019-03-24 02:00:00+00:00,1.0,58.5
2019-03-24 03:00:00+00:00,0.0,54.25
2019-03-24 04:00:00+00:00,0.0,44.75
2019-03-24 05:00:00+00:00,0.0,37.75
2019-03-24 06:00:00+00:00,3.75,33.25
2019-03-24 07:00:00+00:00,20.25,26.0
2019-03-24 08:00:00+00:00,36.25,21.0
2019-03-24 09:00:00+00:00,31.25,23.0
2019-03-24 10:00:00+00:00,63.0,57.75
2019-03-24 11:00:00+00:00,117.0,66.0
2019-03-24 12:00:00+00:00,160.75,52.75
2019-03-24 13:00:00+00:00,215.0,74.5
2019-03-24 14:00:00+00:00,313.0,92.5
2019-03-24 15:00:00+00:00,413.5,133.5
2019-03-24 16:00:00+00:00,436.25,297.0
2019-03-24 17:00:00+00:00,455.75,353.25
2019-03-24 18:00:00+00:00,571.5,320.75
2019-03-24 19:00:00+00:00,687.75,298.25
2019-03-24 20:00:00+00:00,752.75,449.5
2019-03-24 21:00:00+00:00,788.5,649.5
2019-03-24 22:00:00+00:00,817.0,754.0
2019-03-24 23:00:00+00:00,762.25,779.5
2019-03-25 00:00:00+00:00,781.5,797.0
2019-03-25 01:00:00+00:00,831.25,766.25
2019-03-25 02:00:00+00:00,836.75,761.75
2019-03-25 03:00:00+00:00,839.5,814.25
2019-03-25 04:00:00+00:00,821.5,840.5
2019-03-25 05:00:00+00:00,840.25,855.0
2019-03-25 06:00:00+00:00,849.5,874.0
2019-03-25 07:00:00+00:00,851.5,852.75
2019-03-25 08:00:00+00:00,818.5,823.25
2019-03-25 09:00:00+00:00,849.0,836.0
2019-03-25 10:00:00+00:00,845.25,830.25
2019-03-25 11:00:00+00:00,847.0,838.0
2019-03-25 12:00:00+00:00,852.75,844.25
2019-03-25 13:00:00+00:00,857.75,840.5
2019-03-25 14:00:00+00:00,850.75,842.5
2019-03-25 15:00:00+00:00,852.0,848.0
2019-03-25 16:00:00+00:00,840.75,738.75
2019-03-25 17:00:00+00:00,831.25,627.75
2019-03-25 18:00:00+00:00,778.5,575.5
2019-03-25 19:00:00+00:00,742.75,485.25
2019-03-25 20:00:00+00:00,696.5,495.25
2019-03-25 21:00:00+00:00,602.75,366.75
2019-03-25 22:00:00+00:00,474.25,281.75
2019-03-25 23:00:00+00:00,361.0,276.25
2019-03-26 00:00:00+00:00,466.0,210.25
2019-03-26 01:00:00+00:00,452.5,164.0
2019-03-26 02:00:00+00:00,463.75,176.5
2019-03-26 03:00:00+00:00,463.0,228.5
2019-03-26 04:00:00+00:00,601.0,268.75
2019-03-26 05:00:00+00:00,655.0,382.0
2019-03-26 06:00:00+00:00,627.0,329.0
2019-03-26 07:00:00+00:00,618.5,281.0
2019-03-26 08:00:00+00:00,592.25,324.75
2019-03-26 09:00:00+00:00,578.0,349.75
2019-03-26 10:00:00+00:00,543.0,344.5
2019-03-26 11:00:00+00:00,518.25,289.75
2019-03-26 12:00:00+00:00,467.0,249.25
2019-03-26 13:00:00+00:00,406.0,218.0
2019-03-26 14:00:00+00:00,323.0,181.25
2019-03-26 15:00:00+00:00,264.5,196.5
2019-03-26 16:00:00+00:00,209.5,165.75
2019-03-26 17:00:00+00:00,183.5,151.0
2019-03-26 18:00:00+00:00,121.25,140.0
2019-03-26 19:00:00+00:00,103.25,96.75
2019-03-26 20:00:00+00:00,82.0,103.0
2019-03-26 21:00:00+00:00,104.25,76.25
2019-03-26 22:00:00+00:00,126.0,61.0
2019-03-26 23:00:00+00:00,119.75,68.5
2019-03-27 00:00:00+00:00,100.5,50.75
2019-03-27 01:00:00+00:00,110.5,43.0
2019-03-27 02:00:00+00:00,99.25,41.0
2019-03-27 03:00:00+00:00,100.0,36.75
2019-03-27 04:00:00+00:00,119.5,35.75
2019-03-27 05:00:00+00:00,100.25,29.0
2019-03-27 06:00:00+00:00,118.75,40.75
2019-03-27 07:00:00+00:00,160.5,33.75
2019-03-27 08:00:00+00:00,124.0,54.25
2019-03-27 09:00:00+00:00,92.5,47.0
2019-03-27 10:00:00+00:00,82.25,42.25
2019-03-27 11:00:00+00:00,102.0,40.5
2019-03-27 12:00:00+00:00,124.75,37.25
2019-03-27 13:00:00+00:00,93.25,53.25
2019-03-27 14:00:00+00:00,114.25,86.0
2019-03-27 15:00:00+00:00,130.0,127.0
2019-03-27 16:00:00+00:00,125.0,154.25
2019-03-27 17:00:00+00:00,106.25,146.25
2019-03-27 18:00:00+00:00,125.5,105.0
2019-03-27 19:00:00+00:00,81.5,64.75
2019-03-27 20:00:00+00:00,69.25,60.25
2019-03-27 21:00:00+00:00,34.5,38.5
2019-03-27 22:00:00+00:00,36.0,24.0
2019-03-27 23:00:00+00:00,22.0,24.0
2019-03-28 00:00:00+00:00,14.5,20.75
2019-03-28 01:00:00+00:00,20.75,30.5
2019-03-28 02:00:00+00:00,22.5,48.75
2019-03-28 03:00:00+00:00,26.75,62.75
2019-03-28 04:00:00+00:00,42.75,49.25
2019-03-28 05:00:00+00:00,20.5,40.75
2019-03-28 06:00:00+00:00,19.0,28.75
2019-03-28 07:00:00+00:00,15.0,23.25
2019-03-28 08:00:00+00:00,4.5,20.5
2019-03-28 09:00:00+00:00,1.75,21.0
2019-03-28 10:00:00+00:00,6.25,26.25
2019-03-28 11:00:00+00:00,1.0,28.25
2019-03-28 12:00:00+00:00,0.0,27.75
2019-03-28 13:00:00+00:00,0.0,26.5
2019-03-28 14:00:00+00:00,3.5,22.5
2019-03-28 15:00:00+00:00,8.75,18.75
2019-03-28 16:00:00+00:00,7.75,21.5
2019-03-28 17:00:00+00:00,6.0,23.0
2019-03-28 18:00:00+00:00,4.5,21.75
2019-03-28 19:00:00+00:00,0.5,21.0
2019-03-28 20:00:00+00:00,0.0,21.25
2019-03-28 21:00:00+00:00,0.25,22.5
2019-03-28 22:00:00+00:00,4.0,24.5
2019-03-28 23:00:00+00:00,27.75,29.0
2019-03-29 00:00:00+00:00,87.0,39.25
2019-03-29 01:00:00+00:00,127.0,45.75
2019-03-29 02:00:00+00:00,151.5,55.75
2019-03-29 03:00:00+00:00,154.5,64.75
2019-03-29 04:00:00+00:00,178.25,69.25
2019-03-29 05:00:00+00:00,205.75,77.0
2019-03-29 06:00:00+00:00,185.0,71.75
2019-03-29 07:00:00+00:00,159.25,58.5
2019-03-29 08:00:00+00:00,147.25,41.75
2019-03-29 09:00:00+00:00,117.25,32.25
2019-03-29 10:00:00+00:00,107.25,35.75
2019-03-29 11:00:00+00:00,111.25,32.25
2019-03-29 12:00:00+00:00,146.25,27.75
2019-03-29 13:00:00+00:00,155.25,25.5
2019-03-29 14:00:00+00:00,131.5,20.75
2019-03-29 15:00:00+00:00,111.0,18.25
2019-03-29 16:00:00+00:00,100.0,29.75
2019-03-29 17:00:00+00:00,91.5,31.0
2019-03-29 18:00:00+00:00,77.75,39.5
2019-03-29 19:00:00+00:00,63.25,45.75
2019-03-29 20:00:00+00:00,67.5,59.0
2019-03-29 21:00:00+00:00,72.25,63.75
2019-03-29 22:00:00+00:00,37.25,62.5
2019-03-29 23:00:00+00:00,56.25,79.5
2019-03-30 00:00:00+00:00,87.0,91.5
2019-03-30 01:00:00+00:00,102.0,97.25
2019-03-30 02:00:00+00:00,61.25,104.75
2019-03-30 03:00:00+00:00,49.25,94.75
2019-03-30 04:00:00+00:00,52.75,96.5
2019-03-30 05:00:00+00:00,52.75,96.75
2019-03-30 06:00:00+00:00,45.25,76.5
2019-03-30 07:00:00+00:00,49.25,62.5
2019-03-30 08:00:00+00:00,50.0,41.75
2019-03-30 09:00:00+00:00,66.0,22.0
2019-03-30 10:00:00+00:00,63.25,15.75
2019-03-30 11:00:00+00:00,78.75,23.25
2019-03-30 12:00:00+00:00,66.75,45.75
2019-03-30 13:00:00+00:00,51.0,47.5
2019-03-30 14:00:00+00:00,59.0,68.5
2019-03-30 15:00:00+00:00,62.5,71.0
2019-03-30 16:00:00+00:00,50.25,69.5
2019-03-30 17:00:00+00:00,52.75,72.0
2019-03-30 18:00:00+00:00,52.25,63.0
2019-03-30 19:00:00+00:00,113.75,62.5
2019-03-30 20:00:00+00:00,68.25,51.0
2019-03-30 21:00:00+00:00,173.0,91.5
2019-03-30 22:00:00+00:00,119.5,107.5
2019-03-30 23:00:00+00:00,195.5,114.75
2019-03-31 00:00:00+00:00,232.25,177.75
2019-03-31 01:00:00+00:00,361.75,213.5
2019-03-31 02:00:00+00:00,401.75,230.5
2019-03-31 03:00:00+00:00,410.75,210.5
2019-03-31 04:00:00+00:00,450.0,219.75
2019-03-31 05:00:00+00:00,438.25,263.25
2019-03-31 06:00:00+00:00,385.25,260.25
2019-03-31 07:00:00+00:00,383.0,307.75
2019-03-31 08:00:00+00:00,358.75,326.5
2019-03-31 09:00:00+00:00,373.0,292.5
2019-03-31 10:00:00+00:00,360.0,249.75
2019-03-31 11:00:00+00:00,375.0,241.25
2019-03-31 12:00:00+00:00,335.5,239.25
2019-03-31 13:00:00+00:00,189.5,220.75
2019-03-31 14:00:00+00:00,351.25,270.0
2019-03-31 15:00:00+00:00,323.0,367.75
2019-03-31 16:00:00+00:00,450.5,416.5
2019-03-31 17:00:00+00:00,455.25,457.25
2019-03-31 18:00:00+00:00,439.0,520.25
2019-03-31 19:00:00+00:00,424.5,539.0
2019-03-31 20:00:00+00:00,435.25,533.0
2019-03-31 21:00:00+00:00,400.0,540.25
2019-03-31 22:00:00+00:00,391.5,559.25
2019-03-31 23:00:00+00:00,363.25,561.25
2019-04-01 00:00:00+00:00,336.75,565.0
2019-04-01 01:00:00+00:00,333.5,538.5
2019-04-01 02:00:00+00:00,355.75,568.0
2019-04-01 03:00:00+00:00,381.25,536.0
2019-04-01 04:00:00+00:00,367.0,486.5
2019-04-01 05:00:00+00:00,345.75,467.5
2019-04-01 06:00:00+00:00,313.5,320.0
2019-04-01 07:00:00+00:00,281.5,165.75
2019-04-01 08:00:00+00:00,272.75,112.0
2019-04-01 09:00:00+00:00,266.5,119.75
2019-04-01 10:00:00+00:00,216.25,149.25
2019-04-01 11:00:00+00:00,215.25,204.5
2019-04-01 12:00:00+00:00,214.0,204.25
2019-04-01 13:00:00+00:00,197.5,184.75
2019-04-01 14:00:00+00:00,232.75,165.0
2019-04-01 15:00:00+00:00,279.25,142.75
2019-04-01 16:00:00+00:00,276.75,126.5
2019-04-01 17:00:00+00:00,196.5,143.5
2019-04-01 18:00:00+00:00,152.75,177.0
2019-04-01 19:00:00+00:00,184.75,267.25
2019-04-01 20:00:00+00:00,227.0,326.25
2019-04-01 21:00:00+00:00,325.0,352.25
2019-04-01 22:00:00+00:00,341.25,346.5
2019-04-01 23:00:00+00:00,378.75,340.75
2019-04-02 00:00:00+00:00,417.5,341.5
2019-04-02 01:00:00+00:00,398.75,357.5
2019-04-02 02:00:00+00:00,450.0,391.75
2019-04-02 03:00:00+00:00,366.25,440.25
2019-04-02 04:00:00+00:00,418.25,460.0
2019-04-02 05:00:00+00:00,478.0,436.25
2019-04-02 06:00:00+00:00,477.0,423.5
2019-04-02 07:00:00+00:00,488.75,297.25
2019-04-02 08:00:00+00:00,461.0,224.75
2019-04-02 09:00:00+00:00,486.75,181.5
2019-04-02 10:00:00+00:00,460.5,197.5
2019-04-02 11:00:00+00:00,524.5,209.75
2019-04-02 12:00:00+00:00,614.25,271.0
2019-04-02 13:00:00+00:00,524.0,321.25
2019-04-02 14:00:00+00:00,305.0,244.75
2019-04-02 15:00:00+00:00,259.25,186.25
2019-04-02 16:00:00+00:00,112.75,208.25
2019-04-02 17:00:00+00:00,98.25,426.5
2019-04-02 18:00:00+00:00,177.0,149.75
2019-04-02 19:00:00+00:00,177.25,218.75
2019-04-02 20:00:00+00:00,158.0,219.25
2019-04-02 21:00:00+00:00,260.25,272.5
2019-04-02 22:00:00+00:00,374.0,348.0
2019-04-02 23:00:00+00:00,614.75,353.25
2019-04-03 00:00:00+00:00,459.5,345.25
2019-04-03 01:00:00+00:00,248.25,303.75
2019-04-03 02:00:00+00:00,212.5,223.0
2019-04-03 03:00:00+00:00,114.75,192.0
2019-04-03 04:00:00+00:00,80.5,147.5
2019-04-03 05:00:00+00:00,53.25,112.75
2019-04-03 06:00:00+00:00,86.5,80.75
2019-04-03 07:00:00+00:00,62.25,94.0
2019-04-03 08:00:00+00:00,54.5,88.25
2019-04-03 09:00:00+00:00,113.75,119.25
2019-04-03 10:00:00+00:00,77.5,160.75
2019-04-03 11:00:00+00:00,89.0,138.75
2019-04-03 12:00:00+00:00,36.75,147.75
2019-04-03 13:00:00+00:00,50.75,146.5
2019-04-03 14:00:00+00:00,30.75,89.75
2019-04-03 15:00:00+00:00,28.75,37.0
2019-04-03 16:00:00+00:00,25.75,28.0
2019-04-03 17:00:00+00:00,18.0,71.25
2019-04-03 18:00:00+00:00,37.5,90.75
2019-04-03 19:00:00+00:00,78.0,82.5
2019-04-03 20:00:00+00:00,96.0,98.5
2019-04-03 21:00:00+00:00,41.75,111.25
2019-04-03 22:00:00+00:00,56.25,98.75
2019-04-03 23:00:00+00:00,82.5,95.5
2019-04-04 00:00:00+00:00,97.0,80.5
2019-04-04 01:00:00+00:00,98.0,112.75
2019-04-04 02:00:00+00:00,113.5,90.25
2019-04-04 03:00:00+00:00,79.75,71.5
2019-04-04 04:00:00+00:00,98.25,65.0
2019-04-04 05:00:00+00:00,75.25,42.5
2019-04-04 06:00:00+00:00,45.75,30.25
2019-04-04 07:00:00+00:00,27.25,23.0
2019-04-04 08:00:00+00:00,9.75,19.5
2019-04-04 09:00:00+00:00,8.5,19.0
2019-04-04 10:00:00+00:00,6.75,14.5
2019-04-04 11:00:00+00:00,6.0,16.5
2019-04-04 12:00:00+00:00,0.25,24.25
2019-04-04 13:00:00+00:00,0.5,31.25
2019-04-04 14:00:00+00:00,1.25,39.75
2019-04-04 15:00:00+00:00,4.25,61.0
2019-04-04 16:00:00+00:00,28.75,88.25
2019-04-04 17:00:00+00:00,49.75,76.5
2019-04-04 18:00:00+00:00,64.5,93.5
2019-04-04 19:00:00+00:00,84.0,106.75
2019-04-04 20:00:00+00:00,95.75,106.5
2019-04-04 21:00:00+00:00,99.25,122.0
2019-04-04 22:00:00+00:00,75.25,106.25
2019-04-04 23:00:00+00:00,55.25,97.25
2019-04-05 00:00:00+00:00,60.5,77.0
2019-04-05 01:00:00+00:00,75.5,53.75
2019-04-05 02:00:00+00:00,62.5,48.75
2019-04-05 03:00:00+00:00,89.25,45.25
2019-04-05 04:00:00+00:00,70.5,43.25
2019-04-05 05:00:00+00:00,54.75,43.0
2019-04-05 06:00:00+00:00,61.0,46.0
2019-04-05 07:00:00+00:00,78.5,31.75
2019-04-05 08:00:00+00:00,93.5,28.75
2019-04-05 09:00:00+00:00,87.0,45.25
2019-04-05 10:00:00+00:00,66.5,53.0
2019-04-05 11:00:00+00:00,47.0,55.75
2019-04-05 12:00:00+00:00,58.0,54.0
2019-04-05 13:00:00+00:00,104.75,65.75
2019-04-05 14:00:00+00:00,133.25,78.0
2019-04-05 15:00:00+00:00,147.25,86.25
2019-04-05 16:00:00+00:00,188.0,93.75
2019-04-05 17:00:00+00:00,188.5,95.5
2019-04-05 18:00:00+00:00,171.25,129.5
2019-04-05 19:00:00+00:00,131.25,126.25
2019-04-05 20:00:00+00:00,96.75,93.75
2019-04-05 21:00:00+00:00,68.25,73.0
2019-04-05 22:00:00+00:00,44.75,67.25
2019-04-05 23:00:00+00:00,42.25,81.75
2019-04-06 00:00:00+00:00,48.25,80.5
2019-04-06 01:00:00+00:00,75.25,76.25
2019-04-06 02:00:00+00:00,71.75,70.75
2019-04-06 03:00:00+00:00,63.75,69.5
2019-04-06 04:00:00+00:00,60.0,61.5
2019-04-06 05:00:00+00:00,62.25,72.5
2019-04-06 06:00:00+00:00,97.75,89.25
2019-04-06 07:00:00+00:00,73.0,86.75
2019-04-06 08:00:00+00:00,86.5,92.75
2019-04-06 09:00:00+00:00,68.25,87.5
2019-04-06 10:00:00+00:00,93.0,63.25
2019-04-06 11:00:00+00:00,113.25,64.75
2019-04-06 12:00:00+00:00,202.25,67.25
2019-04-06 13:00:00+00:00,240.0,59.25
2019-04-06 14:00:00+00:00,205.0,93.0
2019-04-06 15:00:00+00:00,176.75,112.0
2019-04-06 16:00:00+00:00,173.0,121.5
2019-04-06 17:00:00+00:00,158.75,99.5
2019-04-06 18:00:00+00:00,115.5,120.25
2019-04-06 19:00:00+00:00,89.0,153.25
2019-04-06 20:00:00+00:00,75.25,166.5
2019-04-06 21:00:00+00:00,102.25,225.75
2019-04-06 22:00:00+00:00,83.5,330.75
2019-04-06 23:00:00+00:00,96.5,341.25
2019-04-07 00:00:00+00:00,108.75,313.5
2019-04-07 01:00:00+00:00,99.75,310.75
2019-04-07 02:00:00+00:00,74.75,315.5
2019-04-07 03:00:00+00:00,81.0,250.0
2019-04-07 04:00:00+00:00,68.75,220.75
2019-04-07 05:00:00+00:00,56.75,216.5
2019-04-07 06:00:00+00:00,76.25,212.0
2019-04-07 07:00:00+00:00,74.0,145.0
2019-04-07 08:00:00+00:00,63.0,65.75
2019-04-07 09:00:00+00:00,67.75,57.0
2019-04-07 10:00:00+00:00,86.5,71.75
2019-04-07 11:00:00+00:00,104.25,115.5
2019-04-07 12:00:00+00:00,93.75,179.0
2019-04-07 13:00:00+00:00,96.75,173.75
2019-04-07 14:00:00+00:00,129.25,192.5
2019-04-07 15:00:00+00:00,183.5,206.75
2019-04-07 16:00:00+00:00,182.5,231.5
2019-04-07 17:00:00+00:00,193.75,218.5
2019-04-07 18:00:00+00:00,164.5,233.75
2019-04-07 19:00:00+00:00,234.5,310.25
2019-04-07 20:00:00+00:00,260.25,480.25
2019-04-07 21:00:00+00:00,306.0,539.0
2019-04-07 22:00:00+00:00,336.5,466.75
2019-04-07 23:00:00+00:00,322.25,377.25
2019-04-08 00:00:00+00:00,224.25,368.5
2019-04-08 01:00:00+00:00,169.5,291.0
2019-04-08 02:00:00+00:00,172.25,216.0
2019-04-08 03:00:00+00:00,200.5,180.0
2019-04-08 04:00:00+00:00,236.5,163.0
2019-04-08 05:00:00+00:00,271.0,147.25
2019-04-08 06:00:00+00:00,292.0,138.75
2019-04-08 07:00:00+00:00,242.0,108.0
2019-04-08 08:00:00+00:00,434.75,41.25
2019-04-08 09:00:00+00:00,453.75,44.25
2019-04-08 10:00:00+00:00,467.5,84.5
2019-04-08 11:00:00+00:00,456.0,133.75
2019-04-08 12:00:00+00:00,546.75,124.75
2019-04-08 13:00:00+00:00,624.75,136.5
2019-04-08 14:00:00+00:00,689.75,179.5
2019-04-08 15:00:00+00:00,743.25,238.75
2019-04-08 16:00:00+00:00,741.75,273.25
2019-04-08 17:00:00+00:00,762.0,257.0
2019-04-08 18:00:00+00:00,748.75,329.5
2019-04-08 19:00:00+00:00,714.25,377.5
2019-04-08 20:00:00+00:00,704.75,391.75
2019-04-08 21:00:00+00:00,712.5,366.25
2019-04-08 22:00:00+00:00,691.75,387.25
2019-04-08 23:00:00+00:00,646.75,424.0
2019-04-09 00:00:00+00:00,558.75,417.75
2019-04-09 01:00:00+00:00,571.0,439.5
2019-04-09 02:00:00+00:00,651.25,462.25
2019-04-09 03:00:00+00:00,622.0,445.0
2019-04-09 04:00:00+00:00,659.25,444.0
2019-04-09 05:00:00+00:00,572.5,474.0
2019-04-09 06:00:00+00:00,588.75,451.25
2019-04-09 07:00:00+00:00,652.0,471.25
2019-04-09 08:00:00+00:00,615.75,501.25
2019-04-09 09:00:00+00:00,615.0,501.25
2019-04-09 10:00:00+00:00,589.5,508.25
2019-04-09 11:00:00+00:00,636.75,497.25
2019-04-09 12:00:00+00:00,688.0,497.0
2019-04-09 13:00:00+00:00,687.0,491.0
2019-04-09 14:00:00+00:00,697.0,480.75
2019-04-09 15:00:00+00:00,763.25,502.25
2019-04-09 16:00:00+00:00,814.25,508.0
2019-04-09 17:00:00+00:00,839.25,496.25
2019-04-09 18:00:00+00:00,837.75,620.25
2019-04-09 19:00:00+00:00,832.0,684.25
2019-04-09 20:00:00+00:00,818.0,662.25
2019-04-09 21:00:00+00:00,706.5,656.25
2019-04-09 22:00:00+00:00,545.5,674.25
2019-04-09 23:00:00+00:00,427.25,635.25
2019-04-10 00:00:00+00:00,402.0,593.75
2019-04-10 01:00:00+00:00,489.75,547.0
2019-04-10 02:00:00+00:00,457.5,519.25
2019-04-10 03:00:00+00:00,476.0,553.25
2019-04-10 04:00:00+00:00,591.5,620.75
2019-04-10 05:00:00+00:00,651.5,625.75
2019-04-10 06:00:00+00:00,781.5,636.5
2019-04-10 07:00:00+00:00,815.25,616.5
2019-04-10 08:00:00+00:00,780.25,571.5
2019-04-10 09:00:00+00:00,708.0,451.75
2019-04-10 10:00:00+00:00,625.75,405.0
2019-04-10 11:00:00+00:00,613.75,372.25
2019-04-10 12:00:00+00:00,595.75,378.5
2019-04-10 13:00:00+00:00,633.75,433.0
2019-04-10 14:00:00+00:00,741.0,525.25
2019-04-10 15:00:00+00:00,713.75,607.5
2019-04-10 16:00:00+00:00,696.25,542.5
2019-04-10 17:00:00+00:00,709.25,469.25
2019-04-10 18:00:00+00:00,657.75,509.0
2019-04-10 19:00:00+00:00,612.25,531.5
2019-04-10 20:00:00+00:00,590.0,514.25
2019-04-10 21:00:00+00:00,502.5,516.0
2019-04-10 22:00:00+00:00,457.75,526.0
2019-04-10 23:00:00+00:00,402.75,532.25
2019-04-11 00:00:00+00:00,326.25,485.25
2019-04-11 01:00:00+00:00,286.75,487.25
2019-04-11 02:00:00+00:00,318.75,449.25
2019-04-11 03:00:00+00:00,330.75,405.5
2019-04-11 04:00:00+00:00,308.75,389.75
2019-04-11 05:00:00+00:00,251.5,359.0
2019-04-11 06:00:00+00:00,173.0,284.25
2019-04-11 07:00:00+00:00,140.5,235.0
2019-04-11 08:00:00+00:00,127.5,231.75
2019-04-11 09:00:00+00:00,114.0,212.75
2019-04-11 10:00:00+00:00,122.5,164.0
2019-04-11 11:00:00+00:00,154.0,158.0
2019-04-11 12:00:00+00:00,185.0,156.75
2019-04-11 13:00:00+00:00,225.75,167.75
2019-04-11 14:00:00+00:00,257.5,200.25
2019-04-11 15:00:00+00:00,330.75,261.5
2019-04-11 16:00:00+00:00,375.5,371.75
2019-04-11 17:00:00+00:00,395.25,394.75
2019-04-11 18:00:00+00:00,410.75,457.5
2019-04-11 19:00:00+00:00,403.25,437.75
2019-04-11 20:00:00+00:00,374.25,398.75
2019-04-11 21:00:00+00:00,332.25,350.0
2019-04-11 22:00:00+00:00,311.25,302.25
2019-04-11 23:00:00+00:00,303.5,246.25
2019-04-12 00:00:00+00:00,254.0,219.25
2019-04-12 01:00:00+00:00,219.5,187.25
2019-04-12 02:00:00+00:00,285.75,157.25
2019-04-12 03:00:00+00:00,247.75,147.0
2019-04-12 04:00:00+00:00,172.0,149.0
2019-04-12 05:00:00+00:00,244.75,153.5
2019-04-12 06:00:00+00:00,221.0,125.75
2019-04-12 07:00:00+00:00,228.75,110.5
2019-04-12 08:00:00+00:00,250.0,104.75
2019-04-12 09:00:00+00:00,245.25,130.0
2019-04-12 10:00:00+00:00,60.0,160.0
2019-04-12 11:00:00+00:00,85.0,179.75
2019-04-12 12:00:00+00:00,167.0,213.5
2019-04-12 13:00:00+00:00,209.75,224.25
2019-04-12 14:00:00+00:00,241.5,257.0
2019-04-12 15:00:00+00:00,300.0,230.5
2019-04-12 16:00:00+00:00,296.75,224.0
2019-04-12 17:00:00+00:00,302.5,221.25
2019-04-12 18:00:00+00:00,480.0,228.25
2019-04-12 19:00:00+00:00,468.0,248.25
2019-04-12 20:00:00+00:00,561.75,223.25
2019-04-12 21:00:00+00:00,313.0,261.0
2019-04-12 22:00:00+00:00,362.25,264.0
2019-04-12 23:00:00+00:00,360.0,252.0
2019-04-13 00:00:00+00:00,261.75,280.25
2019-04-13 01:00:00+00:00,225.25,251.5
2019-04-13 02:00:00+00:00,164.0,196.75
2019-04-13 03:00:00+00:00,176.0,178.0
2019-04-13 04:00:00+00:00,131.75,137.0
2019-04-13 05:00:00+00:00,82.75,165.75
2019-04-13 06:00:00+00:00,253.5,166.5
2019-04-13 07:00:00+00:00,368.25,120.75
2019-04-13 08:00:00+00:00,469.0,154.5
2019-04-13 09:00:00+00:00,523.5,227.25
2019-04-13 10:00:00+00:00,567.5,314.25
2019-04-13 11:00:00+00:00,624.25,256.5
2019-04-13 12:00:00+00:00,649.25,296.25
2019-04-13 13:00:00+00:00,667.75,348.25
2019-04-13 14:00:00+00:00,750.25,392.5
2019-04-13 15:00:00+00:00,762.0,409.0
2019-04-13 16:00:00+00:00,670.5,352.25
2019-04-13 17:00:00+00:00,708.0,186.5
2019-04-13 18:00:00+00:00,677.5,193.5
2019-04-13 19:00:00+00:00,720.5,213.75
2019-04-13 20:00:00+00:00,746.75,285.25
2019-04-13 21:00:00+00:00,644.5,280.5
2019-04-13 22:00:00+00:00,665.0,313.0
2019-04-13 23:00:00+00:00,706.5,380.25
2019-04-14 00:00:00+00:00,671.25,350.25
2019-04-14 01:00:00+00:00,643.0,331.75
2019-04-14 02:00:00+00:00,605.5,258.0
2019-04-14 03:00:00+00:00,483.75,268.0
2019-04-14 04:00:00+00:00,561.0,290.25
2019-04-14 05:00:00+00:00,476.0,222.75
2019-04-14 06:00:00+00:00,465.5,190.75
2019-04-14 07:00:00+00:00,446.75,123.75
2019-04-14 08:00:00+00:00,296.75,90.25
2019-04-14 09:00:00+00:00,271.0,145.75
2019-04-14 10:00:00+00:00,296.5,150.75
2019-04-14 11:00:00+00:00,343.5,139.0
2019-04-14 12:00:00+00:00,307.75,149.5
2019-04-14 13:00:00+00:00,326.5,186.25
2019-04-14 14:00:00+00:00,309.25,222.75
2019-04-14 15:00:00+00:00,359.25,223.75
2019-04-14 16:00:00+00:00,334.75,227.25
2019-04-14 17:00:00+00:00,309.5,209.5
2019-04-14 18:00:00+00:00,326.25,267.75
2019-04-14 19:00:00+00:00,396.0,276.0
2019-04-14 20:00:00+00:00,354.75,340.0
2019-04-14 21:00:00+00:00,350.25,267.0
2019-04-14 22:00:00+00:00,294.0,224.5
2019-04-14 23:00:00+00:00,192.75,215.25
2019-04-15 00:00:00+00:00,148.25,195.25
2019-04-15 01:00:00+00:00,221.25,177.25
2019-04-15 02:00:00+00:00,286.75,188.0
2019-04-15 03:00:00+00:00,268.0,232.25
2019-04-15 04:00:00+00:00,331.0,200.25
2019-04-15 05:00:00+00:00,446.25,226.75
2019-04-15 06:00:00+00:00,450.5,230.75
2019-04-15 07:00:00+00:00,434.25,158.5
2019-04-15 08:00:00+00:00,446.25,131.5
2019-04-15 09:00:00+00:00,355.5,170.75
2019-04-15 10:00:00+00:00,414.0,225.5
2019-04-15 11:00:00+00:00,531.75,326.75
2019-04-15 12:00:00+00:00,579.0,416.0
2019-04-15 13:00:00+00:00,643.5,426.5
2019-04-15 14:00:00+00:00,689.75,412.75
2019-04-15 15:00:00+00:00,713.25,452.5
2019-04-15 16:00:00+00:00,768.0,487.5
2019-04-15 17:00:00+00:00,815.5,447.0
2019-04-15 18:00:00+00:00,823.25,597.75
2019-04-15 19:00:00+00:00,860.0,663.25
2019-04-15 20:00:00+00:00,875.5,685.25
2019-04-15 21:00:00+00:00,872.5,710.25
2019-04-15 22:00:00+00:00,876.25,659.5
2019-04-15 23:00:00+00:00,859.5,619.5
2019-04-16 00:00:00+00:00,834.75,602.25
2019-04-16 01:00:00+00:00,836.5,593.75
2019-04-16 02:00:00+00:00,825.5,602.0
2019-04-16 03:00:00+00:00,792.0,537.0
2019-04-16 04:00:00+00:00,794.25,513.5
2019-04-16 05:00:00+00:00,824.25,455.75
2019-04-16 06:00:00+00:00,813.0,378.25
2019-04-16 07:00:00+00:00,771.0,312.5
2019-04-16 08:00:00+00:00,750.0,311.0
2019-04-16 09:00:00+00:00,720.25,308.0
2019-04-16 10:00:00+00:00,694.0,325.75
2019-04-16 11:00:00+00:00,700.75,351.5
2019-04-16 12:00:00+00:00,745.5,325.5
2019-04-16 13:00:00+00:00,742.0,298.75
2019-04-16 14:00:00+00:00,705.25,261.0
2019-04-16 15:00:00+00:00,675.75,245.5
2019-04-16 16:00:00+00:00,700.5,208.25
2019-04-16 17:00:00+00:00,751.5,218.75
2019-04-16 18:00:00+00:00,772.25,339.75
2019-04-16 19:00:00+00:00,781.5,394.75
2019-04-16 20:00:00+00:00,789.25,412.5
2019-04-16 21:00:00+00:00,791.75,383.0
2019-04-16 22:00:00+00:00,707.75,296.0
2019-04-16 23:00:00+00:00,526.75,231.75
2019-04-17 00:00:00+00:00,492.0,183.75
2019-04-17 01:00:00+00:00,558.5,157.75
2019-04-17 02:00:00+00:00,558.5,131.5
2019-04-17 03:00:00+00:00,557.0,123.75
2019-04-17 04:00:00+00:00,467.75,129.25
2019-04-17 05:00:00+00:00,438.5,156.5
2019-04-17 06:00:00+00:00,439.75,150.0
2019-04-17 07:00:00+00:00,372.0,72.0
2019-04-17 08:00:00+00:00,299.75,52.75
2019-04-17 09:00:00+00:00,317.25,64.25
2019-04-17 10:00:00+00:00,444.5,95.5
2019-04-17 11:00:00+00:00,567.0,112.25
2019-04-17 12:00:00+00:00,579.75,152.25
2019-04-17 13:00:00+00:00,585.75,218.25
2019-04-17 14:00:00+00:00,577.5,210.5
2019-04-17 15:00:00+00:00,567.5,93.0
2019-04-17 16:00:00+00:00,585.75,75.0
2019-04-17 17:00:00+00:00,564.0,95.25
2019-04-17 18:00:00+00:00,564.5,89.25
2019-04-17 19:00:00+00:00,572.5,97.5
2019-04-17 20:00:00+00:00,525.25,256.5
2019-04-17 21:00:00+00:00,505.5,305.5
2019-04-17 22:00:00+00:00,537.5,313.0
2019-04-17 23:00:00+00:00,536.25,401.75
2019-04-18 00:00:00+00:00,490.5,428.5
2019-04-18 01:00:00+00:00,466.75,403.0
2019-04-18 02:00:00+00:00,528.0,397.25
2019-04-18 03:00:00+00:00,567.0,480.75
2019-04-18 04:00:00+00:00,578.25,474.75
2019-04-18 05:00:00+00:00,572.75,395.5
2019-04-18 06:00:00+00:00,565.25,316.25
2019-04-18 07:00:00+00:00,540.25,238.75
2019-04-18 08:00:00+00:00,456.75,228.0
2019-04-18 09:00:00+00:00,429.75,285.0
2019-04-18 10:00:00+00:00,457.25,389.5
2019-04-18 11:00:00+00:00,511.5,455.25
2019-04-18 12:00:00+00:00,567.5,481.5
2019-04-18 13:00:00+00:00,557.0,489.25
2019-04-18 14:00:00+00:00,628.5,463.75
2019-04-18 15:00:00+00:00,725.25,468.5
2019-04-18 16:00:00+00:00,767.5,496.75
2019-04-18 17:00:00+00:00,762.0,434.25
2019-04-18 18:00:00+00:00,772.0,515.25
2019-04-18 19:00:00+00:00,774.0,595.5
2019-04-18 20:00:00+00:00,755.25,614.5
2019-04-18 21:00:00+00:00,715.75,582.5
2019-04-18 22:00:00+00:00,722.25,652.25
2019-04-18 23:00:00+00:00,710.75,648.75
2019-04-19 00:00:00+00:00,700.75,619.75
2019-04-19 01:00:00+00:00,620.25,585.25
2019-04-19 02:00:00+00:00,539.75,526.0
2019-04-19 03:00:00+00:00,493.5,438.0
2019-04-19 04:00:00+00:00,408.0,417.25
2019-04-19 05:00:00+00:00,336.25,357.0
2019-04-19 06:00:00+00:00,281.0,231.0
2019-04-19 07:00:00+00:00,233.75,119.0
2019-04-19 08:00:00+00:00,215.5,90.5
2019-04-19 09:00:00+00:00,177.0,88.25
2019-04-19 10:00:00+00:00,175.75,150.75
2019-04-19 11:00:00+00:00,256.25,236.5
2019-04-19 12:00:00+00:00,326.0,200.75
2019-04-19 13:00:00+00:00,331.0,145.25
2019-04-19 14:00:00+00:00,350.5,147.5
2019-04-19 15:00:00+00:00,368.25,188.0
2019-04-19 16:00:00+00:00,467.25,232.25
2019-04-19 17:00:00+00:00,532.0,228.0
2019-04-19 18:00:00+00:00,445.5,279.5
2019-04-19 19:00:00+00:00,377.75,343.75
2019-04-19 20:00:00+00:00,372.25,458.75
2019-04-19 21:00:00+00:00,367.25,416.0
2019-04-19 22:00:00+00:00,329.5,341.0
2019-04-19 23:00:00+00:00,264.75,282.5
2019-04-20 00:00:00+00:00,213.0,257.25
2019-04-20 01:00:00+00:00,190.75,329.75
2019-04-20 02:00:00+00:00,177.0,362.75
2019-04-20 03:00:00+00:00,161.5,294.25
2019-04-20 04:00:00+00:00,142.25,232.0
2019-04-20 05:00:00+00:00,127.0,193.0
2019-04-20 06:00:00+00:00,99.5,173.75
2019-04-20 07:00:00+00:00,73.0,82.75
2019-04-20 08:00:00+00:00,112.5,46.0
2019-04-20 09:00:00+00:00,149.75,82.5
2019-04-20 10:00:00+00:00,138.0,181.0
2019-04-20 11:00:00+00:00,159.75,173.25
2019-04-20 12:00:00+00:00,141.25,117.75
2019-04-20 13:00:00+00:00,176.25,107.5
2019-04-20 14:00:00+00:00,218.5,136.75
2019-04-20 15:00:00+00:00,283.5,183.25
2019-04-20 16:00:00+00:00,351.75,287.75
2019-04-20 17:00:00+00:00,358.25,316.75
2019-04-20 18:00:00+00:00,332.0,428.5
2019-04-20 19:00:00+00:00,305.5,539.0
2019-04-20 20:00:00+00:00,278.5,534.5
2019-04-20 21:00:00+00:00,276.75,465.0
2019-04-20 22:00:00+00:00,263.0,450.5
2019-04-20 23:00:00+00:00,227.5,467.5
2019-04-21 00:00:00+00:00,210.25,381.5
2019-04-21 01:00:00+00:00,145.75,265.0
2019-04-21 02:00:00+00:00,108.5,215.25
2019-04-21 03:00:00+00:00,65.5,192.25
2019-04-21 04:00:00+00:00,54.5,170.5
2019-04-21 05:00:00+00:00,44.0,165.75
2019-04-21 06:00:00+00:00,39.75,137.0
2019-04-21 07:00:00+00:00,36.0,80.25
2019-04-21 08:00:00+00:00,23.25,49.0
2019-04-21 09:00:00+00:00,16.75,47.75
2019-04-21 10:00:00+00:00,22.75,51.75
2019-04-21 11:00:00+00:00,31.25,42.25
2019-04-21 12:00:00+00:00,42.5,43.5
2019-04-21 13:00:00+00:00,67.5,45.5
2019-04-21 14:00:00+00:00,91.0,43.5
2019-04-21 15:00:00+00:00,118.25,47.75
2019-04-21 16:00:00+00:00,159.75,70.75
2019-04-21 17:00:00+00:00,200.5,104.25
2019-04-21 18:00:00+00:00,177.75,209.25
2019-04-21 19:00:00+00:00,182.5,330.75
2019-04-21 20:00:00+00:00,204.25,333.25
2019-04-21 21:00:00+00:00,275.75,312.75
2019-04-21 22:00:00+00:00,372.75,407.25
2019-04-21 23:00:00+00:00,485.75,457.25
2019-04-22 00:00:00+00:00,568.5,416.5
2019-04-22 01:00:00+00:00,531.75,345.0
2019-04-22 02:00:00+00:00,461.75,336.25
2019-04-22 03:00:00+00:00,466.0,334.75
2019-04-22 04:00:00+00:00,497.5,339.25
2019-04-22 05:00:00+00:00,515.0,337.25
2019-04-22 06:00:00+00:00,507.25,264.5
2019-04-22 07:00:00+00:00,517.0,168.0
2019-04-22 08:00:00+00:00,441.5,140.25
2019-04-22 09:00:00+00:00,520.0,141.75
2019-04-22 10:00:00+00:00,588.25,172.75
2019-04-22 11:00:00+00:00,628.0,258.25
2019-04-22 12:00:00+00:00,634.25,311.0
2019-04-22 13:00:00+00:00,654.75,345.25
2019-04-22 14:00:00+00:00,674.5,410.25
2019-04-22 15:00:00+00:00,656.5,476.5
2019-04-22 16:00:00+00:00,688.0,480.25
2019-04-22 17:00:00+00:00,771.25,471.75
2019-04-22 18:00:00+00:00,816.25,583.0
2019-04-22 19:00:00+00:00,841.0,650.25
2019-04-22 20:00:00+00:00,848.5,740.0
2019-04-22 21:00:00+00:00,850.0,775.75
2019-04-22 22:00:00+00:00,848.0,760.75
2019-04-22 23:00:00+00:00,853.75,711.75
2019-04-23 00:00:00+00:00,849.75,647.5
2019-04-23 01:00:00+00:00,840.0,576.75
2019-04-23 02:00:00+00:00,821.5,590.0
2019-04-23 03:00:00+00:00,793.75,620.25
2019-04-23 04:00:00+00:00,789.0,633.75
2019-04-23 05:00:00+00:00,793.0,627.25
2019-04-23 06:00:00+00:00,779.0,614.0
2019-04-23 07:00:00+00:00,769.75,568.75
2019-04-23 08:00:00+00:00,800.25,549.0
2019-04-23 09:00:00+00:00,817.0,585.75
2019-04-23 10:00:00+00:00,817.25,614.75
2019-04-23 11:00:00+00:00,828.5,625.5
2019-04-23 12:00:00+00:00,820.0,649.25
2019-04-23 13:00:00+00:00,805.0,658.25
2019-04-23 14:00:00+00:00,731.25,621.75
2019-04-23 15:00:00+00:00,679.0,589.5
2019-04-23 16:00:00+00:00,658.0,532.0
2019-04-23 17:00:00+00:00,631.5,364.25
2019-04-23 18:00:00+00:00,627.0,374.75
2019-04-23 19:00:00+00:00,639.0,446.0
2019-04-23 20:00:00+00:00,619.25,480.5
2019-04-23 21:00:00+00:00,656.25,483.25
2019-04-23 22:00:00+00:00,685.5,448.5
2019-04-23 23:00:00+00:00,706.75,391.5
2019-04-24 00:00:00+00:00,689.75,370.25
2019-04-24 01:00:00+00:00,675.75,329.5
2019-04-24 02:00:00+00:00,615.0,337.25
2019-04-24 03:00:00+00:00,655.25,353.75
2019-04-24 04:00:00+00:00,660.5,339.0
2019-04-24 05:00:00+00:00,657.25,306.0
2019-04-24 06:00:00+00:00,702.5,283.5
2019-04-24 07:00:00+00:00,676.5,247.5
2019-04-24 08:00:00+00:00,622.5,303.0
2019-04-24 09:00:00+00:00,559.25,355.25
2019-04-24 10:00:00+00:00,520.75,458.25
2019-04-24 11:00:00+00:00,541.25,613.75
2019-04-24 12:00:00+00:00,623.0,637.75
2019-04-24 13:00:00+00:00,710.75,587.75
2019-04-24 14:00:00+00:00,681.0,570.25
2019-04-24 15:00:00+00:00,663.25,485.75
2019-04-24 16:00:00+00:00,652.75,390.0
2019-04-24 17:00:00+00:00,287.5,424.25
2019-04-24 18:00:00+00:00,403.25,411.25
2019-04-24 19:00:00+00:00,552.5,627.75
2019-04-24 20:00:00+00:00,491.0,574.25
2019-04-24 21:00:00+00:00,363.25,587.25
2019-04-24 22:00:00+00:00,539.25,400.0
2019-04-24 23:00:00+00:00,595.5,359.5
2019-04-25 00:00:00+00:00,260.0,429.25
2019-04-25 01:00:00+00:00,281.75,356.0
2019-04-25 02:00:00+00:00,489.5,295.0
2019-04-25 03:00:00+00:00,650.25,300.25
2019-04-25 04:00:00+00:00,595.75,374.75
2019-04-25 05:00:00+00:00,619.75,484.5
2019-04-25 06:00:00+00:00,553.75,387.5
2019-04-25 07:00:00+00:00,692.75,358.75
2019-04-25 08:00:00+00:00,577.25,346.0
2019-04-25 09:00:00+00:00,544.25,375.0
2019-04-25 10:00:00+00:00,508.5,399.25
2019-04-25 11:00:00+00:00,454.0,402.0
2019-04-25 12:00:00+00:00,471.0,515.0
2019-04-25 13:00:00+00:00,367.5,587.5
2019-04-25 14:00:00+00:00,445.5,597.25
2019-04-25 15:00:00+00:00,387.5,616.5
2019-04-25 16:00:00+00:00,527.75,574.0
2019-04-25 17:00:00+00:00,752.25,348.25
2019-04-25 18:00:00+00:00,608.75,352.25
2019-04-25 19:00:00+00:00,267.25,299.75
2019-04-25 20:00:00+00:00,178.5,132.5
2019-04-25 21:00:00+00:00,125.5,111.5
2019-04-25 22:00:00+00:00,59.0,120.5
2019-04-25 23:00:00+00:00,52.0,120.25
2019-04-26 00:00:00+00:00,68.5,142.5
2019-04-26 01:00:00+00:00,72.5,153.25
2019-04-26 02:00:00+00:00,56.25,140.75
2019-04-26 03:00:00+00:00,57.75,130.0
2019-04-26 04:00:00+00:00,68.25,104.25
2019-04-26 05:00:00+00:00,76.0,111.25
2019-04-26 06:00:00+00:00,99.75,117.25
2019-04-26 07:00:00+00:00,122.25,97.25
2019-04-26 08:00:00+00:00,216.25,99.25
2019-04-26 09:00:00+00:00,165.5,100.0
2019-04-26 10:00:00+00:00,135.0,105.0
2019-04-26 11:00:00+00:00,148.0,104.0
2019-04-26 12:00:00+00:00,119.75,92.75
2019-04-26 13:00:00+00:00,96.25,111.75
2019-04-26 14:00:00+00:00,114.25,168.0
2019-04-26 15:00:00+00:00,234.75,167.75
2019-04-26 16:00:00+00:00,213.25,209.0
2019-04-26 17:00:00+00:00,242.75,139.0
2019-04-26 18:00:00+00:00,247.5,115.25
2019-04-26 19:00:00+00:00,248.5,94.25
2019-04-26 20:00:00+00:00,206.25,133.0
2019-04-26 21:00:00+00:00,255.5,174.5
2019-04-26 22:00:00+00:00,501.75,246.0
2019-04-26 23:00:00+00:00,592.25,284.5
2019-04-27 00:00:00+00:00,687.25,381.25
2019-04-27 01:00:00+00:00,570.5,399.5
2019-04-27 02:00:00+00:00,633.0,449.25
2019-04-27 03:00:00+00:00,605.75,479.25
2019-04-27 04:00:00+00:00,668.75,490.5
2019-04-27 05:00:00+00:00,569.75,595.0
2019-04-27 06:00:00+00:00,649.75,595.0
2019-04-27 07:00:00+00:00,726.0,556.5
2019-04-27 08:00:00+00:00,690.75,521.5
2019-04-27 09:00:00+00:00,708.0,577.5
2019-04-27 10:00:00+00:00,646.5,662.0
2019-04-27 11:00:00+00:00,547.25,663.0
2019-04-27 12:00:00+00:00,426.75,624.25
2019-04-27 13:00:00+00:00,468.5,654.75
2019-04-27 14:00:00+00:00,591.5,667.5
2019-04-27 15:00:00+00:00,543.0,752.0
2019-04-27 16:00:00+00:00,608.5,662.0
2019-04-27 17:00:00+00:00,484.0,576.75
2019-04-27 18:00:00+00:00,447.0,588.0
2019-04-27 19:00:00+00:00,481.0,562.5
2019-04-27 20:00:00+00:00,490.75,522.0
2019-04-27 21:00:00+00:00,438.75,501.0
2019-04-27 22:00:00+00:00,275.25,376.0
2019-04-27 23:00:00+00:00,266.25,326.25
2019-04-28 00:00:00+00:00,263.25,353.25
2019-04-28 01:00:00+00:00,204.5,325.75
2019-04-28 02:00:00+00:00,170.5,313.75
2019-04-28 03:00:00+00:00,93.0,253.5
2019-04-28 04:00:00+00:00,60.25,237.25
2019-04-28 05:00:00+00:00,71.0,163.75
2019-04-28 06:00:00+00:00,23.5,118.5
2019-04-28 07:00:00+00:00,0.25,75.0
2019-04-28 08:00:00+00:00,0.0,48.25
2019-04-28 09:00:00+00:00,0.0,32.5
2019-04-28 10:00:00+00:00,0.0,26.25
2019-04-28 11:00:00+00:00,0.0,26.75
2019-04-28 12:00:00+00:00,0.0,26.25
2019-04-28 13:00:00+00:00,0.0,26.25
2019-04-28 14:00:00+00:00,0.25,25.0
2019-04-28 15:00:00+00:00,2.25,25.75
2019-04-28 16:00:00+00:00,14.25,45.75
2019-04-28 17:00:00+00:00,22.25,60.0
2019-04-28 18:00:00+00:00,31.5,62.25
2019-04-28 19:00:00+00:00,20.5,75.0
2019-04-28 20:00:00+00:00,15.75,59.75
2019-04-28 21:00:00+00:00,16.75,51.75
2019-04-28 22:00:00+00:00,6.0,63.5
2019-04-28 23:00:00+00:00,8.25,67.75
2019-04-29 00:00:00+00:00,15.5,77.25
2019-04-29 01:00:00+00:00,20.5,54.25
2019-04-29 02:00:00+00:00,16.0,39.0
2019-04-29 03:00:00+00:00,9.5,29.25
2019-04-29 04:00:00+00:00,38.75,27.25
2019-04-29 05:00:00+00:00,43.5,29.75
2019-04-29 06:00:00+00:00,58.75,27.0
2019-04-29 07:00:00+00:00,66.75,31.75
2019-04-29 08:00:00+00:00,35.75,34.0
2019-04-29 09:00:00+00:00,21.75,44.25
2019-04-29 10:00:00+00:00,58.25,49.0
2019-04-29 11:00:00+00:00,95.25,62.5
2019-04-29 12:00:00+00:00,107.0,99.5
2019-04-29 13:00:00+00:00,121.0,146.75
2019-04-29 14:00:00+00:00,161.0,227.25
2019-04-29 15:00:00+00:00,194.25,233.25
2019-04-29 16:00:00+00:00,232.75,222.0
2019-04-29 17:00:00+00:00,268.5,226.0
2019-04-29 18:00:00+00:00,293.0,208.25
2019-04-29 19:00:00+00:00,283.5,211.75
2019-04-29 20:00:00+00:00,246.0,215.25
2019-04-29 21:00:00+00:00,270.25,178.5
2019-04-29 22:00:00+00:00,244.5,140.75
2019-04-29 23:00:00+00:00,215.5,122.75
2019-04-30 00:00:00+00:00,225.25,109.75
2019-04-30 01:00:00+00:00,198.25,96.75
2019-04-30 02:00:00+00:00,180.5,89.0
2019-04-30 03:00:00+00:00,200.75,69.75
2019-04-30 04:00:00+00:00,158.75,59.75
2019-04-30 05:00:00+00:00,127.75,61.75
2019-04-30 06:00:00+00:00,107.75,70.0
2019-04-30 07:00:00+00:00,106.5,73.25
2019-04-30 08:00:00+00:00,83.0,60.25
2019-04-30 09:00:00+00:00,122.25,57.0
2019-04-30 10:00:00+00:00,140.25,63.75
2019-04-30 11:00:00+00:00,118.0,63.0
2019-04-30 12:00:00+00:00,98.25,73.75
2019-04-30 13:00:00+00:00,82.75,76.5
2019-04-30 14:00:00+00:00,81.5,77.5
2019-04-30 15:00:00+00:00,86.0,85.75
2019-04-30 16:00:00+00:00,99.0,93.5
2019-04-30 17:00:00+00:00,93.5,87.5
2019-04-30 18:00:00+00:00,78.75,81.25
2019-04-30 19:00:00+00:00,59.0,60.5
2019-04-30 20:00:00+00:00,42.75,44.0
2019-04-30 21:00:00+00:00,46.5,33.5
2019-04-30 22:00:00+00:00,39.0,30.25
2019-04-30 23:00:00+00:00,32.5,28.25
2019-05-01 00:00:00+00:00,34.5,29.25
2019-05-01 01:00:00+00:00,44.5,28.25
2019-05-01 02:00:00+00:00,72.5,29.0
2019-05-01 03:00:00+00:00,91.75,28.75
2019-05-01 04:00:00+00:00,92.0,38.5
2019-05-01 05:00:00+00:00,91.25,41.0
2019-05-01 06:00:00+00:00,98.25,32.75
2019-05-01 07:00:00+00:00,85.0,25.5
2019-05-01 08:00:00+00:00,81.5,23.75
2019-05-01 09:00:00+00:00,79.75,22.25
2019-05-01 10:00:00+00:00,77.5,25.5
2019-05-01 11:00:00+00:00,82.5,29.25
2019-05-01 12:00:00+00:00,97.75,32.25
2019-05-01 13:00:00+00:00,138.5,38.25
2019-05-01 14:00:00+00:00,168.5,47.0
2019-05-01 15:00:00+00:00,152.75,54.0
2019-05-01 16:00:00+00:00,146.25,63.25
2019-05-01 17:00:00+00:00,164.75,64.25
2019-05-01 18:00:00+00:00,169.25,67.5
2019-05-01 19:00:00+00:00,158.75,63.25
2019-05-01 20:00:00+00:00,176.5,58.25
2019-05-01 21:00:00+00:00,169.5,57.0
2019-05-01 22:00:00+00:00,197.75,66.0
2019-05-01 23:00:00+00:00,281.75,92.75
2019-05-02 00:00:00+00:00,313.75,133.75
2019-05-02 01:00:00+00:00,274.75,131.0
2019-05-02 02:00:00+00:00,249.75,106.5
2019-05-02 03:00:00+00:00,225.75,121.5
2019-05-02 04:00:00+00:00,245.75,155.5
2019-05-02 05:00:00+00:00,251.5,139.0
2019-05-02 06:00:00+00:00,169.0,143.5
2019-05-02 07:00:00+00:00,253.0,117.5
2019-05-02 08:00:00+00:00,220.25,151.75
2019-05-02 09:00:00+00:00,312.0,179.0
2019-05-02 10:00:00+00:00,384.75,187.75
2019-05-02 11:00:00+00:00,533.0,186.5
2019-05-02 12:00:00+00:00,399.25,212.5
2019-05-02 13:00:00+00:00,310.75,292.25
2019-05-02 14:00:00+00:00,468.25,411.5
2019-05-02 15:00:00+00:00,536.75,478.5
2019-05-02 16:00:00+00:00,606.25,490.0
2019-05-02 17:00:00+00:00,419.25,393.5
2019-05-02 18:00:00+00:00,512.75,257.25
2019-05-02 19:00:00+00:00,620.75,249.0
2019-05-02 20:00:00+00:00,600.25,247.5
2019-05-02 21:00:00+00:00,587.75,225.5
2019-05-02 22:00:00+00:00,572.25,191.75
2019-05-02 23:00:00+00:00,580.5,201.75
2019-05-03 00:00:00+00:00,554.0,210.75
2019-05-03 01:00:00+00:00,582.75,223.0
2019-05-03 02:00:00+00:00,576.25,234.25
2019-05-03 03:00:00+00:00,546.0,210.25
2019-05-03 04:00:00+00:00,534.0,220.75
2019-05-03 05:00:00+00:00,395.5,128.5
2019-05-03 06:00:00+00:00,422.0,114.75
2019-05-03 07:00:00+00:00,386.25,144.75
2019-05-03 08:00:00+00:00,324.5,140.75
2019-05-03 09:00:00+00:00,319.0,134.75
2019-05-03 10:00:00+00:00,293.75,135.25
2019-05-03 11:00:00+00:00,396.25,160.0
2019-05-03 12:00:00+00:00,460.0,214.25
2019-05-03 13:00:00+00:00,536.5,239.25
2019-05-03 14:00:00+00:00,343.75,335.75
2019-05-03 15:00:00+00:00,605.75,367.5
2019-05-03 16:00:00+00:00,616.0,374.0
2019-05-03 17:00:00+00:00,651.25,387.25
2019-05-03 18:00:00+00:00,685.75,338.0
2019-05-03 19:00:00+00:00,702.25,261.5
2019-05-03 20:00:00+00:00,664.5,232.75
2019-05-03 21:00:00+00:00,692.75,303.0
2019-05-03 22:00:00+00:00,655.25,226.0
2019-05-03 23:00:00+00:00,716.0,262.5
2019-05-04 00:00:00+00:00,782.75,303.75
2019-05-04 01:00:00+00:00,819.0,312.75
2019-05-04 02:00:00+00:00,784.75,390.25
2019-05-04 03:00:00+00:00,760.5,418.5
2019-05-04 04:00:00+00:00,763.5,405.25
2019-05-04 05:00:00+00:00,752.0,402.25
2019-05-04 06:00:00+00:00,693.0,492.0
2019-05-04 07:00:00+00:00,665.0,612.0
2019-05-04 08:00:00+00:00,510.0,592.25
2019-05-04 09:00:00+00:00,538.5,674.5
2019-05-04 10:00:00+00:00,543.25,609.5
2019-05-04 11:00:00+00:00,423.75,506.25
2019-05-04 12:00:00+00:00,517.5,607.0
2019-05-04 13:00:00+00:00,534.5,614.0
2019-05-04 14:00:00+00:00,576.5,621.75
2019-05-04 15:00:00+00:00,650.75,592.75
2019-05-04 16:00:00+00:00,673.0,572.5
2019-05-04 17:00:00+00:00,603.25,497.75
2019-05-04 18:00:00+00:00,652.25,409.0
2019-05-04 19:00:00+00:00,519.25,362.5
2019-05-04 20:00:00+00:00,753.25,341.0
2019-05-04 21:00:00+00:00,804.5,344.25
2019-05-04 22:00:00+00:00,790.75,280.5
2019-05-04 23:00:00+00:00,824.5,257.0
2019-05-05 00:00:00+00:00,809.5,288.5
2019-05-05 01:00:00+00:00,750.25,231.0
2019-05-05 02:00:00+00:00,736.75,363.5
2019-05-05 03:00:00+00:00,745.75,415.5
2019-05-05 04:00:00+00:00,747.0,309.0
2019-05-05 05:00:00+00:00,657.0,291.5
2019-05-05 06:00:00+00:00,738.0,289.5
2019-05-05 07:00:00+00:00,506.0,398.0
2019-05-05 08:00:00+00:00,688.0,342.0
2019-05-05 09:00:00+00:00,581.75,398.75
2019-05-05 10:00:00+00:00,554.0,424.0
2019-05-05 11:00:00+00:00,479.0,424.5
2019-05-05 12:00:00+00:00,466.0,510.75
2019-05-05 13:00:00+00:00,446.0,445.0
2019-05-05 14:00:00+00:00,365.25,428.0
2019-05-05 15:00:00+00:00,306.0,401.75
2019-05-05 16:00:00+00:00,451.25,302.5
2019-05-05 17:00:00+00:00,537.25,313.5
2019-05-05 18:00:00+00:00,581.25,216.25
2019-05-05 19:00:00+00:00,570.0,234.0
2019-05-05 20:00:00+00:00,496.0,211.25
2019-05-05 21:00:00+00:00,428.5,212.0
2019-05-05 22:00:00+00:00,474.5,217.5
2019-05-05 23:00:00+00:00,563.5,143.75
2019-05-06 00:00:00+00:00,604.5,206.25
2019-05-06 01:00:00+00:00,630.0,292.5
2019-05-06 02:00:00+00:00,609.25,264.75
2019-05-06 03:00:00+00:00,609.5,222.25
2019-05-06 04:00:00+00:00,537.5,222.0
2019-05-06 05:00:00+00:00,561.75,211.25
2019-05-06 06:00:00+00:00,494.5,169.5
2019-05-06 07:00:00+00:00,419.0,141.0
2019-05-06 08:00:00+00:00,409.75,149.25
2019-05-06 09:00:00+00:00,391.75,148.5
2019-05-06 10:00:00+00:00,285.25,153.75
2019-05-06 11:00:00+00:00,320.0,250.75
2019-05-06 12:00:00+00:00,333.5,325.25
2019-05-06 13:00:00+00:00,263.5,213.25
2019-05-06 14:00:00+00:00,420.0,205.75
2019-05-06 15:00:00+00:00,369.75,144.75
2019-05-06 16:00:00+00:00,372.0,191.25
2019-05-06 17:00:00+00:00,247.25,176.75
2019-05-06 18:00:00+00:00,252.5,129.75
2019-05-06 19:00:00+00:00,205.5,98.75
2019-05-06 20:00:00+00:00,165.25,57.5
2019-05-06 21:00:00+00:00,134.75,43.0
2019-05-06 22:00:00+00:00,113.0,33.0
2019-05-06 23:00:00+00:00,87.25,31.25
2019-05-07 00:00:00+00:00,89.0,26.5
2019-05-07 01:00:00+00:00,85.0,25.0
2019-05-07 02:00:00+00:00,70.25,25.0
2019-05-07 03:00:00+00:00,57.0,28.0
2019-05-07 04:00:00+00:00,33.75,25.5
2019-05-07 05:00:00+00:00,24.75,30.5
2019-05-07 06:00:00+00:00,33.25,28.0
2019-05-07 07:00:00+00:00,28.75,28.75
2019-05-07 08:00:00+00:00,26.0,36.25
2019-05-07 09:00:00+00:00,19.0,44.25
2019-05-07 10:00:00+00:00,22.75,50.0
2019-05-07 11:00:00+00:00,29.25,59.75
2019-05-07 12:00:00+00:00,47.75,52.25
2019-05-07 13:00:00+00:00,56.25,78.25
2019-05-07 14:00:00+00:00,39.0,35.0
2019-05-07 15:00:00+00:00,17.75,49.5
2019-05-07 16:00:00+00:00,9.0,69.0
2019-05-07 17:00:00+00:00,133.75,49.75
2019-05-07 18:00:00+00:00,33.5,51.75
2019-05-07 19:00:00+00:00,9.25,64.75
2019-05-07 20:00:00+00:00,10.0,87.5
2019-05-07 21:00:00+00:00,18.5,141.75
2019-05-07 22:00:00+00:00,51.25,222.75
2019-05-07 23:00:00+00:00,78.5,299.75
2019-05-08 00:00:00+00:00,103.75,324.25
2019-05-08 01:00:00+00:00,123.5,308.25
2019-05-08 02:00:00+00:00,117.0,303.75
2019-05-08 03:00:00+00:00,146.75,322.0
2019-05-08 04:00:00+00:00,191.0,303.5
2019-05-08 05:00:00+00:00,268.0,260.5
2019-05-08 06:00:00+00:00,322.0,257.75
2019-05-08 07:00:00+00:00,281.75,261.25
2019-05-08 08:00:00+00:00,288.5,231.75
2019-05-08 09:00:00+00:00,334.0,272.25
2019-05-08 10:00:00+00:00,389.75,345.5
2019-05-08 11:00:00+00:00,585.75,525.0
2019-05-08 12:00:00+00:00,760.5,611.5
2019-05-08 13:00:00+00:00,769.25,602.75
2019-05-08 14:00:00+00:00,807.5,590.0
2019-05-08 15:00:00+00:00,810.75,519.5
2019-05-08 16:00:00+00:00,802.75,404.0
2019-05-08 17:00:00+00:00,701.5,324.5
2019-05-08 18:00:00+00:00,572.25,306.75
2019-05-08 19:00:00+00:00,617.75,207.5
2019-05-08 20:00:00+00:00,572.5,321.75
2019-05-08 21:00:00+00:00,504.0,345.75
2019-05-08 22:00:00+00:00,602.0,357.5
2019-05-08 23:00:00+00:00,657.0,391.25
2019-05-09 00:00:00+00:00,575.25,439.5
2019-05-09 01:00:00+00:00,703.75,423.25
2019-05-09 02:00:00+00:00,697.75,452.5
2019-05-09 03:00:00+00:00,715.25,435.25
2019-05-09 04:00:00+00:00,632.25,347.25
2019-05-09 05:00:00+00:00,612.25,271.0
2019-05-09 06:00:00+00:00,630.25,200.25
2019-05-09 07:00:00+00:00,611.75,142.5
2019-05-09 08:00:00+00:00,518.0,113.25
2019-05-09 09:00:00+00:00,433.75,82.5
2019-05-09 10:00:00+00:00,469.5,97.25
2019-05-09 11:00:00+00:00,508.25,117.0
2019-05-09 12:00:00+00:00,409.5,154.0
2019-05-09 13:00:00+00:00,373.25,232.25
2019-05-09 14:00:00+00:00,449.0,228.25
2019-05-09 15:00:00+00:00,384.25,181.5
2019-05-09 16:00:00+00:00,340.5,229.0
2019-05-09 17:00:00+00:00,386.5,155.5
2019-05-09 18:00:00+00:00,341.75,161.0
2019-05-09 19:00:00+00:00,300.75,204.0
2019-05-09 20:00:00+00:00,153.5,198.25
2019-05-09 21:00:00+00:00,163.25,141.25
2019-05-09 22:00:00+00:00,228.0,126.0
2019-05-09 23:00:00+00:00,203.75,127.5
2019-05-10 00:00:00+00:00,160.75,126.75
2019-05-10 01:00:00+00:00,207.75,112.75
2019-05-10 02:00:00+00:00,234.5,159.0
2019-05-10 03:00:00+00:00,291.5,170.5
2019-05-10 04:00:00+00:00,391.25,188.25
2019-05-10 05:00:00+00:00,279.75,180.75
2019-05-10 06:00:00+00:00,223.25,163.0
2019-05-10 07:00:00+00:00,191.25,123.5
2019-05-10 08:00:00+00:00,213.25,106.25
2019-05-10 09:00:00+00:00,180.5,72.75
2019-05-10 10:00:00+00:00,149.75,60.75
2019-05-10 11:00:00+00:00,117.0,49.75
2019-05-10 12:00:00+00:00,89.75,47.75
2019-05-10 13:00:00+00:00,67.75,41.5
2019-05-10 14:00:00+00:00,51.25,42.0
2019-05-10 15:00:00+00:00,24.25,41.25
2019-05-10 16:00:00+00:00,16.0,32.75
2019-05-10 17:00:00+00:00,8.0,24.25
2019-05-10 18:00:00+00:00,3.75,30.5
2019-05-10 19:00:00+00:00,12.75,41.75
2019-05-10 20:00:00+00:00,28.0,92.0
2019-05-10 21:00:00+00:00,39.0,150.25
2019-05-10 22:00:00+00:00,49.5,186.75
2019-05-10 23:00:00+00:00,88.5,208.5
2019-05-11 00:00:00+00:00,121.0,235.0
2019-05-11 01:00:00+00:00,106.0,249.25
2019-05-11 02:00:00+00:00,100.5,239.75
2019-05-11 03:00:00+00:00,129.5,248.25
2019-05-11 04:00:00+00:00,158.5,242.75
2019-05-11 05:00:00+00:00,158.25,202.0
2019-05-11 06:00:00+00:00,157.5,138.25
2019-05-11 07:00:00+00:00,135.75,145.5
2019-05-11 08:00:00+00:00,128.25,148.25
2019-05-11 09:00:00+00:00,154.75,186.0
2019-05-11 10:00:00+00:00,215.5,245.5
2019-05-11 11:00:00+00:00,246.5,317.25
2019-05-11 12:00:00+00:00,300.0,331.25
2019-05-11 13:00:00+00:00,342.25,368.0
2019-05-11 14:00:00+00:00,385.0,418.0
2019-05-11 15:00:00+00:00,393.25,466.0
2019-05-11 16:00:00+00:00,373.25,468.25
2019-05-11 17:00:00+00:00,377.0,437.5
2019-05-11 18:00:00+00:00,396.75,364.75
2019-05-11 19:00:00+00:00,323.25,301.0
2019-05-11 20:00:00+00:00,246.75,214.5
2019-05-11 21:00:00+00:00,242.5,177.25
2019-05-11 22:00:00+00:00,241.75,160.75
2019-05-11 23:00:00+00:00,233.5,148.25
2019-05-12 00:00:00+00:00,291.5,159.75
2019-05-12 01:00:00+00:00,280.0,187.75
2019-05-12 02:00:00+00:00,258.0,218.5
2019-05-12 03:00:00+00:00,247.5,173.0
2019-05-12 04:00:00+00:00,285.25,120.0
2019-05-12 05:00:00+00:00,306.75,108.5
2019-05-12 06:00:00+00:00,217.25,148.25
2019-05-12 07:00:00+00:00,241.5,183.75
2019-05-12 08:00:00+00:00,255.5,132.0
2019-05-12 09:00:00+00:00,243.5,160.5
2019-05-12 10:00:00+00:00,204.25,201.75
2019-05-12 11:00:00+00:00,202.75,229.25
2019-05-12 12:00:00+00:00,219.5,256.5
2019-05-12 13:00:00+00:00,231.75,277.25
2019-05-12 14:00:00+00:00,217.25,296.75
2019-05-12 15:00:00+00:00,221.25,326.5
2019-05-12 16:00:00+00:00,252.25,339.0
2019-05-12 17:00:00+00:00,253.0,311.25
2019-05-12 18:00:00+00:00,197.75,269.75
2019-05-12 19:00:00+00:00,159.25,257.5
2019-05-12 20:00:00+00:00,142.25,204.75
2019-05-12 21:00:00+00:00,111.5,163.5
2019-05-12 22:00:00+00:00,97.0,146.25
2019-05-12 23:00:00+00:00,79.25,124.5
2019-05-13 00:00:00+00:00,60.75,109.25
2019-05-13 01:00:00+00:00,42.5,81.75
2019-05-13 02:00:00+00:00,33.5,72.5
2019-05-13 03:00:00+00:00,39.25,65.75
2019-05-13 04:00:00+00:00,47.75,55.5
2019-05-13 05:00:00+00:00,42.0,56.25
2019-05-13 06:00:00+00:00,38.5,46.0
2019-05-13 07:00:00+00:00,47.25,45.5
2019-05-13 08:00:00+00:00,20.25,45.0
2019-05-13 09:00:00+00:00,16.0,51.75
2019-05-13 10:00:00+00:00,10.5,57.0
2019-05-13 11:00:00+00:00,22.0,76.25
2019-05-13 12:00:00+00:00,61.0,123.75
2019-05-13 13:00:00+00:00,87.0,166.75
2019-05-13 14:00:00+00:00,91.25,198.0
2019-05-13 15:00:00+00:00,127.75,239.25
2019-05-13 16:00:00+00:00,137.25,247.75
2019-05-13 17:00:00+00:00,108.75,253.5
2019-05-13 18:00:00+00:00,124.5,234.0
2019-05-13 19:00:00+00:00,121.0,230.25
2019-05-13 20:00:00+00:00,105.5,245.75
2019-05-13 21:00:00+00:00,115.0,244.25
2019-05-13 22:00:00+00:00,107.0,207.75
2019-05-13 23:00:00+00:00,104.5,188.5
2019-05-14 00:00:00+00:00,118.25,187.0
2019-05-14 01:00:00+00:00,128.25,171.25
2019-05-14 02:00:00+00:00,113.5,180.25
2019-05-14 03:00:00+00:00,88.5,161.5
2019-05-14 04:00:00+00:00,75.75,143.25
2019-05-14 05:00:00+00:00,67.0,117.5
2019-05-14 06:00:00+00:00,60.5,114.75
2019-05-14 07:00:00+00:00,37.5,140.5
2019-05-14 08:00:00+00:00,22.5,116.75
2019-05-14 09:00:00+00:00,36.25,124.25
2019-05-14 10:00:00+00:00,51.5,123.5
2019-05-14 11:00:00+00:00,71.0,124.25
2019-05-14 12:00:00+00:00,80.75,138.25
2019-05-14 13:00:00+00:00,102.25,156.5
2019-05-14 14:00:00+00:00,178.75,183.75
2019-05-14 15:00:00+00:00,235.0,202.0
2019-05-14 16:00:00+00:00,222.25,235.5
2019-05-14 17:00:00+00:00,231.0,240.75
2019-05-14 18:00:00+00:00,237.5,235.25
2019-05-14 19:00:00+00:00,233.0,285.0
2019-05-14 20:00:00+00:00,207.25,285.5
2019-05-14 21:00:00+00:00,189.5,282.75
2019-05-14 22:00:00+00:00,174.0,332.0
2019-05-14 23:00:00+00:00,144.5,362.25
2019-05-15 00:00:00+00:00,109.0,325.5
2019-05-15 01:00:00+00:00,77.75,271.75
2019-05-15 02:00:00+00:00,66.0,205.25
2019-05-15 03:00:00+00:00,38.25,184.5
2019-05-15 04:00:00+00:00,18.0,152.5
2019-05-15 05:00:00+00:00,15.75,101.75
2019-05-15 06:00:00+00:00,11.5,42.75
2019-05-15 07:00:00+00:00,10.25,38.5
2019-05-15 08:00:00+00:00,7.25,61.75
2019-05-15 09:00:00+00:00,7.75,59.5
2019-05-15 10:00:00+00:00,8.75,66.25
2019-05-15 11:00:00+00:00,15.25,68.75
2019-05-15 12:00:00+00:00,23.0,106.5
2019-05-15 13:00:00+00:00,47.25,135.75
2019-05-15 14:00:00+00:00,85.0,177.5
2019-05-15 15:00:00+00:00,182.5,194.75
2019-05-15 16:00:00+00:00,262.0,257.5
2019-05-15 17:00:00+00:00,251.25,370.5
2019-05-15 18:00:00+00:00,288.75,351.0
2019-05-15 19:00:00+00:00,309.75,392.25
2019-05-15 20:00:00+00:00,360.0,432.75
2019-05-15 21:00:00+00:00,374.75,452.25
2019-05-15 22:00:00+00:00,352.5,454.5
2019-05-15 23:00:00+00:00,339.75,400.0
2019-05-16 00:00:00+00:00,326.5,382.75
2019-05-16 01:00:00+00:00,238.5,410.5
2019-05-16 02:00:00+00:00,182.25,402.25
2019-05-16 03:00:00+00:00,204.0,426.25
2019-05-16 04:00:00+00:00,204.25,346.5
2019-05-16 05:00:00+00:00,198.0,254.0
2019-05-16 06:00:00+00:00,219.5,217.5
2019-05-16 07:00:00+00:00,344.75,241.75
2019-05-16 08:00:00+00:00,308.0,276.75
2019-05-16 09:00:00+00:00,389.75,372.25
2019-05-16 10:00:00+00:00,467.0,343.25
2019-05-16 11:00:00+00:00,406.0,281.0
2019-05-16 12:00:00+00:00,360.5,274.0
2019-05-16 13:00:00+00:00,558.0,318.75
2019-05-16 14:00:00+00:00,713.5,364.25
2019-05-16 15:00:00+00:00,695.5,422.25
2019-05-16 16:00:00+00:00,483.25,527.5
2019-05-16 17:00:00+00:00,606.25,436.75
2019-05-16 18:00:00+00:00,795.5,361.75
2019-05-16 19:00:00+00:00,797.5,373.25
2019-05-16 20:00:00+00:00,777.0,390.75
2019-05-16 21:00:00+00:00,727.0,381.5
2019-05-16 22:00:00+00:00,731.75,291.25
2019-05-16 23:00:00+00:00,734.5,234.75
2019-05-17 00:00:00+00:00,694.5,217.0
2019-05-17 01:00:00+00:00,692.75,176.25
2019-05-17 02:00:00+00:00,647.5,177.75
2019-05-17 03:00:00+00:00,568.75,182.75
2019-05-17 04:00:00+00:00,604.0,171.5
2019-05-17 05:00:00+00:00,612.5,167.5
2019-05-17 06:00:00+00:00,556.0,146.0
2019-05-17 07:00:00+00:00,437.5,146.0
2019-05-17 08:00:00+00:00,229.25,138.25
2019-05-17 09:00:00+00:00,171.75,141.0
2019-05-17 10:00:00+00:00,188.25,131.75
2019-05-17 11:00:00+00:00,227.25,146.75
2019-05-17 12:00:00+00:00,188.75,135.5
2019-05-17 13:00:00+00:00,185.25,139.25
2019-05-17 14:00:00+00:00,264.25,119.25
2019-05-17 15:00:00+00:00,257.75,142.75
2019-05-17 16:00:00+00:00,259.0,117.5
2019-05-17 17:00:00+00:00,255.75,88.5
2019-05-17 18:00:00+00:00,290.25,71.25
2019-05-17 19:00:00+00:00,293.0,74.0
2019-05-17 20:00:00+00:00,255.0,36.75
2019-05-17 21:00:00+00:00,202.0,42.25
2019-05-17 22:00:00+00:00,130.0,48.75
2019-05-17 23:00:00+00:00,121.25,47.5
2019-05-18 00:00:00+00:00,114.25,57.75
2019-05-18 01:00:00+00:00,124.75,45.0
2019-05-18 02:00:00+00:00,182.5,39.5
2019-05-18 03:00:00+00:00,196.0,56.25
2019-05-18 04:00:00+00:00,162.25,74.0
2019-05-18 05:00:00+00:00,145.0,58.5
2019-05-18 06:00:00+00:00,116.75,39.0
2019-05-18 07:00:00+00:00,92.0,27.0
2019-05-18 08:00:00+00:00,71.75,23.5
2019-05-18 09:00:00+00:00,52.75,24.0
2019-05-18 10:00:00+00:00,56.5,26.0
2019-05-18 11:00:00+00:00,63.75,26.0
2019-05-18 12:00:00+00:00,44.75,30.0
2019-05-18 13:00:00+00:00,40.5,42.0
2019-05-18 14:00:00+00:00,44.25,72.0
2019-05-18 15:00:00+00:00,41.75,94.25
2019-05-18 16:00:00+00:00,38.75,137.25
2019-05-18 17:00:00+00:00,36.25,177.0
2019-05-18 18:00:00+00:00,47.25,154.75
2019-05-18 19:00:00+00:00,58.5,151.5
2019-05-18 20:00:00+00:00,69.5,152.25
2019-05-18 21:00:00+00:00,44.5,147.25
2019-05-18 22:00:00+00:00,39.25,118.75
2019-05-18 23:00:00+00:00,55.5,105.5
2019-05-19 00:00:00+00:00,64.5,82.0
2019-05-19 01:00:00+00:00,71.5,97.75
2019-05-19 02:00:00+00:00,114.25,111.25
2019-05-19 03:00:00+00:00,143.5,137.75
2019-05-19 04:00:00+00:00,163.25,165.5
2019-05-19 05:00:00+00:00,210.25,195.0
2019-05-19 06:00:00+00:00,221.0,180.5
2019-05-19 07:00:00+00:00,187.0,147.5
2019-05-19 08:00:00+00:00,208.25,141.5
2019-05-19 09:00:00+00:00,211.25,143.25
2019-05-19 10:00:00+00:00,265.25,155.75
2019-05-19 11:00:00+00:00,321.75,206.75
2019-05-19 12:00:00+00:00,355.75,259.75
2019-05-19 13:00:00+00:00,388.0,297.5
2019-05-19 14:00:00+00:00,399.0,322.0
2019-05-19 15:00:00+00:00,421.5,335.0
2019-05-19 16:00:00+00:00,422.25,356.25
2019-05-19 17:00:00+00:00,505.5,322.25
2019-05-19 18:00:00+00:00,460.5,210.75
2019-05-19 19:00:00+00:00,359.0,172.5
2019-05-19 20:00:00+00:00,440.25,209.0
2019-05-19 21:00:00+00:00,445.0,196.75
2019-05-19 22:00:00+00:00,376.0,242.75
2019-05-19 23:00:00+00:00,300.25,128.75
2019-05-20 00:00:00+00:00,350.25,106.75
2019-05-20 01:00:00+00:00,349.25,80.75
2019-05-20 02:00:00+00:00,123.0,75.5
2019-05-20 03:00:00+00:00,138.0,65.0
2019-05-20 04:00:00+00:00,144.0,58.5
2019-05-20 05:00:00+00:00,131.25,60.5
2019-05-20 06:00:00+00:00,110.0,75.0
2019-05-20 07:00:00+00:00,87.25,126.0
2019-05-20 08:00:00+00:00,96.5,157.75
2019-05-20 09:00:00+00:00,129.5,151.75
2019-05-20 10:00:00+00:00,150.25,153.0
2019-05-20 11:00:00+00:00,116.0,152.5
2019-05-20 12:00:00+00:00,97.5,178.25
2019-05-20 13:00:00+00:00,174.75,202.25
2019-05-20 14:00:00+00:00,219.25,203.5
2019-05-20 15:00:00+00:00,219.0,244.5
2019-05-20 16:00:00+00:00,231.5,357.25
2019-05-20 17:00:00+00:00,317.25,346.75
2019-05-20 18:00:00+00:00,382.75,305.5
2019-05-20 19:00:00+00:00,361.25,292.25
2019-05-20 20:00:00+00:00,328.75,303.25
2019-05-20 21:00:00+00:00,351.75,293.0
2019-05-20 22:00:00+00:00,334.5,340.25
2019-05-20 23:00:00+00:00,387.5,352.75
2019-05-21 00:00:00+00:00,348.0,431.5
2019-05-21 01:00:00+00:00,321.25,451.0
2019-05-21 02:00:00+00:00,372.25,512.75
2019-05-21 03:00:00+00:00,434.25,492.0
2019-05-21 04:00:00+00:00,428.0,483.25
2019-05-21 05:00:00+00:00,406.0,483.75
2019-05-21 06:00:00+00:00,390.75,469.5
2019-05-21 07:00:00+00:00,410.75,426.25
2019-05-21 08:00:00+00:00,427.75,431.25
2019-05-21 09:00:00+00:00,418.0,447.5
2019-05-21 10:00:00+00:00,454.0,426.0
2019-05-21 11:00:00+00:00,495.25,467.0
2019-05-21 12:00:00+00:00,545.25,498.25
2019-05-21 13:00:00+00:00,609.75,436.5
2019-05-21 14:00:00+00:00,640.5,408.75
2019-05-21 15:00:00+00:00,669.25,408.0
2019-05-21 16:00:00+00:00,675.5,399.25
2019-05-21 17:00:00+00:00,704.25,416.25
2019-05-21 18:00:00+00:00,730.0,422.75
2019-05-21 19:00:00+00:00,676.25,411.5
2019-05-21 20:00:00+00:00,622.5,339.25
2019-05-21 21:00:00+00:00,588.75,290.0
2019-05-21 22:00:00+00:00,546.0,229.25
2019-05-21 23:00:00+00:00,530.0,221.25
2019-05-22 00:00:00+00:00,462.75,263.5
2019-05-22 01:00:00+00:00,532.0,283.75
2019-05-22 02:00:00+00:00,549.0,271.5
2019-05-22 03:00:00+00:00,498.0,259.0
2019-05-22 04:00:00+00:00,383.25,218.25
2019-05-22 05:00:00+00:00,349.5,198.25
2019-05-22 06:00:00+00:00,266.5,145.0
2019-05-22 07:00:00+00:00,222.25,101.25
2019-05-22 08:00:00+00:00,161.25,69.0
2019-05-22 09:00:00+00:00,120.75,50.5
2019-05-22 10:00:00+00:00,80.75,52.25
2019-05-22 11:00:00+00:00,73.5,68.25
2019-05-22 12:00:00+00:00,80.0,91.75
2019-05-22 13:00:00+00:00,125.25,75.75
2019-05-22 14:00:00+00:00,95.5,80.0
2019-05-22 15:00:00+00:00,150.25,70.0
2019-05-22 16:00:00+00:00,160.0,69.75
2019-05-22 17:00:00+00:00,124.75,56.5
2019-05-22 18:00:00+00:00,85.25,38.5
2019-05-22 19:00:00+00:00,57.5,30.0
2019-05-22 20:00:00+00:00,57.0,28.25
2019-05-22 21:00:00+00:00,116.75,34.5
2019-05-22 22:00:00+00:00,246.25,48.0
2019-05-22 23:00:00+00:00,328.75,74.5
2019-05-23 00:00:00+00:00,433.75,103.25
2019-05-23 01:00:00+00:00,479.0,167.0
2019-05-23 02:00:00+00:00,404.25,234.0
2019-05-23 03:00:00+00:00,597.0,294.25
2019-05-23 04:00:00+00:00,633.0,320.0
2019-05-23 05:00:00+00:00,650.5,296.75
2019-05-23 06:00:00+00:00,646.75,205.5
2019-05-23 07:00:00+00:00,590.25,147.0
2019-05-23 08:00:00+00:00,540.5,144.25
2019-05-23 09:00:00+00:00,481.25,160.0
2019-05-23 10:00:00+00:00,439.25,165.5
2019-05-23 11:00:00+00:00,284.0,218.5
2019-05-23 12:00:00+00:00,152.5,226.75
2019-05-23 13:00:00+00:00,101.5,164.25
2019-05-23 14:00:00+00:00,112.5,135.5
2019-05-23 15:00:00+00:00,94.0,120.75
2019-05-23 16:00:00+00:00,87.5,72.0
2019-05-23 17:00:00+00:00,36.0,45.5
2019-05-23 18:00:00+00:00,23.0,33.25
2019-05-23 19:00:00+00:00,11.5,31.0
2019-05-23 20:00:00+00:00,28.0,30.0
2019-05-23 21:00:00+00:00,38.75,30.25
2019-05-23 22:00:00+00:00,74.25,31.0
2019-05-23 23:00:00+00:00,143.0,39.0
2019-05-24 00:00:00+00:00,235.0,53.5
2019-05-24 01:00:00+00:00,297.0,94.0
2019-05-24 02:00:00+00:00,291.25,160.75
2019-05-24 03:00:00+00:00,349.0,227.25
2019-05-24 04:00:00+00:00,284.0,279.75
2019-05-24 05:00:00+00:00,202.25,213.25
2019-05-24 06:00:00+00:00,144.25,123.25
2019-05-24 07:00:00+00:00,129.5,72.75
2019-05-24 08:00:00+00:00,117.75,71.0
2019-05-24 09:00:00+00:00,109.0,70.5
2019-05-24 10:00:00+00:00,192.25,94.0
2019-05-24 11:00:00+00:00,232.75,186.25
2019-05-24 12:00:00+00:00,192.25,235.25
2019-05-24 13:00:00+00:00,194.0,235.75
2019-05-24 14:00:00+00:00,184.75,203.25
2019-05-24 15:00:00+00:00,250.5,163.75
2019-05-24 16:00:00+00:00,231.25,177.75
2019-05-24 17:00:00+00:00,300.5,169.75
2019-05-24 18:00:00+00:00,321.75,143.0
2019-05-24 19:00:00+00:00,282.5,134.25
2019-05-24 20:00:00+00:00,261.0,90.25
2019-05-24 21:00:00+00:00,233.0,62.5
2019-05-24 22:00:00+00:00,168.0,54.0
2019-05-24 23:00:00+00:00,175.75,59.0
2019-05-25 00:00:00+00:00,177.25,91.75
2019-05-25 01:00:00+00:00,123.25,119.75
2019-05-25 02:00:00+00:00,124.75,111.75
2019-05-25 03:00:00+00:00,161.75,107.25
2019-05-25 04:00:00+00:00,169.0,78.25
2019-05-25 05:00:00+00:00,89.0,51.75
2019-05-25 06:00:00+00:00,85.0,42.75
2019-05-25 07:00:00+00:00,96.5,43.25
2019-05-25 08:00:00+00:00,77.25,56.5
2019-05-25 09:00:00+00:00,41.25,50.0
2019-05-25 10:00:00+00:00,37.0,36.75
2019-05-25 11:00:00+00:00,27.75,37.0
2019-05-25 12:00:00+00:00,46.5,39.0
2019-05-25 13:00:00+00:00,20.0,47.5
2019-05-25 14:00:00+00:00,13.75,40.25
2019-05-25 15:00:00+00:00,13.0,39.0
2019-05-25 16:00:00+00:00,26.75,30.25
2019-05-25 17:00:00+00:00,13.25,29.5
2019-05-25 18:00:00+00:00,7.25,27.75
2019-05-25 19:00:00+00:00,8.0,30.75
2019-05-25 20:00:00+00:00,39.75,28.0
2019-05-25 21:00:00+00:00,89.75,25.5
2019-05-25 22:00:00+00:00,180.5,46.75
2019-05-25 23:00:00+00:00,303.75,115.0
2019-05-26 00:00:00+00:00,498.5,203.0
2019-05-26 01:00:00+00:00,644.25,289.25
2019-05-26 02:00:00+00:00,670.75,346.25
2019-05-26 03:00:00+00:00,654.75,399.5
2019-05-26 04:00:00+00:00,660.75,404.0
2019-05-26 05:00:00+00:00,711.5,400.75
2019-05-26 06:00:00+00:00,719.75,352.25
2019-05-26 07:00:00+00:00,663.0,371.75
2019-05-26 08:00:00+00:00,422.75,426.25
2019-05-26 09:00:00+00:00,508.5,519.0
2019-05-26 10:00:00+00:00,740.5,609.25
2019-05-26 11:00:00+00:00,714.75,714.5
2019-05-26 12:00:00+00:00,634.5,769.5
2019-05-26 13:00:00+00:00,747.0,819.25
2019-05-26 14:00:00+00:00,491.5,738.0
2019-05-26 15:00:00+00:00,811.75,835.75
2019-05-26 16:00:00+00:00,795.5,830.5
2019-05-26 17:00:00+00:00,848.75,802.0
2019-05-26 18:00:00+00:00,868.25,822.25
2019-05-26 19:00:00+00:00,843.5,785.5
2019-05-26 20:00:00+00:00,640.5,655.25
2019-05-26 21:00:00+00:00,498.0,514.5
2019-05-26 22:00:00+00:00,590.5,345.5
2019-05-26 23:00:00+00:00,568.75,290.75
2019-05-27 00:00:00+00:00,578.75,205.5
2019-05-27 01:00:00+00:00,558.5,178.5
2019-05-27 02:00:00+00:00,572.75,204.75
2019-05-27 03:00:00+00:00,545.25,229.5
2019-05-27 04:00:00+00:00,442.75,235.5
2019-05-27 05:00:00+00:00,479.5,256.75
2019-05-27 06:00:00+00:00,566.75,236.75
2019-05-27 07:00:00+00:00,494.0,195.75
2019-05-27 08:00:00+00:00,674.25,301.75
2019-05-27 09:00:00+00:00,700.0,397.75
2019-05-27 10:00:00+00:00,669.0,547.5
2019-05-27 11:00:00+00:00,628.5,544.25
2019-05-27 12:00:00+00:00,649.75,481.5
2019-05-27 13:00:00+00:00,678.25,537.0
2019-05-27 14:00:00+00:00,656.25,502.25
2019-05-27 15:00:00+00:00,644.0,468.0
2019-05-27 16:00:00+00:00,614.25,435.0
2019-05-27 17:00:00+00:00,633.25,377.25
2019-05-27 18:00:00+00:00,578.0,275.5
2019-05-27 19:00:00+00:00,550.0,298.25
2019-05-27 20:00:00+00:00,357.25,186.25
2019-05-27 21:00:00+00:00,109.75,148.25
2019-05-27 22:00:00+00:00,71.75,126.75
2019-05-27 23:00:00+00:00,48.25,67.25
2019-05-28 00:00:00+00:00,23.0,49.5
2019-05-28 01:00:00+00:00,71.75,61.25
2019-05-28 02:00:00+00:00,83.75,102.5
2019-05-28 03:00:00+00:00,73.0,99.75
2019-05-28 04:00:00+00:00,63.0,112.5
2019-05-28 05:00:00+00:00,79.5,99.0
2019-05-28 06:00:00+00:00,59.25,101.5
2019-05-28 07:00:00+00:00,41.25,81.25
2019-05-28 08:00:00+00:00,39.5,63.0
2019-05-28 09:00:00+00:00,44.75,56.0
2019-05-28 10:00:00+00:00,61.5,66.25
2019-05-28 11:00:00+00:00,77.25,84.75
2019-05-28 12:00:00+00:00,113.25,97.25
2019-05-28 13:00:00+00:00,150.25,158.0
2019-05-28 14:00:00+00:00,229.25,220.0
2019-05-28 15:00:00+00:00,265.0,314.75
2019-05-28 16:00:00+00:00,261.0,345.75
2019-05-28 17:00:00+00:00,260.75,275.5
2019-05-28 18:00:00+00:00,235.5,201.25
2019-05-28 19:00:00+00:00,198.75,192.5
2019-05-28 20:00:00+00:00,170.5,157.75
2019-05-28 21:00:00+00:00,132.5,123.25
2019-05-28 22:00:00+00:00,99.0,89.0
2019-05-28 23:00:00+00:00,79.5,67.0
2019-05-29 00:00:00+00:00,80.5,47.75
2019-05-29 01:00:00+00:00,41.5,41.5
2019-05-29 02:00:00+00:00,8.75,38.5
2019-05-29 03:00:00+00:00,20.0,35.75
2019-05-29 04:00:00+00:00,7.5,33.0
2019-05-29 05:00:00+00:00,19.0,29.0
2019-05-29 06:00:00+00:00,44.0,32.25
2019-05-29 07:00:00+00:00,32.75,37.0
2019-05-29 08:00:00+00:00,23.75,35.75
2019-05-29 09:00:00+00:00,17.0,42.5
2019-05-29 10:00:00+00:00,13.75,57.5
2019-05-29 11:00:00+00:00,14.0,75.25
2019-05-29 12:00:00+00:00,18.5,69.75
2019-05-29 13:00:00+00:00,45.0,69.5
2019-05-29 14:00:00+00:00,91.0,78.5
2019-05-29 15:00:00+00:00,102.5,89.0
2019-05-29 16:00:00+00:00,117.5,125.75
2019-05-29 17:00:00+00:00,221.5,114.25
2019-05-29 18:00:00+00:00,318.5,103.25
2019-05-29 19:00:00+00:00,424.5,149.75
2019-05-29 20:00:00+00:00,420.5,234.5
2019-05-29 21:00:00+00:00,569.0,292.75
2019-05-29 22:00:00+00:00,756.25,317.5
2019-05-29 23:00:00+00:00,801.5,405.0
2019-05-30 00:00:00+00:00,808.5,442.0
2019-05-30 01:00:00+00:00,856.25,513.25
2019-05-30 02:00:00+00:00,868.25,558.0
2019-05-30 03:00:00+00:00,850.25,574.5
2019-05-30 04:00:00+00:00,853.25,630.25
2019-05-30 05:00:00+00:00,809.0,601.0
2019-05-30 06:00:00+00:00,819.75,583.75
2019-05-30 07:00:00+00:00,825.5,572.75
2019-05-30 08:00:00+00:00,837.0,544.75
2019-05-30 09:00:00+00:00,835.75,527.25
2019-05-30 10:00:00+00:00,847.25,529.5
2019-05-30 11:00:00+00:00,840.5,526.25
2019-05-30 12:00:00+00:00,746.25,546.5
2019-05-30 13:00:00+00:00,699.5,570.75
2019-05-30 14:00:00+00:00,802.75,505.25
2019-05-30 15:00:00+00:00,809.5,575.0
2019-05-30 16:00:00+00:00,825.75,582.5
2019-05-30 17:00:00+00:00,823.25,532.75
2019-05-30 18:00:00+00:00,800.0,465.0
2019-05-30 19:00:00+00:00,735.75,477.25
2019-05-30 20:00:00+00:00,760.75,504.5
2019-05-30 21:00:00+00:00,721.0,530.5
2019-05-30 22:00:00+00:00,563.5,536.75
2019-05-30 23:00:00+00:00,554.75,465.75
2019-05-31 00:00:00+00:00,616.75,407.5
2019-05-31 01:00:00+00:00,634.75,354.75
2019-05-31 02:00:00+00:00,383.5,370.75
2019-05-31 03:00:00+00:00,283.5,334.75
2019-05-31 04:00:00+00:00,229.5,267.75
2019-05-31 05:00:00+00:00,170.0,228.0
2019-05-31 06:00:00+00:00,221.0,192.25
2019-05-31 07:00:00+00:00,179.25,169.5
2019-05-31 08:00:00+00:00,160.75,188.25
2019-05-31 09:00:00+00:00,204.75,249.0
2019-05-31 10:00:00+00:00,227.5,295.5
2019-05-31 11:00:00+00:00,323.5,328.0
2019-05-31 12:00:00+00:00,388.5,359.75
2019-05-31 13:00:00+00:00,342.75,386.0
2019-05-31 14:00:00+00:00,365.0,351.75
2019-05-31 15:00:00+00:00,370.0,337.75
2019-05-31 16:00:00+00:00,414.25,259.75
2019-05-31 17:00:00+00:00,489.0,226.0
2019-05-31 18:00:00+00:00,524.0,197.0
2019-05-31 19:00:00+00:00,569.5,171.75
2019-05-31 20:00:00+00:00,603.0,175.75
2019-05-31 21:00:00+00:00,619.25,167.75
2019-05-31 22:00:00+00:00,577.5,218.0
2019-05-31 23:00:00+00:00,563.25,268.0
2019-06-01 00:00:00+00:00,578.75,310.5
2019-06-01 01:00:00+00:00,538.75,297.0
2019-06-01 02:00:00+00:00,559.0,258.25
2019-06-01 03:00:00+00:00,512.0,231.25
2019-06-01 04:00:00+00:00,457.0,208.5
2019-06-01 05:00:00+00:00,417.0,160.25
2019-06-01 06:00:00+00:00,308.5,115.0
2019-06-01 07:00:00+00:00,196.5,80.25
2019-06-01 08:00:00+00:00,141.5,63.5
2019-06-01 09:00:00+00:00,114.75,58.75
2019-06-01 10:00:00+00:00,90.0,60.5
2019-06-01 11:00:00+00:00,60.75,49.75
2019-06-01 12:00:00+00:00,22.5,38.5
2019-06-01 13:00:00+00:00,4.25,31.5
2019-06-01 14:00:00+00:00,0.0,28.0
2019-06-01 15:00:00+00:00,0.0,27.25
2019-06-01 16:00:00+00:00,0.0,30.25
2019-06-01 17:00:00+00:00,0.25,22.5
2019-06-01 18:00:00+00:00,1.5,21.5
2019-06-01 19:00:00+00:00,12.25,39.0
2019-06-01 20:00:00+00:00,56.5,87.5
2019-06-01 21:00:00+00:00,123.75,175.75
2019-06-01 22:00:00+00:00,174.0,246.75
2019-06-01 23:00:00+00:00,169.0,306.75
2019-06-02 00:00:00+00:00,223.75,373.0
2019-06-02 01:00:00+00:00,338.5,329.75
2019-06-02 02:00:00+00:00,473.0,308.0
2019-06-02 03:00:00+00:00,482.5,310.25
2019-06-02 04:00:00+00:00,440.75,288.0
2019-06-02 05:00:00+00:00,383.0,206.25
2019-06-02 06:00:00+00:00,331.5,140.75
2019-06-02 07:00:00+00:00,378.0,92.25
2019-06-02 08:00:00+00:00,403.0,90.0
2019-06-02 09:00:00+00:00,423.5,129.25
2019-06-02 10:00:00+00:00,389.0,220.25
2019-06-02 11:00:00+00:00,358.0,320.25
2019-06-02 12:00:00+00:00,356.5,357.25
2019-06-02 13:00:00+00:00,294.5,401.75
2019-06-02 14:00:00+00:00,298.25,359.5
2019-06-02 15:00:00+00:00,422.25,309.75
2019-06-02 16:00:00+00:00,543.25,323.0
2019-06-02 17:00:00+00:00,434.75,375.75
2019-06-02 18:00:00+00:00,421.25,347.5
2019-06-02 19:00:00+00:00,355.75,283.0
2019-06-02 20:00:00+00:00,393.0,266.5
2019-06-02 21:00:00+00:00,620.25,239.5
2019-06-02 22:00:00+00:00,673.0,248.5
2019-06-02 23:00:00+00:00,662.75,221.75
2019-06-03 00:00:00+00:00,716.5,271.75
2019-06-03 01:00:00+00:00,433.25,309.75
2019-06-03 02:00:00+00:00,648.25,317.75
2019-06-03 03:00:00+00:00,456.5,228.25
2019-06-03 04:00:00+00:00,226.0,183.5
2019-06-03 05:00:00+00:00,187.75,157.5
2019-06-03 06:00:00+00:00,104.75,95.75
2019-06-03 07:00:00+00:00,94.75,70.75
2019-06-03 08:00:00+00:00,127.75,63.0
2019-06-03 09:00:00+00:00,180.75,66.25
2019-06-03 10:00:00+00:00,143.75,114.5
2019-06-03 11:00:00+00:00,191.25,150.0
2019-06-03 12:00:00+00:00,206.0,191.0
2019-06-03 13:00:00+00:00,219.5,187.25
2019-06-03 14:00:00+00:00,225.5,167.75
2019-06-03 15:00:00+00:00,184.75,146.25
2019-06-03 16:00:00+00:00,140.75,152.75
2019-06-03 17:00:00+00:00,102.5,160.25
2019-06-03 18:00:00+00:00,69.0,78.5
2019-06-03 19:00:00+00:00,54.25,41.0
2019-06-03 20:00:00+00:00,72.25,28.5
2019-06-03 21:00:00+00:00,110.0,31.5
2019-06-03 22:00:00+00:00,118.0,34.25
2019-06-03 23:00:00+00:00,118.75,46.0
2019-06-04 00:00:00+00:00,137.75,52.5
2019-06-04 01:00:00+00:00,133.75,45.0
2019-06-04 02:00:00+00:00,107.75,39.25
2019-06-04 03:00:00+00:00,133.5,40.0
2019-06-04 04:00:00+00:00,74.75,38.5
2019-06-04 05:00:00+00:00,86.0,30.25
2019-06-04 06:00:00+00:00,63.75,23.25
2019-06-04 07:00:00+00:00,59.75,23.0
2019-06-04 08:00:00+00:00,16.25,37.25
2019-06-04 09:00:00+00:00,0.5,46.5
2019-06-04 10:00:00+00:00,0.0,68.5
2019-06-04 11:00:00+00:00,6.25,87.25
2019-06-04 12:00:00+00:00,54.25,137.25
2019-06-04 13:00:00+00:00,93.0,167.75
2019-06-04 14:00:00+00:00,108.75,165.75
2019-06-04 15:00:00+00:00,210.5,183.0
2019-06-04 16:00:00+00:00,284.75,271.75
2019-06-04 17:00:00+00:00,290.5,402.25
2019-06-04 18:00:00+00:00,389.25,451.0
2019-06-04 19:00:00+00:00,382.75,495.5
2019-06-04 20:00:00+00:00,299.75,398.75
2019-06-04 21:00:00+00:00,312.5,542.0
2019-06-04 22:00:00+00:00,385.0,549.25
2019-06-04 23:00:00+00:00,489.5,525.75
2019-06-05 00:00:00+00:00,568.0,485.25
2019-06-05 01:00:00+00:00,527.75,504.75
2019-06-05 02:00:00+00:00,534.0,430.25
2019-06-05 03:00:00+00:00,414.75,326.25
2019-06-05 04:00:00+00:00,485.5,217.5
2019-06-05 05:00:00+00:00,387.25,170.75
2019-06-05 06:00:00+00:00,395.75,131.75
2019-06-05 07:00:00+00:00,417.25,128.25
2019-06-05 08:00:00+00:00,229.5,94.75
2019-06-05 09:00:00+00:00,144.25,80.0
2019-06-05 10:00:00+00:00,47.5,71.0
2019-06-05 11:00:00+00:00,24.0,53.5
2019-06-05 12:00:00+00:00,62.5,32.5
2019-06-05 13:00:00+00:00,40.0,29.25
2019-06-05 14:00:00+00:00,28.25,32.0
2019-06-05 15:00:00+00:00,0.25,30.0
2019-06-05 16:00:00+00:00,0.0,50.5
2019-06-05 17:00:00+00:00,0.75,140.5
2019-06-05 18:00:00+00:00,6.75,211.0
2019-06-05 19:00:00+00:00,82.5,302.75
2019-06-05 20:00:00+00:00,181.0,453.5
2019-06-05 21:00:00+00:00,287.75,512.5
2019-06-05 22:00:00+00:00,415.5,589.25
2019-06-05 23:00:00+00:00,465.0,407.25
2019-06-06 00:00:00+00:00,366.5,431.0
2019-06-06 01:00:00+00:00,392.75,158.75
2019-06-06 02:00:00+00:00,341.5,235.5
2019-06-06 03:00:00+00:00,266.75,287.25
2019-06-06 04:00:00+00:00,150.75,555.25
2019-06-06 05:00:00+00:00,239.5,618.0
2019-06-06 06:00:00+00:00,227.75,528.25
2019-06-06 07:00:00+00:00,293.25,609.75
2019-06-06 08:00:00+00:00,320.75,486.75
2019-06-06 09:00:00+00:00,394.25,465.5
2019-06-06 10:00:00+00:00,407.25,307.75
2019-06-06 11:00:00+00:00,397.5,246.75
2019-06-06 12:00:00+00:00,330.5,192.0
2019-06-06 13:00:00+00:00,249.25,170.5
2019-06-06 14:00:00+00:00,277.75,201.75
2019-06-06 15:00:00+00:00,228.0,185.25
2019-06-06 16:00:00+00:00,188.75,131.75
2019-06-06 17:00:00+00:00,128.75,62.75
2019-06-06 18:00:00+00:00,60.0,32.75
2019-06-06 19:00:00+00:00,23.25,25.5
2019-06-06 20:00:00+00:00,19.75,28.5
2019-06-06 21:00:00+00:00,25.25,35.75
2019-06-06 22:00:00+00:00,8.75,44.25
2019-06-06 23:00:00+00:00,3.5,69.75
2019-06-07 00:00:00+00:00,35.25,125.75
2019-06-07 01:00:00+00:00,97.5,167.5
2019-06-07 02:00:00+00:00,109.0,262.25
2019-06-07 03:00:00+00:00,119.75,329.25
2019-06-07 04:00:00+00:00,94.5,334.5
2019-06-07 05:00:00+00:00,183.75,265.25
2019-06-07 06:00:00+00:00,275.5,228.25
2019-06-07 07:00:00+00:00,296.75,271.75
2019-06-07 08:00:00+00:00,335.25,409.0
2019-06-07 09:00:00+00:00,374.5,575.75
2019-06-07 10:00:00+00:00,436.25,603.0
2019-06-07 11:00:00+00:00,490.25,620.25
2019-06-07 12:00:00+00:00,531.25,603.5
2019-06-07 13:00:00+00:00,463.25,558.75
2019-06-07 14:00:00+00:00,464.25,523.5
2019-06-07 15:00:00+00:00,500.5,466.5
2019-06-07 16:00:00+00:00,419.75,469.75
2019-06-07 17:00:00+00:00,426.75,610.25
2019-06-07 18:00:00+00:00,562.25,519.5
2019-06-07 19:00:00+00:00,577.75,482.5
2019-06-07 20:00:00+00:00,535.75,545.0
2019-06-07 21:00:00+00:00,519.75,569.5
2019-06-07 22:00:00+00:00,560.5,654.0
2019-06-07 23:00:00+00:00,564.0,762.5
2019-06-08 00:00:00+00:00,562.25,796.0
2019-06-08 01:00:00+00:00,560.25,835.75
2019-06-08 02:00:00+00:00,538.0,860.5
2019-06-08 03:00:00+00:00,533.5,914.0
2019-06-08 04:00:00+00:00,522.25,924.0
2019-06-08 05:00:00+00:00,544.5,926.0
2019-06-08 06:00:00+00:00,564.0,925.75
2019-06-08 07:00:00+00:00,565.5,930.75
2019-06-08 08:00:00+00:00,566.75,925.0
2019-06-08 09:00:00+00:00,565.25,920.75
2019-06-08 10:00:00+00:00,565.0,924.5
2019-06-08 11:00:00+00:00,571.0,921.25
2019-06-08 12:00:00+00:00,555.5,910.0
2019-06-08 13:00:00+00:00,558.5,881.25
2019-06-08 14:00:00+00:00,545.75,890.25
2019-06-08 15:00:00+00:00,563.0,922.0
2019-06-08 16:00:00+00:00,558.25,905.0
2019-06-08 17:00:00+00:00,560.5,909.0
2019-06-08 18:00:00+00:00,557.0,841.75
2019-06-08 19:00:00+00:00,555.5,876.0
2019-06-08 20:00:00+00:00,551.0,857.25
2019-06-08 21:00:00+00:00,539.5,818.75
2019-06-08 22:00:00+00:00,524.0,784.0
2019-06-08 23:00:00+00:00,444.75,693.25
2019-06-09 00:00:00+00:00,397.0,610.75
2019-06-09 01:00:00+00:00,377.0,486.5
2019-06-09 02:00:00+00:00,358.25,399.5
2019-06-09 03:00:00+00:00,354.0,314.25
2019-06-09 04:00:00+00:00,338.75,264.25
2019-06-09 05:00:00+00:00,269.25,183.0
2019-06-09 06:00:00+00:00,275.75,138.25
2019-06-09 07:00:00+00:00,233.0,99.5
2019-06-09 08:00:00+00:00,200.0,85.25
2019-06-09 09:00:00+00:00,278.75,77.75
2019-06-09 10:00:00+00:00,295.5,60.0
2019-06-09 11:00:00+00:00,214.25,42.0
2019-06-09 12:00:00+00:00,159.5,31.5
2019-06-09 13:00:00+00:00,92.25,29.0
2019-06-09 14:00:00+00:00,51.5,28.0
2019-06-09 15:00:00+00:00,27.5,29.25
2019-06-09 16:00:00+00:00,5.75,41.5
2019-06-09 17:00:00+00:00,4.25,68.0
2019-06-09 18:00:00+00:00,9.25,108.25
2019-06-09 19:00:00+00:00,14.75,154.75
2019-06-09 20:00:00+00:00,12.0,224.75
2019-06-09 21:00:00+00:00,43.5,223.5
2019-06-09 22:00:00+00:00,60.5,201.5
2019-06-09 23:00:00+00:00,76.5,199.5
2019-06-10 00:00:00+00:00,78.0,182.5
2019-06-10 01:00:00+00:00,107.75,207.0
2019-06-10 02:00:00+00:00,177.25,191.25
2019-06-10 03:00:00+00:00,187.75,268.75
2019-06-10 04:00:00+00:00,298.0,307.0
2019-06-10 05:00:00+00:00,328.25,344.25
2019-06-10 06:00:00+00:00,345.25,344.25
2019-06-10 07:00:00+00:00,418.0,359.0
2019-06-10 08:00:00+00:00,419.0,381.5
2019-06-10 09:00:00+00:00,460.0,380.0
2019-06-10 10:00:00+00:00,530.75,379.75
2019-06-10 11:00:00+00:00,558.5,341.0
2019-06-10 12:00:00+00:00,551.75,306.25
2019-06-10 13:00:00+00:00,526.5,262.25
2019-06-10 14:00:00+00:00,436.0,223.0
2019-06-10 15:00:00+00:00,443.75,178.25
2019-06-10 16:00:00+00:00,456.0,174.5
2019-06-10 17:00:00+00:00,495.25,193.0
2019-06-10 18:00:00+00:00,521.0,189.0
2019-06-10 19:00:00+00:00,511.75,100.5
2019-06-10 20:00:00+00:00,485.5,65.25
2019-06-10 21:00:00+00:00,388.0,52.5
2019-06-10 22:00:00+00:00,283.75,57.75
2019-06-10 23:00:00+00:00,268.75,109.5
2019-06-11 00:00:00+00:00,257.0,136.0
2019-06-11 01:00:00+00:00,254.0,111.75
2019-06-11 02:00:00+00:00,309.75,117.0
2019-06-11 03:00:00+00:00,347.75,133.5
2019-06-11 04:00:00+00:00,401.0,179.0
2019-06-11 05:00:00+00:00,373.0,248.0
2019-06-11 06:00:00+00:00,372.75,208.25
2019-06-11 07:00:00+00:00,350.75,201.0
2019-06-11 08:00:00+00:00,314.0,167.25
2019-06-11 09:00:00+00:00,271.0,143.25
2019-06-11 10:00:00+00:00,204.5,129.75
2019-06-11 11:00:00+00:00,91.0,123.25
2019-06-11 12:00:00+00:00,64.75,114.0
2019-06-11 13:00:00+00:00,68.25,103.25
2019-06-11 14:00:00+00:00,55.5,90.0
2019-06-11 15:00:00+00:00,88.75,75.0
2019-06-11 16:00:00+00:00,154.75,57.5
2019-06-11 17:00:00+00:00,173.25,51.25
2019-06-11 18:00:00+00:00,106.5,37.25
2019-06-11 19:00:00+00:00,140.25,37.75
2019-06-11 20:00:00+00:00,89.25,35.5
2019-06-11 21:00:00+00:00,26.25,31.25
2019-06-11 22:00:00+00:00,12.25,31.5
2019-06-11 23:00:00+00:00,4.5,30.75
2019-06-12 00:00:00+00:00,0.25,36.75
2019-06-12 01:00:00+00:00,0.0,44.75
2019-06-12 02:00:00+00:00,0.0,68.5
2019-06-12 03:00:00+00:00,0.0,65.25
2019-06-12 04:00:00+00:00,16.5,64.25
2019-06-12 05:00:00+00:00,5.0,52.5
2019-06-12 06:00:00+00:00,2.0,51.0
2019-06-12 07:00:00+00:00,31.25,73.25
2019-06-12 08:00:00+00:00,85.25,117.75
2019-06-12 09:00:00+00:00,106.0,200.75
2019-06-12 10:00:00+00:00,161.25,226.25
2019-06-12 11:00:00+00:00,259.25,223.25
2019-06-12 12:00:00+00:00,198.25,143.75
2019-06-12 13:00:00+00:00,174.0,95.0
2019-06-12 14:00:00+00:00,222.25,131.0
2019-06-12 15:00:00+00:00,256.75,212.0
2019-06-12 16:00:00+00:00,114.0,300.0
2019-06-12 17:00:00+00:00,56.75,273.0
2019-06-12 18:00:00+00:00,129.0,228.0
2019-06-12 19:00:00+00:00,287.25,234.25
2019-06-12 20:00:00+00:00,288.0,130.75
2019-06-12 21:00:00+00:00,289.25,134.5
2019-06-12 22:00:00+00:00,299.75,146.75
2019-06-12 23:00:00+00:00,326.75,218.25
2019-06-13 00:00:00+00:00,356.5,280.0
2019-06-13 01:00:00+00:00,447.25,370.25
2019-06-13 02:00:00+00:00,452.75,463.25
2019-06-13 03:00:00+00:00,430.5,510.0
2019-06-13 04:00:00+00:00,527.75,547.25
2019-06-13 05:00:00+00:00,562.75,563.0
2019-06-13 06:00:00+00:00,582.5,616.5
2019-06-13 07:00:00+00:00,572.75,628.5
2019-06-13 08:00:00+00:00,532.0,695.0
2019-06-13 09:00:00+00:00,576.25,680.5
2019-06-13 10:00:00+00:00,585.25,649.25
2019-06-13 11:00:00+00:00,586.25,635.75
2019-06-13 12:00:00+00:00,551.0,622.75
2019-06-13 13:00:00+00:00,537.5,552.5
2019-06-13 14:00:00+00:00,550.0,601.5
2019-06-13 15:00:00+00:00,503.75,470.0
2019-06-13 16:00:00+00:00,447.0,406.0
2019-06-13 17:00:00+00:00,353.0,397.0
2019-06-13 18:00:00+00:00,399.25,352.75
2019-06-13 19:00:00+00:00,594.25,332.75
2019-06-13 20:00:00+00:00,685.25,379.25
2019-06-13 21:00:00+00:00,753.25,395.5
2019-06-13 22:00:00+00:00,726.5,418.25
2019-06-13 23:00:00+00:00,720.75,390.25
2019-06-14 00:00:00+00:00,717.25,331.0
2019-06-14 01:00:00+00:00,702.75,324.0
2019-06-14 02:00:00+00:00,595.75,281.75
2019-06-14 03:00:00+00:00,511.0,253.25
2019-06-14 04:00:00+00:00,487.75,213.5
2019-06-14 05:00:00+00:00,438.25,158.0
2019-06-14 06:00:00+00:00,345.75,120.75
2019-06-14 07:00:00+00:00,350.0,120.0
2019-06-14 08:00:00+00:00,342.75,109.5
2019-06-14 09:00:00+00:00,262.0,57.5
2019-06-14 10:00:00+00:00,383.0,71.75
2019-06-14 11:00:00+00:00,253.0,122.5
2019-06-14 12:00:00+00:00,175.5,167.75
2019-06-14 13:00:00+00:00,120.25,136.5
2019-06-14 14:00:00+00:00,122.25,94.0
2019-06-14 15:00:00+00:00,81.5,66.75
2019-06-14 16:00:00+00:00,6.5,51.25
2019-06-14 17:00:00+00:00,0.0,53.0
2019-06-14 18:00:00+00:00,0.0,90.25
2019-06-14 19:00:00+00:00,0.0,155.75
2019-06-14 20:00:00+00:00,2.25,199.0
2019-06-14 21:00:00+00:00,8.25,212.5
2019-06-14 22:00:00+00:00,8.0,224.5
2019-06-14 23:00:00+00:00,39.5,260.75
2019-06-15 00:00:00+00:00,62.25,244.75
2019-06-15 01:00:00+00:00,112.25,251.75
2019-06-15 02:00:00+00:00,136.0,269.75
2019-06-15 03:00:00+00:00,142.0,228.0
2019-06-15 04:00:00+00:00,179.75,102.75
2019-06-15 05:00:00+00:00,170.75,72.25
2019-06-15 06:00:00+00:00,173.0,47.75
2019-06-15 07:00:00+00:00,161.0,79.0
2019-06-15 08:00:00+00:00,203.5,247.0
2019-06-15 09:00:00+00:00,248.75,527.0
2019-06-15 10:00:00+00:00,143.0,467.75
2019-06-15 11:00:00+00:00,162.5,208.25
2019-06-15 12:00:00+00:00,397.5,164.0
2019-06-15 13:00:00+00:00,504.0,168.5
2019-06-15 14:00:00+00:00,380.25,125.75
2019-06-15 15:00:00+00:00,291.25,85.25
2019-06-15 16:00:00+00:00,190.5,64.75
2019-06-15 17:00:00+00:00,89.75,45.0
2019-06-15 18:00:00+00:00,70.0,37.25
2019-06-15 19:00:00+00:00,82.25,26.75
2019-06-15 20:00:00+00:00,83.75,27.75
2019-06-15 21:00:00+00:00,107.5,29.5
2019-06-15 22:00:00+00:00,106.75,37.25
2019-06-15 23:00:00+00:00,123.75,65.25
2019-06-16 00:00:00+00:00,162.5,117.5
2019-06-16 01:00:00+00:00,312.75,169.75
2019-06-16 02:00:00+00:00,492.75,185.0
2019-06-16 03:00:00+00:00,490.5,215.25
2019-06-16 04:00:00+00:00,502.5,224.5
2019-06-16 05:00:00+00:00,349.0,211.5
2019-06-16 06:00:00+00:00,386.0,210.75
2019-06-16 07:00:00+00:00,322.25,221.75
2019-06-16 08:00:00+00:00,240.25,236.25
2019-06-16 09:00:00+00:00,262.5,243.5
2019-06-16 10:00:00+00:00,293.25,224.25
2019-06-16 11:00:00+00:00,279.0,192.25
2019-06-16 12:00:00+00:00,205.5,213.0
2019-06-16 13:00:00+00:00,175.0,215.25
2019-06-16 14:00:00+00:00,196.0,218.0
2019-06-16 15:00:00+00:00,236.25,153.25
2019-06-16 16:00:00+00:00,200.5,120.5
2019-06-16 17:00:00+00:00,257.5,117.5
2019-06-16 18:00:00+00:00,306.0,102.75
2019-06-16 19:00:00+00:00,368.25,120.25
2019-06-16 20:00:00+00:00,382.75,152.75
2019-06-16 21:00:00+00:00,596.0,170.0
2019-06-16 22:00:00+00:00,652.5,216.5
2019-06-16 23:00:00+00:00,565.75,210.0
2019-06-17 00:00:00+00:00,468.0,130.25
2019-06-17 01:00:00+00:00,415.25,125.0
2019-06-17 02:00:00+00:00,361.75,103.0
2019-06-17 03:00:00+00:00,302.75,90.0
2019-06-17 04:00:00+00:00,264.0,108.25
2019-06-17 05:00:00+00:00,267.75,122.25
2019-06-17 06:00:00+00:00,288.0,90.75
2019-06-17 07:00:00+00:00,264.75,88.75
2019-06-17 08:00:00+00:00,201.5,95.25
2019-06-17 09:00:00+00:00,155.25,107.25
2019-06-17 10:00:00+00:00,115.5,100.5
2019-06-17 11:00:00+00:00,92.75,76.25
2019-06-17 12:00:00+00:00,79.75,63.25
2019-06-17 13:00:00+00:00,81.5,58.0
2019-06-17 14:00:00+00:00,96.25,52.75
2019-06-17 15:00:00+00:00,88.25,48.75
2019-06-17 16:00:00+00:00,60.5,59.0
2019-06-17 17:00:00+00:00,12.0,83.75
2019-06-17 18:00:00+00:00,1.25,70.75
2019-06-17 19:00:00+00:00,0.0,66.0
2019-06-17 20:00:00+00:00,0.0,78.5
2019-06-17 21:00:00+00:00,0.0,73.0
2019-06-17 22:00:00+00:00,0.0,68.5
2019-06-17 23:00:00+00:00,0.0,64.5
2019-06-18 00:00:00+00:00,0.25,62.0
2019-06-18 01:00:00+00:00,0.0,53.25
2019-06-18 02:00:00+00:00,0.0,50.5
2019-06-18 03:00:00+00:00,6.5,56.0
2019-06-18 04:00:00+00:00,3.5,52.75
2019-06-18 05:00:00+00:00,4.75,46.5
2019-06-18 06:00:00+00:00,17.25,43.25
2019-06-18 07:00:00+00:00,13.25,43.0
2019-06-18 08:00:00+00:00,17.0,43.0
2019-06-18 09:00:00+00:00,21.0,42.5
2019-06-18 10:00:00+00:00,17.75,42.25
2019-06-18 11:00:00+00:00,12.0,42.0
2019-06-18 12:00:00+00:00,8.25,42.5
2019-06-18 13:00:00+00:00,0.0,56.25
2019-06-18 14:00:00+00:00,7.0,69.0
2019-06-18 15:00:00+00:00,21.5,94.0
2019-06-18 16:00:00+00:00,51.0,134.5
2019-06-18 17:00:00+00:00,57.75,153.0
2019-06-18 18:00:00+00:00,81.25,160.0
2019-06-18 19:00:00+00:00,87.25,194.5
2019-06-18 20:00:00+00:00,114.5,237.0
2019-06-18 21:00:00+00:00,164.25,280.25
2019-06-18 22:00:00+00:00,149.75,352.0
2019-06-18 23:00:00+00:00,133.25,391.0
2019-06-19 00:00:00+00:00,148.0,353.0
2019-06-19 01:00:00+00:00,171.5,315.0
2019-06-19 02:00:00+00:00,149.25,311.0
2019-06-19 03:00:00+00:00,203.75,219.25
2019-06-19 04:00:00+00:00,348.75,213.0
2019-06-19 05:00:00+00:00,328.5,200.75
2019-06-19 06:00:00+00:00,375.75,145.25
2019-06-19 07:00:00+00:00,307.5,192.75
2019-06-19 08:00:00+00:00,241.75,189.5
2019-06-19 09:00:00+00:00,306.75,202.0
2019-06-19 10:00:00+00:00,264.25,104.0
2019-06-19 11:00:00+00:00,55.5,218.25
2019-06-19 12:00:00+00:00,109.0,120.0
2019-06-19 13:00:00+00:00,80.0,120.75
2019-06-19 14:00:00+00:00,201.25,107.25
2019-06-19 15:00:00+00:00,199.0,126.75
2019-06-19 16:00:00+00:00,90.25,122.0
2019-06-19 17:00:00+00:00,95.25,100.25
2019-06-19 18:00:00+00:00,35.5,172.5
2019-06-19 19:00:00+00:00,62.75,87.75
2019-06-19 20:00:00+00:00,70.25,91.5
2019-06-19 21:00:00+00:00,79.5,85.0
2019-06-19 22:00:00+00:00,51.0,87.75
2019-06-19 23:00:00+00:00,59.75,134.0
2019-06-20 00:00:00+00:00,47.25,174.25
2019-06-20 01:00:00+00:00,52.25,190.25
2019-06-20 02:00:00+00:00,109.5,165.5
2019-06-20 03:00:00+00:00,132.25,169.75
2019-06-20 04:00:00+00:00,100.5,172.5
2019-06-20 05:00:00+00:00,84.0,145.0
2019-06-20 06:00:00+00:00,55.75,153.5
2019-06-20 07:00:00+00:00,88.75,164.25
2019-06-20 08:00:00+00:00,97.0,217.5
2019-06-20 09:00:00+00:00,94.5,261.0
2019-06-20 10:00:00+00:00,39.75,347.25
2019-06-20 11:00:00+00:00,30.0,278.0
2019-06-20 12:00:00+00:00,15.0,240.5
2019-06-20 13:00:00+00:00,16.0,205.0
2019-06-20 14:00:00+00:00,41.25,202.0
2019-06-20 15:00:00+00:00,61.25,185.75
2019-06-20 16:00:00+00:00,74.75,175.5
2019-06-20 17:00:00+00:00,120.5,204.25
2019-06-20 18:00:00+00:00,148.25,210.75
2019-06-20 19:00:00+00:00,113.75,202.0
2019-06-20 20:00:00+00:00,83.25,235.25
2019-06-20 21:00:00+00:00,76.25,170.25
2019-06-20 22:00:00+00:00,61.5,176.5
2019-06-20 23:00:00+00:00,69.75,211.5
2019-06-21 00:00:00+00:00,88.5,211.75
2019-06-21 01:00:00+00:00,76.0,226.25
2019-06-21 02:00:00+00:00,100.25,231.5
2019-06-21 03:00:00+00:00,82.5,214.5
2019-06-21 04:00:00+00:00,84.75,206.0
2019-06-21 05:00:00+00:00,56.0,179.25
2019-06-21 06:00:00+00:00,53.75,162.75
2019-06-21 07:00:00+00:00,56.5,172.75
2019-06-21 08:00:00+00:00,68.75,178.75
2019-06-21 09:00:00+00:00,103.0,180.75
2019-06-21 10:00:00+00:00,100.75,194.25
2019-06-21 11:00:00+00:00,102.0,196.0
2019-06-21 12:00:00+00:00,109.5,254.5
2019-06-21 13:00:00+00:00,111.0,228.5
2019-06-21 14:00:00+00:00,129.5,196.5
2019-06-21 15:00:00+00:00,113.25,200.75
2019-06-21 16:00:00+00:00,101.0,152.75
2019-06-21 17:00:00+00:00,107.5,133.75
2019-06-21 18:00:00+00:00,107.0,107.25
2019-06-21 19:00:00+00:00,70.75,91.25
2019-06-21 20:00:00+00:00,46.0,85.25
2019-06-21 21:00:00+00:00,30.75,72.0
2019-06-21 22:00:00+00:00,17.0,64.0
2019-06-21 23:00:00+00:00,4.25,47.0
2019-06-22 00:00:00+00:00,0.0,55.5
2019-06-22 01:00:00+00:00,0.0,65.75
2019-06-22 02:00:00+00:00,1.75,80.0
2019-06-22 03:00:00+00:00,8.25,96.75
2019-06-22 04:00:00+00:00,17.0,109.25
2019-06-22 05:00:00+00:00,17.75,100.5
2019-06-22 06:00:00+00:00,10.75,83.25
2019-06-22 07:00:00+00:00,8.75,89.5
2019-06-22 08:00:00+00:00,11.25,85.75
2019-06-22 09:00:00+00:00,18.5,80.0
2019-06-22 10:00:00+00:00,33.5,76.5
2019-06-22 11:00:00+00:00,66.25,89.25
2019-06-22 12:00:00+00:00,112.0,107.0
2019-06-22 13:00:00+00:00,166.25,128.75
2019-06-22 14:00:00+00:00,218.75,170.25
2019-06-22 15:00:00+00:00,256.25,229.75
2019-06-22 16:00:00+00:00,319.25,315.0
2019-06-22 17:00:00+00:00,354.5,347.0
2019-06-22 18:00:00+00:00,328.75,293.5
2019-06-22 19:00:00+00:00,261.75,317.75
2019-06-22 20:00:00+00:00,219.25,337.75
2019-06-22 21:00:00+00:00,206.25,376.5
2019-06-22 22:00:00+00:00,203.5,418.0
2019-06-22 23:00:00+00:00,215.25,416.5
2019-06-23 00:00:00+00:00,181.25,360.0
2019-06-23 01:00:00+00:00,121.5,347.25
2019-06-23 02:00:00+00:00,112.0,279.75
2019-06-23 03:00:00+00:00,194.75,304.25
2019-06-23 04:00:00+00:00,222.25,283.25
2019-06-23 05:00:00+00:00,206.0,189.5
2019-06-23 06:00:00+00:00,174.0,110.5
2019-06-23 07:00:00+00:00,138.5,72.75
2019-06-23 08:00:00+00:00,140.0,59.5
2019-06-23 09:00:00+00:00,141.25,64.25
2019-06-23 10:00:00+00:00,201.5,67.5
2019-06-23 11:00:00+00:00,272.5,72.75
2019-06-23 12:00:00+00:00,378.25,95.5
2019-06-23 13:00:00+00:00,462.0,113.75
2019-06-23 14:00:00+00:00,427.0,119.5
2019-06-23 15:00:00+00:00,402.5,151.0
2019-06-23 16:00:00+00:00,378.75,171.75
2019-06-23 17:00:00+00:00,384.25,212.0
2019-06-23 18:00:00+00:00,405.25,225.25
2019-06-23 19:00:00+00:00,398.0,341.5
2019-06-23 20:00:00+00:00,535.5,497.5
2019-06-23 21:00:00+00:00,716.75,561.75
2019-06-23 22:00:00+00:00,752.25,532.75
2019-06-23 23:00:00+00:00,761.25,493.75
2019-06-24 00:00:00+00:00,737.75,476.75
2019-06-24 01:00:00+00:00,713.75,476.5
2019-06-24 02:00:00+00:00,765.25,474.25
2019-06-24 03:00:00+00:00,769.5,456.25
2019-06-24 04:00:00+00:00,724.5,425.0
2019-06-24 05:00:00+00:00,490.5,359.0
2019-06-24 06:00:00+00:00,458.5,259.0
2019-06-24 07:00:00+00:00,380.0,206.75
2019-06-24 08:00:00+00:00,356.75,196.5
2019-06-24 09:00:00+00:00,338.5,182.5
2019-06-24 10:00:00+00:00,328.0,203.25
2019-06-24 11:00:00+00:00,330.0,200.75
2019-06-24 12:00:00+00:00,338.75,186.25
2019-06-24 13:00:00+00:00,312.5,162.0
2019-06-24 14:00:00+00:00,538.5,132.5
2019-06-24 15:00:00+00:00,546.25,106.25
2019-06-24 16:00:00+00:00,543.75,107.0
2019-06-24 17:00:00+00:00,550.0,72.5
2019-06-24 18:00:00+00:00,548.75,50.0
2019-06-24 19:00:00+00:00,538.5,64.0
2019-06-24 20:00:00+00:00,540.25,97.75
2019-06-24 21:00:00+00:00,542.75,155.0
2019-06-24 22:00:00+00:00,521.0,241.25
2019-06-24 23:00:00+00:00,497.5,254.5
2019-06-25 00:00:00+00:00,467.25,256.25
2019-06-25 01:00:00+00:00,329.0,248.0
2019-06-25 02:00:00+00:00,270.5,252.25
2019-06-25 03:00:00+00:00,160.0,215.25
2019-06-25 04:00:00+00:00,122.5,224.5
2019-06-25 05:00:00+00:00,83.75,183.75
2019-06-25 06:00:00+00:00,40.0,131.5
2019-06-25 07:00:00+00:00,36.75,90.5
2019-06-25 08:00:00+00:00,16.25,75.5
2019-06-25 09:00:00+00:00,13.5,72.75
2019-06-25 10:00:00+00:00,1.75,93.75
2019-06-25 11:00:00+00:00,2.25,106.25
2019-06-25 12:00:00+00:00,0.25,96.0
2019-06-25 13:00:00+00:00,0.0,74.5
2019-06-25 14:00:00+00:00,0.0,60.0
2019-06-25 15:00:00+00:00,0.25,80.5
2019-06-25 16:00:00+00:00,6.5,105.5
2019-06-25 17:00:00+00:00,4.75,114.25
2019-06-25 18:00:00+00:00,1.5,195.75
2019-06-25 19:00:00+00:00,3.0,153.25
2019-06-25 20:00:00+00:00,9.25,118.25
2019-06-25 21:00:00+00:00,22.5,84.75
2019-06-25 22:00:00+00:00,32.0,50.25
2019-06-25 23:00:00+00:00,43.5,94.25
2019-06-26 00:00:00+00:00,89.5,99.75
2019-06-26 01:00:00+00:00,144.0,132.5
2019-06-26 02:00:00+00:00,134.25,132.75
2019-06-26 03:00:00+00:00,147.5,143.75
2019-06-26 04:00:00+00:00,132.75,102.75
2019-06-26 05:00:00+00:00,122.0,92.0
2019-06-26 06:00:00+00:00,102.75,100.5
2019-06-26 07:00:00+00:00,113.75,108.0
2019-06-26 08:00:00+00:00,124.25,139.25
2019-06-26 09:00:00+00:00,169.25,191.25
2019-06-26 10:00:00+00:00,195.0,204.75
2019-06-26 11:00:00+00:00,159.0,183.0
2019-06-26 12:00:00+00:00,120.5,166.0
2019-06-26 13:00:00+00:00,138.25,192.0
2019-06-26 14:00:00+00:00,181.75,222.75
2019-06-26 15:00:00+00:00,204.75,302.25
2019-06-26 16:00:00+00:00,214.25,327.5
2019-06-26 17:00:00+00:00,218.25,337.25
2019-06-26 18:00:00+00:00,194.0,329.5
2019-06-26 19:00:00+00:00,182.0,317.25
2019-06-26 20:00:00+00:00,176.25,292.5
2019-06-26 21:00:00+00:00,163.25,260.0
2019-06-26 22:00:00+00:00,149.25,255.75
2019-06-26 23:00:00+00:00,151.75,240.0
2019-06-27 00:00:00+00:00,161.5,231.25
2019-06-27 01:00:00+00:00,143.5,236.75
2019-06-27 02:00:00+00:00,116.25,211.0
2019-06-27 03:00:00+00:00,133.5,208.5
2019-06-27 04:00:00+00:00,150.5,193.75
2019-06-27 05:00:00+00:00,143.5,198.5
2019-06-27 06:00:00+00:00,129.25,169.75
2019-06-27 07:00:00+00:00,118.0,133.5
2019-06-27 08:00:00+00:00,118.0,116.75
2019-06-27 09:00:00+00:00,113.5,124.25
2019-06-27 10:00:00+00:00,116.5,145.75
2019-06-27 11:00:00+00:00,101.25,160.75
2019-06-27 12:00:00+00:00,119.5,173.5
2019-06-27 13:00:00+00:00,145.5,196.0
2019-06-27 14:00:00+00:00,155.0,227.5
2019-06-27 15:00:00+00:00,163.75,268.25
2019-06-27 16:00:00+00:00,145.0,306.5
2019-06-27 17:00:00+00:00,144.0,318.5
2019-06-27 18:00:00+00:00,142.25,278.5
2019-06-27 19:00:00+00:00,156.0,248.25
2019-06-27 20:00:00+00:00,160.5,235.75
2019-06-27 21:00:00+00:00,179.0,214.5
2019-06-27 22:00:00+00:00,196.25,202.5
2019-06-27 23:00:00+00:00,145.0,146.25
2019-06-28 00:00:00+00:00,130.0,135.0
2019-06-28 01:00:00+00:00,126.75,116.25
2019-06-28 02:00:00+00:00,97.0,114.0
2019-06-28 03:00:00+00:00,90.75,95.25
2019-06-28 04:00:00+00:00,54.0,72.25
2019-06-28 05:00:00+00:00,49.25,84.5
2019-06-28 06:00:00+00:00,43.75,78.25
2019-06-28 07:00:00+00:00,40.75,67.5
2019-06-28 08:00:00+00:00,34.0,55.75
2019-06-28 09:00:00+00:00,31.75,48.5
2019-06-28 10:00:00+00:00,29.75,37.0
2019-06-28 11:00:00+00:00,45.25,41.25
2019-06-28 12:00:00+00:00,63.5,49.75
2019-06-28 13:00:00+00:00,88.5,63.75
2019-06-28 14:00:00+00:00,124.25,81.75
2019-06-28 15:00:00+00:00,151.25,97.25
2019-06-28 16:00:00+00:00,158.0,116.0
2019-06-28 17:00:00+00:00,131.5,118.0
2019-06-28 18:00:00+00:00,86.75,106.5
2019-06-28 19:00:00+00:00,70.75,124.5
2019-06-28 20:00:00+00:00,69.0,151.75
2019-06-28 21:00:00+00:00,66.75,193.5
2019-06-28 22:00:00+00:00,76.5,256.75
2019-06-28 23:00:00+00:00,93.25,296.25
2019-06-29 00:00:00+00:00,98.25,296.5
2019-06-29 01:00:00+00:00,92.5,295.5
2019-06-29 02:00:00+00:00,78.25,282.0
2019-06-29 03:00:00+00:00,83.75,270.0
2019-06-29 04:00:00+00:00,75.75,232.5
2019-06-29 05:00:00+00:00,52.0,178.5
2019-06-29 06:00:00+00:00,50.25,81.5
2019-06-29 07:00:00+00:00,28.25,40.75
2019-06-29 08:00:00+00:00,15.75,49.25
2019-06-29 09:00:00+00:00,12.25,49.0
2019-06-29 10:00:00+00:00,15.75,41.5
2019-06-29 11:00:00+00:00,8.75,46.0
2019-06-29 12:00:00+00:00,4.5,47.25
2019-06-29 13:00:00+00:00,10.0,52.25
2019-06-29 14:00:00+00:00,17.0,58.25
2019-06-29 15:00:00+00:00,24.5,64.5
2019-06-29 16:00:00+00:00,27.75,69.25
2019-06-29 17:00:00+00:00,63.0,67.5
2019-06-29 18:00:00+00:00,103.75,71.5
2019-06-29 19:00:00+00:00,176.75,117.0
2019-06-29 20:00:00+00:00,216.0,176.0
2019-06-29 21:00:00+00:00,300.5,245.0
2019-06-29 22:00:00+00:00,357.75,358.75
2019-06-29 23:00:00+00:00,335.25,386.5
2019-06-30 00:00:00+00:00,346.0,429.0
2019-06-30 01:00:00+00:00,408.5,542.75
2019-06-30 02:00:00+00:00,457.75,569.25
2019-06-30 03:00:00+00:00,517.25,563.75
2019-06-30 04:00:00+00:00,511.5,610.25
2019-06-30 05:00:00+00:00,542.5,605.25
2019-06-30 06:00:00+00:00,539.0,477.0
2019-06-30 07:00:00+00:00,473.75,395.75
2019-06-30 08:00:00+00:00,425.75,354.75
2019-06-30 09:00:00+00:00,404.5,308.5
2019-06-30 10:00:00+00:00,392.0,356.75
2019-06-30 11:00:00+00:00,296.25,236.75
2019-06-30 12:00:00+00:00,331.0,167.75
2019-06-30 13:00:00+00:00,256.0,135.5
2019-06-30 14:00:00+00:00,202.75,166.25
2019-06-30 15:00:00+00:00,221.5,215.0
2019-06-30 16:00:00+00:00,271.75,176.0
2019-06-30 17:00:00+00:00,261.0,128.0
2019-06-30 18:00:00+00:00,274.5,97.5
2019-06-30 19:00:00+00:00,308.25,106.5
2019-06-30 20:00:00+00:00,347.5,125.5
2019-06-30 21:00:00+00:00,435.25,137.5
2019-06-30 22:00:00+00:00,390.25,161.25
2019-06-30 23:00:00+00:00,508.75,252.0
2019-07-01 00:00:00+00:00,529.75,339.25
2019-07-01 01:00:00+00:00,466.25,420.75
2019-07-01 02:00:00+00:00,404.0,435.0
2019-07-01 03:00:00+00:00,329.75,397.75
2019-07-01 04:00:00+00:00,384.25,389.75
2019-07-01 05:00:00+00:00,473.25,367.5
2019-07-01 06:00:00+00:00,478.75,358.75
2019-07-01 07:00:00+00:00,596.25,366.0
2019-07-01 08:00:00+00:00,643.5,320.25
2019-07-01 09:00:00+00:00,626.0,360.0
2019-07-01 10:00:00+00:00,643.25,458.25
2019-07-01 11:00:00+00:00,645.0,475.0
2019-07-01 12:00:00+00:00,619.0,487.75
2019-07-01 13:00:00+00:00,633.25,494.5
2019-07-01 14:00:00+00:00,625.5,510.5
2019-07-01 15:00:00+00:00,611.75,481.5
2019-07-01 16:00:00+00:00,577.25,477.75
2019-07-01 17:00:00+00:00,553.25,457.0
2019-07-01 18:00:00+00:00,533.75,390.75
2019-07-01 19:00:00+00:00,536.5,356.5
2019-07-01 20:00:00+00:00,461.25,259.0
2019-07-01 21:00:00+00:00,405.75,263.25
2019-07-01 22:00:00+00:00,472.75,241.25
2019-07-01 23:00:00+00:00,541.75,230.0
2019-07-02 00:00:00+00:00,573.75,217.5
2019-07-02 01:00:00+00:00,584.5,250.0
2019-07-02 02:00:00+00:00,598.0,267.25
2019-07-02 03:00:00+00:00,595.5,242.75
2019-07-02 04:00:00+00:00,577.25,217.5
2019-07-02 05:00:00+00:00,542.0,177.25
2019-07-02 06:00:00+00:00,491.75,156.5
2019-07-02 07:00:00+00:00,403.5,123.25
2019-07-02 08:00:00+00:00,298.75,78.5
2019-07-02 09:00:00+00:00,211.0,70.75
2019-07-02 10:00:00+00:00,109.5,62.75
2019-07-02 11:00:00+00:00,89.5,65.0
2019-07-02 12:00:00+00:00,55.0,93.5
2019-07-02 13:00:00+00:00,68.5,133.25
2019-07-02 14:00:00+00:00,65.0,178.0
2019-07-02 15:00:00+00:00,64.25,207.0
2019-07-02 16:00:00+00:00,90.0,241.0
2019-07-02 17:00:00+00:00,72.0,218.75
2019-07-02 18:00:00+00:00,88.0,175.0
2019-07-02 19:00:00+00:00,87.5,140.5
2019-07-02 20:00:00+00:00,111.5,121.25
2019-07-02 21:00:00+00:00,121.0,106.5
2019-07-02 22:00:00+00:00,243.0,105.25
2019-07-02 23:00:00+00:00,375.75,82.75
2019-07-03 00:00:00+00:00,348.25,69.75
2019-07-03 01:00:00+00:00,321.0,83.25
2019-07-03 02:00:00+00:00,282.75,95.25
2019-07-03 03:00:00+00:00,415.0,108.25
2019-07-03 04:00:00+00:00,494.5,121.0
2019-07-03 05:00:00+00:00,405.75,119.25
2019-07-03 06:00:00+00:00,499.0,138.5
2019-07-03 07:00:00+00:00,407.0,127.25
2019-07-03 08:00:00+00:00,414.25,137.5
2019-07-03 09:00:00+00:00,444.25,148.75
2019-07-03 10:00:00+00:00,407.5,136.0
2019-07-03 11:00:00+00:00,239.75,205.25
2019-07-03 12:00:00+00:00,202.0,197.75
2019-07-03 13:00:00+00:00,194.25,262.0
2019-07-03 14:00:00+00:00,197.25,289.5
2019-07-03 15:00:00+00:00,175.75,305.0
2019-07-03 16:00:00+00:00,249.75,301.5
2019-07-03 17:00:00+00:00,294.5,302.75
2019-07-03 18:00:00+00:00,259.5,232.25
2019-07-03 19:00:00+00:00,187.5,196.75
2019-07-03 20:00:00+00:00,136.5,158.25
2019-07-03 21:00:00+00:00,120.75,121.0
2019-07-03 22:00:00+00:00,116.0,114.75
2019-07-03 23:00:00+00:00,82.75,70.5
2019-07-04 00:00:00+00:00,69.0,50.5
2019-07-04 01:00:00+00:00,50.5,45.5
2019-07-04 02:00:00+00:00,69.5,51.5
2019-07-04 03:00:00+00:00,161.25,50.5
2019-07-04 04:00:00+00:00,260.0,41.75
2019-07-04 05:00:00+00:00,323.5,36.25
2019-07-04 06:00:00+00:00,345.25,28.0
2019-07-04 07:00:00+00:00,303.25,35.5
2019-07-04 08:00:00+00:00,233.0,40.25
2019-07-04 09:00:00+00:00,271.0,42.75
2019-07-04 10:00:00+00:00,343.5,40.0
2019-07-04 11:00:00+00:00,456.0,37.75
2019-07-04 12:00:00+00:00,516.0,45.0
2019-07-04 13:00:00+00:00,522.75,58.0
2019-07-04 14:00:00+00:00,549.0,79.0
2019-07-04 15:00:00+00:00,555.5,115.0
2019-07-04 16:00:00+00:00,559.0,121.75
2019-07-04 17:00:00+00:00,556.75,131.25
2019-07-04 18:00:00+00:00,522.5,113.25
2019-07-04 19:00:00+00:00,483.75,104.0
2019-07-04 20:00:00+00:00,383.75,128.75
2019-07-04 21:00:00+00:00,338.75,159.75
2019-07-04 22:00:00+00:00,321.5,198.25
2019-07-04 23:00:00+00:00,357.25,247.25
2019-07-05 00:00:00+00:00,375.25,295.0
2019-07-05 01:00:00+00:00,418.25,257.25
2019-07-05 02:00:00+00:00,355.5,235.75
2019-07-05 03:00:00+00:00,244.25,147.25
2019-07-05 04:00:00+00:00,253.5,166.5
2019-07-05 05:00:00+00:00,286.75,179.0
2019-07-05 06:00:00+00:00,231.0,155.25
2019-07-05 07:00:00+00:00,192.5,145.25
2019-07-05 08:00:00+00:00,152.75,125.25
2019-07-05 09:00:00+00:00,185.25,102.0
2019-07-05 10:00:00+00:00,161.25,96.5
2019-07-05 11:00:00+00:00,167.25,106.75
2019-07-05 12:00:00+00:00,155.25,137.0
2019-07-05 13:00:00+00:00,179.5,168.0
2019-07-05 14:00:00+00:00,185.5,164.75
2019-07-05 15:00:00+00:00,155.0,162.25
2019-07-05 16:00:00+00:00,136.25,124.0
2019-07-05 17:00:00+00:00,107.5,94.75
2019-07-05 18:00:00+00:00,58.5,75.0
2019-07-05 19:00:00+00:00,73.75,56.0
2019-07-05 20:00:00+00:00,50.5,50.75
2019-07-05 21:00:00+00:00,90.5,36.5
2019-07-05 22:00:00+00:00,87.5,36.0
2019-07-05 23:00:00+00:00,105.5,42.5
2019-07-06 00:00:00+00:00,129.0,80.0
2019-07-06 01:00:00+00:00,283.0,120.0
2019-07-06 02:00:00+00:00,326.75,166.25
2019-07-06 03:00:00+00:00,561.5,262.75
2019-07-06 04:00:00+00:00,516.5,300.75
2019-07-06 05:00:00+00:00,423.5,415.75
2019-07-06 06:00:00+00:00,425.75,334.25
2019-07-06 07:00:00+00:00,513.75,210.75
2019-07-06 08:00:00+00:00,494.25,197.75
2019-07-06 09:00:00+00:00,322.75,207.25
2019-07-06 10:00:00+00:00,378.5,192.0
2019-07-06 11:00:00+00:00,435.75,243.25
2019-07-06 12:00:00+00:00,474.0,254.25
2019-07-06 13:00:00+00:00,535.75,231.0
2019-07-06 14:00:00+00:00,616.0,223.25
2019-07-06 15:00:00+00:00,614.0,225.5
2019-07-06 16:00:00+00:00,581.75,238.0
2019-07-06 17:00:00+00:00,572.5,235.25
2019-07-06 18:00:00+00:00,595.25,227.5
2019-07-06 19:00:00+00:00,590.0,233.0
2019-07-06 20:00:00+00:00,539.25,200.25
2019-07-06 21:00:00+00:00,540.75,185.5
2019-07-06 22:00:00+00:00,585.0,168.25
2019-07-06 23:00:00+00:00,576.25,158.5
2019-07-07 00:00:00+00:00,531.75,182.5
2019-07-07 01:00:00+00:00,485.5,207.5
2019-07-07 02:00:00+00:00,489.75,186.75
2019-07-07 03:00:00+00:00,471.5,217.0
2019-07-07 04:00:00+00:00,435.5,176.0
2019-07-07 05:00:00+00:00,482.25,189.0
2019-07-07 06:00:00+00:00,465.75,145.5
2019-07-07 07:00:00+00:00,342.5,212.75
2019-07-07 08:00:00+00:00,287.5,245.25
2019-07-07 09:00:00+00:00,416.25,154.5
2019-07-07 10:00:00+00:00,252.0,112.25
2019-07-07 11:00:00+00:00,499.0,141.75
2019-07-07 12:00:00+00:00,441.75,164.5
2019-07-07 13:00:00+00:00,365.0,204.25
2019-07-07 14:00:00+00:00,450.5,237.75
2019-07-07 15:00:00+00:00,430.0,264.5
2019-07-07 16:00:00+00:00,354.75,267.5
2019-07-07 17:00:00+00:00,346.25,277.5
2019-07-07 18:00:00+00:00,342.5,240.0
2019-07-07 19:00:00+00:00,358.5,259.25
2019-07-07 20:00:00+00:00,312.25,247.25
2019-07-07 21:00:00+00:00,357.75,281.0
2019-07-07 22:00:00+00:00,349.25,256.75
2019-07-07 23:00:00+00:00,376.75,240.5
2019-07-08 00:00:00+00:00,456.75,208.0
2019-07-08 01:00:00+00:00,403.5,318.0
2019-07-08 02:00:00+00:00,439.75,322.75
2019-07-08 03:00:00+00:00,494.75,374.25
2019-07-08 04:00:00+00:00,471.25,332.25
2019-07-08 05:00:00+00:00,469.0,286.0
2019-07-08 06:00:00+00:00,436.25,308.0
2019-07-08 07:00:00+00:00,353.0,358.75
2019-07-08 08:00:00+00:00,319.25,262.75
2019-07-08 09:00:00+00:00,389.75,247.75
2019-07-08 10:00:00+00:00,335.5,277.5
2019-07-08 11:00:00+00:00,330.25,296.25
2019-07-08 12:00:00+00:00,404.25,289.25
2019-07-08 13:00:00+00:00,340.5,349.75
2019-07-08 14:00:00+00:00,429.0,362.75
2019-07-08 15:00:00+00:00,573.25,330.0
2019-07-08 16:00:00+00:00,568.25,316.75
2019-07-08 17:00:00+00:00,506.75,308.5
2019-07-08 18:00:00+00:00,498.25,253.25
2019-07-08 19:00:00+00:00,566.0,201.0
2019-07-08 20:00:00+00:00,482.5,186.75
2019-07-08 21:00:00+00:00,514.0,162.0
2019-07-08 22:00:00+00:00,405.75,139.75
2019-07-08 23:00:00+00:00,303.25,146.75
2019-07-09 00:00:00+00:00,285.25,131.25
2019-07-09 01:00:00+00:00,251.0,117.75
2019-07-09 02:00:00+00:00,324.25,94.0
2019-07-09 03:00:00+00:00,399.25,82.75
2019-07-09 04:00:00+00:00,367.25,91.0
2019-07-09 05:00:00+00:00,444.25,90.25
2019-07-09 06:00:00+00:00,471.5,157.0
2019-07-09 07:00:00+00:00,441.5,158.25
2019-07-09 08:00:00+00:00,300.25,121.5
2019-07-09 09:00:00+00:00,264.25,111.5
2019-07-09 10:00:00+00:00,215.25,122.75
2019-07-09 11:00:00+00:00,205.5,129.25
2019-07-09 12:00:00+00:00,201.75,146.25
2019-07-09 13:00:00+00:00,177.0,159.0
2019-07-09 14:00:00+00:00,161.25,143.0
2019-07-09 15:00:00+00:00,142.75,135.0
2019-07-09 16:00:00+00:00,123.5,116.75
2019-07-09 17:00:00+00:00,103.0,99.75
2019-07-09 18:00:00+00:00,75.75,72.25
2019-07-09 19:00:00+00:00,51.0,62.5
2019-07-09 20:00:00+00:00,34.0,54.5
2019-07-09 21:00:00+00:00,26.25,43.0
2019-07-09 22:00:00+00:00,20.5,38.75
2019-07-09 23:00:00+00:00,13.75,39.75
2019-07-10 00:00:00+00:00,15.0,39.0
2019-07-10 01:00:00+00:00,21.75,44.75
2019-07-10 02:00:00+00:00,36.25,45.25
2019-07-10 03:00:00+00:00,48.0,48.0
2019-07-10 04:00:00+00:00,66.0,59.5
2019-07-10 05:00:00+00:00,103.25,60.75
2019-07-10 06:00:00+00:00,134.25,65.0
2019-07-10 07:00:00+00:00,224.25,65.75
2019-07-10 08:00:00+00:00,292.5,61.0
2019-07-10 09:00:00+00:00,381.0,51.25
2019-07-10 10:00:00+00:00,454.0,57.0
2019-07-10 11:00:00+00:00,443.75,87.0
2019-07-10 12:00:00+00:00,494.5,55.75
2019-07-10 13:00:00+00:00,511.75,66.5
2019-07-10 14:00:00+00:00,504.75,88.25
2019-07-10 15:00:00+00:00,476.25,88.25
2019-07-10 16:00:00+00:00,320.75,74.5
2019-07-10 17:00:00+00:00,213.5,60.5
2019-07-10 18:00:00+00:00,111.25,53.0
2019-07-10 19:00:00+00:00,99.75,51.25
2019-07-10 20:00:00+00:00,76.75,54.5
2019-07-10 21:00:00+00:00,71.75,62.0
2019-07-10 22:00:00+00:00,91.5,70.25
2019-07-10 23:00:00+00:00,130.25,81.5
2019-07-11 00:00:00+00:00,132.5,90.5
2019-07-11 01:00:00+00:00,130.5,111.0
2019-07-11 02:00:00+00:00,153.25,139.25
2019-07-11 03:00:00+00:00,129.75,187.75
2019-07-11 04:00:00+00:00,63.0,184.5
2019-07-11 05:00:00+00:00,28.75,136.75
2019-07-11 06:00:00+00:00,20.75,98.25
2019-07-11 07:00:00+00:00,54.5,63.25
2019-07-11 08:00:00+00:00,90.75,43.25
2019-07-11 09:00:00+00:00,101.0,49.25
2019-07-11 10:00:00+00:00,126.0,59.5
2019-07-11 11:00:00+00:00,184.5,47.25
2019-07-11 12:00:00+00:00,214.75,41.25
2019-07-11 13:00:00+00:00,157.25,58.0
2019-07-11 14:00:00+00:00,81.0,58.5
2019-07-11 15:00:00+00:00,20.0,53.75
2019-07-11 16:00:00+00:00,3.75,52.5
2019-07-11 17:00:00+00:00,10.25,58.25
2019-07-11 18:00:00+00:00,1.0,42.0
2019-07-11 19:00:00+00:00,2.25,35.0
2019-07-11 20:00:00+00:00,5.25,31.0
2019-07-11 21:00:00+00:00,22.0,35.0
2019-07-11 22:00:00+00:00,30.0,40.5
2019-07-11 23:00:00+00:00,51.0,45.75
2019-07-12 00:00:00+00:00,74.5,47.5
2019-07-12 01:00:00+00:00,57.75,42.75
2019-07-12 02:00:00+00:00,33.75,55.5
2019-07-12 03:00:00+00:00,33.0,61.0
2019-07-12 04:00:00+00:00,6.0,44.75
2019-07-12 05:00:00+00:00,0.0,48.75
2019-07-12 06:00:00+00:00,4.25,33.25
2019-07-12 07:00:00+00:00,18.5,36.5
2019-07-12 08:00:00+00:00,52.5,65.5
2019-07-12 09:00:00+00:00,144.25,157.75
2019-07-12 10:00:00+00:00,90.5,112.5
2019-07-12 11:00:00+00:00,117.0,180.75
2019-07-12 12:00:00+00:00,113.75,186.25
2019-07-12 13:00:00+00:00,126.25,315.25
2019-07-12 14:00:00+00:00,108.75,377.25
2019-07-12 15:00:00+00:00,146.75,236.75
2019-07-12 16:00:00+00:00,196.0,248.25
2019-07-12 17:00:00+00:00,234.5,249.0
2019-07-12 18:00:00+00:00,214.0,193.0
2019-07-12 19:00:00+00:00,186.25,197.0
2019-07-12 20:00:00+00:00,140.5,149.75
2019-07-12 21:00:00+00:00,144.25,112.0
2019-07-12 22:00:00+00:00,168.25,125.25
2019-07-12 23:00:00+00:00,185.25,157.0
2019-07-13 00:00:00+00:00,239.0,137.25
2019-07-13 01:00:00+00:00,279.0,146.5
2019-07-13 02:00:00+00:00,264.75,139.75
2019-07-13 03:00:00+00:00,202.75,134.75
2019-07-13 04:00:00+00:00,210.25,162.75
2019-07-13 05:00:00+00:00,218.0,167.75
2019-07-13 06:00:00+00:00,227.5,159.25
2019-07-13 07:00:00+00:00,270.25,158.75
2019-07-13 08:00:00+00:00,291.5,141.25
2019-07-13 09:00:00+00:00,259.0,118.0
2019-07-13 10:00:00+00:00,233.5,138.25
2019-07-13 11:00:00+00:00,178.75,141.25
2019-07-13 12:00:00+00:00,250.25,236.25
2019-07-13 13:00:00+00:00,363.0,296.5
2019-07-13 14:00:00+00:00,349.75,329.75
2019-07-13 15:00:00+00:00,292.25,285.75
2019-07-13 16:00:00+00:00,438.0,290.75
2019-07-13 17:00:00+00:00,465.0,278.0
2019-07-13 18:00:00+00:00,489.75,287.5
2019-07-13 19:00:00+00:00,449.5,293.25
2019-07-13 20:00:00+00:00,438.75,225.5
2019-07-13 21:00:00+00:00,412.25,176.25
2019-07-13 22:00:00+00:00,439.25,159.75
2019-07-13 23:00:00+00:00,433.75,127.25
2019-07-14 00:00:00+00:00,415.75,150.25
2019-07-14 01:00:00+00:00,501.0,154.0
2019-07-14 02:00:00+00:00,471.0,177.75
2019-07-14 03:00:00+00:00,500.25,183.0
2019-07-14 04:00:00+00:00,528.25,153.25
2019-07-14 05:00:00+00:00,541.25,150.75
2019-07-14 06:00:00+00:00,431.25,121.25
2019-07-14 07:00:00+00:00,374.0,134.5
2019-07-14 08:00:00+00:00,320.5,112.0
2019-07-14 09:00:00+00:00,291.5,140.5
2019-07-14 10:00:00+00:00,244.75,143.0
2019-07-14 11:00:00+00:00,226.25,180.75
2019-07-14 12:00:00+00:00,228.25,221.0
2019-07-14 13:00:00+00:00,215.5,220.0
2019-07-14 14:00:00+00:00,199.25,197.5
2019-07-14 15:00:00+00:00,265.75,274.75
2019-07-14 16:00:00+00:00,298.5,251.5
2019-07-14 17:00:00+00:00,311.25,212.5
2019-07-14 18:00:00+00:00,293.5,171.25
2019-07-14 19:00:00+00:00,276.5,154.5
2019-07-14 20:00:00+00:00,276.5,116.0
2019-07-14 21:00:00+00:00,229.5,105.25
2019-07-14 22:00:00+00:00,225.0,93.25
2019-07-14 23:00:00+00:00,200.0,82.75
2019-07-15 00:00:00+00:00,214.0,71.0
2019-07-15 01:00:00+00:00,226.25,69.5
2019-07-15 02:00:00+00:00,239.0,72.5
2019-07-15 03:00:00+00:00,282.5,85.75
2019-07-15 04:00:00+00:00,268.75,80.75
2019-07-15 05:00:00+00:00,248.0,73.5
2019-07-15 06:00:00+00:00,283.75,70.5
2019-07-15 07:00:00+00:00,292.75,59.5
2019-07-15 08:00:00+00:00,270.0,50.5
2019-07-15 09:00:00+00:00,259.5,74.5
2019-07-15 10:00:00+00:00,242.25,119.5
2019-07-15 11:00:00+00:00,290.25,141.75
2019-07-15 12:00:00+00:00,316.25,168.75
2019-07-15 13:00:00+00:00,317.5,163.75
2019-07-15 14:00:00+00:00,360.75,178.75
2019-07-15 15:00:00+00:00,361.25,176.75
2019-07-15 16:00:00+00:00,367.0,166.25
2019-07-15 17:00:00+00:00,314.25,160.75
2019-07-15 18:00:00+00:00,350.0,134.5
2019-07-15 19:00:00+00:00,301.75,115.5
2019-07-15 20:00:00+00:00,239.5,99.25
2019-07-15 21:00:00+00:00,190.5,93.75
2019-07-15 22:00:00+00:00,141.5,91.25
2019-07-15 23:00:00+00:00,180.0,85.5
2019-07-16 00:00:00+00:00,193.75,92.0
2019-07-16 01:00:00+00:00,226.25,89.25
2019-07-16 02:00:00+00:00,231.25,92.5
2019-07-16 03:00:00+00:00,255.25,94.5
2019-07-16 04:00:00+00:00,264.5,78.25
2019-07-16 05:00:00+00:00,266.5,74.25
2019-07-16 06:00:00+00:00,255.75,79.25
2019-07-16 07:00:00+00:00,226.75,90.5
2019-07-16 08:00:00+00:00,175.75,74.75
2019-07-16 09:00:00+00:00,178.5,61.5
2019-07-16 10:00:00+00:00,177.5,55.25
2019-07-16 11:00:00+00:00,176.25,58.5
2019-07-16 12:00:00+00:00,144.0,58.75
2019-07-16 13:00:00+00:00,106.75,48.75
2019-07-16 14:00:00+00:00,63.25,46.25
2019-07-16 15:00:00+00:00,64.0,42.25
2019-07-16 16:00:00+00:00,53.25,35.75
2019-07-16 17:00:00+00:00,43.75,32.75
2019-07-16 18:00:00+00:00,36.25,27.25
2019-07-16 19:00:00+00:00,28.0,25.5
2019-07-16 20:00:00+00:00,25.75,26.5
2019-07-16 21:00:00+00:00,11.5,26.5
2019-07-16 22:00:00+00:00,0.25,26.25
2019-07-16 23:00:00+00:00,0.0,24.25
2019-07-17 00:00:00+00:00,0.0,25.5
2019-07-17 01:00:00+00:00,0.0,22.25
2019-07-17 02:00:00+00:00,0.0,22.5
2019-07-17 03:00:00+00:00,0.0,21.0
2019-07-17 04:00:00+00:00,0.0,21.0
2019-07-17 05:00:00+00:00,0.0,23.5
2019-07-17 06:00:00+00:00,0.0,21.0
2019-07-17 07:00:00+00:00,2.5,20.5
2019-07-17 08:00:00+00:00,3.0,20.75
2019-07-17 09:00:00+00:00,1.0,21.25
2019-07-17 10:00:00+00:00,0.0,21.0
2019-07-17 11:00:00+00:00,1.25,20.75
2019-07-17 12:00:00+00:00,1.75,20.25
2019-07-17 13:00:00+00:00,0.25,22.0
2019-07-17 14:00:00+00:00,1.0,22.0
2019-07-17 15:00:00+00:00,0.0,20.75
2019-07-17 16:00:00+00:00,0.0,21.0
2019-07-17 17:00:00+00:00,0.0,21.0
2019-07-17 18:00:00+00:00,0.0,22.0
2019-07-17 19:00:00+00:00,0.75,24.75
2019-07-17 20:00:00+00:00,9.75,32.5
2019-07-17 21:00:00+00:00,33.0,50.75
2019-07-17 22:00:00+00:00,77.25,80.0
2019-07-17 23:00:00+00:00,161.75,122.75
2019-07-18 00:00:00+00:00,183.5,157.0
2019-07-18 01:00:00+00:00,229.75,179.25
2019-07-18 02:00:00+00:00,277.75,215.25
2019-07-18 03:00:00+00:00,295.5,205.25
2019-07-18 04:00:00+00:00,277.25,192.0
2019-07-18 05:00:00+00:00,237.5,145.0
2019-07-18 06:00:00+00:00,256.25,138.0
2019-07-18 07:00:00+00:00,247.5,105.0
2019-07-18 08:00:00+00:00,265.0,123.0
2019-07-18 09:00:00+00:00,381.0,148.25
2019-07-18 10:00:00+00:00,388.0,156.25
2019-07-18 11:00:00+00:00,375.5,170.5
2019-07-18 12:00:00+00:00,257.5,139.5
2019-07-18 13:00:00+00:00,237.0,135.75
2019-07-18 14:00:00+00:00,327.5,179.25
2019-07-18 15:00:00+00:00,495.5,249.25
2019-07-18 16:00:00+00:00,356.5,235.25
2019-07-18 17:00:00+00:00,232.5,241.5
2019-07-18 18:00:00+00:00,162.0,196.0
2019-07-18 19:00:00+00:00,87.75,183.5
2019-07-18 20:00:00+00:00,21.0,201.0
2019-07-18 21:00:00+00:00,26.75,174.0
2019-07-18 22:00:00+00:00,11.75,144.0
2019-07-18 23:00:00+00:00,26.0,139.75
2019-07-19 00:00:00+00:00,55.5,93.0
2019-07-19 01:00:00+00:00,46.5,69.0
2019-07-19 02:00:00+00:00,35.25,51.0
2019-07-19 03:00:00+00:00,6.25,42.0
2019-07-19 04:00:00+00:00,0.0,41.75
2019-07-19 05:00:00+00:00,0.0,31.75
2019-07-19 06:00:00+00:00,0.0,24.0
2019-07-19 07:00:00+00:00,2.25,21.0
2019-07-19 08:00:00+00:00,20.25,23.25
2019-07-19 09:00:00+00:00,50.0,35.25
2019-07-19 10:00:00+00:00,71.5,40.75
2019-07-19 11:00:00+00:00,64.75,51.0
2019-07-19 12:00:00+00:00,55.0,49.5
2019-07-19 13:00:00+00:00,62.25,50.75
2019-07-19 14:00:00+00:00,42.75,63.25
2019-07-19 15:00:00+00:00,34.5,48.5
2019-07-19 16:00:00+00:00,62.25,38.25
2019-07-19 17:00:00+00:00,111.25,32.5
2019-07-19 18:00:00+00:00,176.0,29.0
2019-07-19 19:00:00+00:00,202.25,23.25
2019-07-19 20:00:00+00:00,252.5,30.0
2019-07-19 21:00:00+00:00,244.75,37.25
2019-07-19 22:00:00+00:00,145.75,51.0
2019-07-19 23:00:00+00:00,262.75,96.25
2019-07-20 00:00:00+00:00,237.5,207.25
2019-07-20 01:00:00+00:00,141.0,309.75
2019-07-20 02:00:00+00:00,255.25,444.5
2019-07-20 03:00:00+00:00,524.25,498.25
2019-07-20 04:00:00+00:00,578.75,514.75
2019-07-20 05:00:00+00:00,577.25,459.75
2019-07-20 06:00:00+00:00,449.5,385.0
2019-07-20 07:00:00+00:00,435.25,400.0
2019-07-20 08:00:00+00:00,479.75,397.0
2019-07-20 09:00:00+00:00,694.25,374.5
2019-07-20 10:00:00+00:00,678.75,362.75
2019-07-20 11:00:00+00:00,550.75,279.0
2019-07-20 12:00:00+00:00,472.0,222.5
2019-07-20 13:00:00+00:00,520.5,182.0
2019-07-20 14:00:00+00:00,519.75,187.5
2019-07-20 15:00:00+00:00,528.75,295.25
2019-07-20 16:00:00+00:00,533.0,402.5
2019-07-20 17:00:00+00:00,608.25,535.75
2019-07-20 18:00:00+00:00,557.75,525.75
2019-07-20 19:00:00+00:00,498.5,571.0
2019-07-20 20:00:00+00:00,598.5,547.0
2019-07-20 21:00:00+00:00,492.0,495.75
2019-07-20 22:00:00+00:00,449.75,408.25
2019-07-20 23:00:00+00:00,543.5,326.25
2019-07-21 00:00:00+00:00,576.75,288.0
2019-07-21 01:00:00+00:00,574.75,251.25
2019-07-21 02:00:00+00:00,457.25,222.0
2019-07-21 03:00:00+00:00,422.5,197.0
2019-07-21 04:00:00+00:00,450.5,215.25
2019-07-21 05:00:00+00:00,438.5,222.75
2019-07-21 06:00:00+00:00,419.5,201.75
2019-07-21 07:00:00+00:00,250.5,197.0
2019-07-21 08:00:00+00:00,316.25,178.5
2019-07-21 09:00:00+00:00,271.25,183.75
2019-07-21 10:00:00+00:00,319.0,226.25
2019-07-21 11:00:00+00:00,309.0,228.75
2019-07-21 12:00:00+00:00,227.5,216.75
2019-07-21 13:00:00+00:00,185.0,206.0
2019-07-21 14:00:00+00:00,183.5,181.75
2019-07-21 15:00:00+00:00,145.5,134.25
2019-07-21 16:00:00+00:00,144.25,87.75
2019-07-21 17:00:00+00:00,128.25,78.75
2019-07-21 18:00:00+00:00,80.5,60.0
2019-07-21 19:00:00+00:00,45.0,33.25
2019-07-21 20:00:00+00:00,61.0,27.0
2019-07-21 21:00:00+00:00,83.5,25.75
2019-07-21 22:00:00+00:00,118.25,32.0
2019-07-21 23:00:00+00:00,121.0,36.75
2019-07-22 00:00:00+00:00,168.0,57.0
2019-07-22 01:00:00+00:00,306.75,84.5
2019-07-22 02:00:00+00:00,416.25,137.75
2019-07-22 03:00:00+00:00,609.0,211.5
2019-07-22 04:00:00+00:00,746.5,275.5
2019-07-22 05:00:00+00:00,781.0,319.75
2019-07-22 06:00:00+00:00,794.0,312.5
2019-07-22 07:00:00+00:00,812.0,324.25
2019-07-22 08:00:00+00:00,806.5,396.0
2019-07-22 09:00:00+00:00,779.75,404.25
2019-07-22 10:00:00+00:00,750.5,403.0
2019-07-22 11:00:00+00:00,778.0,360.5
2019-07-22 12:00:00+00:00,758.25,346.75
2019-07-22 13:00:00+00:00,699.5,335.75
2019-07-22 14:00:00+00:00,659.0,314.5
2019-07-22 15:00:00+00:00,662.5,319.5
2019-07-22 16:00:00+00:00,635.75,306.5
2019-07-22 17:00:00+00:00,644.25,242.25
2019-07-22 18:00:00+00:00,539.25,152.75
2019-07-22 19:00:00+00:00,416.25,114.5
2019-07-22 20:00:00+00:00,350.5,108.25
2019-07-22 21:00:00+00:00,267.25,78.75
2019-07-22 22:00:00+00:00,168.5,61.0
2019-07-22 23:00:00+00:00,102.0,48.25
2019-07-23 00:00:00+00:00,87.0,44.0
2019-07-23 01:00:00+00:00,64.75,40.75
2019-07-23 02:00:00+00:00,49.75,39.25
2019-07-23 03:00:00+00:00,38.0,42.0
2019-07-23 04:00:00+00:00,28.25,42.0
2019-07-23 05:00:00+00:00,29.5,37.75
2019-07-23 06:00:00+00:00,33.0,37.0
2019-07-23 07:00:00+00:00,55.75,28.75
2019-07-23 08:00:00+00:00,45.25,24.5
2019-07-23 09:00:00+00:00,14.75,21.75
2019-07-23 10:00:00+00:00,3.5,21.25
2019-07-23 11:00:00+00:00,0.0,21.0
2019-07-23 12:00:00+00:00,0.5,22.0
2019-07-23 13:00:00+00:00,0.75,26.5
2019-07-23 14:00:00+00:00,0.25,31.5
2019-07-23 15:00:00+00:00,11.25,45.0
2019-07-23 16:00:00+00:00,40.5,60.25
2019-07-23 17:00:00+00:00,68.0,81.25
2019-07-23 18:00:00+00:00,117.75,125.5
2019-07-23 19:00:00+00:00,124.75,238.25
2019-07-23 20:00:00+00:00,146.0,322.25
2019-07-23 21:00:00+00:00,180.0,386.0
2019-07-23 22:00:00+00:00,233.5,435.75
2019-07-23 23:00:00+00:00,356.75,429.5
2019-07-24 00:00:00+00:00,390.25,421.75
2019-07-24 01:00:00+00:00,381.75,415.0
2019-07-24 02:00:00+00:00,456.75,456.0
2019-07-24 03:00:00+00:00,531.25,427.25
2019-07-24 04:00:00+00:00,456.75,364.25
2019-07-24 05:00:00+00:00,383.75,316.25
2019-07-24 06:00:00+00:00,307.0,252.75
2019-07-24 07:00:00+00:00,168.0,141.0
2019-07-24 08:00:00+00:00,141.25,57.75
2019-07-24 09:00:00+00:00,122.0,43.0
2019-07-24 10:00:00+00:00,205.0,30.25
2019-07-24 11:00:00+00:00,259.5,64.75
2019-07-24 12:00:00+00:00,311.25,142.75
2019-07-24 13:00:00+00:00,350.75,171.5
2019-07-24 14:00:00+00:00,418.0,168.75
2019-07-24 15:00:00+00:00,364.5,128.25
2019-07-24 16:00:00+00:00,321.0,217.0
2019-07-24 17:00:00+00:00,263.0,176.75
2019-07-24 18:00:00+00:00,167.75,128.25
2019-07-24 19:00:00+00:00,72.75,94.5
2019-07-24 20:00:00+00:00,93.5,75.5
2019-07-24 21:00:00+00:00,78.0,73.0
2019-07-24 22:00:00+00:00,37.75,47.5
2019-07-24 23:00:00+00:00,49.75,33.75
2019-07-25 00:00:00+00:00,36.75,39.25
2019-07-25 01:00:00+00:00,35.75,44.75
2019-07-25 02:00:00+00:00,55.0,48.5
2019-07-25 03:00:00+00:00,82.75,68.0
2019-07-25 04:00:00+00:00,88.0,65.0
2019-07-25 05:00:00+00:00,122.5,85.25
2019-07-25 06:00:00+00:00,144.75,113.5
2019-07-25 07:00:00+00:00,122.0,91.5
2019-07-25 08:00:00+00:00,106.0,55.0
2019-07-25 09:00:00+00:00,112.0,45.75
2019-07-25 10:00:00+00:00,101.0,61.75
2019-07-25 11:00:00+00:00,84.25,81.0
2019-07-25 12:00:00+00:00,80.0,91.0
2019-07-25 13:00:00+00:00,77.75,92.0
2019-07-25 14:00:00+00:00,91.75,72.0
2019-07-25 15:00:00+00:00,97.25,74.25
2019-07-25 16:00:00+00:00,139.5,84.25
2019-07-25 17:00:00+00:00,165.0,116.25
2019-07-25 18:00:00+00:00,220.0,189.25
2019-07-25 19:00:00+00:00,355.5,234.75
2019-07-25 20:00:00+00:00,543.5,363.75
2019-07-25 21:00:00+00:00,563.5,496.75
2019-07-25 22:00:00+00:00,501.5,487.75
2019-07-25 23:00:00+00:00,557.0,597.25
2019-07-26 00:00:00+00:00,560.0,566.0
2019-07-26 01:00:00+00:00,482.0,454.75
2019-07-26 02:00:00+00:00,433.25,549.0
2019-07-26 03:00:00+00:00,183.0,495.5
2019-07-26 04:00:00+00:00,252.5,489.25
2019-07-26 05:00:00+00:00,420.75,557.5
2019-07-26 06:00:00+00:00,526.5,371.75
2019-07-26 07:00:00+00:00,507.5,270.75
2019-07-26 08:00:00+00:00,536.5,220.5
2019-07-26 09:00:00+00:00,517.25,185.5
2019-07-26 10:00:00+00:00,463.0,253.5
2019-07-26 11:00:00+00:00,458.75,310.75
2019-07-26 12:00:00+00:00,479.75,330.75
2019-07-26 13:00:00+00:00,479.75,308.0
2019-07-26 14:00:00+00:00,544.5,266.0
2019-07-26 15:00:00+00:00,579.25,295.0
2019-07-26 16:00:00+00:00,531.25,316.75
2019-07-26 17:00:00+00:00,453.0,323.75
2019-07-26 18:00:00+00:00,465.25,329.25
2019-07-26 19:00:00+00:00,677.25,425.5
2019-07-26 20:00:00+00:00,623.75,279.5
2019-07-26 21:00:00+00:00,534.5,202.25
2019-07-26 22:00:00+00:00,497.5,180.5
2019-07-26 23:00:00+00:00,464.25,340.75
2019-07-27 00:00:00+00:00,466.5,393.5
2019-07-27 01:00:00+00:00,468.5,410.75
2019-07-27 02:00:00+00:00,472.5,407.75
2019-07-27 03:00:00+00:00,462.25,365.0
2019-07-27 04:00:00+00:00,494.25,290.25
2019-07-27 05:00:00+00:00,538.25,214.0
2019-07-27 06:00:00+00:00,498.75,248.75
2019-07-27 07:00:00+00:00,490.0,233.75
2019-07-27 08:00:00+00:00,486.0,194.25
2019-07-27 09:00:00+00:00,481.25,156.5
2019-07-27 10:00:00+00:00,476.75,209.0
2019-07-27 11:00:00+00:00,486.5,325.5
2019-07-27 12:00:00+00:00,505.25,327.0
2019-07-27 13:00:00+00:00,276.25,299.0
2019-07-27 14:00:00+00:00,521.0,339.5
2019-07-27 15:00:00+00:00,557.25,409.75
2019-07-27 16:00:00+00:00,567.25,393.25
2019-07-27 17:00:00+00:00,532.0,359.25
2019-07-27 18:00:00+00:00,526.25,346.5
2019-07-27 19:00:00+00:00,578.25,261.0
2019-07-27 20:00:00+00:00,649.5,142.25
2019-07-27 21:00:00+00:00,579.75,135.25
2019-07-27 22:00:00+00:00,518.25,216.0
2019-07-27 23:00:00+00:00,488.0,266.0
2019-07-28 00:00:00+00:00,471.5,280.5
2019-07-28 01:00:00+00:00,417.25,302.0
2019-07-28 02:00:00+00:00,437.5,267.75
2019-07-28 03:00:00+00:00,421.0,229.25
2019-07-28 04:00:00+00:00,385.5,182.75
2019-07-28 05:00:00+00:00,321.25,141.5
2019-07-28 06:00:00+00:00,182.5,92.5
2019-07-28 07:00:00+00:00,99.75,63.75
2019-07-28 08:00:00+00:00,150.0,57.5
2019-07-28 09:00:00+00:00,244.75,62.25
2019-07-28 10:00:00+00:00,356.5,75.5
2019-07-28 11:00:00+00:00,323.5,84.25
2019-07-28 12:00:00+00:00,196.0,132.5
2019-07-28 13:00:00+00:00,227.75,171.0
2019-07-28 14:00:00+00:00,184.0,266.0
2019-07-28 15:00:00+00:00,176.25,412.0
2019-07-28 16:00:00+00:00,193.75,371.25
2019-07-28 17:00:00+00:00,174.25,310.0
2019-07-28 18:00:00+00:00,139.25,281.5
2019-07-28 19:00:00+00:00,92.75,244.0
2019-07-28 20:00:00+00:00,81.75,208.75
2019-07-28 21:00:00+00:00,76.25,204.25
2019-07-28 22:00:00+00:00,104.75,204.5
2019-07-28 23:00:00+00:00,176.25,176.25
2019-07-29 00:00:00+00:00,214.0,167.5
2019-07-29 01:00:00+00:00,219.75,167.5
2019-07-29 02:00:00+00:00,178.0,189.0
2019-07-29 03:00:00+00:00,120.25,175.0
2019-07-29 04:00:00+00:00,109.5,135.75
2019-07-29 05:00:00+00:00,116.75,88.75
2019-07-29 06:00:00+00:00,115.75,60.5
2019-07-29 07:00:00+00:00,101.25,47.75
2019-07-29 08:00:00+00:00,74.5,52.5
2019-07-29 09:00:00+00:00,64.0,50.0
2019-07-29 10:00:00+00:00,66.25,53.5
2019-07-29 11:00:00+00:00,47.25,51.75
2019-07-29 12:00:00+00:00,20.75,42.0
2019-07-29 13:00:00+00:00,9.25,29.5
2019-07-29 14:00:00+00:00,1.75,31.25
2019-07-29 15:00:00+00:00,0.5,58.25
2019-07-29 16:00:00+00:00,0.0,51.75
2019-07-29 17:00:00+00:00,0.0,44.0
2019-07-29 18:00:00+00:00,0.0,38.75
2019-07-29 19:00:00+00:00,0.0,55.0
2019-07-29 20:00:00+00:00,1.25,66.5
2019-07-29 21:00:00+00:00,10.25,109.25
2019-07-29 22:00:00+00:00,25.25,144.75
2019-07-29 23:00:00+00:00,44.75,148.0
2019-07-30 00:00:00+00:00,61.25,171.75
2019-07-30 01:00:00+00:00,83.25,242.75
2019-07-30 02:00:00+00:00,102.0,261.0
2019-07-30 03:00:00+00:00,95.25,248.0
2019-07-30 04:00:00+00:00,94.75,214.25
2019-07-30 05:00:00+00:00,85.75,181.0
2019-07-30 06:00:00+00:00,52.0,83.0
2019-07-30 07:00:00+00:00,63.5,48.0
2019-07-30 08:00:00+00:00,50.0,53.5
2019-07-30 09:00:00+00:00,47.0,63.0
2019-07-30 10:00:00+00:00,55.75,89.75
2019-07-30 11:00:00+00:00,97.5,143.5
2019-07-30 12:00:00+00:00,108.25,171.75
2019-07-30 13:00:00+00:00,168.5,216.0
2019-07-30 14:00:00+00:00,215.0,269.5
2019-07-30 15:00:00+00:00,190.0,347.75
2019-07-30 16:00:00+00:00,144.5,263.75
2019-07-30 17:00:00+00:00,103.5,182.0
2019-07-30 18:00:00+00:00,38.75,129.0
2019-07-30 19:00:00+00:00,70.25,92.25
2019-07-30 20:00:00+00:00,54.5,110.5
2019-07-30 21:00:00+00:00,35.0,143.75
2019-07-30 22:00:00+00:00,80.5,152.5
2019-07-30 23:00:00+00:00,131.25,198.75
2019-07-31 00:00:00+00:00,254.75,260.0
2019-07-31 01:00:00+00:00,270.75,357.25
2019-07-31 02:00:00+00:00,308.0,414.25
2019-07-31 03:00:00+00:00,331.25,441.5
2019-07-31 04:00:00+00:00,321.75,457.5
2019-07-31 05:00:00+00:00,322.5,454.75
2019-07-31 06:00:00+00:00,390.25,421.75
2019-07-31 07:00:00+00:00,487.5,451.5
2019-07-31 08:00:00+00:00,464.75,501.75
2019-07-31 09:00:00+00:00,469.0,558.75
2019-07-31 10:00:00+00:00,413.75,601.75
2019-07-31 11:00:00+00:00,418.5,637.75
2019-07-31 12:00:00+00:00,532.0,655.75
2019-07-31 13:00:00+00:00,441.0,618.0
2019-07-31 14:00:00+00:00,608.5,567.75
2019-07-31 15:00:00+00:00,434.5,597.75
2019-07-31 16:00:00+00:00,419.75,496.75
2019-07-31 17:00:00+00:00,483.25,394.25
2019-07-31 18:00:00+00:00,496.0,419.25
2019-07-31 19:00:00+00:00,527.5,467.0
2019-07-31 20:00:00+00:00,505.5,408.0
2019-07-31 21:00:00+00:00,488.5,373.0
2019-07-31 22:00:00+00:00,490.5,391.75
2019-07-31 23:00:00+00:00,497.75,352.0
2019-08-01 00:00:00+00:00,617.25,358.5
2019-08-01 01:00:00+00:00,730.0,312.5
2019-08-01 02:00:00+00:00,704.25,266.75
2019-08-01 03:00:00+00:00,662.75,255.5
2019-08-01 04:00:00+00:00,577.5,268.25
2019-08-01 05:00:00+00:00,584.75,274.5
2019-08-01 06:00:00+00:00,487.5,255.25
2019-08-01 07:00:00+00:00,461.0,268.5
2019-08-01 08:00:00+00:00,510.0,262.75
2019-08-01 09:00:00+00:00,424.0,222.0
2019-08-01 10:00:00+00:00,386.25,188.5
2019-08-01 11:00:00+00:00,286.75,240.5
2019-08-01 12:00:00+00:00,231.25,275.5
2019-08-01 13:00:00+00:00,200.25,257.75
2019-08-01 14:00:00+00:00,195.75,343.5
2019-08-01 15:00:00+00:00,174.0,298.0
2019-08-01 16:00:00+00:00,139.0,211.0
2019-08-01 17:00:00+00:00,121.5,172.75
2019-08-01 18:00:00+00:00,129.0,167.25
2019-08-01 19:00:00+00:00,144.75,192.0
2019-08-01 20:00:00+00:00,173.0,183.25
2019-08-01 21:00:00+00:00,215.0,204.0
2019-08-01 22:00:00+00:00,229.25,186.0
2019-08-01 23:00:00+00:00,217.0,196.75
2019-08-02 00:00:00+00:00,222.0,206.5
2019-08-02 01:00:00+00:00,222.25,204.5
2019-08-02 02:00:00+00:00,177.5,220.25
2019-08-02 03:00:00+00:00,169.5,234.5
2019-08-02 04:00:00+00:00,200.25,232.75
2019-08-02 05:00:00+00:00,204.5,210.75
2019-08-02 06:00:00+00:00,220.0,224.0
2019-08-02 07:00:00+00:00,253.25,229.5
2019-08-02 08:00:00+00:00,277.75,242.5
2019-08-02 09:00:00+00:00,295.25,263.0
2019-08-02 10:00:00+00:00,298.75,254.5
2019-08-02 11:00:00+00:00,311.75,242.0
2019-08-02 12:00:00+00:00,338.5,257.5
2019-08-02 13:00:00+00:00,363.75,272.75
2019-08-02 14:00:00+00:00,350.5,270.25
2019-08-02 15:00:00+00:00,416.5,274.25
2019-08-02 16:00:00+00:00,470.0,303.25
2019-08-02 17:00:00+00:00,514.25,366.5
2019-08-02 18:00:00+00:00,510.0,407.25
2019-08-02 19:00:00+00:00,500.0,394.75
2019-08-02 20:00:00+00:00,460.25,351.75
2019-08-02 21:00:00+00:00,351.5,311.5
2019-08-02 22:00:00+00:00,411.0,245.5
2019-08-02 23:00:00+00:00,408.0,203.5
2019-08-03 00:00:00+00:00,330.5,140.5
2019-08-03 01:00:00+00:00,312.75,123.0
2019-08-03 02:00:00+00:00,278.75,104.75
2019-08-03 03:00:00+00:00,256.5,130.25
2019-08-03 04:00:00+00:00,275.75,108.5
2019-08-03 05:00:00+00:00,223.75,103.25
2019-08-03 06:00:00+00:00,153.5,87.25
2019-08-03 07:00:00+00:00,83.75,88.0
2019-08-03 08:00:00+00:00,69.0,74.25
2019-08-03 09:00:00+00:00,89.0,62.5
2019-08-03 10:00:00+00:00,61.75,70.5
2019-08-03 11:00:00+00:00,64.0,95.0
2019-08-03 12:00:00+00:00,59.75,78.5
2019-08-03 13:00:00+00:00,53.5,81.5
2019-08-03 14:00:00+00:00,39.25,93.5
2019-08-03 15:00:00+00:00,37.5,63.25
2019-08-03 16:00:00+00:00,42.0,65.0
2019-08-03 17:00:00+00:00,52.75,61.0
2019-08-03 18:00:00+00:00,81.75,47.75
2019-08-03 19:00:00+00:00,77.75,41.0
2019-08-03 20:00:00+00:00,87.25,33.0
2019-08-03 21:00:00+00:00,69.75,29.0
2019-08-03 22:00:00+00:00,48.5,30.5
2019-08-03 23:00:00+00:00,36.5,38.5
2019-08-04 00:00:00+00:00,24.75,37.5
2019-08-04 01:00:00+00:00,26.0,38.0
2019-08-04 02:00:00+00:00,27.5,44.5
2019-08-04 03:00:00+00:00,36.5,45.25
2019-08-04 04:00:00+00:00,29.75,46.25
2019-08-04 05:00:00+00:00,25.75,47.25
2019-08-04 06:00:00+00:00,36.75,37.5
2019-08-04 07:00:00+00:00,87.25,29.0
2019-08-04 08:00:00+00:00,125.75,25.75
2019-08-04 09:00:00+00:00,85.5,25.5
2019-08-04 10:00:00+00:00,41.5,26.75
2019-08-04 11:00:00+00:00,29.25,27.75
2019-08-04 12:00:00+00:00,15.5,26.0
2019-08-04 13:00:00+00:00,2.5,24.0
2019-08-04 14:00:00+00:00,0.0,22.75
2019-08-04 15:00:00+00:00,0.0,22.0
2019-08-04 16:00:00+00:00,0.0,25.0
2019-08-04 17:00:00+00:00,0.0,24.5
2019-08-04 18:00:00+00:00,4.5,27.0
2019-08-04 19:00:00+00:00,22.75,54.25
2019-08-04 20:00:00+00:00,37.0,106.25
2019-08-04 21:00:00+00:00,44.5,174.5
2019-08-04 22:00:00+00:00,93.0,186.0
2019-08-04 23:00:00+00:00,101.25,170.25
2019-08-05 00:00:00+00:00,80.0,195.5
2019-08-05 01:00:00+00:00,97.5,95.75
2019-08-05 02:00:00+00:00,112.0,133.5
2019-08-05 03:00:00+00:00,82.75,136.0
2019-08-05 04:00:00+00:00,85.75,135.5
2019-08-05 05:00:00+00:00,106.25,200.0
2019-08-05 06:00:00+00:00,108.25,173.0
2019-08-05 07:00:00+00:00,181.0,139.75
2019-08-05 08:00:00+00:00,215.75,163.25
2019-08-05 09:00:00+00:00,144.75,267.25
2019-08-05 10:00:00+00:00,158.0,355.25
2019-08-05 11:00:00+00:00,191.25,373.5
2019-08-05 12:00:00+00:00,299.25,374.25
2019-08-05 13:00:00+00:00,356.75,319.25
2019-08-05 14:00:00+00:00,348.75,327.5
2019-08-05 15:00:00+00:00,495.5,363.75
2019-08-05 16:00:00+00:00,749.0,313.0
2019-08-05 17:00:00+00:00,659.25,284.5
2019-08-05 18:00:00+00:00,517.0,330.75
2019-08-05 19:00:00+00:00,500.75,435.0
2019-08-05 20:00:00+00:00,556.0,451.25
2019-08-05 21:00:00+00:00,551.75,405.5
2019-08-05 22:00:00+00:00,612.25,448.5
2019-08-05 23:00:00+00:00,495.0,440.75
2019-08-06 00:00:00+00:00,362.25,391.25
2019-08-06 01:00:00+00:00,241.25,341.25
2019-08-06 02:00:00+00:00,164.75,339.5
2019-08-06 03:00:00+00:00,201.0,325.75
2019-08-06 04:00:00+00:00,209.5,313.75
2019-08-06 05:00:00+00:00,247.25,348.5
2019-08-06 06:00:00+00:00,311.25,383.25
2019-08-06 07:00:00+00:00,308.5,383.5
2019-08-06 08:00:00+00:00,247.5,293.5
2019-08-06 09:00:00+00:00,343.5,235.75
2019-08-06 10:00:00+00:00,441.0,273.5
2019-08-06 11:00:00+00:00,479.25,270.0
2019-08-06 12:00:00+00:00,445.75,245.25
2019-08-06 13:00:00+00:00,495.25,215.75
2019-08-06 14:00:00+00:00,527.5,204.0
2019-08-06 15:00:00+00:00,610.75,246.5
2019-08-06 16:00:00+00:00,555.0,217.5
2019-08-06 17:00:00+00:00,462.25,148.25
2019-08-06 18:00:00+00:00,476.0,142.0
2019-08-06 19:00:00+00:00,486.25,137.0
2019-08-06 20:00:00+00:00,520.25,113.5
2019-08-06 21:00:00+00:00,512.0,134.75
2019-08-06 22:00:00+00:00,599.5,221.0
2019-08-06 23:00:00+00:00,698.25,329.75
2019-08-07 00:00:00+00:00,673.0,376.25
2019-08-07 01:00:00+00:00,617.0,374.75
2019-08-07 02:00:00+00:00,609.75,387.5
2019-08-07 03:00:00+00:00,627.0,410.5
2019-08-07 04:00:00+00:00,549.5,413.0
2019-08-07 05:00:00+00:00,579.5,427.25
2019-08-07 06:00:00+00:00,500.75,440.5
2019-08-07 07:00:00+00:00,535.5,476.75
2019-08-07 08:00:00+00:00,566.25,484.75
2019-08-07 09:00:00+00:00,681.25,460.25
2019-08-07 10:00:00+00:00,697.0,504.0
2019-08-07 11:00:00+00:00,689.75,601.25
2019-08-07 12:00:00+00:00,657.0,596.5
2019-08-07 13:00:00+00:00,657.75,642.25
2019-08-07 14:00:00+00:00,680.5,613.0
2019-08-07 15:00:00+00:00,647.75,546.0
2019-08-07 16:00:00+00:00,641.5,559.5
2019-08-07 17:00:00+00:00,617.5,504.5
2019-08-07 18:00:00+00:00,528.0,493.0
2019-08-07 19:00:00+00:00,646.0,497.75
2019-08-07 20:00:00+00:00,559.0,464.0
2019-08-07 21:00:00+00:00,577.75,471.75
2019-08-07 22:00:00+00:00,560.75,493.75
2019-08-07 23:00:00+00:00,505.0,543.0
2019-08-08 00:00:00+00:00,562.75,531.5
2019-08-08 01:00:00+00:00,514.25,493.25
2019-08-08 02:00:00+00:00,404.75,458.75
2019-08-08 03:00:00+00:00,358.0,434.75
2019-08-08 04:00:00+00:00,422.25,412.75
2019-08-08 05:00:00+00:00,532.75,338.0
2019-08-08 06:00:00+00:00,581.0,298.0
2019-08-08 07:00:00+00:00,616.75,304.5
2019-08-08 08:00:00+00:00,636.5,323.75
2019-08-08 09:00:00+00:00,624.75,375.5
2019-08-08 10:00:00+00:00,631.5,401.75
2019-08-08 11:00:00+00:00,628.75,412.0
2019-08-08 12:00:00+00:00,620.25,428.0
2019-08-08 13:00:00+00:00,620.5,391.5
2019-08-08 14:00:00+00:00,562.5,283.25
2019-08-08 15:00:00+00:00,462.25,186.25
2019-08-08 16:00:00+00:00,333.5,138.0
2019-08-08 17:00:00+00:00,247.5,110.5
2019-08-08 18:00:00+00:00,161.5,64.75
2019-08-08 19:00:00+00:00,102.75,40.75
2019-08-08 20:00:00+00:00,75.25,37.5
2019-08-08 21:00:00+00:00,61.0,48.75
2019-08-08 22:00:00+00:00,38.75,75.0
2019-08-08 23:00:00+00:00,28.5,107.75
2019-08-09 00:00:00+00:00,56.0,157.75
2019-08-09 01:00:00+00:00,68.5,259.0
2019-08-09 02:00:00+00:00,113.5,289.25
2019-08-09 03:00:00+00:00,141.0,322.25
2019-08-09 04:00:00+00:00,190.75,388.25
2019-08-09 05:00:00+00:00,271.0,405.75
2019-08-09 06:00:00+00:00,352.25,294.0
2019-08-09 07:00:00+00:00,464.75,392.0
2019-08-09 08:00:00+00:00,597.25,376.0
2019-08-09 09:00:00+00:00,587.5,397.5
2019-08-09 10:00:00+00:00,608.0,357.0
2019-08-09 11:00:00+00:00,706.5,396.75
2019-08-09 12:00:00+00:00,710.25,374.25
2019-08-09 13:00:00+00:00,680.25,397.0
2019-08-09 14:00:00+00:00,656.0,350.5
2019-08-09 15:00:00+00:00,654.75,283.25
2019-08-09 16:00:00+00:00,661.0,314.0
2019-08-09 17:00:00+00:00,664.75,322.5
2019-08-09 18:00:00+00:00,623.0,336.5
2019-08-09 19:00:00+00:00,527.75,412.75
2019-08-09 20:00:00+00:00,573.25,480.25
2019-08-09 21:00:00+00:00,684.5,428.5
2019-08-09 22:00:00+00:00,676.75,459.75
2019-08-09 23:00:00+00:00,648.0,581.5
2019-08-10 00:00:00+00:00,621.5,667.25
2019-08-10 01:00:00+00:00,767.0,711.25
2019-08-10 02:00:00+00:00,797.75,701.5
2019-08-10 03:00:00+00:00,783.0,730.25
2019-08-10 04:00:00+00:00,810.5,762.0
2019-08-10 05:00:00+00:00,834.0,793.0
2019-08-10 06:00:00+00:00,818.75,838.75
2019-08-10 07:00:00+00:00,800.0,882.0
2019-08-10 08:00:00+00:00,764.0,882.25
2019-08-10 09:00:00+00:00,768.25,880.25
2019-08-10 10:00:00+00:00,755.25,884.0
2019-08-10 11:00:00+00:00,754.25,886.5
2019-08-10 12:00:00+00:00,703.25,879.25
2019-08-10 13:00:00+00:00,609.25,875.25
2019-08-10 14:00:00+00:00,499.5,880.25
2019-08-10 15:00:00+00:00,486.25,884.5
2019-08-10 16:00:00+00:00,587.0,885.25
2019-08-10 17:00:00+00:00,669.0,823.0
2019-08-10 18:00:00+00:00,725.0,807.25
2019-08-10 19:00:00+00:00,772.5,887.25
2019-08-10 20:00:00+00:00,797.75,885.0
2019-08-10 21:00:00+00:00,816.75,887.0
2019-08-10 22:00:00+00:00,818.0,861.5
2019-08-10 23:00:00+00:00,809.0,852.75
2019-08-11 00:00:00+00:00,807.75,817.25
2019-08-11 01:00:00+00:00,803.0,776.5
2019-08-11 02:00:00+00:00,800.5,744.5
2019-08-11 03:00:00+00:00,803.75,746.5
2019-08-11 04:00:00+00:00,829.5,670.5
2019-08-11 05:00:00+00:00,824.75,655.75
2019-08-11 06:00:00+00:00,825.25,608.0
2019-08-11 07:00:00+00:00,820.5,612.0
2019-08-11 08:00:00+00:00,817.5,663.25
2019-08-11 09:00:00+00:00,816.75,651.75
2019-08-11 10:00:00+00:00,821.0,645.0
2019-08-11 11:00:00+00:00,819.75,669.0
2019-08-11 12:00:00+00:00,816.75,616.75
2019-08-11 13:00:00+00:00,814.75,519.75
2019-08-11 14:00:00+00:00,810.5,467.5
2019-08-11 15:00:00+00:00,811.75,451.25
2019-08-11 16:00:00+00:00,834.5,422.0
2019-08-11 17:00:00+00:00,836.75,461.75
2019-08-11 18:00:00+00:00,831.75,435.0
2019-08-11 19:00:00+00:00,824.5,478.25
2019-08-11 20:00:00+00:00,829.5,544.25
2019-08-11 21:00:00+00:00,820.75,601.25
2019-08-11 22:00:00+00:00,818.0,602.0
2019-08-11 23:00:00+00:00,806.0,591.5
2019-08-12 00:00:00+00:00,789.5,621.25
2019-08-12 01:00:00+00:00,741.75,590.25
2019-08-12 02:00:00+00:00,493.25,527.0
2019-08-12 03:00:00+00:00,353.5,474.0
2019-08-12 04:00:00+00:00,337.75,414.25
2019-08-12 05:00:00+00:00,389.0,393.0
2019-08-12 06:00:00+00:00,431.0,306.75
2019-08-12 07:00:00+00:00,466.0,270.75
2019-08-12 08:00:00+00:00,486.0,257.25
2019-08-12 09:00:00+00:00,514.25,257.5
2019-08-12 10:00:00+00:00,522.5,313.5
2019-08-12 11:00:00+00:00,504.25,234.75
2019-08-12 12:00:00+00:00,517.75,243.5
2019-08-12 13:00:00+00:00,526.25,152.75
2019-08-12 14:00:00+00:00,535.0,85.0
2019-08-12 15:00:00+00:00,543.0,52.0
2019-08-12 16:00:00+00:00,550.0,86.25
2019-08-12 17:00:00+00:00,492.5,89.25
2019-08-12 18:00:00+00:00,388.75,89.0
2019-08-12 19:00:00+00:00,213.5,67.0
2019-08-12 20:00:00+00:00,84.5,61.5
2019-08-12 21:00:00+00:00,76.25,53.5
2019-08-12 22:00:00+00:00,41.0,57.75
2019-08-12 23:00:00+00:00,82.25,52.0
2019-08-13 00:00:00+00:00,191.75,108.0
2019-08-13 01:00:00+00:00,65.25,135.25
2019-08-13 02:00:00+00:00,340.25,272.25
2019-08-13 03:00:00+00:00,347.75,151.75
2019-08-13 04:00:00+00:00,303.0,174.0
2019-08-13 05:00:00+00:00,366.0,243.75
2019-08-13 06:00:00+00:00,169.75,218.25
2019-08-13 07:00:00+00:00,263.75,201.5
2019-08-13 08:00:00+00:00,157.0,157.75
2019-08-13 09:00:00+00:00,217.75,196.0
2019-08-13 10:00:00+00:00,151.25,184.5
2019-08-13 11:00:00+00:00,243.0,226.0
2019-08-13 12:00:00+00:00,291.25,289.25
2019-08-13 13:00:00+00:00,289.5,443.0
2019-08-13 14:00:00+00:00,307.0,252.5
2019-08-13 15:00:00+00:00,230.75,201.75
2019-08-13 16:00:00+00:00,118.25,338.75
2019-08-13 17:00:00+00:00,120.5,225.75
2019-08-13 18:00:00+00:00,129.5,218.5
2019-08-13 19:00:00+00:00,116.75,259.0
2019-08-13 20:00:00+00:00,145.0,253.75
2019-08-13 21:00:00+00:00,183.75,237.25
2019-08-13 22:00:00+00:00,208.5,196.75
2019-08-13 23:00:00+00:00,215.5,141.5
2019-08-14 00:00:00+00:00,276.0,187.0
2019-08-14 01:00:00+00:00,267.75,221.75
2019-08-14 02:00:00+00:00,257.5,196.0
2019-08-14 03:00:00+00:00,381.75,172.0
2019-08-14 04:00:00+00:00,345.25,226.5
2019-08-14 05:00:00+00:00,243.75,304.25
2019-08-14 06:00:00+00:00,446.75,259.25
2019-08-14 07:00:00+00:00,488.25,195.0
2019-08-14 08:00:00+00:00,336.0,172.25
2019-08-14 09:00:00+00:00,268.5,205.5
2019-08-14 10:00:00+00:00,303.0,228.75
2019-08-14 11:00:00+00:00,595.25,224.25
2019-08-14 12:00:00+00:00,467.75,318.5
2019-08-14 13:00:00+00:00,419.75,276.75
2019-08-14 14:00:00+00:00,284.5,308.75
2019-08-14 15:00:00+00:00,526.0,283.5
2019-08-14 16:00:00+00:00,538.5,323.75
2019-08-14 17:00:00+00:00,320.0,337.75
2019-08-14 18:00:00+00:00,598.0,201.0
2019-08-14 19:00:00+00:00,529.75,193.75
2019-08-14 20:00:00+00:00,812.75,262.0
2019-08-14 21:00:00+00:00,806.25,349.0
2019-08-14 22:00:00+00:00,782.5,454.25
2019-08-14 23:00:00+00:00,828.0,510.0
2019-08-15 00:00:00+00:00,834.75,505.0
2019-08-15 01:00:00+00:00,821.75,535.25
2019-08-15 02:00:00+00:00,801.0,584.0
2019-08-15 03:00:00+00:00,795.25,558.5
2019-08-15 04:00:00+00:00,783.0,582.0
2019-08-15 05:00:00+00:00,662.0,606.0
2019-08-15 06:00:00+00:00,656.25,545.75
2019-08-15 07:00:00+00:00,479.75,553.5
2019-08-15 08:00:00+00:00,389.75,532.25
2019-08-15 09:00:00+00:00,505.75,572.5
2019-08-15 10:00:00+00:00,640.75,578.25
2019-08-15 11:00:00+00:00,732.25,624.0
2019-08-15 12:00:00+00:00,741.75,594.75
2019-08-15 13:00:00+00:00,687.25,591.0
2019-08-15 14:00:00+00:00,635.5,616.75
2019-08-15 15:00:00+00:00,677.25,641.0
2019-08-15 16:00:00+00:00,623.75,623.5
2019-08-15 17:00:00+00:00,604.5,568.0
2019-08-15 18:00:00+00:00,664.75,523.25
2019-08-15 19:00:00+00:00,735.5,409.25
2019-08-15 20:00:00+00:00,721.0,328.25
2019-08-15 21:00:00+00:00,633.0,294.25
2019-08-15 22:00:00+00:00,580.25,271.0
2019-08-15 23:00:00+00:00,513.75,203.75
2019-08-16 00:00:00+00:00,444.25,183.0
2019-08-16 01:00:00+00:00,254.0,206.5
2019-08-16 02:00:00+00:00,199.25,161.5
2019-08-16 03:00:00+00:00,164.75,108.0
2019-08-16 04:00:00+00:00,135.0,82.5
2019-08-16 05:00:00+00:00,87.0,81.25
2019-08-16 06:00:00+00:00,46.75,76.25
2019-08-16 07:00:00+00:00,49.75,85.25
2019-08-16 08:00:00+00:00,108.0,121.5
2019-08-16 09:00:00+00:00,244.25,173.0
2019-08-16 10:00:00+00:00,501.75,196.75
2019-08-16 11:00:00+00:00,623.0,230.25
2019-08-16 12:00:00+00:00,549.75,240.0
2019-08-16 13:00:00+00:00,502.25,244.0
2019-08-16 14:00:00+00:00,680.0,262.75
2019-08-16 15:00:00+00:00,653.25,225.5
2019-08-16 16:00:00+00:00,538.5,240.5
2019-08-16 17:00:00+00:00,589.0,198.25
2019-08-16 18:00:00+00:00,569.0,217.75
2019-08-16 19:00:00+00:00,574.0,268.0
2019-08-16 20:00:00+00:00,688.25,264.25
2019-08-16 21:00:00+00:00,797.0,400.5
2019-08-16 22:00:00+00:00,827.75,531.75
2019-08-16 23:00:00+00:00,820.25,593.0
2019-08-17 00:00:00+00:00,843.25,564.5
2019-08-17 01:00:00+00:00,838.5,588.75
2019-08-17 02:00:00+00:00,839.0,680.0
2019-08-17 03:00:00+00:00,852.25,672.0
2019-08-17 04:00:00+00:00,857.75,640.5
2019-08-17 05:00:00+00:00,850.0,651.75
2019-08-17 06:00:00+00:00,817.75,660.25
2019-08-17 07:00:00+00:00,792.5,653.5
2019-08-17 08:00:00+00:00,733.75,611.25
2019-08-17 09:00:00+00:00,654.5,553.75
2019-08-17 10:00:00+00:00,654.25,510.75
2019-08-17 11:00:00+00:00,577.0,469.0
2019-08-17 12:00:00+00:00,671.25,424.25
2019-08-17 13:00:00+00:00,587.0,363.75
2019-08-17 14:00:00+00:00,495.5,359.0
2019-08-17 15:00:00+00:00,424.25,367.75
2019-08-17 16:00:00+00:00,337.75,318.25
2019-08-17 17:00:00+00:00,314.5,290.0
2019-08-17 18:00:00+00:00,293.75,290.25
2019-08-17 19:00:00+00:00,338.5,284.75
2019-08-17 20:00:00+00:00,363.75,296.5
2019-08-17 21:00:00+00:00,406.5,258.0
2019-08-17 22:00:00+00:00,431.5,251.5
2019-08-17 23:00:00+00:00,390.25,212.25
2019-08-18 00:00:00+00:00,473.25,206.0
2019-08-18 01:00:00+00:00,406.25,205.25
2019-08-18 02:00:00+00:00,477.0,236.75
2019-08-18 03:00:00+00:00,475.0,219.0
2019-08-18 04:00:00+00:00,443.0,214.5
2019-08-18 05:00:00+00:00,443.25,221.5
2019-08-18 06:00:00+00:00,430.75,216.5
2019-08-18 07:00:00+00:00,436.25,180.25
2019-08-18 08:00:00+00:00,554.5,153.25
2019-08-18 09:00:00+00:00,544.5,139.25
2019-08-18 10:00:00+00:00,220.5,120.0
2019-08-18 11:00:00+00:00,240.0,186.75
2019-08-18 12:00:00+00:00,332.0,239.25
2019-08-18 13:00:00+00:00,398.75,290.75
2019-08-18 14:00:00+00:00,391.0,330.25
2019-08-18 15:00:00+00:00,521.5,364.5
2019-08-18 16:00:00+00:00,689.5,409.25
2019-08-18 17:00:00+00:00,622.0,483.75
2019-08-18 18:00:00+00:00,654.5,512.25
2019-08-18 19:00:00+00:00,762.5,516.0
2019-08-18 20:00:00+00:00,702.25,551.0
2019-08-18 21:00:00+00:00,668.75,594.25
2019-08-18 22:00:00+00:00,654.25,632.75
2019-08-18 23:00:00+00:00,702.0,677.75
2019-08-19 00:00:00+00:00,737.75,604.5
2019-08-19 01:00:00+00:00,788.0,566.5
2019-08-19 02:00:00+00:00,774.25,521.25
2019-08-19 03:00:00+00:00,678.75,515.75
2019-08-19 04:00:00+00:00,601.25,538.5
2019-08-19 05:00:00+00:00,739.75,506.0
2019-08-19 06:00:00+00:00,780.5,498.75
2019-08-19 07:00:00+00:00,789.5,485.75
2019-08-19 08:00:00+00:00,781.5,554.75
2019-08-19 09:00:00+00:00,776.5,629.75
2019-08-19 10:00:00+00:00,792.5,646.5
2019-08-19 11:00:00+00:00,793.25,666.75
2019-08-19 12:00:00+00:00,798.0,655.5
2019-08-19 13:00:00+00:00,784.75,642.25
2019-08-19 14:00:00+00:00,770.75,617.0
2019-08-19 15:00:00+00:00,762.5,530.25
2019-08-19 16:00:00+00:00,731.5,526.0
2019-08-19 17:00:00+00:00,611.0,433.25
2019-08-19 18:00:00+00:00,477.25,478.75
2019-08-19 19:00:00+00:00,330.0,470.0
2019-08-19 20:00:00+00:00,241.75,526.75
2019-08-19 21:00:00+00:00,310.0,543.25
2019-08-19 22:00:00+00:00,309.0,437.0
2019-08-19 23:00:00+00:00,395.5,362.5
2019-08-20 00:00:00+00:00,418.25,318.5
2019-08-20 01:00:00+00:00,477.25,323.25
2019-08-20 02:00:00+00:00,411.25,300.25
2019-08-20 03:00:00+00:00,260.75,278.75
2019-08-20 04:00:00+00:00,180.0,257.25
2019-08-20 05:00:00+00:00,150.75,196.25
2019-08-20 06:00:00+00:00,202.75,183.5
2019-08-20 07:00:00+00:00,308.75,193.5
2019-08-20 08:00:00+00:00,251.25,241.0
2019-08-20 09:00:00+00:00,402.75,273.25
2019-08-20 10:00:00+00:00,468.5,339.75
2019-08-20 11:00:00+00:00,542.25,288.5
2019-08-20 12:00:00+00:00,427.75,262.0
2019-08-20 13:00:00+00:00,321.0,233.75
2019-08-20 14:00:00+00:00,291.0,223.0
2019-08-20 15:00:00+00:00,279.75,247.25
2019-08-20 16:00:00+00:00,268.5,196.5
2019-08-20 17:00:00+00:00,280.5,174.0
2019-08-20 18:00:00+00:00,301.25,143.5
2019-08-20 19:00:00+00:00,234.25,108.25
2019-08-20 20:00:00+00:00,183.5,85.5
2019-08-20 21:00:00+00:00,216.25,82.5
2019-08-20 22:00:00+00:00,233.75,85.5
2019-08-20 23:00:00+00:00,197.0,75.5
2019-08-21 00:00:00+00:00,206.75,73.0
2019-08-21 01:00:00+00:00,200.75,82.25
2019-08-21 02:00:00+00:00,182.0,74.5
2019-08-21 03:00:00+00:00,142.5,65.0
2019-08-21 04:00:00+00:00,95.75,63.5
2019-08-21 05:00:00+00:00,62.0,74.25
2019-08-21 06:00:00+00:00,39.75,76.0
2019-08-21 07:00:00+00:00,21.5,58.5
2019-08-21 08:00:00+00:00,29.25,60.5
2019-08-21 09:00:00+00:00,48.0,70.0
2019-08-21 10:00:00+00:00,79.5,70.5
2019-08-21 11:00:00+00:00,88.25,69.0
2019-08-21 12:00:00+00:00,79.5,63.75
2019-08-21 13:00:00+00:00,122.75,55.0
2019-08-21 14:00:00+00:00,136.25,32.5
2019-08-21 15:00:00+00:00,146.25,27.5
2019-08-21 16:00:00+00:00,146.5,20.5
2019-08-21 17:00:00+00:00,135.25,23.5
2019-08-21 18:00:00+00:00,83.5,21.25
2019-08-21 19:00:00+00:00,62.0,22.75
2019-08-21 20:00:00+00:00,80.25,27.5
2019-08-21 21:00:00+00:00,93.75,31.5
2019-08-21 22:00:00+00:00,146.0,38.5
2019-08-21 23:00:00+00:00,209.25,57.25
2019-08-22 00:00:00+00:00,207.5,89.25
2019-08-22 01:00:00+00:00,238.25,104.25
2019-08-22 02:00:00+00:00,355.75,141.5
2019-08-22 03:00:00+00:00,387.25,162.75
2019-08-22 04:00:00+00:00,413.0,153.0
2019-08-22 05:00:00+00:00,432.5,154.75
2019-08-22 06:00:00+00:00,420.5,135.25
2019-08-22 07:00:00+00:00,386.5,91.75
2019-08-22 08:00:00+00:00,388.0,81.25
2019-08-22 09:00:00+00:00,332.5,89.5
2019-08-22 10:00:00+00:00,341.0,110.5
2019-08-22 11:00:00+00:00,388.75,129.5
2019-08-22 12:00:00+00:00,464.5,137.25
2019-08-22 13:00:00+00:00,480.5,149.5
2019-08-22 14:00:00+00:00,484.25,161.5
2019-08-22 15:00:00+00:00,457.75,188.25
2019-08-22 16:00:00+00:00,405.0,191.0
2019-08-22 17:00:00+00:00,391.75,115.0
2019-08-22 18:00:00+00:00,374.5,89.0
2019-08-22 19:00:00+00:00,291.0,77.75
2019-08-22 20:00:00+00:00,312.5,84.75
2019-08-22 21:00:00+00:00,344.25,104.25
2019-08-22 22:00:00+00:00,343.0,105.75
2019-08-22 23:00:00+00:00,308.5,93.75
2019-08-23 00:00:00+00:00,292.5,95.5
2019-08-23 01:00:00+00:00,283.0,89.5
2019-08-23 02:00:00+00:00,237.5,93.75
2019-08-23 03:00:00+00:00,210.5,104.0
2019-08-23 04:00:00+00:00,166.0,95.0
2019-08-23 05:00:00+00:00,132.0,84.5
2019-08-23 06:00:00+00:00,100.25,67.75
2019-08-23 07:00:00+00:00,81.5,37.0
2019-08-23 08:00:00+00:00,53.5,22.25
2019-08-23 09:00:00+00:00,49.0,21.0
2019-08-23 10:00:00+00:00,39.5,21.0
2019-08-23 11:00:00+00:00,36.0,21.25
2019-08-23 12:00:00+00:00,28.75,23.5
2019-08-23 13:00:00+00:00,11.0,21.25
2019-08-23 14:00:00+00:00,1.25,20.5
2019-08-23 15:00:00+00:00,0.0,23.75
2019-08-23 16:00:00+00:00,1.25,31.0
2019-08-23 17:00:00+00:00,10.0,35.5
2019-08-23 18:00:00+00:00,18.5,72.0
2019-08-23 19:00:00+00:00,32.5,162.5
2019-08-23 20:00:00+00:00,48.5,214.5
2019-08-23 21:00:00+00:00,71.0,305.5
2019-08-23 22:00:00+00:00,93.75,312.5
2019-08-23 23:00:00+00:00,109.25,385.75
2019-08-24 00:00:00+00:00,129.5,427.75
2019-08-24 01:00:00+00:00,165.75,418.75
2019-08-24 02:00:00+00:00,129.0,376.25
2019-08-24 03:00:00+00:00,117.25,343.5
2019-08-24 04:00:00+00:00,96.5,286.25
2019-08-24 05:00:00+00:00,83.0,231.75
2019-08-24 06:00:00+00:00,81.25,154.0
2019-08-24 07:00:00+00:00,86.0,68.25
2019-08-24 08:00:00+00:00,82.75,40.5
2019-08-24 09:00:00+00:00,100.75,31.5
2019-08-24 10:00:00+00:00,93.0,31.0
2019-08-24 11:00:00+00:00,99.5,40.5
2019-08-24 12:00:00+00:00,82.5,75.75
2019-08-24 13:00:00+00:00,73.75,76.75
2019-08-24 14:00:00+00:00,74.5,72.25
2019-08-24 15:00:00+00:00,97.5,68.25
2019-08-24 16:00:00+00:00,130.75,67.0
2019-08-24 17:00:00+00:00,166.5,65.5
2019-08-24 18:00:00+00:00,184.5,99.5
2019-08-24 19:00:00+00:00,182.5,162.0
2019-08-24 20:00:00+00:00,201.0,249.75
2019-08-24 21:00:00+00:00,269.25,287.25
2019-08-24 22:00:00+00:00,348.5,249.75
2019-08-24 23:00:00+00:00,310.75,193.75
2019-08-25 00:00:00+00:00,167.0,152.75
2019-08-25 01:00:00+00:00,119.75,105.5
2019-08-25 02:00:00+00:00,86.0,90.25
2019-08-25 03:00:00+00:00,79.5,68.0
2019-08-25 04:00:00+00:00,64.0,53.0
2019-08-25 05:00:00+00:00,49.5,41.5
2019-08-25 06:00:00+00:00,33.75,30.25
2019-08-25 07:00:00+00:00,31.5,27.25
2019-08-25 08:00:00+00:00,27.0,23.0
2019-08-25 09:00:00+00:00,23.5,21.0
2019-08-25 10:00:00+00:00,17.5,21.75
2019-08-25 11:00:00+00:00,20.0,27.25
2019-08-25 12:00:00+00:00,19.0,21.5
2019-08-25 13:00:00+00:00,1.75,21.5
2019-08-25 14:00:00+00:00,5.5,25.75
2019-08-25 15:00:00+00:00,25.0,44.25
2019-08-25 16:00:00+00:00,51.75,77.0
2019-08-25 17:00:00+00:00,80.0,95.25
2019-08-25 18:00:00+00:00,87.0,124.25
2019-08-25 19:00:00+00:00,87.5,125.25
2019-08-25 20:00:00+00:00,87.0,106.5
2019-08-25 21:00:00+00:00,85.25,108.0
2019-08-25 22:00:00+00:00,60.5,155.75
2019-08-25 23:00:00+00:00,50.5,185.0
2019-08-26 00:00:00+00:00,28.0,157.75
2019-08-26 01:00:00+00:00,20.25,143.75
2019-08-26 02:00:00+00:00,18.0,126.25
2019-08-26 03:00:00+00:00,20.75,114.75
2019-08-26 04:00:00+00:00,29.75,99.75
2019-08-26 05:00:00+00:00,28.75,82.0
2019-08-26 06:00:00+00:00,22.25,78.0
2019-08-26 07:00:00+00:00,17.25,63.5
2019-08-26 08:00:00+00:00,12.5,38.0
2019-08-26 09:00:00+00:00,12.25,33.5
2019-08-26 10:00:00+00:00,13.75,42.25
2019-08-26 11:00:00+00:00,14.5,34.5
2019-08-26 12:00:00+00:00,5.25,35.0
2019-08-26 13:00:00+00:00,5.0,38.75
2019-08-26 14:00:00+00:00,8.0,49.25
2019-08-26 15:00:00+00:00,24.0,73.75
2019-08-26 16:00:00+00:00,39.5,115.25
2019-08-26 17:00:00+00:00,46.25,144.25
2019-08-26 18:00:00+00:00,66.5,219.0
2019-08-26 19:00:00+00:00,71.0,274.75
2019-08-26 20:00:00+00:00,93.75,296.5
2019-08-26 21:00:00+00:00,123.25,291.25
2019-08-26 22:00:00+00:00,147.0,273.25
2019-08-26 23:00:00+00:00,163.5,121.0
2019-08-27 00:00:00+00:00,139.75,99.25
2019-08-27 01:00:00+00:00,98.0,91.5
2019-08-27 02:00:00+00:00,93.0,80.75
2019-08-27 03:00:00+00:00,58.5,73.0
2019-08-27 04:00:00+00:00,64.0,69.25
2019-08-27 05:00:00+00:00,59.5,47.5
2019-08-27 06:00:00+00:00,43.25,43.25
2019-08-27 07:00:00+00:00,62.5,37.5
2019-08-27 08:00:00+00:00,107.5,23.75
2019-08-27 09:00:00+00:00,90.5,19.5
2019-08-27 10:00:00+00:00,106.0,27.0
2019-08-27 11:00:00+00:00,71.5,28.0
2019-08-27 12:00:00+00:00,49.5,30.0
2019-08-27 13:00:00+00:00,40.5,23.25
2019-08-27 14:00:00+00:00,27.75,20.0
2019-08-27 15:00:00+00:00,48.75,21.5
2019-08-27 16:00:00+00:00,69.25,24.5
2019-08-27 17:00:00+00:00,83.0,25.0
2019-08-27 18:00:00+00:00,91.5,30.0
2019-08-27 19:00:00+00:00,110.75,31.25
2019-08-27 20:00:00+00:00,96.0,47.25
2019-08-27 21:00:00+00:00,97.5,64.0
2019-08-27 22:00:00+00:00,103.0,41.25
2019-08-27 23:00:00+00:00,162.0,66.0
2019-08-28 00:00:00+00:00,127.75,78.0
2019-08-28 01:00:00+00:00,101.0,88.5
2019-08-28 02:00:00+00:00,79.75,111.0
2019-08-28 03:00:00+00:00,74.75,129.25
2019-08-28 04:00:00+00:00,101.0,143.5
2019-08-28 05:00:00+00:00,41.0,158.75
2019-08-28 06:00:00+00:00,18.5,228.25
2019-08-28 07:00:00+00:00,86.0,140.25
2019-08-28 08:00:00+00:00,217.5,148.25
2019-08-28 09:00:00+00:00,89.75,288.5
2019-08-28 10:00:00+00:00,103.75,109.75
2019-08-28 11:00:00+00:00,95.5,75.25
2019-08-28 12:00:00+00:00,116.0,85.75
2019-08-28 13:00:00+00:00,39.25,123.0
2019-08-28 14:00:00+00:00,25.75,106.5
2019-08-28 15:00:00+00:00,24.25,96.5
2019-08-28 16:00:00+00:00,44.25,95.0
2019-08-28 17:00:00+00:00,31.0,93.5
2019-08-28 18:00:00+00:00,22.0,78.0
2019-08-28 19:00:00+00:00,56.5,79.75
2019-08-28 20:00:00+00:00,65.0,103.25
2019-08-28 21:00:00+00:00,93.25,119.75
2019-08-28 22:00:00+00:00,102.25,137.0
2019-08-28 23:00:00+00:00,85.5,157.75
2019-08-29 00:00:00+00:00,106.0,152.25
2019-08-29 01:00:00+00:00,194.75,118.5
2019-08-29 02:00:00+00:00,120.25,180.0
2019-08-29 03:00:00+00:00,153.5,213.25
2019-08-29 04:00:00+00:00,356.25,242.75
2019-08-29 05:00:00+00:00,450.75,250.25
2019-08-29 06:00:00+00:00,407.75,193.25
2019-08-29 07:00:00+00:00,188.0,204.25
2019-08-29 08:00:00+00:00,144.0,250.25
2019-08-29 09:00:00+00:00,139.75,203.25
2019-08-29 10:00:00+00:00,127.75,206.5
2019-08-29 11:00:00+00:00,85.0,242.25
2019-08-29 12:00:00+00:00,74.5,254.25
2019-08-29 13:00:00+00:00,94.75,226.0
2019-08-29 14:00:00+00:00,74.25,185.25
2019-08-29 15:00:00+00:00,72.75,159.0
2019-08-29 16:00:00+00:00,89.75,125.5
2019-08-29 17:00:00+00:00,83.5,100.0
2019-08-29 18:00:00+00:00,72.5,89.0
2019-08-29 19:00:00+00:00,94.25,62.0
2019-08-29 20:00:00+00:00,93.0,44.75
2019-08-29 21:00:00+00:00,68.0,49.5
2019-08-29 22:00:00+00:00,71.0,59.0
2019-08-29 23:00:00+00:00,131.75,78.75
2019-08-30 00:00:00+00:00,219.75,83.0
2019-08-30 01:00:00+00:00,244.75,81.0
2019-08-30 02:00:00+00:00,232.25,97.5
2019-08-30 03:00:00+00:00,248.5,127.75
2019-08-30 04:00:00+00:00,330.25,166.0
2019-08-30 05:00:00+00:00,345.25,155.0
2019-08-30 06:00:00+00:00,271.25,135.5
2019-08-30 07:00:00+00:00,192.0,117.75
2019-08-30 08:00:00+00:00,219.5,113.25
2019-08-30 09:00:00+00:00,267.75,139.75
2019-08-30 10:00:00+00:00,253.75,160.5
2019-08-30 11:00:00+00:00,303.5,143.25
2019-08-30 12:00:00+00:00,305.0,143.5
2019-08-30 13:00:00+00:00,323.0,125.5
2019-08-30 14:00:00+00:00,338.25,96.75
2019-08-30 15:00:00+00:00,322.0,66.25
2019-08-30 16:00:00+00:00,273.25,49.25
2019-08-30 17:00:00+00:00,298.0,27.25
2019-08-30 18:00:00+00:00,340.75,13.5
2019-08-30 19:00:00+00:00,291.5,7.25
2019-08-30 20:00:00+00:00,231.5,7.5
2019-08-30 21:00:00+00:00,193.0,7.75
2019-08-30 22:00:00+00:00,257.5,19.75
2019-08-30 23:00:00+00:00,286.25,51.5
2019-08-31 00:00:00+00:00,255.25,90.25
2019-08-31 01:00:00+00:00,309.25,125.75
2019-08-31 02:00:00+00:00,362.5,161.25
2019-08-31 03:00:00+00:00,411.75,130.75
2019-08-31 04:00:00+00:00,393.75,102.5
2019-08-31 05:00:00+00:00,357.5,85.5
2019-08-31 06:00:00+00:00,330.75,61.0
2019-08-31 07:00:00+00:00,314.25,36.75
2019-08-31 08:00:00+00:00,255.75,16.0
2019-08-31 09:00:00+00:00,177.25,11.0
2019-08-31 10:00:00+00:00,108.25,13.5
2019-08-31 11:00:00+00:00,52.25,20.75
2019-08-31 12:00:00+00:00,28.75,47.25
2019-08-31 13:00:00+00:00,22.5,55.75
2019-08-31 14:00:00+00:00,10.5,52.75
2019-08-31 15:00:00+00:00,2.0,46.5
2019-08-31 16:00:00+00:00,13.75,91.75
2019-08-31 17:00:00+00:00,57.0,167.25
2019-08-31 18:00:00+00:00,144.75,249.25
2019-08-31 19:00:00+00:00,196.0,285.75
2019-08-31 20:00:00+00:00,269.5,317.0
2019-08-31 21:00:00+00:00,377.5,366.25
2019-08-31 22:00:00+00:00,283.5,255.0
2019-08-31 23:00:00+00:00,344.5,157.0
2019-09-01 00:00:00+00:00,348.25,202.25
2019-09-01 01:00:00+00:00,439.0,225.5
2019-09-01 02:00:00+00:00,404.0,221.75
2019-09-01 03:00:00+00:00,443.25,242.25
2019-09-01 04:00:00+00:00,312.25,206.25
2019-09-01 05:00:00+00:00,327.75,167.75
2019-09-01 06:00:00+00:00,315.0,212.25
2019-09-01 07:00:00+00:00,300.75,185.0
2019-09-01 08:00:00+00:00,290.75,154.75
2019-09-01 09:00:00+00:00,290.25,170.75
2019-09-01 10:00:00+00:00,309.5,167.5
2019-09-01 11:00:00+00:00,310.25,158.75
2019-09-01 12:00:00+00:00,323.0,173.0
2019-09-01 13:00:00+00:00,390.0,232.5
2019-09-01 14:00:00+00:00,310.75,227.25
2019-09-01 15:00:00+00:00,276.5,211.75
2019-09-01 16:00:00+00:00,279.25,226.5
2019-09-01 17:00:00+00:00,361.5,196.5
2019-09-01 18:00:00+00:00,412.75,188.5
2019-09-01 19:00:00+00:00,428.0,319.75
2019-09-01 20:00:00+00:00,436.75,262.25
2019-09-01 21:00:00+00:00,414.5,148.25
2019-09-01 22:00:00+00:00,514.75,187.5
2019-09-01 23:00:00+00:00,602.75,178.25
2019-09-02 00:00:00+00:00,598.5,200.0
2019-09-02 01:00:00+00:00,482.5,138.0
2019-09-02 02:00:00+00:00,276.0,168.75
2019-09-02 03:00:00+00:00,329.0,218.0
2019-09-02 04:00:00+00:00,254.75,204.5
2019-09-02 05:00:00+00:00,164.5,194.0
2019-09-02 06:00:00+00:00,213.25,159.75
2019-09-02 07:00:00+00:00,193.75,130.5
2019-09-02 08:00:00+00:00,177.0,120.75
2019-09-02 09:00:00+00:00,174.0,123.0
2019-09-02 10:00:00+00:00,174.0,124.0
2019-09-02 11:00:00+00:00,170.5,115.5
2019-09-02 12:00:00+00:00,308.75,145.0
2019-09-02 13:00:00+00:00,315.25,199.5
2019-09-02 14:00:00+00:00,423.25,228.5
2019-09-02 15:00:00+00:00,439.5,242.0
2019-09-02 16:00:00+00:00,592.5,212.5
2019-09-02 17:00:00+00:00,705.5,223.75
2019-09-02 18:00:00+00:00,774.25,280.5
2019-09-02 19:00:00+00:00,738.75,279.5
2019-09-02 20:00:00+00:00,731.5,318.5
2019-09-02 21:00:00+00:00,831.25,354.5
2019-09-02 22:00:00+00:00,847.5,425.5
2019-09-02 23:00:00+00:00,827.0,496.0
2019-09-03 00:00:00+00:00,817.25,571.5
2019-09-03 01:00:00+00:00,834.25,592.0
2019-09-03 02:00:00+00:00,820.0,481.75
2019-09-03 03:00:00+00:00,802.0,369.5
2019-09-03 04:00:00+00:00,823.5,372.5
2019-09-03 05:00:00+00:00,793.5,397.75
2019-09-03 06:00:00+00:00,760.0,384.75
2019-09-03 07:00:00+00:00,743.0,345.0
2019-09-03 08:00:00+00:00,688.75,354.5
2019-09-03 09:00:00+00:00,642.5,364.0
2019-09-03 10:00:00+00:00,537.75,357.75
2019-09-03 11:00:00+00:00,497.25,313.75
2019-09-03 12:00:00+00:00,425.75,324.0
2019-09-03 13:00:00+00:00,357.5,327.75
2019-09-03 14:00:00+00:00,370.5,284.5
2019-09-03 15:00:00+00:00,370.25,213.0
2019-09-03 16:00:00+00:00,298.5,184.75
2019-09-03 17:00:00+00:00,333.75,133.5
2019-09-03 18:00:00+00:00,364.0,113.75
2019-09-03 19:00:00+00:00,345.25,140.25
2019-09-03 20:00:00+00:00,472.0,190.75
2019-09-03 21:00:00+00:00,503.0,230.0
2019-09-03 22:00:00+00:00,494.25,218.25
2019-09-03 23:00:00+00:00,587.5,221.75
2019-09-04 00:00:00+00:00,649.25,247.0
2019-09-04 01:00:00+00:00,660.75,299.5
2019-09-04 02:00:00+00:00,653.75,311.25
2019-09-04 03:00:00+00:00,663.25,331.0
2019-09-04 04:00:00+00:00,745.25,370.25
2019-09-04 05:00:00+00:00,817.0,388.5
2019-09-04 06:00:00+00:00,844.0,414.0
2019-09-04 07:00:00+00:00,846.25,434.75
2019-09-04 08:00:00+00:00,830.0,503.25
2019-09-04 09:00:00+00:00,843.25,557.0
2019-09-04 10:00:00+00:00,837.5,586.75
2019-09-04 11:00:00+00:00,812.75,601.25
2019-09-04 12:00:00+00:00,692.75,626.5
2019-09-04 13:00:00+00:00,568.5,631.5
2019-09-04 14:00:00+00:00,366.0,640.0
2019-09-04 15:00:00+00:00,324.25,592.0
2019-09-04 16:00:00+00:00,491.0,461.5
2019-09-04 17:00:00+00:00,581.25,387.25
2019-09-04 18:00:00+00:00,443.0,379.25
2019-09-04 19:00:00+00:00,727.25,295.75
2019-09-04 20:00:00+00:00,687.75,276.5
2019-09-04 21:00:00+00:00,681.5,333.25
2019-09-04 22:00:00+00:00,692.5,452.25
2019-09-04 23:00:00+00:00,768.5,535.25
2019-09-05 00:00:00+00:00,707.0,577.5
2019-09-05 01:00:00+00:00,689.25,688.5
2019-09-05 02:00:00+00:00,576.75,702.75
2019-09-05 03:00:00+00:00,787.25,750.5
2019-09-05 04:00:00+00:00,848.0,740.0
2019-09-05 05:00:00+00:00,852.75,746.5
2019-09-05 06:00:00+00:00,846.0,739.25
2019-09-05 07:00:00+00:00,851.0,718.5
2019-09-05 08:00:00+00:00,846.75,690.5
2019-09-05 09:00:00+00:00,842.25,669.25
2019-09-05 10:00:00+00:00,847.5,667.75
2019-09-05 11:00:00+00:00,845.25,682.25
2019-09-05 12:00:00+00:00,838.25,637.0
2019-09-05 13:00:00+00:00,841.75,606.5
2019-09-05 14:00:00+00:00,828.75,649.5
2019-09-05 15:00:00+00:00,819.5,562.75
2019-09-05 16:00:00+00:00,833.75,472.5
2019-09-05 17:00:00+00:00,756.0,414.25
2019-09-05 18:00:00+00:00,439.75,390.0
2019-09-05 19:00:00+00:00,478.5,258.25
2019-09-05 20:00:00+00:00,555.75,220.25
2019-09-05 21:00:00+00:00,457.75,181.0
2019-09-05 22:00:00+00:00,545.0,139.0
2019-09-05 23:00:00+00:00,706.0,194.5
2019-09-06 00:00:00+00:00,786.5,292.25
2019-09-06 01:00:00+00:00,755.75,418.75
2019-09-06 02:00:00+00:00,709.75,606.5
2019-09-06 03:00:00+00:00,693.5,605.25
2019-09-06 04:00:00+00:00,731.5,519.5
2019-09-06 05:00:00+00:00,764.25,524.75
2019-09-06 06:00:00+00:00,816.75,538.25
2019-09-06 07:00:00+00:00,852.25,431.0
2019-09-06 08:00:00+00:00,847.75,387.25
2019-09-06 09:00:00+00:00,845.0,492.25
2019-09-06 10:00:00+00:00,838.75,564.75
2019-09-06 11:00:00+00:00,849.0,631.0
2019-09-06 12:00:00+00:00,842.75,694.0
2019-09-06 13:00:00+00:00,838.5,706.75
2019-09-06 14:00:00+00:00,833.0,716.5
2019-09-06 15:00:00+00:00,842.0,704.5
2019-09-06 16:00:00+00:00,844.25,595.0
2019-09-06 17:00:00+00:00,842.25,650.5
2019-09-06 18:00:00+00:00,635.75,637.25
2019-09-06 19:00:00+00:00,515.5,582.5
2019-09-06 20:00:00+00:00,396.0,498.5
2019-09-06 21:00:00+00:00,269.75,242.75
2019-09-06 22:00:00+00:00,218.25,136.25
2019-09-06 23:00:00+00:00,223.75,98.75
2019-09-07 00:00:00+00:00,180.5,85.25
2019-09-07 01:00:00+00:00,102.75,84.5
2019-09-07 02:00:00+00:00,181.0,74.5
2019-09-07 03:00:00+00:00,161.5,75.5
2019-09-07 04:00:00+00:00,134.5,89.25
2019-09-07 05:00:00+00:00,118.75,69.0
2019-09-07 06:00:00+00:00,174.5,78.5
2019-09-07 07:00:00+00:00,203.75,85.5
2019-09-07 08:00:00+00:00,179.75,100.5
2019-09-07 09:00:00+00:00,134.0,106.75
2019-09-07 10:00:00+00:00,113.0,117.25
2019-09-07 11:00:00+00:00,173.5,119.5
2019-09-07 12:00:00+00:00,200.25,119.0
2019-09-07 13:00:00+00:00,207.5,176.25
2019-09-07 14:00:00+00:00,472.25,184.25
2019-09-07 15:00:00+00:00,710.25,265.75
2019-09-07 16:00:00+00:00,809.25,321.5
2019-09-07 17:00:00+00:00,837.25,398.75
2019-09-07 18:00:00+00:00,804.0,481.0
2019-09-07 19:00:00+00:00,696.25,443.0
2019-09-07 20:00:00+00:00,690.25,263.75
2019-09-07 21:00:00+00:00,647.0,275.5
2019-09-07 22:00:00+00:00,541.25,212.0
2019-09-07 23:00:00+00:00,564.5,142.0
2019-09-08 00:00:00+00:00,514.5,173.25
2019-09-08 01:00:00+00:00,419.5,219.75
2019-09-08 02:00:00+00:00,411.5,240.0
2019-09-08 03:00:00+00:00,434.5,239.75
2019-09-08 04:00:00+00:00,551.0,141.25
2019-09-08 05:00:00+00:00,372.25,85.25
2019-09-08 06:00:00+00:00,315.0,66.0
2019-09-08 07:00:00+00:00,334.5,73.75
2019-09-08 08:00:00+00:00,169.25,53.0
2019-09-08 09:00:00+00:00,81.25,58.25
2019-09-08 10:00:00+00:00,75.25,69.0
2019-09-08 11:00:00+00:00,62.25,73.0
2019-09-08 12:00:00+00:00,51.75,78.5
2019-09-08 13:00:00+00:00,37.25,112.5
2019-09-08 14:00:00+00:00,39.25,97.25
2019-09-08 15:00:00+00:00,33.0,77.0
2019-09-08 16:00:00+00:00,20.0,79.5
2019-09-08 17:00:00+00:00,23.5,49.75
2019-09-08 18:00:00+00:00,25.5,32.25
2019-09-08 19:00:00+00:00,34.0,14.5
2019-09-08 20:00:00+00:00,66.5,12.75
2019-09-08 21:00:00+00:00,74.5,13.75
2019-09-08 22:00:00+00:00,73.25,6.5
2019-09-08 23:00:00+00:00,58.75,7.5
2019-09-09 00:00:00+00:00,57.25,13.5
2019-09-09 01:00:00+00:00,68.0,33.5
2019-09-09 02:00:00+00:00,63.0,51.75
2019-09-09 03:00:00+00:00,61.75,48.75
2019-09-09 04:00:00+00:00,69.0,58.0
2019-09-09 05:00:00+00:00,76.25,52.0
2019-09-09 06:00:00+00:00,108.5,62.0
2019-09-09 07:00:00+00:00,102.0,76.0
2019-09-09 08:00:00+00:00,61.75,71.0
2019-09-09 09:00:00+00:00,77.0,58.5
2019-09-09 10:00:00+00:00,229.25,40.5
2019-09-09 11:00:00+00:00,133.25,40.75
2019-09-09 12:00:00+00:00,130.0,31.0
2019-09-09 13:00:00+00:00,141.0,21.0
2019-09-09 14:00:00+00:00,132.0,17.25
2019-09-09 15:00:00+00:00,88.75,12.0
2019-09-09 16:00:00+00:00,42.0,9.5
2019-09-09 17:00:00+00:00,22.5,9.25
2019-09-09 18:00:00+00:00,19.5,9.25
2019-09-09 19:00:00+00:00,19.25,8.75
2019-09-09 20:00:00+00:00,18.75,8.75
2019-09-09 21:00:00+00:00,24.5,10.75
2019-09-09 22:00:00+00:00,25.0,14.0
2019-09-09 23:00:00+00:00,43.75,14.0
2019-09-10 00:00:00+00:00,74.0,11.75
2019-09-10 01:00:00+00:00,119.75,14.25
2019-09-10 02:00:00+00:00,133.5,17.25
2019-09-10 03:00:00+00:00,142.75,20.5
2019-09-10 04:00:00+00:00,149.75,29.0
2019-09-10 05:00:00+00:00,192.0,42.0
2019-09-10 06:00:00+00:00,194.75,47.5
2019-09-10 07:00:00+00:00,190.25,36.5
2019-09-10 08:00:00+00:00,210.75,42.75
2019-09-10 09:00:00+00:00,206.5,49.0
2019-09-10 10:00:00+00:00,221.0,54.5
2019-09-10 11:00:00+00:00,189.0,61.25
2019-09-10 12:00:00+00:00,180.75,68.25
2019-09-10 13:00:00+00:00,144.0,48.0
2019-09-10 14:00:00+00:00,153.75,42.5
2019-09-10 15:00:00+00:00,159.0,50.0
2019-09-10 16:00:00+00:00,110.0,35.5
2019-09-10 17:00:00+00:00,72.75,19.5
2019-09-10 18:00:00+00:00,65.25,16.25
2019-09-10 19:00:00+00:00,50.0,12.0
2019-09-10 20:00:00+00:00,63.75,20.75
2019-09-10 21:00:00+00:00,79.5,68.0
2019-09-10 22:00:00+00:00,141.0,105.5
2019-09-10 23:00:00+00:00,284.0,147.25
2019-09-11 00:00:00+00:00,494.75,180.0
2019-09-11 01:00:00+00:00,641.0,229.25
2019-09-11 02:00:00+00:00,629.75,264.25
2019-09-11 03:00:00+00:00,556.75,314.0
2019-09-11 04:00:00+00:00,684.5,301.5
2019-09-11 05:00:00+00:00,736.0,357.5
2019-09-11 06:00:00+00:00,792.0,353.75
2019-09-11 07:00:00+00:00,828.0,445.25
2019-09-11 08:00:00+00:00,830.75,501.0
2019-09-11 09:00:00+00:00,636.75,596.0
2019-09-11 10:00:00+00:00,805.0,658.5
2019-09-11 11:00:00+00:00,769.5,721.0
2019-09-11 12:00:00+00:00,828.5,715.5
2019-09-11 13:00:00+00:00,834.25,712.0
2019-09-11 14:00:00+00:00,831.25,767.75
2019-09-11 15:00:00+00:00,818.5,756.75
2019-09-11 16:00:00+00:00,821.75,694.75
2019-09-11 17:00:00+00:00,774.5,572.5
2019-09-11 18:00:00+00:00,493.25,523.75
2019-09-11 19:00:00+00:00,371.25,495.75
2019-09-11 20:00:00+00:00,225.0,403.5
2019-09-11 21:00:00+00:00,153.25,307.25
2019-09-11 22:00:00+00:00,157.5,203.0
2019-09-11 23:00:00+00:00,173.75,147.75
2019-09-12 00:00:00+00:00,145.75,138.75
2019-09-12 01:00:00+00:00,160.75,130.5
2019-09-12 02:00:00+00:00,230.25,151.25
2019-09-12 03:00:00+00:00,286.25,152.5
2019-09-12 04:00:00+00:00,288.25,160.25
2019-09-12 05:00:00+00:00,262.5,145.0
2019-09-12 06:00:00+00:00,281.5,137.0
2019-09-12 07:00:00+00:00,342.5,122.5
2019-09-12 08:00:00+00:00,357.0,151.25
2019-09-12 09:00:00+00:00,396.75,148.75
2019-09-12 10:00:00+00:00,446.25,147.5
2019-09-12 11:00:00+00:00,448.0,171.0
2019-09-12 12:00:00+00:00,559.75,205.75
2019-09-12 13:00:00+00:00,675.0,260.5
2019-09-12 14:00:00+00:00,746.75,440.0
2019-09-12 15:00:00+00:00,775.75,453.25
2019-09-12 16:00:00+00:00,756.0,465.25
2019-09-12 17:00:00+00:00,799.5,447.5
2019-09-12 18:00:00+00:00,832.75,423.25
2019-09-12 19:00:00+00:00,834.5,517.75
2019-09-12 20:00:00+00:00,842.25,674.0
2019-09-12 21:00:00+00:00,838.5,693.25
2019-09-12 22:00:00+00:00,836.0,714.0
2019-09-12 23:00:00+00:00,814.0,698.25
2019-09-13 00:00:00+00:00,756.0,632.5
2019-09-13 01:00:00+00:00,702.0,550.5
2019-09-13 02:00:00+00:00,712.25,438.75
2019-09-13 03:00:00+00:00,558.5,347.0
2019-09-13 04:00:00+00:00,532.75,349.25
2019-09-13 05:00:00+00:00,368.0,224.75
2019-09-13 06:00:00+00:00,318.25,152.0
2019-09-13 07:00:00+00:00,196.25,112.25
2019-09-13 08:00:00+00:00,173.25,131.25
2019-09-13 09:00:00+00:00,163.0,104.5
2019-09-13 10:00:00+00:00,121.25,78.75
2019-09-13 11:00:00+00:00,132.0,69.75
2019-09-13 12:00:00+00:00,117.5,59.75
2019-09-13 13:00:00+00:00,95.75,67.25
2019-09-13 14:00:00+00:00,86.0,69.75
2019-09-13 15:00:00+00:00,71.5,74.5
2019-09-13 16:00:00+00:00,82.25,93.0
2019-09-13 17:00:00+00:00,123.25,96.5
2019-09-13 18:00:00+00:00,88.0,91.0
2019-09-13 19:00:00+00:00,51.25,79.0
2019-09-13 20:00:00+00:00,61.25,59.25
2019-09-13 21:00:00+00:00,83.5,60.5
2019-09-13 22:00:00+00:00,55.25,61.5
2019-09-13 23:00:00+00:00,44.5,61.25
2019-09-14 00:00:00+00:00,22.0,50.5
2019-09-14 01:00:00+00:00,9.5,51.75
2019-09-14 02:00:00+00:00,3.5,41.0
2019-09-14 03:00:00+00:00,3.0,46.25
2019-09-14 04:00:00+00:00,3.0,38.5
2019-09-14 05:00:00+00:00,4.0,41.0
2019-09-14 06:00:00+00:00,10.75,36.0
2019-09-14 07:00:00+00:00,19.25,28.25
2019-09-14 08:00:00+00:00,35.25,14.5
2019-09-14 09:00:00+00:00,46.75,17.75
2019-09-14 10:00:00+00:00,56.0,14.5
2019-09-14 11:00:00+00:00,112.25,9.25
2019-09-14 12:00:00+00:00,167.25,7.0
2019-09-14 13:00:00+00:00,177.0,6.25
2019-09-14 14:00:00+00:00,167.25,5.5
2019-09-14 15:00:00+00:00,247.5,4.0
2019-09-14 16:00:00+00:00,253.75,4.0
2019-09-14 17:00:00+00:00,255.0,4.0
2019-09-14 18:00:00+00:00,332.75,5.25
2019-09-14 19:00:00+00:00,445.5,11.0
2019-09-14 20:00:00+00:00,529.25,25.25
2019-09-14 21:00:00+00:00,562.5,66.25
2019-09-14 22:00:00+00:00,595.75,106.75
2019-09-14 23:00:00+00:00,626.5,159.0
2019-09-15 00:00:00+00:00,604.5,244.75
2019-09-15 01:00:00+00:00,656.75,331.75
2019-09-15 02:00:00+00:00,751.25,408.0
2019-09-15 03:00:00+00:00,736.25,448.0
2019-09-15 04:00:00+00:00,758.75,487.5
2019-09-15 05:00:00+00:00,780.75,508.25
2019-09-15 06:00:00+00:00,779.0,525.0
2019-09-15 07:00:00+00:00,745.75,481.25
2019-09-15 08:00:00+00:00,689.25,365.25
2019-09-15 09:00:00+00:00,612.5,309.5
2019-09-15 10:00:00+00:00,595.5,297.25
2019-09-15 11:00:00+00:00,582.75,249.75
2019-09-15 12:00:00+00:00,580.5,198.25
2019-09-15 13:00:00+00:00,521.0,183.0
2019-09-15 14:00:00+00:00,437.25,199.75
2019-09-15 15:00:00+00:00,437.5,149.25
2019-09-15 16:00:00+00:00,366.0,133.75
2019-09-15 17:00:00+00:00,251.75,74.25
2019-09-15 18:00:00+00:00,244.0,28.0
2019-09-15 19:00:00+00:00,250.0,27.0
2019-09-15 20:00:00+00:00,185.25,25.25
2019-09-15 21:00:00+00:00,184.25,30.5
2019-09-15 22:00:00+00:00,144.75,42.25
2019-09-15 23:00:00+00:00,108.0,44.5
2019-09-16 00:00:00+00:00,112.5,23.0
2019-09-16 01:00:00+00:00,86.75,21.25
2019-09-16 02:00:00+00:00,68.0,24.5
2019-09-16 03:00:00+00:00,77.25,20.75
2019-09-16 04:00:00+00:00,54.25,17.75
2019-09-16 05:00:00+00:00,50.25,9.0
2019-09-16 06:00:00+00:00,76.5,8.25
2019-09-16 07:00:00+00:00,43.5,8.5
2019-09-16 08:00:00+00:00,53.25,7.25
2019-09-16 09:00:00+00:00,63.5,7.25
2019-09-16 10:00:00+00:00,78.25,8.5
2019-09-16 11:00:00+00:00,60.75,10.75
2019-09-16 12:00:00+00:00,77.5,19.0
2019-09-16 13:00:00+00:00,111.5,33.0
2019-09-16 14:00:00+00:00,140.25,46.75
2019-09-16 15:00:00+00:00,143.5,48.75
2019-09-16 16:00:00+00:00,215.0,43.75
2019-09-16 17:00:00+00:00,280.5,38.5
2019-09-16 18:00:00+00:00,310.25,79.5
2019-09-16 19:00:00+00:00,440.5,120.5
2019-09-16 20:00:00+00:00,439.5,135.75
2019-09-16 21:00:00+00:00,398.25,174.25
2019-09-16 22:00:00+00:00,460.75,196.75
2019-09-16 23:00:00+00:00,482.25,168.5
2019-09-17 00:00:00+00:00,566.25,193.75
2019-09-17 01:00:00+00:00,491.25,224.5
2019-09-17 02:00:00+00:00,591.75,187.0
2019-09-17 03:00:00+00:00,550.75,189.25
2019-09-17 04:00:00+00:00,640.25,176.5
2019-09-17 05:00:00+00:00,653.0,209.5
2019-09-17 06:00:00+00:00,731.0,314.0
2019-09-17 07:00:00+00:00,735.25,424.25
2019-09-17 08:00:00+00:00,775.75,481.25
2019-09-17 09:00:00+00:00,750.25,486.25
2019-09-17 10:00:00+00:00,775.0,510.75
2019-09-17 11:00:00+00:00,587.75,546.5
2019-09-17 12:00:00+00:00,619.5,629.0
2019-09-17 13:00:00+00:00,614.25,746.0
2019-09-17 14:00:00+00:00,602.25,712.25
2019-09-17 15:00:00+00:00,684.25,680.25
2019-09-17 16:00:00+00:00,819.25,580.75
2019-09-17 17:00:00+00:00,802.75,504.75
2019-09-17 18:00:00+00:00,781.5,433.5
2019-09-17 19:00:00+00:00,741.75,374.25
2019-09-17 20:00:00+00:00,773.5,357.5
2019-09-17 21:00:00+00:00,769.25,336.75
2019-09-17 22:00:00+00:00,726.25,305.0
2019-09-17 23:00:00+00:00,632.0,257.0
2019-09-18 00:00:00+00:00,608.75,250.0
2019-09-18 01:00:00+00:00,506.0,172.0
2019-09-18 02:00:00+00:00,526.0,121.75
2019-09-18 03:00:00+00:00,445.0,120.5
2019-09-18 04:00:00+00:00,516.75,129.5
2019-09-18 05:00:00+00:00,545.75,163.0
2019-09-18 06:00:00+00:00,519.0,153.25
2019-09-18 07:00:00+00:00,401.25,174.5
2019-09-18 08:00:00+00:00,360.5,114.25
2019-09-18 09:00:00+00:00,315.75,58.0
2019-09-18 10:00:00+00:00,332.5,89.5
2019-09-18 11:00:00+00:00,303.5,109.75
2019-09-18 12:00:00+00:00,342.0,180.5
2019-09-18 13:00:00+00:00,435.5,159.5
2019-09-18 14:00:00+00:00,450.75,241.25
2019-09-18 15:00:00+00:00,517.25,288.25
2019-09-18 16:00:00+00:00,536.25,240.0
2019-09-18 17:00:00+00:00,532.5,193.75
2019-09-18 18:00:00+00:00,542.25,139.25
2019-09-18 19:00:00+00:00,473.75,112.5
2019-09-18 20:00:00+00:00,349.0,81.25
2019-09-18 21:00:00+00:00,346.0,70.5
2019-09-18 22:00:00+00:00,287.0,58.25
2019-09-18 23:00:00+00:00,242.5,38.25
2019-09-19 00:00:00+00:00,194.5,31.0
2019-09-19 01:00:00+00:00,158.0,23.25
2019-09-19 02:00:00+00:00,195.75,18.75
2019-09-19 03:00:00+00:00,162.0,20.0
2019-09-19 04:00:00+00:00,164.5,20.75
2019-09-19 05:00:00+00:00,150.5,18.5
2019-09-19 06:00:00+00:00,106.5,13.5
2019-09-19 07:00:00+00:00,69.5,10.0
2019-09-19 08:00:00+00:00,41.0,9.75
2019-09-19 09:00:00+00:00,16.5,11.0
2019-09-19 10:00:00+00:00,12.5,10.5
2019-09-19 11:00:00+00:00,6.25,11.0
2019-09-19 12:00:00+00:00,10.5,9.75
2019-09-19 13:00:00+00:00,20.5,14.0
2019-09-19 14:00:00+00:00,19.75,13.75
2019-09-19 15:00:00+00:00,18.75,16.25
2019-09-19 16:00:00+00:00,22.25,18.5
2019-09-19 17:00:00+00:00,27.5,22.5
2019-09-19 18:00:00+00:00,26.5,24.0
2019-09-19 19:00:00+00:00,16.0,19.25
2019-09-19 20:00:00+00:00,1.25,25.25
2019-09-19 21:00:00+00:00,0.25,29.5
2019-09-19 22:00:00+00:00,0.25,29.5
2019-09-19 23:00:00+00:00,0.25,33.75
2019-09-20 00:00:00+00:00,0.75,29.5
2019-09-20 01:00:00+00:00,12.25,31.5
2019-09-20 02:00:00+00:00,24.25,22.75
2019-09-20 03:00:00+00:00,21.0,19.0
2019-09-20 04:00:00+00:00,9.0,18.0
2019-09-20 05:00:00+00:00,3.75,17.0
2019-09-20 06:00:00+00:00,4.0,19.25
2019-09-20 07:00:00+00:00,8.5,21.5
2019-09-20 08:00:00+00:00,3.5,16.0
2019-09-20 09:00:00+00:00,11.75,13.5
2019-09-20 10:00:00+00:00,4.25,17.0
2019-09-20 11:00:00+00:00,28.5,19.5
2019-09-20 12:00:00+00:00,30.5,24.75
2019-09-20 13:00:00+00:00,39.0,33.0
2019-09-20 14:00:00+00:00,32.0,42.75
2019-09-20 15:00:00+00:00,55.25,64.5
2019-09-20 16:00:00+00:00,65.25,89.5
2019-09-20 17:00:00+00:00,86.25,130.5
2019-09-20 18:00:00+00:00,120.5,199.25
2019-09-20 19:00:00+00:00,150.75,225.75
2019-09-20 20:00:00+00:00,152.25,320.25
2019-09-20 21:00:00+00:00,145.25,366.0
2019-09-20 22:00:00+00:00,164.25,365.25
2019-09-20 23:00:00+00:00,175.75,405.75
2019-09-21 00:00:00+00:00,162.75,361.25
2019-09-21 01:00:00+00:00,151.5,345.0
2019-09-21 02:00:00+00:00,104.0,311.75
2019-09-21 03:00:00+00:00,80.0,294.25
2019-09-21 04:00:00+00:00,76.5,279.5
2019-09-21 05:00:00+00:00,100.0,270.75
2019-09-21 06:00:00+00:00,142.5,268.5
2019-09-21 07:00:00+00:00,152.0,233.75
2019-09-21 08:00:00+00:00,152.75,170.5
2019-09-21 09:00:00+00:00,173.75,133.0
2019-09-21 10:00:00+00:00,165.25,153.5
2019-09-21 11:00:00+00:00,229.25,259.0
2019-09-21 12:00:00+00:00,280.25,294.0
2019-09-21 13:00:00+00:00,339.0,309.0
2019-09-21 14:00:00+00:00,320.25,319.0
2019-09-21 15:00:00+00:00,342.25,298.5
2019-09-21 16:00:00+00:00,379.25,296.0
2019-09-21 17:00:00+00:00,410.25,445.0
2019-09-21 18:00:00+00:00,499.75,566.25
2019-09-21 19:00:00+00:00,579.75,606.5
2019-09-21 20:00:00+00:00,581.25,601.5
2019-09-21 21:00:00+00:00,637.5,533.75
2019-09-21 22:00:00+00:00,596.25,461.75
2019-09-21 23:00:00+00:00,475.75,436.0
2019-09-22 00:00:00+00:00,390.5,469.75
2019-09-22 01:00:00+00:00,328.25,485.75
2019-09-22 02:00:00+00:00,282.0,457.25
2019-09-22 03:00:00+00:00,276.5,450.25
2019-09-22 04:00:00+00:00,272.5,453.75
2019-09-22 05:00:00+00:00,285.75,414.75
2019-09-22 06:00:00+00:00,273.25,379.25
2019-09-22 07:00:00+00:00,277.25,280.0
2019-09-22 08:00:00+00:00,242.75,179.5
2019-09-22 09:00:00+00:00,177.5,154.25
2019-09-22 10:00:00+00:00,174.25,147.5
2019-09-22 11:00:00+00:00,174.75,201.0
2019-09-22 12:00:00+00:00,231.5,214.75
2019-09-22 13:00:00+00:00,290.5,222.75
2019-09-22 14:00:00+00:00,287.25,206.25
2019-09-22 15:00:00+00:00,269.5,150.0
2019-09-22 16:00:00+00:00,283.75,210.5
2019-09-22 17:00:00+00:00,262.0,226.25
2019-09-22 18:00:00+00:00,356.0,176.25
2019-09-22 19:00:00+00:00,422.5,182.75
2019-09-22 20:00:00+00:00,415.5,335.75
2019-09-22 21:00:00+00:00,464.0,338.75
2019-09-22 22:00:00+00:00,353.5,299.25
2019-09-22 23:00:00+00:00,281.25,209.0
2019-09-23 00:00:00+00:00,208.5,202.5
2019-09-23 01:00:00+00:00,276.5,183.75
2019-09-23 02:00:00+00:00,412.25,164.75
2019-09-23 03:00:00+00:00,258.0,146.25
2019-09-23 04:00:00+00:00,117.75,129.25
2019-09-23 05:00:00+00:00,74.5,124.5
2019-09-23 06:00:00+00:00,52.25,127.0
2019-09-23 07:00:00+00:00,70.5,127.0
2019-09-23 08:00:00+00:00,96.0,145.25
2019-09-23 09:00:00+00:00,126.5,112.75
2019-09-23 10:00:00+00:00,163.5,131.5
2019-09-23 11:00:00+00:00,147.0,168.75
2019-09-23 12:00:00+00:00,121.25,169.25
2019-09-23 13:00:00+00:00,124.0,238.0
2019-09-23 14:00:00+00:00,137.25,238.0
2019-09-23 15:00:00+00:00,105.5,111.75
2019-09-23 16:00:00+00:00,130.75,59.75
2019-09-23 17:00:00+00:00,93.0,52.0
2019-09-23 18:00:00+00:00,75.0,56.75
2019-09-23 19:00:00+00:00,79.5,88.0
2019-09-23 20:00:00+00:00,123.75,145.0
2019-09-23 21:00:00+00:00,292.5,203.0
2019-09-23 22:00:00+00:00,265.5,201.0
2019-09-23 23:00:00+00:00,238.0,255.5
2019-09-24 00:00:00+00:00,227.0,274.25
2019-09-24 01:00:00+00:00,260.5,271.5
2019-09-24 02:00:00+00:00,261.0,256.25
2019-09-24 03:00:00+00:00,305.0,293.0
2019-09-24 04:00:00+00:00,358.25,343.0
2019-09-24 05:00:00+00:00,385.5,365.0
2019-09-24 06:00:00+00:00,473.0,323.75
2019-09-24 07:00:00+00:00,406.25,287.75
2019-09-24 08:00:00+00:00,393.75,275.75
2019-09-24 09:00:00+00:00,566.75,328.5
2019-09-24 10:00:00+00:00,700.5,367.25
2019-09-24 11:00:00+00:00,686.75,381.5
2019-09-24 12:00:00+00:00,714.5,418.25
2019-09-24 13:00:00+00:00,689.25,444.0
2019-09-24 14:00:00+00:00,572.5,407.0
2019-09-24 15:00:00+00:00,509.75,417.0
2019-09-24 16:00:00+00:00,714.75,437.5
2019-09-24 17:00:00+00:00,729.5,457.5
2019-09-24 18:00:00+00:00,737.5,480.75
2019-09-24 19:00:00+00:00,753.25,406.0
2019-09-24 20:00:00+00:00,708.25,365.5
2019-09-24 21:00:00+00:00,695.75,300.25
2019-09-24 22:00:00+00:00,676.25,242.5
2019-09-24 23:00:00+00:00,614.0,245.5
2019-09-25 00:00:00+00:00,571.75,230.75
2019-09-25 01:00:00+00:00,486.25,226.5
2019-09-25 02:00:00+00:00,327.5,229.5
2019-09-25 03:00:00+00:00,265.5,219.25
2019-09-25 04:00:00+00:00,263.25,228.25
2019-09-25 05:00:00+00:00,312.25,244.5
2019-09-25 06:00:00+00:00,318.25,243.5
2019-09-25 07:00:00+00:00,334.75,244.75
2019-09-25 08:00:00+00:00,362.75,254.75
2019-09-25 09:00:00+00:00,343.5,278.0
2019-09-25 10:00:00+00:00,316.75,286.75
2019-09-25 11:00:00+00:00,326.0,283.25
2019-09-25 12:00:00+00:00,302.75,294.0
2019-09-25 13:00:00+00:00,316.75,278.5
2019-09-25 14:00:00+00:00,324.75,282.0
2019-09-25 15:00:00+00:00,289.25,305.25
2019-09-25 16:00:00+00:00,257.5,301.25
2019-09-25 17:00:00+00:00,252.25,317.5
2019-09-25 18:00:00+00:00,212.0,366.0
2019-09-25 19:00:00+00:00,279.0,415.25
2019-09-25 20:00:00+00:00,376.75,369.5
2019-09-25 21:00:00+00:00,452.75,345.25
2019-09-25 22:00:00+00:00,535.75,395.0
2019-09-25 23:00:00+00:00,496.0,448.0
2019-09-26 00:00:00+00:00,479.75,450.75
2019-09-26 01:00:00+00:00,499.0,413.75
2019-09-26 02:00:00+00:00,458.5,385.0
2019-09-26 03:00:00+00:00,540.0,367.75
2019-09-26 04:00:00+00:00,551.0,347.75
2019-09-26 05:00:00+00:00,585.25,320.0
2019-09-26 06:00:00+00:00,569.5,357.5
2019-09-26 07:00:00+00:00,630.0,358.25
2019-09-26 08:00:00+00:00,723.0,377.25
2019-09-26 09:00:00+00:00,786.5,431.75
2019-09-26 10:00:00+00:00,814.0,437.0
2019-09-26 11:00:00+00:00,820.0,469.75
2019-09-26 12:00:00+00:00,816.75,510.5
2019-09-26 13:00:00+00:00,808.75,528.25
2019-09-26 14:00:00+00:00,824.5,529.0
2019-09-26 15:00:00+00:00,830.75,521.25
2019-09-26 16:00:00+00:00,810.0,573.0
2019-09-26 17:00:00+00:00,816.75,555.0
2019-09-26 18:00:00+00:00,790.75,582.0
2019-09-26 19:00:00+00:00,809.5,667.75
2019-09-26 20:00:00+00:00,728.5,609.0
2019-09-26 21:00:00+00:00,629.0,562.0
2019-09-26 22:00:00+00:00,638.25,575.75
2019-09-26 23:00:00+00:00,705.0,595.25
2019-09-27 00:00:00+00:00,652.0,538.0
2019-09-27 01:00:00+00:00,512.75,517.75
2019-09-27 02:00:00+00:00,412.0,514.75
2019-09-27 03:00:00+00:00,379.75,540.5
2019-09-27 04:00:00+00:00,361.75,534.0
2019-09-27 05:00:00+00:00,462.75,524.25
2019-09-27 06:00:00+00:00,498.0,490.25
2019-09-27 07:00:00+00:00,617.75,486.75
2019-09-27 08:00:00+00:00,697.25,502.0
2019-09-27 09:00:00+00:00,794.75,502.5
2019-09-27 10:00:00+00:00,786.5,556.5
2019-09-27 11:00:00+00:00,795.25,575.75
2019-09-27 12:00:00+00:00,791.25,568.75
2019-09-27 13:00:00+00:00,803.25,572.5
2019-09-27 14:00:00+00:00,791.75,618.0
2019-09-27 15:00:00+00:00,817.25,592.25
2019-09-27 16:00:00+00:00,822.5,586.5
2019-09-27 17:00:00+00:00,821.5,645.5
2019-09-27 18:00:00+00:00,821.25,723.0
2019-09-27 19:00:00+00:00,821.75,770.0
2019-09-27 20:00:00+00:00,806.0,761.25
2019-09-27 21:00:00+00:00,816.25,672.25
2019-09-27 22:00:00+00:00,823.5,753.0
2019-09-27 23:00:00+00:00,801.5,716.0
2019-09-28 00:00:00+00:00,802.75,758.0
2019-09-28 01:00:00+00:00,803.0,662.25
2019-09-28 02:00:00+00:00,789.0,572.0
2019-09-28 03:00:00+00:00,789.5,524.0
2019-09-28 04:00:00+00:00,810.25,551.0
2019-09-28 05:00:00+00:00,817.5,577.5
2019-09-28 06:00:00+00:00,821.5,618.75
2019-09-28 07:00:00+00:00,823.25,704.25
2019-09-28 08:00:00+00:00,825.25,749.25
2019-09-28 09:00:00+00:00,820.25,795.0
2019-09-28 10:00:00+00:00,828.0,827.5
2019-09-28 11:00:00+00:00,823.5,833.25
2019-09-28 12:00:00+00:00,823.25,817.25
2019-09-28 13:00:00+00:00,822.25,823.75
2019-09-28 14:00:00+00:00,822.5,840.5
2019-09-28 15:00:00+00:00,816.75,823.75
2019-09-28 16:00:00+00:00,599.25,853.0
2019-09-28 17:00:00+00:00,448.0,868.75
2019-09-28 18:00:00+00:00,413.5,845.75
2019-09-28 19:00:00+00:00,436.5,784.75
2019-09-28 20:00:00+00:00,528.75,738.0
2019-09-28 21:00:00+00:00,522.25,780.5
2019-09-28 22:00:00+00:00,752.75,746.0
2019-09-28 23:00:00+00:00,672.25,670.0
2019-09-29 00:00:00+00:00,694.25,652.25
2019-09-29 01:00:00+00:00,636.75,577.75
2019-09-29 02:00:00+00:00,728.25,536.0
2019-09-29 03:00:00+00:00,772.25,563.75
2019-09-29 04:00:00+00:00,489.5,585.75
2019-09-29 05:00:00+00:00,385.5,666.75
2019-09-29 06:00:00+00:00,732.5,704.0
2019-09-29 07:00:00+00:00,814.75,772.75
2019-09-29 08:00:00+00:00,818.0,800.75
2019-09-29 09:00:00+00:00,813.75,801.0
2019-09-29 10:00:00+00:00,814.0,832.25
2019-09-29 11:00:00+00:00,809.25,844.75
2019-09-29 12:00:00+00:00,811.25,847.75
2019-09-29 13:00:00+00:00,811.0,841.75
2019-09-29 14:00:00+00:00,565.0,795.25
2019-09-29 15:00:00+00:00,395.5,757.0
2019-09-29 16:00:00+00:00,342.5,722.25
2019-09-29 17:00:00+00:00,349.25,724.0
2019-09-29 18:00:00+00:00,328.0,685.25
2019-09-29 19:00:00+00:00,317.0,692.75
2019-09-29 20:00:00+00:00,278.75,668.0
2019-09-29 21:00:00+00:00,315.0,658.0
2019-09-29 22:00:00+00:00,318.0,796.75
2019-09-29 23:00:00+00:00,770.0,835.75
2019-09-30 00:00:00+00:00,809.75,820.25
2019-09-30 01:00:00+00:00,808.5,874.5
2019-09-30 02:00:00+00:00,791.5,863.25
2019-09-30 03:00:00+00:00,793.75,807.75
2019-09-30 04:00:00+00:00,803.5,764.0
2019-09-30 05:00:00+00:00,792.75,626.0
2019-09-30 06:00:00+00:00,793.25,579.0
2019-09-30 07:00:00+00:00,771.75,606.25
2019-09-30 08:00:00+00:00,761.25,554.5
2019-09-30 09:00:00+00:00,708.5,610.25
2019-09-30 10:00:00+00:00,715.5,574.75
2019-09-30 11:00:00+00:00,666.75,516.75
2019-09-30 12:00:00+00:00,618.75,487.0
2019-09-30 13:00:00+00:00,621.5,459.25
2019-09-30 14:00:00+00:00,592.0,375.25
2019-09-30 15:00:00+00:00,544.5,281.75
2019-09-30 16:00:00+00:00,459.25,257.5
2019-09-30 17:00:00+00:00,298.5,209.25
2019-09-30 18:00:00+00:00,231.5,196.5
2019-09-30 19:00:00+00:00,138.5,196.0
2019-09-30 20:00:00+00:00,154.0,230.5
2019-09-30 21:00:00+00:00,188.0,257.5
2019-09-30 22:00:00+00:00,210.75,321.5
2019-09-30 23:00:00+00:00,225.0,394.75
2019-10-01 00:00:00+00:00,250.5,392.5
2019-10-01 01:00:00+00:00,255.75,344.75
2019-10-01 02:00:00+00:00,255.0,375.0
2019-10-01 03:00:00+00:00,307.0,548.75
2019-10-01 04:00:00+00:00,428.25,746.25
2019-10-01 05:00:00+00:00,563.75,729.5
2019-10-01 06:00:00+00:00,610.75,639.5
2019-10-01 07:00:00+00:00,712.5,593.0
2019-10-01 08:00:00+00:00,720.25,513.75
2019-10-01 09:00:00+00:00,677.0,494.0
2019-10-01 10:00:00+00:00,670.5,457.75
2019-10-01 11:00:00+00:00,592.25,440.25
2019-10-01 12:00:00+00:00,484.75,383.0
2019-10-01 13:00:00+00:00,261.0,282.75
2019-10-01 14:00:00+00:00,182.0,182.0
2019-10-01 15:00:00+00:00,236.75,205.5
2019-10-01 16:00:00+00:00,354.0,253.75
2019-10-01 17:00:00+00:00,343.75,330.75
2019-10-01 18:00:00+00:00,423.5,383.0
2019-10-01 19:00:00+00:00,560.0,419.75
2019-10-01 20:00:00+00:00,485.0,393.25
2019-10-01 21:00:00+00:00,425.75,331.5
2019-10-01 22:00:00+00:00,538.25,332.25
2019-10-01 23:00:00+00:00,574.5,315.5
2019-10-02 00:00:00+00:00,605.5,227.75
2019-10-02 01:00:00+00:00,698.25,275.25
2019-10-02 02:00:00+00:00,706.25,313.0
2019-10-02 03:00:00+00:00,601.5,295.5
2019-10-02 04:00:00+00:00,691.5,319.0
2019-10-02 05:00:00+00:00,740.0,336.75
2019-10-02 06:00:00+00:00,702.75,341.5
2019-10-02 07:00:00+00:00,698.75,287.75
2019-10-02 08:00:00+00:00,713.5,424.75
2019-10-02 09:00:00+00:00,737.25,362.25
2019-10-02 10:00:00+00:00,718.75,372.75
2019-10-02 11:00:00+00:00,755.5,486.5
2019-10-02 12:00:00+00:00,743.5,662.5
2019-10-02 13:00:00+00:00,799.75,616.25
2019-10-02 14:00:00+00:00,772.75,630.0
2019-10-02 15:00:00+00:00,807.25,643.75
2019-10-02 16:00:00+00:00,803.5,684.75
2019-10-02 17:00:00+00:00,799.25,652.5
2019-10-02 18:00:00+00:00,790.0,633.75
2019-10-02 19:00:00+00:00,783.0,632.0
2019-10-02 20:00:00+00:00,762.0,630.5
2019-10-02 21:00:00+00:00,735.0,599.0
2019-10-02 22:00:00+00:00,741.25,548.5
2019-10-02 23:00:00+00:00,666.0,432.0
2019-10-03 00:00:00+00:00,590.0,443.5
2019-10-03 01:00:00+00:00,527.5,310.0
2019-10-03 02:00:00+00:00,482.0,259.75
2019-10-03 03:00:00+00:00,420.5,227.25
2019-10-03 04:00:00+00:00,395.75,207.0
2019-10-03 05:00:00+00:00,255.5,181.5
2019-10-03 06:00:00+00:00,209.0,127.25
2019-10-03 07:00:00+00:00,269.75,140.5
2019-10-03 08:00:00+00:00,224.0,118.75
2019-10-03 09:00:00+00:00,108.25,171.0
2019-10-03 10:00:00+00:00,70.5,162.0
2019-10-03 11:00:00+00:00,66.75,91.25
2019-10-03 12:00:00+00:00,66.75,118.5
2019-10-03 13:00:00+00:00,55.5,128.5
2019-10-03 14:00:00+00:00,50.75,117.25
2019-10-03 15:00:00+00:00,63.5,89.0
2019-10-03 16:00:00+00:00,58.5,102.5
2019-10-03 17:00:00+00:00,32.5,78.5
2019-10-03 18:00:00+00:00,71.75,35.5
2019-10-03 19:00:00+00:00,56.0,86.5
2019-10-03 20:00:00+00:00,243.0,159.5
2019-10-03 21:00:00+00:00,244.25,198.75
2019-10-03 22:00:00+00:00,261.25,267.0
2019-10-03 23:00:00+00:00,247.25,220.0
2019-10-04 00:00:00+00:00,550.5,235.75
2019-10-04 01:00:00+00:00,539.75,268.5
2019-10-04 02:00:00+00:00,586.25,308.25
2019-10-04 03:00:00+00:00,648.5,326.25
2019-10-04 04:00:00+00:00,758.0,389.0
2019-10-04 05:00:00+00:00,784.25,418.5
2019-10-04 06:00:00+00:00,786.75,413.5
2019-10-04 07:00:00+00:00,764.5,443.5
2019-10-04 08:00:00+00:00,671.0,462.0
2019-10-04 09:00:00+00:00,574.75,500.0
2019-10-04 10:00:00+00:00,387.0,432.25
2019-10-04 11:00:00+00:00,462.0,357.25
2019-10-04 12:00:00+00:00,382.0,314.5
2019-10-04 13:00:00+00:00,333.0,348.25
2019-10-04 14:00:00+00:00,227.25,378.0
2019-10-04 15:00:00+00:00,263.5,284.5
2019-10-04 16:00:00+00:00,252.25,241.75
2019-10-04 17:00:00+00:00,226.75,234.25
2019-10-04 18:00:00+00:00,321.25,225.25
2019-10-04 19:00:00+00:00,239.75,176.25
2019-10-04 20:00:00+00:00,255.25,181.0
2019-10-04 21:00:00+00:00,182.5,185.25
2019-10-04 22:00:00+00:00,162.5,201.75
2019-10-04 23:00:00+00:00,183.0,181.0
2019-10-05 00:00:00+00:00,223.5,230.75
2019-10-05 01:00:00+00:00,218.25,221.25
2019-10-05 02:00:00+00:00,192.75,154.75
2019-10-05 03:00:00+00:00,109.25,195.0
2019-10-05 04:00:00+00:00,192.5,150.25
2019-10-05 05:00:00+00:00,260.5,156.5
2019-10-05 06:00:00+00:00,255.75,164.0
2019-10-05 07:00:00+00:00,247.5,130.75
2019-10-05 08:00:00+00:00,255.0,110.5
2019-10-05 09:00:00+00:00,252.5,93.75
2019-10-05 10:00:00+00:00,174.5,85.0
2019-10-05 11:00:00+00:00,183.25,79.75
2019-10-05 12:00:00+00:00,192.75,77.5
2019-10-05 13:00:00+00:00,173.0,86.0
2019-10-05 14:00:00+00:00,180.0,82.5
2019-10-05 15:00:00+00:00,189.0,116.75
2019-10-05 16:00:00+00:00,205.25,122.0
2019-10-05 17:00:00+00:00,241.25,158.0
2019-10-05 18:00:00+00:00,270.25,169.5
2019-10-05 19:00:00+00:00,288.25,183.25
2019-10-05 20:00:00+00:00,340.0,226.5
2019-10-05 21:00:00+00:00,496.75,303.0
2019-10-05 22:00:00+00:00,615.5,346.75
2019-10-05 23:00:00+00:00,640.25,366.0
2019-10-06 00:00:00+00:00,647.75,382.25
2019-10-06 01:00:00+00:00,649.25,337.5
2019-10-06 02:00:00+00:00,619.0,326.75
2019-10-06 03:00:00+00:00,609.75,326.5
2019-10-06 04:00:00+00:00,631.25,326.5
2019-10-06 05:00:00+00:00,720.5,435.0
2019-10-06 06:00:00+00:00,766.75,494.5
2019-10-06 07:00:00+00:00,779.25,480.75
2019-10-06 08:00:00+00:00,786.25,460.25
2019-10-06 09:00:00+00:00,796.75,526.25
2019-10-06 10:00:00+00:00,799.25,612.75
2019-10-06 11:00:00+00:00,801.0,643.25
2019-10-06 12:00:00+00:00,799.5,665.5
2019-10-06 13:00:00+00:00,799.5,667.5
2019-10-06 14:00:00+00:00,805.5,718.25
2019-10-06 15:00:00+00:00,812.25,687.5
2019-10-06 16:00:00+00:00,811.25,601.0
2019-10-06 17:00:00+00:00,820.75,544.0
2019-10-06 18:00:00+00:00,820.75,598.0
2019-10-06 19:00:00+00:00,822.0,553.5
2019-10-06 20:00:00+00:00,824.25,614.0
2019-10-06 21:00:00+00:00,820.0,607.75
2019-10-06 22:00:00+00:00,809.0,559.25
2019-10-06 23:00:00+00:00,732.5,495.25
2019-10-07 00:00:00+00:00,633.25,436.5
2019-10-07 01:00:00+00:00,570.5,472.5
2019-10-07 02:00:00+00:00,559.0,488.0
2019-10-07 03:00:00+00:00,472.0,333.75
2019-10-07 04:00:00+00:00,464.5,307.0
2019-10-07 05:00:00+00:00,556.25,334.0
2019-10-07 06:00:00+00:00,481.0,175.25
2019-10-07 07:00:00+00:00,381.0,100.75
2019-10-07 08:00:00+00:00,349.75,99.5
2019-10-07 09:00:00+00:00,411.5,137.75
2019-10-07 10:00:00+00:00,333.0,114.75
2019-10-07 11:00:00+00:00,398.75,93.0
2019-10-07 12:00:00+00:00,360.0,114.75
2019-10-07 13:00:00+00:00,345.0,134.0
2019-10-07 14:00:00+00:00,308.75,142.5
2019-10-07 15:00:00+00:00,378.75,157.5
2019-10-07 16:00:00+00:00,536.5,162.75
2019-10-07 17:00:00+00:00,649.0,186.5
2019-10-07 18:00:00+00:00,729.5,215.0
2019-10-07 19:00:00+00:00,778.75,304.5
2019-10-07 20:00:00+00:00,812.0,361.5
2019-10-07 21:00:00+00:00,824.0,425.75
2019-10-07 22:00:00+00:00,823.25,573.75
2019-10-07 23:00:00+00:00,818.25,654.0
2019-10-08 00:00:00+00:00,822.75,698.0
2019-10-08 01:00:00+00:00,802.5,700.75
2019-10-08 02:00:00+00:00,522.5,749.0
2019-10-08 03:00:00+00:00,614.0,680.75
2019-10-08 04:00:00+00:00,726.25,605.75
2019-10-08 05:00:00+00:00,594.25,567.25
2019-10-08 06:00:00+00:00,505.0,540.5
2019-10-08 07:00:00+00:00,438.0,454.25
2019-10-08 08:00:00+00:00,506.25,402.75
2019-10-08 09:00:00+00:00,533.75,342.25
2019-10-08 10:00:00+00:00,526.75,326.5
2019-10-08 11:00:00+00:00,585.5,330.25
2019-10-08 12:00:00+00:00,587.25,375.5
2019-10-08 13:00:00+00:00,686.0,427.0
2019-10-08 14:00:00+00:00,732.25,423.5
2019-10-08 15:00:00+00:00,726.75,394.5
2019-10-08 16:00:00+00:00,768.0,454.75
2019-10-08 17:00:00+00:00,792.0,567.75
2019-10-08 18:00:00+00:00,804.0,598.25
2019-10-08 19:00:00+00:00,812.0,678.5
2019-10-08 20:00:00+00:00,718.0,614.5
2019-10-08 21:00:00+00:00,748.5,796.5
2019-10-08 22:00:00+00:00,777.75,734.0
2019-10-08 23:00:00+00:00,766.75,676.5
2019-10-09 00:00:00+00:00,764.0,605.75
2019-10-09 01:00:00+00:00,805.75,585.75
2019-10-09 02:00:00+00:00,808.0,580.0
2019-10-09 03:00:00+00:00,811.5,568.0
2019-10-09 04:00:00+00:00,799.75,577.75
2019-10-09 05:00:00+00:00,769.5,580.25
2019-10-09 06:00:00+00:00,762.0,614.0
2019-10-09 07:00:00+00:00,767.0,631.75
2019-10-09 08:00:00+00:00,683.25,618.75
2019-10-09 09:00:00+00:00,678.25,502.5
2019-10-09 10:00:00+00:00,663.0,479.75
2019-10-09 11:00:00+00:00,669.0,458.25
2019-10-09 12:00:00+00:00,727.75,564.0
2019-10-09 13:00:00+00:00,679.25,558.75
2019-10-09 14:00:00+00:00,706.5,530.5
2019-10-09 15:00:00+00:00,667.75,485.5
2019-10-09 16:00:00+00:00,579.25,488.25
2019-10-09 17:00:00+00:00,500.5,534.0
2019-10-09 18:00:00+00:00,586.0,375.75
2019-10-09 19:00:00+00:00,707.0,422.5
2019-10-09 20:00:00+00:00,540.75,399.75
2019-10-09 21:00:00+00:00,725.75,365.0
2019-10-09 22:00:00+00:00,529.0,451.0
2019-10-09 23:00:00+00:00,572.25,435.0
2019-10-10 00:00:00+00:00,651.25,558.5
2019-10-10 01:00:00+00:00,612.75,550.25
2019-10-10 02:00:00+00:00,569.25,531.5
2019-10-10 03:00:00+00:00,743.5,569.75
2019-10-10 04:00:00+00:00,781.0,603.75
2019-10-10 05:00:00+00:00,786.75,575.25
2019-10-10 06:00:00+00:00,799.0,603.25
2019-10-10 07:00:00+00:00,809.0,605.5
2019-10-10 08:00:00+00:00,730.0,645.5
2019-10-10 09:00:00+00:00,649.75,660.75
2019-10-10 10:00:00+00:00,812.0,750.5
2019-10-10 11:00:00+00:00,810.75,720.25
2019-10-10 12:00:00+00:00,814.0,793.75
2019-10-10 13:00:00+00:00,810.25,760.0
2019-10-10 14:00:00+00:00,805.5,733.75
2019-10-10 15:00:00+00:00,808.5,715.25
2019-10-10 16:00:00+00:00,809.5,674.25
2019-10-10 17:00:00+00:00,804.5,702.0
2019-10-10 18:00:00+00:00,808.75,730.0
2019-10-10 19:00:00+00:00,812.0,746.5
2019-10-10 20:00:00+00:00,809.75,797.5
2019-10-10 21:00:00+00:00,811.75,847.25
2019-10-10 22:00:00+00:00,807.75,829.5
2019-10-10 23:00:00+00:00,807.5,839.25
2019-10-11 00:00:00+00:00,805.25,852.0
2019-10-11 01:00:00+00:00,803.5,864.5
2019-10-11 02:00:00+00:00,814.25,881.0
2019-10-11 03:00:00+00:00,807.25,865.5
2019-10-11 04:00:00+00:00,811.5,870.5
2019-10-11 05:00:00+00:00,812.25,854.0
2019-10-11 06:00:00+00:00,791.0,850.0
2019-10-11 07:00:00+00:00,595.75,848.25
2019-10-11 08:00:00+00:00,720.75,846.5
2019-10-11 09:00:00+00:00,773.0,859.75
2019-10-11 10:00:00+00:00,793.75,865.75
2019-10-11 11:00:00+00:00,810.25,881.25
2019-10-11 12:00:00+00:00,810.5,890.75
2019-10-11 13:00:00+00:00,809.75,883.25
2019-10-11 14:00:00+00:00,806.75,896.75
2019-10-11 15:00:00+00:00,806.75,895.75
2019-10-11 16:00:00+00:00,810.25,890.0
2019-10-11 17:00:00+00:00,810.0,884.5
2019-10-11 18:00:00+00:00,808.5,907.75
2019-10-11 19:00:00+00:00,808.5,906.25
2019-10-11 20:00:00+00:00,794.0,909.75
2019-10-11 21:00:00+00:00,778.75,907.0
2019-10-11 22:00:00+00:00,736.5,875.75
2019-10-11 23:00:00+00:00,695.0,853.25
2019-10-12 00:00:00+00:00,691.5,644.25
2019-10-12 01:00:00+00:00,690.5,482.75
2019-10-12 02:00:00+00:00,655.5,262.5
2019-10-12 03:00:00+00:00,611.25,154.0
2019-10-12 04:00:00+00:00,602.25,151.5
2019-10-12 05:00:00+00:00,625.75,143.75
2019-10-12 06:00:00+00:00,601.5,108.0
2019-10-12 07:00:00+00:00,613.0,84.0
2019-10-12 08:00:00+00:00,612.0,116.25
2019-10-12 09:00:00+00:00,615.0,200.0
2019-10-12 10:00:00+00:00,624.0,250.0
2019-10-12 11:00:00+00:00,591.5,237.5
2019-10-12 12:00:00+00:00,554.5,178.25
2019-10-12 13:00:00+00:00,502.25,117.0
2019-10-12 14:00:00+00:00,417.75,83.25
2019-10-12 15:00:00+00:00,352.25,63.0
2019-10-12 16:00:00+00:00,289.5,39.75
2019-10-12 17:00:00+00:00,246.5,38.0
2019-10-12 18:00:00+00:00,233.5,33.5
2019-10-12 19:00:00+00:00,201.75,43.75
2019-10-12 20:00:00+00:00,244.25,44.5
2019-10-12 21:00:00+00:00,164.25,45.75
2019-10-12 22:00:00+00:00,323.0,60.75
2019-10-12 23:00:00+00:00,333.75,79.75
2019-10-13 00:00:00+00:00,349.0,107.75
2019-10-13 01:00:00+00:00,296.5,140.5
2019-10-13 02:00:00+00:00,211.25,139.25
2019-10-13 03:00:00+00:00,167.5,170.25
2019-10-13 04:00:00+00:00,105.5,205.0
2019-10-13 05:00:00+00:00,128.5,230.75
2019-10-13 06:00:00+00:00,231.0,313.25
2019-10-13 07:00:00+00:00,307.5,341.75
2019-10-13 08:00:00+00:00,326.5,392.0
2019-10-13 09:00:00+00:00,431.75,384.25
2019-10-13 10:00:00+00:00,464.0,374.5
2019-10-13 11:00:00+00:00,515.25,481.0
2019-10-13 12:00:00+00:00,505.75,470.75
2019-10-13 13:00:00+00:00,650.5,497.5
2019-10-13 14:00:00+00:00,698.25,670.75
2019-10-13 15:00:00+00:00,769.75,770.25
2019-10-13 16:00:00+00:00,796.75,788.0
2019-10-13 17:00:00+00:00,810.0,828.5
2019-10-13 18:00:00+00:00,802.0,814.25
2019-10-13 19:00:00+00:00,806.25,823.75
2019-10-13 20:00:00+00:00,809.0,775.75
2019-10-13 21:00:00+00:00,798.25,722.0
2019-10-13 22:00:00+00:00,807.25,665.25
2019-10-13 23:00:00+00:00,788.75,567.5
2019-10-14 00:00:00+00:00,724.75,430.25
2019-10-14 01:00:00+00:00,649.75,321.25
2019-10-14 02:00:00+00:00,546.25,185.0
2019-10-14 03:00:00+00:00,285.25,114.25
2019-10-14 04:00:00+00:00,119.25,71.75
2019-10-14 05:00:00+00:00,171.25,52.25
2019-10-14 06:00:00+00:00,100.25,44.75
2019-10-14 07:00:00+00:00,31.0,43.5
2019-10-14 08:00:00+00:00,28.75,49.75
2019-10-14 09:00:00+00:00,12.5,80.25
2019-10-14 10:00:00+00:00,15.0,114.25
2019-10-14 11:00:00+00:00,56.75,144.0
2019-10-14 12:00:00+00:00,108.5,190.25
2019-10-14 13:00:00+00:00,131.75,239.0
2019-10-14 14:00:00+00:00,188.0,293.25
2019-10-14 15:00:00+00:00,367.25,324.0
2019-10-14 16:00:00+00:00,617.75,365.25
2019-10-14 17:00:00+00:00,731.75,379.5
2019-10-14 18:00:00+00:00,749.5,459.25
2019-10-14 19:00:00+00:00,734.25,468.25
2019-10-14 20:00:00+00:00,709.75,414.25
2019-10-14 21:00:00+00:00,610.75,353.5
2019-10-14 22:00:00+00:00,592.25,334.25
2019-10-14 23:00:00+00:00,539.25,515.0
2019-10-15 00:00:00+00:00,648.5,483.75
2019-10-15 01:00:00+00:00,613.0,492.5
2019-10-15 02:00:00+00:00,577.0,414.75
2019-10-15 03:00:00+00:00,576.75,459.5
2019-10-15 04:00:00+00:00,629.0,372.0
2019-10-15 05:00:00+00:00,467.75,370.5
2019-10-15 06:00:00+00:00,406.25,338.75
2019-10-15 07:00:00+00:00,510.25,282.5
2019-10-15 08:00:00+00:00,451.0,222.0
2019-10-15 09:00:00+00:00,472.0,174.5
2019-10-15 10:00:00+00:00,475.25,127.5
2019-10-15 11:00:00+00:00,442.0,143.5
2019-10-15 12:00:00+00:00,529.25,134.75
2019-10-15 13:00:00+00:00,446.75,94.75
2019-10-15 14:00:00+00:00,347.0,112.5
2019-10-15 15:00:00+00:00,348.75,132.25
2019-10-15 16:00:00+00:00,260.25,192.5
2019-10-15 17:00:00+00:00,221.0,155.0
2019-10-15 18:00:00+00:00,152.0,156.25
2019-10-15 19:00:00+00:00,112.75,205.75
2019-10-15 20:00:00+00:00,113.5,201.25
2019-10-15 21:00:00+00:00,111.75,217.5
2019-10-15 22:00:00+00:00,115.0,277.0
2019-10-15 23:00:00+00:00,110.25,238.75
2019-10-16 00:00:00+00:00,146.5,256.75
2019-10-16 01:00:00+00:00,191.5,222.0
2019-10-16 02:00:00+00:00,172.0,203.25
2019-10-16 03:00:00+00:00,172.25,241.75
2019-10-16 04:00:00+00:00,143.0,305.5
2019-10-16 05:00:00+00:00,201.25,286.25
2019-10-16 06:00:00+00:00,333.75,305.5
2019-10-16 07:00:00+00:00,465.0,358.25
2019-10-16 08:00:00+00:00,497.25,293.5
2019-10-16 09:00:00+00:00,597.75,309.5
2019-10-16 10:00:00+00:00,575.5,365.25
2019-10-16 11:00:00+00:00,441.5,372.75
2019-10-16 12:00:00+00:00,418.75,384.75
2019-10-16 13:00:00+00:00,490.75,374.75
2019-10-16 14:00:00+00:00,428.5,367.5
2019-10-16 15:00:00+00:00,573.25,380.75
2019-10-16 16:00:00+00:00,622.25,404.0
2019-10-16 17:00:00+00:00,614.75,512.5
2019-10-16 18:00:00+00:00,653.0,576.5
2019-10-16 19:00:00+00:00,624.0,574.25
2019-10-16 20:00:00+00:00,590.25,535.75
2019-10-16 21:00:00+00:00,524.75,507.25
2019-10-16 22:00:00+00:00,306.5,481.5
2019-10-16 23:00:00+00:00,149.75,427.75
2019-10-17 00:00:00+00:00,139.25,356.0
2019-10-17 01:00:00+00:00,143.0,218.25
2019-10-17 02:00:00+00:00,144.5,140.25
2019-10-17 03:00:00+00:00,125.75,96.75
2019-10-17 04:00:00+00:00,159.0,87.0
2019-10-17 05:00:00+00:00,163.0,76.25
2019-10-17 06:00:00+00:00,174.25,107.0
2019-10-17 07:00:00+00:00,199.0,118.75
2019-10-17 08:00:00+00:00,264.25,124.25
2019-10-17 09:00:00+00:00,303.75,151.75
2019-10-17 10:00:00+00:00,270.0,131.5
2019-10-17 11:00:00+00:00,242.5,135.5
2019-10-17 12:00:00+00:00,266.0,143.5
2019-10-17 13:00:00+00:00,192.25,151.25
2019-10-17 14:00:00+00:00,250.75,112.0
2019-10-17 15:00:00+00:00,224.5,104.0
2019-10-17 16:00:00+00:00,366.5,129.25
2019-10-17 17:00:00+00:00,481.5,151.25
2019-10-17 18:00:00+00:00,501.25,189.0
2019-10-17 19:00:00+00:00,553.25,236.25
2019-10-17 20:00:00+00:00,552.25,258.25
2019-10-17 21:00:00+00:00,416.0,266.5
2019-10-17 22:00:00+00:00,427.5,294.5
2019-10-17 23:00:00+00:00,486.5,298.0
2019-10-18 00:00:00+00:00,528.75,308.5
2019-10-18 01:00:00+00:00,675.25,326.25
2019-10-18 02:00:00+00:00,547.75,344.25
2019-10-18 03:00:00+00:00,628.75,357.75
2019-10-18 04:00:00+00:00,676.5,403.5
2019-10-18 05:00:00+00:00,741.75,469.25
2019-10-18 06:00:00+00:00,730.0,497.5
2019-10-18 07:00:00+00:00,717.25,507.25
2019-10-18 08:00:00+00:00,748.75,605.0
2019-10-18 09:00:00+00:00,747.25,682.25
2019-10-18 10:00:00+00:00,736.25,783.25
2019-10-18 11:00:00+00:00,761.25,828.25
2019-10-18 12:00:00+00:00,771.25,849.0
2019-10-18 13:00:00+00:00,774.0,888.25
2019-10-18 14:00:00+00:00,773.75,886.75
2019-10-18 15:00:00+00:00,773.25,800.5
2019-10-18 16:00:00+00:00,777.0,819.5
2019-10-18 17:00:00+00:00,777.0,838.75
2019-10-18 18:00:00+00:00,771.75,856.5
2019-10-18 19:00:00+00:00,766.25,815.25
2019-10-18 20:00:00+00:00,771.5,800.75
2019-10-18 21:00:00+00:00,774.75,741.5
2019-10-18 22:00:00+00:00,772.5,769.25
2019-10-18 23:00:00+00:00,759.0,754.0
2019-10-19 00:00:00+00:00,770.25,687.5
2019-10-19 01:00:00+00:00,773.0,663.25
2019-10-19 02:00:00+00:00,773.5,632.0
2019-10-19 03:00:00+00:00,769.75,634.5
2019-10-19 04:00:00+00:00,756.0,611.5
2019-10-19 05:00:00+00:00,695.75,535.75
2019-10-19 06:00:00+00:00,675.75,520.25
2019-10-19 07:00:00+00:00,686.75,495.0
2019-10-19 08:00:00+00:00,725.25,426.0
2019-10-19 09:00:00+00:00,724.0,356.5
2019-10-19 10:00:00+00:00,735.25,300.5
2019-10-19 11:00:00+00:00,739.75,323.0
2019-10-19 12:00:00+00:00,735.0,350.0
2019-10-19 13:00:00+00:00,745.5,403.25
2019-10-19 14:00:00+00:00,746.0,345.5
2019-10-19 15:00:00+00:00,731.75,315.75
2019-10-19 16:00:00+00:00,539.25,327.0
2019-10-19 17:00:00+00:00,753.5,276.75
2019-10-19 18:00:00+00:00,708.25,313.0
2019-10-19 19:00:00+00:00,607.0,370.5
2019-10-19 20:00:00+00:00,632.25,379.75
2019-10-19 21:00:00+00:00,425.0,345.0
2019-10-19 22:00:00+00:00,488.75,315.0
2019-10-19 23:00:00+00:00,407.75,286.75
2019-10-20 00:00:00+00:00,418.25,256.5
2019-10-20 01:00:00+00:00,386.75,189.0
2019-10-20 02:00:00+00:00,294.5,143.0
2019-10-20 03:00:00+00:00,241.75,110.0
2019-10-20 04:00:00+00:00,225.0,86.0
2019-10-20 05:00:00+00:00,238.75,83.75
2019-10-20 06:00:00+00:00,200.5,62.5
2019-10-20 07:00:00+00:00,170.25,40.75
2019-10-20 08:00:00+00:00,143.75,24.25
2019-10-20 09:00:00+00:00,128.75,21.75
2019-10-20 10:00:00+00:00,84.5,22.25
2019-10-20 11:00:00+00:00,36.0,26.5
2019-10-20 12:00:00+00:00,12.5,26.5
2019-10-20 13:00:00+00:00,1.25,28.25
2019-10-20 14:00:00+00:00,2.0,39.5
2019-10-20 15:00:00+00:00,9.0,42.0
2019-10-20 16:00:00+00:00,5.0,48.5
2019-10-20 17:00:00+00:00,7.5,54.0
2019-10-20 18:00:00+00:00,22.0,69.25
2019-10-20 19:00:00+00:00,63.0,100.75
2019-10-20 20:00:00+00:00,117.75,142.75
2019-10-20 21:00:00+00:00,174.75,236.25
2019-10-20 22:00:00+00:00,223.25,248.75
2019-10-20 23:00:00+00:00,261.0,226.25
2019-10-21 00:00:00+00:00,286.75,319.25
2019-10-21 01:00:00+00:00,341.75,359.5
2019-10-21 02:00:00+00:00,353.5,396.5
2019-10-21 03:00:00+00:00,378.5,372.5
2019-10-21 04:00:00+00:00,410.0,429.0
2019-10-21 05:00:00+00:00,490.0,441.75
2019-10-21 06:00:00+00:00,576.5,406.0
2019-10-21 07:00:00+00:00,600.75,286.75
2019-10-21 08:00:00+00:00,571.5,162.25
2019-10-21 09:00:00+00:00,515.25,80.75
2019-10-21 10:00:00+00:00,486.0,74.25
2019-10-21 11:00:00+00:00,351.25,126.5
2019-10-21 12:00:00+00:00,216.25,247.0
2019-10-21 13:00:00+00:00,77.5,217.0
2019-10-21 14:00:00+00:00,61.0,222.25
2019-10-21 15:00:00+00:00,31.0,192.0
2019-10-21 16:00:00+00:00,32.75,135.75
2019-10-21 17:00:00+00:00,60.25,152.0
2019-10-21 18:00:00+00:00,60.5,205.5
2019-10-21 19:00:00+00:00,101.75,209.5
2019-10-21 20:00:00+00:00,130.75,186.5
2019-10-21 21:00:00+00:00,151.75,173.75
2019-10-21 22:00:00+00:00,157.25,172.0
2019-10-21 23:00:00+00:00,153.25,162.0
2019-10-22 00:00:00+00:00,134.0,164.5
2019-10-22 01:00:00+00:00,124.75,177.75
2019-10-22 02:00:00+00:00,168.75,203.0
2019-10-22 03:00:00+00:00,39.5,180.25
2019-10-22 04:00:00+00:00,19.75,172.0
2019-10-22 05:00:00+00:00,22.5,148.5
2019-10-22 06:00:00+00:00,40.0,158.25
2019-10-22 07:00:00+00:00,74.75,138.75
2019-10-22 08:00:00+00:00,76.5,119.25
2019-10-22 09:00:00+00:00,119.0,97.75
2019-10-22 10:00:00+00:00,157.25,73.75
2019-10-22 11:00:00+00:00,206.5,61.5
2019-10-22 12:00:00+00:00,249.5,41.75
2019-10-22 13:00:00+00:00,315.0,36.0
2019-10-22 14:00:00+00:00,380.75,57.75
2019-10-22 15:00:00+00:00,354.25,44.25
2019-10-22 16:00:00+00:00,286.5,29.0
2019-10-22 17:00:00+00:00,308.0,24.0
2019-10-22 18:00:00+00:00,310.25,24.25
2019-10-22 19:00:00+00:00,356.75,24.5
2019-10-22 20:00:00+00:00,339.25,25.75
2019-10-22 21:00:00+00:00,309.5,26.5
2019-10-22 22:00:00+00:00,291.0,28.75
2019-10-22 23:00:00+00:00,242.5,28.5
2019-10-23 00:00:00+00:00,164.25,26.5
2019-10-23 01:00:00+00:00,257.25,26.0
2019-10-23 02:00:00+00:00,260.25,28.75
2019-10-23 03:00:00+00:00,228.75,35.75
2019-10-23 04:00:00+00:00,212.75,46.25
2019-10-23 05:00:00+00:00,154.75,55.75
2019-10-23 06:00:00+00:00,133.25,87.75
2019-10-23 07:00:00+00:00,81.75,113.0
2019-10-23 08:00:00+00:00,157.75,141.5
2019-10-23 09:00:00+00:00,103.25,115.75
2019-10-23 10:00:00+00:00,63.0,94.75
2019-10-23 11:00:00+00:00,45.0,79.0
2019-10-23 12:00:00+00:00,47.75,96.5
2019-10-23 13:00:00+00:00,77.5,106.0
2019-10-23 14:00:00+00:00,111.5,153.5
2019-10-23 15:00:00+00:00,139.5,165.5
2019-10-23 16:00:00+00:00,185.75,191.25
2019-10-23 17:00:00+00:00,206.25,209.75
2019-10-23 18:00:00+00:00,252.5,202.25
2019-10-23 19:00:00+00:00,245.0,198.75
2019-10-23 20:00:00+00:00,178.0,132.0
2019-10-23 21:00:00+00:00,82.25,161.5
2019-10-23 22:00:00+00:00,128.0,137.75
2019-10-23 23:00:00+00:00,113.25,121.75
2019-10-24 00:00:00+00:00,98.75,135.5
2019-10-24 01:00:00+00:00,97.5,141.25
2019-10-24 02:00:00+00:00,125.75,155.25
2019-10-24 03:00:00+00:00,229.5,167.0
2019-10-24 04:00:00+00:00,183.5,189.25
2019-10-24 05:00:00+00:00,143.25,187.0
2019-10-24 06:00:00+00:00,153.25,217.5
2019-10-24 07:00:00+00:00,177.25,226.0
2019-10-24 08:00:00+00:00,164.75,260.75
2019-10-24 09:00:00+00:00,241.25,217.5
2019-10-24 10:00:00+00:00,486.25,315.0
2019-10-24 11:00:00+00:00,398.75,309.75
2019-10-24 12:00:00+00:00,412.25,354.5
2019-10-24 13:00:00+00:00,539.25,386.0
2019-10-24 14:00:00+00:00,590.0,458.5
2019-10-24 15:00:00+00:00,697.5,547.0
2019-10-24 16:00:00+00:00,772.75,699.5
2019-10-24 17:00:00+00:00,792.0,748.25
2019-10-24 18:00:00+00:00,800.25,703.5
2019-10-24 19:00:00+00:00,795.0,694.5
2019-10-24 20:00:00+00:00,793.5,653.5
2019-10-24 21:00:00+00:00,771.25,634.75
2019-10-24 22:00:00+00:00,744.5,566.5
2019-10-24 23:00:00+00:00,752.75,537.0
2019-10-25 00:00:00+00:00,752.0,543.0
2019-10-25 01:00:00+00:00,739.75,498.75
2019-10-25 02:00:00+00:00,755.0,518.5
2019-10-25 03:00:00+00:00,754.25,595.25
2019-10-25 04:00:00+00:00,783.25,595.5
2019-10-25 05:00:00+00:00,777.75,590.25
2019-10-25 06:00:00+00:00,734.0,602.75
2019-10-25 07:00:00+00:00,719.25,603.0
2019-10-25 08:00:00+00:00,738.0,556.25
2019-10-25 09:00:00+00:00,720.5,597.0
2019-10-25 10:00:00+00:00,668.25,650.75
2019-10-25 11:00:00+00:00,510.25,641.75
2019-10-25 12:00:00+00:00,536.5,585.25
2019-10-25 13:00:00+00:00,616.25,555.0
2019-10-25 14:00:00+00:00,746.75,545.0
2019-10-25 15:00:00+00:00,795.25,594.75
2019-10-25 16:00:00+00:00,805.25,670.0
2019-10-25 17:00:00+00:00,798.5,805.0
2019-10-25 18:00:00+00:00,805.25,890.25
2019-10-25 19:00:00+00:00,802.5,883.0
2019-10-25 20:00:00+00:00,802.25,902.75
2019-10-25 21:00:00+00:00,791.0,906.0
2019-10-25 22:00:00+00:00,769.5,912.25
2019-10-25 23:00:00+00:00,740.75,911.0
2019-10-26 00:00:00+00:00,715.0,906.0
2019-10-26 01:00:00+00:00,733.0,896.5
2019-10-26 02:00:00+00:00,742.5,886.75
2019-10-26 03:00:00+00:00,756.25,885.25
2019-10-26 04:00:00+00:00,787.75,888.25
2019-10-26 05:00:00+00:00,799.5,874.0
2019-10-26 06:00:00+00:00,804.0,889.5
2019-10-26 07:00:00+00:00,802.75,882.75
2019-10-26 08:00:00+00:00,802.25,871.25
2019-10-26 09:00:00+00:00,801.25,873.25
2019-10-26 10:00:00+00:00,800.25,859.75
2019-10-26 11:00:00+00:00,801.25,852.0
2019-10-26 12:00:00+00:00,801.75,829.75
2019-10-26 13:00:00+00:00,806.0,812.25
2019-10-26 14:00:00+00:00,803.5,823.75
2019-10-26 15:00:00+00:00,800.5,812.75
2019-10-26 16:00:00+00:00,801.5,797.25
2019-10-26 17:00:00+00:00,802.0,822.25
2019-10-26 18:00:00+00:00,802.5,825.5
2019-10-26 19:00:00+00:00,804.75,805.5
2019-10-26 20:00:00+00:00,751.0,859.0
2019-10-26 21:00:00+00:00,747.75,872.25
2019-10-26 22:00:00+00:00,792.0,777.5
2019-10-26 23:00:00+00:00,788.5,698.25
2019-10-27 00:00:00+00:00,779.25,577.0
2019-10-27 01:00:00+00:00,766.5,606.75
2019-10-27 02:00:00+00:00,774.5,604.5
2019-10-27 03:00:00+00:00,784.25,614.0
2019-10-27 04:00:00+00:00,769.25,603.0
2019-10-27 05:00:00+00:00,747.5,493.0
2019-10-27 06:00:00+00:00,725.0,399.75
2019-10-27 07:00:00+00:00,738.25,306.25
2019-10-27 08:00:00+00:00,757.0,320.5
2019-10-27 09:00:00+00:00,707.5,358.25
2019-10-27 10:00:00+00:00,684.25,357.5
2019-10-27 11:00:00+00:00,679.0,365.0
2019-10-27 12:00:00+00:00,681.75,402.25
2019-10-27 13:00:00+00:00,687.0,434.0
2019-10-27 14:00:00+00:00,666.25,419.75
2019-10-27 15:00:00+00:00,672.75,374.75
2019-10-27 16:00:00+00:00,683.5,343.5
2019-10-27 17:00:00+00:00,696.0,338.25
2019-10-27 18:00:00+00:00,695.75,334.0
2019-10-27 19:00:00+00:00,710.5,324.25
2019-10-27 20:00:00+00:00,706.5,359.25
2019-10-27 21:00:00+00:00,697.25,330.75
2019-10-27 22:00:00+00:00,679.75,300.5
2019-10-27 23:00:00+00:00,655.75,288.25
2019-10-28 00:00:00+00:00,642.0,263.5
2019-10-28 01:00:00+00:00,636.75,228.0
2019-10-28 02:00:00+00:00,640.25,200.0
2019-10-28 03:00:00+00:00,532.25,219.0
2019-10-28 04:00:00+00:00,561.5,180.5
2019-10-28 05:00:00+00:00,545.5,118.5
2019-10-28 06:00:00+00:00,526.75,149.5
2019-10-28 07:00:00+00:00,596.5,96.25
2019-10-28 08:00:00+00:00,535.5,102.5
2019-10-28 09:00:00+00:00,354.25,72.25
2019-10-28 10:00:00+00:00,378.25,106.25
2019-10-28 11:00:00+00:00,260.75,82.0
2019-10-28 12:00:00+00:00,211.0,111.25
2019-10-28 13:00:00+00:00,101.5,106.75
2019-10-28 14:00:00+00:00,154.25,98.5
2019-10-28 15:00:00+00:00,156.25,108.75
2019-10-28 16:00:00+00:00,176.25,96.75
2019-10-28 17:00:00+00:00,221.25,60.5
2019-10-28 18:00:00+00:00,230.75,39.25
2019-10-28 19:00:00+00:00,200.5,36.5
2019-10-28 20:00:00+00:00,128.0,47.0
2019-10-28 21:00:00+00:00,59.0,59.0
2019-10-28 22:00:00+00:00,121.5,38.75
2019-10-28 23:00:00+00:00,120.75,39.25
2019-10-29 00:00:00+00:00,84.75,47.0
2019-10-29 01:00:00+00:00,108.0,87.25
2019-10-29 02:00:00+00:00,97.75,74.75
2019-10-29 03:00:00+00:00,151.75,64.25
2019-10-29 04:00:00+00:00,92.5,74.0
2019-10-29 05:00:00+00:00,188.75,72.5
2019-10-29 06:00:00+00:00,178.25,72.25
2019-10-29 07:00:00+00:00,194.25,71.5
2019-10-29 08:00:00+00:00,163.5,57.75
2019-10-29 09:00:00+00:00,164.5,45.75
2019-10-29 10:00:00+00:00,143.5,57.5
2019-10-29 11:00:00+00:00,104.25,69.5
2019-10-29 12:00:00+00:00,76.25,73.25
2019-10-29 13:00:00+00:00,75.25,81.75
2019-10-29 14:00:00+00:00,70.25,95.75
2019-10-29 15:00:00+00:00,51.0,122.5
2019-10-29 16:00:00+00:00,59.25,163.5
2019-10-29 17:00:00+00:00,92.75,206.5
2019-10-29 18:00:00+00:00,146.5,247.0
2019-10-29 19:00:00+00:00,178.5,315.5
2019-10-29 20:00:00+00:00,204.5,353.5
2019-10-29 21:00:00+00:00,175.75,325.0
2019-10-29 22:00:00+00:00,152.0,341.75
2019-10-29 23:00:00+00:00,173.75,340.5
2019-10-30 00:00:00+00:00,169.5,298.5
2019-10-30 01:00:00+00:00,179.75,241.25
2019-10-30 02:00:00+00:00,171.75,250.5
2019-10-30 03:00:00+00:00,127.5,216.0
2019-10-30 04:00:00+00:00,104.5,214.5
2019-10-30 05:00:00+00:00,97.25,230.0
2019-10-30 06:00:00+00:00,96.0,218.75
2019-10-30 07:00:00+00:00,98.25,198.75
2019-10-30 08:00:00+00:00,108.25,164.75
2019-10-30 09:00:00+00:00,106.75,115.5
2019-10-30 10:00:00+00:00,110.75,103.25
2019-10-30 11:00:00+00:00,91.5,124.25
2019-10-30 12:00:00+00:00,76.0,165.0
2019-10-30 13:00:00+00:00,60.5,174.25
2019-10-30 14:00:00+00:00,70.25,157.5
2019-10-30 15:00:00+00:00,83.75,183.5
2019-10-30 16:00:00+00:00,137.5,243.75
2019-10-30 17:00:00+00:00,218.5,341.0
2019-10-30 18:00:00+00:00,251.5,448.75
2019-10-30 19:00:00+00:00,248.25,480.75
2019-10-30 20:00:00+00:00,269.25,470.0
2019-10-30 21:00:00+00:00,268.5,395.75
2019-10-30 22:00:00+00:00,222.25,325.5
2019-10-30 23:00:00+00:00,183.25,415.75
2019-10-31 00:00:00+00:00,147.5,412.25
2019-10-31 01:00:00+00:00,158.0,406.0
2019-10-31 02:00:00+00:00,135.5,382.5
2019-10-31 03:00:00+00:00,141.75,372.5
2019-10-31 04:00:00+00:00,145.25,354.5
2019-10-31 05:00:00+00:00,139.25,355.5
2019-10-31 06:00:00+00:00,123.5,359.25
2019-10-31 07:00:00+00:00,127.75,328.5
2019-10-31 08:00:00+00:00,191.25,265.0
2019-10-31 09:00:00+00:00,187.25,175.75
2019-10-31 10:00:00+00:00,185.5,152.5
2019-10-31 11:00:00+00:00,184.5,170.0
2019-10-31 12:00:00+00:00,146.5,196.75
2019-10-31 13:00:00+00:00,140.75,203.5
2019-10-31 14:00:00+00:00,150.75,202.0
2019-10-31 15:00:00+00:00,170.5,226.25
2019-10-31 16:00:00+00:00,210.5,323.0
2019-10-31 17:00:00+00:00,343.25,408.25
2019-10-31 18:00:00+00:00,417.5,543.25
2019-10-31 19:00:00+00:00,533.0,602.25
2019-10-31 20:00:00+00:00,617.5,499.25
2019-10-31 21:00:00+00:00,636.75,440.5
2019-10-31 22:00:00+00:00,569.0,402.0
2019-10-31 23:00:00+00:00,469.0,324.25
2019-11-01 00:00:00+00:00,364.75,352.5
2019-11-01 01:00:00+00:00,284.5,343.5
2019-11-01 02:00:00+00:00,241.0,335.0
2019-11-01 03:00:00+00:00,259.25,344.5
2019-11-01 04:00:00+00:00,306.5,351.25
2019-11-01 05:00:00+00:00,399.25,370.25
2019-11-01 06:00:00+00:00,403.5,378.25
2019-11-01 07:00:00+00:00,389.75,378.0
2019-11-01 08:00:00+00:00,369.75,374.5
2019-11-01 09:00:00+00:00,340.0,411.25
2019-11-01 10:00:00+00:00,388.0,419.75
2019-11-01 11:00:00+00:00,382.0,442.5
2019-11-01 12:00:00+00:00,383.0,478.5
2019-11-01 13:00:00+00:00,404.25,568.25
2019-11-01 14:00:00+00:00,453.75,610.5
2019-11-01 15:00:00+00:00,449.5,622.0
2019-11-01 16:00:00+00:00,471.25,620.5
2019-11-01 17:00:00+00:00,569.75,633.0
2019-11-01 18:00:00+00:00,668.25,657.5
2019-11-01 19:00:00+00:00,716.5,633.5
2019-11-01 20:00:00+00:00,661.25,619.5
2019-11-01 21:00:00+00:00,627.0,639.5
2019-11-01 22:00:00+00:00,500.75,699.75
2019-11-01 23:00:00+00:00,494.25,711.0
2019-11-02 00:00:00+00:00,613.5,692.25
2019-11-02 01:00:00+00:00,667.5,724.75
2019-11-02 02:00:00+00:00,667.5,732.0
2019-11-02 03:00:00+00:00,622.5,820.0
2019-11-02 04:00:00+00:00,672.25,920.75
2019-11-02 05:00:00+00:00,714.5,1083.25
2019-11-02 06:00:00+00:00,764.5,1158.5
2019-11-02 07:00:00+00:00,781.25,1111.0
2019-11-02 08:00:00+00:00,774.25,1166.75
2019-11-02 09:00:00+00:00,722.25,1098.25
2019-11-02 10:00:00+00:00,762.75,1142.5
2019-11-02 11:00:00+00:00,773.75,964.5
2019-11-02 12:00:00+00:00,770.5,1108.75
2019-11-02 13:00:00+00:00,778.5,1189.75
2019-11-02 14:00:00+00:00,784.75,1178.5
2019-11-02 15:00:00+00:00,787.5,1196.25
2019-11-02 16:00:00+00:00,789.0,1327.25
2019-11-02 17:00:00+00:00,770.25,1449.5
2019-11-02 18:00:00+00:00,715.75,1503.0
2019-11-02 19:00:00+00:00,720.75,1493.25
2019-11-02 20:00:00+00:00,769.75,1473.5
2019-11-02 21:00:00+00:00,800.0,1422.5
2019-11-02 22:00:00+00:00,799.0,1290.75
2019-11-02 23:00:00+00:00,799.0,1142.25
2019-11-03 00:00:00+00:00,798.25,1065.5
2019-11-03 01:00:00+00:00,790.5,964.75
2019-11-03 02:00:00+00:00,795.25,845.0
2019-11-03 03:00:00+00:00,794.5,731.5
2019-11-03 04:00:00+00:00,794.0,617.75
2019-11-03 05:00:00+00:00,783.5,506.0
2019-11-03 06:00:00+00:00,773.0,434.75
2019-11-03 07:00:00+00:00,661.25,323.0
2019-11-03 08:00:00+00:00,562.0,223.25
2019-11-03 09:00:00+00:00,497.75,144.75
2019-11-03 10:00:00+00:00,246.0,90.25
2019-11-03 11:00:00+00:00,201.5,63.25
2019-11-03 12:00:00+00:00,188.0,53.75
2019-11-03 13:00:00+00:00,86.0,60.0
2019-11-03 14:00:00+00:00,49.5,60.5
2019-11-03 15:00:00+00:00,57.0,60.75
2019-11-03 16:00:00+00:00,76.0,59.25
2019-11-03 17:00:00+00:00,100.0,57.5
2019-11-03 18:00:00+00:00,107.0,84.5
2019-11-03 19:00:00+00:00,70.0,104.75
2019-11-03 20:00:00+00:00,73.75,105.5
2019-11-03 21:00:00+00:00,45.5,155.25
2019-11-03 22:00:00+00:00,62.0,207.25
2019-11-03 23:00:00+00:00,82.25,266.0
2019-11-04 00:00:00+00:00,91.25,323.0
2019-11-04 01:00:00+00:00,107.75,374.75
2019-11-04 02:00:00+00:00,88.25,368.25
2019-11-04 03:00:00+00:00,120.75,431.25
2019-11-04 04:00:00+00:00,224.75,460.75
2019-11-04 05:00:00+00:00,293.0,493.5
2019-11-04 06:00:00+00:00,248.5,393.25
2019-11-04 07:00:00+00:00,302.0,351.25
2019-11-04 08:00:00+00:00,289.75,340.0
2019-11-04 09:00:00+00:00,273.5,361.0
2019-11-04 10:00:00+00:00,270.25,336.0
2019-11-04 11:00:00+00:00,212.75,286.5
2019-11-04 12:00:00+00:00,207.75,245.25
2019-11-04 13:00:00+00:00,220.0,209.75
2019-11-04 14:00:00+00:00,214.5,182.0
2019-11-04 15:00:00+00:00,231.0,168.25
2019-11-04 16:00:00+00:00,160.5,159.25
2019-11-04 17:00:00+00:00,89.5,205.5
2019-11-04 18:00:00+00:00,75.5,213.75
2019-11-04 19:00:00+00:00,82.5,192.75
2019-11-04 20:00:00+00:00,85.0,200.25
2019-11-04 21:00:00+00:00,88.5,177.5
2019-11-04 22:00:00+00:00,81.0,180.25
2019-11-04 23:00:00+00:00,60.75,180.0
2019-11-05 00:00:00+00:00,67.25,198.75
2019-11-05 01:00:00+00:00,64.5,195.0
2019-11-05 02:00:00+00:00,41.5,205.5
2019-11-05 03:00:00+00:00,25.75,207.25
2019-11-05 04:00:00+00:00,24.25,171.0
2019-11-05 05:00:00+00:00,22.75,161.75
2019-11-05 06:00:00+00:00,18.75,162.0
2019-11-05 07:00:00+00:00,43.5,144.0
2019-11-05 08:00:00+00:00,94.75,116.5
2019-11-05 09:00:00+00:00,131.75,96.5
2019-11-05 10:00:00+00:00,272.0,69.5
2019-11-05 11:00:00+00:00,338.75,54.75
2019-11-05 12:00:00+00:00,290.5,46.5
2019-11-05 13:00:00+00:00,198.75,41.75
2019-11-05 14:00:00+00:00,207.25,40.0
2019-11-05 15:00:00+00:00,281.75,40.5
2019-11-05 16:00:00+00:00,292.75,49.25
2019-11-05 17:00:00+00:00,353.5,78.0
2019-11-05 18:00:00+00:00,449.25,96.0
2019-11-05 19:00:00+00:00,380.5,103.0
2019-11-05 20:00:00+00:00,381.75,106.75
2019-11-05 21:00:00+00:00,401.5,120.5
2019-11-05 22:00:00+00:00,375.75,122.5
2019-11-05 23:00:00+00:00,323.0,139.75
2019-11-06 00:00:00+00:00,248.75,122.75
2019-11-06 01:00:00+00:00,196.25,137.0
2019-11-06 02:00:00+00:00,196.0,147.25
2019-11-06 03:00:00+00:00,253.0,149.75
2019-11-06 04:00:00+00:00,251.0,134.5
2019-11-06 05:00:00+00:00,239.75,95.5
2019-11-06 06:00:00+00:00,251.25,109.25
2019-11-06 07:00:00+00:00,250.5,100.75
2019-11-06 08:00:00+00:00,220.5,89.5
2019-11-06 09:00:00+00:00,162.75,62.75
2019-11-06 10:00:00+00:00,135.25,55.75
2019-11-06 11:00:00+00:00,77.75,54.5
2019-11-06 12:00:00+00:00,78.25,40.5
2019-11-06 13:00:00+00:00,42.0,48.25
2019-11-06 14:00:00+00:00,28.5,46.0
2019-11-06 15:00:00+00:00,5.5,42.25
2019-11-06 16:00:00+00:00,5.0,37.75
2019-11-06 17:00:00+00:00,2.75,39.0
2019-11-06 18:00:00+00:00,1.0,47.5
2019-11-06 19:00:00+00:00,8.75,39.0
2019-11-06 20:00:00+00:00,28.0,48.25
2019-11-06 21:00:00+00:00,49.5,77.5
2019-11-06 22:00:00+00:00,76.75,128.0
2019-11-06 23:00:00+00:00,83.5,179.0
2019-11-07 00:00:00+00:00,62.75,217.5
2019-11-07 01:00:00+00:00,69.5,260.0
2019-11-07 02:00:00+00:00,93.0,260.5
2019-11-07 03:00:00+00:00,107.0,263.25
2019-11-07 04:00:00+00:00,146.25,262.25
2019-11-07 05:00:00+00:00,227.25,268.5
2019-11-07 06:00:00+00:00,293.75,336.25
2019-11-07 07:00:00+00:00,348.5,410.75
2019-11-07 08:00:00+00:00,461.0,481.25
2019-11-07 09:00:00+00:00,582.75,524.0
2019-11-07 10:00:00+00:00,681.75,496.75
2019-11-07 11:00:00+00:00,719.5,455.0
2019-11-07 12:00:00+00:00,744.25,461.0
2019-11-07 13:00:00+00:00,739.5,636.25
2019-11-07 14:00:00+00:00,668.5,729.5
2019-11-07 15:00:00+00:00,694.25,904.25
2019-11-07 16:00:00+00:00,710.75,983.5
2019-11-07 17:00:00+00:00,788.5,951.25
2019-11-07 18:00:00+00:00,776.0,1038.5
2019-11-07 19:00:00+00:00,642.0,1024.5
2019-11-07 20:00:00+00:00,639.75,896.0
2019-11-07 21:00:00+00:00,785.75,839.0
2019-11-07 22:00:00+00:00,776.5,753.75
2019-11-07 23:00:00+00:00,759.25,685.25
2019-11-08 00:00:00+00:00,753.5,663.0
2019-11-08 01:00:00+00:00,729.5,615.5
2019-11-08 02:00:00+00:00,743.0,559.25
2019-11-08 03:00:00+00:00,718.0,493.25
2019-11-08 04:00:00+00:00,680.0,499.25
2019-11-08 05:00:00+00:00,652.75,467.75
2019-11-08 06:00:00+00:00,538.75,395.0
2019-11-08 07:00:00+00:00,531.5,333.75
2019-11-08 08:00:00+00:00,532.0,217.0
2019-11-08 09:00:00+00:00,493.75,111.25
2019-11-08 10:00:00+00:00,410.5,65.25
2019-11-08 11:00:00+00:00,413.0,68.25
2019-11-08 12:00:00+00:00,351.25,71.75
2019-11-08 13:00:00+00:00,249.25,94.25
2019-11-08 14:00:00+00:00,201.5,101.0
2019-11-08 15:00:00+00:00,184.5,115.75
2019-11-08 16:00:00+00:00,159.75,164.5
2019-11-08 17:00:00+00:00,157.75,208.25
2019-11-08 18:00:00+00:00,185.0,243.75
2019-11-08 19:00:00+00:00,225.25,307.25
2019-11-08 20:00:00+00:00,238.75,333.75
2019-11-08 21:00:00+00:00,146.75,329.5
2019-11-08 22:00:00+00:00,123.25,331.5
2019-11-08 23:00:00+00:00,129.5,345.5
2019-11-09 00:00:00+00:00,189.0,365.75
2019-11-09 01:00:00+00:00,197.5,371.25
2019-11-09 02:00:00+00:00,238.25,401.25
2019-11-09 03:00:00+00:00,257.25,464.5
2019-11-09 04:00:00+00:00,283.25,552.25
2019-11-09 05:00:00+00:00,289.5,604.75
2019-11-09 06:00:00+00:00,290.5,709.25
2019-11-09 07:00:00+00:00,307.5,769.5
2019-11-09 08:00:00+00:00,378.75,872.75
2019-11-09 09:00:00+00:00,455.75,957.5
2019-11-09 10:00:00+00:00,408.25,1082.75
2019-11-09 11:00:00+00:00,350.25,1165.25
2019-11-09 12:00:00+00:00,338.75,1117.25
2019-11-09 13:00:00+00:00,389.5,1049.5
2019-11-09 14:00:00+00:00,465.75,977.75
2019-11-09 15:00:00+00:00,490.0,897.75
2019-11-09 16:00:00+00:00,446.75,792.0
2019-11-09 17:00:00+00:00,250.25,647.25
2019-11-09 18:00:00+00:00,103.75,625.5
2019-11-09 19:00:00+00:00,63.0,690.5
2019-11-09 20:00:00+00:00,42.0,594.75
2019-11-09 21:00:00+00:00,47.25,569.25
2019-11-09 22:00:00+00:00,60.75,485.0
2019-11-09 23:00:00+00:00,102.75,353.5
2019-11-10 00:00:00+00:00,70.75,319.0
2019-11-10 01:00:00+00:00,27.5,280.75
2019-11-10 02:00:00+00:00,20.0,242.0
2019-11-10 03:00:00+00:00,39.25,211.0
2019-11-10 04:00:00+00:00,76.75,194.0
2019-11-10 05:00:00+00:00,137.75,192.0
2019-11-10 06:00:00+00:00,95.25,201.0
2019-11-10 07:00:00+00:00,98.75,196.0
2019-11-10 08:00:00+00:00,98.75,137.5
2019-11-10 09:00:00+00:00,124.5,103.75
2019-11-10 10:00:00+00:00,135.0,101.0
2019-11-10 11:00:00+00:00,175.5,105.25
2019-11-10 12:00:00+00:00,184.75,103.25
2019-11-10 13:00:00+00:00,215.25,91.0
2019-11-10 14:00:00+00:00,236.75,98.25
2019-11-10 15:00:00+00:00,171.75,88.0
2019-11-10 16:00:00+00:00,178.25,107.0
2019-11-10 17:00:00+00:00,218.5,152.0
2019-11-10 18:00:00+00:00,135.0,184.0
2019-11-10 19:00:00+00:00,96.25,202.25
2019-11-10 20:00:00+00:00,93.5,240.5
2019-11-10 21:00:00+00:00,146.75,288.5
2019-11-10 22:00:00+00:00,203.75,368.5
2019-11-10 23:00:00+00:00,248.25,438.0
2019-11-11 00:00:00+00:00,391.75,528.0
2019-11-11 01:00:00+00:00,469.75,500.25
2019-11-11 02:00:00+00:00,652.25,458.0
2019-11-11 03:00:00+00:00,631.75,506.5
2019-11-11 04:00:00+00:00,667.25,659.25
2019-11-11 05:00:00+00:00,734.75,798.5
2019-11-11 06:00:00+00:00,659.75,940.25
2019-11-11 07:00:00+00:00,634.75,985.25
2019-11-11 08:00:00+00:00,663.0,993.25
2019-11-11 09:00:00+00:00,673.5,1073.5
2019-11-11 10:00:00+00:00,682.25,1107.0
2019-11-11 11:00:00+00:00,684.75,1162.5
2019-11-11 12:00:00+00:00,685.0,1115.0
2019-11-11 13:00:00+00:00,685.25,1020.0
2019-11-11 14:00:00+00:00,679.75,1002.25
2019-11-11 15:00:00+00:00,704.75,1099.25
2019-11-11 16:00:00+00:00,791.5,1191.75
2019-11-11 17:00:00+00:00,771.0,1164.25
2019-11-11 18:00:00+00:00,807.75,1079.5
2019-11-11 19:00:00+00:00,796.75,843.0
2019-11-11 20:00:00+00:00,700.25,921.25
2019-11-11 21:00:00+00:00,754.25,1012.5
2019-11-11 22:00:00+00:00,662.5,999.75
2019-11-11 23:00:00+00:00,753.25,1001.75
2019-11-12 00:00:00+00:00,786.5,1123.25
2019-11-12 01:00:00+00:00,794.0,1182.5
2019-11-12 02:00:00+00:00,806.0,1245.5
2019-11-12 03:00:00+00:00,804.75,1231.5
2019-11-12 04:00:00+00:00,793.75,1184.25
2019-11-12 05:00:00+00:00,764.25,1148.75
2019-11-12 06:00:00+00:00,741.5,1085.5
2019-11-12 07:00:00+00:00,751.25,1006.5
2019-11-12 08:00:00+00:00,760.25,844.25
2019-11-12 09:00:00+00:00,804.25,856.0
2019-11-12 10:00:00+00:00,802.0,806.5
2019-11-12 11:00:00+00:00,805.75,908.0
2019-11-12 12:00:00+00:00,784.5,977.0
2019-11-12 13:00:00+00:00,788.75,957.0
2019-11-12 14:00:00+00:00,795.75,967.75
2019-11-12 15:00:00+00:00,778.75,941.25
2019-11-12 16:00:00+00:00,799.5,1051.5
2019-11-12 17:00:00+00:00,800.0,1173.0
2019-11-12 18:00:00+00:00,798.5,1267.5
2019-11-12 19:00:00+00:00,799.75,1202.75
2019-11-12 20:00:00+00:00,789.75,1198.0
2019-11-12 21:00:00+00:00,788.75,1297.25
2019-11-12 22:00:00+00:00,798.25,1311.75
2019-11-12 23:00:00+00:00,788.75,1213.25
2019-11-13 00:00:00+00:00,796.25,1192.75
2019-11-13 01:00:00+00:00,738.0,1160.0
2019-11-13 02:00:00+00:00,759.25,1106.0
2019-11-13 03:00:00+00:00,743.75,1076.25
2019-11-13 04:00:00+00:00,590.0,1008.0
2019-11-13 05:00:00+00:00,574.75,849.0
2019-11-13 06:00:00+00:00,487.5,822.25
2019-11-13 07:00:00+00:00,466.5,879.5
2019-11-13 08:00:00+00:00,560.5,642.5
2019-11-13 09:00:00+00:00,548.75,522.75
2019-11-13 10:00:00+00:00,520.75,527.5
2019-11-13 11:00:00+00:00,589.75,522.0
2019-11-13 12:00:00+00:00,520.75,643.5
2019-11-13 13:00:00+00:00,443.75,490.5
2019-11-13 14:00:00+00:00,428.75,404.5
2019-11-13 15:00:00+00:00,397.75,357.25
2019-11-13 16:00:00+00:00,368.0,394.5
2019-11-13 17:00:00+00:00,287.75,491.0
2019-11-13 18:00:00+00:00,300.5,433.75
2019-11-13 19:00:00+00:00,294.25,422.5
2019-11-13 20:00:00+00:00,262.0,452.75
2019-11-13 21:00:00+00:00,433.25,517.0
2019-11-13 22:00:00+00:00,336.0,512.0
2019-11-13 23:00:00+00:00,361.25,508.75
2019-11-14 00:00:00+00:00,269.25,507.25
2019-11-14 01:00:00+00:00,285.75,569.5
2019-11-14 02:00:00+00:00,278.0,607.0
2019-11-14 03:00:00+00:00,309.75,647.0
2019-11-14 04:00:00+00:00,275.0,688.5
2019-11-14 05:00:00+00:00,299.0,733.25
2019-11-14 06:00:00+00:00,408.75,791.25
2019-11-14 07:00:00+00:00,356.0,793.5
2019-11-14 08:00:00+00:00,378.75,756.75
2019-11-14 09:00:00+00:00,401.5,688.0
2019-11-14 10:00:00+00:00,424.75,619.0
2019-11-14 11:00:00+00:00,418.5,521.75
2019-11-14 12:00:00+00:00,394.5,400.0
2019-11-14 13:00:00+00:00,304.75,304.25
2019-11-14 14:00:00+00:00,288.5,303.75
2019-11-14 15:00:00+00:00,426.75,260.0
2019-11-14 16:00:00+00:00,570.5,327.5
2019-11-14 17:00:00+00:00,522.0,304.25
2019-11-14 18:00:00+00:00,533.25,262.25
2019-11-14 19:00:00+00:00,516.5,286.5
2019-11-14 20:00:00+00:00,505.0,293.75
2019-11-14 21:00:00+00:00,536.5,321.75
2019-11-14 22:00:00+00:00,464.5,342.75
2019-11-14 23:00:00+00:00,401.0,402.75
2019-11-15 00:00:00+00:00,338.0,451.5
2019-11-15 01:00:00+00:00,454.25,482.75
2019-11-15 02:00:00+00:00,513.75,568.5
2019-11-15 03:00:00+00:00,692.0,668.5
2019-11-15 04:00:00+00:00,757.25,796.5
2019-11-15 05:00:00+00:00,787.75,830.5
2019-11-15 06:00:00+00:00,783.5,860.0
2019-11-15 07:00:00+00:00,797.75,854.75
2019-11-15 08:00:00+00:00,798.5,744.0
2019-11-15 09:00:00+00:00,788.5,577.75
2019-11-15 10:00:00+00:00,776.5,644.75
2019-11-15 11:00:00+00:00,750.25,693.75
2019-11-15 12:00:00+00:00,765.0,676.0
2019-11-15 13:00:00+00:00,767.0,563.25
2019-11-15 14:00:00+00:00,755.5,448.0
2019-11-15 15:00:00+00:00,721.75,426.5
2019-11-15 16:00:00+00:00,626.75,336.0
2019-11-15 17:00:00+00:00,587.0,261.75
2019-11-15 18:00:00+00:00,454.25,223.0
2019-11-15 19:00:00+00:00,257.25,168.75
2019-11-15 20:00:00+00:00,115.0,133.0
2019-11-15 21:00:00+00:00,57.5,91.0
2019-11-15 22:00:00+00:00,23.5,82.25
2019-11-15 23:00:00+00:00,10.0,126.5
2019-11-16 00:00:00+00:00,12.0,137.75
2019-11-16 01:00:00+00:00,23.25,155.0
2019-11-16 02:00:00+00:00,5.25,197.0
2019-11-16 03:00:00+00:00,7.25,179.0
2019-11-16 04:00:00+00:00,16.0,161.5
2019-11-16 05:00:00+00:00,37.75,146.5
2019-11-16 06:00:00+00:00,51.0,126.75
2019-11-16 07:00:00+00:00,49.75,147.5
2019-11-16 08:00:00+00:00,88.25,277.0
2019-11-16 09:00:00+00:00,165.0,359.5
2019-11-16 10:00:00+00:00,285.0,381.0
2019-11-16 11:00:00+00:00,432.75,380.0
2019-11-16 12:00:00+00:00,549.25,370.75
2019-11-16 13:00:00+00:00,589.0,379.0
2019-11-16 14:00:00+00:00,600.25,291.75
2019-11-16 15:00:00+00:00,590.5,217.25
2019-11-16 16:00:00+00:00,632.25,296.75
2019-11-16 17:00:00+00:00,661.5,412.75
2019-11-16 18:00:00+00:00,684.25,498.75
2019-11-16 19:00:00+00:00,726.75,570.25
2019-11-16 20:00:00+00:00,774.5,596.5
2019-11-16 21:00:00+00:00,768.75,564.5
2019-11-16 22:00:00+00:00,754.5,430.25
2019-11-16 23:00:00+00:00,723.25,385.0
2019-11-17 00:00:00+00:00,709.5,428.0
2019-11-17 01:00:00+00:00,731.0,383.25
2019-11-17 02:00:00+00:00,702.0,344.25
2019-11-17 03:00:00+00:00,702.5,337.25
2019-11-17 04:00:00+00:00,683.25,260.0
2019-11-17 05:00:00+00:00,604.5,200.25
2019-11-17 06:00:00+00:00,551.25,203.75
2019-11-17 07:00:00+00:00,371.75,234.25
2019-11-17 08:00:00+00:00,261.0,174.5
2019-11-17 09:00:00+00:00,267.25,92.25
2019-11-17 10:00:00+00:00,193.5,70.5
2019-11-17 11:00:00+00:00,93.5,67.0
2019-11-17 12:00:00+00:00,34.0,68.25
2019-11-17 13:00:00+00:00,16.75,70.0
2019-11-17 14:00:00+00:00,11.75,79.75
2019-11-17 15:00:00+00:00,4.0,106.5
2019-11-17 16:00:00+00:00,2.0,148.5
2019-11-17 17:00:00+00:00,0.0,202.0
2019-11-17 18:00:00+00:00,6.0,244.75
2019-11-17 19:00:00+00:00,21.5,320.0
2019-11-17 20:00:00+00:00,49.25,381.5
2019-11-17 21:00:00+00:00,118.5,453.0
2019-11-17 22:00:00+00:00,187.75,423.0
2019-11-17 23:00:00+00:00,278.5,369.25
2019-11-18 00:00:00+00:00,367.5,347.0
2019-11-18 01:00:00+00:00,433.25,364.5
2019-11-18 02:00:00+00:00,382.25,347.25
2019-11-18 03:00:00+00:00,461.75,355.25
2019-11-18 04:00:00+00:00,489.25,403.25
2019-11-18 05:00:00+00:00,527.75,532.25
2019-11-18 06:00:00+00:00,545.0,486.5
2019-11-18 07:00:00+00:00,548.75,449.5
2019-11-18 08:00:00+00:00,536.5,418.0
2019-11-18 09:00:00+00:00,517.0,454.75
2019-11-18 10:00:00+00:00,491.5,403.75
2019-11-18 11:00:00+00:00,506.25,425.0
2019-11-18 12:00:00+00:00,705.25,482.25
2019-11-18 13:00:00+00:00,782.75,560.25
2019-11-18 14:00:00+00:00,771.5,778.0
2019-11-18 15:00:00+00:00,802.5,929.25
2019-11-18 16:00:00+00:00,792.5,927.5
2019-11-18 17:00:00+00:00,780.25,1141.5
2019-11-18 18:00:00+00:00,787.75,1188.75
2019-11-18 19:00:00+00:00,793.25,1204.5
2019-11-18 20:00:00+00:00,808.25,1122.25
2019-11-18 21:00:00+00:00,803.5,1184.75
2019-11-18 22:00:00+00:00,798.5,1120.5
2019-11-18 23:00:00+00:00,794.75,1043.5
2019-11-19 00:00:00+00:00,796.5,980.75
2019-11-19 01:00:00+00:00,807.25,893.0
2019-11-19 02:00:00+00:00,801.0,860.0
2019-11-19 03:00:00+00:00,801.0,751.25
2019-11-19 04:00:00+00:00,786.25,838.5
2019-11-19 05:00:00+00:00,710.0,625.75
2019-11-19 06:00:00+00:00,693.75,449.5
2019-11-19 07:00:00+00:00,652.0,397.0
2019-11-19 08:00:00+00:00,618.25,294.0
2019-11-19 09:00:00+00:00,473.75,232.75
2019-11-19 10:00:00+00:00,398.75,339.0
2019-11-19 11:00:00+00:00,267.25,299.75
2019-11-19 12:00:00+00:00,278.5,251.5
2019-11-19 13:00:00+00:00,204.0,222.5
2019-11-19 14:00:00+00:00,228.0,246.5
2019-11-19 15:00:00+00:00,208.5,216.5
2019-11-19 16:00:00+00:00,143.75,168.5
2019-11-19 17:00:00+00:00,96.75,164.75
2019-11-19 18:00:00+00:00,73.5,150.75
2019-11-19 19:00:00+00:00,52.0,132.0
2019-11-19 20:00:00+00:00,13.25,136.25
2019-11-19 21:00:00+00:00,3.75,121.75
2019-11-19 22:00:00+00:00,7.5,123.5
2019-11-19 23:00:00+00:00,18.75,118.75
2019-11-20 00:00:00+00:00,22.25,105.75
2019-11-20 01:00:00+00:00,17.0,107.0
2019-11-20 02:00:00+00:00,17.5,102.5
2019-11-20 03:00:00+00:00,19.75,104.75
2019-11-20 04:00:00+00:00,22.0,117.75
2019-11-20 05:00:00+00:00,27.5,124.75
2019-11-20 06:00:00+00:00,24.5,152.25
2019-11-20 07:00:00+00:00,21.0,172.25
2019-11-20 08:00:00+00:00,30.25,183.25
2019-11-20 09:00:00+00:00,29.25,163.25
2019-11-20 10:00:00+00:00,25.75,144.5
2019-11-20 11:00:00+00:00,17.0,112.5
2019-11-20 12:00:00+00:00,12.25,100.25
2019-11-20 13:00:00+00:00,10.0,109.0
2019-11-20 14:00:00+00:00,11.75,166.25
2019-11-20 15:00:00+00:00,29.0,270.0
2019-11-20 16:00:00+00:00,45.0,325.5
2019-11-20 17:00:00+00:00,107.25,305.5
2019-11-20 18:00:00+00:00,163.75,338.75
2019-11-20 19:00:00+00:00,199.5,357.25
2019-11-20 20:00:00+00:00,135.5,357.0
2019-11-20 21:00:00+00:00,135.25,354.25
2019-11-20 22:00:00+00:00,91.5,308.0
2019-11-20 23:00:00+00:00,93.75,303.5
2019-11-21 00:00:00+00:00,78.0,356.75
2019-11-21 01:00:00+00:00,109.25,353.0
2019-11-21 02:00:00+00:00,133.75,334.75
2019-11-21 03:00:00+00:00,175.0,351.75
2019-11-21 04:00:00+00:00,200.75,398.0
2019-11-21 05:00:00+00:00,197.75,371.0
2019-11-21 06:00:00+00:00,236.0,356.0
2019-11-21 07:00:00+00:00,267.0,403.25
2019-11-21 08:00:00+00:00,345.5,424.0
2019-11-21 09:00:00+00:00,344.5,408.5
2019-11-21 10:00:00+00:00,277.0,369.75
2019-11-21 11:00:00+00:00,306.25,327.25
2019-11-21 12:00:00+00:00,340.5,282.5
2019-11-21 13:00:00+00:00,376.25,303.5
2019-11-21 14:00:00+00:00,356.0,294.5
2019-11-21 15:00:00+00:00,286.25,326.25
2019-11-21 16:00:00+00:00,292.25,354.0
2019-11-21 17:00:00+00:00,384.25,405.0
2019-11-21 18:00:00+00:00,394.75,417.0
2019-11-21 19:00:00+00:00,325.75,392.25
2019-11-21 20:00:00+00:00,316.0,408.0
2019-11-21 21:00:00+00:00,298.75,449.5
2019-11-21 22:00:00+00:00,214.0,439.75
2019-11-21 23:00:00+00:00,251.0,426.5
2019-11-22 00:00:00+00:00,288.25,460.0
2019-11-22 01:00:00+00:00,270.0,483.0
2019-11-22 02:00:00+00:00,223.25,507.75
2019-11-22 03:00:00+00:00,266.0,539.75
2019-11-22 04:00:00+00:00,313.5,560.75
2019-11-22 05:00:00+00:00,387.0,601.5
2019-11-22 06:00:00+00:00,360.75,664.0
2019-11-22 07:00:00+00:00,406.5,657.5
2019-11-22 08:00:00+00:00,367.25,614.75
2019-11-22 09:00:00+00:00,366.0,566.5
2019-11-22 10:00:00+00:00,389.25,552.75
2019-11-22 11:00:00+00:00,361.0,492.25
2019-11-22 12:00:00+00:00,326.0,420.5
2019-11-22 13:00:00+00:00,253.5,385.5
2019-11-22 14:00:00+00:00,359.5,426.0
2019-11-22 15:00:00+00:00,493.5,569.5
2019-11-22 16:00:00+00:00,561.75,804.5
2019-11-22 17:00:00+00:00,612.25,863.25
2019-11-22 18:00:00+00:00,503.5,890.5
2019-11-22 19:00:00+00:00,452.25,876.75
2019-11-22 20:00:00+00:00,451.25,902.5
2019-11-22 21:00:00+00:00,584.75,828.25
2019-11-22 22:00:00+00:00,613.75,804.75
2019-11-22 23:00:00+00:00,571.25,766.5
2019-11-23 00:00:00+00:00,568.75,751.75
2019-11-23 01:00:00+00:00,616.75,766.25
2019-11-23 02:00:00+00:00,638.75,749.75
2019-11-23 03:00:00+00:00,757.0,804.75
2019-11-23 04:00:00+00:00,782.25,869.5
2019-11-23 05:00:00+00:00,784.5,880.25
2019-11-23 06:00:00+00:00,762.25,831.25
2019-11-23 07:00:00+00:00,758.75,776.5
2019-11-23 08:00:00+00:00,751.75,744.0
2019-11-23 09:00:00+00:00,720.25,652.75
2019-11-23 10:00:00+00:00,678.0,645.25
2019-11-23 11:00:00+00:00,677.75,646.75
2019-11-23 12:00:00+00:00,638.0,665.5
2019-11-23 13:00:00+00:00,621.0,672.25
2019-11-23 14:00:00+00:00,725.0,677.25
2019-11-23 15:00:00+00:00,672.0,773.0
2019-11-23 16:00:00+00:00,764.0,882.25
2019-11-23 17:00:00+00:00,787.5,821.25
2019-11-23 18:00:00+00:00,785.5,803.5
2019-11-23 19:00:00+00:00,727.5,803.0
2019-11-23 20:00:00+00:00,740.75,747.5
2019-11-23 21:00:00+00:00,701.25,707.75
2019-11-23 22:00:00+00:00,726.0,570.0
2019-11-23 23:00:00+00:00,694.75,495.0
2019-11-24 00:00:00+00:00,667.25,430.25
2019-11-24 01:00:00+00:00,611.75,368.75
2019-11-24 02:00:00+00:00,601.0,322.0
2019-11-24 03:00:00+00:00,597.75,282.25
2019-11-24 04:00:00+00:00,583.75,307.5
2019-11-24 05:00:00+00:00,574.75,302.5
2019-11-24 06:00:00+00:00,574.25,281.75
2019-11-24 07:00:00+00:00,526.0,226.0
2019-11-24 08:00:00+00:00,478.25,240.0
2019-11-24 09:00:00+00:00,434.5,175.0
2019-11-24 10:00:00+00:00,361.5,123.25
2019-11-24 11:00:00+00:00,327.75,105.25
2019-11-24 12:00:00+00:00,372.5,86.25
2019-11-24 13:00:00+00:00,326.0,83.0
2019-11-24 14:00:00+00:00,261.25,86.0
2019-11-24 15:00:00+00:00,250.25,101.5
2019-11-24 16:00:00+00:00,243.25,94.5
2019-11-24 17:00:00+00:00,136.5,90.25
2019-11-24 18:00:00+00:00,102.75,75.5
2019-11-24 19:00:00+00:00,105.0,89.75
2019-11-24 20:00:00+00:00,95.75,111.5
2019-11-24 21:00:00+00:00,110.25,151.5
2019-11-24 22:00:00+00:00,94.25,180.25
2019-11-24 23:00:00+00:00,70.25,216.5
2019-11-25 00:00:00+00:00,84.0,208.0
2019-11-25 01:00:00+00:00,97.0,204.5
2019-11-25 02:00:00+00:00,91.0,220.5
2019-11-25 03:00:00+00:00,140.25,274.75
2019-11-25 04:00:00+00:00,146.5,331.5
2019-11-25 05:00:00+00:00,131.75,340.25
2019-11-25 06:00:00+00:00,134.0,314.5
2019-11-25 07:00:00+00:00,150.0,304.5
2019-11-25 08:00:00+00:00,155.25,285.25
2019-11-25 09:00:00+00:00,150.25,240.0
2019-11-25 10:00:00+00:00,171.75,211.75
2019-11-25 11:00:00+00:00,146.75,220.75
2019-11-25 12:00:00+00:00,128.25,209.0
2019-11-25 13:00:00+00:00,136.0,194.25
2019-11-25 14:00:00+00:00,160.75,220.25
2019-11-25 15:00:00+00:00,208.0,279.75
2019-11-25 16:00:00+00:00,283.0,425.75
2019-11-25 17:00:00+00:00,313.75,540.0
2019-11-25 18:00:00+00:00,302.5,550.5
2019-11-25 19:00:00+00:00,305.25,553.0
2019-11-25 20:00:00+00:00,335.25,528.5
2019-11-25 21:00:00+00:00,349.0,565.75
2019-11-25 22:00:00+00:00,273.5,553.0
2019-11-25 23:00:00+00:00,246.75,519.5
2019-11-26 00:00:00+00:00,284.25,534.75
2019-11-26 01:00:00+00:00,254.25,524.5
2019-11-26 02:00:00+00:00,338.5,480.5
2019-11-26 03:00:00+00:00,365.5,498.75
2019-11-26 04:00:00+00:00,321.5,487.0
2019-11-26 05:00:00+00:00,377.5,473.25
2019-11-26 06:00:00+00:00,380.75,491.5
2019-11-26 07:00:00+00:00,442.25,496.25
2019-11-26 08:00:00+00:00,457.25,465.5
2019-11-26 09:00:00+00:00,517.5,526.25
2019-11-26 10:00:00+00:00,612.75,601.0
2019-11-26 11:00:00+00:00,555.5,617.25
2019-11-26 12:00:00+00:00,570.25,565.25
2019-11-26 13:00:00+00:00,611.75,553.0
2019-11-26 14:00:00+00:00,583.25,574.25
2019-11-26 15:00:00+00:00,576.5,659.25
2019-11-26 16:00:00+00:00,635.5,719.5
2019-11-26 17:00:00+00:00,653.25,779.5
2019-11-26 18:00:00+00:00,715.75,795.0
2019-11-26 19:00:00+00:00,712.75,799.5
2019-11-26 20:00:00+00:00,682.25,738.75
2019-11-26 21:00:00+00:00,712.25,651.5
2019-11-26 22:00:00+00:00,666.5,609.25
2019-11-26 23:00:00+00:00,612.75,616.5
2019-11-27 00:00:00+00:00,547.0,548.0
2019-11-27 01:00:00+00:00,556.25,533.0
2019-11-27 02:00:00+00:00,445.5,510.0
2019-11-27 03:00:00+00:00,389.5,589.0
2019-11-27 04:00:00+00:00,339.0,697.25
2019-11-27 05:00:00+00:00,403.5,781.75
2019-11-27 06:00:00+00:00,605.25,919.25
2019-11-27 07:00:00+00:00,664.25,993.0
2019-11-27 08:00:00+00:00,733.25,1083.75
2019-11-27 09:00:00+00:00,796.25,1064.5
2019-11-27 10:00:00+00:00,794.25,1027.75
2019-11-27 11:00:00+00:00,760.5,983.0
2019-11-27 12:00:00+00:00,776.75,891.25
2019-11-27 13:00:00+00:00,726.5,851.25
2019-11-27 14:00:00+00:00,674.0,784.0
2019-11-27 15:00:00+00:00,717.25,849.0
2019-11-27 16:00:00+00:00,608.25,857.75
2019-11-27 17:00:00+00:00,721.0,912.0
2019-11-27 18:00:00+00:00,696.0,1011.0
2019-11-27 19:00:00+00:00,663.25,1080.25
2019-11-27 20:00:00+00:00,571.5,1127.5
2019-11-27 21:00:00+00:00,559.0,1176.25
2019-11-27 22:00:00+00:00,567.25,1307.75
2019-11-27 23:00:00+00:00,499.75,1364.0
2019-11-28 00:00:00+00:00,401.0,1366.5
2019-11-28 01:00:00+00:00,392.0,1420.25
2019-11-28 02:00:00+00:00,444.0,1439.0
2019-11-28 03:00:00+00:00,549.75,1440.25
2019-11-28 04:00:00+00:00,532.75,1454.75
2019-11-28 05:00:00+00:00,408.0,1418.75
2019-11-28 06:00:00+00:00,274.25,1451.75
2019-11-28 07:00:00+00:00,252.25,1412.75
2019-11-28 08:00:00+00:00,303.5,1327.25
2019-11-28 09:00:00+00:00,317.0,1241.0
2019-11-28 10:00:00+00:00,365.0,1140.25
2019-11-28 11:00:00+00:00,419.0,1010.5
2019-11-28 12:00:00+00:00,543.5,933.5
2019-11-28 13:00:00+00:00,720.25,853.25
2019-11-28 14:00:00+00:00,718.25,764.5
2019-11-28 15:00:00+00:00,713.25,702.5
2019-11-28 16:00:00+00:00,661.25,661.0
2019-11-28 17:00:00+00:00,750.25,582.5
2019-11-28 18:00:00+00:00,760.25,560.5
2019-11-28 19:00:00+00:00,797.0,629.5
2019-11-28 20:00:00+00:00,800.0,688.75
2019-11-28 21:00:00+00:00,797.75,686.5
2019-11-28 22:00:00+00:00,773.75,732.75
2019-11-28 23:00:00+00:00,734.25,672.0
2019-11-29 00:00:00+00:00,721.5,579.75
2019-11-29 01:00:00+00:00,700.75,608.5
2019-11-29 02:00:00+00:00,726.25,577.75
2019-11-29 03:00:00+00:00,736.5,633.5
2019-11-29 04:00:00+00:00,756.75,675.5
2019-11-29 05:00:00+00:00,751.25,661.25
2019-11-29 06:00:00+00:00,738.5,605.25
2019-11-29 07:00:00+00:00,751.5,718.0
2019-11-29 08:00:00+00:00,715.75,649.5
2019-11-29 09:00:00+00:00,638.25,549.75
2019-11-29 10:00:00+00:00,659.25,482.75
2019-11-29 11:00:00+00:00,506.5,521.0
2019-11-29 12:00:00+00:00,540.25,488.0
2019-11-29 13:00:00+00:00,597.0,631.5
2019-11-29 14:00:00+00:00,509.25,509.0
2019-11-29 15:00:00+00:00,607.25,468.75
2019-11-29 16:00:00+00:00,664.0,425.75
2019-11-29 17:00:00+00:00,487.0,408.25
2019-11-29 18:00:00+00:00,454.0,337.0
2019-11-29 19:00:00+00:00,517.25,278.75
2019-11-29 20:00:00+00:00,486.75,219.5
2019-11-29 21:00:00+00:00,423.25,181.0
2019-11-29 22:00:00+00:00,429.75,147.25
2019-11-29 23:00:00+00:00,384.25,156.5
2019-11-30 00:00:00+00:00,264.5,168.25
2019-11-30 01:00:00+00:00,269.0,137.25
2019-11-30 02:00:00+00:00,195.5,149.5
2019-11-30 03:00:00+00:00,244.0,129.25
2019-11-30 04:00:00+00:00,170.0,127.5
2019-11-30 05:00:00+00:00,177.0,142.5
2019-11-30 06:00:00+00:00,147.0,103.0
2019-11-30 07:00:00+00:00,136.75,93.0
2019-11-30 08:00:00+00:00,102.75,95.5
2019-11-30 09:00:00+00:00,96.25,80.5
2019-11-30 10:00:00+00:00,57.0,75.0
2019-11-30 11:00:00+00:00,70.5,83.0
2019-11-30 12:00:00+00:00,65.75,91.75
2019-11-30 13:00:00+00:00,49.25,81.0
2019-11-30 14:00:00+00:00,112.75,78.5
2019-11-30 15:00:00+00:00,64.75,88.5
2019-11-30 16:00:00+00:00,143.75,118.5
2019-11-30 17:00:00+00:00,112.25,136.75
2019-11-30 18:00:00+00:00,68.25,140.75
2019-11-30 19:00:00+00:00,37.0,139.5
2019-11-30 20:00:00+00:00,10.5,160.25
2019-11-30 21:00:00+00:00,18.25,183.25
2019-11-30 22:00:00+00:00,33.5,168.0
2019-11-30 23:00:00+00:00,17.5,178.5
2019-12-01 00:00:00+00:00,17.0,201.0
2019-12-01 01:00:00+00:00,24.25,226.25
2019-12-01 02:00:00+00:00,56.0,270.0
2019-12-01 03:00:00+00:00,29.75,298.0
2019-12-01 04:00:00+00:00,19.0,344.75
2019-12-01 05:00:00+00:00,43.25,378.0
2019-12-01 06:00:00+00:00,40.75,401.0
2019-12-01 07:00:00+00:00,62.25,382.25
2019-12-01 08:00:00+00:00,46.0,333.75
2019-12-01 09:00:00+00:00,69.75,310.25
2019-12-01 10:00:00+00:00,73.5,271.25
2019-12-01 11:00:00+00:00,18.75,250.5
2019-12-01 12:00:00+00:00,6.75,243.5
2019-12-01 13:00:00+00:00,21.25,220.5
2019-12-01 14:00:00+00:00,61.0,209.75
2019-12-01 15:00:00+00:00,118.25,218.0
2019-12-01 16:00:00+00:00,126.5,234.25
2019-12-01 17:00:00+00:00,157.0,222.5
2019-12-01 18:00:00+00:00,222.5,178.0
2019-12-01 19:00:00+00:00,180.0,135.0
2019-12-01 20:00:00+00:00,245.75,120.75
2019-12-01 21:00:00+00:00,281.0,139.75
2019-12-01 22:00:00+00:00,342.25,134.75
2019-12-01 23:00:00+00:00,426.0,142.5
2019-12-02 00:00:00+00:00,526.0,189.0
2019-12-02 01:00:00+00:00,580.0,240.75
2019-12-02 02:00:00+00:00,633.25,250.5
2019-12-02 03:00:00+00:00,656.0,273.25
2019-12-02 04:00:00+00:00,593.5,317.0
2019-12-02 05:00:00+00:00,680.75,398.0
2019-12-02 06:00:00+00:00,690.5,438.5
2019-12-02 07:00:00+00:00,706.25,542.75
2019-12-02 08:00:00+00:00,746.0,627.75
2019-12-02 09:00:00+00:00,707.5,549.75
2019-12-02 10:00:00+00:00,650.0,490.0
2019-12-02 11:00:00+00:00,680.0,458.0
2019-12-02 12:00:00+00:00,594.0,421.5
2019-12-02 13:00:00+00:00,469.0,446.25
2019-12-02 14:00:00+00:00,399.25,380.75
2019-12-02 15:00:00+00:00,478.25,403.0
2019-12-02 16:00:00+00:00,340.0,390.5
2019-12-02 17:00:00+00:00,191.25,307.75
2019-12-02 18:00:00+00:00,235.25,383.25
2019-12-02 19:00:00+00:00,222.0,392.25
2019-12-02 20:00:00+00:00,192.5,363.75
2019-12-02 21:00:00+00:00,143.5,367.0
2019-12-02 22:00:00+00:00,184.25,336.25
2019-12-02 23:00:00+00:00,253.5,350.5
2019-12-03 00:00:00+00:00,229.5,318.5
2019-12-03 01:00:00+00:00,191.75,320.0
2019-12-03 02:00:00+00:00,215.5,254.75
2019-12-03 03:00:00+00:00,229.5,211.0
2019-12-03 04:00:00+00:00,205.0,206.25
2019-12-03 05:00:00+00:00,247.25,238.5
2019-12-03 06:00:00+00:00,292.25,356.5
2019-12-03 07:00:00+00:00,365.75,417.5
2019-12-03 08:00:00+00:00,427.75,453.5
2019-12-03 09:00:00+00:00,522.0,467.0
2019-12-03 10:00:00+00:00,603.0,489.5
2019-12-03 11:00:00+00:00,604.25,439.75
2019-12-03 12:00:00+00:00,627.0,410.25
2019-12-03 13:00:00+00:00,608.75,400.25
2019-12-03 14:00:00+00:00,545.75,352.5
2019-12-03 15:00:00+00:00,502.0,365.5
2019-12-03 16:00:00+00:00,485.5,497.0
2019-12-03 17:00:00+00:00,481.75,529.75
2019-12-03 18:00:00+00:00,517.5,593.5
2019-12-03 19:00:00+00:00,550.75,579.75
2019-12-03 20:00:00+00:00,526.25,546.75
2019-12-03 21:00:00+00:00,490.75,551.25
2019-12-03 22:00:00+00:00,416.5,510.0
2019-12-03 23:00:00+00:00,443.0,529.0
2019-12-04 00:00:00+00:00,528.25,510.0
2019-12-04 01:00:00+00:00,415.5,517.0
2019-12-04 02:00:00+00:00,360.25,469.75
2019-12-04 03:00:00+00:00,376.75,388.25
2019-12-04 04:00:00+00:00,459.25,373.0
2019-12-04 05:00:00+00:00,453.25,376.5
2019-12-04 06:00:00+00:00,414.5,307.5
2019-12-04 07:00:00+00:00,444.5,299.25
2019-12-04 08:00:00+00:00,428.25,310.0
2019-12-04 09:00:00+00:00,384.5,258.25
2019-12-04 10:00:00+00:00,507.0,193.75
2019-12-04 11:00:00+00:00,509.0,163.75
2019-12-04 12:00:00+00:00,501.5,150.5
2019-12-04 13:00:00+00:00,460.75,109.5
2019-12-04 14:00:00+00:00,414.0,93.0
2019-12-04 15:00:00+00:00,348.0,86.5
2019-12-04 16:00:00+00:00,282.0,88.25
2019-12-04 17:00:00+00:00,238.25,107.5
2019-12-04 18:00:00+00:00,278.25,131.25
2019-12-04 19:00:00+00:00,378.25,119.75
2019-12-04 20:00:00+00:00,342.5,110.75
2019-12-04 21:00:00+00:00,327.0,125.5
2019-12-04 22:00:00+00:00,404.25,162.75
2019-12-04 23:00:00+00:00,364.5,151.25
2019-12-05 00:00:00+00:00,479.0,157.25
2019-12-05 01:00:00+00:00,492.0,187.75
2019-12-05 02:00:00+00:00,465.75,251.75
2019-12-05 03:00:00+00:00,475.25,223.5
2019-12-05 04:00:00+00:00,468.75,199.25
2019-12-05 05:00:00+00:00,509.0,213.0
2019-12-05 06:00:00+00:00,535.0,239.25
2019-12-05 07:00:00+00:00,556.5,278.5
2019-12-05 08:00:00+00:00,606.75,306.75
2019-12-05 09:00:00+00:00,610.75,350.75
2019-12-05 10:00:00+00:00,665.75,372.5
2019-12-05 11:00:00+00:00,693.5,380.25
2019-12-05 12:00:00+00:00,722.0,411.75
2019-12-05 13:00:00+00:00,726.25,527.75
2019-12-05 14:00:00+00:00,774.0,621.5
2019-12-05 15:00:00+00:00,805.75,846.5
2019-12-05 16:00:00+00:00,811.25,992.0
2019-12-05 17:00:00+00:00,810.75,1118.75
2019-12-05 18:00:00+00:00,797.5,1211.75
2019-12-05 19:00:00+00:00,808.0,1321.75
2019-12-05 20:00:00+00:00,807.75,1384.25
2019-12-05 21:00:00+00:00,800.5,1453.25
2019-12-05 22:00:00+00:00,776.5,1432.0
2019-12-05 23:00:00+00:00,774.75,1516.25
2019-12-06 00:00:00+00:00,760.0,1502.25
2019-12-06 01:00:00+00:00,774.5,1519.75
2019-12-06 02:00:00+00:00,790.5,1522.0
2019-12-06 03:00:00+00:00,803.0,1508.0
2019-12-06 04:00:00+00:00,804.0,1496.5
2019-12-06 05:00:00+00:00,799.5,1471.5
2019-12-06 06:00:00+00:00,807.75,1464.0
2019-12-06 07:00:00+00:00,796.25,1444.5
2019-12-06 08:00:00+00:00,803.5,1439.0
2019-12-06 09:00:00+00:00,810.75,1492.0
2019-12-06 10:00:00+00:00,810.75,1499.0
2019-12-06 11:00:00+00:00,810.75,1512.75
2019-12-06 12:00:00+00:00,811.5,1519.25
2019-12-06 13:00:00+00:00,810.75,1535.75
2019-12-06 14:00:00+00:00,810.75,1552.25
2019-12-06 15:00:00+00:00,810.75,1540.5
2019-12-06 16:00:00+00:00,810.5,1543.25
2019-12-06 17:00:00+00:00,796.75,1474.25
2019-12-06 18:00:00+00:00,801.0,1513.75
2019-12-06 19:00:00+00:00,758.5,1505.25
2019-12-06 20:00:00+00:00,674.75,1416.75
2019-12-06 21:00:00+00:00,724.5,1383.5
2019-12-06 22:00:00+00:00,782.75,1270.75
2019-12-06 23:00:00+00:00,790.25,1353.25
2019-12-07 00:00:00+00:00,804.75,1314.5
2019-12-07 01:00:00+00:00,802.0,1256.0
2019-12-07 02:00:00+00:00,807.0,1231.75
2019-12-07 03:00:00+00:00,806.5,1244.0
2019-12-07 04:00:00+00:00,794.25,1220.25
2019-12-07 05:00:00+00:00,799.75,1163.5
2019-12-07 06:00:00+00:00,801.5,1091.5
2019-12-07 07:00:00+00:00,797.0,1031.75
2019-12-07 08:00:00+00:00,782.5,929.75
2019-12-07 09:00:00+00:00,746.0,893.75
2019-12-07 10:00:00+00:00,711.25,836.25
2019-12-07 11:00:00+00:00,572.0,856.0
2019-12-07 12:00:00+00:00,714.25,831.25
2019-12-07 13:00:00+00:00,745.5,872.0
2019-12-07 14:00:00+00:00,732.75,849.75
2019-12-07 15:00:00+00:00,684.5,856.75
2019-12-07 16:00:00+00:00,718.25,888.25
2019-12-07 17:00:00+00:00,727.75,873.0
2019-12-07 18:00:00+00:00,763.0,962.0
2019-12-07 19:00:00+00:00,788.0,1099.75
2019-12-07 20:00:00+00:00,796.75,1179.5
2019-12-07 21:00:00+00:00,806.75,1260.25
2019-12-07 22:00:00+00:00,806.25,1348.0
2019-12-07 23:00:00+00:00,798.25,1434.25
2019-12-08 00:00:00+00:00,805.0,1508.0
2019-12-08 01:00:00+00:00,804.75,1511.25
2019-12-08 02:00:00+00:00,783.75,1477.5
2019-12-08 03:00:00+00:00,600.0,1300.0
2019-12-08 04:00:00+00:00,621.75,1370.0
2019-12-08 05:00:00+00:00,704.75,1533.0
2019-12-08 06:00:00+00:00,674.0,1568.25
2019-12-08 07:00:00+00:00,718.25,1587.25
2019-12-08 08:00:00+00:00,742.0,1589.5
2019-12-08 09:00:00+00:00,768.75,1572.75
2019-12-08 10:00:00+00:00,796.5,1538.5
2019-12-08 11:00:00+00:00,794.0,1532.5
2019-12-08 12:00:00+00:00,794.75,1512.25
2019-12-08 13:00:00+00:00,794.25,1501.5
2019-12-08 14:00:00+00:00,797.0,1486.0
2019-12-08 15:00:00+00:00,789.75,1465.25
2019-12-08 16:00:00+00:00,798.25,1442.25
2019-12-08 17:00:00+00:00,797.0,1451.25
2019-12-08 18:00:00+00:00,798.25,1436.25
2019-12-08 19:00:00+00:00,795.25,1428.75
2019-12-08 20:00:00+00:00,795.0,1435.75
2019-12-08 21:00:00+00:00,795.0,1460.25
2019-12-08 22:00:00+00:00,795.0,1403.25
2019-12-08 23:00:00+00:00,760.75,1385.75
2019-12-09 00:00:00+00:00,724.25,1342.5
2019-12-09 01:00:00+00:00,791.75,1387.25
2019-12-09 02:00:00+00:00,782.0,1371.0
2019-12-09 03:00:00+00:00,752.0,1278.25
2019-12-09 04:00:00+00:00,774.0,1112.25
2019-12-09 05:00:00+00:00,724.75,989.25
2019-12-09 06:00:00+00:00,684.0,876.0
2019-12-09 07:00:00+00:00,655.75,680.0
2019-12-09 08:00:00+00:00,513.0,672.25
2019-12-09 09:00:00+00:00,506.75,720.25
2019-12-09 10:00:00+00:00,550.75,725.25
2019-12-09 11:00:00+00:00,664.75,743.0
2019-12-09 12:00:00+00:00,791.75,808.0
2019-12-09 13:00:00+00:00,797.25,1182.75
2019-12-09 14:00:00+00:00,798.0,1405.75
2019-12-09 15:00:00+00:00,794.5,1475.75
2019-12-09 16:00:00+00:00,790.25,1458.5
2019-12-09 17:00:00+00:00,791.0,1411.5
2019-12-09 18:00:00+00:00,791.5,1285.0
2019-12-09 19:00:00+00:00,785.25,1132.75
2019-12-09 20:00:00+00:00,787.0,1133.5
2019-12-09 21:00:00+00:00,782.75,1104.5
2019-12-09 22:00:00+00:00,776.5,969.5
2019-12-09 23:00:00+00:00,729.25,820.75
2019-12-10 00:00:00+00:00,689.0,617.5
2019-12-10 01:00:00+00:00,528.25,550.0
2019-12-10 02:00:00+00:00,419.5,354.75
2019-12-10 03:00:00+00:00,279.5,250.0
2019-12-10 04:00:00+00:00,200.0,254.5
2019-12-10 05:00:00+00:00,161.0,358.0
2019-12-10 06:00:00+00:00,173.0,496.75
2019-12-10 07:00:00+00:00,393.5,593.0
2019-12-10 08:00:00+00:00,606.25,785.0
2019-12-10 09:00:00+00:00,782.75,906.5
2019-12-10 10:00:00+00:00,768.75,1010.25
2019-12-10 11:00:00+00:00,772.25,1145.0
2019-12-10 12:00:00+00:00,793.0,1311.25
2019-12-10 13:00:00+00:00,791.25,1385.25
2019-12-10 14:00:00+00:00,792.5,1420.5
2019-12-10 15:00:00+00:00,788.25,1456.0
2019-12-10 16:00:00+00:00,760.5,1486.0
2019-12-10 17:00:00+00:00,713.75,1506.5
2019-12-10 18:00:00+00:00,704.75,1594.5
2019-12-10 19:00:00+00:00,686.0,1598.25
2019-12-10 20:00:00+00:00,662.0,1599.5
2019-12-10 21:00:00+00:00,670.0,1596.75
2019-12-10 22:00:00+00:00,683.5,1589.0
2019-12-10 23:00:00+00:00,703.75,1584.5
2019-12-11 00:00:00+00:00,734.75,1542.75
2019-12-11 01:00:00+00:00,734.5,1429.25
2019-12-11 02:00:00+00:00,644.25,1210.75
2019-12-11 03:00:00+00:00,711.0,1017.75
2019-12-11 04:00:00+00:00,712.5,772.75
2019-12-11 05:00:00+00:00,655.75,486.5
2019-12-11 06:00:00+00:00,535.0,408.0
2019-12-11 07:00:00+00:00,405.25,354.75
2019-12-11 08:00:00+00:00,283.25,326.25
2019-12-11 09:00:00+00:00,245.5,343.25
2019-12-11 10:00:00+00:00,231.0,302.0
2019-12-11 11:00:00+00:00,325.0,266.5
2019-12-11 12:00:00+00:00,415.5,247.75
2019-12-11 13:00:00+00:00,468.0,266.75
2019-12-11 14:00:00+00:00,343.25,301.0
2019-12-11 15:00:00+00:00,338.75,343.25
2019-12-11 16:00:00+00:00,382.5,414.25
2019-12-11 17:00:00+00:00,453.25,481.25
2019-12-11 18:00:00+00:00,452.5,557.5
2019-12-11 19:00:00+00:00,484.0,525.0
2019-12-11 20:00:00+00:00,548.5,550.5
2019-12-11 21:00:00+00:00,654.25,620.75
2019-12-11 22:00:00+00:00,711.0,637.5
2019-12-11 23:00:00+00:00,627.25,682.75
2019-12-12 00:00:00+00:00,623.25,668.75
2019-12-12 01:00:00+00:00,643.0,568.25
2019-12-12 02:00:00+00:00,606.25,617.25
2019-12-12 03:00:00+00:00,516.25,570.5
2019-12-12 04:00:00+00:00,390.25,543.75
2019-12-12 05:00:00+00:00,372.5,541.0
2019-12-12 06:00:00+00:00,398.5,578.75
2019-12-12 07:00:00+00:00,551.75,598.5
2019-12-12 08:00:00+00:00,522.75,650.0
2019-12-12 09:00:00+00:00,526.0,614.5
2019-12-12 10:00:00+00:00,631.5,585.25
2019-12-12 11:00:00+00:00,665.25,646.5
2019-12-12 12:00:00+00:00,750.5,741.25
2019-12-12 13:00:00+00:00,775.5,847.0
2019-12-12 14:00:00+00:00,786.0,1009.75
2019-12-12 15:00:00+00:00,787.75,1144.5
2019-12-12 16:00:00+00:00,791.75,1282.0
2019-12-12 17:00:00+00:00,794.0,1407.25
2019-12-12 18:00:00+00:00,792.5,1451.0
2019-12-12 19:00:00+00:00,790.25,1511.75
2019-12-12 20:00:00+00:00,790.5,1507.0
2019-12-12 21:00:00+00:00,790.5,1526.25
2019-12-12 22:00:00+00:00,791.25,1533.5
2019-12-12 23:00:00+00:00,786.75,1518.0
2019-12-13 00:00:00+00:00,785.5,1473.25
2019-12-13 01:00:00+00:00,791.0,1436.0
2019-12-13 02:00:00+00:00,791.25,1282.75
2019-12-13 03:00:00+00:00,789.75,1061.25
2019-12-13 04:00:00+00:00,764.75,872.75
2019-12-13 05:00:00+00:00,718.75,741.25
2019-12-13 06:00:00+00:00,686.25,579.75
2019-12-13 07:00:00+00:00,633.5,449.25
2019-12-13 08:00:00+00:00,561.5,335.5
2019-12-13 09:00:00+00:00,464.5,263.5
2019-12-13 10:00:00+00:00,304.0,158.0
2019-12-13 11:00:00+00:00,151.75,167.25
2019-12-13 12:00:00+00:00,88.25,351.5
2019-12-13 13:00:00+00:00,159.0,534.75
2019-12-13 14:00:00+00:00,226.5,542.75
2019-12-13 15:00:00+00:00,267.75,587.0
2019-12-13 16:00:00+00:00,288.25,628.0
2019-12-13 17:00:00+00:00,310.0,745.75
2019-12-13 18:00:00+00:00,388.0,852.0
2019-12-13 19:00:00+00:00,504.75,940.75
2019-12-13 20:00:00+00:00,527.25,997.0
2019-12-13 21:00:00+00:00,487.5,1050.5
2019-12-13 22:00:00+00:00,509.25,1014.75
2019-12-13 23:00:00+00:00,605.0,985.0
2019-12-14 00:00:00+00:00,627.75,1013.0
2019-12-14 01:00:00+00:00,668.5,938.75
2019-12-14 02:00:00+00:00,623.0,771.75
2019-12-14 03:00:00+00:00,742.75,779.25
2019-12-14 04:00:00+00:00,778.25,945.0
2019-12-14 05:00:00+00:00,780.25,1087.5
2019-12-14 06:00:00+00:00,769.5,1305.25
2019-12-14 07:00:00+00:00,793.0,1391.5
2019-12-14 08:00:00+00:00,791.25,1475.75
2019-12-14 09:00:00+00:00,789.25,1519.75
2019-12-14 10:00:00+00:00,755.0,1484.75
2019-12-14 11:00:00+00:00,789.0,1469.75
2019-12-14 12:00:00+00:00,790.25,1450.25
2019-12-14 13:00:00+00:00,784.5,1375.5
2019-12-14 14:00:00+00:00,787.0,1309.25
2019-12-14 15:00:00+00:00,789.75,1254.25
2019-12-14 16:00:00+00:00,790.5,1377.25
2019-12-14 17:00:00+00:00,790.25,1461.0
2019-12-14 18:00:00+00:00,792.0,1438.75
2019-12-14 19:00:00+00:00,784.5,1311.25
2019-12-14 20:00:00+00:00,787.75,1212.75
2019-12-14 21:00:00+00:00,786.75,1171.5
2019-12-14 22:00:00+00:00,768.25,1108.5
2019-12-14 23:00:00+00:00,787.75,1132.0
2019-12-15 00:00:00+00:00,759.0,1210.75
2019-12-15 01:00:00+00:00,783.75,1245.5
2019-12-15 02:00:00+00:00,789.5,1396.0
2019-12-15 03:00:00+00:00,780.5,1488.75
2019-12-15 04:00:00+00:00,789.75,1550.75
2019-12-15 05:00:00+00:00,726.0,1552.75
2019-12-15 06:00:00+00:00,723.0,1570.25
2019-12-15 07:00:00+00:00,664.75,1569.0
2019-12-15 08:00:00+00:00,614.0,1521.25
2019-12-15 09:00:00+00:00,519.25,1470.25
2019-12-15 10:00:00+00:00,388.0,1478.5
2019-12-15 11:00:00+00:00,570.0,1511.5
2019-12-15 12:00:00+00:00,739.0,1485.5
2019-12-15 13:00:00+00:00,784.75,1480.5
2019-12-15 14:00:00+00:00,786.75,1425.25
2019-12-15 15:00:00+00:00,782.0,1381.5
2019-12-15 16:00:00+00:00,785.75,1346.5
2019-12-15 17:00:00+00:00,782.25,1342.5
2019-12-15 18:00:00+00:00,781.75,1322.5
2019-12-15 19:00:00+00:00,772.0,1276.0
2019-12-15 20:00:00+00:00,789.5,1276.25
2019-12-15 21:00:00+00:00,786.0,1227.75
2019-12-15 22:00:00+00:00,778.75,1131.25
2019-12-15 23:00:00+00:00,784.75,1031.5
2019-12-16 00:00:00+00:00,785.75,946.25
2019-12-16 01:00:00+00:00,784.25,950.25
2019-12-16 02:00:00+00:00,780.25,1006.75
2019-12-16 03:00:00+00:00,787.75,1083.5
2019-12-16 04:00:00+00:00,789.75,1140.5
2019-12-16 05:00:00+00:00,786.75,1024.25
2019-12-16 06:00:00+00:00,789.25,1002.75
2019-12-16 07:00:00+00:00,789.25,1009.0
2019-12-16 08:00:00+00:00,787.5,949.5
2019-12-16 09:00:00+00:00,780.25,831.25
2019-12-16 10:00:00+00:00,778.0,684.75
2019-12-16 11:00:00+00:00,761.75,569.25
2019-12-16 12:00:00+00:00,714.0,521.5
2019-12-16 13:00:00+00:00,694.0,444.75
2019-12-16 14:00:00+00:00,624.5,388.0
2019-12-16 15:00:00+00:00,580.75,385.0
2019-12-16 16:00:00+00:00,532.0,376.75
2019-12-16 17:00:00+00:00,498.0,340.75
2019-12-16 18:00:00+00:00,353.75,258.75
2019-12-16 19:00:00+00:00,253.25,173.75
2019-12-16 20:00:00+00:00,204.75,136.5
2019-12-16 21:00:00+00:00,135.0,149.0
2019-12-16 22:00:00+00:00,63.25,190.75
2019-12-16 23:00:00+00:00,48.75,229.5
2019-12-17 00:00:00+00:00,63.25,229.0
2019-12-17 01:00:00+00:00,94.0,223.75
2019-12-17 02:00:00+00:00,45.5,315.75
2019-12-17 03:00:00+00:00,29.75,424.25
2019-12-17 04:00:00+00:00,62.25,551.75
2019-12-17 05:00:00+00:00,122.0,647.75
2019-12-17 06:00:00+00:00,219.75,732.75
2019-12-17 07:00:00+00:00,207.75,764.75
2019-12-17 08:00:00+00:00,151.25,830.25
2019-12-17 09:00:00+00:00,239.5,981.25
2019-12-17 10:00:00+00:00,330.5,1062.0
2019-12-17 11:00:00+00:00,430.75,1038.25
2019-12-17 12:00:00+00:00,423.5,1056.75
2019-12-17 13:00:00+00:00,429.75,1063.0
2019-12-17 14:00:00+00:00,533.0,1041.5
2019-12-17 15:00:00+00:00,519.5,1006.0
2019-12-17 16:00:00+00:00,382.75,929.25
2019-12-17 17:00:00+00:00,184.0,849.5
2019-12-17 18:00:00+00:00,199.25,701.5
2019-12-17 19:00:00+00:00,306.5,687.0
2019-12-17 20:00:00+00:00,349.0,665.75
2019-12-17 21:00:00+00:00,493.25,617.75
2019-12-17 22:00:00+00:00,407.25,471.25
2019-12-17 23:00:00+00:00,456.25,424.5
2019-12-18 00:00:00+00:00,638.5,485.0
2019-12-18 01:00:00+00:00,641.25,552.5
2019-12-18 02:00:00+00:00,634.25,579.25
2019-12-18 03:00:00+00:00,616.75,681.75
2019-12-18 04:00:00+00:00,630.75,673.0
2019-12-18 05:00:00+00:00,596.5,624.5
2019-12-18 06:00:00+00:00,560.75,525.75
2019-12-18 07:00:00+00:00,509.0,475.5
2019-12-18 08:00:00+00:00,416.25,417.75
2019-12-18 09:00:00+00:00,415.0,404.5
2019-12-18 10:00:00+00:00,323.75,352.75
2019-12-18 11:00:00+00:00,274.75,328.75
2019-12-18 12:00:00+00:00,228.25,296.5
2019-12-18 13:00:00+00:00,270.75,258.0
2019-12-18 14:00:00+00:00,215.0,282.75
2019-12-18 15:00:00+00:00,293.75,403.75
2019-12-18 16:00:00+00:00,366.75,612.25
2019-12-18 17:00:00+00:00,530.25,764.0
2019-12-18 18:00:00+00:00,534.0,874.25
2019-12-18 19:00:00+00:00,646.75,1000.75
2019-12-18 20:00:00+00:00,641.75,1015.75
2019-12-18 21:00:00+00:00,676.75,1100.0
2019-12-18 22:00:00+00:00,751.25,1137.75
2019-12-18 23:00:00+00:00,735.5,1132.25
2019-12-19 00:00:00+00:00,778.25,1158.75
2019-12-19 01:00:00+00:00,781.25,1142.25
2019-12-19 02:00:00+00:00,789.0,1146.75
2019-12-19 03:00:00+00:00,798.5,1091.5
2019-12-19 04:00:00+00:00,798.75,1109.75
2019-12-19 05:00:00+00:00,779.0,1129.5
2019-12-19 06:00:00+00:00,775.25,1154.0
2019-12-19 07:00:00+00:00,787.25,1182.5
2019-12-19 08:00:00+00:00,778.25,1108.75
2019-12-19 09:00:00+00:00,778.25,1008.25
2019-12-19 10:00:00+00:00,781.25,1002.0
2019-12-19 11:00:00+00:00,781.0,943.25
2019-12-19 12:00:00+00:00,767.0,795.75
2019-12-19 13:00:00+00:00,772.5,796.25
2019-12-19 14:00:00+00:00,760.0,815.25
2019-12-19 15:00:00+00:00,778.0,930.25
2019-12-19 16:00:00+00:00,791.5,1014.75
2019-12-19 17:00:00+00:00,797.75,993.0
2019-12-19 18:00:00+00:00,798.0,1048.75
2019-12-19 19:00:00+00:00,797.75,1089.0
2019-12-19 20:00:00+00:00,791.75,1140.0
2019-12-19 21:00:00+00:00,793.25,1120.25
2019-12-19 22:00:00+00:00,794.5,1072.0
2019-12-19 23:00:00+00:00,788.25,1172.0
2019-12-20 00:00:00+00:00,794.0,1143.5
2019-12-20 01:00:00+00:00,784.25,1083.25
2019-12-20 02:00:00+00:00,770.75,1059.25
2019-12-20 03:00:00+00:00,773.0,1061.75
2019-12-20 04:00:00+00:00,786.5,1046.5
2019-12-20 05:00:00+00:00,788.0,1116.0
2019-12-20 06:00:00+00:00,782.5,1159.75
2019-12-20 07:00:00+00:00,787.75,1283.0
2019-12-20 08:00:00+00:00,783.5,1351.25
2019-12-20 09:00:00+00:00,789.75,1413.5
2019-12-20 10:00:00+00:00,791.25,1419.0
2019-12-20 11:00:00+00:00,790.5,1492.75
2019-12-20 12:00:00+00:00,789.5,1480.0
2019-12-20 13:00:00+00:00,791.25,1474.5
2019-12-20 14:00:00+00:00,795.25,1320.5
2019-12-20 15:00:00+00:00,798.5,1236.25
2019-12-20 16:00:00+00:00,797.75,1322.0
2019-12-20 17:00:00+00:00,801.75,1341.0
2019-12-20 18:00:00+00:00,805.5,1290.75
2019-12-20 19:00:00+00:00,806.0,1297.5
2019-12-20 20:00:00+00:00,804.75,1329.75
2019-12-20 21:00:00+00:00,805.0,1353.25
2019-12-20 22:00:00+00:00,801.0,1273.25
2019-12-20 23:00:00+00:00,763.75,1205.0
2019-12-21 00:00:00+00:00,737.0,1092.75
2019-12-21 01:00:00+00:00,739.5,995.0
2019-12-21 02:00:00+00:00,755.25,857.5
2019-12-21 03:00:00+00:00,766.5,833.5
2019-12-21 04:00:00+00:00,738.25,841.25
2019-12-21 05:00:00+00:00,716.5,800.0
2019-12-21 06:00:00+00:00,722.0,849.5
2019-12-21 07:00:00+00:00,716.5,860.25
2019-12-21 08:00:00+00:00,741.25,927.25
2019-12-21 09:00:00+00:00,750.5,985.5
2019-12-21 10:00:00+00:00,779.0,1023.0
2019-12-21 11:00:00+00:00,779.0,1024.75
2019-12-21 12:00:00+00:00,785.0,995.75
2019-12-21 13:00:00+00:00,780.75,933.5
2019-12-21 14:00:00+00:00,779.75,879.75
2019-12-21 15:00:00+00:00,762.25,927.0
2019-12-21 16:00:00+00:00,780.75,971.5
2019-12-21 17:00:00+00:00,785.0,992.25
2019-12-21 18:00:00+00:00,793.5,904.25
2019-12-21 19:00:00+00:00,785.25,862.0
2019-12-21 20:00:00+00:00,781.25,883.5
2019-12-21 21:00:00+00:00,720.25,879.75
2019-12-21 22:00:00+00:00,607.75,829.75
2019-12-21 23:00:00+00:00,653.0,885.25
2019-12-22 00:00:00+00:00,623.75,828.25
2019-12-22 01:00:00+00:00,577.5,787.25
2019-12-22 02:00:00+00:00,605.5,775.25
2019-12-22 03:00:00+00:00,538.75,713.75
2019-12-22 04:00:00+00:00,453.0,577.25
2019-12-22 05:00:00+00:00,453.75,463.0
2019-12-22 06:00:00+00:00,411.25,406.5
2019-12-22 07:00:00+00:00,416.0,371.5
2019-12-22 08:00:00+00:00,392.0,349.0
2019-12-22 09:00:00+00:00,373.75,318.25
2019-12-22 10:00:00+00:00,325.75,291.75
2019-12-22 11:00:00+00:00,232.0,325.75
2019-12-22 12:00:00+00:00,257.5,511.25
2019-12-22 13:00:00+00:00,270.5,642.75
2019-12-22 14:00:00+00:00,290.0,709.75
2019-12-22 15:00:00+00:00,340.25,712.25
2019-12-22 16:00:00+00:00,319.25,804.25
2019-12-22 17:00:00+00:00,335.25,1112.0
2019-12-22 18:00:00+00:00,367.75,1175.25
2019-12-22 19:00:00+00:00,424.5,1046.75
2019-12-22 20:00:00+00:00,564.25,932.5
2019-12-22 21:00:00+00:00,737.75,966.75
2019-12-22 22:00:00+00:00,723.0,953.5
2019-12-22 23:00:00+00:00,692.25,897.0
2019-12-23 00:00:00+00:00,681.25,801.5
2019-12-23 01:00:00+00:00,659.75,753.75
2019-12-23 02:00:00+00:00,683.25,772.75
2019-12-23 03:00:00+00:00,731.75,778.25
2019-12-23 04:00:00+00:00,646.75,783.5
2019-12-23 05:00:00+00:00,655.75,779.0
2019-12-23 06:00:00+00:00,634.0,731.0
2019-12-23 07:00:00+00:00,609.75,800.0
2019-12-23 08:00:00+00:00,703.0,767.0
2019-12-23 09:00:00+00:00,714.5,773.25
2019-12-23 10:00:00+00:00,725.0,881.25
2019-12-23 11:00:00+00:00,704.0,974.0
2019-12-23 12:00:00+00:00,637.5,1024.75
2019-12-23 13:00:00+00:00,608.5,1003.5
2019-12-23 14:00:00+00:00,692.0,985.25
2019-12-23 15:00:00+00:00,728.5,1016.75
2019-12-23 16:00:00+00:00,758.5,1020.0
2019-12-23 17:00:00+00:00,754.5,975.0
2019-12-23 18:00:00+00:00,761.25,893.25
2019-12-23 19:00:00+00:00,769.75,865.75
2019-12-23 20:00:00+00:00,774.25,912.5
2019-12-23 21:00:00+00:00,786.25,912.0
2019-12-23 22:00:00+00:00,759.0,880.75
2019-12-23 23:00:00+00:00,727.75,916.25
2019-12-24 00:00:00+00:00,667.75,869.75
2019-12-24 01:00:00+00:00,671.25,743.5
2019-12-24 02:00:00+00:00,704.25,799.0
2019-12-24 03:00:00+00:00,706.5,786.75
2019-12-24 04:00:00+00:00,661.25,748.25
2019-12-24 05:00:00+00:00,653.75,697.75
2019-12-24 06:00:00+00:00,531.5,689.75
2019-12-24 07:00:00+00:00,439.5,748.0
2019-12-24 08:00:00+00:00,418.0,767.0
2019-12-24 09:00:00+00:00,446.5,768.5
2019-12-24 10:00:00+00:00,408.25,782.5
2019-12-24 11:00:00+00:00,401.5,882.5
2019-12-24 12:00:00+00:00,308.75,1241.5
2019-12-24 13:00:00+00:00,251.0,1380.25
2019-12-24 14:00:00+00:00,240.75,1407.0
2019-12-24 15:00:00+00:00,234.25,1342.5
2019-12-24 16:00:00+00:00,225.75,1224.25
2019-12-24 17:00:00+00:00,214.25,1133.0
2019-12-24 18:00:00+00:00,211.75,1011.0
2019-12-24 19:00:00+00:00,167.5,918.5
2019-12-24 20:00:00+00:00,158.0,837.75
2019-12-24 21:00:00+00:00,203.5,742.0
2019-12-24 22:00:00+00:00,222.25,623.25
2019-12-24 23:00:00+00:00,173.75,611.0
2019-12-25 00:00:00+00:00,235.75,611.75
2019-12-25 01:00:00+00:00,262.25,692.75
2019-12-25 02:00:00+00:00,295.0,742.5
2019-12-25 03:00:00+00:00,366.0,751.25
2019-12-25 04:00:00+00:00,418.0,718.75
2019-12-25 05:00:00+00:00,433.75,723.5
2019-12-25 06:00:00+00:00,456.0,738.5
2019-12-25 07:00:00+00:00,449.5,621.75
2019-12-25 08:00:00+00:00,390.0,629.0
2019-12-25 09:00:00+00:00,372.5,605.75
2019-12-25 10:00:00+00:00,348.25,485.75
2019-12-25 11:00:00+00:00,350.25,443.0
2019-12-25 12:00:00+00:00,324.5,411.75
2019-12-25 13:00:00+00:00,348.0,384.0
2019-12-25 14:00:00+00:00,325.0,342.75
2019-12-25 15:00:00+00:00,293.75,320.5
2019-12-25 16:00:00+00:00,267.0,295.5
2019-12-25 17:00:00+00:00,207.5,225.75
2019-12-25 18:00:00+00:00,118.0,133.0
2019-12-25 19:00:00+00:00,131.5,110.25
2019-12-25 20:00:00+00:00,126.0,101.5
2019-12-25 21:00:00+00:00,118.5,120.0
2019-12-25 22:00:00+00:00,158.5,94.0
2019-12-25 23:00:00+00:00,147.75,87.0
2019-12-26 00:00:00+00:00,107.5,81.25
2019-12-26 01:00:00+00:00,75.25,72.75
2019-12-26 02:00:00+00:00,57.25,78.5
2019-12-26 03:00:00+00:00,39.25,75.75
2019-12-26 04:00:00+00:00,27.0,92.25
2019-12-26 05:00:00+00:00,35.5,126.75
2019-12-26 06:00:00+00:00,28.5,150.75
2019-12-26 07:00:00+00:00,26.25,177.25
2019-12-26 08:00:00+00:00,41.0,217.5
2019-12-26 09:00:00+00:00,65.0,250.25
2019-12-26 10:00:00+00:00,110.0,290.0
2019-12-26 11:00:00+00:00,104.0,328.75
2019-12-26 12:00:00+00:00,140.0,344.25
2019-12-26 13:00:00+00:00,148.25,373.25
2019-12-26 14:00:00+00:00,178.5,377.25
2019-12-26 15:00:00+00:00,192.5,353.25
2019-12-26 16:00:00+00:00,172.25,441.75
2019-12-26 17:00:00+00:00,206.25,515.75
2019-12-26 18:00:00+00:00,249.0,568.25
2019-12-26 19:00:00+00:00,284.0,605.0
2019-12-26 20:00:00+00:00,290.5,590.0
2019-12-26 21:00:00+00:00,333.0,578.75
2019-12-26 22:00:00+00:00,329.75,501.75
2019-12-26 23:00:00+00:00,323.0,429.0
2019-12-27 00:00:00+00:00,354.0,371.75
2019-12-27 01:00:00+00:00,355.75,341.75
2019-12-27 02:00:00+00:00,314.75,400.0
2019-12-27 03:00:00+00:00,248.0,420.5
2019-12-27 04:00:00+00:00,212.0,428.25
2019-12-27 05:00:00+00:00,236.0,471.75
2019-12-27 06:00:00+00:00,245.5,533.25
2019-12-27 07:00:00+00:00,231.0,528.25
2019-12-27 08:00:00+00:00,299.75,549.0
2019-12-27 09:00:00+00:00,338.25,493.5
2019-12-27 10:00:00+00:00,290.75,387.25
2019-12-27 11:00:00+00:00,245.5,236.0
2019-12-27 12:00:00+00:00,149.0,177.75
2019-12-27 13:00:00+00:00,105.25,151.5
2019-12-27 14:00:00+00:00,108.0,114.25
2019-12-27 15:00:00+00:00,101.75,159.5
2019-12-27 16:00:00+00:00,216.5,275.0
2019-12-27 17:00:00+00:00,216.25,267.5
2019-12-27 18:00:00+00:00,264.25,244.0
2019-12-27 19:00:00+00:00,321.5,292.25
2019-12-27 20:00:00+00:00,331.75,299.5
2019-12-27 21:00:00+00:00,381.25,265.0
2019-12-27 22:00:00+00:00,364.75,259.5
2019-12-27 23:00:00+00:00,324.25,328.75
2019-12-28 00:00:00+00:00,217.0,338.25
2019-12-28 01:00:00+00:00,181.75,244.0
2019-12-28 02:00:00+00:00,206.75,226.75
2019-12-28 03:00:00+00:00,354.5,219.0
2019-12-28 04:00:00+00:00,370.25,190.0
2019-12-28 05:00:00+00:00,342.5,160.0
2019-12-28 06:00:00+00:00,329.0,125.0
2019-12-28 07:00:00+00:00,365.0,112.75
2019-12-28 08:00:00+00:00,307.25,129.5
2019-12-28 09:00:00+00:00,337.75,132.5
2019-12-28 10:00:00+00:00,385.5,137.0
2019-12-28 11:00:00+00:00,339.5,61.0
2019-12-28 12:00:00+00:00,274.5,64.25
2019-12-28 13:00:00+00:00,311.0,84.75
2019-12-28 14:00:00+00:00,271.25,77.25
2019-12-28 15:00:00+00:00,246.75,98.75
2019-12-28 16:00:00+00:00,237.0,150.25
2019-12-28 17:00:00+00:00,297.75,188.5
2019-12-28 18:00:00+00:00,421.0,276.5
2019-12-28 19:00:00+00:00,502.75,251.0
2019-12-28 20:00:00+00:00,442.25,270.0
2019-12-28 21:00:00+00:00,504.25,279.25
2019-12-28 22:00:00+00:00,467.25,252.25
2019-12-28 23:00:00+00:00,383.5,233.25
2019-12-29 00:00:00+00:00,418.0,251.75
2019-12-29 01:00:00+00:00,373.5,269.25
2019-12-29 02:00:00+00:00,362.0,225.5
2019-12-29 03:00:00+00:00,352.5,219.75
2019-12-29 04:00:00+00:00,420.75,241.0
2019-12-29 05:00:00+00:00,438.0,251.5
2019-12-29 06:00:00+00:00,433.5,244.25
2019-12-29 07:00:00+00:00,517.25,281.5
2019-12-29 08:00:00+00:00,618.75,320.5
2019-12-29 09:00:00+00:00,597.5,299.75
2019-12-29 10:00:00+00:00,615.0,285.5
2019-12-29 11:00:00+00:00,606.25,368.75
2019-12-29 12:00:00+00:00,593.25,381.75
2019-12-29 13:00:00+00:00,616.0,273.75
2019-12-29 14:00:00+00:00,623.5,230.75
2019-12-29 15:00:00+00:00,654.25,329.0
2019-12-29 16:00:00+00:00,669.75,500.0
2019-12-29 17:00:00+00:00,677.25,650.5
2019-12-29 18:00:00+00:00,692.5,628.0
2019-12-29 19:00:00+00:00,706.25,747.5
2019-12-29 20:00:00+00:00,720.0,803.0
2019-12-29 21:00:00+00:00,709.75,867.5
2019-12-29 22:00:00+00:00,729.25,896.0
2019-12-29 23:00:00+00:00,731.5,892.25
2019-12-30 00:00:00+00:00,731.0,968.25
2019-12-30 01:00:00+00:00,763.5,996.25
2019-12-30 02:00:00+00:00,763.0,960.75
2019-12-30 03:00:00+00:00,761.0,972.75
2019-12-30 04:00:00+00:00,759.25,909.75
2019-12-30 05:00:00+00:00,764.0,883.0
2019-12-30 06:00:00+00:00,744.75,876.0
2019-12-30 07:00:00+00:00,743.75,895.0
2019-12-30 08:00:00+00:00,749.75,891.25
2019-12-30 09:00:00+00:00,752.5,842.75
2019-12-30 10:00:00+00:00,743.75,767.5
2019-12-30 11:00:00+00:00,737.0,727.5
2019-12-30 12:00:00+00:00,741.25,729.0
2019-12-30 13:00:00+00:00,732.5,758.0
2019-12-30 14:00:00+00:00,740.0,878.5
2019-12-30 15:00:00+00:00,719.5,1008.5
2019-12-30 16:00:00+00:00,739.75,1110.25
2019-12-30 17:00:00+00:00,685.75,1091.75
2019-12-30 18:00:00+00:00,607.25,1052.0
2019-12-30 19:00:00+00:00,587.75,985.75
2019-12-30 20:00:00+00:00,660.5,924.0
2019-12-30 21:00:00+00:00,612.25,830.5
2019-12-30 22:00:00+00:00,539.25,688.0
2019-12-30 23:00:00+00:00,408.75,621.25
2019-12-31 00:00:00+00:00,428.5,508.5
2019-12-31 01:00:00+00:00,539.25,366.75
2019-12-31 02:00:00+00:00,557.75,389.75
2019-12-31 03:00:00+00:00,561.25,290.75
2019-12-31 04:00:00+00:00,507.0,292.0
2019-12-31 05:00:00+00:00,445.25,220.75
2019-12-31 06:00:00+00:00,349.75,171.75
2019-12-31 07:00:00+00:00,259.0,163.25
2019-12-31 08:00:00+00:00,210.0,154.25
2019-12-31 09:00:00+00:00,146.25,171.0
2019-12-31 10:00:00+00:00,137.0,142.25
2019-12-31 11:00:00+00:00,183.75,126.5
2019-12-31 12:00:00+00:00,158.5,88.0
2019-12-31 13:00:00+00:00,164.0,66.75
2019-12-31 14:00:00+00:00,83.5,78.0
2019-12-31 15:00:00+00:00,76.75,91.0
2019-12-31 16:00:00+00:00,46.75,89.0
2019-12-31 17:00:00+00:00,22.25,113.75
2019-12-31 18:00:00+00:00,7.75,123.25
2019-12-31 19:00:00+00:00,17.25,151.5
2019-12-31 20:00:00+00:00,29.75,178.75
2019-12-31 21:00:00+00:00,34.0,153.75
2019-12-31 22:00:00+00:00,41.75,151.25
