Timestamp (UTC),Wind_Offshore_MW,Wind_Onshore_MW
2022-12-31 23:00:00+00:00,1286.25,1792.5
2023-01-01 00:00:00+00:00,1194.0,1868.75
2023-01-01 01:00:00+00:00,1198.0,1840.0
2023-01-01 02:00:00+00:00,1187.25,1778.5
2023-01-01 03:00:00+00:00,1249.0,1775.0
2023-01-01 04:00:00+00:00,1249.75,1767.25
2023-01-01 05:00:00+00:00,1340.25,1819.0
2023-01-01 06:00:00+00:00,1784.75,1695.75
2023-01-01 07:00:00+00:00,2035.5,1937.5
2023-01-01 08:00:00+00:00,2187.5,1911.5
2023-01-01 09:00:00+00:00,1949.0,2008.75
2023-01-01 10:00:00+00:00,1976.75,1928.0
2023-01-01 11:00:00+00:00,1988.75,2047.5
2023-01-01 12:00:00+00:00,1807.25,1596.75
2023-01-01 13:00:00+00:00,1852.25,1759.0
2023-01-01 14:00:00+00:00,1715.25,1567.75
2023-01-01 15:00:00+00:00,1366.25,1318.75
2023-01-01 16:00:00+00:00,1204.75,1255.75
2023-01-01 17:00:00+00:00,1251.25,1350.75
2023-01-01 18:00:00+00:00,982.75,1113.75
2023-01-01 19:00:00+00:00,1041.25,1099.0
2023-01-01 20:00:00+00:00,1018.25,962.5
2023-01-01 21:00:00+00:00,911.5,685.5
2023-01-01 22:00:00+00:00,1040.0,749.5
2023-01-01 23:00:00+00:00,1064.75,757.5
2023-01-02 00:00:00+00:00,828.75,993.5
2023-01-02 01:00:00+00:00,591.25,1187.5
2023-01-02 02:00:00+00:00,554.5,1198.25
2023-01-02 03:00:00+00:00,369.5,1201.75
2023-01-02 04:00:00+00:00,448.75,1187.25
2023-01-02 05:00:00+00:00,592.75,1260.5
2023-01-02 06:00:00+00:00,593.5,1108.0
2023-01-02 07:00:00+00:00,790.0,827.0
2023-01-02 08:00:00+00:00,945.75,798.5
2023-01-02 09:00:00+00:00,1069.75,1015.5
2023-01-02 10:00:00+00:00,1464.5,988.75
2023-01-02 11:00:00+00:00,1067.5,1238.5
2023-01-02 12:00:00+00:00,1074.25,1204.5
2023-01-02 13:00:00+00:00,1115.75,1056.5
2023-01-02 14:00:00+00:00,1034.25,1131.0
2023-01-02 15:00:00+00:00,1005.5,1079.75
2023-01-02 16:00:00+00:00,945.0,1067.5
2023-01-02 17:00:00+00:00,1023.25,956.25
2023-01-02 18:00:00+00:00,1015.5,901.25
2023-01-02 19:00:00+00:00,941.25,931.0
2023-01-02 20:00:00+00:00,705.75,878.5
2023-01-02 21:00:00+00:00,629.0,766.75
2023-01-02 22:00:00+00:00,616.75,692.25
2023-01-02 23:00:00+00:00,566.75,597.75
2023-01-03 00:00:00+00:00,467.5,570.5
2023-01-03 01:00:00+00:00,407.5,456.75
2023-01-03 02:00:00+00:00,355.5,354.75
2023-01-03 03:00:00+00:00,406.25,348.0
2023-01-03 04:00:00+00:00,401.5,353.5
2023-01-03 05:00:00+00:00,545.5,495.0
2023-01-03 06:00:00+00:00,603.0,644.5
2023-01-03 07:00:00+00:00,833.0,737.0
2023-01-03 08:00:00+00:00,1239.25,835.25
2023-01-03 09:00:00+00:00,1741.25,969.75
2023-01-03 10:00:00+00:00,1917.25,1127.25
2023-01-03 11:00:00+00:00,1930.5,1223.5
2023-01-03 12:00:00+00:00,2032.5,1274.25
2023-01-03 13:00:00+00:00,2197.75,1373.5
2023-01-03 14:00:00+00:00,2208.0,1507.5
2023-01-03 15:00:00+00:00,2345.0,1779.25
2023-01-03 16:00:00+00:00,2334.25,2029.0
2023-01-03 17:00:00+00:00,2399.75,2200.25
2023-01-03 18:00:00+00:00,2408.75,2358.25
2023-01-03 19:00:00+00:00,2405.5,2421.5
2023-01-03 20:00:00+00:00,2407.0,2445.5
2023-01-03 21:00:00+00:00,2407.0,2472.5
2023-01-03 22:00:00+00:00,2404.5,2394.0
2023-01-03 23:00:00+00:00,2400.75,2453.5
2023-01-04 00:00:00+00:00,2405.25,2486.5
2023-01-04 01:00:00+00:00,2351.75,2413.75
2023-01-04 02:00:00+00:00,2225.5,2224.5
2023-01-04 03:00:00+00:00,2162.0,2181.0
2023-01-04 04:00:00+00:00,2359.75,2352.75
2023-01-04 05:00:00+00:00,2347.0,2430.0
2023-01-04 06:00:00+00:00,2398.5,2438.25
2023-01-04 07:00:00+00:00,2398.0,2435.25
2023-01-04 08:00:00+00:00,2404.5,2429.25
2023-01-04 09:00:00+00:00,2397.75,2450.25
2023-01-04 10:00:00+00:00,2397.0,2448.25
2023-01-04 11:00:00+00:00,2390.75,2475.0
2023-01-04 12:00:00+00:00,2392.5,2473.5
2023-01-04 13:00:00+00:00,2391.0,2469.25
2023-01-04 14:00:00+00:00,2387.25,2435.75
2023-01-04 15:00:00+00:00,2389.0,2483.25
2023-01-04 16:00:00+00:00,2398.5,2465.5
2023-01-04 17:00:00+00:00,2381.25,2459.5
2023-01-04 18:00:00+00:00,2384.5,2463.5
2023-01-04 19:00:00+00:00,2385.5,2451.0
2023-01-04 20:00:00+00:00,2382.75,2463.25
2023-01-04 21:00:00+00:00,2378.25,2459.25
2023-01-04 22:00:00+00:00,2300.0,2419.75
2023-01-04 23:00:00+00:00,2389.5,2429.5
2023-01-05 00:00:00+00:00,2392.0,2403.0
2023-01-05 01:00:00+00:00,2390.25,2380.75
2023-01-05 02:00:00+00:00,2213.75,2256.75
2023-01-05 03:00:00+00:00,2380.5,2330.0
2023-01-05 04:00:00+00:00,2372.75,2239.0
2023-01-05 05:00:00+00:00,2331.0,2111.25
2023-01-05 06:00:00+00:00,2237.75,2044.25
2023-01-05 07:00:00+00:00,2024.5,1808.25
2023-01-05 08:00:00+00:00,1603.5,1558.75
2023-01-05 09:00:00+00:00,1222.75,1387.25
2023-01-05 10:00:00+00:00,918.5,1172.0
2023-01-05 11:00:00+00:00,786.0,1125.5
2023-01-05 12:00:00+00:00,941.25,960.5
2023-01-05 13:00:00+00:00,1071.75,748.75
2023-01-05 14:00:00+00:00,963.5,665.0
2023-01-05 15:00:00+00:00,1096.0,756.0
2023-01-05 16:00:00+00:00,1339.25,916.75
2023-01-05 17:00:00+00:00,1660.75,1021.25
2023-01-05 18:00:00+00:00,2010.25,1268.0
2023-01-05 19:00:00+00:00,2009.25,1464.5
2023-01-05 20:00:00+00:00,2184.75,1722.75
2023-01-05 21:00:00+00:00,2262.75,1811.25
2023-01-05 22:00:00+00:00,2157.0,1878.75
2023-01-05 23:00:00+00:00,2257.75,1997.0
2023-01-06 00:00:00+00:00,2305.5,2094.0
2023-01-06 01:00:00+00:00,2309.5,2180.25
2023-01-06 02:00:00+00:00,2330.25,2233.5
2023-01-06 03:00:00+00:00,2338.0,2259.75
2023-01-06 04:00:00+00:00,2319.5,2307.25
2023-01-06 05:00:00+00:00,2314.25,2386.75
2023-01-06 06:00:00+00:00,2086.5,2425.0
2023-01-06 07:00:00+00:00,1618.75,2082.5
2023-01-06 08:00:00+00:00,1496.25,1603.75
2023-01-06 09:00:00+00:00,1478.25,1446.0
2023-01-06 10:00:00+00:00,1420.5,1479.0
2023-01-06 11:00:00+00:00,1360.25,1564.0
2023-01-06 12:00:00+00:00,1437.0,1520.5
2023-01-06 13:00:00+00:00,1398.75,1261.75
2023-01-06 14:00:00+00:00,1293.25,1205.0
2023-01-06 15:00:00+00:00,1324.75,1144.0
2023-01-06 16:00:00+00:00,1342.75,1120.5
2023-01-06 17:00:00+00:00,1438.0,1047.75
2023-01-06 18:00:00+00:00,1928.25,1076.5
2023-01-06 19:00:00+00:00,2181.25,1199.25
2023-01-06 20:00:00+00:00,2229.75,1440.75
2023-01-06 21:00:00+00:00,2234.75,1641.5
2023-01-06 22:00:00+00:00,2210.75,1645.25
2023-01-06 23:00:00+00:00,2038.0,1823.25
2023-01-07 00:00:00+00:00,2095.75,1780.75
2023-01-07 01:00:00+00:00,2225.25,1808.25
2023-01-07 02:00:00+00:00,2228.0,1842.5
2023-01-07 03:00:00+00:00,2226.0,1759.0
2023-01-07 04:00:00+00:00,2220.0,1772.0
2023-01-07 05:00:00+00:00,2216.5,1804.25
2023-01-07 06:00:00+00:00,2193.5,1856.5
2023-01-07 07:00:00+00:00,2222.0,1903.75
2023-01-07 08:00:00+00:00,2381.75,1936.0
2023-01-07 09:00:00+00:00,2381.75,2074.75
2023-01-07 10:00:00+00:00,2366.75,1988.75
2023-01-07 11:00:00+00:00,2372.25,2000.25
2023-01-07 12:00:00+00:00,2376.25,2105.5
2023-01-07 13:00:00+00:00,2392.5,2183.25
2023-01-07 14:00:00+00:00,2391.75,2253.75
2023-01-07 15:00:00+00:00,2381.25,2205.25
2023-01-07 16:00:00+00:00,2387.5,2297.5
2023-01-07 17:00:00+00:00,2387.0,2314.0
2023-01-07 18:00:00+00:00,2390.0,2322.25
2023-01-07 19:00:00+00:00,2384.5,2307.0
2023-01-07 20:00:00+00:00,2363.0,2298.75
2023-01-07 21:00:00+00:00,2184.25,2293.0
2023-01-07 22:00:00+00:00,2123.0,2256.5
2023-01-07 23:00:00+00:00,1765.75,2168.25
2023-01-08 00:00:00+00:00,1710.0,1979.5
2023-01-08 01:00:00+00:00,1878.75,1697.25
2023-01-08 02:00:00+00:00,1848.0,1577.5
2023-01-08 03:00:00+00:00,1869.0,1457.5
2023-01-08 04:00:00+00:00,1903.25,1530.0
2023-01-08 05:00:00+00:00,1900.0,1503.75
2023-01-08 06:00:00+00:00,1874.75,1561.0
2023-01-08 07:00:00+00:00,1871.25,1736.75
2023-01-08 08:00:00+00:00,1889.75,1826.0
2023-01-08 09:00:00+00:00,1681.75,1797.0
2023-01-08 10:00:00+00:00,1709.75,1787.25
2023-01-08 11:00:00+00:00,1645.0,1677.75
2023-01-08 12:00:00+00:00,1681.5,1656.0
2023-01-08 13:00:00+00:00,1791.75,1688.25
2023-01-08 14:00:00+00:00,1729.5,1689.5
2023-01-08 15:00:00+00:00,1827.5,1697.25
2023-01-08 16:00:00+00:00,2009.75,1732.75
2023-01-08 17:00:00+00:00,2164.0,1783.25
2023-01-08 18:00:00+00:00,2079.25,1855.75
2023-01-08 19:00:00+00:00,2060.5,1977.25
2023-01-08 20:00:00+00:00,1981.5,2027.25
2023-01-08 21:00:00+00:00,1871.5,1945.25
2023-01-08 22:00:00+00:00,1767.25,1904.5
2023-01-08 23:00:00+00:00,1871.5,1699.0
2023-01-09 00:00:00+00:00,1906.75,1657.0
2023-01-09 01:00:00+00:00,2162.5,1514.0
2023-01-09 02:00:00+00:00,2176.5,1372.25
2023-01-09 03:00:00+00:00,2088.0,1559.0
2023-01-09 04:00:00+00:00,1947.0,1547.0
2023-01-09 05:00:00+00:00,2056.25,1553.5
2023-01-09 06:00:00+00:00,1965.0,1437.25
2023-01-09 07:00:00+00:00,1900.75,1191.75
2023-01-09 08:00:00+00:00,1767.0,900.25
2023-01-09 09:00:00+00:00,1674.5,757.75
2023-01-09 10:00:00+00:00,1630.75,922.0
2023-01-09 11:00:00+00:00,1717.75,1058.25
2023-01-09 12:00:00+00:00,1760.75,1222.0
2023-01-09 13:00:00+00:00,1753.5,1309.25
2023-01-09 14:00:00+00:00,1805.0,1219.5
2023-01-09 15:00:00+00:00,1892.0,1197.25
2023-01-09 16:00:00+00:00,2000.75,1034.0
2023-01-09 17:00:00+00:00,2161.5,1125.25
2023-01-09 18:00:00+00:00,2077.25,1294.75
2023-01-09 19:00:00+00:00,2130.5,1400.0
2023-01-09 20:00:00+00:00,2032.0,1660.5
2023-01-09 21:00:00+00:00,1996.75,1456.0
2023-01-09 22:00:00+00:00,2142.0,1214.25
2023-01-09 23:00:00+00:00,2204.25,1298.75
2023-01-10 00:00:00+00:00,2057.25,1481.5
2023-01-10 01:00:00+00:00,2009.25,1473.75
2023-01-10 02:00:00+00:00,1889.75,1531.75
2023-01-10 03:00:00+00:00,1649.0,1402.0
2023-01-10 04:00:00+00:00,1421.5,1310.0
2023-01-10 05:00:00+00:00,1013.25,1121.75
2023-01-10 06:00:00+00:00,1154.25,1180.75
2023-01-10 07:00:00+00:00,1254.0,1097.75
2023-01-10 08:00:00+00:00,1459.75,1177.25
2023-01-10 09:00:00+00:00,1727.75,1279.75
2023-01-10 10:00:00+00:00,2190.25,1350.25
2023-01-10 11:00:00+00:00,2341.75,1549.25
2023-01-10 12:00:00+00:00,2364.0,1768.25
2023-01-10 13:00:00+00:00,2380.75,1922.0
2023-01-10 14:00:00+00:00,2376.5,2199.75
2023-01-10 15:00:00+00:00,2384.25,2328.75
2023-01-10 16:00:00+00:00,2388.0,2438.5
2023-01-10 17:00:00+00:00,2385.5,2464.5
2023-01-10 18:00:00+00:00,2380.75,2499.5
2023-01-10 19:00:00+00:00,2376.5,2487.75
2023-01-10 20:00:00+00:00,2349.25,2453.5
2023-01-10 21:00:00+00:00,2346.25,2435.25
2023-01-10 22:00:00+00:00,2363.25,2418.5
2023-01-10 23:00:00+00:00,2229.25,2369.5
2023-01-11 00:00:00+00:00,2198.0,2339.0
2023-01-11 01:00:00+00:00,1841.75,1981.75
2023-01-11 02:00:00+00:00,1832.25,1912.5
2023-01-11 03:00:00+00:00,1861.5,1806.75
2023-01-11 04:00:00+00:00,2299.0,2006.0
2023-01-11 05:00:00+00:00,2292.25,1780.25
2023-01-11 06:00:00+00:00,2297.75,1765.75
2023-01-11 07:00:00+00:00,2231.0,1740.75
2023-01-11 08:00:00+00:00,2127.5,1600.75
2023-01-11 09:00:00+00:00,2320.75,1488.5
2023-01-11 10:00:00+00:00,2334.0,1744.25
2023-01-11 11:00:00+00:00,2360.0,2045.75
2023-01-11 12:00:00+00:00,2368.25,2236.75
2023-01-11 13:00:00+00:00,2366.25,2177.75
2023-01-11 14:00:00+00:00,2381.75,2141.5
2023-01-11 15:00:00+00:00,2375.75,2114.5
2023-01-11 16:00:00+00:00,2369.75,2227.5
2023-01-11 17:00:00+00:00,2378.25,2361.25
2023-01-11 18:00:00+00:00,2376.75,2421.75
2023-01-11 19:00:00+00:00,2354.0,2439.5
2023-01-11 20:00:00+00:00,2363.75,2436.0
2023-01-11 21:00:00+00:00,2368.25,2445.0
2023-01-11 22:00:00+00:00,2336.0,2362.25
2023-01-11 23:00:00+00:00,2319.0,2339.0
2023-01-12 00:00:00+00:00,2318.0,2314.0
2023-01-12 01:00:00+00:00,2332.25,2275.5
2023-01-12 02:00:00+00:00,2319.75,2170.75
2023-01-12 03:00:00+00:00,2272.75,2258.5
2023-01-12 04:00:00+00:00,2160.75,2398.75
2023-01-12 05:00:00+00:00,2142.5,2450.75
2023-01-12 06:00:00+00:00,2184.75,2397.5
2023-01-12 07:00:00+00:00,2249.5,2407.25
2023-01-12 08:00:00+00:00,2275.25,2439.75
2023-01-12 09:00:00+00:00,2284.0,2434.5
2023-01-12 10:00:00+00:00,2318.25,2385.0
2023-01-12 11:00:00+00:00,2331.5,2355.0
2023-01-12 12:00:00+00:00,2275.25,2345.25
2023-01-12 13:00:00+00:00,2141.25,2358.0
2023-01-12 14:00:00+00:00,2191.0,2295.5
2023-01-12 15:00:00+00:00,2303.75,2192.25
2023-01-12 16:00:00+00:00,2319.25,2230.25
2023-01-12 17:00:00+00:00,2320.75,2276.75
2023-01-12 18:00:00+00:00,2323.0,2315.25
2023-01-12 19:00:00+00:00,2333.5,2313.25
2023-01-12 20:00:00+00:00,2321.75,2292.5
2023-01-12 21:00:00+00:00,2312.25,2271.5
2023-01-12 22:00:00+00:00,2270.25,2224.75
2023-01-12 23:00:00+00:00,2330.0,2204.0
2023-01-13 00:00:00+00:00,2333.0,2252.75
2023-01-13 01:00:00+00:00,2336.5,2214.25
2023-01-13 02:00:00+00:00,2313.5,2225.0
2023-01-13 03:00:00+00:00,2316.75,2214.5
2023-01-13 04:00:00+00:00,2296.0,2257.75
2023-01-13 05:00:00+00:00,2290.75,2276.0
2023-01-13 06:00:00+00:00,2300.25,2297.75
2023-01-13 07:00:00+00:00,2283.25,2292.75
2023-01-13 08:00:00+00:00,2253.0,2284.25
2023-01-13 09:00:00+00:00,2223.0,2305.0
2023-01-13 10:00:00+00:00,2238.0,2310.75
2023-01-13 11:00:00+00:00,2262.25,2331.0
2023-01-13 12:00:00+00:00,2290.75,2340.0
2023-01-13 13:00:00+00:00,2329.25,2334.25
2023-01-13 14:00:00+00:00,2305.75,2306.0
2023-01-13 15:00:00+00:00,2320.25,2307.25
2023-01-13 16:00:00+00:00,2326.0,2301.75
2023-01-13 17:00:00+00:00,2324.5,2291.5
2023-01-13 18:00:00+00:00,2331.5,2277.75
2023-01-13 19:00:00+00:00,2314.5,2349.0
2023-01-13 20:00:00+00:00,2295.25,2274.0
2023-01-13 21:00:00+00:00,2266.0,2171.5
2023-01-13 22:00:00+00:00,2144.25,2073.75
2023-01-13 23:00:00+00:00,1675.5,1977.0
2023-01-14 00:00:00+00:00,1405.75,1838.25
2023-01-14 01:00:00+00:00,1350.5,1645.0
2023-01-14 02:00:00+00:00,1470.75,1455.5
2023-01-14 03:00:00+00:00,1742.25,1418.25
2023-01-14 04:00:00+00:00,1806.25,1555.5
2023-01-14 05:00:00+00:00,1869.0,1755.25
2023-01-14 06:00:00+00:00,1869.0,1958.75
2023-01-14 07:00:00+00:00,1900.0,2083.25
2023-01-14 08:00:00+00:00,1937.0,2188.5
2023-01-14 09:00:00+00:00,2193.75,2217.0
2023-01-14 10:00:00+00:00,2226.0,2362.0
2023-01-14 11:00:00+00:00,2218.0,2429.5
2023-01-14 12:00:00+00:00,2236.5,2440.5
2023-01-14 13:00:00+00:00,2226.75,2417.75
2023-01-14 14:00:00+00:00,2214.5,2433.25
2023-01-14 15:00:00+00:00,2207.25,2308.75
2023-01-14 16:00:00+00:00,2270.5,2421.0
2023-01-14 17:00:00+00:00,2219.75,2405.0
2023-01-14 18:00:00+00:00,2186.0,2321.75
2023-01-14 19:00:00+00:00,2223.0,2298.75
2023-01-14 20:00:00+00:00,2224.25,1988.0
2023-01-14 21:00:00+00:00,1900.75,1982.75
2023-01-14 22:00:00+00:00,1833.5,2062.5
2023-01-14 23:00:00+00:00,1877.25,2029.25
2023-01-15 00:00:00+00:00,1871.75,2023.5
2023-01-15 01:00:00+00:00,1901.5,2094.25
2023-01-15 02:00:00+00:00,1886.25,2035.75
2023-01-15 03:00:00+00:00,1907.75,2072.5
2023-01-15 04:00:00+00:00,1910.25,2172.25
2023-01-15 05:00:00+00:00,1908.0,2220.25
2023-01-15 06:00:00+00:00,1888.25,2331.75
2023-01-15 07:00:00+00:00,1918.75,2340.0
2023-01-15 08:00:00+00:00,1960.25,2368.5
2023-01-15 09:00:00+00:00,2092.75,2294.5
2023-01-15 10:00:00+00:00,2050.25,2305.0
2023-01-15 11:00:00+00:00,2102.0,2441.25
2023-01-15 12:00:00+00:00,2205.5,2452.75
2023-01-15 13:00:00+00:00,2280.25,2453.5
2023-01-15 14:00:00+00:00,2285.25,2384.0
2023-01-15 15:00:00+00:00,2217.0,2260.5
2023-01-15 16:00:00+00:00,2076.75,2215.0
2023-01-15 17:00:00+00:00,2102.0,2079.5
2023-01-15 18:00:00+00:00,2093.25,1947.0
2023-01-15 19:00:00+00:00,1806.75,1762.5
2023-01-15 20:00:00+00:00,1392.5,1525.75
2023-01-15 21:00:00+00:00,1619.75,1366.25
2023-01-15 22:00:00+00:00,1458.25,1158.5
2023-01-15 23:00:00+00:00,1158.5,1089.25
2023-01-16 00:00:00+00:00,1206.75,1048.5
2023-01-16 01:00:00+00:00,1452.5,937.0
2023-01-16 02:00:00+00:00,1560.5,921.75
2023-01-16 03:00:00+00:00,1589.25,1091.25
2023-01-16 04:00:00+00:00,1838.0,849.25
2023-01-16 05:00:00+00:00,1953.75,936.75
2023-01-16 06:00:00+00:00,1897.25,1189.0
2023-01-16 07:00:00+00:00,1780.75,1281.25
2023-01-16 08:00:00+00:00,1400.25,1366.25
2023-01-16 09:00:00+00:00,1019.75,1358.25
2023-01-16 10:00:00+00:00,660.5,1305.5
2023-01-16 11:00:00+00:00,380.25,1138.5
2023-01-16 12:00:00+00:00,459.0,739.0
2023-01-16 13:00:00+00:00,1389.25,539.25
2023-01-16 14:00:00+00:00,1477.0,479.0
2023-01-16 15:00:00+00:00,1679.5,681.75
2023-01-16 16:00:00+00:00,1719.5,824.25
2023-01-16 17:00:00+00:00,1718.75,945.75
2023-01-16 18:00:00+00:00,1706.5,1349.5
2023-01-16 19:00:00+00:00,1784.25,1531.75
2023-01-16 20:00:00+00:00,1924.0,1626.25
2023-01-16 21:00:00+00:00,2057.5,1616.25
2023-01-16 22:00:00+00:00,2072.25,1872.0
2023-01-16 23:00:00+00:00,2012.75,1986.5
2023-01-17 00:00:00+00:00,1749.0,1850.75
2023-01-17 01:00:00+00:00,1451.25,1620.5
2023-01-17 02:00:00+00:00,1268.0,1544.25
2023-01-17 03:00:00+00:00,1070.25,1367.5
2023-01-17 04:00:00+00:00,926.25,1075.75
2023-01-17 05:00:00+00:00,875.5,1023.25
2023-01-17 06:00:00+00:00,829.0,908.75
2023-01-17 07:00:00+00:00,712.0,801.0
2023-01-17 08:00:00+00:00,685.25,724.25
2023-01-17 09:00:00+00:00,665.0,702.5
2023-01-17 10:00:00+00:00,632.75,750.25
2023-01-17 11:00:00+00:00,637.75,621.25
2023-01-17 12:00:00+00:00,652.0,610.75
2023-01-17 13:00:00+00:00,687.5,617.25
2023-01-17 14:00:00+00:00,741.5,651.0
2023-01-17 15:00:00+00:00,761.0,589.75
2023-01-17 16:00:00+00:00,748.25,619.0
2023-01-17 17:00:00+00:00,729.25,630.5
2023-01-17 18:00:00+00:00,721.25,665.25
2023-01-17 19:00:00+00:00,548.5,675.75
2023-01-17 20:00:00+00:00,584.75,745.5
2023-01-17 21:00:00+00:00,378.5,827.75
2023-01-17 22:00:00+00:00,621.75,774.0
2023-01-17 23:00:00+00:00,607.0,755.5
2023-01-18 00:00:00+00:00,937.5,804.25
2023-01-18 01:00:00+00:00,1170.25,789.5
2023-01-18 02:00:00+00:00,1175.25,858.25
2023-01-18 03:00:00+00:00,1319.75,736.0
2023-01-18 04:00:00+00:00,1380.25,780.5
2023-01-18 05:00:00+00:00,1561.0,881.75
2023-01-18 06:00:00+00:00,1347.0,931.25
2023-01-18 07:00:00+00:00,1496.75,1040.75
2023-01-18 08:00:00+00:00,1603.0,1202.0
2023-01-18 09:00:00+00:00,1642.0,1264.25
2023-01-18 10:00:00+00:00,1806.25,1397.75
2023-01-18 11:00:00+00:00,1857.75,1533.0
2023-01-18 12:00:00+00:00,1780.75,1707.5
2023-01-18 13:00:00+00:00,1967.75,1797.75
2023-01-18 14:00:00+00:00,1793.0,1980.5
2023-01-18 15:00:00+00:00,1572.25,2067.5
2023-01-18 16:00:00+00:00,1775.75,2131.75
2023-01-18 17:00:00+00:00,1766.0,2117.5
2023-01-18 18:00:00+00:00,1799.75,2117.0
2023-01-18 19:00:00+00:00,1850.5,2061.75
2023-01-18 20:00:00+00:00,2168.0,1890.75
2023-01-18 21:00:00+00:00,2113.75,1824.75
2023-01-18 22:00:00+00:00,2164.5,1674.5
2023-01-18 23:00:00+00:00,2170.5,1651.5
2023-01-19 00:00:00+00:00,1923.25,1585.0
2023-01-19 01:00:00+00:00,1568.25,1524.25
2023-01-19 02:00:00+00:00,1608.0,1615.75
2023-01-19 03:00:00+00:00,1545.5,1612.0
2023-01-19 04:00:00+00:00,1537.75,1716.0
2023-01-19 05:00:00+00:00,1341.5,1614.5
2023-01-19 06:00:00+00:00,1349.0,1538.25
2023-01-19 07:00:00+00:00,1265.5,1437.5
2023-01-19 08:00:00+00:00,1096.0,1152.75
2023-01-19 09:00:00+00:00,1097.25,916.0
2023-01-19 10:00:00+00:00,1125.5,794.25
2023-01-19 11:00:00+00:00,1034.5,898.0
2023-01-19 12:00:00+00:00,861.75,893.25
2023-01-19 13:00:00+00:00,831.25,791.75
2023-01-19 14:00:00+00:00,788.25,714.5
2023-01-19 15:00:00+00:00,711.25,543.25
2023-01-19 16:00:00+00:00,946.5,457.25
2023-01-19 17:00:00+00:00,1074.75,464.75
2023-01-19 18:00:00+00:00,958.75,497.25
2023-01-19 19:00:00+00:00,1003.0,580.5
2023-01-19 20:00:00+00:00,862.5,357.75
2023-01-19 21:00:00+00:00,787.75,464.25
2023-01-19 22:00:00+00:00,618.25,601.25
2023-01-19 23:00:00+00:00,635.5,559.75
2023-01-20 00:00:00+00:00,596.5,634.5
2023-01-20 01:00:00+00:00,665.75,600.25
2023-01-20 02:00:00+00:00,756.75,600.5
2023-01-20 03:00:00+00:00,916.25,601.25
2023-01-20 04:00:00+00:00,1324.75,634.75
2023-01-20 05:00:00+00:00,1622.75,605.75
2023-01-20 06:00:00+00:00,1560.5,672.75
2023-01-20 07:00:00+00:00,1567.25,751.25
2023-01-20 08:00:00+00:00,1459.0,822.5
2023-01-20 09:00:00+00:00,1475.75,753.25
2023-01-20 10:00:00+00:00,1535.5,717.75
2023-01-20 11:00:00+00:00,1508.25,754.0
2023-01-20 12:00:00+00:00,1502.0,661.25
2023-01-20 13:00:00+00:00,1491.25,593.5
2023-01-20 14:00:00+00:00,1463.75,601.0
2023-01-20 15:00:00+00:00,1390.5,489.75
2023-01-20 16:00:00+00:00,1447.25,521.0
2023-01-20 17:00:00+00:00,1500.25,676.25
2023-01-20 18:00:00+00:00,1636.5,703.0
2023-01-20 19:00:00+00:00,1407.0,698.0
2023-01-20 20:00:00+00:00,1258.75,617.0
2023-01-20 21:00:00+00:00,1128.75,528.75
2023-01-20 22:00:00+00:00,945.75,531.25
2023-01-20 23:00:00+00:00,799.25,519.25
2023-01-21 00:00:00+00:00,658.25,483.5
2023-01-21 01:00:00+00:00,599.5,439.75
2023-01-21 02:00:00+00:00,652.5,369.75
2023-01-21 03:00:00+00:00,801.0,328.5
2023-01-21 04:00:00+00:00,625.25,263.5
2023-01-21 05:00:00+00:00,505.0,219.75
2023-01-21 06:00:00+00:00,384.5,167.5
2023-01-21 07:00:00+00:00,262.75,158.5
2023-01-21 08:00:00+00:00,292.0,143.25
2023-01-21 09:00:00+00:00,190.25,136.0
2023-01-21 10:00:00+00:00,153.75,130.25
2023-01-21 11:00:00+00:00,153.5,123.25
2023-01-21 12:00:00+00:00,168.75,136.75
2023-01-21 13:00:00+00:00,125.75,109.25
2023-01-21 14:00:00+00:00,101.0,92.5
2023-01-21 15:00:00+00:00,120.5,108.5
2023-01-21 16:00:00+00:00,143.75,135.0
2023-01-21 17:00:00+00:00,141.25,165.75
2023-01-21 18:00:00+00:00,173.5,187.75
2023-01-21 19:00:00+00:00,184.5,189.75
2023-01-21 20:00:00+00:00,226.25,270.5
2023-01-21 21:00:00+00:00,357.5,446.0
2023-01-21 22:00:00+00:00,415.0,512.0
2023-01-21 23:00:00+00:00,429.5,545.25
2023-01-22 00:00:00+00:00,484.5,532.0
2023-01-22 01:00:00+00:00,582.75,667.75
2023-01-22 02:00:00+00:00,592.0,786.25
2023-01-22 03:00:00+00:00,631.5,772.25
2023-01-22 04:00:00+00:00,599.25,756.25
2023-01-22 05:00:00+00:00,699.75,756.75
2023-01-22 06:00:00+00:00,832.25,713.75
2023-01-22 07:00:00+00:00,881.5,741.75
2023-01-22 08:00:00+00:00,902.25,640.75
2023-01-22 09:00:00+00:00,820.25,553.25
2023-01-22 10:00:00+00:00,803.75,522.5
2023-01-22 11:00:00+00:00,708.75,500.25
2023-01-22 12:00:00+00:00,630.5,460.5
2023-01-22 13:00:00+00:00,616.5,432.5
2023-01-22 14:00:00+00:00,624.25,369.0
2023-01-22 15:00:00+00:00,656.0,329.25
2023-01-22 16:00:00+00:00,635.75,346.5
2023-01-22 17:00:00+00:00,671.0,387.5
2023-01-22 18:00:00+00:00,746.25,366.5
2023-01-22 19:00:00+00:00,637.0,377.5
2023-01-22 20:00:00+00:00,461.25,389.0
2023-01-22 21:00:00+00:00,313.25,329.25
2023-01-22 22:00:00+00:00,360.0,317.0
2023-01-22 23:00:00+00:00,336.0,295.75
2023-01-23 00:00:00+00:00,318.0,274.75
2023-01-23 01:00:00+00:00,274.0,242.75
2023-01-23 02:00:00+00:00,278.0,230.75
2023-01-23 03:00:00+00:00,277.25,264.5
2023-01-23 04:00:00+00:00,292.0,261.75
2023-01-23 05:00:00+00:00,296.5,264.5
2023-01-23 06:00:00+00:00,252.5,292.25
2023-01-23 07:00:00+00:00,232.25,268.75
2023-01-23 08:00:00+00:00,243.75,209.25
2023-01-23 09:00:00+00:00,278.25,177.75
2023-01-23 10:00:00+00:00,268.5,183.75
2023-01-23 11:00:00+00:00,176.25,157.0
2023-01-23 12:00:00+00:00,153.75,173.75
2023-01-23 13:00:00+00:00,216.0,203.25
2023-01-23 14:00:00+00:00,138.0,207.75
2023-01-23 15:00:00+00:00,130.5,175.5
2023-01-23 16:00:00+00:00,144.25,169.75
2023-01-23 17:00:00+00:00,169.5,204.75
2023-01-23 18:00:00+00:00,188.75,245.5
2023-01-23 19:00:00+00:00,232.25,271.5
2023-01-23 20:00:00+00:00,291.75,264.75
2023-01-23 21:00:00+00:00,320.5,287.25
2023-01-23 22:00:00+00:00,336.25,316.75
2023-01-23 23:00:00+00:00,329.25,337.0
2023-01-24 00:00:00+00:00,317.25,332.75
2023-01-24 01:00:00+00:00,262.25,322.5
2023-01-24 02:00:00+00:00,224.75,298.25
2023-01-24 03:00:00+00:00,212.25,298.75
2023-01-24 04:00:00+00:00,235.5,298.5
2023-01-24 05:00:00+00:00,276.5,331.0
2023-01-24 06:00:00+00:00,290.25,326.0
2023-01-24 07:00:00+00:00,257.0,305.5
2023-01-24 08:00:00+00:00,196.5,305.25
2023-01-24 09:00:00+00:00,195.0,292.75
2023-01-24 10:00:00+00:00,211.25,270.0
2023-01-24 11:00:00+00:00,200.25,208.5
2023-01-24 12:00:00+00:00,152.0,178.25
2023-01-24 13:00:00+00:00,106.5,176.75
2023-01-24 14:00:00+00:00,66.0,152.25
2023-01-24 15:00:00+00:00,44.0,159.25
2023-01-24 16:00:00+00:00,41.0,145.0
2023-01-24 17:00:00+00:00,33.0,118.5
2023-01-24 18:00:00+00:00,30.25,90.75
2023-01-24 19:00:00+00:00,20.75,76.75
2023-01-24 20:00:00+00:00,13.0,74.5
2023-01-24 21:00:00+00:00,14.75,72.5
2023-01-24 22:00:00+00:00,23.0,72.5
2023-01-24 23:00:00+00:00,33.0,75.0
2023-01-25 00:00:00+00:00,60.0,75.0
2023-01-25 01:00:00+00:00,66.75,75.25
2023-01-25 02:00:00+00:00,88.0,78.25
2023-01-25 03:00:00+00:00,123.5,80.25
2023-01-25 04:00:00+00:00,134.0,81.25
2023-01-25 05:00:00+00:00,141.0,90.5
2023-01-25 06:00:00+00:00,141.25,79.0
2023-01-25 07:00:00+00:00,160.75,89.75
2023-01-25 08:00:00+00:00,192.5,124.0
2023-01-25 09:00:00+00:00,249.5,169.75
2023-01-25 10:00:00+00:00,357.0,199.75
2023-01-25 11:00:00+00:00,505.25,243.25
2023-01-25 12:00:00+00:00,624.0,241.75
2023-01-25 13:00:00+00:00,603.25,252.0
2023-01-25 14:00:00+00:00,656.25,311.75
2023-01-25 15:00:00+00:00,702.5,340.0
2023-01-25 16:00:00+00:00,515.75,433.75
2023-01-25 17:00:00+00:00,558.25,550.75
2023-01-25 18:00:00+00:00,630.5,510.5
2023-01-25 19:00:00+00:00,531.0,410.0
2023-01-25 20:00:00+00:00,340.0,307.75
2023-01-25 21:00:00+00:00,203.25,285.0
2023-01-25 22:00:00+00:00,230.5,222.75
2023-01-25 23:00:00+00:00,462.0,186.5
2023-01-26 00:00:00+00:00,765.0,136.5
2023-01-26 01:00:00+00:00,1389.75,122.75
2023-01-26 02:00:00+00:00,2265.75,238.5
2023-01-26 03:00:00+00:00,2221.5,393.0
2023-01-26 04:00:00+00:00,2190.25,521.75
2023-01-26 05:00:00+00:00,2122.0,615.25
2023-01-26 06:00:00+00:00,2072.75,818.5
2023-01-26 07:00:00+00:00,1961.5,993.75
2023-01-26 08:00:00+00:00,1760.75,1039.75
2023-01-26 09:00:00+00:00,1513.0,917.75
2023-01-26 10:00:00+00:00,1521.0,963.75
2023-01-26 11:00:00+00:00,1603.0,946.75
2023-01-26 12:00:00+00:00,1650.25,1014.25
2023-01-26 13:00:00+00:00,1762.5,1123.5
2023-01-26 14:00:00+00:00,1993.0,1236.75
2023-01-26 15:00:00+00:00,2193.25,1447.75
2023-01-26 16:00:00+00:00,2323.0,1605.75
2023-01-26 17:00:00+00:00,2331.75,1569.5
2023-01-26 18:00:00+00:00,2332.75,1536.75
2023-01-26 19:00:00+00:00,2296.5,1557.25
2023-01-26 20:00:00+00:00,2286.5,1527.25
2023-01-26 21:00:00+00:00,2234.25,1427.5
2023-01-26 22:00:00+00:00,2133.25,1245.5
2023-01-26 23:00:00+00:00,2067.5,1157.75
2023-01-27 00:00:00+00:00,2038.5,1145.75
2023-01-27 01:00:00+00:00,2060.75,1272.75
2023-01-27 02:00:00+00:00,2106.0,1328.25
2023-01-27 03:00:00+00:00,2059.0,1300.5
2023-01-27 04:00:00+00:00,2164.25,1229.0
2023-01-27 05:00:00+00:00,2092.25,1208.5
2023-01-27 06:00:00+00:00,2017.25,1074.5
2023-01-27 07:00:00+00:00,1812.5,825.75
2023-01-27 08:00:00+00:00,1592.0,748.75
2023-01-27 09:00:00+00:00,1391.75,705.5
2023-01-27 10:00:00+00:00,1190.5,657.25
2023-01-27 11:00:00+00:00,979.75,513.25
2023-01-27 12:00:00+00:00,984.5,487.0
2023-01-27 13:00:00+00:00,865.5,470.0
2023-01-27 14:00:00+00:00,856.0,458.5
2023-01-27 15:00:00+00:00,761.25,405.0
2023-01-27 16:00:00+00:00,634.5,389.75
2023-01-27 17:00:00+00:00,593.5,368.5
2023-01-27 18:00:00+00:00,450.5,330.5
2023-01-27 19:00:00+00:00,388.5,302.75
2023-01-27 20:00:00+00:00,263.5,226.5
2023-01-27 21:00:00+00:00,205.75,163.5
2023-01-27 22:00:00+00:00,147.25,129.0
2023-01-27 23:00:00+00:00,139.5,114.5
2023-01-28 00:00:00+00:00,119.5,110.0
2023-01-28 01:00:00+00:00,106.75,102.5
2023-01-28 02:00:00+00:00,79.25,105.0
2023-01-28 03:00:00+00:00,73.0,95.5
2023-01-28 04:00:00+00:00,66.75,92.25
2023-01-28 05:00:00+00:00,32.5,83.25
2023-01-28 06:00:00+00:00,26.75,76.25
2023-01-28 07:00:00+00:00,53.0,86.75
2023-01-28 08:00:00+00:00,64.75,98.25
2023-01-28 09:00:00+00:00,81.75,104.75
2023-01-28 10:00:00+00:00,139.25,112.75
2023-01-28 11:00:00+00:00,125.75,135.5
2023-01-28 12:00:00+00:00,153.25,151.75
2023-01-28 13:00:00+00:00,179.0,154.0
2023-01-28 14:00:00+00:00,169.0,155.5
2023-01-28 15:00:00+00:00,186.0,155.0
2023-01-28 16:00:00+00:00,203.75,176.0
2023-01-28 17:00:00+00:00,203.0,183.0
2023-01-28 18:00:00+00:00,162.0,218.0
2023-01-28 19:00:00+00:00,216.0,214.5
2023-01-28 20:00:00+00:00,220.75,279.25
2023-01-28 21:00:00+00:00,234.25,370.5
2023-01-28 22:00:00+00:00,372.0,462.75
2023-01-28 23:00:00+00:00,404.75,620.25
2023-01-29 00:00:00+00:00,429.25,675.0
2023-01-29 01:00:00+00:00,487.5,668.75
2023-01-29 02:00:00+00:00,627.5,649.25
2023-01-29 03:00:00+00:00,642.0,669.5
2023-01-29 04:00:00+00:00,750.0,799.0
2023-01-29 05:00:00+00:00,797.0,843.25
2023-01-29 06:00:00+00:00,776.75,930.0
2023-01-29 07:00:00+00:00,878.5,1019.0
2023-01-29 08:00:00+00:00,1031.5,1154.5
2023-01-29 09:00:00+00:00,1212.75,1392.75
2023-01-29 10:00:00+00:00,1443.25,1512.5
2023-01-29 11:00:00+00:00,1600.0,1606.5
2023-01-29 12:00:00+00:00,1816.0,1670.75
2023-01-29 13:00:00+00:00,1954.75,1801.5
2023-01-29 14:00:00+00:00,2094.0,1873.0
2023-01-29 15:00:00+00:00,2223.75,1887.5
2023-01-29 16:00:00+00:00,2271.75,1978.75
2023-01-29 17:00:00+00:00,2261.0,2041.25
2023-01-29 18:00:00+00:00,2233.5,2111.25
2023-01-29 19:00:00+00:00,2319.0,2160.5
2023-01-29 20:00:00+00:00,2370.25,2188.5
2023-01-29 21:00:00+00:00,2340.25,2123.5
2023-01-29 22:00:00+00:00,2396.0,2184.0
2023-01-29 23:00:00+00:00,2418.75,2259.25
2023-01-30 00:00:00+00:00,2407.5,2229.25
2023-01-30 01:00:00+00:00,2406.25,2267.25
2023-01-30 02:00:00+00:00,2408.5,2236.0
2023-01-30 03:00:00+00:00,2432.5,2299.5
2023-01-30 04:00:00+00:00,2427.25,2303.0
2023-01-30 05:00:00+00:00,2424.25,2341.0
2023-01-30 06:00:00+00:00,2430.5,2307.5
2023-01-30 07:00:00+00:00,2437.75,2296.0
2023-01-30 08:00:00+00:00,2422.0,2301.75
2023-01-30 09:00:00+00:00,2428.25,2340.75
2023-01-30 10:00:00+00:00,2435.5,2373.5
2023-01-30 11:00:00+00:00,2430.0,2362.0
2023-01-30 12:00:00+00:00,2432.25,2415.0
2023-01-30 13:00:00+00:00,2417.5,2378.75
2023-01-30 14:00:00+00:00,2355.25,2319.0
2023-01-30 15:00:00+00:00,1865.75,2225.0
2023-01-30 16:00:00+00:00,1756.25,2099.5
2023-01-30 17:00:00+00:00,1664.5,1897.75
2023-01-30 18:00:00+00:00,1299.0,1766.25
2023-01-30 19:00:00+00:00,1155.5,1708.0
2023-01-30 20:00:00+00:00,1084.75,1606.5
2023-01-30 21:00:00+00:00,1005.5,1471.0
2023-01-30 22:00:00+00:00,1041.0,1415.5
2023-01-30 23:00:00+00:00,1133.25,1235.5
2023-01-31 00:00:00+00:00,1187.0,1361.0
2023-01-31 01:00:00+00:00,1446.5,1468.75
2023-01-31 02:00:00+00:00,1555.25,1684.5
2023-01-31 03:00:00+00:00,1739.5,1770.0
2023-01-31 04:00:00+00:00,1924.75,1887.5
2023-01-31 05:00:00+00:00,2254.5,1953.25
2023-01-31 06:00:00+00:00,2096.75,1979.0
2023-01-31 07:00:00+00:00,2010.25,2057.75
2023-01-31 08:00:00+00:00,2213.5,2136.5
2023-01-31 09:00:00+00:00,2346.5,2152.0
2023-01-31 10:00:00+00:00,2410.5,2206.5
2023-01-31 11:00:00+00:00,2417.0,2276.5
2023-01-31 12:00:00+00:00,2419.5,2266.0
2023-01-31 13:00:00+00:00,2418.0,2241.5
2023-01-31 14:00:00+00:00,2393.75,2281.5
2023-01-31 15:00:00+00:00,2132.5,2190.0
2023-01-31 16:00:00+00:00,1951.5,2126.25
2023-01-31 17:00:00+00:00,1817.75,1966.5
2023-01-31 18:00:00+00:00,1831.75,1981.5
2023-01-31 19:00:00+00:00,2287.0,1982.25
2023-01-31 20:00:00+00:00,1992.25,2096.25
2023-01-31 21:00:00+00:00,2104.75,2031.75
2023-01-31 22:00:00+00:00,2255.5,2044.5
2023-01-31 23:00:00+00:00,2297.0,2064.25
2023-02-01 00:00:00+00:00,2360.0,2212.75
2023-02-01 01:00:00+00:00,2376.0,2340.5
2023-02-01 02:00:00+00:00,2367.0,2384.0
2023-02-01 03:00:00+00:00,2342.0,2399.0
2023-02-01 04:00:00+00:00,2387.0,2407.5
2023-02-01 05:00:00+00:00,2378.5,2403.75
2023-02-01 06:00:00+00:00,2374.0,2402.25
2023-02-01 07:00:00+00:00,2374.25,2378.5
2023-02-01 08:00:00+00:00,2356.0,2337.5
2023-02-01 09:00:00+00:00,2354.0,2381.0
2023-02-01 10:00:00+00:00,2409.75,2436.5
2023-02-01 11:00:00+00:00,2341.5,2442.75
2023-02-01 12:00:00+00:00,2351.0,2431.75
2023-02-01 13:00:00+00:00,2366.0,2429.75
2023-02-01 14:00:00+00:00,2400.0,2418.0
2023-02-01 15:00:00+00:00,2378.5,2339.5
2023-02-01 16:00:00+00:00,2355.75,2351.5
2023-02-01 17:00:00+00:00,2342.25,2339.0
2023-02-01 18:00:00+00:00,2325.25,2332.25
2023-02-01 19:00:00+00:00,2325.0,2276.25
2023-02-01 20:00:00+00:00,2336.25,2287.25
2023-02-01 21:00:00+00:00,2328.25,2259.0
2023-02-01 22:00:00+00:00,2333.75,2179.0
2023-02-01 23:00:00+00:00,2392.75,2137.75
2023-02-02 00:00:00+00:00,2362.5,2012.75
2023-02-02 01:00:00+00:00,2382.0,1916.0
2023-02-02 02:00:00+00:00,2307.0,1767.0
2023-02-02 03:00:00+00:00,2286.75,1757.0
2023-02-02 04:00:00+00:00,2145.0,1657.0
2023-02-02 05:00:00+00:00,2019.75,1988.75
2023-02-02 06:00:00+00:00,2007.0,2066.25
2023-02-02 07:00:00+00:00,1952.0,2048.25
2023-02-02 08:00:00+00:00,1911.0,1955.5
2023-02-02 09:00:00+00:00,1691.75,1767.25
2023-02-02 10:00:00+00:00,1498.25,1579.5
2023-02-02 11:00:00+00:00,1534.25,1594.75
2023-02-02 12:00:00+00:00,1557.75,1463.25
2023-02-02 13:00:00+00:00,1553.75,1428.0
2023-02-02 14:00:00+00:00,1592.75,1493.5
2023-02-02 15:00:00+00:00,1703.75,1694.0
2023-02-02 16:00:00+00:00,2000.5,1730.5
2023-02-02 17:00:00+00:00,2251.5,1789.25
2023-02-02 18:00:00+00:00,2325.25,1931.75
2023-02-02 19:00:00+00:00,2377.0,2048.0
2023-02-02 20:00:00+00:00,2392.75,2141.0
2023-02-02 21:00:00+00:00,2399.75,2197.5
2023-02-02 22:00:00+00:00,2394.5,2185.0
2023-02-02 23:00:00+00:00,2403.25,2241.5
2023-02-03 00:00:00+00:00,2404.75,2252.75
2023-02-03 01:00:00+00:00,2407.25,2328.5
2023-02-03 02:00:00+00:00,2411.0,2386.25
2023-02-03 03:00:00+00:00,2410.0,2395.75
2023-02-03 04:00:00+00:00,2407.5,2418.0
2023-02-03 05:00:00+00:00,2362.25,2384.25
2023-02-03 06:00:00+00:00,2355.25,2404.5
2023-02-03 07:00:00+00:00,2402.25,2377.25
2023-02-03 08:00:00+00:00,2385.0,2336.5
2023-02-03 09:00:00+00:00,2347.5,2342.25
2023-02-03 10:00:00+00:00,2254.0,2346.5
2023-02-03 11:00:00+00:00,2050.75,2338.25
2023-02-03 12:00:00+00:00,1909.0,2205.25
2023-02-03 13:00:00+00:00,1744.25,2122.0
2023-02-03 14:00:00+00:00,1504.75,1945.25
2023-02-03 15:00:00+00:00,1387.5,1845.0
2023-02-03 16:00:00+00:00,1315.5,1830.25
2023-02-03 17:00:00+00:00,1344.0,1787.0
2023-02-03 18:00:00+00:00,1476.5,1686.5
2023-02-03 19:00:00+00:00,1607.5,1661.75
2023-02-03 20:00:00+00:00,1504.25,1529.0
2023-02-03 21:00:00+00:00,1279.0,1124.25
2023-02-03 22:00:00+00:00,1142.75,951.0
2023-02-03 23:00:00+00:00,916.0,824.75
2023-02-04 00:00:00+00:00,826.25,705.25
2023-02-04 01:00:00+00:00,505.75,473.5
2023-02-04 02:00:00+00:00,373.5,388.5
2023-02-04 03:00:00+00:00,353.5,320.75
2023-02-04 04:00:00+00:00,277.75,244.25
2023-02-04 05:00:00+00:00,167.25,144.75
2023-02-04 06:00:00+00:00,44.0,105.75
2023-02-04 07:00:00+00:00,31.25,66.25
2023-02-04 08:00:00+00:00,53.0,50.0
2023-02-04 09:00:00+00:00,57.0,48.25
2023-02-04 10:00:00+00:00,53.25,57.75
2023-02-04 11:00:00+00:00,51.5,52.5
2023-02-04 12:00:00+00:00,46.0,58.5
2023-02-04 13:00:00+00:00,65.0,62.5
2023-02-04 14:00:00+00:00,84.5,56.5
2023-02-04 15:00:00+00:00,91.75,50.5
2023-02-04 16:00:00+00:00,156.5,47.0
2023-02-04 17:00:00+00:00,188.0,44.5
2023-02-04 18:00:00+00:00,289.75,72.5
2023-02-04 19:00:00+00:00,346.75,103.75
2023-02-04 20:00:00+00:00,373.25,152.5
2023-02-04 21:00:00+00:00,355.0,215.75
2023-02-04 22:00:00+00:00,555.75,299.0
2023-02-04 23:00:00+00:00,668.75,276.75
2023-02-05 00:00:00+00:00,809.75,386.5
2023-02-05 01:00:00+00:00,887.0,644.5
2023-02-05 02:00:00+00:00,922.5,735.75
2023-02-05 03:00:00+00:00,1681.75,949.75
2023-02-05 04:00:00+00:00,2391.25,1351.0
2023-02-05 05:00:00+00:00,2351.0,1968.75
2023-02-05 06:00:00+00:00,2408.0,2159.25
2023-02-05 07:00:00+00:00,2409.5,2184.75
2023-02-05 08:00:00+00:00,2411.0,2295.75
2023-02-05 09:00:00+00:00,2398.0,2340.5
2023-02-05 10:00:00+00:00,2398.0,2349.75
2023-02-05 11:00:00+00:00,2378.0,2333.0
2023-02-05 12:00:00+00:00,2345.75,2224.25
2023-02-05 13:00:00+00:00,2263.0,2131.0
2023-02-05 14:00:00+00:00,2143.0,1947.75
2023-02-05 15:00:00+00:00,2012.75,1794.5
2023-02-05 16:00:00+00:00,1860.5,1689.5
2023-02-05 17:00:00+00:00,1731.0,1374.25
2023-02-05 18:00:00+00:00,1437.5,1120.0
2023-02-05 19:00:00+00:00,1199.0,918.25
2023-02-05 20:00:00+00:00,986.5,805.75
2023-02-05 21:00:00+00:00,717.5,669.75
2023-02-05 22:00:00+00:00,517.0,571.5
2023-02-05 23:00:00+00:00,412.5,430.25
2023-02-06 00:00:00+00:00,292.5,310.25
2023-02-06 01:00:00+00:00,135.25,247.5
2023-02-06 02:00:00+00:00,71.0,155.0
2023-02-06 03:00:00+00:00,27.0,103.5
2023-02-06 04:00:00+00:00,7.0,86.0
2023-02-06 05:00:00+00:00,25.25,72.5
2023-02-06 06:00:00+00:00,39.0,63.5
2023-02-06 07:00:00+00:00,50.5,57.25
2023-02-06 08:00:00+00:00,41.5,71.75
2023-02-06 09:00:00+00:00,44.25,83.75
2023-02-06 10:00:00+00:00,27.0,74.0
2023-02-06 11:00:00+00:00,14.5,80.0
2023-02-06 12:00:00+00:00,13.0,82.0
2023-02-06 13:00:00+00:00,2.75,85.25
2023-02-06 14:00:00+00:00,3.0,62.0
2023-02-06 15:00:00+00:00,3.75,53.75
2023-02-06 16:00:00+00:00,14.25,46.75
2023-02-06 17:00:00+00:00,86.0,46.0
2023-02-06 18:00:00+00:00,85.0,48.25
2023-02-06 19:00:00+00:00,41.75,50.75
2023-02-06 20:00:00+00:00,8.25,63.25
2023-02-06 21:00:00+00:00,21.5,117.5
2023-02-06 22:00:00+00:00,53.0,171.25
2023-02-06 23:00:00+00:00,69.5,192.5
2023-02-07 00:00:00+00:00,97.75,145.5
2023-02-07 01:00:00+00:00,84.5,172.0
2023-02-07 02:00:00+00:00,100.0,185.75
2023-02-07 03:00:00+00:00,153.0,198.5
2023-02-07 04:00:00+00:00,150.75,207.25
2023-02-07 05:00:00+00:00,174.0,212.5
2023-02-07 06:00:00+00:00,171.0,215.0
2023-02-07 07:00:00+00:00,231.5,237.5
2023-02-07 08:00:00+00:00,180.25,198.0
2023-02-07 09:00:00+00:00,137.0,137.5
2023-02-07 10:00:00+00:00,115.5,95.0
2023-02-07 11:00:00+00:00,105.5,94.5
2023-02-07 12:00:00+00:00,65.75,101.25
2023-02-07 13:00:00+00:00,59.25,88.75
2023-02-07 14:00:00+00:00,65.5,75.25
2023-02-07 15:00:00+00:00,71.25,80.0
2023-02-07 16:00:00+00:00,68.0,83.5
2023-02-07 17:00:00+00:00,68.0,104.75
2023-02-07 18:00:00+00:00,67.25,139.25
2023-02-07 19:00:00+00:00,55.0,178.0
2023-02-07 20:00:00+00:00,49.0,140.75
2023-02-07 21:00:00+00:00,64.25,75.5
2023-02-07 22:00:00+00:00,49.75,59.75
2023-02-07 23:00:00+00:00,52.25,59.25
2023-02-08 00:00:00+00:00,34.75,85.0
2023-02-08 01:00:00+00:00,42.75,96.0
2023-02-08 02:00:00+00:00,69.25,134.5
2023-02-08 03:00:00+00:00,57.75,128.5
2023-02-08 04:00:00+00:00,56.0,151.0
2023-02-08 05:00:00+00:00,57.0,166.75
2023-02-08 06:00:00+00:00,50.75,196.5
2023-02-08 07:00:00+00:00,89.5,322.5
2023-02-08 08:00:00+00:00,122.5,418.5
2023-02-08 09:00:00+00:00,136.0,359.5
2023-02-08 10:00:00+00:00,155.75,249.5
2023-02-08 11:00:00+00:00,247.5,265.5
2023-02-08 12:00:00+00:00,313.0,261.5
2023-02-08 13:00:00+00:00,433.25,246.25
2023-02-08 14:00:00+00:00,409.75,267.0
2023-02-08 15:00:00+00:00,517.0,319.75
2023-02-08 16:00:00+00:00,589.0,392.5
2023-02-08 17:00:00+00:00,587.25,490.5
2023-02-08 18:00:00+00:00,624.0,695.5
2023-02-08 19:00:00+00:00,632.0,767.0
2023-02-08 20:00:00+00:00,609.25,717.0
2023-02-08 21:00:00+00:00,687.25,741.0
2023-02-08 22:00:00+00:00,831.5,893.25
2023-02-08 23:00:00+00:00,1023.25,911.0
2023-02-09 00:00:00+00:00,1279.0,990.0
2023-02-09 01:00:00+00:00,1307.5,1156.75
2023-02-09 02:00:00+00:00,1325.0,1340.0
2023-02-09 03:00:00+00:00,1337.0,1404.75
2023-02-09 04:00:00+00:00,1218.25,1359.75
2023-02-09 05:00:00+00:00,1070.75,1277.0
2023-02-09 06:00:00+00:00,930.25,1159.75
2023-02-09 07:00:00+00:00,940.5,1170.25
2023-02-09 08:00:00+00:00,841.5,964.5
2023-02-09 09:00:00+00:00,766.25,833.75
2023-02-09 10:00:00+00:00,633.75,660.25
2023-02-09 11:00:00+00:00,421.5,514.25
2023-02-09 12:00:00+00:00,285.25,448.0
2023-02-09 13:00:00+00:00,228.25,430.5
2023-02-09 14:00:00+00:00,377.5,452.75
2023-02-09 15:00:00+00:00,374.5,425.25
2023-02-09 16:00:00+00:00,382.25,476.75
2023-02-09 17:00:00+00:00,429.0,436.25
2023-02-09 18:00:00+00:00,421.5,402.5
2023-02-09 19:00:00+00:00,476.5,442.75
2023-02-09 20:00:00+00:00,501.0,524.5
2023-02-09 21:00:00+00:00,557.25,653.0
2023-02-09 22:00:00+00:00,620.25,836.0
2023-02-09 23:00:00+00:00,606.5,860.5
2023-02-10 00:00:00+00:00,563.0,781.0
2023-02-10 01:00:00+00:00,544.0,818.0
2023-02-10 02:00:00+00:00,607.25,899.25
2023-02-10 03:00:00+00:00,629.75,966.0
2023-02-10 04:00:00+00:00,408.25,910.0
2023-02-10 05:00:00+00:00,292.75,845.75
2023-02-10 06:00:00+00:00,377.25,854.5
2023-02-10 07:00:00+00:00,422.5,906.75
2023-02-10 08:00:00+00:00,533.0,990.5
2023-02-10 09:00:00+00:00,724.75,1061.0
2023-02-10 10:00:00+00:00,965.25,906.0
2023-02-10 11:00:00+00:00,1096.0,1012.25
2023-02-10 12:00:00+00:00,1263.0,1230.75
2023-02-10 13:00:00+00:00,1475.5,1384.0
2023-02-10 14:00:00+00:00,1485.25,1460.75
2023-02-10 15:00:00+00:00,1522.75,1544.75
2023-02-10 16:00:00+00:00,1629.75,1713.25
2023-02-10 17:00:00+00:00,1861.0,1815.75
2023-02-10 18:00:00+00:00,2009.25,1847.5
2023-02-10 19:00:00+00:00,1796.75,1803.25
2023-02-10 20:00:00+00:00,1648.75,1747.0
2023-02-10 21:00:00+00:00,1607.5,1717.75
2023-02-10 22:00:00+00:00,1397.25,1664.0
2023-02-10 23:00:00+00:00,1284.0,1553.75
2023-02-11 00:00:00+00:00,1321.25,1458.75
2023-02-11 01:00:00+00:00,1327.0,1303.75
2023-02-11 02:00:00+00:00,1249.0,1380.5
2023-02-11 03:00:00+00:00,1215.75,1442.25
2023-02-11 04:00:00+00:00,1215.25,1262.5
2023-02-11 05:00:00+00:00,1159.5,1307.25
2023-02-11 06:00:00+00:00,1145.0,1251.5
2023-02-11 07:00:00+00:00,1181.5,1202.25
2023-02-11 08:00:00+00:00,1219.0,1245.5
2023-02-11 09:00:00+00:00,1229.0,1053.0
2023-02-11 10:00:00+00:00,1085.5,935.25
2023-02-11 11:00:00+00:00,946.5,813.5
2023-02-11 12:00:00+00:00,680.5,587.75
2023-02-11 13:00:00+00:00,571.0,499.5
2023-02-11 14:00:00+00:00,400.5,532.5
2023-02-11 15:00:00+00:00,345.75,452.75
2023-02-11 16:00:00+00:00,388.0,375.25
2023-02-11 17:00:00+00:00,225.5,322.5
2023-02-11 18:00:00+00:00,159.5,263.5
2023-02-11 19:00:00+00:00,139.0,297.75
2023-02-11 20:00:00+00:00,99.25,344.0
2023-02-11 21:00:00+00:00,55.5,282.75
2023-02-11 22:00:00+00:00,55.0,204.25
2023-02-11 23:00:00+00:00,24.75,174.5
2023-02-12 00:00:00+00:00,16.0,154.5
2023-02-12 01:00:00+00:00,35.5,98.5
2023-02-12 02:00:00+00:00,30.5,77.25
2023-02-12 03:00:00+00:00,22.25,78.0
2023-02-12 04:00:00+00:00,14.75,71.25
2023-02-12 05:00:00+00:00,21.5,91.5
2023-02-12 06:00:00+00:00,26.75,102.75
2023-02-12 07:00:00+00:00,21.25,103.0
2023-02-12 08:00:00+00:00,58.5,91.25
2023-02-12 09:00:00+00:00,67.75,75.5
2023-02-12 10:00:00+00:00,71.0,81.75
2023-02-12 11:00:00+00:00,73.0,78.0
2023-02-12 12:00:00+00:00,78.75,71.5
2023-02-12 13:00:00+00:00,53.5,63.25
2023-02-12 14:00:00+00:00,40.5,65.5
2023-02-12 15:00:00+00:00,49.75,66.75
2023-02-12 16:00:00+00:00,64.0,61.0
2023-02-12 17:00:00+00:00,66.25,52.0
2023-02-12 18:00:00+00:00,71.75,49.25
2023-02-12 19:00:00+00:00,51.75,53.0
2023-02-12 20:00:00+00:00,22.0,60.0
2023-02-12 21:00:00+00:00,8.75,63.75
2023-02-12 22:00:00+00:00,3.5,77.25
2023-02-12 23:00:00+00:00,9.0,91.0
2023-02-13 00:00:00+00:00,21.75,93.75
2023-02-13 01:00:00+00:00,26.25,86.75
2023-02-13 02:00:00+00:00,38.0,94.5
2023-02-13 03:00:00+00:00,48.5,110.25
2023-02-13 04:00:00+00:00,85.5,118.25
2023-02-13 05:00:00+00:00,83.0,108.0
2023-02-13 06:00:00+00:00,46.5,84.5
2023-02-13 07:00:00+00:00,23.75,73.0
2023-02-13 08:00:00+00:00,24.5,83.25
2023-02-13 09:00:00+00:00,35.0,83.75
2023-02-13 10:00:00+00:00,40.75,82.5
2023-02-13 11:00:00+00:00,32.75,104.75
2023-02-13 12:00:00+00:00,12.5,95.5
2023-02-13 13:00:00+00:00,5.0,106.5
2023-02-13 14:00:00+00:00,18.5,107.0
2023-02-13 15:00:00+00:00,54.0,90.5
2023-02-13 16:00:00+00:00,59.0,130.75
2023-02-13 17:00:00+00:00,82.0,203.75
2023-02-13 18:00:00+00:00,110.25,275.75
2023-02-13 19:00:00+00:00,111.25,278.5
2023-02-13 20:00:00+00:00,103.5,211.0
2023-02-13 21:00:00+00:00,126.75,195.0
2023-02-13 22:00:00+00:00,129.25,172.75
2023-02-13 23:00:00+00:00,133.75,135.0
2023-02-14 00:00:00+00:00,153.75,119.0
2023-02-14 01:00:00+00:00,190.75,116.25
2023-02-14 02:00:00+00:00,193.0,140.0
2023-02-14 03:00:00+00:00,191.0,162.5
2023-02-14 04:00:00+00:00,158.0,156.25
2023-02-14 05:00:00+00:00,144.25,153.5
2023-02-14 06:00:00+00:00,133.5,162.25
2023-02-14 07:00:00+00:00,126.75,158.0
2023-02-14 08:00:00+00:00,105.5,173.25
2023-02-14 09:00:00+00:00,68.0,166.75
2023-02-14 10:00:00+00:00,49.5,118.0
2023-02-14 11:00:00+00:00,33.0,86.25
2023-02-14 12:00:00+00:00,21.75,79.25
2023-02-14 13:00:00+00:00,12.5,65.75
2023-02-14 14:00:00+00:00,12.0,50.5
2023-02-14 15:00:00+00:00,10.0,59.0
2023-02-14 16:00:00+00:00,13.0,54.75
2023-02-14 17:00:00+00:00,17.0,54.75
2023-02-14 18:00:00+00:00,17.0,69.25
2023-02-14 19:00:00+00:00,14.25,72.5
2023-02-14 20:00:00+00:00,16.75,79.5
2023-02-14 21:00:00+00:00,26.0,75.75
2023-02-14 22:00:00+00:00,7.25,74.5
2023-02-14 23:00:00+00:00,14.0,66.5
2023-02-15 00:00:00+00:00,28.75,58.25
2023-02-15 01:00:00+00:00,26.75,63.0
2023-02-15 02:00:00+00:00,38.25,68.0
2023-02-15 03:00:00+00:00,69.25,86.5
2023-02-15 04:00:00+00:00,102.0,125.25
2023-02-15 05:00:00+00:00,104.5,173.25
2023-02-15 06:00:00+00:00,144.0,261.75
2023-02-15 07:00:00+00:00,202.25,398.25
2023-02-15 08:00:00+00:00,261.25,462.5
2023-02-15 09:00:00+00:00,302.5,483.0
2023-02-15 10:00:00+00:00,355.25,413.25
2023-02-15 11:00:00+00:00,480.0,365.75
2023-02-15 12:00:00+00:00,578.25,329.0
2023-02-15 13:00:00+00:00,758.25,297.75
2023-02-15 14:00:00+00:00,952.75,287.0
2023-02-15 15:00:00+00:00,1200.0,399.25
2023-02-15 16:00:00+00:00,1371.25,670.0
2023-02-15 17:00:00+00:00,1401.75,820.5
2023-02-15 18:00:00+00:00,1437.0,1006.0
2023-02-15 19:00:00+00:00,1573.75,1251.5
2023-02-15 20:00:00+00:00,1793.75,1360.5
2023-02-15 21:00:00+00:00,1683.0,1564.5
2023-02-15 22:00:00+00:00,1492.75,1562.5
2023-02-15 23:00:00+00:00,1435.5,1506.75
2023-02-16 00:00:00+00:00,1441.0,1383.75
2023-02-16 01:00:00+00:00,1202.25,1404.75
2023-02-16 02:00:00+00:00,1067.75,1353.5
2023-02-16 03:00:00+00:00,901.25,1276.5
2023-02-16 04:00:00+00:00,791.0,1210.25
2023-02-16 05:00:00+00:00,759.75,1050.25
2023-02-16 06:00:00+00:00,660.25,1104.0
2023-02-16 07:00:00+00:00,407.0,1065.25
2023-02-16 08:00:00+00:00,337.75,974.5
2023-02-16 09:00:00+00:00,652.5,770.5
2023-02-16 10:00:00+00:00,1133.25,764.0
2023-02-16 11:00:00+00:00,1691.0,603.25
2023-02-16 12:00:00+00:00,1635.75,665.75
2023-02-16 13:00:00+00:00,1930.25,964.5
2023-02-16 14:00:00+00:00,2133.75,1267.25
2023-02-16 15:00:00+00:00,2322.5,1489.75
2023-02-16 16:00:00+00:00,2508.25,1569.5
2023-02-16 17:00:00+00:00,2501.25,1806.0
2023-02-16 18:00:00+00:00,2464.5,1980.75
2023-02-16 19:00:00+00:00,2380.75,2034.0
2023-02-16 20:00:00+00:00,2386.5,1977.25
2023-02-16 21:00:00+00:00,2371.25,2000.0
2023-02-16 22:00:00+00:00,2418.5,1959.75
2023-02-16 23:00:00+00:00,2434.75,2015.25
2023-02-17 00:00:00+00:00,2473.75,1973.75
2023-02-17 01:00:00+00:00,2474.5,2021.75
2023-02-17 02:00:00+00:00,2474.25,2125.75
2023-02-17 03:00:00+00:00,2474.0,2213.0
2023-02-17 04:00:00+00:00,2484.0,2268.5
2023-02-17 05:00:00+00:00,2470.75,2312.25
2023-02-17 06:00:00+00:00,2475.25,2411.5
2023-02-17 07:00:00+00:00,2469.5,2412.0
2023-02-17 08:00:00+00:00,2475.0,2407.5
2023-02-17 09:00:00+00:00,2470.5,2420.5
2023-02-17 10:00:00+00:00,2457.5,2446.25
2023-02-17 11:00:00+00:00,2464.0,2456.25
2023-02-17 12:00:00+00:00,2460.25,2449.75
2023-02-17 13:00:00+00:00,2434.0,2455.0
2023-02-17 14:00:00+00:00,2425.5,2335.5
2023-02-17 15:00:00+00:00,2459.0,2336.25
2023-02-17 16:00:00+00:00,2404.0,2305.25
2023-02-17 17:00:00+00:00,2328.5,2105.75
2023-02-17 18:00:00+00:00,2156.5,1741.5
2023-02-17 19:00:00+00:00,2109.0,1422.75
2023-02-17 20:00:00+00:00,2021.75,1148.25
2023-02-17 21:00:00+00:00,1755.25,1203.25
2023-02-17 22:00:00+00:00,1705.25,1160.75
2023-02-17 23:00:00+00:00,1751.5,1187.25
2023-02-18 00:00:00+00:00,1813.0,1263.0
2023-02-18 01:00:00+00:00,2101.75,1354.0
2023-02-18 02:00:00+00:00,2132.75,1497.75
2023-02-18 03:00:00+00:00,2033.0,1667.75
2023-02-18 04:00:00+00:00,1957.25,2025.25
2023-02-18 05:00:00+00:00,2026.75,2258.5
2023-02-18 06:00:00+00:00,1990.5,2320.25
2023-02-18 07:00:00+00:00,2343.0,2429.25
2023-02-18 08:00:00+00:00,2537.5,2512.75
2023-02-18 09:00:00+00:00,2538.0,2519.75
2023-02-18 10:00:00+00:00,2527.75,2520.25
2023-02-18 11:00:00+00:00,2523.75,2495.5
2023-02-18 12:00:00+00:00,2506.5,2420.0
2023-02-18 13:00:00+00:00,2228.25,2390.25
2023-02-18 14:00:00+00:00,1945.75,2352.75
2023-02-18 15:00:00+00:00,1931.75,2174.25
2023-02-18 16:00:00+00:00,1890.25,1997.5
2023-02-18 17:00:00+00:00,1821.0,1758.5
2023-02-18 18:00:00+00:00,1882.0,1657.75
2023-02-18 19:00:00+00:00,1895.5,1629.75
2023-02-18 20:00:00+00:00,1868.75,1667.25
2023-02-18 21:00:00+00:00,1903.5,1651.5
2023-02-18 22:00:00+00:00,1892.25,1762.75
2023-02-18 23:00:00+00:00,1770.5,1763.25
2023-02-19 00:00:00+00:00,1908.0,1791.0
2023-02-19 01:00:00+00:00,1938.5,1873.0
2023-02-19 02:00:00+00:00,1948.5,1960.5
2023-02-19 03:00:00+00:00,1945.75,1941.0
2023-02-19 04:00:00+00:00,1919.75,1647.0
2023-02-19 05:00:00+00:00,1825.25,1334.5
2023-02-19 06:00:00+00:00,1680.75,1027.0
2023-02-19 07:00:00+00:00,1585.0,789.0
2023-02-19 08:00:00+00:00,1341.75,585.0
2023-02-19 09:00:00+00:00,1055.0,487.0
2023-02-19 10:00:00+00:00,939.75,496.0
2023-02-19 11:00:00+00:00,540.5,442.75
2023-02-19 12:00:00+00:00,535.5,449.0
2023-02-19 13:00:00+00:00,294.25,403.25
2023-02-19 14:00:00+00:00,209.75,284.75
2023-02-19 15:00:00+00:00,365.0,317.5
2023-02-19 16:00:00+00:00,540.0,430.25
2023-02-19 17:00:00+00:00,660.0,575.25
2023-02-19 18:00:00+00:00,872.75,438.0
2023-02-19 19:00:00+00:00,1217.25,658.0
2023-02-19 20:00:00+00:00,1568.75,1170.0
2023-02-19 21:00:00+00:00,1779.5,1469.75
2023-02-19 22:00:00+00:00,2080.0,1709.5
2023-02-19 23:00:00+00:00,2046.0,1845.0
2023-02-20 00:00:00+00:00,2252.75,1981.25
2023-02-20 01:00:00+00:00,2376.75,2073.0
2023-02-20 02:00:00+00:00,2345.75,2173.25
2023-02-20 03:00:00+00:00,2263.75,2281.25
2023-02-20 04:00:00+00:00,2282.75,2287.25
2023-02-20 05:00:00+00:00,2321.25,2304.0
2023-02-20 06:00:00+00:00,2339.0,2383.75
2023-02-20 07:00:00+00:00,2363.75,2369.25
2023-02-20 08:00:00+00:00,2409.0,2372.0
2023-02-20 09:00:00+00:00,2434.75,2368.5
2023-02-20 10:00:00+00:00,2442.0,2374.0
2023-02-20 11:00:00+00:00,2420.25,2364.5
2023-02-20 12:00:00+00:00,2423.25,2349.75
2023-02-20 13:00:00+00:00,2460.75,2360.5
2023-02-20 14:00:00+00:00,2464.25,2340.25
2023-02-20 15:00:00+00:00,2467.5,2245.0
2023-02-20 16:00:00+00:00,2478.75,2211.25
2023-02-20 17:00:00+00:00,2499.0,2170.75
2023-02-20 18:00:00+00:00,2492.5,2042.5
2023-02-20 19:00:00+00:00,2354.75,2050.25
2023-02-20 20:00:00+00:00,2116.5,2082.75
2023-02-20 21:00:00+00:00,1936.75,2050.25
2023-02-20 22:00:00+00:00,1798.0,1924.25
2023-02-20 23:00:00+00:00,1695.75,1770.5
2023-02-21 00:00:00+00:00,1549.25,1702.5
2023-02-21 01:00:00+00:00,1399.0,1647.5
2023-02-21 02:00:00+00:00,1253.5,1597.75
2023-02-21 03:00:00+00:00,994.0,1432.75
2023-02-21 04:00:00+00:00,734.0,1088.5
2023-02-21 05:00:00+00:00,581.25,815.5
2023-02-21 06:00:00+00:00,391.5,823.75
2023-02-21 07:00:00+00:00,366.75,751.25
2023-02-21 08:00:00+00:00,415.25,724.5
2023-02-21 09:00:00+00:00,362.25,637.5
2023-02-21 10:00:00+00:00,287.75,482.5
2023-02-21 11:00:00+00:00,297.75,359.25
2023-02-21 12:00:00+00:00,256.75,284.75
2023-02-21 13:00:00+00:00,230.5,242.75
2023-02-21 14:00:00+00:00,251.25,261.5
2023-02-21 15:00:00+00:00,200.0,259.0
2023-02-21 16:00:00+00:00,144.5,194.5
2023-02-21 17:00:00+00:00,108.0,139.75
2023-02-21 18:00:00+00:00,108.0,93.5
2023-02-21 19:00:00+00:00,119.75,85.0
2023-02-21 20:00:00+00:00,142.0,141.0
2023-02-21 21:00:00+00:00,139.5,153.75
2023-02-21 22:00:00+00:00,223.5,154.0
2023-02-21 23:00:00+00:00,201.0,145.75
2023-02-22 00:00:00+00:00,229.0,196.75
2023-02-22 01:00:00+00:00,256.0,232.75
2023-02-22 02:00:00+00:00,231.5,246.25
2023-02-22 03:00:00+00:00,206.75,221.75
2023-02-22 04:00:00+00:00,232.75,192.25
2023-02-22 05:00:00+00:00,175.25,147.25
2023-02-22 06:00:00+00:00,166.0,212.25
2023-02-22 07:00:00+00:00,224.75,250.25
2023-02-22 08:00:00+00:00,276.5,263.0
2023-02-22 09:00:00+00:00,217.0,255.5
2023-02-22 10:00:00+00:00,173.25,225.75
2023-02-22 11:00:00+00:00,114.0,218.5
2023-02-22 12:00:00+00:00,163.5,168.0
2023-02-22 13:00:00+00:00,175.5,171.25
2023-02-22 14:00:00+00:00,205.25,262.25
2023-02-22 15:00:00+00:00,151.75,295.0
2023-02-22 16:00:00+00:00,93.5,278.75
2023-02-22 17:00:00+00:00,78.25,302.5
2023-02-22 18:00:00+00:00,75.0,237.75
2023-02-22 19:00:00+00:00,53.75,137.0
2023-02-22 20:00:00+00:00,35.75,180.25
2023-02-22 21:00:00+00:00,23.5,207.25
2023-02-22 22:00:00+00:00,23.75,203.75
2023-02-22 23:00:00+00:00,58.25,166.5
2023-02-23 00:00:00+00:00,93.5,117.75
2023-02-23 01:00:00+00:00,41.25,76.5
2023-02-23 02:00:00+00:00,68.25,54.0
2023-02-23 03:00:00+00:00,105.75,37.75
2023-02-23 04:00:00+00:00,151.0,43.75
2023-02-23 05:00:00+00:00,171.25,59.75
2023-02-23 06:00:00+00:00,175.25,67.0
2023-02-23 07:00:00+00:00,188.25,109.75
2023-02-23 08:00:00+00:00,186.0,120.75
2023-02-23 09:00:00+00:00,360.25,116.5
2023-02-23 10:00:00+00:00,494.0,113.75
2023-02-23 11:00:00+00:00,598.5,123.5
2023-02-23 12:00:00+00:00,782.75,198.75
2023-02-23 13:00:00+00:00,1066.25,339.25
2023-02-23 14:00:00+00:00,1207.25,604.25
2023-02-23 15:00:00+00:00,1516.0,852.5
2023-02-23 16:00:00+00:00,1489.5,802.75
2023-02-23 17:00:00+00:00,1478.0,706.0
2023-02-23 18:00:00+00:00,1170.75,613.25
2023-02-23 19:00:00+00:00,794.75,438.25
2023-02-23 20:00:00+00:00,576.75,325.25
2023-02-23 21:00:00+00:00,451.5,298.5
2023-02-23 22:00:00+00:00,400.0,363.0
2023-02-23 23:00:00+00:00,506.0,380.75
2023-02-24 00:00:00+00:00,701.75,385.75
2023-02-24 01:00:00+00:00,777.25,547.25
2023-02-24 02:00:00+00:00,942.75,813.0
2023-02-24 03:00:00+00:00,1107.0,1057.0
2023-02-24 04:00:00+00:00,1288.75,1156.25
2023-02-24 05:00:00+00:00,1493.25,1359.75
2023-02-24 06:00:00+00:00,1664.25,1598.75
2023-02-24 07:00:00+00:00,1725.5,1715.5
2023-02-24 08:00:00+00:00,1702.5,1784.25
2023-02-24 09:00:00+00:00,1694.0,1818.0
2023-02-24 10:00:00+00:00,1527.75,1735.0
2023-02-24 11:00:00+00:00,1509.75,1616.75
2023-02-24 12:00:00+00:00,1725.25,1714.0
2023-02-24 13:00:00+00:00,1910.5,1753.75
2023-02-24 14:00:00+00:00,2171.25,1963.0
2023-02-24 15:00:00+00:00,2368.0,1956.5
2023-02-24 16:00:00+00:00,2400.0,1905.0
2023-02-24 17:00:00+00:00,2385.75,1929.25
2023-02-24 18:00:00+00:00,2406.75,1827.0
2023-02-24 19:00:00+00:00,2319.5,1829.25
2023-02-24 20:00:00+00:00,2376.75,1801.5
2023-02-24 21:00:00+00:00,2230.75,1757.5
2023-02-24 22:00:00+00:00,2333.5,1774.0
2023-02-24 23:00:00+00:00,2193.75,1694.75
2023-02-25 00:00:00+00:00,2284.0,1677.5
2023-02-25 01:00:00+00:00,2144.25,1651.5
2023-02-25 02:00:00+00:00,2070.0,1567.25
2023-02-25 03:00:00+00:00,2259.0,1570.5
2023-02-25 04:00:00+00:00,2225.0,1655.75
2023-02-25 05:00:00+00:00,2125.0,1652.75
2023-02-25 06:00:00+00:00,2373.0,1674.5
2023-02-25 07:00:00+00:00,2493.0,1481.25
2023-02-25 08:00:00+00:00,2407.75,1276.25
2023-02-25 09:00:00+00:00,2391.75,1413.5
2023-02-25 10:00:00+00:00,2425.25,1767.5
2023-02-25 11:00:00+00:00,2260.0,1909.25
2023-02-25 12:00:00+00:00,2241.25,1712.0
2023-02-25 13:00:00+00:00,1700.75,1393.0
2023-02-25 14:00:00+00:00,2054.75,1675.5
2023-02-25 15:00:00+00:00,1977.5,1657.0
2023-02-25 16:00:00+00:00,1985.75,1322.25
2023-02-25 17:00:00+00:00,2239.25,1020.25
2023-02-25 18:00:00+00:00,2113.25,896.25
2023-02-25 19:00:00+00:00,1964.5,809.5
2023-02-25 20:00:00+00:00,1731.75,908.75
2023-02-25 21:00:00+00:00,1618.5,977.25
2023-02-25 22:00:00+00:00,1515.0,1078.75
2023-02-25 23:00:00+00:00,1203.75,1121.75
2023-02-26 00:00:00+00:00,1376.0,1038.25
2023-02-26 01:00:00+00:00,1437.5,1049.0
2023-02-26 02:00:00+00:00,1289.25,1237.0
2023-02-26 03:00:00+00:00,2099.0,1225.25
2023-02-26 04:00:00+00:00,2094.5,1218.5
2023-02-26 05:00:00+00:00,1994.5,1320.0
2023-02-26 06:00:00+00:00,2118.5,1254.75
2023-02-26 07:00:00+00:00,2150.0,1016.5
2023-02-26 08:00:00+00:00,2085.25,729.0
2023-02-26 09:00:00+00:00,1548.25,764.25
2023-02-26 10:00:00+00:00,1319.0,1121.25
2023-02-26 11:00:00+00:00,1159.5,1358.75
2023-02-26 12:00:00+00:00,1261.5,1296.25
2023-02-26 13:00:00+00:00,1696.0,1355.25
2023-02-26 14:00:00+00:00,1599.0,1305.5
2023-02-26 15:00:00+00:00,1970.5,1300.5
2023-02-26 16:00:00+00:00,2044.25,1247.5
2023-02-26 17:00:00+00:00,2022.0,1041.0
2023-02-26 18:00:00+00:00,1965.0,873.0
2023-02-26 19:00:00+00:00,1822.75,793.25
2023-02-26 20:00:00+00:00,1944.75,679.0
2023-02-26 21:00:00+00:00,1700.5,469.0
2023-02-26 22:00:00+00:00,1385.25,354.0
2023-02-26 23:00:00+00:00,1187.5,303.0
2023-02-27 00:00:00+00:00,1070.5,251.5
2023-02-27 01:00:00+00:00,829.0,207.0
2023-02-27 02:00:00+00:00,691.5,196.25
2023-02-27 03:00:00+00:00,588.0,190.75
2023-02-27 04:00:00+00:00,425.0,159.25
2023-02-27 05:00:00+00:00,394.5,196.75
2023-02-27 06:00:00+00:00,407.0,265.0
2023-02-27 07:00:00+00:00,500.25,330.0
2023-02-27 08:00:00+00:00,559.0,297.25
2023-02-27 09:00:00+00:00,628.0,259.0
2023-02-27 10:00:00+00:00,714.25,343.75
2023-02-27 11:00:00+00:00,609.25,523.0
2023-02-27 12:00:00+00:00,684.5,774.0
2023-02-27 13:00:00+00:00,825.0,882.75
2023-02-27 14:00:00+00:00,1034.0,959.5
2023-02-27 15:00:00+00:00,1312.75,990.75
2023-02-27 16:00:00+00:00,1654.0,897.75
2023-02-27 17:00:00+00:00,1742.0,749.5
2023-02-27 18:00:00+00:00,1769.25,774.5
2023-02-27 19:00:00+00:00,1731.25,759.5
2023-02-27 20:00:00+00:00,1517.75,737.25
2023-02-27 21:00:00+00:00,1353.5,529.5
2023-02-27 22:00:00+00:00,1048.25,385.5
2023-02-27 23:00:00+00:00,793.5,385.5
2023-02-28 00:00:00+00:00,608.0,306.25
2023-02-28 01:00:00+00:00,559.5,213.5
2023-02-28 02:00:00+00:00,476.25,165.75
2023-02-28 03:00:00+00:00,412.5,156.25
2023-02-28 04:00:00+00:00,378.0,185.0
2023-02-28 05:00:00+00:00,461.0,228.75
2023-02-28 06:00:00+00:00,389.25,245.5
2023-02-28 07:00:00+00:00,437.75,147.25
2023-02-28 08:00:00+00:00,261.25,119.75
2023-02-28 09:00:00+00:00,272.75,131.5
2023-02-28 10:00:00+00:00,303.25,160.25
2023-02-28 11:00:00+00:00,273.25,187.25
2023-02-28 12:00:00+00:00,110.0,251.0
2023-02-28 13:00:00+00:00,83.25,313.75
2023-02-28 14:00:00+00:00,166.5,380.75
2023-02-28 15:00:00+00:00,306.0,369.0
2023-02-28 16:00:00+00:00,376.25,342.0
2023-02-28 17:00:00+00:00,453.25,277.25
2023-02-28 18:00:00+00:00,474.5,267.0
2023-02-28 19:00:00+00:00,469.5,275.25
2023-02-28 20:00:00+00:00,372.0,265.75
2023-02-28 21:00:00+00:00,277.0,292.25
2023-02-28 22:00:00+00:00,250.75,294.25
2023-02-28 23:00:00+00:00,256.5,293.0
2023-03-01 00:00:00+00:00,286.75,238.25
2023-03-01 01:00:00+00:00,341.25,208.25
2023-03-01 02:00:00+00:00,371.5,184.75
2023-03-01 03:00:00+00:00,459.75,214.25
2023-03-01 04:00:00+00:00,471.25,232.0
2023-03-01 05:00:00+00:00,398.25,223.75
2023-03-01 06:00:00+00:00,300.25,213.5
2023-03-01 07:00:00+00:00,270.75,221.75
2023-03-01 08:00:00+00:00,247.0,239.0
2023-03-01 09:00:00+00:00,252.75,212.0
2023-03-01 10:00:00+00:00,283.5,254.25
2023-03-01 11:00:00+00:00,334.0,399.75
2023-03-01 12:00:00+00:00,472.75,513.75
2023-03-01 13:00:00+00:00,595.0,527.25
2023-03-01 14:00:00+00:00,755.0,589.75
2023-03-01 15:00:00+00:00,837.0,655.0
2023-03-01 16:00:00+00:00,1057.0,658.5
2023-03-01 17:00:00+00:00,1226.75,768.0
2023-03-01 18:00:00+00:00,1314.75,1019.5
2023-03-01 19:00:00+00:00,1132.5,1104.0
2023-03-01 20:00:00+00:00,1072.5,1232.0
2023-03-01 21:00:00+00:00,1032.0,1105.0
2023-03-01 22:00:00+00:00,1064.5,1011.5
2023-03-01 23:00:00+00:00,997.75,933.75
2023-03-02 00:00:00+00:00,922.0,923.5
2023-03-02 01:00:00+00:00,1029.75,821.25
2023-03-02 02:00:00+00:00,972.25,697.75
2023-03-02 03:00:00+00:00,1058.0,701.75
2023-03-02 04:00:00+00:00,1323.5,744.75
2023-03-02 05:00:00+00:00,1281.0,727.25
2023-03-02 06:00:00+00:00,1284.5,712.75
2023-03-02 07:00:00+00:00,1258.0,599.0
2023-03-02 08:00:00+00:00,1123.0,529.75
2023-03-02 09:00:00+00:00,907.5,460.0
2023-03-02 10:00:00+00:00,948.5,448.0
2023-03-02 11:00:00+00:00,1008.0,446.0
2023-03-02 12:00:00+00:00,1206.25,461.75
2023-03-02 13:00:00+00:00,1294.75,569.0
2023-03-02 14:00:00+00:00,1323.5,634.75
2023-03-02 15:00:00+00:00,1551.25,730.5
2023-03-02 16:00:00+00:00,1865.5,713.5
2023-03-02 17:00:00+00:00,1970.75,814.5
2023-03-02 18:00:00+00:00,1949.5,922.75
2023-03-02 19:00:00+00:00,1830.75,932.5
2023-03-02 20:00:00+00:00,1671.5,954.25
2023-03-02 21:00:00+00:00,1318.5,964.0
2023-03-02 22:00:00+00:00,1320.0,857.25
2023-03-02 23:00:00+00:00,1368.25,751.75
2023-03-03 00:00:00+00:00,1456.0,664.25
2023-03-03 01:00:00+00:00,1283.5,551.25
2023-03-03 02:00:00+00:00,1203.25,533.25
2023-03-03 03:00:00+00:00,1055.0,527.0
2023-03-03 04:00:00+00:00,1154.25,493.75
2023-03-03 05:00:00+00:00,1228.75,436.5
2023-03-03 06:00:00+00:00,1136.5,356.0
2023-03-03 07:00:00+00:00,898.25,263.5
2023-03-03 08:00:00+00:00,850.5,208.75
2023-03-03 09:00:00+00:00,728.75,208.0
2023-03-03 10:00:00+00:00,624.75,190.25
2023-03-03 11:00:00+00:00,494.0,154.0
2023-03-03 12:00:00+00:00,565.0,229.5
2023-03-03 13:00:00+00:00,561.25,309.0
2023-03-03 14:00:00+00:00,564.25,359.75
2023-03-03 15:00:00+00:00,614.75,395.5
2023-03-03 16:00:00+00:00,755.25,457.75
2023-03-03 17:00:00+00:00,833.25,527.25
2023-03-03 18:00:00+00:00,1040.25,549.0
2023-03-03 19:00:00+00:00,1055.75,559.75
2023-03-03 20:00:00+00:00,1048.25,585.25
2023-03-03 21:00:00+00:00,1047.5,609.75
2023-03-03 22:00:00+00:00,1087.5,670.0
2023-03-03 23:00:00+00:00,1094.0,715.75
2023-03-04 00:00:00+00:00,1090.5,726.0
2023-03-04 01:00:00+00:00,984.25,754.5
2023-03-04 02:00:00+00:00,1182.75,770.25
2023-03-04 03:00:00+00:00,1315.25,771.5
2023-03-04 04:00:00+00:00,1258.75,808.5
2023-03-04 05:00:00+00:00,1263.25,765.25
2023-03-04 06:00:00+00:00,1197.5,806.25
2023-03-04 07:00:00+00:00,1238.75,745.5
2023-03-04 08:00:00+00:00,1140.75,741.5
2023-03-04 09:00:00+00:00,1128.75,782.75
2023-03-04 10:00:00+00:00,1229.25,925.0
2023-03-04 11:00:00+00:00,1187.5,999.25
2023-03-04 12:00:00+00:00,1041.75,906.0
2023-03-04 13:00:00+00:00,1059.5,938.25
2023-03-04 14:00:00+00:00,1017.75,945.0
2023-03-04 15:00:00+00:00,1013.0,857.5
2023-03-04 16:00:00+00:00,659.5,909.5
2023-03-04 17:00:00+00:00,650.5,664.0
2023-03-04 18:00:00+00:00,785.75,619.0
2023-03-04 19:00:00+00:00,823.25,484.0
2023-03-04 20:00:00+00:00,805.5,437.75
2023-03-04 21:00:00+00:00,686.0,451.75
2023-03-04 22:00:00+00:00,496.25,495.5
2023-03-04 23:00:00+00:00,386.0,394.5
2023-03-05 00:00:00+00:00,435.0,333.5
2023-03-05 01:00:00+00:00,503.0,341.25
2023-03-05 02:00:00+00:00,545.25,404.25
2023-03-05 03:00:00+00:00,539.0,410.75
2023-03-05 04:00:00+00:00,622.5,453.25
2023-03-05 05:00:00+00:00,755.5,392.5
2023-03-05 06:00:00+00:00,556.75,377.0
2023-03-05 07:00:00+00:00,634.75,314.0
2023-03-05 08:00:00+00:00,704.5,273.0
2023-03-05 09:00:00+00:00,775.0,327.0
2023-03-05 10:00:00+00:00,729.25,374.0
2023-03-05 11:00:00+00:00,658.5,364.75
2023-03-05 12:00:00+00:00,540.25,333.0
2023-03-05 13:00:00+00:00,588.25,351.0
2023-03-05 14:00:00+00:00,750.75,383.25
2023-03-05 15:00:00+00:00,871.0,371.5
2023-03-05 16:00:00+00:00,1004.75,404.75
2023-03-05 17:00:00+00:00,990.75,351.25
2023-03-05 18:00:00+00:00,997.25,351.0
2023-03-05 19:00:00+00:00,431.0,331.25
2023-03-05 20:00:00+00:00,311.75,313.5
2023-03-05 21:00:00+00:00,179.75,391.75
2023-03-05 22:00:00+00:00,237.25,418.0
2023-03-05 23:00:00+00:00,213.5,474.25
2023-03-06 00:00:00+00:00,338.0,613.0
2023-03-06 01:00:00+00:00,586.5,601.75
2023-03-06 02:00:00+00:00,690.0,635.25
2023-03-06 03:00:00+00:00,652.75,532.5
2023-03-06 04:00:00+00:00,481.0,457.5
2023-03-06 05:00:00+00:00,295.25,443.25
2023-03-06 06:00:00+00:00,198.5,357.5
2023-03-06 07:00:00+00:00,127.25,245.5
2023-03-06 08:00:00+00:00,131.75,193.5
2023-03-06 09:00:00+00:00,178.75,179.0
2023-03-06 10:00:00+00:00,287.0,245.0
2023-03-06 11:00:00+00:00,658.5,318.25
2023-03-06 12:00:00+00:00,1246.25,467.5
2023-03-06 13:00:00+00:00,2065.25,761.25
2023-03-06 14:00:00+00:00,2314.75,1150.5
2023-03-06 15:00:00+00:00,2185.5,1668.5
2023-03-06 16:00:00+00:00,2177.75,1783.0
2023-03-06 17:00:00+00:00,2028.5,1840.5
2023-03-06 18:00:00+00:00,1987.0,2025.75
2023-03-06 19:00:00+00:00,2133.5,2105.0
2023-03-06 20:00:00+00:00,2268.5,1926.5
2023-03-06 21:00:00+00:00,2132.75,1785.75
2023-03-06 22:00:00+00:00,2089.25,1576.5
2023-03-06 23:00:00+00:00,2026.5,1534.0
2023-03-07 00:00:00+00:00,1825.5,1556.5
2023-03-07 01:00:00+00:00,1597.25,1560.5
2023-03-07 02:00:00+00:00,1413.75,1555.5
2023-03-07 03:00:00+00:00,1320.0,1582.5
2023-03-07 04:00:00+00:00,1190.0,1458.75
2023-03-07 05:00:00+00:00,1251.5,1367.5
2023-03-07 06:00:00+00:00,1022.25,1225.5
2023-03-07 07:00:00+00:00,928.5,831.5
2023-03-07 08:00:00+00:00,806.75,615.25
2023-03-07 09:00:00+00:00,696.0,543.75
2023-03-07 10:00:00+00:00,628.75,484.0
2023-03-07 11:00:00+00:00,612.25,477.25
2023-03-07 12:00:00+00:00,781.0,513.0
2023-03-07 13:00:00+00:00,757.0,552.25
2023-03-07 14:00:00+00:00,709.25,619.0
2023-03-07 15:00:00+00:00,805.0,599.75
2023-03-07 16:00:00+00:00,774.5,643.0
2023-03-07 17:00:00+00:00,875.0,710.5
2023-03-07 18:00:00+00:00,668.25,462.25
2023-03-07 19:00:00+00:00,521.5,474.75
2023-03-07 20:00:00+00:00,389.0,492.75
2023-03-07 21:00:00+00:00,376.5,495.75
2023-03-07 22:00:00+00:00,332.25,471.5
2023-03-07 23:00:00+00:00,288.75,459.75
2023-03-08 00:00:00+00:00,271.25,398.75
2023-03-08 01:00:00+00:00,231.5,312.0
2023-03-08 02:00:00+00:00,407.75,201.25
2023-03-08 03:00:00+00:00,551.0,167.25
2023-03-08 04:00:00+00:00,731.25,145.25
2023-03-08 05:00:00+00:00,977.25,201.75
2023-03-08 06:00:00+00:00,1040.75,184.0
2023-03-08 07:00:00+00:00,1267.5,220.0
2023-03-08 08:00:00+00:00,1371.5,254.75
2023-03-08 09:00:00+00:00,1543.75,282.25
2023-03-08 10:00:00+00:00,1542.75,329.75
2023-03-08 11:00:00+00:00,1417.75,406.75
2023-03-08 12:00:00+00:00,1335.25,408.0
2023-03-08 13:00:00+00:00,1348.75,426.75
2023-03-08 14:00:00+00:00,1244.5,501.75
2023-03-08 15:00:00+00:00,1202.25,466.25
2023-03-08 16:00:00+00:00,1247.75,488.75
2023-03-08 17:00:00+00:00,1568.25,515.0
2023-03-08 18:00:00+00:00,1643.5,627.5
2023-03-08 19:00:00+00:00,1611.25,687.25
2023-03-08 20:00:00+00:00,1624.25,621.25
2023-03-08 21:00:00+00:00,1498.25,656.0
2023-03-08 22:00:00+00:00,1497.25,718.5
2023-03-08 23:00:00+00:00,1065.25,596.25
2023-03-09 00:00:00+00:00,897.5,569.25
2023-03-09 01:00:00+00:00,786.5,545.25
2023-03-09 02:00:00+00:00,754.75,422.75
2023-03-09 03:00:00+00:00,655.0,396.75
2023-03-09 04:00:00+00:00,480.5,427.75
2023-03-09 05:00:00+00:00,276.5,316.75
2023-03-09 06:00:00+00:00,195.0,303.25
2023-03-09 07:00:00+00:00,118.5,187.5
2023-03-09 08:00:00+00:00,85.75,139.5
2023-03-09 09:00:00+00:00,114.5,112.0
2023-03-09 10:00:00+00:00,176.75,129.25
2023-03-09 11:00:00+00:00,290.0,133.0
2023-03-09 12:00:00+00:00,294.0,158.75
2023-03-09 13:00:00+00:00,416.75,196.5
2023-03-09 14:00:00+00:00,514.5,233.75
2023-03-09 15:00:00+00:00,557.0,323.25
2023-03-09 16:00:00+00:00,545.75,397.0
2023-03-09 17:00:00+00:00,591.75,597.75
2023-03-09 18:00:00+00:00,679.0,892.75
2023-03-09 19:00:00+00:00,803.75,991.25
2023-03-09 20:00:00+00:00,884.0,1177.5
2023-03-09 21:00:00+00:00,948.0,1200.5
2023-03-09 22:00:00+00:00,968.0,1145.5
2023-03-09 23:00:00+00:00,1078.5,1102.0
2023-03-10 00:00:00+00:00,1209.75,1047.5
2023-03-10 01:00:00+00:00,1557.25,958.75
2023-03-10 02:00:00+00:00,1485.0,978.5
2023-03-10 03:00:00+00:00,1363.0,1025.5
2023-03-10 04:00:00+00:00,1285.0,1104.25
2023-03-10 05:00:00+00:00,1291.0,1093.75
2023-03-10 06:00:00+00:00,1214.0,1098.75
2023-03-10 07:00:00+00:00,1245.25,1138.25
2023-03-10 08:00:00+00:00,1198.0,1156.5
2023-03-10 09:00:00+00:00,1438.5,1153.75
2023-03-10 10:00:00+00:00,2401.0,1330.5
2023-03-10 11:00:00+00:00,2500.75,1518.25
2023-03-10 12:00:00+00:00,2496.25,1757.5
2023-03-10 13:00:00+00:00,2443.5,1986.75
2023-03-10 14:00:00+00:00,2488.75,2071.25
2023-03-10 15:00:00+00:00,2551.5,1908.75
2023-03-10 16:00:00+00:00,2524.25,1838.0
2023-03-10 17:00:00+00:00,2385.25,1702.75
2023-03-10 18:00:00+00:00,2506.0,1698.75
2023-03-10 19:00:00+00:00,2478.0,1672.0
2023-03-10 20:00:00+00:00,2284.75,1710.0
2023-03-10 21:00:00+00:00,1967.75,1459.5
2023-03-10 22:00:00+00:00,1609.0,1145.0
2023-03-10 23:00:00+00:00,1556.75,991.25
2023-03-11 00:00:00+00:00,1293.5,896.25
2023-03-11 01:00:00+00:00,1031.5,725.75
2023-03-11 02:00:00+00:00,759.5,652.0
2023-03-11 03:00:00+00:00,558.75,499.25
2023-03-11 04:00:00+00:00,405.0,368.75
2023-03-11 05:00:00+00:00,246.75,238.75
2023-03-11 06:00:00+00:00,185.25,187.5
2023-03-11 07:00:00+00:00,169.25,145.5
2023-03-11 08:00:00+00:00,219.5,112.75
2023-03-11 09:00:00+00:00,294.5,158.0
2023-03-11 10:00:00+00:00,426.5,207.75
2023-03-11 11:00:00+00:00,466.5,281.75
2023-03-11 12:00:00+00:00,604.0,369.25
2023-03-11 13:00:00+00:00,662.75,521.5
2023-03-11 14:00:00+00:00,658.0,589.0
2023-03-11 15:00:00+00:00,627.75,549.0
2023-03-11 16:00:00+00:00,574.5,368.25
2023-03-11 17:00:00+00:00,472.75,313.0
2023-03-11 18:00:00+00:00,379.25,258.0
2023-03-11 19:00:00+00:00,157.75,197.0
2023-03-11 20:00:00+00:00,256.0,154.5
2023-03-11 21:00:00+00:00,394.75,154.25
2023-03-11 22:00:00+00:00,555.75,211.75
2023-03-11 23:00:00+00:00,616.0,357.75
2023-03-12 00:00:00+00:00,902.25,544.75
2023-03-12 01:00:00+00:00,1068.75,650.25
2023-03-12 02:00:00+00:00,1240.25,803.75
2023-03-12 03:00:00+00:00,1373.5,959.75
2023-03-12 04:00:00+00:00,1506.25,1083.5
2023-03-12 05:00:00+00:00,1662.5,1257.5
2023-03-12 06:00:00+00:00,1988.25,1341.25
2023-03-12 07:00:00+00:00,2370.0,1454.75
2023-03-12 08:00:00+00:00,2399.0,1474.5
2023-03-12 09:00:00+00:00,2409.25,1494.75
2023-03-12 10:00:00+00:00,2313.5,1745.75
2023-03-12 11:00:00+00:00,2267.25,1885.0
2023-03-12 12:00:00+00:00,2206.5,1869.75
2023-03-12 13:00:00+00:00,2462.5,1957.0
2023-03-12 14:00:00+00:00,2473.0,2167.5
2023-03-12 15:00:00+00:00,2605.5,2272.75
2023-03-12 16:00:00+00:00,2471.25,2095.75
2023-03-12 17:00:00+00:00,2611.25,2143.75
2023-03-12 18:00:00+00:00,2612.25,2189.25
2023-03-12 19:00:00+00:00,2582.25,2098.5
2023-03-12 20:00:00+00:00,2512.0,2027.0
2023-03-12 21:00:00+00:00,2579.75,2029.75
2023-03-12 22:00:00+00:00,2614.25,2063.25
2023-03-12 23:00:00+00:00,2601.25,2159.75
2023-03-13 00:00:00+00:00,2557.75,2263.75
2023-03-13 01:00:00+00:00,2611.0,2363.25
2023-03-13 02:00:00+00:00,2594.5,2404.5
2023-03-13 03:00:00+00:00,2561.5,2361.25
2023-03-13 04:00:00+00:00,2482.25,2316.75
2023-03-13 05:00:00+00:00,2507.25,2367.0
2023-03-13 06:00:00+00:00,2516.5,2324.0
2023-03-13 07:00:00+00:00,2453.25,2334.5
2023-03-13 08:00:00+00:00,2316.25,2302.0
2023-03-13 09:00:00+00:00,1930.5,2236.25
2023-03-13 10:00:00+00:00,2051.25,2175.75
2023-03-13 11:00:00+00:00,1417.0,1881.25
2023-03-13 12:00:00+00:00,1139.25,1793.5
2023-03-13 13:00:00+00:00,1250.75,1842.25
2023-03-13 14:00:00+00:00,1760.75,1819.5
2023-03-13 15:00:00+00:00,1950.0,1973.75
2023-03-13 16:00:00+00:00,2021.0,1915.0
2023-03-13 17:00:00+00:00,2143.0,1970.5
2023-03-13 18:00:00+00:00,2386.75,1954.75
2023-03-13 19:00:00+00:00,2471.0,2025.0
2023-03-13 20:00:00+00:00,2509.25,1987.25
2023-03-13 21:00:00+00:00,2524.25,1996.75
2023-03-13 22:00:00+00:00,2484.75,1990.0
2023-03-13 23:00:00+00:00,2419.75,2105.0
2023-03-14 00:00:00+00:00,2369.75,2081.75
2023-03-14 01:00:00+00:00,2447.75,2140.25
2023-03-14 02:00:00+00:00,2451.75,2061.25
2023-03-14 03:00:00+00:00,2503.75,2083.75
2023-03-14 04:00:00+00:00,2411.25,2155.75
2023-03-14 05:00:00+00:00,2479.0,2147.5
2023-03-14 06:00:00+00:00,2526.75,1963.5
2023-03-14 07:00:00+00:00,2348.75,2058.75
2023-03-14 08:00:00+00:00,2039.75,2051.75
2023-03-14 09:00:00+00:00,2046.5,1849.5
2023-03-14 10:00:00+00:00,2054.0,1966.0
2023-03-14 11:00:00+00:00,1898.75,1868.25
2023-03-14 12:00:00+00:00,1766.0,1873.5
2023-03-14 13:00:00+00:00,2069.5,2008.0
2023-03-14 14:00:00+00:00,1614.75,1860.5
2023-03-14 15:00:00+00:00,1454.0,1851.25
2023-03-14 16:00:00+00:00,1394.5,1739.5
2023-03-14 17:00:00+00:00,1425.75,1505.5
2023-03-14 18:00:00+00:00,1715.5,1163.75
2023-03-14 19:00:00+00:00,1442.5,1138.75
2023-03-14 20:00:00+00:00,1286.0,1142.25
2023-03-14 21:00:00+00:00,1352.0,1231.0
2023-03-14 22:00:00+00:00,1663.75,1285.25
2023-03-14 23:00:00+00:00,1620.25,1340.5
2023-03-15 00:00:00+00:00,1102.5,1047.0
2023-03-15 01:00:00+00:00,1056.5,805.0
2023-03-15 02:00:00+00:00,852.75,616.75
2023-03-15 03:00:00+00:00,1026.75,536.25
2023-03-15 04:00:00+00:00,817.75,503.75
2023-03-15 05:00:00+00:00,724.5,258.75
2023-03-15 06:00:00+00:00,430.25,236.5
2023-03-15 07:00:00+00:00,319.0,258.5
2023-03-15 08:00:00+00:00,317.25,329.5
2023-03-15 09:00:00+00:00,338.25,276.25
2023-03-15 10:00:00+00:00,405.25,311.25
2023-03-15 11:00:00+00:00,491.0,316.75
2023-03-15 12:00:00+00:00,497.75,387.5
2023-03-15 13:00:00+00:00,482.0,416.0
2023-03-15 14:00:00+00:00,523.0,421.5
2023-03-15 15:00:00+00:00,496.75,434.0
2023-03-15 16:00:00+00:00,436.0,476.5
2023-03-15 17:00:00+00:00,520.75,452.25
2023-03-15 18:00:00+00:00,480.5,360.25
2023-03-15 19:00:00+00:00,562.75,439.75
2023-03-15 20:00:00+00:00,786.0,628.5
2023-03-15 21:00:00+00:00,968.25,975.5
2023-03-15 22:00:00+00:00,1081.0,1244.25
2023-03-15 23:00:00+00:00,1223.5,1387.5
2023-03-16 00:00:00+00:00,1602.0,1446.25
2023-03-16 01:00:00+00:00,2071.75,1454.75
2023-03-16 02:00:00+00:00,2358.75,1420.75
2023-03-16 03:00:00+00:00,2431.75,1589.5
2023-03-16 04:00:00+00:00,2502.75,1604.0
2023-03-16 05:00:00+00:00,2425.75,1705.75
2023-03-16 06:00:00+00:00,2459.0,1874.75
2023-03-16 07:00:00+00:00,2383.25,1910.75
2023-03-16 08:00:00+00:00,2387.0,1941.5
2023-03-16 09:00:00+00:00,2357.5,1949.0
2023-03-16 10:00:00+00:00,2399.5,1910.0
2023-03-16 11:00:00+00:00,2417.5,2052.25
2023-03-16 12:00:00+00:00,2282.5,1813.75
2023-03-16 13:00:00+00:00,2198.5,1809.5
2023-03-16 14:00:00+00:00,2244.25,1809.5
2023-03-16 15:00:00+00:00,2118.25,1636.75
2023-03-16 16:00:00+00:00,2171.75,1496.75
2023-03-16 17:00:00+00:00,2148.25,1586.5
2023-03-16 18:00:00+00:00,2252.0,1742.5
2023-03-16 19:00:00+00:00,2473.5,1926.25
2023-03-16 20:00:00+00:00,2580.0,1956.5
2023-03-16 21:00:00+00:00,2589.75,1905.5
2023-03-16 22:00:00+00:00,2580.0,1870.5
2023-03-16 23:00:00+00:00,2563.5,1804.0
2023-03-17 00:00:00+00:00,2471.75,1728.75
2023-03-17 01:00:00+00:00,2107.5,1717.25
2023-03-17 02:00:00+00:00,1758.75,1613.5
2023-03-17 03:00:00+00:00,1660.25,1507.0
2023-03-17 04:00:00+00:00,1433.75,1480.75
2023-03-17 05:00:00+00:00,1092.5,1387.0
2023-03-17 06:00:00+00:00,1106.25,1128.75
2023-03-17 07:00:00+00:00,1039.25,1127.75
2023-03-17 08:00:00+00:00,1166.0,852.75
2023-03-17 09:00:00+00:00,1114.5,592.75
2023-03-17 10:00:00+00:00,825.0,512.75
2023-03-17 11:00:00+00:00,612.0,457.0
2023-03-17 12:00:00+00:00,517.75,265.0
2023-03-17 13:00:00+00:00,271.5,144.75
2023-03-17 14:00:00+00:00,196.25,138.0
2023-03-17 15:00:00+00:00,217.75,159.5
2023-03-17 16:00:00+00:00,290.5,209.75
2023-03-17 17:00:00+00:00,339.75,258.25
2023-03-17 18:00:00+00:00,600.25,270.25
2023-03-17 19:00:00+00:00,433.75,313.75
2023-03-17 20:00:00+00:00,438.75,375.75
2023-03-17 21:00:00+00:00,517.25,532.0
2023-03-17 22:00:00+00:00,466.75,686.75
2023-03-17 23:00:00+00:00,507.25,776.5
2023-03-18 00:00:00+00:00,451.75,779.0
2023-03-18 01:00:00+00:00,336.0,679.25
2023-03-18 02:00:00+00:00,337.75,545.0
2023-03-18 03:00:00+00:00,334.0,490.0
2023-03-18 04:00:00+00:00,408.0,515.75
2023-03-18 05:00:00+00:00,409.25,482.75
2023-03-18 06:00:00+00:00,518.75,585.25
2023-03-18 07:00:00+00:00,487.5,458.5
2023-03-18 08:00:00+00:00,519.75,378.0
2023-03-18 09:00:00+00:00,520.75,381.25
2023-03-18 10:00:00+00:00,602.75,345.5
2023-03-18 11:00:00+00:00,634.0,357.25
2023-03-18 12:00:00+00:00,643.0,448.0
2023-03-18 13:00:00+00:00,693.0,576.0
2023-03-18 14:00:00+00:00,576.5,607.0
2023-03-18 15:00:00+00:00,588.5,647.75
2023-03-18 16:00:00+00:00,550.25,626.25
2023-03-18 17:00:00+00:00,464.75,617.25
2023-03-18 18:00:00+00:00,385.5,770.0
2023-03-18 19:00:00+00:00,560.5,1001.5
2023-03-18 20:00:00+00:00,734.5,1223.75
2023-03-18 21:00:00+00:00,1111.0,1200.75
2023-03-18 22:00:00+00:00,1245.75,1148.25
2023-03-18 23:00:00+00:00,1202.25,1011.75
2023-03-19 00:00:00+00:00,1233.5,919.5
2023-03-19 01:00:00+00:00,1136.75,776.25
2023-03-19 02:00:00+00:00,963.75,698.0
2023-03-19 03:00:00+00:00,764.75,594.25
2023-03-19 04:00:00+00:00,593.75,435.25
2023-03-19 05:00:00+00:00,494.75,393.5
2023-03-19 06:00:00+00:00,461.0,370.75
2023-03-19 07:00:00+00:00,548.75,326.0
2023-03-19 08:00:00+00:00,784.5,294.75
2023-03-19 09:00:00+00:00,555.25,234.0
2023-03-19 10:00:00+00:00,290.25,205.25
2023-03-19 11:00:00+00:00,375.25,197.5
2023-03-19 12:00:00+00:00,481.75,271.25
2023-03-19 13:00:00+00:00,373.0,446.75
2023-03-19 14:00:00+00:00,288.5,472.25
2023-03-19 15:00:00+00:00,263.5,333.0
2023-03-19 16:00:00+00:00,198.5,332.0
2023-03-19 17:00:00+00:00,150.25,327.25
2023-03-19 18:00:00+00:00,185.0,295.5
2023-03-19 19:00:00+00:00,302.75,237.25
2023-03-19 20:00:00+00:00,353.25,334.75
2023-03-19 21:00:00+00:00,414.75,337.25
2023-03-19 22:00:00+00:00,528.0,363.75
2023-03-19 23:00:00+00:00,609.5,429.75
2023-03-20 00:00:00+00:00,827.5,628.5
2023-03-20 01:00:00+00:00,791.5,674.0
2023-03-20 02:00:00+00:00,925.0,630.0
2023-03-20 03:00:00+00:00,1183.25,752.5
2023-03-20 04:00:00+00:00,1579.5,943.5
2023-03-20 05:00:00+00:00,1903.0,1007.25
2023-03-20 06:00:00+00:00,2037.0,1063.75
2023-03-20 07:00:00+00:00,1843.5,1023.75
2023-03-20 08:00:00+00:00,1899.0,1049.0
2023-03-20 09:00:00+00:00,1973.5,1216.25
2023-03-20 10:00:00+00:00,2058.0,1287.25
2023-03-20 11:00:00+00:00,2210.75,1315.5
2023-03-20 12:00:00+00:00,2048.25,1224.75
2023-03-20 13:00:00+00:00,1935.0,1242.75
2023-03-20 14:00:00+00:00,1884.25,1344.5
2023-03-20 15:00:00+00:00,1826.5,1328.75
2023-03-20 16:00:00+00:00,1792.75,1243.75
2023-03-20 17:00:00+00:00,1728.75,1149.5
2023-03-20 18:00:00+00:00,1659.5,1046.25
2023-03-20 19:00:00+00:00,1501.25,1067.75
2023-03-20 20:00:00+00:00,1505.0,1073.5
2023-03-20 21:00:00+00:00,1538.75,1039.75
2023-03-20 22:00:00+00:00,1520.0,1021.5
2023-03-20 23:00:00+00:00,1383.5,1001.5
2023-03-21 00:00:00+00:00,985.25,985.0
2023-03-21 01:00:00+00:00,802.25,827.25
2023-03-21 02:00:00+00:00,921.25,772.75
2023-03-21 03:00:00+00:00,1045.0,796.5
2023-03-21 04:00:00+00:00,1139.75,843.25
2023-03-21 05:00:00+00:00,1370.25,959.5
2023-03-21 06:00:00+00:00,1451.75,885.75
2023-03-21 07:00:00+00:00,1703.75,961.75
2023-03-21 08:00:00+00:00,1776.75,942.0
2023-03-21 09:00:00+00:00,1913.25,978.25
2023-03-21 10:00:00+00:00,1906.5,1164.75
2023-03-21 11:00:00+00:00,2090.75,1304.0
2023-03-21 12:00:00+00:00,2177.75,1275.25
2023-03-21 13:00:00+00:00,2249.5,1466.75
2023-03-21 14:00:00+00:00,2516.75,1556.75
2023-03-21 15:00:00+00:00,2544.5,1604.75
2023-03-21 16:00:00+00:00,2580.5,1708.5
2023-03-21 17:00:00+00:00,2565.5,1471.75
2023-03-21 18:00:00+00:00,2561.75,1468.5
2023-03-21 19:00:00+00:00,2572.25,1710.25
2023-03-21 20:00:00+00:00,2580.75,1872.0
2023-03-21 21:00:00+00:00,2566.5,1901.75
2023-03-21 22:00:00+00:00,2474.5,2001.0
2023-03-21 23:00:00+00:00,2407.5,1985.25
2023-03-22 00:00:00+00:00,2284.75,1974.25
2023-03-22 01:00:00+00:00,2570.0,1888.0
2023-03-22 02:00:00+00:00,2576.25,1799.75
2023-03-22 03:00:00+00:00,2583.0,1904.75
2023-03-22 04:00:00+00:00,2581.25,1956.5
2023-03-22 05:00:00+00:00,2579.0,2049.75
2023-03-22 06:00:00+00:00,2562.75,2175.5
2023-03-22 07:00:00+00:00,2546.75,2232.25
2023-03-22 08:00:00+00:00,2550.5,2285.75
2023-03-22 09:00:00+00:00,2542.75,2317.0
2023-03-22 10:00:00+00:00,2263.25,2403.75
2023-03-22 11:00:00+00:00,2483.0,2357.25
2023-03-22 12:00:00+00:00,2551.0,2305.5
2023-03-22 13:00:00+00:00,2536.5,2160.25
2023-03-22 14:00:00+00:00,2553.25,2092.5
2023-03-22 15:00:00+00:00,2555.5,2023.75
2023-03-22 16:00:00+00:00,2567.0,2122.25
2023-03-22 17:00:00+00:00,2541.25,2184.75
2023-03-22 18:00:00+00:00,2455.75,2226.25
2023-03-22 19:00:00+00:00,2246.25,2215.25
2023-03-22 20:00:00+00:00,2230.0,2265.75
2023-03-22 21:00:00+00:00,2439.25,2265.0
2023-03-22 22:00:00+00:00,2413.5,2318.75
2023-03-22 23:00:00+00:00,2399.25,2186.0
2023-03-23 00:00:00+00:00,2493.75,2273.5
2023-03-23 01:00:00+00:00,2504.25,2269.75
2023-03-23 02:00:00+00:00,2512.25,2348.0
2023-03-23 03:00:00+00:00,2508.75,2316.0
2023-03-23 04:00:00+00:00,2524.0,2417.25
2023-03-23 05:00:00+00:00,2551.5,2392.0
2023-03-23 06:00:00+00:00,2525.5,2343.75
2023-03-23 07:00:00+00:00,2528.25,2198.75
2023-03-23 08:00:00+00:00,2466.5,2048.0
2023-03-23 09:00:00+00:00,2400.75,1999.75
2023-03-23 10:00:00+00:00,1914.25,1639.25
2023-03-23 11:00:00+00:00,1909.25,1979.25
2023-03-23 12:00:00+00:00,2016.25,2109.25
2023-03-23 13:00:00+00:00,2331.0,2096.5
2023-03-23 14:00:00+00:00,2149.25,1909.25
2023-03-23 15:00:00+00:00,2427.25,1920.25
2023-03-23 16:00:00+00:00,2512.5,1670.0
2023-03-23 17:00:00+00:00,2254.75,1369.25
2023-03-23 18:00:00+00:00,1929.75,1430.5
2023-03-23 19:00:00+00:00,2212.25,1572.5
2023-03-23 20:00:00+00:00,2447.5,1571.75
2023-03-23 21:00:00+00:00,2459.25,1888.5
2023-03-23 22:00:00+00:00,2334.0,2029.5
2023-03-23 23:00:00+00:00,2305.0,2197.25
2023-03-24 00:00:00+00:00,2451.5,2325.25
2023-03-24 01:00:00+00:00,2556.5,2424.75
2023-03-24 02:00:00+00:00,2565.5,2422.5
2023-03-24 03:00:00+00:00,2570.5,2341.75
2023-03-24 04:00:00+00:00,2568.75,2284.75
2023-03-24 05:00:00+00:00,2573.25,2311.5
2023-03-24 06:00:00+00:00,2576.75,2254.75
2023-03-24 07:00:00+00:00,2541.0,2252.5
2023-03-24 08:00:00+00:00,2545.0,2230.5
2023-03-24 09:00:00+00:00,2467.0,2284.25
2023-03-24 10:00:00+00:00,2144.0,2242.5
2023-03-24 11:00:00+00:00,1399.25,2157.0
2023-03-24 12:00:00+00:00,1472.5,2190.25
2023-03-24 13:00:00+00:00,1558.75,2224.5
2023-03-24 14:00:00+00:00,2439.75,2206.25
2023-03-24 15:00:00+00:00,2432.25,2098.0
2023-03-24 16:00:00+00:00,2540.0,2216.75
2023-03-24 17:00:00+00:00,2621.5,2263.5
2023-03-24 18:00:00+00:00,2621.5,2195.75
2023-03-24 19:00:00+00:00,2618.5,2306.0
2023-03-24 20:00:00+00:00,2619.5,2329.0
2023-03-24 21:00:00+00:00,2621.0,2356.75
2023-03-24 22:00:00+00:00,2614.25,2409.5
2023-03-24 23:00:00+00:00,2455.0,2284.5
2023-03-25 00:00:00+00:00,2279.5,2329.0
2023-03-25 01:00:00+00:00,2446.25,2327.75
2023-03-25 02:00:00+00:00,2176.25,2295.0
2023-03-25 03:00:00+00:00,2265.25,2310.0
2023-03-25 04:00:00+00:00,2071.5,2291.0
2023-03-25 05:00:00+00:00,2137.0,2269.75
2023-03-25 06:00:00+00:00,2218.75,2317.5
2023-03-25 07:00:00+00:00,2170.75,2329.75
2023-03-25 08:00:00+00:00,1814.5,2100.25
2023-03-25 09:00:00+00:00,1792.75,2035.0
2023-03-25 10:00:00+00:00,1796.0,2034.0
2023-03-25 11:00:00+00:00,1684.5,2057.25
2023-03-25 12:00:00+00:00,1679.0,2030.0
2023-03-25 13:00:00+00:00,1708.75,2086.5
2023-03-25 14:00:00+00:00,1789.75,2172.0
2023-03-25 15:00:00+00:00,1787.75,2154.0
2023-03-25 16:00:00+00:00,2439.25,2406.75
2023-03-25 17:00:00+00:00,2449.0,2221.75
2023-03-25 18:00:00+00:00,1985.75,2061.5
2023-03-25 19:00:00+00:00,1304.75,1761.25
2023-03-25 20:00:00+00:00,844.0,1314.25
2023-03-25 21:00:00+00:00,830.25,1116.5
2023-03-25 22:00:00+00:00,815.75,887.75
2023-03-25 23:00:00+00:00,643.0,671.75
2023-03-26 00:00:00+00:00,528.0,529.0
2023-03-26 01:00:00+00:00,339.0,382.75
2023-03-26 02:00:00+00:00,231.0,250.25
2023-03-26 03:00:00+00:00,227.75,170.75
2023-03-26 04:00:00+00:00,151.5,125.5
2023-03-26 05:00:00+00:00,197.75,176.25
2023-03-26 06:00:00+00:00,281.5,300.5
2023-03-26 07:00:00+00:00,456.25,391.5
2023-03-26 08:00:00+00:00,555.5,503.0
2023-03-26 09:00:00+00:00,637.75,599.5
2023-03-26 10:00:00+00:00,679.25,719.0
2023-03-26 11:00:00+00:00,1144.0,829.25
2023-03-26 12:00:00+00:00,2059.75,1035.5
2023-03-26 13:00:00+00:00,2351.0,1311.25
2023-03-26 14:00:00+00:00,2419.25,1609.75
2023-03-26 15:00:00+00:00,2436.25,1772.5
2023-03-26 16:00:00+00:00,2520.0,1869.0
2023-03-26 17:00:00+00:00,2500.5,1828.25
2023-03-26 18:00:00+00:00,2466.25,1841.75
2023-03-26 19:00:00+00:00,2269.5,1724.25
2023-03-26 20:00:00+00:00,2233.0,1530.0
2023-03-26 21:00:00+00:00,1891.25,1193.75
2023-03-26 22:00:00+00:00,1794.5,1001.25
2023-03-26 23:00:00+00:00,1732.25,936.25
2023-03-27 00:00:00+00:00,1729.25,961.75
2023-03-27 01:00:00+00:00,1690.0,1039.0
2023-03-27 02:00:00+00:00,1867.5,1074.75
2023-03-27 03:00:00+00:00,1793.25,1112.25
2023-03-27 04:00:00+00:00,1938.5,1378.25
2023-03-27 05:00:00+00:00,2144.0,1255.25
2023-03-27 06:00:00+00:00,1990.25,1261.75
2023-03-27 07:00:00+00:00,2025.75,1184.5
2023-03-27 08:00:00+00:00,1821.25,1320.5
2023-03-27 09:00:00+00:00,1753.0,1399.75
2023-03-27 10:00:00+00:00,1549.5,1505.25
2023-03-27 11:00:00+00:00,1540.5,1535.5
2023-03-27 12:00:00+00:00,1032.0,1440.25
2023-03-27 13:00:00+00:00,971.25,1483.5
2023-03-27 14:00:00+00:00,1315.75,1756.5
2023-03-27 15:00:00+00:00,1265.75,1817.25
2023-03-27 16:00:00+00:00,1171.25,1716.0
2023-03-27 17:00:00+00:00,1063.25,1476.75
2023-03-27 18:00:00+00:00,942.75,1406.0
2023-03-27 19:00:00+00:00,701.75,1301.5
2023-03-27 20:00:00+00:00,309.25,1052.25
2023-03-27 21:00:00+00:00,294.5,1001.0
2023-03-27 22:00:00+00:00,588.0,824.5
2023-03-27 23:00:00+00:00,461.75,722.0
2023-03-28 00:00:00+00:00,462.5,540.75
2023-03-28 01:00:00+00:00,472.25,439.75
2023-03-28 02:00:00+00:00,495.5,379.0
2023-03-28 03:00:00+00:00,501.75,404.25
2023-03-28 04:00:00+00:00,558.0,381.0
2023-03-28 05:00:00+00:00,535.75,357.25
2023-03-28 06:00:00+00:00,760.0,348.25
2023-03-28 07:00:00+00:00,1151.5,393.25
2023-03-28 08:00:00+00:00,1323.0,455.0
2023-03-28 09:00:00+00:00,1489.5,562.0
2023-03-28 10:00:00+00:00,1484.0,679.25
2023-03-28 11:00:00+00:00,1353.75,939.0
2023-03-28 12:00:00+00:00,1453.75,1140.75
2023-03-28 13:00:00+00:00,1772.25,1145.75
2023-03-28 14:00:00+00:00,1687.5,1099.5
2023-03-28 15:00:00+00:00,1845.0,1012.75
2023-03-28 16:00:00+00:00,2048.25,1124.75
2023-03-28 17:00:00+00:00,1652.75,1088.0
2023-03-28 18:00:00+00:00,2010.25,867.0
2023-03-28 19:00:00+00:00,2271.75,1030.5
2023-03-28 20:00:00+00:00,2002.25,1279.5
2023-03-28 21:00:00+00:00,1948.75,1288.5
2023-03-28 22:00:00+00:00,2120.0,1342.5
2023-03-28 23:00:00+00:00,1680.0,1318.0
2023-03-29 00:00:00+00:00,1808.25,1126.75
2023-03-29 01:00:00+00:00,1706.25,1019.75
2023-03-29 02:00:00+00:00,1680.75,940.5
2023-03-29 03:00:00+00:00,1600.25,798.75
2023-03-29 04:00:00+00:00,1549.25,793.0
2023-03-29 05:00:00+00:00,1480.0,715.25
2023-03-29 06:00:00+00:00,1245.75,687.75
2023-03-29 07:00:00+00:00,1219.75,658.25
2023-03-29 08:00:00+00:00,1182.25,599.0
2023-03-29 09:00:00+00:00,1021.75,616.25
2023-03-29 10:00:00+00:00,1010.25,641.5
2023-03-29 11:00:00+00:00,846.5,596.75
2023-03-29 12:00:00+00:00,904.25,578.25
2023-03-29 13:00:00+00:00,1038.25,627.25
2023-03-29 14:00:00+00:00,1071.0,673.0
2023-03-29 15:00:00+00:00,1184.25,678.75
2023-03-29 16:00:00+00:00,1331.5,707.75
2023-03-29 17:00:00+00:00,1307.25,847.25
2023-03-29 18:00:00+00:00,1384.5,1078.25
2023-03-29 19:00:00+00:00,1768.25,1356.5
2023-03-29 20:00:00+00:00,2097.5,1576.0
2023-03-29 21:00:00+00:00,2176.0,1747.0
2023-03-29 22:00:00+00:00,2500.25,1914.75
2023-03-29 23:00:00+00:00,2516.5,1976.75
2023-03-30 00:00:00+00:00,2509.5,2019.25
2023-03-30 01:00:00+00:00,2558.75,2005.0
2023-03-30 02:00:00+00:00,2526.25,2131.75
2023-03-30 03:00:00+00:00,2543.5,2167.0
2023-03-30 04:00:00+00:00,2547.25,2184.25
2023-03-30 05:00:00+00:00,2536.5,2325.5
2023-03-30 06:00:00+00:00,2533.25,2334.0
2023-03-30 07:00:00+00:00,2545.5,2368.75
2023-03-30 08:00:00+00:00,2563.0,2358.0
2023-03-30 09:00:00+00:00,2426.75,2240.75
2023-03-30 10:00:00+00:00,2118.75,2110.25
2023-03-30 11:00:00+00:00,2099.75,2308.0
2023-03-30 12:00:00+00:00,1978.5,2284.0
2023-03-30 13:00:00+00:00,1910.25,2098.5
2023-03-30 14:00:00+00:00,2222.25,2199.0
2023-03-30 15:00:00+00:00,2533.5,2440.0
2023-03-30 16:00:00+00:00,2571.5,2438.0
2023-03-30 17:00:00+00:00,2562.5,2288.25
2023-03-30 18:00:00+00:00,2547.0,2274.0
2023-03-30 19:00:00+00:00,2514.25,2167.25
2023-03-30 20:00:00+00:00,2347.25,2119.0
2023-03-30 21:00:00+00:00,1873.75,1986.0
2023-03-30 22:00:00+00:00,1620.25,1839.0
2023-03-30 23:00:00+00:00,1940.25,1635.75
2023-03-31 00:00:00+00:00,2378.75,1547.25
2023-03-31 01:00:00+00:00,2220.25,1463.5
2023-03-31 02:00:00+00:00,2204.5,1584.0
2023-03-31 03:00:00+00:00,2252.75,1407.0
2023-03-31 04:00:00+00:00,2105.5,1275.5
2023-03-31 05:00:00+00:00,2223.5,1348.5
2023-03-31 06:00:00+00:00,2152.75,1484.25
2023-03-31 07:00:00+00:00,2110.5,1506.75
2023-03-31 08:00:00+00:00,2182.75,1473.5
2023-03-31 09:00:00+00:00,2193.5,1263.0
2023-03-31 10:00:00+00:00,2012.75,1299.5
2023-03-31 11:00:00+00:00,1730.25,1372.75
2023-03-31 12:00:00+00:00,1838.75,1463.25
2023-03-31 13:00:00+00:00,1961.25,1495.0
2023-03-31 14:00:00+00:00,2028.75,1449.25
2023-03-31 15:00:00+00:00,2023.25,1392.25
2023-03-31 16:00:00+00:00,2038.75,1445.5
2023-03-31 17:00:00+00:00,2003.25,1447.0
2023-03-31 18:00:00+00:00,2005.75,1435.75
2023-03-31 19:00:00+00:00,1878.25,1425.25
2023-03-31 20:00:00+00:00,1552.5,1331.75
2023-03-31 21:00:00+00:00,1022.0,1176.5
2023-03-31 22:00:00+00:00,1171.0,912.0
2023-03-31 23:00:00+00:00,1414.5,750.5
2023-04-01 00:00:00+00:00,1524.25,727.75
2023-04-01 01:00:00+00:00,1678.25,740.5
2023-04-01 02:00:00+00:00,1945.25,782.75
2023-04-01 03:00:00+00:00,2043.0,808.5
2023-04-01 04:00:00+00:00,2223.75,845.0
2023-04-01 05:00:00+00:00,2043.0,908.25
2023-04-01 06:00:00+00:00,1947.0,946.75
2023-04-01 07:00:00+00:00,2011.75,927.75
2023-04-01 08:00:00+00:00,1945.25,960.75
2023-04-01 09:00:00+00:00,1785.5,995.75
2023-04-01 10:00:00+00:00,1742.5,1027.25
2023-04-01 11:00:00+00:00,1767.0,1118.25
2023-04-01 12:00:00+00:00,1819.0,1255.0
2023-04-01 13:00:00+00:00,2030.25,1417.0
2023-04-01 14:00:00+00:00,2287.0,1441.0
2023-04-01 15:00:00+00:00,2137.5,1561.75
2023-04-01 16:00:00+00:00,2229.75,1690.25
2023-04-01 17:00:00+00:00,2341.25,1734.25
2023-04-01 18:00:00+00:00,2467.25,1726.0
2023-04-01 19:00:00+00:00,2532.25,1782.0
2023-04-01 20:00:00+00:00,2544.25,1841.75
2023-04-01 21:00:00+00:00,2561.25,1826.0
2023-04-01 22:00:00+00:00,2302.75,1795.0
2023-04-01 23:00:00+00:00,2279.25,1634.75
2023-04-02 00:00:00+00:00,2222.75,1681.75
2023-04-02 01:00:00+00:00,2226.25,1772.75
2023-04-02 02:00:00+00:00,2207.75,1798.25
2023-04-02 03:00:00+00:00,2185.25,1780.25
2023-04-02 04:00:00+00:00,1944.0,1741.75
2023-04-02 05:00:00+00:00,1688.25,1709.25
2023-04-02 06:00:00+00:00,1573.25,1802.75
2023-04-02 07:00:00+00:00,1548.5,1828.5
2023-04-02 08:00:00+00:00,1528.25,1694.0
2023-04-02 09:00:00+00:00,1444.25,1526.5
2023-04-02 10:00:00+00:00,1388.5,1338.25
2023-04-02 11:00:00+00:00,1253.0,1339.25
2023-04-02 12:00:00+00:00,1199.5,1228.5
2023-04-02 13:00:00+00:00,1338.75,1205.75
2023-04-02 14:00:00+00:00,1267.75,1136.75
2023-04-02 15:00:00+00:00,1211.5,1094.5
2023-04-02 16:00:00+00:00,1393.75,1101.5
2023-04-02 17:00:00+00:00,1445.75,1032.5
2023-04-02 18:00:00+00:00,1512.0,1020.0
2023-04-02 19:00:00+00:00,1475.25,1065.0
2023-04-02 20:00:00+00:00,1323.75,1247.0
2023-04-02 21:00:00+00:00,1302.5,1201.0
2023-04-02 22:00:00+00:00,1284.25,1196.5
2023-04-02 23:00:00+00:00,1071.25,1281.0
2023-04-03 00:00:00+00:00,886.0,1058.5
2023-04-03 01:00:00+00:00,658.25,894.0
2023-04-03 02:00:00+00:00,497.75,822.5
2023-04-03 03:00:00+00:00,456.5,721.25
2023-04-03 04:00:00+00:00,402.0,686.75
2023-04-03 05:00:00+00:00,352.25,644.5
2023-04-03 06:00:00+00:00,348.25,595.25
2023-04-03 07:00:00+00:00,274.0,461.25
2023-04-03 08:00:00+00:00,324.0,457.0
2023-04-03 09:00:00+00:00,347.75,610.75
2023-04-03 10:00:00+00:00,458.25,835.25
2023-04-03 11:00:00+00:00,430.5,841.25
2023-04-03 12:00:00+00:00,437.25,912.75
2023-04-03 13:00:00+00:00,477.25,943.75
2023-04-03 14:00:00+00:00,502.5,1018.5
2023-04-03 15:00:00+00:00,587.75,986.0
2023-04-03 16:00:00+00:00,752.25,918.25
2023-04-03 17:00:00+00:00,876.5,940.5
2023-04-03 18:00:00+00:00,990.75,961.0
2023-04-03 19:00:00+00:00,979.0,1042.75
2023-04-03 20:00:00+00:00,1027.5,1137.5
2023-04-03 21:00:00+00:00,1016.5,1119.25
2023-04-03 22:00:00+00:00,911.0,925.25
2023-04-03 23:00:00+00:00,774.75,791.0
2023-04-04 00:00:00+00:00,590.75,683.5
2023-04-04 01:00:00+00:00,530.25,565.0
2023-04-04 02:00:00+00:00,450.0,477.25
2023-04-04 03:00:00+00:00,297.5,314.0
2023-04-04 04:00:00+00:00,186.75,163.75
2023-04-04 05:00:00+00:00,156.0,128.5
2023-04-04 06:00:00+00:00,116.5,121.0
2023-04-04 07:00:00+00:00,76.5,129.75
2023-04-04 08:00:00+00:00,67.0,148.25
2023-04-04 09:00:00+00:00,53.25,182.75
2023-04-04 10:00:00+00:00,50.25,206.25
2023-04-04 11:00:00+00:00,52.25,204.5
2023-04-04 12:00:00+00:00,26.25,199.5
2023-04-04 13:00:00+00:00,18.5,195.75
2023-04-04 14:00:00+00:00,27.75,207.5
2023-04-04 15:00:00+00:00,58.75,250.0
2023-04-04 16:00:00+00:00,94.0,309.0
2023-04-04 17:00:00+00:00,124.75,353.75
2023-04-04 18:00:00+00:00,168.5,443.0
2023-04-04 19:00:00+00:00,230.75,457.75
2023-04-04 20:00:00+00:00,232.0,411.0
2023-04-04 21:00:00+00:00,164.25,406.5
2023-04-04 22:00:00+00:00,131.5,383.75
2023-04-04 23:00:00+00:00,131.75,325.25
2023-04-05 00:00:00+00:00,89.0,261.75
2023-04-05 01:00:00+00:00,82.0,221.0
2023-04-05 02:00:00+00:00,44.25,197.0
2023-04-05 03:00:00+00:00,27.5,200.0
2023-04-05 04:00:00+00:00,40.0,180.0
2023-04-05 05:00:00+00:00,49.25,127.75
2023-04-05 06:00:00+00:00,50.25,108.75
2023-04-05 07:00:00+00:00,70.0,119.5
2023-04-05 08:00:00+00:00,66.0,135.75
2023-04-05 09:00:00+00:00,70.0,158.5
2023-04-05 10:00:00+00:00,93.5,164.5
2023-04-05 11:00:00+00:00,124.0,147.5
2023-04-05 12:00:00+00:00,97.5,133.25
2023-04-05 13:00:00+00:00,63.0,129.75
2023-04-05 14:00:00+00:00,35.25,120.5
2023-04-05 15:00:00+00:00,41.5,101.0
2023-04-05 16:00:00+00:00,74.25,82.5
2023-04-05 17:00:00+00:00,98.5,70.25
2023-04-05 18:00:00+00:00,107.25,86.25
2023-04-05 19:00:00+00:00,122.25,145.25
2023-04-05 20:00:00+00:00,191.0,248.5
2023-04-05 21:00:00+00:00,327.5,434.0
2023-04-05 22:00:00+00:00,414.0,593.25
2023-04-05 23:00:00+00:00,424.25,632.0
2023-04-06 00:00:00+00:00,461.5,632.0
2023-04-06 01:00:00+00:00,477.75,692.75
2023-04-06 02:00:00+00:00,448.5,725.0
2023-04-06 03:00:00+00:00,479.5,661.25
2023-04-06 04:00:00+00:00,638.25,639.5
2023-04-06 05:00:00+00:00,769.75,720.75
2023-04-06 06:00:00+00:00,897.5,707.75
2023-04-06 07:00:00+00:00,1003.5,692.5
2023-04-06 08:00:00+00:00,1115.75,675.0
2023-04-06 09:00:00+00:00,1235.25,726.5
2023-04-06 10:00:00+00:00,1398.25,947.75
2023-04-06 11:00:00+00:00,1397.0,1342.75
2023-04-06 12:00:00+00:00,1322.0,1599.5
2023-04-06 13:00:00+00:00,1139.25,1601.5
2023-04-06 14:00:00+00:00,854.25,1453.25
2023-04-06 15:00:00+00:00,794.75,1410.0
2023-04-06 16:00:00+00:00,748.5,1392.5
2023-04-06 17:00:00+00:00,666.0,1261.5
2023-04-06 18:00:00+00:00,557.75,1018.0
2023-04-06 19:00:00+00:00,671.25,759.75
2023-04-06 20:00:00+00:00,651.5,670.5
2023-04-06 21:00:00+00:00,613.0,407.75
2023-04-06 22:00:00+00:00,618.25,388.75
2023-04-06 23:00:00+00:00,559.5,506.75
2023-04-07 00:00:00+00:00,676.75,520.0
2023-04-07 01:00:00+00:00,903.5,630.5
2023-04-07 02:00:00+00:00,801.5,633.25
2023-04-07 03:00:00+00:00,801.25,552.25
2023-04-07 04:00:00+00:00,814.25,474.5
2023-04-07 05:00:00+00:00,904.25,372.75
2023-04-07 06:00:00+00:00,1000.25,290.5
2023-04-07 07:00:00+00:00,904.75,322.75
2023-04-07 08:00:00+00:00,816.0,333.5
2023-04-07 09:00:00+00:00,948.0,335.25
2023-04-07 10:00:00+00:00,810.25,356.75
2023-04-07 11:00:00+00:00,895.5,346.5
2023-04-07 12:00:00+00:00,1029.75,336.25
2023-04-07 13:00:00+00:00,1008.75,314.75
2023-04-07 14:00:00+00:00,1012.25,310.0
2023-04-07 15:00:00+00:00,985.5,273.25
2023-04-07 16:00:00+00:00,930.75,255.0
2023-04-07 17:00:00+00:00,894.75,256.0
2023-04-07 18:00:00+00:00,774.25,228.0
2023-04-07 19:00:00+00:00,630.75,214.25
2023-04-07 20:00:00+00:00,485.5,246.5
2023-04-07 21:00:00+00:00,383.0,318.5
2023-04-07 22:00:00+00:00,328.75,365.5
2023-04-07 23:00:00+00:00,219.0,426.25
2023-04-08 00:00:00+00:00,145.25,412.5
2023-04-08 01:00:00+00:00,89.5,391.5
2023-04-08 02:00:00+00:00,51.0,327.75
2023-04-08 03:00:00+00:00,60.25,243.0
2023-04-08 04:00:00+00:00,59.0,223.5
2023-04-08 05:00:00+00:00,49.75,241.0
2023-04-08 06:00:00+00:00,93.25,252.75
2023-04-08 07:00:00+00:00,68.25,217.75
2023-04-08 08:00:00+00:00,56.75,163.25
2023-04-08 09:00:00+00:00,58.0,150.5
2023-04-08 10:00:00+00:00,52.5,176.5
2023-04-08 11:00:00+00:00,50.25,190.0
2023-04-08 12:00:00+00:00,69.75,190.0
2023-04-08 13:00:00+00:00,104.5,230.0
2023-04-08 14:00:00+00:00,108.25,187.75
2023-04-08 15:00:00+00:00,127.25,182.5
2023-04-08 16:00:00+00:00,144.75,184.0
2023-04-08 17:00:00+00:00,116.5,184.25
2023-04-08 18:00:00+00:00,90.75,222.0
2023-04-08 19:00:00+00:00,148.75,205.0
2023-04-08 20:00:00+00:00,230.5,184.75
2023-04-08 21:00:00+00:00,252.5,191.0
2023-04-08 22:00:00+00:00,266.75,154.75
2023-04-08 23:00:00+00:00,279.75,165.0
2023-04-09 00:00:00+00:00,238.25,180.75
2023-04-09 01:00:00+00:00,241.75,204.5
2023-04-09 02:00:00+00:00,247.75,179.0
2023-04-09 03:00:00+00:00,207.5,148.0
2023-04-09 04:00:00+00:00,162.5,153.25
2023-04-09 05:00:00+00:00,126.5,139.5
2023-04-09 06:00:00+00:00,124.5,118.25
2023-04-09 07:00:00+00:00,145.25,102.5
2023-04-09 08:00:00+00:00,113.25,137.75
2023-04-09 09:00:00+00:00,128.25,151.75
2023-04-09 10:00:00+00:00,163.25,152.0
2023-04-09 11:00:00+00:00,100.0,162.75
2023-04-09 12:00:00+00:00,75.25,197.0
2023-04-09 13:00:00+00:00,33.75,217.5
2023-04-09 14:00:00+00:00,37.25,219.75
2023-04-09 15:00:00+00:00,77.5,282.5
2023-04-09 16:00:00+00:00,66.0,278.75
2023-04-09 17:00:00+00:00,99.75,284.75
2023-04-09 18:00:00+00:00,211.5,372.0
2023-04-09 19:00:00+00:00,373.5,460.25
2023-04-09 20:00:00+00:00,593.0,612.25
2023-04-09 21:00:00+00:00,763.5,868.75
2023-04-09 22:00:00+00:00,937.0,1026.75
2023-04-09 23:00:00+00:00,1068.0,1183.75
2023-04-10 00:00:00+00:00,1177.75,1177.5
2023-04-10 01:00:00+00:00,1266.75,1179.0
2023-04-10 02:00:00+00:00,1319.75,1249.75
2023-04-10 03:00:00+00:00,1452.5,1282.0
2023-04-10 04:00:00+00:00,1534.25,1353.75
2023-04-10 05:00:00+00:00,1411.25,1428.25
2023-04-10 06:00:00+00:00,1552.5,1502.75
2023-04-10 07:00:00+00:00,1597.0,1338.0
2023-04-10 08:00:00+00:00,1663.0,1243.25
2023-04-10 09:00:00+00:00,1517.75,1358.25
2023-04-10 10:00:00+00:00,1448.25,1443.0
2023-04-10 11:00:00+00:00,982.5,1353.0
2023-04-10 12:00:00+00:00,960.75,1848.0
2023-04-10 13:00:00+00:00,1710.5,1940.0
2023-04-10 14:00:00+00:00,1824.25,1828.25
2023-04-10 15:00:00+00:00,1783.5,1898.5
2023-04-10 16:00:00+00:00,1848.5,1876.0
2023-04-10 17:00:00+00:00,1824.25,1875.75
2023-04-10 18:00:00+00:00,1853.25,1860.5
2023-04-10 19:00:00+00:00,1823.75,1870.5
2023-04-10 20:00:00+00:00,1820.5,1888.5
2023-04-10 21:00:00+00:00,1740.5,1770.5
2023-04-10 22:00:00+00:00,1815.75,2025.5
2023-04-10 23:00:00+00:00,1822.0,1890.25
2023-04-11 00:00:00+00:00,1834.25,1983.75
2023-04-11 01:00:00+00:00,1842.75,2019.25
2023-04-11 02:00:00+00:00,1835.0,2119.25
2023-04-11 03:00:00+00:00,1787.5,2228.5
2023-04-11 04:00:00+00:00,1813.5,2177.5
2023-04-11 05:00:00+00:00,1719.0,2145.5
2023-04-11 06:00:00+00:00,1768.5,2134.0
2023-04-11 07:00:00+00:00,1694.75,2197.25
2023-04-11 08:00:00+00:00,1618.75,2282.0
2023-04-11 09:00:00+00:00,1516.0,2223.25
2023-04-11 10:00:00+00:00,995.25,1957.0
2023-04-11 11:00:00+00:00,957.5,1789.0
2023-04-11 12:00:00+00:00,842.75,1485.5
2023-04-11 13:00:00+00:00,801.5,1645.5
2023-04-11 14:00:00+00:00,1274.5,1506.25
2023-04-11 15:00:00+00:00,1467.0,1088.5
2023-04-11 16:00:00+00:00,1319.25,907.75
2023-04-11 17:00:00+00:00,1160.75,573.0
2023-04-11 18:00:00+00:00,1219.75,497.75
2023-04-11 19:00:00+00:00,1176.5,664.0
2023-04-11 20:00:00+00:00,1498.25,873.75
2023-04-11 21:00:00+00:00,1628.5,1294.0
2023-04-11 22:00:00+00:00,1801.25,1681.25
2023-04-11 23:00:00+00:00,1877.75,1898.75
2023-04-12 00:00:00+00:00,1896.75,2068.0
2023-04-12 01:00:00+00:00,1896.5,2221.5
2023-04-12 02:00:00+00:00,1874.75,2267.25
2023-04-12 03:00:00+00:00,1840.75,2165.25
2023-04-12 04:00:00+00:00,1746.75,2027.5
2023-04-12 05:00:00+00:00,1515.25,1680.5
2023-04-12 06:00:00+00:00,1178.75,1248.0
2023-04-12 07:00:00+00:00,1051.5,786.75
2023-04-12 08:00:00+00:00,928.5,608.25
2023-04-12 09:00:00+00:00,708.75,708.25
2023-04-12 10:00:00+00:00,810.25,826.25
2023-04-12 11:00:00+00:00,780.25,848.25
2023-04-12 12:00:00+00:00,1090.25,882.5
2023-04-12 13:00:00+00:00,1274.0,1118.5
2023-04-12 14:00:00+00:00,1338.25,1179.5
2023-04-12 15:00:00+00:00,1341.5,1553.5
2023-04-12 16:00:00+00:00,1314.75,1513.75
2023-04-12 17:00:00+00:00,1358.0,1371.5
2023-04-12 18:00:00+00:00,1505.75,1267.0
2023-04-12 19:00:00+00:00,1563.0,1484.0
2023-04-12 20:00:00+00:00,1478.5,1921.5
2023-04-12 21:00:00+00:00,1511.5,2227.0
2023-04-12 22:00:00+00:00,1622.75,2420.75
2023-04-12 23:00:00+00:00,1567.75,2343.25
2023-04-13 00:00:00+00:00,1650.25,2117.0
2023-04-13 01:00:00+00:00,1757.5,1842.75
2023-04-13 02:00:00+00:00,1787.75,1601.75
2023-04-13 03:00:00+00:00,1765.75,1585.25
2023-04-13 04:00:00+00:00,1402.25,1794.75
2023-04-13 05:00:00+00:00,1435.75,1939.25
2023-04-13 06:00:00+00:00,1653.75,2001.75
2023-04-13 07:00:00+00:00,1764.75,2035.5
2023-04-13 08:00:00+00:00,1791.25,2245.75
2023-04-13 09:00:00+00:00,1750.75,2378.5
2023-04-13 10:00:00+00:00,1457.0,2219.0
2023-04-13 11:00:00+00:00,907.25,2218.5
2023-04-13 12:00:00+00:00,935.0,1963.5
2023-04-13 13:00:00+00:00,954.5,1742.0
2023-04-13 14:00:00+00:00,1576.25,1919.25
2023-04-13 15:00:00+00:00,1754.75,1756.75
2023-04-13 16:00:00+00:00,1720.75,1620.75
2023-04-13 17:00:00+00:00,1514.0,1259.25
2023-04-13 18:00:00+00:00,1607.25,1049.25
2023-04-13 19:00:00+00:00,1667.25,889.0
2023-04-13 20:00:00+00:00,1605.75,838.5
2023-04-13 21:00:00+00:00,1454.5,993.25
2023-04-13 22:00:00+00:00,1288.25,1016.25
2023-04-13 23:00:00+00:00,1243.75,834.5
2023-04-14 00:00:00+00:00,1050.5,807.0
2023-04-14 01:00:00+00:00,872.0,790.75
2023-04-14 02:00:00+00:00,688.75,734.25
2023-04-14 03:00:00+00:00,653.5,644.0
2023-04-14 04:00:00+00:00,568.5,528.0
2023-04-14 05:00:00+00:00,472.25,474.0
2023-04-14 06:00:00+00:00,443.0,450.5
2023-04-14 07:00:00+00:00,372.0,341.75
2023-04-14 08:00:00+00:00,372.0,415.0
2023-04-14 09:00:00+00:00,297.5,455.25
2023-04-14 10:00:00+00:00,270.0,448.75
2023-04-14 11:00:00+00:00,307.75,385.75
2023-04-14 12:00:00+00:00,189.0,343.0
2023-04-14 13:00:00+00:00,112.0,279.75
2023-04-14 14:00:00+00:00,140.25,270.0
2023-04-14 15:00:00+00:00,156.5,283.0
2023-04-14 16:00:00+00:00,112.75,279.25
2023-04-14 17:00:00+00:00,297.5,222.25
2023-04-14 18:00:00+00:00,321.0,362.0
2023-04-14 19:00:00+00:00,392.5,546.0
2023-04-14 20:00:00+00:00,442.25,825.25
2023-04-14 21:00:00+00:00,381.75,1054.5
2023-04-14 22:00:00+00:00,430.75,1228.25
2023-04-14 23:00:00+00:00,432.0,1171.25
2023-04-15 00:00:00+00:00,499.0,896.5
2023-04-15 01:00:00+00:00,549.0,717.5
2023-04-15 02:00:00+00:00,631.75,618.75
2023-04-15 03:00:00+00:00,617.5,661.0
2023-04-15 04:00:00+00:00,545.25,815.0
2023-04-15 05:00:00+00:00,361.25,835.5
2023-04-15 06:00:00+00:00,418.75,725.75
2023-04-15 07:00:00+00:00,622.25,678.0
2023-04-15 08:00:00+00:00,598.25,889.5
2023-04-15 09:00:00+00:00,776.25,1349.0
2023-04-15 10:00:00+00:00,920.5,1519.75
2023-04-15 11:00:00+00:00,1111.25,1483.5
2023-04-15 12:00:00+00:00,1204.0,1681.0
2023-04-15 13:00:00+00:00,1283.5,1897.75
2023-04-15 14:00:00+00:00,1291.75,1941.25
2023-04-15 15:00:00+00:00,1269.0,1960.25
2023-04-15 16:00:00+00:00,1323.25,1890.5
2023-04-15 17:00:00+00:00,1381.5,1798.25
2023-04-15 18:00:00+00:00,1332.5,1734.0
2023-04-15 19:00:00+00:00,1251.25,1526.0
2023-04-15 20:00:00+00:00,1109.75,1372.0
2023-04-15 21:00:00+00:00,995.5,1272.75
2023-04-15 22:00:00+00:00,811.25,1237.25
2023-04-15 23:00:00+00:00,782.25,1209.25
2023-04-16 00:00:00+00:00,707.25,1138.5
2023-04-16 01:00:00+00:00,700.0,991.5
2023-04-16 02:00:00+00:00,707.0,869.0
2023-04-16 03:00:00+00:00,699.0,895.25
2023-04-16 04:00:00+00:00,681.0,979.0
2023-04-16 05:00:00+00:00,709.25,892.5
2023-04-16 06:00:00+00:00,666.25,790.25
2023-04-16 07:00:00+00:00,541.5,691.5
2023-04-16 08:00:00+00:00,398.25,604.0
2023-04-16 09:00:00+00:00,407.25,510.25
2023-04-16 10:00:00+00:00,361.75,441.25
2023-04-16 11:00:00+00:00,312.75,461.25
2023-04-16 12:00:00+00:00,287.0,445.5
2023-04-16 13:00:00+00:00,248.25,390.25
2023-04-16 14:00:00+00:00,188.75,370.0
2023-04-16 15:00:00+00:00,139.25,380.5
2023-04-16 16:00:00+00:00,146.75,355.0
2023-04-16 17:00:00+00:00,144.5,382.75
2023-04-16 18:00:00+00:00,195.0,397.25
2023-04-16 19:00:00+00:00,212.0,425.75
2023-04-16 20:00:00+00:00,192.25,392.25
2023-04-16 21:00:00+00:00,139.0,323.0
2023-04-16 22:00:00+00:00,97.75,278.25
2023-04-16 23:00:00+00:00,106.75,240.0
2023-04-17 00:00:00+00:00,101.0,213.25
2023-04-17 01:00:00+00:00,100.25,195.0
2023-04-17 02:00:00+00:00,101.25,169.0
2023-04-17 03:00:00+00:00,122.5,153.75
2023-04-17 04:00:00+00:00,181.0,143.0
2023-04-17 05:00:00+00:00,206.25,193.75
2023-04-17 06:00:00+00:00,169.5,211.25
2023-04-17 07:00:00+00:00,151.75,192.0
2023-04-17 08:00:00+00:00,130.25,208.0
2023-04-17 09:00:00+00:00,174.25,239.25
2023-04-17 10:00:00+00:00,235.25,281.75
2023-04-17 11:00:00+00:00,233.0,348.0
2023-04-17 12:00:00+00:00,247.75,469.0
2023-04-17 13:00:00+00:00,359.75,515.75
2023-04-17 14:00:00+00:00,445.5,624.75
2023-04-17 15:00:00+00:00,665.75,693.75
2023-04-17 16:00:00+00:00,765.25,877.25
2023-04-17 17:00:00+00:00,880.5,1039.0
2023-04-17 18:00:00+00:00,1052.0,1204.5
2023-04-17 19:00:00+00:00,1207.0,1190.0
2023-04-17 20:00:00+00:00,1179.0,1217.5
2023-04-17 21:00:00+00:00,1024.5,1440.0
2023-04-17 22:00:00+00:00,961.5,1533.25
2023-04-17 23:00:00+00:00,898.5,1413.75
2023-04-18 00:00:00+00:00,963.5,1359.75
2023-04-18 01:00:00+00:00,1092.5,1415.75
2023-04-18 02:00:00+00:00,1033.25,1522.0
2023-04-18 03:00:00+00:00,1304.25,1541.5
2023-04-18 04:00:00+00:00,1553.75,1507.25
2023-04-18 05:00:00+00:00,1574.75,1390.0
2023-04-18 06:00:00+00:00,1489.5,1391.5
2023-04-18 07:00:00+00:00,1457.75,1425.5
2023-04-18 08:00:00+00:00,1455.75,1582.25
2023-04-18 09:00:00+00:00,1519.75,1649.75
2023-04-18 10:00:00+00:00,1529.5,1637.25
2023-04-18 11:00:00+00:00,1397.5,1539.25
2023-04-18 12:00:00+00:00,1296.75,1354.75
2023-04-18 13:00:00+00:00,1408.25,1137.5
2023-04-18 14:00:00+00:00,1251.25,1059.25
2023-04-18 15:00:00+00:00,1174.5,1360.75
2023-04-18 16:00:00+00:00,1097.75,1445.5
2023-04-18 17:00:00+00:00,1181.5,1423.25
2023-04-18 18:00:00+00:00,1410.5,1647.25
2023-04-18 19:00:00+00:00,1588.5,1584.5
2023-04-18 20:00:00+00:00,1744.5,1584.0
2023-04-18 21:00:00+00:00,1722.0,1584.0
2023-04-18 22:00:00+00:00,1661.75,1522.75
2023-04-18 23:00:00+00:00,1633.25,1457.25
2023-04-19 00:00:00+00:00,1626.25,1393.5
2023-04-19 01:00:00+00:00,1556.75,1394.75
2023-04-19 02:00:00+00:00,1437.75,1454.5
2023-04-19 03:00:00+00:00,1294.75,1474.5
2023-04-19 04:00:00+00:00,1280.5,1490.0
2023-04-19 05:00:00+00:00,1327.5,1568.5
2023-04-19 06:00:00+00:00,1250.75,1584.75
2023-04-19 07:00:00+00:00,1279.25,1588.75
2023-04-19 08:00:00+00:00,1173.75,1406.5
2023-04-19 09:00:00+00:00,630.0,1346.25
2023-04-19 10:00:00+00:00,441.5,1151.5
2023-04-19 11:00:00+00:00,349.0,1065.75
2023-04-19 12:00:00+00:00,164.25,1060.75
2023-04-19 13:00:00+00:00,226.5,1145.5
2023-04-19 14:00:00+00:00,601.5,1529.25
2023-04-19 15:00:00+00:00,1676.5,2147.5
2023-04-19 16:00:00+00:00,2074.5,2010.0
2023-04-19 17:00:00+00:00,2330.5,1951.25
2023-04-19 18:00:00+00:00,2368.0,1962.5
2023-04-19 19:00:00+00:00,2275.75,1997.5
2023-04-19 20:00:00+00:00,2133.75,1976.5
2023-04-19 21:00:00+00:00,2146.75,1813.0
2023-04-19 22:00:00+00:00,2222.5,1687.75
2023-04-19 23:00:00+00:00,2226.75,1598.25
2023-04-20 00:00:00+00:00,2278.75,1505.75
2023-04-20 01:00:00+00:00,2121.25,1688.75
2023-04-20 02:00:00+00:00,1974.0,1653.25
2023-04-20 03:00:00+00:00,1757.5,1731.0
2023-04-20 04:00:00+00:00,1975.0,1824.0
2023-04-20 05:00:00+00:00,2275.5,1858.25
2023-04-20 06:00:00+00:00,2447.5,1898.25
2023-04-20 07:00:00+00:00,2544.25,1916.5
2023-04-20 08:00:00+00:00,2536.25,1613.75
2023-04-20 09:00:00+00:00,2487.75,1566.5
2023-04-20 10:00:00+00:00,2084.25,1497.25
2023-04-20 11:00:00+00:00,2196.25,1549.0
2023-04-20 12:00:00+00:00,2328.25,1553.25
2023-04-20 13:00:00+00:00,2335.0,1633.5
2023-04-20 14:00:00+00:00,2242.0,1662.75
2023-04-20 15:00:00+00:00,2146.5,1568.0
2023-04-20 16:00:00+00:00,2016.75,1347.75
2023-04-20 17:00:00+00:00,1669.0,1161.25
2023-04-20 18:00:00+00:00,1557.0,1215.75
2023-04-20 19:00:00+00:00,1804.75,1186.25
2023-04-20 20:00:00+00:00,1979.0,1051.75
2023-04-20 21:00:00+00:00,1956.0,1120.25
2023-04-20 22:00:00+00:00,1992.5,1108.25
2023-04-20 23:00:00+00:00,1615.5,924.25
2023-04-21 00:00:00+00:00,1064.75,927.5
2023-04-21 01:00:00+00:00,1040.75,1260.75
2023-04-21 02:00:00+00:00,1298.5,1179.5
2023-04-21 03:00:00+00:00,952.25,1091.0
2023-04-21 04:00:00+00:00,847.0,970.75
2023-04-21 05:00:00+00:00,1099.25,1099.75
2023-04-21 06:00:00+00:00,1314.0,1126.25
2023-04-21 07:00:00+00:00,1243.0,916.25
2023-04-21 08:00:00+00:00,1116.5,754.25
2023-04-21 09:00:00+00:00,1004.0,631.5
2023-04-21 10:00:00+00:00,900.5,620.75
2023-04-21 11:00:00+00:00,841.0,539.0
2023-04-21 12:00:00+00:00,968.75,556.75
2023-04-21 13:00:00+00:00,965.5,601.25
2023-04-21 14:00:00+00:00,1032.0,519.5
2023-04-21 15:00:00+00:00,1274.0,483.5
2023-04-21 16:00:00+00:00,1270.25,561.75
2023-04-21 17:00:00+00:00,1157.0,933.75
2023-04-21 18:00:00+00:00,1409.25,1235.0
2023-04-21 19:00:00+00:00,1631.0,1259.5
2023-04-21 20:00:00+00:00,1332.0,692.5
2023-04-21 21:00:00+00:00,973.5,964.25
2023-04-21 22:00:00+00:00,816.75,826.0
2023-04-21 23:00:00+00:00,719.25,332.5
2023-04-22 00:00:00+00:00,667.0,217.0
2023-04-22 01:00:00+00:00,686.0,447.75
2023-04-22 02:00:00+00:00,627.5,497.25
2023-04-22 03:00:00+00:00,504.0,374.0
2023-04-22 04:00:00+00:00,321.75,320.5
2023-04-22 05:00:00+00:00,210.75,303.75
2023-04-22 06:00:00+00:00,104.75,269.0
2023-04-22 07:00:00+00:00,102.0,159.0
2023-04-22 08:00:00+00:00,28.0,160.0
2023-04-22 09:00:00+00:00,11.5,167.75
2023-04-22 10:00:00+00:00,38.75,189.5
2023-04-22 11:00:00+00:00,42.75,144.5
2023-04-22 12:00:00+00:00,11.0,157.0
2023-04-22 13:00:00+00:00,1.5,242.5
2023-04-22 14:00:00+00:00,21.0,240.0
2023-04-22 15:00:00+00:00,164.75,250.5
2023-04-22 16:00:00+00:00,262.5,408.75
2023-04-22 17:00:00+00:00,298.75,221.5
2023-04-22 18:00:00+00:00,128.5,138.25
2023-04-22 19:00:00+00:00,224.25,151.0
2023-04-22 20:00:00+00:00,406.25,243.75
2023-04-22 21:00:00+00:00,667.25,311.75
2023-04-22 22:00:00+00:00,840.25,384.25
2023-04-22 23:00:00+00:00,895.0,544.25
2023-04-23 00:00:00+00:00,796.0,640.25
2023-04-23 01:00:00+00:00,812.25,653.25
2023-04-23 02:00:00+00:00,1046.5,655.5
2023-04-23 03:00:00+00:00,1358.5,742.25
2023-04-23 04:00:00+00:00,1225.0,945.0
2023-04-23 05:00:00+00:00,1276.25,902.25
2023-04-23 06:00:00+00:00,1365.75,741.25
2023-04-23 07:00:00+00:00,1242.0,654.5
2023-04-23 08:00:00+00:00,968.0,714.25
2023-04-23 09:00:00+00:00,871.25,710.75
2023-04-23 10:00:00+00:00,1029.5,960.75
2023-04-23 11:00:00+00:00,933.25,883.75
2023-04-23 12:00:00+00:00,827.75,802.75
2023-04-23 13:00:00+00:00,689.5,794.5
2023-04-23 14:00:00+00:00,511.75,711.75
2023-04-23 15:00:00+00:00,541.0,729.5
2023-04-23 16:00:00+00:00,331.75,483.25
2023-04-23 17:00:00+00:00,407.0,285.0
2023-04-23 18:00:00+00:00,659.5,291.25
2023-04-23 19:00:00+00:00,406.5,533.75
2023-04-23 20:00:00+00:00,546.25,752.5
2023-04-23 21:00:00+00:00,651.5,734.25
2023-04-23 22:00:00+00:00,617.75,720.75
2023-04-23 23:00:00+00:00,843.75,700.75
2023-04-24 00:00:00+00:00,1519.75,834.75
2023-04-24 01:00:00+00:00,1500.75,1079.25
2023-04-24 02:00:00+00:00,1559.25,1196.0
2023-04-24 03:00:00+00:00,1928.75,1485.5
2023-04-24 04:00:00+00:00,2346.5,1402.5
2023-04-24 05:00:00+00:00,2422.25,1441.25
2023-04-24 06:00:00+00:00,2482.75,1852.25
2023-04-24 07:00:00+00:00,2498.0,2007.75
2023-04-24 08:00:00+00:00,2121.25,2089.0
2023-04-24 09:00:00+00:00,1961.75,2118.0
2023-04-24 10:00:00+00:00,1785.25,2009.25
2023-04-24 11:00:00+00:00,1662.75,1933.75
2023-04-24 12:00:00+00:00,1363.75,2058.5
2023-04-24 13:00:00+00:00,1140.0,2063.25
2023-04-24 14:00:00+00:00,994.25,2106.5
2023-04-24 15:00:00+00:00,1064.25,2062.25
2023-04-24 16:00:00+00:00,1078.75,1978.5
2023-04-24 17:00:00+00:00,1143.25,1793.75
2023-04-24 18:00:00+00:00,1426.75,1666.0
2023-04-24 19:00:00+00:00,1555.0,1524.5
2023-04-24 20:00:00+00:00,1426.25,1483.5
2023-04-24 21:00:00+00:00,1383.75,1427.75
2023-04-24 22:00:00+00:00,1469.5,1166.5
2023-04-24 23:00:00+00:00,1454.5,1057.5
2023-04-25 00:00:00+00:00,1362.25,1052.5
2023-04-25 01:00:00+00:00,1457.5,943.5
2023-04-25 02:00:00+00:00,1547.0,949.25
2023-04-25 03:00:00+00:00,1882.75,910.75
2023-04-25 04:00:00+00:00,1576.25,838.25
2023-04-25 05:00:00+00:00,1636.5,936.25
2023-04-25 06:00:00+00:00,1532.25,806.5
2023-04-25 07:00:00+00:00,1268.75,1029.5
2023-04-25 08:00:00+00:00,1147.25,1019.0
2023-04-25 09:00:00+00:00,1314.25,1206.5
2023-04-25 10:00:00+00:00,1012.0,1131.75
2023-04-25 11:00:00+00:00,1154.25,1145.75
2023-04-25 12:00:00+00:00,1173.25,1170.5
2023-04-25 13:00:00+00:00,1053.75,1264.5
2023-04-25 14:00:00+00:00,977.0,1327.0
2023-04-25 15:00:00+00:00,908.0,1178.0
2023-04-25 16:00:00+00:00,929.25,1093.5
2023-04-25 17:00:00+00:00,912.0,938.75
2023-04-25 18:00:00+00:00,772.0,931.0
2023-04-25 19:00:00+00:00,742.0,740.75
2023-04-25 20:00:00+00:00,689.0,659.0
2023-04-25 21:00:00+00:00,626.75,641.25
2023-04-25 22:00:00+00:00,459.75,586.5
2023-04-25 23:00:00+00:00,502.75,502.5
2023-04-26 00:00:00+00:00,487.25,461.75
2023-04-26 01:00:00+00:00,454.75,441.5
2023-04-26 02:00:00+00:00,550.5,432.75
2023-04-26 03:00:00+00:00,489.75,456.75
2023-04-26 04:00:00+00:00,507.5,379.0
2023-04-26 05:00:00+00:00,366.0,340.25
2023-04-26 06:00:00+00:00,293.5,300.75
2023-04-26 07:00:00+00:00,229.5,283.25
2023-04-26 08:00:00+00:00,207.25,288.25
2023-04-26 09:00:00+00:00,208.25,266.5
2023-04-26 10:00:00+00:00,154.0,301.0
2023-04-26 11:00:00+00:00,248.0,237.0
2023-04-26 12:00:00+00:00,134.75,241.5
2023-04-26 13:00:00+00:00,179.75,279.0
2023-04-26 14:00:00+00:00,188.75,298.0
2023-04-26 15:00:00+00:00,273.25,338.25
2023-04-26 16:00:00+00:00,410.75,366.5
2023-04-26 17:00:00+00:00,299.25,350.75
2023-04-26 18:00:00+00:00,400.25,303.5
2023-04-26 19:00:00+00:00,382.25,234.75
2023-04-26 20:00:00+00:00,315.75,197.0
2023-04-26 21:00:00+00:00,338.5,185.75
2023-04-26 22:00:00+00:00,375.5,184.25
2023-04-26 23:00:00+00:00,379.75,162.25
2023-04-27 00:00:00+00:00,329.0,193.5
2023-04-27 01:00:00+00:00,371.0,210.75
2023-04-27 02:00:00+00:00,440.5,229.75
2023-04-27 03:00:00+00:00,435.0,203.75
2023-04-27 04:00:00+00:00,404.75,219.75
2023-04-27 05:00:00+00:00,536.5,255.0
2023-04-27 06:00:00+00:00,638.25,281.5
2023-04-27 07:00:00+00:00,584.75,290.25
2023-04-27 08:00:00+00:00,503.0,323.0
2023-04-27 09:00:00+00:00,377.0,286.25
2023-04-27 10:00:00+00:00,338.25,262.5
2023-04-27 11:00:00+00:00,314.75,259.75
2023-04-27 12:00:00+00:00,343.0,247.5
2023-04-27 13:00:00+00:00,439.75,268.25
2023-04-27 14:00:00+00:00,500.25,271.25
2023-04-27 15:00:00+00:00,595.75,342.25
2023-04-27 16:00:00+00:00,700.75,391.25
2023-04-27 17:00:00+00:00,557.25,512.0
2023-04-27 18:00:00+00:00,763.0,566.25
2023-04-27 19:00:00+00:00,1089.25,796.75
2023-04-27 20:00:00+00:00,1444.5,958.0
2023-04-27 21:00:00+00:00,1572.25,1092.0
2023-04-27 22:00:00+00:00,1775.25,1096.5
2023-04-27 23:00:00+00:00,1730.25,1173.5
2023-04-28 00:00:00+00:00,1661.25,1218.75
2023-04-28 01:00:00+00:00,1547.0,1207.25
2023-04-28 02:00:00+00:00,1391.75,963.25
2023-04-28 03:00:00+00:00,1073.5,891.25
2023-04-28 04:00:00+00:00,1012.5,768.75
2023-04-28 05:00:00+00:00,703.75,605.75
2023-04-28 06:00:00+00:00,1141.75,553.0
2023-04-28 07:00:00+00:00,1015.5,422.25
2023-04-28 08:00:00+00:00,919.75,537.25
2023-04-28 09:00:00+00:00,987.25,647.25
2023-04-28 10:00:00+00:00,1244.0,673.75
2023-04-28 11:00:00+00:00,1278.75,674.0
2023-04-28 12:00:00+00:00,1166.5,734.0
2023-04-28 13:00:00+00:00,1196.5,908.25
2023-04-28 14:00:00+00:00,1227.5,1117.0
2023-04-28 15:00:00+00:00,1117.0,1056.75
2023-04-28 16:00:00+00:00,1050.25,1060.5
2023-04-28 17:00:00+00:00,814.25,889.5
2023-04-28 18:00:00+00:00,901.0,734.5
2023-04-28 19:00:00+00:00,1112.75,786.25
2023-04-28 20:00:00+00:00,1355.25,924.5
2023-04-28 21:00:00+00:00,1263.25,951.25
2023-04-28 22:00:00+00:00,935.75,799.25
2023-04-28 23:00:00+00:00,699.5,670.75
2023-04-29 00:00:00+00:00,678.5,605.25
2023-04-29 01:00:00+00:00,653.25,529.25
2023-04-29 02:00:00+00:00,560.75,556.5
2023-04-29 03:00:00+00:00,460.5,570.75
2023-04-29 04:00:00+00:00,536.75,600.0
2023-04-29 05:00:00+00:00,375.0,557.5
2023-04-29 06:00:00+00:00,242.0,513.25
2023-04-29 07:00:00+00:00,228.5,493.0
2023-04-29 08:00:00+00:00,178.75,441.75
2023-04-29 09:00:00+00:00,115.5,393.5
2023-04-29 10:00:00+00:00,77.5,359.25
2023-04-29 11:00:00+00:00,90.5,331.25
2023-04-29 12:00:00+00:00,119.0,383.5
2023-04-29 13:00:00+00:00,100.75,445.75
2023-04-29 14:00:00+00:00,64.0,523.5
2023-04-29 15:00:00+00:00,124.25,500.75
2023-04-29 16:00:00+00:00,170.25,414.0
2023-04-29 17:00:00+00:00,267.75,326.5
2023-04-29 18:00:00+00:00,295.75,282.0
2023-04-29 19:00:00+00:00,265.5,270.5
2023-04-29 20:00:00+00:00,199.5,237.25
2023-04-29 21:00:00+00:00,181.75,204.5
2023-04-29 22:00:00+00:00,153.0,164.0
2023-04-29 23:00:00+00:00,97.0,172.5
2023-04-30 00:00:00+00:00,68.75,172.75
2023-04-30 01:00:00+00:00,116.75,152.0
2023-04-30 02:00:00+00:00,169.25,142.25
2023-04-30 03:00:00+00:00,155.75,155.25
2023-04-30 04:00:00+00:00,140.0,180.25
2023-04-30 05:00:00+00:00,207.25,196.75
2023-04-30 06:00:00+00:00,163.25,198.75
2023-04-30 07:00:00+00:00,83.5,191.5
2023-04-30 08:00:00+00:00,63.25,187.5
2023-04-30 09:00:00+00:00,29.75,194.25
2023-04-30 10:00:00+00:00,15.75,167.5
2023-04-30 11:00:00+00:00,23.75,198.5
2023-04-30 12:00:00+00:00,25.0,222.0
2023-04-30 13:00:00+00:00,13.75,232.75
2023-04-30 14:00:00+00:00,68.0,220.75
2023-04-30 15:00:00+00:00,83.75,212.0
2023-04-30 16:00:00+00:00,132.25,228.0
2023-04-30 17:00:00+00:00,169.5,237.5
2023-04-30 18:00:00+00:00,229.75,248.75
2023-04-30 19:00:00+00:00,278.25,292.25
2023-04-30 20:00:00+00:00,309.5,374.5
2023-04-30 21:00:00+00:00,301.25,480.25
2023-04-30 22:00:00+00:00,318.0,592.5
2023-04-30 23:00:00+00:00,335.0,621.5
2023-05-01 00:00:00+00:00,349.0,599.75
2023-05-01 01:00:00+00:00,327.0,487.5
2023-05-01 02:00:00+00:00,303.0,356.5
2023-05-01 03:00:00+00:00,256.25,266.75
2023-05-01 04:00:00+00:00,169.25,159.75
2023-05-01 05:00:00+00:00,194.25,128.75
2023-05-01 06:00:00+00:00,272.25,111.75
2023-05-01 07:00:00+00:00,224.75,117.25
2023-05-01 08:00:00+00:00,143.5,134.75
2023-05-01 09:00:00+00:00,58.5,158.5
2023-05-01 10:00:00+00:00,35.75,176.5
2023-05-01 11:00:00+00:00,62.5,237.5
2023-05-01 12:00:00+00:00,112.5,307.5
2023-05-01 13:00:00+00:00,91.0,294.5
2023-05-01 14:00:00+00:00,145.25,359.25
2023-05-01 15:00:00+00:00,204.5,463.25
2023-05-01 16:00:00+00:00,269.25,488.5
2023-05-01 17:00:00+00:00,333.25,423.5
2023-05-01 18:00:00+00:00,313.5,413.0
2023-05-01 19:00:00+00:00,351.25,447.0
2023-05-01 20:00:00+00:00,449.25,455.25
2023-05-01 21:00:00+00:00,500.75,356.0
2023-05-01 22:00:00+00:00,898.75,772.5
2023-05-01 23:00:00+00:00,1119.75,1091.5
2023-05-02 00:00:00+00:00,1260.5,1053.0
2023-05-02 01:00:00+00:00,1129.0,1034.0
2023-05-02 02:00:00+00:00,1251.75,1104.0
2023-05-02 03:00:00+00:00,1291.25,1139.0
2023-05-02 04:00:00+00:00,1260.0,1089.5
2023-05-02 05:00:00+00:00,1207.5,939.0
2023-05-02 06:00:00+00:00,1086.5,808.75
2023-05-02 07:00:00+00:00,667.5,741.75
2023-05-02 08:00:00+00:00,565.5,638.25
2023-05-02 09:00:00+00:00,414.5,501.25
2023-05-02 10:00:00+00:00,365.5,420.25
2023-05-02 11:00:00+00:00,310.25,390.0
2023-05-02 12:00:00+00:00,263.75,392.0
2023-05-02 13:00:00+00:00,231.75,443.25
2023-05-02 14:00:00+00:00,284.75,458.25
2023-05-02 15:00:00+00:00,331.75,512.0
2023-05-02 16:00:00+00:00,388.5,465.0
2023-05-02 17:00:00+00:00,445.0,418.25
2023-05-02 18:00:00+00:00,426.75,375.75
2023-05-02 19:00:00+00:00,426.5,305.0
2023-05-02 20:00:00+00:00,486.0,264.25
2023-05-02 21:00:00+00:00,426.5,262.75
2023-05-02 22:00:00+00:00,378.25,222.75
2023-05-02 23:00:00+00:00,314.5,198.5
2023-05-03 00:00:00+00:00,293.0,191.25
2023-05-03 01:00:00+00:00,399.5,223.5
2023-05-03 02:00:00+00:00,286.5,251.0
2023-05-03 03:00:00+00:00,286.75,183.5
2023-05-03 04:00:00+00:00,369.0,185.0
2023-05-03 05:00:00+00:00,642.25,207.0
2023-05-03 06:00:00+00:00,741.75,255.5
2023-05-03 07:00:00+00:00,656.75,377.0
2023-05-03 08:00:00+00:00,459.0,325.75
2023-05-03 09:00:00+00:00,328.5,260.75
2023-05-03 10:00:00+00:00,305.75,251.25
2023-05-03 11:00:00+00:00,400.25,255.25
2023-05-03 12:00:00+00:00,489.0,285.25
2023-05-03 13:00:00+00:00,676.5,348.0
2023-05-03 14:00:00+00:00,1023.5,417.25
2023-05-03 15:00:00+00:00,1257.25,566.0
2023-05-03 16:00:00+00:00,1386.25,704.75
2023-05-03 17:00:00+00:00,1578.75,759.0
2023-05-03 18:00:00+00:00,1780.0,814.25
2023-05-03 19:00:00+00:00,1893.0,1027.5
2023-05-03 20:00:00+00:00,2019.25,1241.25
2023-05-03 21:00:00+00:00,2011.75,1334.25
2023-05-03 22:00:00+00:00,1804.25,1393.5
2023-05-03 23:00:00+00:00,1624.0,1367.0
2023-05-04 00:00:00+00:00,1629.25,1260.25
2023-05-04 01:00:00+00:00,1413.75,1244.25
2023-05-04 02:00:00+00:00,1306.75,1227.0
2023-05-04 03:00:00+00:00,1177.25,1141.5
2023-05-04 04:00:00+00:00,1101.75,1005.25
2023-05-04 05:00:00+00:00,987.0,870.75
2023-05-04 06:00:00+00:00,845.5,632.75
2023-05-04 07:00:00+00:00,812.0,463.5
2023-05-04 08:00:00+00:00,918.5,400.75
2023-05-04 09:00:00+00:00,1093.25,457.75
2023-05-04 10:00:00+00:00,1164.5,573.25
2023-05-04 11:00:00+00:00,1370.25,640.5
2023-05-04 12:00:00+00:00,1605.75,721.5
2023-05-04 13:00:00+00:00,1824.0,748.75
2023-05-04 14:00:00+00:00,1538.0,830.75
2023-05-04 15:00:00+00:00,1236.25,864.75
2023-05-04 16:00:00+00:00,1172.25,842.25
2023-05-04 17:00:00+00:00,1120.5,774.25
2023-05-04 18:00:00+00:00,1231.25,868.75
2023-05-04 19:00:00+00:00,1111.0,962.75
2023-05-04 20:00:00+00:00,1126.25,1138.25
2023-05-04 21:00:00+00:00,1185.75,1163.75
2023-05-04 22:00:00+00:00,1080.0,1114.25
2023-05-04 23:00:00+00:00,901.5,981.75
2023-05-05 00:00:00+00:00,1036.25,686.0
2023-05-05 01:00:00+00:00,985.25,520.75
2023-05-05 02:00:00+00:00,1094.75,357.25
2023-05-05 03:00:00+00:00,1217.25,407.0
2023-05-05 04:00:00+00:00,1187.0,323.5
2023-05-05 05:00:00+00:00,1067.25,327.75
2023-05-05 06:00:00+00:00,967.5,305.5
2023-05-05 07:00:00+00:00,828.25,250.75
2023-05-05 08:00:00+00:00,693.25,194.0
2023-05-05 09:00:00+00:00,656.75,174.75
2023-05-05 10:00:00+00:00,618.5,190.75
2023-05-05 11:00:00+00:00,555.25,129.5
2023-05-05 12:00:00+00:00,481.0,86.0
2023-05-05 13:00:00+00:00,279.75,77.75
2023-05-05 14:00:00+00:00,163.5,159.75
2023-05-05 15:00:00+00:00,123.0,171.75
2023-05-05 16:00:00+00:00,69.25,156.0
2023-05-05 17:00:00+00:00,43.5,64.5
2023-05-05 18:00:00+00:00,41.75,32.5
2023-05-05 19:00:00+00:00,82.75,48.75
2023-05-05 20:00:00+00:00,90.75,149.25
2023-05-05 21:00:00+00:00,65.0,246.75
2023-05-05 22:00:00+00:00,94.75,244.5
2023-05-05 23:00:00+00:00,127.25,284.5
2023-05-06 00:00:00+00:00,166.0,227.0
2023-05-06 01:00:00+00:00,143.25,190.5
2023-05-06 02:00:00+00:00,109.75,183.25
2023-05-06 03:00:00+00:00,95.5,159.25
2023-05-06 04:00:00+00:00,61.0,71.25
2023-05-06 05:00:00+00:00,28.75,67.0
2023-05-06 06:00:00+00:00,42.5,69.0
2023-05-06 07:00:00+00:00,49.0,69.0
2023-05-06 08:00:00+00:00,66.5,91.5
2023-05-06 09:00:00+00:00,150.0,105.5
2023-05-06 10:00:00+00:00,225.25,129.0
2023-05-06 11:00:00+00:00,164.25,119.5
2023-05-06 12:00:00+00:00,140.0,127.75
2023-05-06 13:00:00+00:00,176.25,125.0
2023-05-06 14:00:00+00:00,179.75,142.25
2023-05-06 15:00:00+00:00,195.5,92.75
2023-05-06 16:00:00+00:00,268.25,138.25
2023-05-06 17:00:00+00:00,301.5,267.25
2023-05-06 18:00:00+00:00,312.5,378.75
2023-05-06 19:00:00+00:00,375.75,333.25
2023-05-06 20:00:00+00:00,427.75,279.0
2023-05-06 21:00:00+00:00,559.75,216.0
2023-05-06 22:00:00+00:00,606.5,256.0
2023-05-06 23:00:00+00:00,669.25,292.75
2023-05-07 00:00:00+00:00,660.25,343.5
2023-05-07 01:00:00+00:00,660.25,277.0
2023-05-07 02:00:00+00:00,710.0,248.75
2023-05-07 03:00:00+00:00,725.5,304.5
2023-05-07 04:00:00+00:00,657.25,321.75
2023-05-07 05:00:00+00:00,571.5,367.75
2023-05-07 06:00:00+00:00,553.75,381.0
2023-05-07 07:00:00+00:00,517.75,320.0
2023-05-07 08:00:00+00:00,416.5,208.5
2023-05-07 09:00:00+00:00,57.75,142.5
2023-05-07 10:00:00+00:00,45.5,143.25
2023-05-07 11:00:00+00:00,52.5,167.25
2023-05-07 12:00:00+00:00,85.0,181.5
2023-05-07 13:00:00+00:00,143.25,185.25
2023-05-07 14:00:00+00:00,163.25,162.25
2023-05-07 15:00:00+00:00,145.0,144.75
2023-05-07 16:00:00+00:00,116.0,137.5
2023-05-07 17:00:00+00:00,154.5,89.0
2023-05-07 18:00:00+00:00,212.0,106.75
2023-05-07 19:00:00+00:00,254.75,128.5
2023-05-07 20:00:00+00:00,325.0,202.0
2023-05-07 21:00:00+00:00,409.25,252.5
2023-05-07 22:00:00+00:00,443.25,294.0
2023-05-07 23:00:00+00:00,360.25,284.0
2023-05-08 00:00:00+00:00,359.5,268.25
2023-05-08 01:00:00+00:00,387.75,218.5
2023-05-08 02:00:00+00:00,419.75,178.25
2023-05-08 03:00:00+00:00,445.0,201.75
2023-05-08 04:00:00+00:00,398.25,175.5
2023-05-08 05:00:00+00:00,302.5,138.5
2023-05-08 06:00:00+00:00,319.0,103.25
2023-05-08 07:00:00+00:00,301.0,84.5
2023-05-08 08:00:00+00:00,333.75,125.25
2023-05-08 09:00:00+00:00,398.5,118.5
2023-05-08 10:00:00+00:00,443.75,152.5
2023-05-08 11:00:00+00:00,450.0,150.0
2023-05-08 12:00:00+00:00,546.0,175.25
2023-05-08 13:00:00+00:00,561.5,181.75
2023-05-08 14:00:00+00:00,561.5,173.75
2023-05-08 15:00:00+00:00,519.5,174.5
2023-05-08 16:00:00+00:00,393.75,300.75
2023-05-08 17:00:00+00:00,470.0,195.5
2023-05-08 18:00:00+00:00,425.0,88.5
2023-05-08 19:00:00+00:00,421.75,60.0
2023-05-08 20:00:00+00:00,451.5,65.75
2023-05-08 21:00:00+00:00,445.0,76.75
2023-05-08 22:00:00+00:00,402.75,119.25
2023-05-08 23:00:00+00:00,395.75,189.5
2023-05-09 00:00:00+00:00,541.0,191.0
2023-05-09 01:00:00+00:00,663.0,237.0
2023-05-09 02:00:00+00:00,670.25,289.75
2023-05-09 03:00:00+00:00,639.5,350.25
2023-05-09 04:00:00+00:00,748.5,384.75
2023-05-09 05:00:00+00:00,889.0,413.5
2023-05-09 06:00:00+00:00,1035.5,451.0
2023-05-09 07:00:00+00:00,1097.0,478.0
2023-05-09 08:00:00+00:00,1087.75,570.25
2023-05-09 09:00:00+00:00,953.0,593.25
2023-05-09 10:00:00+00:00,739.25,684.75
2023-05-09 11:00:00+00:00,592.5,493.0
2023-05-09 12:00:00+00:00,516.5,489.75
2023-05-09 13:00:00+00:00,402.25,429.0
2023-05-09 14:00:00+00:00,426.25,348.25
2023-05-09 15:00:00+00:00,359.25,400.75
2023-05-09 16:00:00+00:00,367.25,315.75
2023-05-09 17:00:00+00:00,316.0,255.0
2023-05-09 18:00:00+00:00,368.5,228.25
2023-05-09 19:00:00+00:00,430.0,235.25
2023-05-09 20:00:00+00:00,508.25,397.0
2023-05-09 21:00:00+00:00,378.5,503.5
2023-05-09 22:00:00+00:00,327.0,504.0
2023-05-09 23:00:00+00:00,239.0,341.5
2023-05-10 00:00:00+00:00,124.25,245.25
2023-05-10 01:00:00+00:00,164.0,243.0
2023-05-10 02:00:00+00:00,266.25,267.5
2023-05-10 03:00:00+00:00,313.75,322.0
2023-05-10 04:00:00+00:00,263.5,285.75
2023-05-10 05:00:00+00:00,200.25,217.0
2023-05-10 06:00:00+00:00,177.5,186.5
2023-05-10 07:00:00+00:00,177.25,161.5
2023-05-10 08:00:00+00:00,141.5,160.0
2023-05-10 09:00:00+00:00,98.5,206.0
2023-05-10 10:00:00+00:00,92.0,202.5
2023-05-10 11:00:00+00:00,94.25,166.25
2023-05-10 12:00:00+00:00,64.75,151.5
2023-05-10 13:00:00+00:00,55.75,153.5
2023-05-10 14:00:00+00:00,48.25,139.0
2023-05-10 15:00:00+00:00,32.5,112.75
2023-05-10 16:00:00+00:00,35.5,87.5
2023-05-10 17:00:00+00:00,30.5,64.0
2023-05-10 18:00:00+00:00,42.0,38.5
2023-05-10 19:00:00+00:00,33.5,23.75
2023-05-10 20:00:00+00:00,13.0,22.75
2023-05-10 21:00:00+00:00,29.5,24.75
2023-05-10 22:00:00+00:00,102.5,31.0
2023-05-10 23:00:00+00:00,19.5,47.0
2023-05-11 00:00:00+00:00,1.5,42.75
2023-05-11 01:00:00+00:00,13.75,43.25
2023-05-11 02:00:00+00:00,9.5,34.25
2023-05-11 03:00:00+00:00,5.0,33.5
2023-05-11 04:00:00+00:00,4.0,35.75
2023-05-11 05:00:00+00:00,0.0,33.5
2023-05-11 06:00:00+00:00,2.25,40.5
2023-05-11 07:00:00+00:00,25.25,47.5
2023-05-11 08:00:00+00:00,18.25,62.25
2023-05-11 09:00:00+00:00,11.0,75.0
2023-05-11 10:00:00+00:00,6.5,103.5
2023-05-11 11:00:00+00:00,19.75,107.0
2023-05-11 12:00:00+00:00,36.75,166.5
2023-05-11 13:00:00+00:00,90.5,199.25
2023-05-11 14:00:00+00:00,141.75,213.5
2023-05-11 15:00:00+00:00,159.25,270.75
2023-05-11 16:00:00+00:00,223.0,316.75
2023-05-11 17:00:00+00:00,273.0,307.25
2023-05-11 18:00:00+00:00,335.75,315.0
2023-05-11 19:00:00+00:00,403.5,373.75
2023-05-11 20:00:00+00:00,544.5,390.5
2023-05-11 21:00:00+00:00,697.75,389.5
2023-05-11 22:00:00+00:00,849.25,441.5
2023-05-11 23:00:00+00:00,911.75,559.25
2023-05-12 00:00:00+00:00,1000.5,659.25
2023-05-12 01:00:00+00:00,1414.75,780.5
2023-05-12 02:00:00+00:00,1660.5,892.75
2023-05-12 03:00:00+00:00,1814.75,924.75
2023-05-12 04:00:00+00:00,1676.0,906.25
2023-05-12 05:00:00+00:00,1720.5,905.25
2023-05-12 06:00:00+00:00,1644.75,738.0
2023-05-12 07:00:00+00:00,1488.0,595.25
2023-05-12 08:00:00+00:00,1510.25,503.5
2023-05-12 09:00:00+00:00,1481.25,485.75
2023-05-12 10:00:00+00:00,1124.5,435.5
2023-05-12 11:00:00+00:00,1144.25,450.75
2023-05-12 12:00:00+00:00,708.5,705.75
2023-05-12 13:00:00+00:00,1124.75,749.0
2023-05-12 14:00:00+00:00,1681.5,721.0
2023-05-12 15:00:00+00:00,1790.0,757.25
2023-05-12 16:00:00+00:00,1814.25,732.5
2023-05-12 17:00:00+00:00,1808.0,836.5
2023-05-12 18:00:00+00:00,1682.75,991.5
2023-05-12 19:00:00+00:00,1462.25,870.25
2023-05-12 20:00:00+00:00,1051.75,1033.25
2023-05-12 21:00:00+00:00,1220.75,1157.75
2023-05-12 22:00:00+00:00,547.75,1180.75
2023-05-12 23:00:00+00:00,522.25,983.5
2023-05-13 00:00:00+00:00,485.0,903.25
2023-05-13 01:00:00+00:00,577.75,893.0
2023-05-13 02:00:00+00:00,1626.75,924.75
2023-05-13 03:00:00+00:00,1678.5,938.25
2023-05-13 04:00:00+00:00,1533.75,955.25
2023-05-13 05:00:00+00:00,1348.25,803.5
2023-05-13 06:00:00+00:00,1175.25,535.0
2023-05-13 07:00:00+00:00,1246.0,458.5
2023-05-13 08:00:00+00:00,1344.5,519.0
2023-05-13 09:00:00+00:00,828.75,627.0
2023-05-13 10:00:00+00:00,830.25,489.75
2023-05-13 11:00:00+00:00,649.0,495.25
2023-05-13 12:00:00+00:00,647.5,563.75
2023-05-13 13:00:00+00:00,1111.25,816.75
2023-05-13 14:00:00+00:00,1491.25,888.5
2023-05-13 15:00:00+00:00,1531.5,963.25
2023-05-13 16:00:00+00:00,1723.25,1111.75
2023-05-13 17:00:00+00:00,1705.5,1159.5
2023-05-13 18:00:00+00:00,1527.25,908.0
2023-05-13 19:00:00+00:00,1298.25,839.5
2023-05-13 20:00:00+00:00,1060.75,819.5
2023-05-13 21:00:00+00:00,884.5,713.75
2023-05-13 22:00:00+00:00,521.0,642.0
2023-05-13 23:00:00+00:00,769.25,553.5
2023-05-14 00:00:00+00:00,670.75,462.5
2023-05-14 01:00:00+00:00,521.25,415.0
2023-05-14 02:00:00+00:00,473.5,343.75
2023-05-14 03:00:00+00:00,702.25,288.25
2023-05-14 04:00:00+00:00,743.5,341.0
2023-05-14 05:00:00+00:00,781.0,329.25
2023-05-14 06:00:00+00:00,655.25,325.25
2023-05-14 07:00:00+00:00,527.0,292.25
2023-05-14 08:00:00+00:00,378.0,302.25
2023-05-14 09:00:00+00:00,223.25,278.25
2023-05-14 10:00:00+00:00,123.75,216.75
2023-05-14 11:00:00+00:00,78.25,212.5
2023-05-14 12:00:00+00:00,182.25,241.5
2023-05-14 13:00:00+00:00,297.5,352.25
2023-05-14 14:00:00+00:00,317.5,422.75
2023-05-14 15:00:00+00:00,311.5,550.0
2023-05-14 16:00:00+00:00,238.0,700.0
2023-05-14 17:00:00+00:00,167.0,595.5
2023-05-14 18:00:00+00:00,76.0,370.25
2023-05-14 19:00:00+00:00,29.25,225.75
2023-05-14 20:00:00+00:00,6.5,139.0
2023-05-14 21:00:00+00:00,0.25,82.0
2023-05-14 22:00:00+00:00,0.5,89.75
2023-05-14 23:00:00+00:00,7.5,99.75
2023-05-15 00:00:00+00:00,52.5,114.75
2023-05-15 01:00:00+00:00,79.75,118.0
2023-05-15 02:00:00+00:00,114.5,186.5
2023-05-15 03:00:00+00:00,115.75,169.5
2023-05-15 04:00:00+00:00,40.75,229.0
2023-05-15 05:00:00+00:00,23.75,148.0
2023-05-15 06:00:00+00:00,27.0,81.5
2023-05-15 07:00:00+00:00,226.25,48.0
2023-05-15 08:00:00+00:00,856.5,83.5
2023-05-15 09:00:00+00:00,1249.75,176.25
2023-05-15 10:00:00+00:00,1392.0,364.25
2023-05-15 11:00:00+00:00,1286.5,498.0
2023-05-15 12:00:00+00:00,1270.5,496.0
2023-05-15 13:00:00+00:00,1749.75,587.25
2023-05-15 14:00:00+00:00,2099.75,833.75
2023-05-15 15:00:00+00:00,2294.75,975.75
2023-05-15 16:00:00+00:00,2408.5,1116.0
2023-05-15 17:00:00+00:00,2672.0,1389.25
2023-05-15 18:00:00+00:00,2693.75,1568.0
2023-05-15 19:00:00+00:00,2628.75,2040.75
2023-05-15 20:00:00+00:00,2429.25,1895.25
2023-05-15 21:00:00+00:00,2061.0,1660.75
2023-05-15 22:00:00+00:00,1690.5,1488.5
2023-05-15 23:00:00+00:00,1478.0,1305.25
2023-05-16 00:00:00+00:00,1331.75,1111.5
2023-05-16 01:00:00+00:00,1365.25,1056.0
2023-05-16 02:00:00+00:00,1339.0,1058.5
2023-05-16 03:00:00+00:00,1297.25,1074.75
2023-05-16 04:00:00+00:00,1290.25,1064.75
2023-05-16 05:00:00+00:00,1197.25,1053.5
2023-05-16 06:00:00+00:00,1056.0,1164.25
2023-05-16 07:00:00+00:00,922.0,1045.25
2023-05-16 08:00:00+00:00,754.25,891.75
2023-05-16 09:00:00+00:00,642.25,982.0
2023-05-16 10:00:00+00:00,549.0,957.0
2023-05-16 11:00:00+00:00,565.75,957.75
2023-05-16 12:00:00+00:00,653.5,911.75
2023-05-16 13:00:00+00:00,592.75,879.5
2023-05-16 14:00:00+00:00,696.75,898.75
2023-05-16 15:00:00+00:00,771.0,884.5
2023-05-16 16:00:00+00:00,776.0,888.75
2023-05-16 17:00:00+00:00,775.0,848.75
2023-05-16 18:00:00+00:00,604.75,692.75
2023-05-16 19:00:00+00:00,627.0,609.5
2023-05-16 20:00:00+00:00,657.5,622.75
2023-05-16 21:00:00+00:00,580.75,628.75
2023-05-16 22:00:00+00:00,601.75,753.5
2023-05-16 23:00:00+00:00,572.75,785.5
2023-05-17 00:00:00+00:00,650.0,695.5
2023-05-17 01:00:00+00:00,690.25,626.75
2023-05-17 02:00:00+00:00,710.0,665.25
2023-05-17 03:00:00+00:00,632.75,653.5
2023-05-17 04:00:00+00:00,595.25,568.5
2023-05-17 05:00:00+00:00,675.75,580.0
2023-05-17 06:00:00+00:00,673.5,524.0
2023-05-17 07:00:00+00:00,629.5,468.25
2023-05-17 08:00:00+00:00,467.0,432.5
2023-05-17 09:00:00+00:00,364.25,350.25
2023-05-17 10:00:00+00:00,302.0,384.75
2023-05-17 11:00:00+00:00,232.25,452.0
2023-05-17 12:00:00+00:00,226.75,475.0
2023-05-17 13:00:00+00:00,266.25,572.5
2023-05-17 14:00:00+00:00,364.25,613.5
2023-05-17 15:00:00+00:00,373.25,583.5
2023-05-17 16:00:00+00:00,354.75,539.0
2023-05-17 17:00:00+00:00,366.25,511.5
2023-05-17 18:00:00+00:00,377.25,424.25
2023-05-17 19:00:00+00:00,378.5,345.25
2023-05-17 20:00:00+00:00,331.5,324.0
2023-05-17 21:00:00+00:00,277.5,281.75
2023-05-17 22:00:00+00:00,203.0,247.25
2023-05-17 23:00:00+00:00,187.0,251.5
2023-05-18 00:00:00+00:00,171.25,254.0
2023-05-18 01:00:00+00:00,142.0,212.5
2023-05-18 02:00:00+00:00,135.75,201.75
2023-05-18 03:00:00+00:00,140.5,202.5
2023-05-18 04:00:00+00:00,166.25,191.0
2023-05-18 05:00:00+00:00,179.25,168.75
2023-05-18 06:00:00+00:00,172.5,156.75
2023-05-18 07:00:00+00:00,193.25,207.25
2023-05-18 08:00:00+00:00,170.0,236.0
2023-05-18 09:00:00+00:00,166.0,265.25
2023-05-18 10:00:00+00:00,98.5,246.0
2023-05-18 11:00:00+00:00,107.75,264.5
2023-05-18 12:00:00+00:00,100.0,299.25
2023-05-18 13:00:00+00:00,109.0,325.25
2023-05-18 14:00:00+00:00,127.0,369.75
2023-05-18 15:00:00+00:00,323.25,416.5
2023-05-18 16:00:00+00:00,392.0,579.0
2023-05-18 17:00:00+00:00,598.25,531.5
2023-05-18 18:00:00+00:00,721.75,569.25
2023-05-18 19:00:00+00:00,797.5,708.0
2023-05-18 20:00:00+00:00,831.75,747.75
2023-05-18 21:00:00+00:00,765.75,725.5
2023-05-18 22:00:00+00:00,698.25,730.0
2023-05-18 23:00:00+00:00,667.5,714.75
2023-05-19 00:00:00+00:00,523.25,745.0
2023-05-19 01:00:00+00:00,417.0,730.0
2023-05-19 02:00:00+00:00,336.75,629.5
2023-05-19 03:00:00+00:00,172.5,537.0
2023-05-19 04:00:00+00:00,91.5,470.5
2023-05-19 05:00:00+00:00,89.75,312.25
2023-05-19 06:00:00+00:00,93.0,141.0
2023-05-19 07:00:00+00:00,138.0,158.25
2023-05-19 08:00:00+00:00,165.25,233.75
2023-05-19 09:00:00+00:00,196.0,384.0
2023-05-19 10:00:00+00:00,298.5,360.5
2023-05-19 11:00:00+00:00,422.0,427.5
2023-05-19 12:00:00+00:00,602.5,634.75
2023-05-19 13:00:00+00:00,855.0,739.25
2023-05-19 14:00:00+00:00,927.75,733.25
2023-05-19 15:00:00+00:00,1424.5,796.75
2023-05-19 16:00:00+00:00,1853.75,884.0
2023-05-19 17:00:00+00:00,2214.25,1024.5
2023-05-19 18:00:00+00:00,2388.0,1184.75
2023-05-19 19:00:00+00:00,2440.75,1500.75
2023-05-19 20:00:00+00:00,2455.75,1668.5
2023-05-19 21:00:00+00:00,2434.75,1595.0
2023-05-19 22:00:00+00:00,2259.5,1512.75
2023-05-19 23:00:00+00:00,2038.25,1522.25
2023-05-20 00:00:00+00:00,1859.75,1439.5
2023-05-20 01:00:00+00:00,1600.5,1313.0
2023-05-20 02:00:00+00:00,1347.5,1175.75
2023-05-20 03:00:00+00:00,1329.0,1049.0
2023-05-20 04:00:00+00:00,1430.5,971.5
2023-05-20 05:00:00+00:00,1568.75,863.0
2023-05-20 06:00:00+00:00,1589.75,696.75
2023-05-20 07:00:00+00:00,1469.5,624.75
2023-05-20 08:00:00+00:00,1225.25,882.25
2023-05-20 09:00:00+00:00,829.25,1202.0
2023-05-20 10:00:00+00:00,847.0,1318.25
2023-05-20 11:00:00+00:00,1079.0,1374.0
2023-05-20 12:00:00+00:00,998.5,1333.5
2023-05-20 13:00:00+00:00,1183.25,1358.25
2023-05-20 14:00:00+00:00,2013.0,1349.5
2023-05-20 15:00:00+00:00,2254.5,1313.75
2023-05-20 16:00:00+00:00,2507.5,1315.5
2023-05-20 17:00:00+00:00,2640.0,1384.75
2023-05-20 18:00:00+00:00,2560.25,1087.5
2023-05-20 19:00:00+00:00,2400.25,889.75
2023-05-20 20:00:00+00:00,2237.0,749.25
2023-05-20 21:00:00+00:00,2110.0,664.0
2023-05-20 22:00:00+00:00,1942.25,662.0
2023-05-20 23:00:00+00:00,1590.0,609.5
2023-05-21 00:00:00+00:00,1276.75,543.0
2023-05-21 01:00:00+00:00,1033.25,494.0
2023-05-21 02:00:00+00:00,877.25,415.75
2023-05-21 03:00:00+00:00,834.75,424.25
2023-05-21 04:00:00+00:00,780.25,475.0
2023-05-21 05:00:00+00:00,858.75,508.0
2023-05-21 06:00:00+00:00,967.0,513.75
2023-05-21 07:00:00+00:00,1024.0,534.25
2023-05-21 08:00:00+00:00,1167.25,737.75
2023-05-21 09:00:00+00:00,949.0,777.25
2023-05-21 10:00:00+00:00,754.25,758.0
2023-05-21 11:00:00+00:00,746.5,760.75
2023-05-21 12:00:00+00:00,613.75,749.5
2023-05-21 13:00:00+00:00,919.5,829.25
2023-05-21 14:00:00+00:00,1119.0,841.5
2023-05-21 15:00:00+00:00,1441.0,837.25
2023-05-21 16:00:00+00:00,1465.75,708.5
2023-05-21 17:00:00+00:00,1382.75,579.75
2023-05-21 18:00:00+00:00,1210.75,498.25
2023-05-21 19:00:00+00:00,1163.25,502.5
2023-05-21 20:00:00+00:00,1109.5,526.75
2023-05-21 21:00:00+00:00,1078.0,480.0
2023-05-21 22:00:00+00:00,873.75,413.0
2023-05-21 23:00:00+00:00,678.5,348.75
2023-05-22 00:00:00+00:00,557.75,269.0
2023-05-22 01:00:00+00:00,457.75,136.25
2023-05-22 02:00:00+00:00,327.75,127.0
2023-05-22 03:00:00+00:00,308.0,213.0
2023-05-22 04:00:00+00:00,402.5,464.0
2023-05-22 05:00:00+00:00,491.5,641.0
2023-05-22 06:00:00+00:00,368.0,719.0
2023-05-22 07:00:00+00:00,526.0,753.5
2023-05-22 08:00:00+00:00,366.75,676.0
2023-05-22 09:00:00+00:00,279.25,434.75
2023-05-22 10:00:00+00:00,518.5,200.0
2023-05-22 11:00:00+00:00,811.25,326.75
2023-05-22 12:00:00+00:00,1012.5,690.25
2023-05-22 13:00:00+00:00,848.5,799.5
2023-05-22 14:00:00+00:00,756.75,742.0
2023-05-22 15:00:00+00:00,928.5,790.0
2023-05-22 16:00:00+00:00,894.0,830.5
2023-05-22 17:00:00+00:00,1179.0,740.75
2023-05-22 18:00:00+00:00,1196.5,666.75
2023-05-22 19:00:00+00:00,1812.5,981.5
2023-05-22 20:00:00+00:00,2413.25,1358.25
2023-05-22 21:00:00+00:00,2575.5,1491.25
2023-05-22 22:00:00+00:00,2430.5,1452.5
2023-05-22 23:00:00+00:00,2503.0,1619.75
2023-05-23 00:00:00+00:00,2345.0,1694.25
2023-05-23 01:00:00+00:00,2299.0,1671.0
2023-05-23 02:00:00+00:00,2462.0,1698.0
2023-05-23 03:00:00+00:00,2532.25,1814.75
2023-05-23 04:00:00+00:00,2624.75,1990.5
2023-05-23 05:00:00+00:00,2619.5,1987.75
2023-05-23 06:00:00+00:00,2482.75,1950.75
2023-05-23 07:00:00+00:00,2333.5,1980.75
2023-05-23 08:00:00+00:00,2247.25,1852.25
2023-05-23 09:00:00+00:00,2279.75,1805.5
2023-05-23 10:00:00+00:00,2038.5,1719.0
2023-05-23 11:00:00+00:00,1150.75,1470.25
2023-05-23 12:00:00+00:00,1015.25,1336.0
2023-05-23 13:00:00+00:00,1020.0,1367.5
2023-05-23 14:00:00+00:00,1156.75,1408.75
2023-05-23 15:00:00+00:00,1358.0,1451.0
2023-05-23 16:00:00+00:00,1237.5,1314.25
2023-05-23 17:00:00+00:00,1149.25,1156.5
2023-05-23 18:00:00+00:00,983.75,980.25
2023-05-23 19:00:00+00:00,794.0,777.25
2023-05-23 20:00:00+00:00,718.75,522.5
2023-05-23 21:00:00+00:00,541.0,353.75
2023-05-23 22:00:00+00:00,415.0,278.5
2023-05-23 23:00:00+00:00,319.0,257.25
2023-05-24 00:00:00+00:00,348.5,278.0
2023-05-24 01:00:00+00:00,345.0,348.25
2023-05-24 02:00:00+00:00,331.5,356.5
2023-05-24 03:00:00+00:00,350.75,363.75
2023-05-24 04:00:00+00:00,314.25,343.75
2023-05-24 05:00:00+00:00,304.25,374.5
2023-05-24 06:00:00+00:00,149.75,387.5
2023-05-24 07:00:00+00:00,141.0,297.75
2023-05-24 08:00:00+00:00,138.0,231.0
2023-05-24 09:00:00+00:00,126.25,293.5
2023-05-24 10:00:00+00:00,73.25,303.0
2023-05-24 11:00:00+00:00,61.5,311.0
2023-05-24 12:00:00+00:00,52.0,313.25
2023-05-24 13:00:00+00:00,57.5,335.0
2023-05-24 14:00:00+00:00,71.25,346.5
2023-05-24 15:00:00+00:00,103.25,415.5
2023-05-24 16:00:00+00:00,185.0,516.75
2023-05-24 17:00:00+00:00,245.5,467.0
2023-05-24 18:00:00+00:00,286.5,401.75
2023-05-24 19:00:00+00:00,364.25,356.5
2023-05-24 20:00:00+00:00,440.0,387.75
2023-05-24 21:00:00+00:00,519.25,370.0
2023-05-24 22:00:00+00:00,576.0,308.75
2023-05-24 23:00:00+00:00,509.0,264.75
2023-05-25 00:00:00+00:00,367.75,246.25
2023-05-25 01:00:00+00:00,346.75,240.5
2023-05-25 02:00:00+00:00,323.5,218.0
2023-05-25 03:00:00+00:00,358.75,220.75
2023-05-25 04:00:00+00:00,489.0,228.75
2023-05-25 05:00:00+00:00,497.25,269.5
2023-05-25 06:00:00+00:00,493.0,259.5
2023-05-25 07:00:00+00:00,518.5,381.0
2023-05-25 08:00:00+00:00,675.5,466.5
2023-05-25 09:00:00+00:00,857.0,608.0
2023-05-25 10:00:00+00:00,997.25,704.75
2023-05-25 11:00:00+00:00,1146.0,732.25
2023-05-25 12:00:00+00:00,1237.5,745.75
2023-05-25 13:00:00+00:00,1382.5,871.25
2023-05-25 14:00:00+00:00,1570.75,951.0
2023-05-25 15:00:00+00:00,1759.0,1076.25
2023-05-25 16:00:00+00:00,1888.0,1222.0
2023-05-25 17:00:00+00:00,1957.75,1224.0
2023-05-25 18:00:00+00:00,1917.25,1110.75
2023-05-25 19:00:00+00:00,1985.75,1043.5
2023-05-25 20:00:00+00:00,1977.0,974.0
2023-05-25 21:00:00+00:00,1986.0,882.0
2023-05-25 22:00:00+00:00,1985.5,845.25
2023-05-25 23:00:00+00:00,1914.5,833.0
2023-05-26 00:00:00+00:00,1781.5,811.5
2023-05-26 01:00:00+00:00,1644.25,786.5
2023-05-26 02:00:00+00:00,1659.0,798.5
2023-05-26 03:00:00+00:00,1585.75,899.25
2023-05-26 04:00:00+00:00,1433.5,862.25
2023-05-26 05:00:00+00:00,1287.5,813.75
2023-05-26 06:00:00+00:00,1180.25,1018.75
2023-05-26 07:00:00+00:00,1099.5,1042.0
2023-05-26 08:00:00+00:00,914.5,855.75
2023-05-26 09:00:00+00:00,477.5,810.0
2023-05-26 10:00:00+00:00,599.75,772.5
2023-05-26 11:00:00+00:00,447.25,785.25
2023-05-26 12:00:00+00:00,638.0,930.75
2023-05-26 13:00:00+00:00,1005.5,934.75
2023-05-26 14:00:00+00:00,1248.25,1169.25
2023-05-26 15:00:00+00:00,1939.25,1287.0
2023-05-26 16:00:00+00:00,2116.75,1299.25
2023-05-26 17:00:00+00:00,2053.75,1263.5
2023-05-26 18:00:00+00:00,2124.75,1063.5
2023-05-26 19:00:00+00:00,2053.75,913.25
2023-05-26 20:00:00+00:00,2015.0,845.5
2023-05-26 21:00:00+00:00,1882.75,825.0
2023-05-26 22:00:00+00:00,1670.25,769.75
2023-05-26 23:00:00+00:00,1453.25,729.75
2023-05-27 00:00:00+00:00,1159.0,671.75
2023-05-27 01:00:00+00:00,1069.5,631.75
2023-05-27 02:00:00+00:00,917.0,615.5
2023-05-27 03:00:00+00:00,873.0,586.75
2023-05-27 04:00:00+00:00,837.0,520.75
2023-05-27 05:00:00+00:00,781.25,403.75
2023-05-27 06:00:00+00:00,552.5,348.5
2023-05-27 07:00:00+00:00,330.75,240.75
2023-05-27 08:00:00+00:00,130.0,198.75
2023-05-27 09:00:00+00:00,261.5,192.0
2023-05-27 10:00:00+00:00,382.25,192.25
2023-05-27 11:00:00+00:00,230.0,231.25
2023-05-27 12:00:00+00:00,289.75,305.75
2023-05-27 13:00:00+00:00,261.0,286.5
2023-05-27 14:00:00+00:00,534.0,392.25
2023-05-27 15:00:00+00:00,763.0,475.5
2023-05-27 16:00:00+00:00,691.5,411.75
2023-05-27 17:00:00+00:00,663.25,354.0
2023-05-27 18:00:00+00:00,757.5,362.75
2023-05-27 19:00:00+00:00,710.75,436.75
2023-05-27 20:00:00+00:00,613.75,529.25
2023-05-27 21:00:00+00:00,502.75,515.0
2023-05-27 22:00:00+00:00,626.5,449.25
2023-05-27 23:00:00+00:00,628.25,427.0
2023-05-28 00:00:00+00:00,480.75,405.5
2023-05-28 01:00:00+00:00,494.5,349.0
2023-05-28 02:00:00+00:00,549.0,359.75
2023-05-28 03:00:00+00:00,536.75,387.0
2023-05-28 04:00:00+00:00,515.75,391.5
2023-05-28 05:00:00+00:00,383.75,345.75
2023-05-28 06:00:00+00:00,417.75,248.75
2023-05-28 07:00:00+00:00,492.0,262.75
2023-05-28 08:00:00+00:00,500.25,336.5
2023-05-28 09:00:00+00:00,450.5,442.5
2023-05-28 10:00:00+00:00,419.75,458.75
2023-05-28 11:00:00+00:00,351.5,532.0
2023-05-28 12:00:00+00:00,388.75,490.25
2023-05-28 13:00:00+00:00,575.25,649.75
2023-05-28 14:00:00+00:00,668.75,1036.0
2023-05-28 15:00:00+00:00,833.5,1257.75
2023-05-28 16:00:00+00:00,2315.75,1667.25
2023-05-28 17:00:00+00:00,2545.25,1766.25
2023-05-28 18:00:00+00:00,2518.0,1709.75
2023-05-28 19:00:00+00:00,2542.5,1705.75
2023-05-28 20:00:00+00:00,2545.5,1520.5
2023-05-28 21:00:00+00:00,2496.5,1415.0
2023-05-28 22:00:00+00:00,2457.75,1393.0
2023-05-28 23:00:00+00:00,2422.25,1331.0
2023-05-29 00:00:00+00:00,2315.25,1260.25
2023-05-29 01:00:00+00:00,2241.75,1069.5
2023-05-29 02:00:00+00:00,2208.0,925.25
2023-05-29 03:00:00+00:00,2174.5,856.0
2023-05-29 04:00:00+00:00,2032.25,843.25
2023-05-29 05:00:00+00:00,1973.25,817.25
2023-05-29 06:00:00+00:00,1910.25,956.25
2023-05-29 07:00:00+00:00,1697.5,909.25
2023-05-29 08:00:00+00:00,1221.25,764.5
2023-05-29 09:00:00+00:00,1006.75,780.0
2023-05-29 10:00:00+00:00,918.5,729.25
2023-05-29 11:00:00+00:00,849.25,745.75
2023-05-29 12:00:00+00:00,913.75,855.25
2023-05-29 13:00:00+00:00,1008.5,884.0
2023-05-29 14:00:00+00:00,996.5,1022.25
2023-05-29 15:00:00+00:00,1055.0,1138.0
2023-05-29 16:00:00+00:00,2102.75,1535.5
2023-05-29 17:00:00+00:00,2231.25,1577.0
2023-05-29 18:00:00+00:00,2292.0,1473.5
2023-05-29 19:00:00+00:00,2391.0,1437.5
2023-05-29 20:00:00+00:00,2387.75,1349.75
2023-05-29 21:00:00+00:00,2386.5,1255.0
2023-05-29 22:00:00+00:00,2384.25,1114.5
2023-05-29 23:00:00+00:00,2450.0,1054.25
2023-05-30 00:00:00+00:00,2332.5,929.75
2023-05-30 01:00:00+00:00,2195.25,822.75
2023-05-30 02:00:00+00:00,1982.75,794.5
2023-05-30 03:00:00+00:00,1797.25,716.25
2023-05-30 04:00:00+00:00,1761.25,615.75
2023-05-30 05:00:00+00:00,1623.25,614.0
2023-05-30 06:00:00+00:00,1503.0,620.75
2023-05-30 07:00:00+00:00,1336.25,588.0
2023-05-30 08:00:00+00:00,1305.25,542.75
2023-05-30 09:00:00+00:00,1356.75,514.75
2023-05-30 10:00:00+00:00,1544.5,527.5
2023-05-30 11:00:00+00:00,1557.0,580.5
2023-05-30 12:00:00+00:00,1592.5,608.25
2023-05-30 13:00:00+00:00,1451.5,664.0
2023-05-30 14:00:00+00:00,1429.75,638.75
2023-05-30 15:00:00+00:00,1375.5,645.75
2023-05-30 16:00:00+00:00,1536.0,626.0
2023-05-30 17:00:00+00:00,1782.0,614.75
2023-05-30 18:00:00+00:00,1885.5,619.75
2023-05-30 19:00:00+00:00,1823.25,597.0
2023-05-30 20:00:00+00:00,1803.0,576.5
2023-05-30 21:00:00+00:00,1654.5,608.25
2023-05-30 22:00:00+00:00,1361.5,662.0
2023-05-30 23:00:00+00:00,1116.0,648.0
2023-05-31 00:00:00+00:00,908.25,690.25
2023-05-31 01:00:00+00:00,824.0,558.25
2023-05-31 02:00:00+00:00,922.0,473.25
2023-05-31 03:00:00+00:00,1063.5,535.0
2023-05-31 04:00:00+00:00,1182.25,566.25
2023-05-31 05:00:00+00:00,1394.25,492.0
2023-05-31 06:00:00+00:00,1532.5,394.0
2023-05-31 07:00:00+00:00,1566.5,384.25
2023-05-31 08:00:00+00:00,1519.25,420.5
2023-05-31 09:00:00+00:00,1636.25,529.0
2023-05-31 10:00:00+00:00,1614.25,620.25
2023-05-31 11:00:00+00:00,1493.5,615.25
2023-05-31 12:00:00+00:00,1677.0,740.5
2023-05-31 13:00:00+00:00,1680.25,843.0
2023-05-31 14:00:00+00:00,2122.0,1145.0
2023-05-31 15:00:00+00:00,2315.75,1244.75
2023-05-31 16:00:00+00:00,2436.5,1323.0
2023-05-31 17:00:00+00:00,2465.5,1286.75
2023-05-31 18:00:00+00:00,2431.75,1145.0
2023-05-31 19:00:00+00:00,2435.75,1113.5
2023-05-31 20:00:00+00:00,2448.75,1078.5
2023-05-31 21:00:00+00:00,2365.0,1033.5
2023-05-31 22:00:00+00:00,2147.25,936.75
2023-05-31 23:00:00+00:00,1915.75,821.75
2023-06-01 00:00:00+00:00,1850.0,756.25
2023-06-01 01:00:00+00:00,1792.5,711.0
2023-06-01 02:00:00+00:00,1821.25,654.5
2023-06-01 03:00:00+00:00,1728.0,600.25
2023-06-01 04:00:00+00:00,1722.25,562.25
2023-06-01 05:00:00+00:00,1634.5,594.5
2023-06-01 06:00:00+00:00,1642.0,584.0
2023-06-01 07:00:00+00:00,1562.0,587.5
2023-06-01 08:00:00+00:00,1412.0,560.75
2023-06-01 09:00:00+00:00,1298.75,604.0
2023-06-01 10:00:00+00:00,1255.75,636.75
2023-06-01 11:00:00+00:00,1314.5,662.0
2023-06-01 12:00:00+00:00,1317.0,733.0
2023-06-01 13:00:00+00:00,1288.5,800.75
2023-06-01 14:00:00+00:00,1378.75,873.5
2023-06-01 15:00:00+00:00,1408.5,931.75
2023-06-01 16:00:00+00:00,1634.0,1019.0
2023-06-01 17:00:00+00:00,1959.5,1053.25
2023-06-01 18:00:00+00:00,2152.0,1072.25
2023-06-01 19:00:00+00:00,2260.5,1118.5
2023-06-01 20:00:00+00:00,2267.5,1068.75
2023-06-01 21:00:00+00:00,2159.0,964.75
2023-06-01 22:00:00+00:00,2068.25,861.25
2023-06-01 23:00:00+00:00,1947.5,894.75
2023-06-02 00:00:00+00:00,1737.0,815.5
2023-06-02 01:00:00+00:00,1669.0,741.0
2023-06-02 02:00:00+00:00,1617.25,721.0
2023-06-02 03:00:00+00:00,1532.0,648.75
2023-06-02 04:00:00+00:00,1441.5,498.75
2023-06-02 05:00:00+00:00,1388.75,418.5
2023-06-02 06:00:00+00:00,1270.75,446.0
2023-06-02 07:00:00+00:00,1203.75,399.5
2023-06-02 08:00:00+00:00,1194.75,365.25
2023-06-02 09:00:00+00:00,1243.75,369.5
2023-06-02 10:00:00+00:00,1185.0,378.25
2023-06-02 11:00:00+00:00,1036.25,432.75
2023-06-02 12:00:00+00:00,1122.0,580.5
2023-06-02 13:00:00+00:00,1231.5,650.5
2023-06-02 14:00:00+00:00,1449.5,697.25
2023-06-02 15:00:00+00:00,1755.5,920.0
2023-06-02 16:00:00+00:00,1916.5,1100.0
2023-06-02 17:00:00+00:00,1946.25,1137.25
2023-06-02 18:00:00+00:00,2089.25,1107.75
2023-06-02 19:00:00+00:00,2118.5,1078.25
2023-06-02 20:00:00+00:00,2107.5,1109.75
2023-06-02 21:00:00+00:00,1926.0,1172.25
2023-06-02 22:00:00+00:00,1675.5,1097.25
2023-06-02 23:00:00+00:00,1395.75,1124.75
2023-06-03 00:00:00+00:00,1059.0,1054.25
2023-06-03 01:00:00+00:00,832.75,973.0
2023-06-03 02:00:00+00:00,656.0,864.0
2023-06-03 03:00:00+00:00,579.25,789.0
2023-06-03 04:00:00+00:00,488.0,640.75
2023-06-03 05:00:00+00:00,466.75,389.75
2023-06-03 06:00:00+00:00,353.75,247.75
2023-06-03 07:00:00+00:00,342.0,220.0
2023-06-03 08:00:00+00:00,383.0,294.25
2023-06-03 09:00:00+00:00,406.0,611.75
2023-06-03 10:00:00+00:00,528.5,657.5
2023-06-03 11:00:00+00:00,458.25,697.75
2023-06-03 12:00:00+00:00,822.0,814.0
2023-06-03 13:00:00+00:00,1059.75,833.0
2023-06-03 14:00:00+00:00,1708.0,885.75
2023-06-03 15:00:00+00:00,1826.75,952.0
2023-06-03 16:00:00+00:00,2102.0,962.25
2023-06-03 17:00:00+00:00,2292.75,1080.5
2023-06-03 18:00:00+00:00,2310.0,1092.0
2023-06-03 19:00:00+00:00,2279.5,1098.0
2023-06-03 20:00:00+00:00,2205.0,1116.25
2023-06-03 21:00:00+00:00,2191.25,1074.25
2023-06-03 22:00:00+00:00,2011.75,974.75
2023-06-03 23:00:00+00:00,1725.75,883.75
2023-06-04 00:00:00+00:00,1248.0,731.5
2023-06-04 01:00:00+00:00,987.25,673.0
2023-06-04 02:00:00+00:00,859.75,611.0
2023-06-04 03:00:00+00:00,783.5,569.5
2023-06-04 04:00:00+00:00,798.25,518.0
2023-06-04 05:00:00+00:00,816.5,403.25
2023-06-04 06:00:00+00:00,850.0,270.75
2023-06-04 07:00:00+00:00,858.75,270.75
2023-06-04 08:00:00+00:00,883.75,314.5
2023-06-04 09:00:00+00:00,906.25,369.25
2023-06-04 10:00:00+00:00,974.75,416.75
2023-06-04 11:00:00+00:00,666.25,472.25
2023-06-04 12:00:00+00:00,705.25,567.25
2023-06-04 13:00:00+00:00,795.5,615.5
2023-06-04 14:00:00+00:00,1414.5,814.5
2023-06-04 15:00:00+00:00,1569.5,1045.75
2023-06-04 16:00:00+00:00,1705.25,1172.0
2023-06-04 17:00:00+00:00,1901.25,1212.75
2023-06-04 18:00:00+00:00,2068.75,1098.75
2023-06-04 19:00:00+00:00,2140.25,1026.0
2023-06-04 20:00:00+00:00,2032.0,892.25
2023-06-04 21:00:00+00:00,1811.5,741.0
2023-06-04 22:00:00+00:00,1608.5,659.0
2023-06-04 23:00:00+00:00,1309.25,605.5
2023-06-05 00:00:00+00:00,1124.75,559.0
2023-06-05 01:00:00+00:00,963.0,510.0
2023-06-05 02:00:00+00:00,874.0,456.0
2023-06-05 03:00:00+00:00,874.75,459.0
2023-06-05 04:00:00+00:00,942.75,444.75
2023-06-05 05:00:00+00:00,983.5,479.75
2023-06-05 06:00:00+00:00,902.0,445.0
2023-06-05 07:00:00+00:00,876.5,365.25
2023-06-05 08:00:00+00:00,936.5,346.75
2023-06-05 09:00:00+00:00,996.25,363.0
2023-06-05 10:00:00+00:00,1016.75,440.0
2023-06-05 11:00:00+00:00,1123.25,532.5
2023-06-05 12:00:00+00:00,1244.0,649.5
2023-06-05 13:00:00+00:00,1279.5,746.75
2023-06-05 14:00:00+00:00,1310.0,844.75
2023-06-05 15:00:00+00:00,1378.75,864.25
2023-06-05 16:00:00+00:00,1378.5,905.75
2023-06-05 17:00:00+00:00,1451.0,886.25
2023-06-05 18:00:00+00:00,1521.75,768.0
2023-06-05 19:00:00+00:00,1548.25,791.0
2023-06-05 20:00:00+00:00,1540.0,796.75
2023-06-05 21:00:00+00:00,1497.25,739.25
2023-06-05 22:00:00+00:00,1463.25,692.25
2023-06-05 23:00:00+00:00,1319.25,611.5
2023-06-06 00:00:00+00:00,1184.75,594.0
2023-06-06 01:00:00+00:00,1083.0,619.25
2023-06-06 02:00:00+00:00,949.75,575.0
2023-06-06 03:00:00+00:00,887.5,593.25
2023-06-06 04:00:00+00:00,882.0,599.25
2023-06-06 05:00:00+00:00,854.0,583.25
2023-06-06 06:00:00+00:00,908.75,534.75
2023-06-06 07:00:00+00:00,956.5,474.0
2023-06-06 08:00:00+00:00,1107.75,509.5
2023-06-06 09:00:00+00:00,1350.25,571.75
2023-06-06 10:00:00+00:00,1525.25,633.5
2023-06-06 11:00:00+00:00,1523.25,766.25
2023-06-06 12:00:00+00:00,1764.0,875.25
2023-06-06 13:00:00+00:00,1824.0,938.75
2023-06-06 14:00:00+00:00,1906.25,983.75
2023-06-06 15:00:00+00:00,1986.25,1015.75
2023-06-06 16:00:00+00:00,1966.0,996.75
2023-06-06 17:00:00+00:00,1874.5,903.75
2023-06-06 18:00:00+00:00,1814.5,796.75
2023-06-06 19:00:00+00:00,1792.75,744.5
2023-06-06 20:00:00+00:00,1762.75,693.75
2023-06-06 21:00:00+00:00,1684.0,603.5
2023-06-06 22:00:00+00:00,1563.25,572.0
2023-06-06 23:00:00+00:00,1457.25,513.0
2023-06-07 00:00:00+00:00,1270.5,473.0
2023-06-07 01:00:00+00:00,1165.5,481.75
2023-06-07 02:00:00+00:00,1164.25,488.75
2023-06-07 03:00:00+00:00,1110.5,484.5
2023-06-07 04:00:00+00:00,945.5,428.25
2023-06-07 05:00:00+00:00,884.5,350.0
2023-06-07 06:00:00+00:00,833.0,263.0
2023-06-07 07:00:00+00:00,814.75,240.25
2023-06-07 08:00:00+00:00,803.25,236.5
2023-06-07 09:00:00+00:00,800.75,263.25
2023-06-07 10:00:00+00:00,899.25,314.5
2023-06-07 11:00:00+00:00,1029.25,381.75
2023-06-07 12:00:00+00:00,1166.5,482.25
2023-06-07 13:00:00+00:00,1391.25,544.0
2023-06-07 14:00:00+00:00,1541.0,647.5
2023-06-07 15:00:00+00:00,1617.5,748.5
2023-06-07 16:00:00+00:00,1719.25,814.75
2023-06-07 17:00:00+00:00,1686.0,837.75
2023-06-07 18:00:00+00:00,1626.0,725.25
2023-06-07 19:00:00+00:00,1587.5,635.0
2023-06-07 20:00:00+00:00,1562.0,607.25
2023-06-07 21:00:00+00:00,1535.25,555.75
2023-06-07 22:00:00+00:00,1500.5,529.25
2023-06-07 23:00:00+00:00,1379.75,486.5
2023-06-08 00:00:00+00:00,1283.5,445.75
2023-06-08 01:00:00+00:00,1215.25,411.0
2023-06-08 02:00:00+00:00,1150.0,434.5
2023-06-08 03:00:00+00:00,1167.5,477.25
2023-06-08 04:00:00+00:00,1059.75,410.5
2023-06-08 05:00:00+00:00,1009.25,372.0
2023-06-08 06:00:00+00:00,985.0,315.5
2023-06-08 07:00:00+00:00,1055.75,341.5
2023-06-08 08:00:00+00:00,1100.5,407.75
2023-06-08 09:00:00+00:00,1176.25,471.5
2023-06-08 10:00:00+00:00,1279.0,521.0
2023-06-08 11:00:00+00:00,1407.0,571.25
2023-06-08 12:00:00+00:00,1571.25,612.25
2023-06-08 13:00:00+00:00,1766.25,765.75
2023-06-08 14:00:00+00:00,1955.25,980.5
2023-06-08 15:00:00+00:00,2182.25,1101.25
2023-06-08 16:00:00+00:00,2195.0,1080.5
2023-06-08 17:00:00+00:00,2283.5,1077.5
2023-06-08 18:00:00+00:00,2160.75,1010.25
2023-06-08 19:00:00+00:00,2062.25,1004.5
2023-06-08 20:00:00+00:00,2126.0,1059.75
2023-06-08 21:00:00+00:00,2055.75,1050.0
2023-06-08 22:00:00+00:00,1991.75,1009.5
2023-06-08 23:00:00+00:00,1945.5,991.25
2023-06-09 00:00:00+00:00,1875.5,929.75
2023-06-09 01:00:00+00:00,1852.25,935.0
2023-06-09 02:00:00+00:00,1771.25,889.75
2023-06-09 03:00:00+00:00,1611.75,835.75
2023-06-09 04:00:00+00:00,1331.0,745.25
2023-06-09 05:00:00+00:00,1169.5,611.0
2023-06-09 06:00:00+00:00,937.75,428.0
2023-06-09 07:00:00+00:00,713.75,315.25
2023-06-09 08:00:00+00:00,691.75,279.0
2023-06-09 09:00:00+00:00,815.5,314.75
2023-06-09 10:00:00+00:00,841.75,350.0
2023-06-09 11:00:00+00:00,953.75,443.0
2023-06-09 12:00:00+00:00,1084.25,623.0
2023-06-09 13:00:00+00:00,1495.5,767.0
2023-06-09 14:00:00+00:00,1836.25,928.25
2023-06-09 15:00:00+00:00,2075.75,1097.0
2023-06-09 16:00:00+00:00,2258.5,1160.0
2023-06-09 17:00:00+00:00,2423.75,1189.25
2023-06-09 18:00:00+00:00,2354.25,1121.0
2023-06-09 19:00:00+00:00,2093.75,1205.25
2023-06-09 20:00:00+00:00,1963.25,1428.0
2023-06-09 21:00:00+00:00,2007.5,1581.25
2023-06-09 22:00:00+00:00,2036.25,1634.75
2023-06-09 23:00:00+00:00,2293.5,1597.0
2023-06-10 00:00:00+00:00,2357.75,1453.0
2023-06-10 01:00:00+00:00,2228.5,1323.25
2023-06-10 02:00:00+00:00,2027.25,1249.5
2023-06-10 03:00:00+00:00,1846.25,1168.0
2023-06-10 04:00:00+00:00,1863.75,987.25
2023-06-10 05:00:00+00:00,1830.25,764.75
2023-06-10 06:00:00+00:00,1497.75,504.5
2023-06-10 07:00:00+00:00,1207.25,401.5
2023-06-10 08:00:00+00:00,907.5,417.75
2023-06-10 09:00:00+00:00,564.5,415.5
2023-06-10 10:00:00+00:00,740.5,422.25
2023-06-10 11:00:00+00:00,711.25,435.75
2023-06-10 12:00:00+00:00,639.75,492.75
2023-06-10 13:00:00+00:00,838.0,512.5
2023-06-10 14:00:00+00:00,992.0,575.0
2023-06-10 15:00:00+00:00,1772.25,618.0
2023-06-10 16:00:00+00:00,2049.75,589.25
2023-06-10 17:00:00+00:00,2127.75,597.25
2023-06-10 18:00:00+00:00,2088.75,586.75
2023-06-10 19:00:00+00:00,1998.25,744.25
2023-06-10 20:00:00+00:00,2030.75,903.5
2023-06-10 21:00:00+00:00,2164.25,1051.75
2023-06-10 22:00:00+00:00,2332.5,983.75
2023-06-10 23:00:00+00:00,2354.5,968.25
2023-06-11 00:00:00+00:00,2203.0,1002.5
2023-06-11 01:00:00+00:00,2031.0,1000.5
2023-06-11 02:00:00+00:00,1630.75,1064.5
2023-06-11 03:00:00+00:00,1324.5,1023.25
2023-06-11 04:00:00+00:00,1105.75,825.0
2023-06-11 05:00:00+00:00,947.25,597.25
2023-06-11 06:00:00+00:00,780.25,315.0
2023-06-11 07:00:00+00:00,600.25,195.75
2023-06-11 08:00:00+00:00,385.25,156.0
2023-06-11 09:00:00+00:00,273.25,168.0
2023-06-11 10:00:00+00:00,246.5,278.5
2023-06-11 11:00:00+00:00,230.0,387.5
2023-06-11 12:00:00+00:00,244.75,419.25
2023-06-11 13:00:00+00:00,303.5,465.0
2023-06-11 14:00:00+00:00,460.5,420.0
2023-06-11 15:00:00+00:00,761.0,365.5
2023-06-11 16:00:00+00:00,877.75,424.25
2023-06-11 17:00:00+00:00,1118.0,540.5
2023-06-11 18:00:00+00:00,1225.25,623.0
2023-06-11 19:00:00+00:00,1152.75,873.25
2023-06-11 20:00:00+00:00,1061.75,1116.0
2023-06-11 21:00:00+00:00,1122.5,1320.5
2023-06-11 22:00:00+00:00,1134.75,1213.75
2023-06-11 23:00:00+00:00,1235.5,1128.0
2023-06-12 00:00:00+00:00,1147.5,1134.25
2023-06-12 01:00:00+00:00,1016.25,1069.5
2023-06-12 02:00:00+00:00,842.25,847.5
2023-06-12 03:00:00+00:00,735.75,706.5
2023-06-12 04:00:00+00:00,650.25,549.75
2023-06-12 05:00:00+00:00,529.75,428.75
2023-06-12 06:00:00+00:00,437.5,272.0
2023-06-12 07:00:00+00:00,289.25,205.5
2023-06-12 08:00:00+00:00,167.0,219.0
2023-06-12 09:00:00+00:00,175.5,347.75
2023-06-12 10:00:00+00:00,179.75,446.25
2023-06-12 11:00:00+00:00,306.25,420.5
2023-06-12 12:00:00+00:00,449.75,399.5
2023-06-12 13:00:00+00:00,744.0,355.75
2023-06-12 14:00:00+00:00,1297.25,432.0
2023-06-12 15:00:00+00:00,1777.25,496.75
2023-06-12 16:00:00+00:00,1975.75,616.0
2023-06-12 17:00:00+00:00,2005.25,679.0
2023-06-12 18:00:00+00:00,1979.5,740.5
2023-06-12 19:00:00+00:00,1926.0,883.0
2023-06-12 20:00:00+00:00,1971.25,1053.5
2023-06-12 21:00:00+00:00,2027.0,1196.75
2023-06-12 22:00:00+00:00,2100.25,1304.25
2023-06-12 23:00:00+00:00,1811.5,1216.25
2023-06-13 00:00:00+00:00,1770.0,1084.25
2023-06-13 01:00:00+00:00,1868.25,1094.5
2023-06-13 02:00:00+00:00,1787.75,1008.75
2023-06-13 03:00:00+00:00,1598.25,946.75
2023-06-13 04:00:00+00:00,1406.25,817.25
2023-06-13 05:00:00+00:00,1238.0,535.0
2023-06-13 06:00:00+00:00,1201.25,361.5
2023-06-13 07:00:00+00:00,986.75,382.0
2023-06-13 08:00:00+00:00,867.75,587.5
2023-06-13 09:00:00+00:00,1099.25,691.5
2023-06-13 10:00:00+00:00,1245.5,722.75
2023-06-13 11:00:00+00:00,1216.75,671.75
2023-06-13 12:00:00+00:00,1723.25,627.25
2023-06-13 13:00:00+00:00,2033.25,568.25
2023-06-13 14:00:00+00:00,2432.75,611.5
2023-06-13 15:00:00+00:00,2613.5,714.0
2023-06-13 16:00:00+00:00,2703.25,828.0
2023-06-13 17:00:00+00:00,2737.75,1060.5
2023-06-13 18:00:00+00:00,2672.0,1080.25
2023-06-13 19:00:00+00:00,2623.5,1122.75
2023-06-13 20:00:00+00:00,2588.0,1208.25
2023-06-13 21:00:00+00:00,2463.5,1268.0
2023-06-13 22:00:00+00:00,2078.25,1420.5
2023-06-13 23:00:00+00:00,2021.0,1419.75
2023-06-14 00:00:00+00:00,2011.5,1235.5
2023-06-14 01:00:00+00:00,1675.0,1112.25
2023-06-14 02:00:00+00:00,1260.75,1057.0
2023-06-14 03:00:00+00:00,952.5,940.25
2023-06-14 04:00:00+00:00,703.5,783.25
2023-06-14 05:00:00+00:00,545.5,540.25
2023-06-14 06:00:00+00:00,499.5,392.25
2023-06-14 07:00:00+00:00,460.5,427.0
2023-06-14 08:00:00+00:00,446.0,496.5
2023-06-14 09:00:00+00:00,436.75,564.0
2023-06-14 10:00:00+00:00,456.75,623.75
2023-06-14 11:00:00+00:00,542.75,738.25
2023-06-14 12:00:00+00:00,699.5,727.5
2023-06-14 13:00:00+00:00,953.75,709.25
2023-06-14 14:00:00+00:00,1167.5,678.25
2023-06-14 15:00:00+00:00,1360.5,747.0
2023-06-14 16:00:00+00:00,1454.25,789.0
2023-06-14 17:00:00+00:00,1516.75,757.75
2023-06-14 18:00:00+00:00,1646.0,683.25
2023-06-14 19:00:00+00:00,1692.0,721.5
2023-06-14 20:00:00+00:00,1536.25,845.5
2023-06-14 21:00:00+00:00,972.75,989.25
2023-06-14 22:00:00+00:00,1002.5,1021.0
2023-06-14 23:00:00+00:00,1026.75,871.75
2023-06-15 00:00:00+00:00,731.5,774.25
2023-06-15 01:00:00+00:00,493.75,611.75
2023-06-15 02:00:00+00:00,457.75,500.75
2023-06-15 03:00:00+00:00,516.5,357.5
2023-06-15 04:00:00+00:00,516.75,256.5
2023-06-15 05:00:00+00:00,347.5,192.25
2023-06-15 06:00:00+00:00,212.5,115.25
2023-06-15 07:00:00+00:00,122.5,99.75
2023-06-15 08:00:00+00:00,56.5,132.5
2023-06-15 09:00:00+00:00,44.75,156.5
2023-06-15 10:00:00+00:00,33.25,177.75
2023-06-15 11:00:00+00:00,63.5,232.25
2023-06-15 12:00:00+00:00,257.25,372.25
2023-06-15 13:00:00+00:00,560.75,567.5
2023-06-15 14:00:00+00:00,726.25,758.25
2023-06-15 15:00:00+00:00,757.25,848.75
2023-06-15 16:00:00+00:00,877.75,773.5
2023-06-15 17:00:00+00:00,869.75,647.5
2023-06-15 18:00:00+00:00,818.5,511.0
2023-06-15 19:00:00+00:00,661.0,442.75
2023-06-15 20:00:00+00:00,473.5,379.5
2023-06-15 21:00:00+00:00,281.75,330.25
2023-06-15 22:00:00+00:00,207.25,274.5
2023-06-15 23:00:00+00:00,173.75,236.25
2023-06-16 00:00:00+00:00,110.5,181.75
2023-06-16 01:00:00+00:00,129.25,139.25
2023-06-16 02:00:00+00:00,133.75,121.75
2023-06-16 03:00:00+00:00,135.75,102.0
2023-06-16 04:00:00+00:00,112.0,101.75
2023-06-16 05:00:00+00:00,90.75,81.0
2023-06-16 06:00:00+00:00,83.0,81.0
2023-06-16 07:00:00+00:00,83.75,109.25
2023-06-16 08:00:00+00:00,78.25,154.75
2023-06-16 09:00:00+00:00,113.75,199.0
2023-06-16 10:00:00+00:00,147.0,250.25
2023-06-16 11:00:00+00:00,158.5,320.0
2023-06-16 12:00:00+00:00,176.0,390.75
2023-06-16 13:00:00+00:00,236.75,458.0
2023-06-16 14:00:00+00:00,330.25,528.0
2023-06-16 15:00:00+00:00,493.75,582.0
2023-06-16 16:00:00+00:00,588.25,492.75
2023-06-16 17:00:00+00:00,594.75,403.25
2023-06-16 18:00:00+00:00,576.75,282.0
2023-06-16 19:00:00+00:00,567.0,254.0
2023-06-16 20:00:00+00:00,516.25,252.5
2023-06-16 21:00:00+00:00,487.0,229.5
2023-06-16 22:00:00+00:00,387.75,156.75
2023-06-16 23:00:00+00:00,210.75,100.75
2023-06-17 00:00:00+00:00,157.5,86.25
2023-06-17 01:00:00+00:00,105.75,59.25
2023-06-17 02:00:00+00:00,90.5,45.25
2023-06-17 03:00:00+00:00,83.0,50.75
2023-06-17 04:00:00+00:00,74.25,77.75
2023-06-17 05:00:00+00:00,92.0,87.5
2023-06-17 06:00:00+00:00,106.5,88.75
2023-06-17 07:00:00+00:00,156.25,101.0
2023-06-17 08:00:00+00:00,152.75,110.75
2023-06-17 09:00:00+00:00,166.0,125.75
2023-06-17 10:00:00+00:00,224.75,129.5
2023-06-17 11:00:00+00:00,250.0,128.0
2023-06-17 12:00:00+00:00,283.5,126.25
2023-06-17 13:00:00+00:00,296.75,123.75
2023-06-17 14:00:00+00:00,284.5,119.5
2023-06-17 15:00:00+00:00,335.5,100.5
2023-06-17 16:00:00+00:00,283.75,99.0
2023-06-17 17:00:00+00:00,263.5,92.25
2023-06-17 18:00:00+00:00,279.0,87.5
2023-06-17 19:00:00+00:00,246.25,79.25
2023-06-17 20:00:00+00:00,237.75,138.25
2023-06-17 21:00:00+00:00,239.5,276.75
2023-06-17 22:00:00+00:00,279.5,390.5
2023-06-17 23:00:00+00:00,420.25,404.25
2023-06-18 00:00:00+00:00,460.0,397.75
2023-06-18 01:00:00+00:00,567.0,457.25
2023-06-18 02:00:00+00:00,688.5,455.75
2023-06-18 03:00:00+00:00,662.0,384.75
2023-06-18 04:00:00+00:00,403.25,353.0
2023-06-18 05:00:00+00:00,262.5,267.0
2023-06-18 06:00:00+00:00,258.75,183.25
2023-06-18 07:00:00+00:00,190.0,148.75
2023-06-18 08:00:00+00:00,159.75,110.75
2023-06-18 09:00:00+00:00,197.25,110.0
2023-06-18 10:00:00+00:00,210.25,124.5
2023-06-18 11:00:00+00:00,343.25,120.0
2023-06-18 12:00:00+00:00,243.0,152.0
2023-06-18 13:00:00+00:00,193.5,200.25
2023-06-18 14:00:00+00:00,222.75,279.5
2023-06-18 15:00:00+00:00,290.75,447.25
2023-06-18 16:00:00+00:00,516.25,562.75
2023-06-18 17:00:00+00:00,765.0,640.75
2023-06-18 18:00:00+00:00,942.75,536.75
2023-06-18 19:00:00+00:00,1016.5,625.0
2023-06-18 20:00:00+00:00,1189.75,802.5
2023-06-18 21:00:00+00:00,1075.25,1048.5
2023-06-18 22:00:00+00:00,1110.75,1211.5
2023-06-18 23:00:00+00:00,1294.5,1433.75
2023-06-19 00:00:00+00:00,1264.5,1372.5
2023-06-19 01:00:00+00:00,1630.0,1373.0
2023-06-19 02:00:00+00:00,1589.5,1385.25
2023-06-19 03:00:00+00:00,1970.75,1547.75
2023-06-19 04:00:00+00:00,2060.25,1628.75
2023-06-19 05:00:00+00:00,1683.75,1669.0
2023-06-19 06:00:00+00:00,1193.0,1606.5
2023-06-19 07:00:00+00:00,1285.25,1529.5
2023-06-19 08:00:00+00:00,1144.0,1339.5
2023-06-19 09:00:00+00:00,1083.25,1132.75
2023-06-19 10:00:00+00:00,1098.75,1027.75
2023-06-19 11:00:00+00:00,1144.5,726.5
2023-06-19 12:00:00+00:00,938.75,576.75
2023-06-19 13:00:00+00:00,764.5,516.75
2023-06-19 14:00:00+00:00,645.25,367.5
2023-06-19 15:00:00+00:00,519.0,242.5
2023-06-19 16:00:00+00:00,334.0,159.25
2023-06-19 17:00:00+00:00,164.75,87.5
2023-06-19 18:00:00+00:00,96.0,50.5
2023-06-19 19:00:00+00:00,51.0,52.25
2023-06-19 20:00:00+00:00,23.25,99.25
2023-06-19 21:00:00+00:00,56.75,129.5
2023-06-19 22:00:00+00:00,178.75,208.0
2023-06-19 23:00:00+00:00,321.0,287.5
2023-06-20 00:00:00+00:00,461.5,440.5
2023-06-20 01:00:00+00:00,546.5,578.75
2023-06-20 02:00:00+00:00,484.5,670.75
2023-06-20 03:00:00+00:00,466.75,703.0
2023-06-20 04:00:00+00:00,532.0,651.75
2023-06-20 05:00:00+00:00,618.5,507.75
2023-06-20 06:00:00+00:00,548.25,450.5
2023-06-20 07:00:00+00:00,412.0,325.0
2023-06-20 08:00:00+00:00,385.5,358.75
2023-06-20 09:00:00+00:00,546.25,354.0
2023-06-20 10:00:00+00:00,643.25,442.5
2023-06-20 11:00:00+00:00,478.5,451.75
2023-06-20 12:00:00+00:00,670.5,363.75
2023-06-20 13:00:00+00:00,431.75,435.0
2023-06-20 14:00:00+00:00,735.25,566.25
2023-06-20 15:00:00+00:00,670.75,293.0
2023-06-20 16:00:00+00:00,934.75,820.25
2023-06-20 17:00:00+00:00,970.5,373.75
2023-06-20 18:00:00+00:00,981.25,81.25
2023-06-20 19:00:00+00:00,950.5,176.5
2023-06-20 20:00:00+00:00,985.25,313.75
2023-06-20 21:00:00+00:00,1110.0,480.0
2023-06-20 22:00:00+00:00,1227.25,553.0
2023-06-20 23:00:00+00:00,1215.75,678.5
2023-06-21 00:00:00+00:00,1326.25,897.5
2023-06-21 01:00:00+00:00,1174.25,934.75
2023-06-21 02:00:00+00:00,909.75,739.75
2023-06-21 03:00:00+00:00,816.25,614.25
2023-06-21 04:00:00+00:00,827.25,444.0
2023-06-21 05:00:00+00:00,813.0,383.75
2023-06-21 06:00:00+00:00,778.75,348.0
2023-06-21 07:00:00+00:00,752.0,306.25
2023-06-21 08:00:00+00:00,896.5,327.0
2023-06-21 09:00:00+00:00,965.0,372.75
2023-06-21 10:00:00+00:00,854.0,445.75
2023-06-21 11:00:00+00:00,632.5,514.0
2023-06-21 12:00:00+00:00,423.5,479.5
2023-06-21 13:00:00+00:00,251.5,469.0
2023-06-21 14:00:00+00:00,174.0,412.0
2023-06-21 15:00:00+00:00,141.25,340.75
2023-06-21 16:00:00+00:00,153.5,291.0
2023-06-21 17:00:00+00:00,162.0,253.25
2023-06-21 18:00:00+00:00,95.0,141.75
2023-06-21 19:00:00+00:00,58.25,66.5
2023-06-21 20:00:00+00:00,58.25,45.25
2023-06-21 21:00:00+00:00,30.0,32.0
2023-06-21 22:00:00+00:00,5.75,36.75
2023-06-21 23:00:00+00:00,0.0,43.5
2023-06-22 00:00:00+00:00,14.25,57.0
2023-06-22 01:00:00+00:00,18.25,62.25
2023-06-22 02:00:00+00:00,1.75,77.25
2023-06-22 03:00:00+00:00,2.25,106.5
2023-06-22 04:00:00+00:00,7.25,174.25
2023-06-22 05:00:00+00:00,24.0,174.0
2023-06-22 06:00:00+00:00,34.75,146.25
2023-06-22 07:00:00+00:00,43.75,206.75
2023-06-22 08:00:00+00:00,55.0,239.0
2023-06-22 09:00:00+00:00,101.0,266.5
2023-06-22 10:00:00+00:00,175.75,281.25
2023-06-22 11:00:00+00:00,278.75,306.75
2023-06-22 12:00:00+00:00,508.25,476.5
2023-06-22 13:00:00+00:00,718.5,565.0
2023-06-22 14:00:00+00:00,996.0,683.25
2023-06-22 15:00:00+00:00,1212.5,713.75
2023-06-22 16:00:00+00:00,1372.0,774.0
2023-06-22 17:00:00+00:00,1254.25,823.5
2023-06-22 18:00:00+00:00,1169.25,885.25
2023-06-22 19:00:00+00:00,983.5,1054.0
2023-06-22 20:00:00+00:00,823.0,1168.25
2023-06-22 21:00:00+00:00,659.75,1103.0
2023-06-22 22:00:00+00:00,584.0,1027.0
2023-06-22 23:00:00+00:00,504.75,887.75
2023-06-23 00:00:00+00:00,360.0,705.25
2023-06-23 01:00:00+00:00,241.25,601.25
2023-06-23 02:00:00+00:00,212.25,469.25
2023-06-23 03:00:00+00:00,109.75,312.0
2023-06-23 04:00:00+00:00,97.5,311.5
2023-06-23 05:00:00+00:00,99.0,292.5
2023-06-23 06:00:00+00:00,122.25,249.5
2023-06-23 07:00:00+00:00,69.25,232.0
2023-06-23 08:00:00+00:00,66.75,226.75
2023-06-23 09:00:00+00:00,53.75,247.75
2023-06-23 10:00:00+00:00,73.25,248.5
2023-06-23 11:00:00+00:00,74.25,246.75
2023-06-23 12:00:00+00:00,114.25,252.0
2023-06-23 13:00:00+00:00,109.5,279.0
2023-06-23 14:00:00+00:00,141.25,289.5
2023-06-23 15:00:00+00:00,168.5,266.5
2023-06-23 16:00:00+00:00,158.0,198.25
2023-06-23 17:00:00+00:00,189.5,105.25
2023-06-23 18:00:00+00:00,244.5,68.5
2023-06-23 19:00:00+00:00,258.5,87.5
2023-06-23 20:00:00+00:00,324.25,112.75
2023-06-23 21:00:00+00:00,375.5,115.75
2023-06-23 22:00:00+00:00,354.5,141.5
2023-06-23 23:00:00+00:00,284.0,183.5
2023-06-24 00:00:00+00:00,255.0,206.5
2023-06-24 01:00:00+00:00,268.25,226.0
2023-06-24 02:00:00+00:00,258.75,237.25
2023-06-24 03:00:00+00:00,280.5,199.25
2023-06-24 04:00:00+00:00,348.5,167.75
2023-06-24 05:00:00+00:00,287.0,182.5
2023-06-24 06:00:00+00:00,184.5,169.5
2023-06-24 07:00:00+00:00,134.0,130.25
2023-06-24 08:00:00+00:00,174.25,152.0
2023-06-24 09:00:00+00:00,151.5,185.5
2023-06-24 10:00:00+00:00,145.0,223.75
2023-06-24 11:00:00+00:00,113.25,231.25
2023-06-24 12:00:00+00:00,103.0,187.5
2023-06-24 13:00:00+00:00,57.75,143.25
2023-06-24 14:00:00+00:00,31.75,171.5
2023-06-24 15:00:00+00:00,13.0,142.25
2023-06-24 16:00:00+00:00,1.0,138.75
2023-06-24 17:00:00+00:00,8.25,91.5
2023-06-24 18:00:00+00:00,0.5,58.5
2023-06-24 19:00:00+00:00,0.0,44.75
2023-06-24 20:00:00+00:00,1.25,62.25
2023-06-24 21:00:00+00:00,15.0,116.75
2023-06-24 22:00:00+00:00,18.0,218.0
2023-06-24 23:00:00+00:00,32.75,252.75
2023-06-25 00:00:00+00:00,141.75,321.0
2023-06-25 01:00:00+00:00,278.0,435.75
2023-06-25 02:00:00+00:00,342.25,487.75
2023-06-25 03:00:00+00:00,240.75,444.5
2023-06-25 04:00:00+00:00,146.25,340.0
2023-06-25 05:00:00+00:00,110.75,227.0
2023-06-25 06:00:00+00:00,79.5,112.75
2023-06-25 07:00:00+00:00,69.5,91.25
2023-06-25 08:00:00+00:00,73.25,117.5
2023-06-25 09:00:00+00:00,72.5,136.25
2023-06-25 10:00:00+00:00,80.75,158.25
2023-06-25 11:00:00+00:00,58.75,172.5
2023-06-25 12:00:00+00:00,63.5,201.75
2023-06-25 13:00:00+00:00,78.75,222.0
2023-06-25 14:00:00+00:00,76.25,231.25
2023-06-25 15:00:00+00:00,101.75,226.75
2023-06-25 16:00:00+00:00,141.25,248.5
2023-06-25 17:00:00+00:00,112.0,245.25
2023-06-25 18:00:00+00:00,173.0,241.5
2023-06-25 19:00:00+00:00,433.75,295.0
2023-06-25 20:00:00+00:00,681.5,389.25
2023-06-25 21:00:00+00:00,940.25,569.75
2023-06-25 22:00:00+00:00,1604.25,759.25
2023-06-25 23:00:00+00:00,1953.0,1011.5
2023-06-26 00:00:00+00:00,2029.5,1114.25
2023-06-26 01:00:00+00:00,1963.0,1337.0
2023-06-26 02:00:00+00:00,1688.0,1285.0
2023-06-26 03:00:00+00:00,1405.0,1093.5
2023-06-26 04:00:00+00:00,1664.75,1269.75
2023-06-26 05:00:00+00:00,1659.0,1349.25
2023-06-26 06:00:00+00:00,1585.25,1492.5
2023-06-26 07:00:00+00:00,1402.75,1329.0
2023-06-26 08:00:00+00:00,1188.5,1173.25
2023-06-26 09:00:00+00:00,1017.0,1200.0
2023-06-26 10:00:00+00:00,911.5,1313.25
2023-06-26 11:00:00+00:00,775.0,1422.5
2023-06-26 12:00:00+00:00,679.0,1415.5
2023-06-26 13:00:00+00:00,600.5,1258.0
2023-06-26 14:00:00+00:00,566.0,1207.25
2023-06-26 15:00:00+00:00,514.75,1074.25
2023-06-26 16:00:00+00:00,506.75,935.25
2023-06-26 17:00:00+00:00,583.0,775.75
2023-06-26 18:00:00+00:00,600.0,610.0
2023-06-26 19:00:00+00:00,635.0,574.0
2023-06-26 20:00:00+00:00,668.0,582.5
2023-06-26 21:00:00+00:00,784.0,589.75
2023-06-26 22:00:00+00:00,799.75,636.25
2023-06-26 23:00:00+00:00,758.25,613.0
2023-06-27 00:00:00+00:00,866.0,533.5
2023-06-27 01:00:00+00:00,679.0,553.75
2023-06-27 02:00:00+00:00,706.5,533.25
2023-06-27 03:00:00+00:00,598.25,453.75
2023-06-27 04:00:00+00:00,445.75,385.0
2023-06-27 05:00:00+00:00,338.75,319.75
2023-06-27 06:00:00+00:00,324.25,332.5
2023-06-27 07:00:00+00:00,340.5,402.25
2023-06-27 08:00:00+00:00,316.25,454.75
2023-06-27 09:00:00+00:00,310.75,603.0
2023-06-27 10:00:00+00:00,183.25,747.0
2023-06-27 11:00:00+00:00,205.5,843.0
2023-06-27 12:00:00+00:00,189.5,970.0
2023-06-27 13:00:00+00:00,184.25,923.0
2023-06-27 14:00:00+00:00,180.75,808.0
2023-06-27 15:00:00+00:00,216.75,742.25
2023-06-27 16:00:00+00:00,416.25,567.75
2023-06-27 17:00:00+00:00,367.5,399.0
2023-06-27 18:00:00+00:00,291.0,243.0
2023-06-27 19:00:00+00:00,178.75,251.25
2023-06-27 20:00:00+00:00,185.5,287.5
2023-06-27 21:00:00+00:00,229.25,272.75
2023-06-27 22:00:00+00:00,376.75,205.75
2023-06-27 23:00:00+00:00,448.75,139.25
2023-06-28 00:00:00+00:00,406.0,144.0
2023-06-28 01:00:00+00:00,362.25,149.0
2023-06-28 02:00:00+00:00,385.5,191.75
2023-06-28 03:00:00+00:00,293.25,242.0
2023-06-28 04:00:00+00:00,292.5,293.0
2023-06-28 05:00:00+00:00,325.0,308.25
2023-06-28 06:00:00+00:00,318.0,310.75
2023-06-28 07:00:00+00:00,373.0,290.25
2023-06-28 08:00:00+00:00,417.25,315.0
2023-06-28 09:00:00+00:00,381.25,303.0
2023-06-28 10:00:00+00:00,432.0,288.5
2023-06-28 11:00:00+00:00,490.75,274.25
2023-06-28 12:00:00+00:00,512.0,302.25
2023-06-28 13:00:00+00:00,562.5,277.25
2023-06-28 14:00:00+00:00,549.0,259.75
2023-06-28 15:00:00+00:00,535.75,235.75
2023-06-28 16:00:00+00:00,572.5,223.25
2023-06-28 17:00:00+00:00,602.0,164.25
2023-06-28 18:00:00+00:00,548.25,114.0
2023-06-28 19:00:00+00:00,542.0,80.5
2023-06-28 20:00:00+00:00,630.25,53.75
2023-06-28 21:00:00+00:00,678.0,69.25
2023-06-28 22:00:00+00:00,696.75,161.5
2023-06-28 23:00:00+00:00,695.0,203.25
2023-06-29 00:00:00+00:00,760.5,207.0
2023-06-29 01:00:00+00:00,893.75,296.0
2023-06-29 02:00:00+00:00,899.0,310.25
2023-06-29 03:00:00+00:00,894.5,287.25
2023-06-29 04:00:00+00:00,850.75,260.75
2023-06-29 05:00:00+00:00,765.25,281.5
2023-06-29 06:00:00+00:00,644.75,315.0
2023-06-29 07:00:00+00:00,688.5,351.75
2023-06-29 08:00:00+00:00,715.75,453.75
2023-06-29 09:00:00+00:00,561.5,534.5
2023-06-29 10:00:00+00:00,460.5,622.0
2023-06-29 11:00:00+00:00,497.0,678.25
2023-06-29 12:00:00+00:00,951.25,782.0
2023-06-29 13:00:00+00:00,1695.25,653.0
2023-06-29 14:00:00+00:00,1410.5,1015.75
2023-06-29 15:00:00+00:00,1054.5,1170.0
2023-06-29 16:00:00+00:00,836.25,1108.5
2023-06-29 17:00:00+00:00,708.25,958.0
2023-06-29 18:00:00+00:00,392.5,754.25
2023-06-29 19:00:00+00:00,327.5,531.75
2023-06-29 20:00:00+00:00,209.5,423.0
2023-06-29 21:00:00+00:00,128.75,387.25
2023-06-29 22:00:00+00:00,92.75,376.0
2023-06-29 23:00:00+00:00,95.75,381.25
2023-06-30 00:00:00+00:00,173.75,410.0
2023-06-30 01:00:00+00:00,226.0,408.25
2023-06-30 02:00:00+00:00,223.0,420.75
2023-06-30 03:00:00+00:00,158.5,367.75
2023-06-30 04:00:00+00:00,154.25,297.5
2023-06-30 05:00:00+00:00,129.75,280.5
2023-06-30 06:00:00+00:00,217.75,273.0
2023-06-30 07:00:00+00:00,360.0,299.5
2023-06-30 08:00:00+00:00,628.0,320.25
2023-06-30 09:00:00+00:00,767.0,376.0
2023-06-30 10:00:00+00:00,812.75,546.0
2023-06-30 11:00:00+00:00,954.75,622.75
2023-06-30 12:00:00+00:00,1458.25,558.75
2023-06-30 13:00:00+00:00,2065.0,631.25
2023-06-30 14:00:00+00:00,2146.5,1055.0
2023-06-30 15:00:00+00:00,2273.75,1293.0
2023-06-30 16:00:00+00:00,2362.5,1344.75
2023-06-30 17:00:00+00:00,2519.25,1442.75
2023-06-30 18:00:00+00:00,2765.25,1402.25
2023-06-30 19:00:00+00:00,2712.25,1246.75
2023-06-30 20:00:00+00:00,2731.75,1230.75
2023-06-30 21:00:00+00:00,2758.25,1302.0
2023-06-30 22:00:00+00:00,2787.5,1465.0
2023-06-30 23:00:00+00:00,2839.5,1668.5
2023-07-01 00:00:00+00:00,2837.25,1830.5
2023-07-01 01:00:00+00:00,2804.5,1899.0
2023-07-01 02:00:00+00:00,2462.75,1911.0
2023-07-01 03:00:00+00:00,2524.75,1879.75
2023-07-01 04:00:00+00:00,2269.25,1748.25
2023-07-01 05:00:00+00:00,2070.0,1721.5
2023-07-01 06:00:00+00:00,1899.0,1520.25
2023-07-01 07:00:00+00:00,1621.0,1451.5
2023-07-01 08:00:00+00:00,1567.75,1427.75
2023-07-01 09:00:00+00:00,1395.25,1211.5
2023-07-01 10:00:00+00:00,1098.5,1124.75
2023-07-01 11:00:00+00:00,943.75,1073.5
2023-07-01 12:00:00+00:00,818.5,1062.75
2023-07-01 13:00:00+00:00,787.25,1351.25
2023-07-01 14:00:00+00:00,1062.25,1350.25
2023-07-01 15:00:00+00:00,1225.0,1372.75
2023-07-01 16:00:00+00:00,1175.5,1400.25
2023-07-01 17:00:00+00:00,972.0,1366.25
2023-07-01 18:00:00+00:00,977.25,1186.75
2023-07-01 19:00:00+00:00,1043.75,1115.5
2023-07-01 20:00:00+00:00,1275.25,1102.0
2023-07-01 21:00:00+00:00,1382.75,1182.25
2023-07-01 22:00:00+00:00,1408.5,1389.5
2023-07-01 23:00:00+00:00,1485.0,1384.75
2023-07-02 00:00:00+00:00,1667.75,1401.0
2023-07-02 01:00:00+00:00,1729.0,1447.75
2023-07-02 02:00:00+00:00,1758.25,1283.75
2023-07-02 03:00:00+00:00,1999.75,1209.25
2023-07-02 04:00:00+00:00,1919.25,1221.5
2023-07-02 05:00:00+00:00,1639.25,1406.5
2023-07-02 06:00:00+00:00,1668.0,1754.5
2023-07-02 07:00:00+00:00,1497.25,1333.75
2023-07-02 08:00:00+00:00,1423.0,1223.25
2023-07-02 09:00:00+00:00,1343.25,1138.75
2023-07-02 10:00:00+00:00,1278.5,1137.5
2023-07-02 11:00:00+00:00,1170.5,1255.25
2023-07-02 12:00:00+00:00,1179.75,1223.25
2023-07-02 13:00:00+00:00,1054.5,1088.5
2023-07-02 14:00:00+00:00,1283.5,1084.5
2023-07-02 15:00:00+00:00,1520.5,1259.5
2023-07-02 16:00:00+00:00,2001.0,1569.5
2023-07-02 17:00:00+00:00,2575.75,1826.0
2023-07-02 18:00:00+00:00,2486.25,1810.5
2023-07-02 19:00:00+00:00,2236.25,1748.5
2023-07-02 20:00:00+00:00,1963.25,1608.0
2023-07-02 21:00:00+00:00,1971.5,1499.5
2023-07-02 22:00:00+00:00,2110.75,1421.75
2023-07-02 23:00:00+00:00,2146.0,1479.75
2023-07-03 00:00:00+00:00,2046.5,1552.0
2023-07-03 01:00:00+00:00,2128.25,1542.75
2023-07-03 02:00:00+00:00,2112.25,1498.25
2023-07-03 03:00:00+00:00,2148.25,1467.25
2023-07-03 04:00:00+00:00,2187.75,1434.0
2023-07-03 05:00:00+00:00,1733.5,1223.75
2023-07-03 06:00:00+00:00,1701.0,1228.0
2023-07-03 07:00:00+00:00,1799.25,1296.5
2023-07-03 08:00:00+00:00,1865.25,1532.25
2023-07-03 09:00:00+00:00,1593.25,1667.0
2023-07-03 10:00:00+00:00,1735.5,1719.25
2023-07-03 11:00:00+00:00,1809.0,1546.0
2023-07-03 12:00:00+00:00,1998.75,1603.5
2023-07-03 13:00:00+00:00,1978.75,1515.0
2023-07-03 14:00:00+00:00,2117.75,1609.5
2023-07-03 15:00:00+00:00,2843.75,2141.5
2023-07-03 16:00:00+00:00,2882.75,2188.75
2023-07-03 17:00:00+00:00,2849.75,2145.25
2023-07-03 18:00:00+00:00,2927.5,2256.25
2023-07-03 19:00:00+00:00,2897.75,2189.25
2023-07-03 20:00:00+00:00,2753.0,2172.75
2023-07-03 21:00:00+00:00,2611.75,1932.75
2023-07-03 22:00:00+00:00,2594.5,1790.5
2023-07-03 23:00:00+00:00,2421.5,1545.0
2023-07-04 00:00:00+00:00,2277.75,1375.25
2023-07-04 01:00:00+00:00,2235.0,1352.5
2023-07-04 02:00:00+00:00,2319.0,1295.25
2023-07-04 03:00:00+00:00,2340.0,1323.5
2023-07-04 04:00:00+00:00,2000.0,1288.5
2023-07-04 05:00:00+00:00,1923.5,1158.0
2023-07-04 06:00:00+00:00,1805.5,1059.25
2023-07-04 07:00:00+00:00,1759.25,1142.25
2023-07-04 08:00:00+00:00,1623.75,1261.5
2023-07-04 09:00:00+00:00,1323.5,1295.25
2023-07-04 10:00:00+00:00,1289.75,1330.25
2023-07-04 11:00:00+00:00,1495.5,1258.0
2023-07-04 12:00:00+00:00,1340.25,1231.5
2023-07-04 13:00:00+00:00,1225.75,1138.75
2023-07-04 14:00:00+00:00,1022.25,853.75
2023-07-04 15:00:00+00:00,725.5,631.5
2023-07-04 16:00:00+00:00,435.0,337.75
2023-07-04 17:00:00+00:00,273.0,138.0
2023-07-04 18:00:00+00:00,169.75,74.25
2023-07-04 19:00:00+00:00,123.0,115.5
2023-07-04 20:00:00+00:00,319.25,322.0
2023-07-04 21:00:00+00:00,853.0,713.75
2023-07-04 22:00:00+00:00,1350.75,907.5
2023-07-04 23:00:00+00:00,1792.5,1206.0
2023-07-05 00:00:00+00:00,2307.0,1444.75
2023-07-05 01:00:00+00:00,2146.25,1774.25
2023-07-05 02:00:00+00:00,2544.5,1821.0
2023-07-05 03:00:00+00:00,2669.25,2026.25
2023-07-05 04:00:00+00:00,2595.75,2221.0
2023-07-05 05:00:00+00:00,2130.25,2285.0
2023-07-05 06:00:00+00:00,2110.0,2203.25
2023-07-05 07:00:00+00:00,2165.75,1909.0
2023-07-05 08:00:00+00:00,1962.75,1724.25
2023-07-05 09:00:00+00:00,1832.5,1843.75
2023-07-05 10:00:00+00:00,1920.75,1858.25
2023-07-05 11:00:00+00:00,1631.75,1900.5
2023-07-05 12:00:00+00:00,1115.25,2008.75
2023-07-05 13:00:00+00:00,1386.75,1890.25
2023-07-05 14:00:00+00:00,1605.5,1838.5
2023-07-05 15:00:00+00:00,2009.25,1755.75
2023-07-05 16:00:00+00:00,1934.25,1737.5
2023-07-05 17:00:00+00:00,1457.25,1750.0
2023-07-05 18:00:00+00:00,1347.75,1262.5
2023-07-05 19:00:00+00:00,836.25,915.25
2023-07-05 20:00:00+00:00,824.0,844.75
2023-07-05 21:00:00+00:00,1009.75,854.5
2023-07-05 22:00:00+00:00,1169.5,942.0
2023-07-05 23:00:00+00:00,1063.25,1056.75
2023-07-06 00:00:00+00:00,989.0,918.0
2023-07-06 01:00:00+00:00,901.5,798.5
2023-07-06 02:00:00+00:00,774.25,640.0
2023-07-06 03:00:00+00:00,676.75,573.25
2023-07-06 04:00:00+00:00,594.5,484.0
2023-07-06 05:00:00+00:00,527.5,415.0
2023-07-06 06:00:00+00:00,487.0,345.75
2023-07-06 07:00:00+00:00,511.0,382.5
2023-07-06 08:00:00+00:00,528.0,426.5
2023-07-06 09:00:00+00:00,532.0,460.5
2023-07-06 10:00:00+00:00,527.0,483.25
2023-07-06 11:00:00+00:00,569.25,540.25
2023-07-06 12:00:00+00:00,547.0,524.5
2023-07-06 13:00:00+00:00,372.0,564.5
2023-07-06 14:00:00+00:00,278.25,564.5
2023-07-06 15:00:00+00:00,230.25,387.5
2023-07-06 16:00:00+00:00,160.0,242.75
2023-07-06 17:00:00+00:00,88.75,134.0
2023-07-06 18:00:00+00:00,64.25,59.75
2023-07-06 19:00:00+00:00,98.5,39.75
2023-07-06 20:00:00+00:00,122.75,24.25
2023-07-06 21:00:00+00:00,190.75,39.0
2023-07-06 22:00:00+00:00,223.25,74.5
2023-07-06 23:00:00+00:00,174.0,195.75
2023-07-07 00:00:00+00:00,186.5,305.5
2023-07-07 01:00:00+00:00,256.5,474.0
2023-07-07 02:00:00+00:00,268.5,674.0
2023-07-07 03:00:00+00:00,350.5,761.0
2023-07-07 04:00:00+00:00,577.75,768.5
2023-07-07 05:00:00+00:00,650.75,723.5
2023-07-07 06:00:00+00:00,690.25,455.75
2023-07-07 07:00:00+00:00,594.5,303.25
2023-07-07 08:00:00+00:00,535.25,342.0
2023-07-07 09:00:00+00:00,512.0,429.25
2023-07-07 10:00:00+00:00,666.75,356.0
2023-07-07 11:00:00+00:00,612.25,301.5
2023-07-07 12:00:00+00:00,315.75,300.0
2023-07-07 13:00:00+00:00,245.0,262.5
2023-07-07 14:00:00+00:00,311.25,259.5
2023-07-07 15:00:00+00:00,421.0,304.0
2023-07-07 16:00:00+00:00,588.25,313.75
2023-07-07 17:00:00+00:00,815.0,311.0
2023-07-07 18:00:00+00:00,1100.75,375.25
2023-07-07 19:00:00+00:00,1174.0,581.0
2023-07-07 20:00:00+00:00,1352.25,965.75
2023-07-07 21:00:00+00:00,1671.25,1386.5
2023-07-07 22:00:00+00:00,1971.5,1613.5
2023-07-07 23:00:00+00:00,2171.25,1566.0
2023-07-08 00:00:00+00:00,2218.0,1506.5
2023-07-08 01:00:00+00:00,2078.25,1463.5
2023-07-08 02:00:00+00:00,1738.25,1370.75
2023-07-08 03:00:00+00:00,1256.75,1264.25
2023-07-08 04:00:00+00:00,991.0,1069.5
2023-07-08 05:00:00+00:00,860.75,919.0
2023-07-08 06:00:00+00:00,723.0,584.75
2023-07-08 07:00:00+00:00,633.0,386.25
2023-07-08 08:00:00+00:00,455.25,303.5
2023-07-08 09:00:00+00:00,359.0,288.5
2023-07-08 10:00:00+00:00,294.5,265.0
2023-07-08 11:00:00+00:00,275.25,270.25
2023-07-08 12:00:00+00:00,313.0,303.75
2023-07-08 13:00:00+00:00,312.75,272.0
2023-07-08 14:00:00+00:00,302.75,233.0
2023-07-08 15:00:00+00:00,306.5,174.25
2023-07-08 16:00:00+00:00,321.75,161.75
2023-07-08 17:00:00+00:00,337.75,124.75
2023-07-08 18:00:00+00:00,330.25,125.75
2023-07-08 19:00:00+00:00,345.0,155.25
2023-07-08 20:00:00+00:00,345.0,176.75
2023-07-08 21:00:00+00:00,327.5,263.0
2023-07-08 22:00:00+00:00,305.5,357.5
2023-07-08 23:00:00+00:00,302.5,306.0
2023-07-09 00:00:00+00:00,312.25,222.25
2023-07-09 01:00:00+00:00,339.0,229.75
2023-07-09 02:00:00+00:00,390.75,176.5
2023-07-09 03:00:00+00:00,561.25,143.75
2023-07-09 04:00:00+00:00,602.75,175.25
2023-07-09 05:00:00+00:00,669.5,251.5
2023-07-09 06:00:00+00:00,559.75,307.75
2023-07-09 07:00:00+00:00,314.75,355.0
2023-07-09 08:00:00+00:00,86.5,272.25
2023-07-09 09:00:00+00:00,77.5,240.25
2023-07-09 10:00:00+00:00,202.25,259.0
2023-07-09 11:00:00+00:00,499.25,386.75
2023-07-09 12:00:00+00:00,726.0,370.75
2023-07-09 13:00:00+00:00,529.0,923.25
2023-07-09 14:00:00+00:00,430.25,1190.25
2023-07-09 15:00:00+00:00,512.25,800.75
2023-07-09 16:00:00+00:00,429.0,666.5
2023-07-09 17:00:00+00:00,39.75,536.5
2023-07-09 18:00:00+00:00,29.5,215.75
2023-07-09 19:00:00+00:00,34.5,113.0
2023-07-09 20:00:00+00:00,74.25,85.75
2023-07-09 21:00:00+00:00,113.25,141.5
2023-07-09 22:00:00+00:00,146.0,260.25
2023-07-09 23:00:00+00:00,255.0,283.0
2023-07-10 00:00:00+00:00,475.25,232.5
2023-07-10 01:00:00+00:00,636.5,339.5
2023-07-10 02:00:00+00:00,596.25,399.75
2023-07-10 03:00:00+00:00,587.0,410.75
2023-07-10 04:00:00+00:00,609.5,415.75
2023-07-10 05:00:00+00:00,570.75,440.25
2023-07-10 06:00:00+00:00,568.0,402.5
2023-07-10 07:00:00+00:00,424.25,488.5
2023-07-10 08:00:00+00:00,379.5,510.75
2023-07-10 09:00:00+00:00,329.0,553.75
2023-07-10 10:00:00+00:00,365.25,631.75
2023-07-10 11:00:00+00:00,343.25,696.0
2023-07-10 12:00:00+00:00,224.0,707.25
2023-07-10 13:00:00+00:00,146.5,500.5
2023-07-10 14:00:00+00:00,139.0,336.25
2023-07-10 15:00:00+00:00,148.5,226.25
2023-07-10 16:00:00+00:00,138.25,153.75
2023-07-10 17:00:00+00:00,153.0,120.0
2023-07-10 18:00:00+00:00,169.75,103.75
2023-07-10 19:00:00+00:00,224.0,82.75
2023-07-10 20:00:00+00:00,347.0,86.75
2023-07-10 21:00:00+00:00,347.75,114.75
2023-07-10 22:00:00+00:00,363.5,131.25
2023-07-10 23:00:00+00:00,491.25,141.25
2023-07-11 00:00:00+00:00,619.0,147.75
2023-07-11 01:00:00+00:00,716.5,165.75
2023-07-11 02:00:00+00:00,1025.75,234.0
2023-07-11 03:00:00+00:00,1566.75,328.5
2023-07-11 04:00:00+00:00,1943.25,481.75
2023-07-11 05:00:00+00:00,2247.5,760.0
2023-07-11 06:00:00+00:00,2107.0,814.25
2023-07-11 07:00:00+00:00,2101.75,919.75
2023-07-11 08:00:00+00:00,2126.25,1011.75
2023-07-11 09:00:00+00:00,2111.5,1197.25
2023-07-11 10:00:00+00:00,1795.25,1310.25
2023-07-11 11:00:00+00:00,1729.25,1297.0
2023-07-11 12:00:00+00:00,2179.25,1276.25
2023-07-11 13:00:00+00:00,2406.0,1004.5
2023-07-11 14:00:00+00:00,2364.5,867.5
2023-07-11 15:00:00+00:00,2460.25,860.75
2023-07-11 16:00:00+00:00,2323.0,731.25
2023-07-11 17:00:00+00:00,1828.5,830.0
2023-07-11 18:00:00+00:00,1709.0,650.0
2023-07-11 19:00:00+00:00,1343.5,665.5
2023-07-11 20:00:00+00:00,1328.25,532.0
2023-07-11 21:00:00+00:00,1158.75,425.75
2023-07-11 22:00:00+00:00,1824.25,495.75
2023-07-11 23:00:00+00:00,2058.25,799.0
2023-07-12 00:00:00+00:00,2270.75,839.5
2023-07-12 01:00:00+00:00,2398.75,1034.5
2023-07-12 02:00:00+00:00,2296.0,1066.75
2023-07-12 03:00:00+00:00,1950.25,1359.75
2023-07-12 04:00:00+00:00,1793.0,1434.75
2023-07-12 05:00:00+00:00,1591.0,1512.5
2023-07-12 06:00:00+00:00,1323.25,1519.5
2023-07-12 07:00:00+00:00,1037.75,1431.75
2023-07-12 08:00:00+00:00,904.0,1521.25
2023-07-12 09:00:00+00:00,956.25,1468.5
2023-07-12 10:00:00+00:00,1261.0,1458.5
2023-07-12 11:00:00+00:00,1281.0,1486.0
2023-07-12 12:00:00+00:00,1793.5,1346.75
2023-07-12 13:00:00+00:00,1953.0,1421.25
2023-07-12 14:00:00+00:00,2548.5,1550.0
2023-07-12 15:00:00+00:00,2697.75,1593.0
2023-07-12 16:00:00+00:00,2648.5,1632.5
2023-07-12 17:00:00+00:00,2620.0,1533.75
2023-07-12 18:00:00+00:00,2724.25,1392.25
2023-07-12 19:00:00+00:00,2644.5,1377.75
2023-07-12 20:00:00+00:00,2223.75,1398.0
2023-07-12 21:00:00+00:00,1611.25,1530.25
2023-07-12 22:00:00+00:00,1170.0,1240.0
2023-07-12 23:00:00+00:00,1097.5,1014.75
2023-07-13 00:00:00+00:00,1494.0,1223.0
2023-07-13 01:00:00+00:00,1549.0,1093.5
2023-07-13 02:00:00+00:00,1334.0,1070.5
2023-07-13 03:00:00+00:00,986.25,991.75
2023-07-13 04:00:00+00:00,960.25,889.0
2023-07-13 05:00:00+00:00,898.0,804.0
2023-07-13 06:00:00+00:00,931.25,787.0
2023-07-13 07:00:00+00:00,1049.5,1082.25
2023-07-13 08:00:00+00:00,1091.75,1082.75
2023-07-13 09:00:00+00:00,1077.5,1119.5
2023-07-13 10:00:00+00:00,989.75,1341.25
2023-07-13 11:00:00+00:00,988.25,1472.25
2023-07-13 12:00:00+00:00,1345.5,1505.0
2023-07-13 13:00:00+00:00,1480.25,1390.25
2023-07-13 14:00:00+00:00,1614.75,1174.25
2023-07-13 15:00:00+00:00,1429.25,1064.5
2023-07-13 16:00:00+00:00,1585.75,899.0
2023-07-13 17:00:00+00:00,1415.75,776.75
2023-07-13 18:00:00+00:00,1658.25,614.0
2023-07-13 19:00:00+00:00,1611.25,508.75
2023-07-13 20:00:00+00:00,1456.25,425.5
2023-07-13 21:00:00+00:00,1499.25,415.0
2023-07-13 22:00:00+00:00,1416.0,489.5
2023-07-13 23:00:00+00:00,1269.5,510.25
2023-07-14 00:00:00+00:00,1080.75,591.75
2023-07-14 01:00:00+00:00,885.75,635.0
2023-07-14 02:00:00+00:00,669.25,598.0
2023-07-14 03:00:00+00:00,525.0,537.5
2023-07-14 04:00:00+00:00,486.0,477.0
2023-07-14 05:00:00+00:00,514.25,438.25
2023-07-14 06:00:00+00:00,447.5,410.75
2023-07-14 07:00:00+00:00,408.0,447.5
2023-07-14 08:00:00+00:00,511.25,410.25
2023-07-14 09:00:00+00:00,394.5,400.75
2023-07-14 10:00:00+00:00,358.5,381.75
2023-07-14 11:00:00+00:00,222.5,346.5
2023-07-14 12:00:00+00:00,251.25,233.0
2023-07-14 13:00:00+00:00,224.25,386.25
2023-07-14 14:00:00+00:00,385.5,431.5
2023-07-14 15:00:00+00:00,709.75,350.75
2023-07-14 16:00:00+00:00,1023.75,276.25
2023-07-14 17:00:00+00:00,1246.0,245.25
2023-07-14 18:00:00+00:00,1628.75,455.75
2023-07-14 19:00:00+00:00,1565.5,787.25
2023-07-14 20:00:00+00:00,1583.75,1057.25
2023-07-14 21:00:00+00:00,1401.0,1192.5
2023-07-14 22:00:00+00:00,1480.5,1415.75
2023-07-14 23:00:00+00:00,1632.25,1448.0
2023-07-15 00:00:00+00:00,2146.75,1459.25
2023-07-15 01:00:00+00:00,2420.25,1479.25
2023-07-15 02:00:00+00:00,2442.0,1205.75
2023-07-15 03:00:00+00:00,2428.5,964.5
2023-07-15 04:00:00+00:00,2280.75,962.25
2023-07-15 05:00:00+00:00,1809.75,1011.75
2023-07-15 06:00:00+00:00,1480.5,846.75
2023-07-15 07:00:00+00:00,1409.5,817.5
2023-07-15 08:00:00+00:00,1640.5,898.5
2023-07-15 09:00:00+00:00,1920.75,1050.5
2023-07-15 10:00:00+00:00,1722.5,1127.0
2023-07-15 11:00:00+00:00,1698.25,1289.5
2023-07-15 12:00:00+00:00,1706.5,1263.5
2023-07-15 13:00:00+00:00,1493.0,1281.25
2023-07-15 14:00:00+00:00,1874.5,1452.5
2023-07-15 15:00:00+00:00,1901.5,1804.0
2023-07-15 16:00:00+00:00,2400.75,1917.0
2023-07-15 17:00:00+00:00,2793.0,1694.5
2023-07-15 18:00:00+00:00,2892.25,1544.75
2023-07-15 19:00:00+00:00,2907.5,1491.75
2023-07-15 20:00:00+00:00,2893.0,1715.5
2023-07-15 21:00:00+00:00,2896.75,1743.25
2023-07-15 22:00:00+00:00,2548.75,1790.25
2023-07-15 23:00:00+00:00,2552.5,1871.5
2023-07-16 00:00:00+00:00,2483.0,2012.0
2023-07-16 01:00:00+00:00,1863.75,1919.5
2023-07-16 02:00:00+00:00,1812.25,1808.25
2023-07-16 03:00:00+00:00,1792.25,1873.5
2023-07-16 04:00:00+00:00,1885.5,1855.5
2023-07-16 05:00:00+00:00,1807.5,1926.25
2023-07-16 06:00:00+00:00,1673.25,1933.75
2023-07-16 07:00:00+00:00,1622.5,1952.0
2023-07-16 08:00:00+00:00,1550.5,1744.5
2023-07-16 09:00:00+00:00,1627.5,1757.75
2023-07-16 10:00:00+00:00,1595.0,1719.0
2023-07-16 11:00:00+00:00,1549.0,1645.0
2023-07-16 12:00:00+00:00,1553.25,1524.75
2023-07-16 13:00:00+00:00,1477.75,1405.25
2023-07-16 14:00:00+00:00,1558.0,1329.0
2023-07-16 15:00:00+00:00,2047.75,1695.5
2023-07-16 16:00:00+00:00,2416.5,1706.75
2023-07-16 17:00:00+00:00,2580.75,1649.5
2023-07-16 18:00:00+00:00,2595.5,1243.25
2023-07-16 19:00:00+00:00,2564.5,1122.75
2023-07-16 20:00:00+00:00,2501.0,1088.75
2023-07-16 21:00:00+00:00,2454.0,1040.0
2023-07-16 22:00:00+00:00,2853.0,1118.5
2023-07-16 23:00:00+00:00,2802.0,1411.5
2023-07-17 00:00:00+00:00,2842.0,1487.25
2023-07-17 01:00:00+00:00,2798.25,1563.25
2023-07-17 02:00:00+00:00,2761.75,1547.5
2023-07-17 03:00:00+00:00,2364.25,1477.5
2023-07-17 04:00:00+00:00,2200.5,1402.25
2023-07-17 05:00:00+00:00,2072.75,1386.5
2023-07-17 06:00:00+00:00,2093.0,1336.75
2023-07-17 07:00:00+00:00,2128.0,1475.5
2023-07-17 08:00:00+00:00,2109.25,1645.5
2023-07-17 09:00:00+00:00,2027.0,1653.0
2023-07-17 10:00:00+00:00,1284.75,1179.5
2023-07-17 11:00:00+00:00,1720.0,1635.0
2023-07-17 12:00:00+00:00,1883.5,1366.0
2023-07-17 13:00:00+00:00,2413.75,1557.5
2023-07-17 14:00:00+00:00,2407.25,1646.5
2023-07-17 15:00:00+00:00,2449.75,1558.75
2023-07-17 16:00:00+00:00,2241.0,1292.75
2023-07-17 17:00:00+00:00,2140.25,1340.25
2023-07-17 18:00:00+00:00,1887.75,1039.0
2023-07-17 19:00:00+00:00,1776.75,834.5
2023-07-17 20:00:00+00:00,1291.5,781.25
2023-07-17 21:00:00+00:00,1167.0,567.25
2023-07-17 22:00:00+00:00,937.25,529.0
2023-07-17 23:00:00+00:00,666.75,511.0
2023-07-18 00:00:00+00:00,493.0,411.0
2023-07-18 01:00:00+00:00,419.75,346.75
2023-07-18 02:00:00+00:00,313.0,341.75
2023-07-18 03:00:00+00:00,237.5,309.75
2023-07-18 04:00:00+00:00,226.75,296.0
2023-07-18 05:00:00+00:00,273.0,274.0
2023-07-18 06:00:00+00:00,243.25,166.5
2023-07-18 07:00:00+00:00,235.25,134.25
2023-07-18 08:00:00+00:00,179.0,174.0
2023-07-18 09:00:00+00:00,136.5,198.0
2023-07-18 10:00:00+00:00,92.5,178.5
2023-07-18 11:00:00+00:00,95.75,174.25
2023-07-18 12:00:00+00:00,85.75,178.25
2023-07-18 13:00:00+00:00,77.25,160.75
2023-07-18 14:00:00+00:00,64.0,190.25
2023-07-18 15:00:00+00:00,23.75,178.0
2023-07-18 16:00:00+00:00,2.0,146.5
2023-07-18 17:00:00+00:00,0.0,101.75
2023-07-18 18:00:00+00:00,0.0,51.5
2023-07-18 19:00:00+00:00,0.0,33.0
2023-07-18 20:00:00+00:00,5.25,37.0
2023-07-18 21:00:00+00:00,13.75,49.0
2023-07-18 22:00:00+00:00,20.5,43.75
2023-07-18 23:00:00+00:00,71.0,46.75
2023-07-19 00:00:00+00:00,198.5,88.75
2023-07-19 01:00:00+00:00,270.25,189.25
2023-07-19 02:00:00+00:00,166.5,281.75
2023-07-19 03:00:00+00:00,194.75,247.75
2023-07-19 04:00:00+00:00,286.25,223.25
2023-07-19 05:00:00+00:00,324.25,217.75
2023-07-19 06:00:00+00:00,435.5,258.0
2023-07-19 07:00:00+00:00,290.5,284.0
2023-07-19 08:00:00+00:00,246.75,297.75
2023-07-19 09:00:00+00:00,209.25,362.75
2023-07-19 10:00:00+00:00,105.0,402.75
2023-07-19 11:00:00+00:00,119.75,374.75
2023-07-19 12:00:00+00:00,157.25,395.75
2023-07-19 13:00:00+00:00,218.75,434.25
2023-07-19 14:00:00+00:00,237.75,413.5
2023-07-19 15:00:00+00:00,299.25,451.5
2023-07-19 16:00:00+00:00,410.0,371.75
2023-07-19 17:00:00+00:00,476.25,279.75
2023-07-19 18:00:00+00:00,374.0,289.5
2023-07-19 19:00:00+00:00,485.5,215.25
2023-07-19 20:00:00+00:00,556.75,249.75
2023-07-19 21:00:00+00:00,611.75,339.25
2023-07-19 22:00:00+00:00,442.25,238.75
2023-07-19 23:00:00+00:00,390.75,225.0
2023-07-20 00:00:00+00:00,396.0,165.0
2023-07-20 01:00:00+00:00,313.25,158.25
2023-07-20 02:00:00+00:00,290.75,131.0
2023-07-20 03:00:00+00:00,326.75,84.5
2023-07-20 04:00:00+00:00,251.5,86.0
2023-07-20 05:00:00+00:00,230.0,94.5
2023-07-20 06:00:00+00:00,240.75,90.25
2023-07-20 07:00:00+00:00,206.75,124.5
2023-07-20 08:00:00+00:00,135.0,115.75
2023-07-20 09:00:00+00:00,122.0,118.25
2023-07-20 10:00:00+00:00,95.0,114.5
2023-07-20 11:00:00+00:00,86.5,114.25
2023-07-20 12:00:00+00:00,76.0,137.25
2023-07-20 13:00:00+00:00,67.75,148.25
2023-07-20 14:00:00+00:00,52.0,123.25
2023-07-20 15:00:00+00:00,40.75,107.25
2023-07-20 16:00:00+00:00,41.0,107.75
2023-07-20 17:00:00+00:00,42.25,79.0
2023-07-20 18:00:00+00:00,30.25,65.5
2023-07-20 19:00:00+00:00,30.75,35.75
2023-07-20 20:00:00+00:00,29.5,20.0
2023-07-20 21:00:00+00:00,26.0,20.75
2023-07-20 22:00:00+00:00,23.0,22.0
2023-07-20 23:00:00+00:00,33.0,17.5
2023-07-21 00:00:00+00:00,12.75,17.25
2023-07-21 01:00:00+00:00,0.0,15.75
2023-07-21 02:00:00+00:00,0.0,18.25
2023-07-21 03:00:00+00:00,0.25,25.75
2023-07-21 04:00:00+00:00,0.0,27.25
2023-07-21 05:00:00+00:00,13.0,33.75
2023-07-21 06:00:00+00:00,56.25,56.5
2023-07-21 07:00:00+00:00,134.5,87.75
2023-07-21 08:00:00+00:00,300.5,121.75
2023-07-21 09:00:00+00:00,393.75,193.25
2023-07-21 10:00:00+00:00,554.5,299.5
2023-07-21 11:00:00+00:00,696.5,664.25
2023-07-21 12:00:00+00:00,672.5,683.0
2023-07-21 13:00:00+00:00,654.75,737.25
2023-07-21 14:00:00+00:00,566.5,994.5
2023-07-21 15:00:00+00:00,783.5,912.75
2023-07-21 16:00:00+00:00,922.25,897.25
2023-07-21 17:00:00+00:00,889.25,1004.0
2023-07-21 18:00:00+00:00,539.75,948.0
2023-07-21 19:00:00+00:00,381.25,816.5
2023-07-21 20:00:00+00:00,440.0,747.75
2023-07-21 21:00:00+00:00,462.0,724.0
2023-07-21 22:00:00+00:00,405.5,630.75
2023-07-21 23:00:00+00:00,363.0,463.0
2023-07-22 00:00:00+00:00,419.75,286.5
2023-07-22 01:00:00+00:00,525.0,239.75
2023-07-22 02:00:00+00:00,543.0,237.75
2023-07-22 03:00:00+00:00,499.0,268.0
2023-07-22 04:00:00+00:00,517.75,313.0
2023-07-22 05:00:00+00:00,531.75,353.0
2023-07-22 06:00:00+00:00,689.0,369.25
2023-07-22 07:00:00+00:00,910.75,402.0
2023-07-22 08:00:00+00:00,1010.5,409.0
2023-07-22 09:00:00+00:00,1108.5,694.5
2023-07-22 10:00:00+00:00,1684.75,878.25
2023-07-22 11:00:00+00:00,1596.75,1013.0
2023-07-22 12:00:00+00:00,1672.5,1028.25
2023-07-22 13:00:00+00:00,2022.75,1388.0
2023-07-22 14:00:00+00:00,2240.0,1236.0
2023-07-22 15:00:00+00:00,2423.25,1044.0
2023-07-22 16:00:00+00:00,2611.25,940.25
2023-07-22 17:00:00+00:00,2656.0,960.0
2023-07-22 18:00:00+00:00,2928.75,939.75
2023-07-22 19:00:00+00:00,2931.0,1340.0
2023-07-22 20:00:00+00:00,2773.25,1292.75
2023-07-22 21:00:00+00:00,2575.25,1294.75
2023-07-22 22:00:00+00:00,2637.5,1204.0
2023-07-22 23:00:00+00:00,2505.25,1384.75
2023-07-23 00:00:00+00:00,2456.0,1309.0
2023-07-23 01:00:00+00:00,2447.5,1351.5
2023-07-23 02:00:00+00:00,2574.5,1303.5
2023-07-23 03:00:00+00:00,2667.25,1204.25
2023-07-23 04:00:00+00:00,2680.0,1336.0
2023-07-23 05:00:00+00:00,2616.25,1586.75
2023-07-23 06:00:00+00:00,1940.75,1892.75
2023-07-23 07:00:00+00:00,1820.75,2025.75
2023-07-23 08:00:00+00:00,1536.25,1865.5
2023-07-23 09:00:00+00:00,1892.25,1774.0
2023-07-23 10:00:00+00:00,2059.75,1759.5
2023-07-23 11:00:00+00:00,1738.0,1667.75
2023-07-23 12:00:00+00:00,1381.25,1616.5
2023-07-23 13:00:00+00:00,1273.25,1587.0
2023-07-23 14:00:00+00:00,1549.0,1677.25
2023-07-23 15:00:00+00:00,2258.5,1860.75
2023-07-23 16:00:00+00:00,2585.75,1849.0
2023-07-23 17:00:00+00:00,2637.25,1723.75
2023-07-23 18:00:00+00:00,2743.25,1413.5
2023-07-23 19:00:00+00:00,2630.25,1394.25
2023-07-23 20:00:00+00:00,2559.0,1374.5
2023-07-23 21:00:00+00:00,2482.5,1437.25
2023-07-23 22:00:00+00:00,2401.75,1370.25
2023-07-23 23:00:00+00:00,2014.25,1203.0
2023-07-24 00:00:00+00:00,1837.25,1093.5
2023-07-24 01:00:00+00:00,1475.5,869.75
2023-07-24 02:00:00+00:00,1250.5,816.5
2023-07-24 03:00:00+00:00,1001.25,695.25
2023-07-24 04:00:00+00:00,791.5,690.25
2023-07-24 05:00:00+00:00,544.75,634.5
2023-07-24 06:00:00+00:00,447.25,637.25
2023-07-24 07:00:00+00:00,412.25,726.5
2023-07-24 08:00:00+00:00,392.5,728.75
2023-07-24 09:00:00+00:00,346.0,758.75
2023-07-24 10:00:00+00:00,547.25,865.5
2023-07-24 11:00:00+00:00,1005.25,903.25
2023-07-24 12:00:00+00:00,1603.75,1001.25
2023-07-24 13:00:00+00:00,1506.0,1305.75
2023-07-24 14:00:00+00:00,1150.5,1303.5
2023-07-24 15:00:00+00:00,1134.0,1228.25
2023-07-24 16:00:00+00:00,1310.25,1002.0
2023-07-24 17:00:00+00:00,1394.25,888.5
2023-07-24 18:00:00+00:00,1319.25,767.75
2023-07-24 19:00:00+00:00,1225.75,787.75
2023-07-24 20:00:00+00:00,1000.5,649.0
2023-07-24 21:00:00+00:00,712.75,527.75
2023-07-24 22:00:00+00:00,702.0,483.0
2023-07-24 23:00:00+00:00,826.5,469.0
2023-07-25 00:00:00+00:00,709.5,440.0
2023-07-25 01:00:00+00:00,996.5,381.75
2023-07-25 02:00:00+00:00,907.75,352.5
2023-07-25 03:00:00+00:00,867.0,384.5
2023-07-25 04:00:00+00:00,815.5,504.0
2023-07-25 05:00:00+00:00,705.5,524.25
2023-07-25 06:00:00+00:00,715.25,563.25
2023-07-25 07:00:00+00:00,795.75,656.0
2023-07-25 08:00:00+00:00,898.5,709.0
2023-07-25 09:00:00+00:00,830.25,690.25
2023-07-25 10:00:00+00:00,660.0,727.75
2023-07-25 11:00:00+00:00,614.25,733.0
2023-07-25 12:00:00+00:00,574.75,836.75
2023-07-25 13:00:00+00:00,618.25,734.0
2023-07-25 14:00:00+00:00,588.25,712.75
2023-07-25 15:00:00+00:00,626.75,624.75
2023-07-25 16:00:00+00:00,759.5,698.25
2023-07-25 17:00:00+00:00,714.25,677.25
2023-07-25 18:00:00+00:00,648.0,680.25
2023-07-25 19:00:00+00:00,751.25,631.25
2023-07-25 20:00:00+00:00,664.0,514.5
2023-07-25 21:00:00+00:00,788.5,535.25
2023-07-25 22:00:00+00:00,802.5,516.0
2023-07-25 23:00:00+00:00,783.75,586.25
2023-07-26 00:00:00+00:00,625.0,495.25
2023-07-26 01:00:00+00:00,491.25,422.75
2023-07-26 02:00:00+00:00,534.75,355.75
2023-07-26 03:00:00+00:00,801.0,325.0
2023-07-26 04:00:00+00:00,976.5,303.25
2023-07-26 05:00:00+00:00,724.75,457.0
2023-07-26 06:00:00+00:00,560.0,506.25
2023-07-26 07:00:00+00:00,470.25,451.25
2023-07-26 08:00:00+00:00,498.5,511.25
2023-07-26 09:00:00+00:00,519.75,544.75
2023-07-26 10:00:00+00:00,405.75,657.25
2023-07-26 11:00:00+00:00,458.25,886.25
2023-07-26 12:00:00+00:00,468.25,965.75
2023-07-26 13:00:00+00:00,506.0,1071.0
2023-07-26 14:00:00+00:00,516.75,820.25
2023-07-26 15:00:00+00:00,589.25,839.0
2023-07-26 16:00:00+00:00,805.5,693.0
2023-07-26 17:00:00+00:00,1142.0,517.0
2023-07-26 18:00:00+00:00,1397.75,302.5
2023-07-26 19:00:00+00:00,1703.5,211.5
2023-07-26 20:00:00+00:00,1846.75,292.0
2023-07-26 21:00:00+00:00,1611.25,391.75
2023-07-26 22:00:00+00:00,1264.25,496.0
2023-07-26 23:00:00+00:00,1111.75,500.0
2023-07-27 00:00:00+00:00,1310.75,525.0
2023-07-27 01:00:00+00:00,1715.25,737.75
2023-07-27 02:00:00+00:00,1813.25,854.5
2023-07-27 03:00:00+00:00,2250.5,742.0
2023-07-27 04:00:00+00:00,2429.5,858.25
2023-07-27 05:00:00+00:00,2453.5,1088.5
2023-07-27 06:00:00+00:00,2319.5,1113.0
2023-07-27 07:00:00+00:00,2331.25,1031.5
2023-07-27 08:00:00+00:00,2214.75,928.75
2023-07-27 09:00:00+00:00,2234.0,835.0
2023-07-27 10:00:00+00:00,2274.75,815.25
2023-07-27 11:00:00+00:00,2292.25,939.5
2023-07-27 12:00:00+00:00,2302.5,1105.0
2023-07-27 13:00:00+00:00,2374.75,1239.75
2023-07-27 14:00:00+00:00,2387.75,1384.25
2023-07-27 15:00:00+00:00,2405.75,1495.5
2023-07-27 16:00:00+00:00,2360.5,1558.5
2023-07-27 17:00:00+00:00,2316.75,1634.75
2023-07-27 18:00:00+00:00,2288.5,1591.0
2023-07-27 19:00:00+00:00,2231.25,1525.0
2023-07-27 20:00:00+00:00,2081.25,1510.75
2023-07-27 21:00:00+00:00,1891.5,1468.75
2023-07-27 22:00:00+00:00,1451.25,1375.0
2023-07-27 23:00:00+00:00,1282.75,1281.0
2023-07-28 00:00:00+00:00,1123.0,1095.5
2023-07-28 01:00:00+00:00,867.75,973.25
2023-07-28 02:00:00+00:00,684.0,949.25
2023-07-28 03:00:00+00:00,566.75,763.25
2023-07-28 04:00:00+00:00,423.5,681.5
2023-07-28 05:00:00+00:00,514.0,534.0
2023-07-28 06:00:00+00:00,611.25,515.5
2023-07-28 07:00:00+00:00,654.25,531.0
2023-07-28 08:00:00+00:00,666.25,524.25
2023-07-28 09:00:00+00:00,553.0,552.0
2023-07-28 10:00:00+00:00,545.25,594.75
2023-07-28 11:00:00+00:00,731.25,558.25
2023-07-28 12:00:00+00:00,650.75,559.5
2023-07-28 13:00:00+00:00,593.25,511.5
2023-07-28 14:00:00+00:00,765.25,497.75
2023-07-28 15:00:00+00:00,846.75,403.75
2023-07-28 16:00:00+00:00,856.25,368.0
2023-07-28 17:00:00+00:00,847.5,404.75
2023-07-28 18:00:00+00:00,860.75,344.0
2023-07-28 19:00:00+00:00,1021.75,312.75
2023-07-28 20:00:00+00:00,1290.25,340.75
2023-07-28 21:00:00+00:00,1329.0,407.5
2023-07-28 22:00:00+00:00,1314.75,481.75
2023-07-28 23:00:00+00:00,1374.75,570.25
2023-07-29 00:00:00+00:00,1438.25,749.25
2023-07-29 01:00:00+00:00,1391.75,784.5
2023-07-29 02:00:00+00:00,1644.25,763.25
2023-07-29 03:00:00+00:00,1861.25,778.75
2023-07-29 04:00:00+00:00,2179.5,815.5
2023-07-29 05:00:00+00:00,2037.0,887.5
2023-07-29 06:00:00+00:00,1955.0,878.0
2023-07-29 07:00:00+00:00,1771.0,994.75
2023-07-29 08:00:00+00:00,1505.5,913.0
2023-07-29 09:00:00+00:00,1437.75,1074.75
2023-07-29 10:00:00+00:00,1490.5,1279.0
2023-07-29 11:00:00+00:00,1525.75,1305.25
2023-07-29 12:00:00+00:00,1235.0,1163.25
2023-07-29 13:00:00+00:00,1138.25,924.75
2023-07-29 14:00:00+00:00,2097.75,953.75
2023-07-29 15:00:00+00:00,2230.0,1147.0
2023-07-29 16:00:00+00:00,2318.25,1266.0
2023-07-29 17:00:00+00:00,2409.75,1286.5
2023-07-29 18:00:00+00:00,2380.0,1148.5
2023-07-29 19:00:00+00:00,2271.0,1140.25
2023-07-29 20:00:00+00:00,2187.75,1074.0
2023-07-29 21:00:00+00:00,2257.25,1121.25
2023-07-29 22:00:00+00:00,1954.5,1202.0
2023-07-29 23:00:00+00:00,1912.5,1165.5
2023-07-30 00:00:00+00:00,1740.0,1340.0
2023-07-30 01:00:00+00:00,1383.0,1379.25
2023-07-30 02:00:00+00:00,1398.5,1209.25
2023-07-30 03:00:00+00:00,1688.0,1051.5
2023-07-30 04:00:00+00:00,1885.0,1138.0
2023-07-30 05:00:00+00:00,2174.0,1276.75
2023-07-30 06:00:00+00:00,2312.25,1480.5
2023-07-30 07:00:00+00:00,2441.0,1541.25
2023-07-30 08:00:00+00:00,1799.75,1564.25
2023-07-30 09:00:00+00:00,1673.25,1602.0
2023-07-30 10:00:00+00:00,1258.0,1526.75
2023-07-30 11:00:00+00:00,1151.0,1324.75
2023-07-30 12:00:00+00:00,1135.5,1232.5
2023-07-30 13:00:00+00:00,1251.5,1446.0
2023-07-30 14:00:00+00:00,1274.5,1603.25
2023-07-30 15:00:00+00:00,1640.0,1840.0
2023-07-30 16:00:00+00:00,2610.0,2129.0
2023-07-30 17:00:00+00:00,2347.0,2001.25
2023-07-30 18:00:00+00:00,1801.0,1777.5
2023-07-30 19:00:00+00:00,2310.0,1528.5
2023-07-30 20:00:00+00:00,2404.75,1543.0
2023-07-30 21:00:00+00:00,2422.75,1702.0
2023-07-30 22:00:00+00:00,2687.5,1678.5
2023-07-30 23:00:00+00:00,2783.25,1697.0
2023-07-31 00:00:00+00:00,2845.5,1543.25
2023-07-31 01:00:00+00:00,2759.25,1644.25
2023-07-31 02:00:00+00:00,2617.0,1828.75
2023-07-31 03:00:00+00:00,2555.5,1972.5
2023-07-31 04:00:00+00:00,2478.75,1909.5
2023-07-31 05:00:00+00:00,2441.75,1806.0
2023-07-31 06:00:00+00:00,2439.0,1746.25
2023-07-31 07:00:00+00:00,2465.5,1678.0
2023-07-31 08:00:00+00:00,2435.0,1700.5
2023-07-31 09:00:00+00:00,2438.25,1696.75
2023-07-31 10:00:00+00:00,2431.0,1738.5
2023-07-31 11:00:00+00:00,2449.0,1672.25
2023-07-31 12:00:00+00:00,2545.25,1605.25
2023-07-31 13:00:00+00:00,2656.0,1555.5
2023-07-31 14:00:00+00:00,2659.5,1445.5
2023-07-31 15:00:00+00:00,2600.0,1437.75
2023-07-31 16:00:00+00:00,2478.75,1355.75
2023-07-31 17:00:00+00:00,2507.5,1187.0
2023-07-31 18:00:00+00:00,2253.75,1223.75
2023-07-31 19:00:00+00:00,2212.25,1245.5
2023-07-31 20:00:00+00:00,1750.5,1213.75
2023-07-31 21:00:00+00:00,1542.0,1086.25
2023-07-31 22:00:00+00:00,1669.0,1018.0
2023-07-31 23:00:00+00:00,1740.0,1025.5
2023-08-01 00:00:00+00:00,1853.75,959.75
2023-08-01 01:00:00+00:00,2084.75,1021.75
2023-08-01 02:00:00+00:00,2254.0,1213.75
2023-08-01 03:00:00+00:00,2390.5,966.75
2023-08-01 04:00:00+00:00,2410.5,1064.25
2023-08-01 05:00:00+00:00,2473.25,1205.25
2023-08-01 06:00:00+00:00,2452.5,1321.25
2023-08-01 07:00:00+00:00,2406.0,1608.75
2023-08-01 08:00:00+00:00,2343.75,1714.5
2023-08-01 09:00:00+00:00,2283.75,1689.25
2023-08-01 10:00:00+00:00,2331.0,1710.75
2023-08-01 11:00:00+00:00,2331.25,1672.5
2023-08-01 12:00:00+00:00,2278.25,1589.5
2023-08-01 13:00:00+00:00,1787.0,1751.25
2023-08-01 14:00:00+00:00,1728.75,1736.25
2023-08-01 15:00:00+00:00,2095.0,1837.25
2023-08-01 16:00:00+00:00,1888.75,1684.0
2023-08-01 17:00:00+00:00,1679.5,1527.0
2023-08-01 18:00:00+00:00,1545.75,1347.0
2023-08-01 19:00:00+00:00,1317.25,1170.5
2023-08-01 20:00:00+00:00,1307.75,923.75
2023-08-01 21:00:00+00:00,1352.5,781.5
2023-08-01 22:00:00+00:00,1112.75,630.0
2023-08-01 23:00:00+00:00,1043.5,541.25
2023-08-02 00:00:00+00:00,1075.5,496.5
2023-08-02 01:00:00+00:00,1089.25,518.25
2023-08-02 02:00:00+00:00,1040.0,593.75
2023-08-02 03:00:00+00:00,1344.25,690.75
2023-08-02 04:00:00+00:00,1690.25,752.25
2023-08-02 05:00:00+00:00,2008.25,894.5
2023-08-02 06:00:00+00:00,2375.5,931.75
2023-08-02 07:00:00+00:00,2439.25,1118.75
2023-08-02 08:00:00+00:00,2508.75,1279.75
2023-08-02 09:00:00+00:00,2561.25,1408.25
2023-08-02 10:00:00+00:00,2566.75,1329.5
2023-08-02 11:00:00+00:00,2570.5,1365.5
2023-08-02 12:00:00+00:00,2531.5,1540.5
2023-08-02 13:00:00+00:00,2491.25,1791.25
2023-08-02 14:00:00+00:00,2556.0,1952.5
2023-08-02 15:00:00+00:00,2612.75,1917.75
2023-08-02 16:00:00+00:00,2823.25,1700.75
2023-08-02 17:00:00+00:00,2855.5,1441.5
2023-08-02 18:00:00+00:00,2873.5,1326.75
2023-08-02 19:00:00+00:00,2875.0,1256.5
2023-08-02 20:00:00+00:00,2444.25,1380.25
2023-08-02 21:00:00+00:00,1859.0,1505.5
2023-08-02 22:00:00+00:00,1753.75,1415.5
2023-08-02 23:00:00+00:00,2088.25,1306.25
2023-08-03 00:00:00+00:00,1999.75,1313.0
2023-08-03 01:00:00+00:00,1942.75,1427.5
2023-08-03 02:00:00+00:00,1971.5,1372.0
2023-08-03 03:00:00+00:00,2034.75,1131.0
2023-08-03 04:00:00+00:00,2028.25,1022.75
2023-08-03 05:00:00+00:00,2066.75,981.0
2023-08-03 06:00:00+00:00,2113.0,911.25
2023-08-03 07:00:00+00:00,2044.0,894.5
2023-08-03 08:00:00+00:00,2216.0,991.5
2023-08-03 09:00:00+00:00,2155.25,1193.25
2023-08-03 10:00:00+00:00,2224.75,1719.25
2023-08-03 11:00:00+00:00,2380.0,1972.25
2023-08-03 12:00:00+00:00,2468.5,1975.5
2023-08-03 13:00:00+00:00,2179.75,1835.25
2023-08-03 14:00:00+00:00,1875.75,1758.0
2023-08-03 15:00:00+00:00,1666.0,1597.0
2023-08-03 16:00:00+00:00,1475.75,1459.75
2023-08-03 17:00:00+00:00,1242.5,1264.5
2023-08-03 18:00:00+00:00,1129.5,857.25
2023-08-03 19:00:00+00:00,938.75,702.75
2023-08-03 20:00:00+00:00,782.5,591.0
2023-08-03 21:00:00+00:00,738.5,511.5
2023-08-03 22:00:00+00:00,724.25,516.5
2023-08-03 23:00:00+00:00,864.25,523.5
2023-08-04 00:00:00+00:00,854.5,487.25
2023-08-04 01:00:00+00:00,824.75,477.75
2023-08-04 02:00:00+00:00,927.25,500.0
2023-08-04 03:00:00+00:00,1163.0,411.75
2023-08-04 04:00:00+00:00,1330.5,441.5
2023-08-04 05:00:00+00:00,1344.75,503.5
2023-08-04 06:00:00+00:00,1066.25,515.0
2023-08-04 07:00:00+00:00,980.75,461.75
2023-08-04 08:00:00+00:00,836.25,509.0
2023-08-04 09:00:00+00:00,741.75,463.5
2023-08-04 10:00:00+00:00,625.5,533.5
2023-08-04 11:00:00+00:00,657.75,654.75
2023-08-04 12:00:00+00:00,643.0,684.5
2023-08-04 13:00:00+00:00,544.5,719.5
2023-08-04 14:00:00+00:00,556.5,648.75
2023-08-04 15:00:00+00:00,482.5,626.25
2023-08-04 16:00:00+00:00,411.25,525.5
2023-08-04 17:00:00+00:00,315.25,449.5
2023-08-04 18:00:00+00:00,201.0,285.75
2023-08-04 19:00:00+00:00,88.5,178.25
2023-08-04 20:00:00+00:00,55.25,81.75
2023-08-04 21:00:00+00:00,58.5,50.75
2023-08-04 22:00:00+00:00,20.0,40.25
2023-08-04 23:00:00+00:00,33.75,34.25
2023-08-05 00:00:00+00:00,27.0,31.75
2023-08-05 01:00:00+00:00,41.75,52.0
2023-08-05 02:00:00+00:00,230.25,116.75
2023-08-05 03:00:00+00:00,450.0,244.5
2023-08-05 04:00:00+00:00,481.5,362.5
2023-08-05 05:00:00+00:00,697.75,457.25
2023-08-05 06:00:00+00:00,1031.5,493.0
2023-08-05 07:00:00+00:00,1323.25,529.0
2023-08-05 08:00:00+00:00,1422.25,650.75
2023-08-05 09:00:00+00:00,1469.75,746.5
2023-08-05 10:00:00+00:00,1793.75,899.5
2023-08-05 11:00:00+00:00,1728.25,901.5
2023-08-05 12:00:00+00:00,1661.75,864.0
2023-08-05 13:00:00+00:00,1566.0,673.25
2023-08-05 14:00:00+00:00,1712.75,666.5
2023-08-05 15:00:00+00:00,1706.75,436.75
2023-08-05 16:00:00+00:00,1589.5,442.75
2023-08-05 17:00:00+00:00,1107.75,455.75
2023-08-05 18:00:00+00:00,1012.25,462.5
2023-08-05 19:00:00+00:00,967.25,461.25
2023-08-05 20:00:00+00:00,619.25,396.0
2023-08-05 21:00:00+00:00,851.0,406.5
2023-08-05 22:00:00+00:00,1220.5,302.75
2023-08-05 23:00:00+00:00,1340.0,234.75
2023-08-06 00:00:00+00:00,1643.0,226.25
2023-08-06 01:00:00+00:00,1833.25,233.25
2023-08-06 02:00:00+00:00,2004.25,383.5
2023-08-06 03:00:00+00:00,2136.25,573.75
2023-08-06 04:00:00+00:00,2131.25,661.25
2023-08-06 05:00:00+00:00,1909.75,635.75
2023-08-06 06:00:00+00:00,1875.5,589.75
2023-08-06 07:00:00+00:00,1898.0,476.25
2023-08-06 08:00:00+00:00,1537.5,519.75
2023-08-06 09:00:00+00:00,1430.75,824.0
2023-08-06 10:00:00+00:00,1395.0,1004.25
2023-08-06 11:00:00+00:00,1549.0,1203.25
2023-08-06 12:00:00+00:00,875.75,1333.75
2023-08-06 13:00:00+00:00,900.25,1446.0
2023-08-06 14:00:00+00:00,1593.0,1780.75
2023-08-06 15:00:00+00:00,2024.0,1839.25
2023-08-06 16:00:00+00:00,2183.5,2023.5
2023-08-06 17:00:00+00:00,2433.25,1728.0
2023-08-06 18:00:00+00:00,2451.0,1658.75
2023-08-06 19:00:00+00:00,2502.0,1706.75
2023-08-06 20:00:00+00:00,2492.25,1743.0
2023-08-06 21:00:00+00:00,2410.25,1969.0
2023-08-06 22:00:00+00:00,2449.5,1862.0
2023-08-06 23:00:00+00:00,2295.0,1850.0
2023-08-07 00:00:00+00:00,2415.5,2052.0
2023-08-07 01:00:00+00:00,2587.0,2043.5
2023-08-07 02:00:00+00:00,2648.25,2106.5
2023-08-07 03:00:00+00:00,2565.75,2049.5
2023-08-07 04:00:00+00:00,2399.25,2174.5
2023-08-07 05:00:00+00:00,2260.75,2124.75
2023-08-07 06:00:00+00:00,2085.25,2028.25
2023-08-07 07:00:00+00:00,1822.5,1856.0
2023-08-07 08:00:00+00:00,1362.5,1675.0
2023-08-07 09:00:00+00:00,1076.0,1234.25
2023-08-07 10:00:00+00:00,884.0,1105.25
2023-08-07 11:00:00+00:00,1106.0,904.25
2023-08-07 12:00:00+00:00,1130.25,1043.25
2023-08-07 13:00:00+00:00,1073.75,1064.25
2023-08-07 14:00:00+00:00,1032.0,1201.25
2023-08-07 15:00:00+00:00,1064.75,1371.75
2023-08-07 16:00:00+00:00,1316.5,1548.75
2023-08-07 17:00:00+00:00,1549.5,1271.25
2023-08-07 18:00:00+00:00,1817.25,1198.75
2023-08-07 19:00:00+00:00,1849.75,1357.5
2023-08-07 20:00:00+00:00,1735.75,1463.0
2023-08-07 21:00:00+00:00,1745.25,1492.0
2023-08-07 22:00:00+00:00,1988.5,1427.5
2023-08-07 23:00:00+00:00,2199.75,1353.75
2023-08-08 00:00:00+00:00,1791.25,1266.0
2023-08-08 01:00:00+00:00,1583.25,1128.0
2023-08-08 02:00:00+00:00,1579.0,1080.25
2023-08-08 03:00:00+00:00,1551.75,1118.0
2023-08-08 04:00:00+00:00,1591.75,1217.5
2023-08-08 05:00:00+00:00,1583.25,1318.5
2023-08-08 06:00:00+00:00,1655.25,1331.0
2023-08-08 07:00:00+00:00,1546.5,1344.0
2023-08-08 08:00:00+00:00,1602.5,1365.75
2023-08-08 09:00:00+00:00,1424.0,1438.0
2023-08-08 10:00:00+00:00,1419.75,1182.75
2023-08-08 11:00:00+00:00,1309.0,1105.75
2023-08-08 12:00:00+00:00,1335.0,1147.0
2023-08-08 13:00:00+00:00,1276.0,1316.5
2023-08-08 14:00:00+00:00,1289.75,1490.25
2023-08-08 15:00:00+00:00,1111.75,1649.75
2023-08-08 16:00:00+00:00,1201.0,1502.25
2023-08-08 17:00:00+00:00,1686.0,1031.0
2023-08-08 18:00:00+00:00,1520.75,772.25
2023-08-08 19:00:00+00:00,1337.0,661.5
2023-08-08 20:00:00+00:00,1213.0,611.75
2023-08-08 21:00:00+00:00,873.75,396.75
2023-08-08 22:00:00+00:00,708.5,402.5
2023-08-08 23:00:00+00:00,794.75,296.0
2023-08-09 00:00:00+00:00,815.75,280.5
2023-08-09 01:00:00+00:00,765.5,303.5
2023-08-09 02:00:00+00:00,736.75,269.0
2023-08-09 03:00:00+00:00,704.25,244.25
2023-08-09 04:00:00+00:00,678.75,222.0
2023-08-09 05:00:00+00:00,645.75,224.25
2023-08-09 06:00:00+00:00,687.75,204.25
2023-08-09 07:00:00+00:00,575.25,238.5
2023-08-09 08:00:00+00:00,625.25,345.5
2023-08-09 09:00:00+00:00,695.25,447.25
2023-08-09 10:00:00+00:00,675.0,551.5
2023-08-09 11:00:00+00:00,569.25,636.25
2023-08-09 12:00:00+00:00,564.5,862.5
2023-08-09 13:00:00+00:00,467.5,877.0
2023-08-09 14:00:00+00:00,446.5,874.75
2023-08-09 15:00:00+00:00,430.75,743.75
2023-08-09 16:00:00+00:00,303.75,545.25
2023-08-09 17:00:00+00:00,171.25,377.5
2023-08-09 18:00:00+00:00,112.5,257.0
2023-08-09 19:00:00+00:00,103.25,174.5
2023-08-09 20:00:00+00:00,126.75,117.5
2023-08-09 21:00:00+00:00,128.25,109.75
2023-08-09 22:00:00+00:00,91.75,117.25
2023-08-09 23:00:00+00:00,111.5,127.25
2023-08-10 00:00:00+00:00,127.25,112.0
2023-08-10 01:00:00+00:00,73.0,102.25
2023-08-10 02:00:00+00:00,124.0,78.0
2023-08-10 03:00:00+00:00,176.25,66.75
2023-08-10 04:00:00+00:00,193.5,87.0
2023-08-10 05:00:00+00:00,282.5,130.75
2023-08-10 06:00:00+00:00,316.5,144.75
2023-08-10 07:00:00+00:00,350.75,136.5
2023-08-10 08:00:00+00:00,313.25,141.25
2023-08-10 09:00:00+00:00,214.25,156.0
2023-08-10 10:00:00+00:00,169.75,167.5
2023-08-10 11:00:00+00:00,139.5,194.5
2023-08-10 12:00:00+00:00,125.0,228.25
2023-08-10 13:00:00+00:00,135.5,254.5
2023-08-10 14:00:00+00:00,88.5,204.5
2023-08-10 15:00:00+00:00,43.25,155.25
2023-08-10 16:00:00+00:00,28.25,121.0
2023-08-10 17:00:00+00:00,65.75,74.5
2023-08-10 18:00:00+00:00,127.5,56.0
2023-08-10 19:00:00+00:00,168.0,63.75
2023-08-10 20:00:00+00:00,323.75,91.75
2023-08-10 21:00:00+00:00,548.5,163.25
2023-08-10 22:00:00+00:00,726.75,270.25
2023-08-10 23:00:00+00:00,889.75,391.25
2023-08-11 00:00:00+00:00,907.75,514.25
2023-08-11 01:00:00+00:00,777.25,604.0
2023-08-11 02:00:00+00:00,717.5,662.0
2023-08-11 03:00:00+00:00,752.0,747.25
2023-08-11 04:00:00+00:00,798.75,790.75
2023-08-11 05:00:00+00:00,705.5,764.75
2023-08-11 06:00:00+00:00,591.5,624.0
2023-08-11 07:00:00+00:00,590.75,427.0
2023-08-11 08:00:00+00:00,621.0,317.5
2023-08-11 09:00:00+00:00,956.25,275.75
2023-08-11 10:00:00+00:00,1119.25,339.75
2023-08-11 11:00:00+00:00,947.5,462.25
2023-08-11 12:00:00+00:00,1181.75,573.25
2023-08-11 13:00:00+00:00,1348.75,628.5
2023-08-11 14:00:00+00:00,1631.25,630.0
2023-08-11 15:00:00+00:00,1779.25,647.25
2023-08-11 16:00:00+00:00,1711.25,675.5
2023-08-11 17:00:00+00:00,1713.0,632.5
2023-08-11 18:00:00+00:00,1647.0,478.5
2023-08-11 19:00:00+00:00,1586.0,311.25
2023-08-11 20:00:00+00:00,1358.75,254.25
2023-08-11 21:00:00+00:00,1222.0,240.25
2023-08-11 22:00:00+00:00,1109.5,277.0
2023-08-11 23:00:00+00:00,1093.5,344.5
2023-08-12 00:00:00+00:00,1033.25,358.0
2023-08-12 01:00:00+00:00,900.75,387.0
2023-08-12 02:00:00+00:00,781.25,422.5
2023-08-12 03:00:00+00:00,684.25,464.25
2023-08-12 04:00:00+00:00,654.5,361.75
2023-08-12 05:00:00+00:00,737.25,356.75
2023-08-12 06:00:00+00:00,761.25,414.5
2023-08-12 07:00:00+00:00,896.75,329.0
2023-08-12 08:00:00+00:00,776.75,380.75
2023-08-12 09:00:00+00:00,957.5,671.5
2023-08-12 10:00:00+00:00,1217.25,517.0
2023-08-12 11:00:00+00:00,1492.25,634.25
2023-08-12 12:00:00+00:00,1820.0,647.75
2023-08-12 13:00:00+00:00,1940.75,765.5
2023-08-12 14:00:00+00:00,2274.75,1163.5
2023-08-12 15:00:00+00:00,2448.0,1326.75
2023-08-12 16:00:00+00:00,2574.75,1252.0
2023-08-12 17:00:00+00:00,2655.25,1282.5
2023-08-12 18:00:00+00:00,2654.75,1251.75
2023-08-12 19:00:00+00:00,2678.5,1189.75
2023-08-12 20:00:00+00:00,2695.75,1142.75
2023-08-12 21:00:00+00:00,2730.5,1154.5
2023-08-12 22:00:00+00:00,2829.25,1242.0
2023-08-12 23:00:00+00:00,2786.25,1279.75
2023-08-13 00:00:00+00:00,2840.0,1194.25
2023-08-13 01:00:00+00:00,2523.0,1112.25
2023-08-13 02:00:00+00:00,2380.25,1071.5
2023-08-13 03:00:00+00:00,2206.75,977.5
2023-08-13 04:00:00+00:00,1864.75,899.75
2023-08-13 05:00:00+00:00,1523.5,859.5
2023-08-13 06:00:00+00:00,1483.75,729.25
2023-08-13 07:00:00+00:00,1426.5,642.0
2023-08-13 08:00:00+00:00,1373.75,778.5
2023-08-13 09:00:00+00:00,1306.0,855.25
2023-08-13 10:00:00+00:00,1288.0,744.25
2023-08-13 11:00:00+00:00,1180.5,689.5
2023-08-13 12:00:00+00:00,1260.5,582.5
2023-08-13 13:00:00+00:00,1313.5,624.25
2023-08-13 14:00:00+00:00,1482.25,535.0
2023-08-13 15:00:00+00:00,1707.75,570.75
2023-08-13 16:00:00+00:00,1637.0,487.25
2023-08-13 17:00:00+00:00,1502.75,403.5
2023-08-13 18:00:00+00:00,1514.75,307.25
2023-08-13 19:00:00+00:00,1264.5,259.75
2023-08-13 20:00:00+00:00,1229.25,269.25
2023-08-13 21:00:00+00:00,1211.25,316.75
2023-08-13 22:00:00+00:00,1266.75,405.0
2023-08-13 23:00:00+00:00,1282.75,438.75
2023-08-14 00:00:00+00:00,1084.75,418.0
2023-08-14 01:00:00+00:00,814.75,390.75
2023-08-14 02:00:00+00:00,658.75,408.25
2023-08-14 03:00:00+00:00,595.0,473.5
2023-08-14 04:00:00+00:00,584.5,494.75
2023-08-14 05:00:00+00:00,589.25,469.0
2023-08-14 06:00:00+00:00,700.0,484.0
2023-08-14 07:00:00+00:00,748.0,404.0
2023-08-14 08:00:00+00:00,581.75,313.0
2023-08-14 09:00:00+00:00,407.75,343.0
2023-08-14 10:00:00+00:00,403.0,433.0
2023-08-14 11:00:00+00:00,406.5,442.25
2023-08-14 12:00:00+00:00,455.25,436.75
2023-08-14 13:00:00+00:00,313.25,415.75
2023-08-14 14:00:00+00:00,217.75,315.25
2023-08-14 15:00:00+00:00,230.5,255.75
2023-08-14 16:00:00+00:00,377.25,215.5
2023-08-14 17:00:00+00:00,372.5,171.75
2023-08-14 18:00:00+00:00,429.0,113.0
2023-08-14 19:00:00+00:00,445.25,107.75
2023-08-14 20:00:00+00:00,582.0,145.25
2023-08-14 21:00:00+00:00,504.5,155.75
2023-08-14 22:00:00+00:00,515.25,200.0
2023-08-14 23:00:00+00:00,603.25,335.25
2023-08-15 00:00:00+00:00,652.5,240.25
2023-08-15 01:00:00+00:00,554.0,202.75
2023-08-15 02:00:00+00:00,552.25,284.25
2023-08-15 03:00:00+00:00,422.0,443.0
2023-08-15 04:00:00+00:00,445.5,522.75
2023-08-15 05:00:00+00:00,537.25,469.0
2023-08-15 06:00:00+00:00,543.5,454.5
2023-08-15 07:00:00+00:00,517.25,456.0
2023-08-15 08:00:00+00:00,449.0,518.75
2023-08-15 09:00:00+00:00,410.5,411.5
2023-08-15 10:00:00+00:00,447.0,348.25
2023-08-15 11:00:00+00:00,523.75,383.25
2023-08-15 12:00:00+00:00,566.25,379.75
2023-08-15 13:00:00+00:00,543.5,428.25
2023-08-15 14:00:00+00:00,602.75,468.0
2023-08-15 15:00:00+00:00,480.5,498.0
2023-08-15 16:00:00+00:00,322.75,456.25
2023-08-15 17:00:00+00:00,246.5,273.25
2023-08-15 18:00:00+00:00,167.75,160.75
2023-08-15 19:00:00+00:00,97.75,74.75
2023-08-15 20:00:00+00:00,67.25,59.25
2023-08-15 21:00:00+00:00,57.75,42.75
2023-08-15 22:00:00+00:00,58.75,42.25
2023-08-15 23:00:00+00:00,77.0,41.75
2023-08-16 00:00:00+00:00,93.75,40.25
2023-08-16 01:00:00+00:00,104.75,34.25
2023-08-16 02:00:00+00:00,74.0,42.75
2023-08-16 03:00:00+00:00,65.75,48.5
2023-08-16 04:00:00+00:00,39.0,64.25
2023-08-16 05:00:00+00:00,13.75,98.5
2023-08-16 06:00:00+00:00,12.5,147.75
2023-08-16 07:00:00+00:00,6.0,169.25
2023-08-16 08:00:00+00:00,10.0,205.0
2023-08-16 09:00:00+00:00,18.75,250.75
2023-08-16 10:00:00+00:00,15.25,274.75
2023-08-16 11:00:00+00:00,62.0,262.5
2023-08-16 12:00:00+00:00,184.5,293.0
2023-08-16 13:00:00+00:00,360.0,374.5
2023-08-16 14:00:00+00:00,494.0,433.0
2023-08-16 15:00:00+00:00,637.75,524.0
2023-08-16 16:00:00+00:00,851.25,592.75
2023-08-16 17:00:00+00:00,1179.75,634.75
2023-08-16 18:00:00+00:00,1591.75,771.25
2023-08-16 19:00:00+00:00,1866.75,863.75
2023-08-16 20:00:00+00:00,2077.0,929.25
2023-08-16 21:00:00+00:00,1984.25,952.75
2023-08-16 22:00:00+00:00,1940.0,1002.25
2023-08-16 23:00:00+00:00,1888.25,901.25
2023-08-17 00:00:00+00:00,1766.25,965.5
2023-08-17 01:00:00+00:00,1601.5,911.75
2023-08-17 02:00:00+00:00,1365.5,936.25
2023-08-17 03:00:00+00:00,1363.5,1054.75
2023-08-17 04:00:00+00:00,1418.75,1076.5
2023-08-17 05:00:00+00:00,1587.5,1002.5
2023-08-17 06:00:00+00:00,1694.25,955.0
2023-08-17 07:00:00+00:00,1722.75,881.25
2023-08-17 08:00:00+00:00,1884.0,906.5
2023-08-17 09:00:00+00:00,1947.5,931.0
2023-08-17 10:00:00+00:00,1855.5,940.25
2023-08-17 11:00:00+00:00,1794.25,786.25
2023-08-17 12:00:00+00:00,1696.75,705.0
2023-08-17 13:00:00+00:00,1737.5,698.5
2023-08-17 14:00:00+00:00,1835.25,658.0
2023-08-17 15:00:00+00:00,1841.0,713.75
2023-08-17 16:00:00+00:00,1897.75,766.5
2023-08-17 17:00:00+00:00,1752.75,672.0
2023-08-17 18:00:00+00:00,1370.75,574.75
2023-08-17 19:00:00+00:00,1103.5,506.5
2023-08-17 20:00:00+00:00,876.5,536.25
2023-08-17 21:00:00+00:00,661.0,491.0
2023-08-17 22:00:00+00:00,573.75,430.75
2023-08-17 23:00:00+00:00,521.75,380.0
2023-08-18 00:00:00+00:00,549.0,334.0
2023-08-18 01:00:00+00:00,562.25,349.25
2023-08-18 02:00:00+00:00,626.0,299.75
2023-08-18 03:00:00+00:00,683.5,253.75
2023-08-18 04:00:00+00:00,687.75,328.0
2023-08-18 05:00:00+00:00,663.0,313.25
2023-08-18 06:00:00+00:00,772.25,288.25
2023-08-18 07:00:00+00:00,620.25,331.25
2023-08-18 08:00:00+00:00,504.5,256.5
2023-08-18 09:00:00+00:00,432.75,267.5
2023-08-18 10:00:00+00:00,368.0,240.25
2023-08-18 11:00:00+00:00,252.75,227.0
2023-08-18 12:00:00+00:00,169.75,192.25
2023-08-18 13:00:00+00:00,380.75,164.5
2023-08-18 14:00:00+00:00,436.0,173.0
2023-08-18 15:00:00+00:00,571.0,169.5
2023-08-18 16:00:00+00:00,541.25,190.75
2023-08-18 17:00:00+00:00,616.5,262.5
2023-08-18 18:00:00+00:00,775.75,367.5
2023-08-18 19:00:00+00:00,989.25,400.75
2023-08-18 20:00:00+00:00,1307.0,501.25
2023-08-18 21:00:00+00:00,1610.25,708.5
2023-08-18 22:00:00+00:00,1847.75,904.0
2023-08-18 23:00:00+00:00,2164.25,926.25
2023-08-19 00:00:00+00:00,2160.5,929.75
2023-08-19 01:00:00+00:00,1894.25,965.5
2023-08-19 02:00:00+00:00,1608.25,891.25
2023-08-19 03:00:00+00:00,1675.75,871.25
2023-08-19 04:00:00+00:00,1177.5,864.0
2023-08-19 05:00:00+00:00,1216.0,979.5
2023-08-19 06:00:00+00:00,1087.75,918.5
2023-08-19 07:00:00+00:00,1059.25,781.0
2023-08-19 08:00:00+00:00,1503.0,686.75
2023-08-19 09:00:00+00:00,1549.5,698.0
2023-08-19 10:00:00+00:00,1513.25,1088.25
2023-08-19 11:00:00+00:00,1712.0,976.5
2023-08-19 12:00:00+00:00,1860.5,1018.5
2023-08-19 13:00:00+00:00,1952.25,1181.0
2023-08-19 14:00:00+00:00,2191.75,1064.0
2023-08-19 15:00:00+00:00,2144.75,733.75
2023-08-19 16:00:00+00:00,2181.5,566.5
2023-08-19 17:00:00+00:00,2113.0,559.0
2023-08-19 18:00:00+00:00,1932.0,531.5
2023-08-19 19:00:00+00:00,1602.75,392.5
2023-08-19 20:00:00+00:00,1228.25,391.25
2023-08-19 21:00:00+00:00,969.5,447.25
2023-08-19 22:00:00+00:00,758.5,455.75
2023-08-19 23:00:00+00:00,711.0,395.0
2023-08-20 00:00:00+00:00,622.0,383.75
2023-08-20 01:00:00+00:00,458.5,345.25
2023-08-20 02:00:00+00:00,369.5,289.75
2023-08-20 03:00:00+00:00,355.5,309.0
2023-08-20 04:00:00+00:00,375.0,397.5
2023-08-20 05:00:00+00:00,327.25,306.75
2023-08-20 06:00:00+00:00,326.75,276.25
2023-08-20 07:00:00+00:00,375.5,235.25
2023-08-20 08:00:00+00:00,366.75,261.75
2023-08-20 09:00:00+00:00,298.0,280.5
2023-08-20 10:00:00+00:00,181.0,278.5
2023-08-20 11:00:00+00:00,107.0,284.5
2023-08-20 12:00:00+00:00,85.75,248.0
2023-08-20 13:00:00+00:00,69.25,306.25
2023-08-20 14:00:00+00:00,82.75,288.75
2023-08-20 15:00:00+00:00,74.75,233.5
2023-08-20 16:00:00+00:00,58.5,177.75
2023-08-20 17:00:00+00:00,65.0,137.25
2023-08-20 18:00:00+00:00,60.25,127.25
2023-08-20 19:00:00+00:00,50.75,99.5
2023-08-20 20:00:00+00:00,92.5,90.0
2023-08-20 21:00:00+00:00,111.0,84.25
2023-08-20 22:00:00+00:00,105.75,80.0
2023-08-20 23:00:00+00:00,158.5,80.0
2023-08-21 00:00:00+00:00,154.25,83.75
2023-08-21 01:00:00+00:00,165.0,89.25
2023-08-21 02:00:00+00:00,133.25,96.25
2023-08-21 03:00:00+00:00,133.25,95.5
2023-08-21 04:00:00+00:00,149.25,92.25
2023-08-21 05:00:00+00:00,119.5,101.0
2023-08-21 06:00:00+00:00,117.5,116.25
2023-08-21 07:00:00+00:00,127.25,139.5
2023-08-21 08:00:00+00:00,99.5,158.0
2023-08-21 09:00:00+00:00,80.75,172.0
2023-08-21 10:00:00+00:00,99.5,200.0
2023-08-21 11:00:00+00:00,103.0,208.5
2023-08-21 12:00:00+00:00,68.5,232.75
2023-08-21 13:00:00+00:00,58.75,260.0
2023-08-21 14:00:00+00:00,35.25,246.75
2023-08-21 15:00:00+00:00,24.75,203.75
2023-08-21 16:00:00+00:00,27.75,156.0
2023-08-21 17:00:00+00:00,22.75,108.25
2023-08-21 18:00:00+00:00,32.25,78.5
2023-08-21 19:00:00+00:00,43.5,72.25
2023-08-21 20:00:00+00:00,99.5,77.0
2023-08-21 21:00:00+00:00,119.25,77.25
2023-08-21 22:00:00+00:00,186.5,79.5
2023-08-21 23:00:00+00:00,220.25,90.25
2023-08-22 00:00:00+00:00,286.75,104.25
2023-08-22 01:00:00+00:00,273.5,129.0
2023-08-22 02:00:00+00:00,292.0,154.25
2023-08-22 03:00:00+00:00,357.75,181.5
2023-08-22 04:00:00+00:00,480.5,224.75
2023-08-22 05:00:00+00:00,520.25,331.75
2023-08-22 06:00:00+00:00,457.5,358.25
2023-08-22 07:00:00+00:00,428.5,348.75
2023-08-22 08:00:00+00:00,380.25,287.75
2023-08-22 09:00:00+00:00,352.75,312.0
2023-08-22 10:00:00+00:00,355.5,366.5
2023-08-22 11:00:00+00:00,369.75,423.5
2023-08-22 12:00:00+00:00,382.75,466.0
2023-08-22 13:00:00+00:00,408.25,472.0
2023-08-22 14:00:00+00:00,449.5,399.75
2023-08-22 15:00:00+00:00,496.5,390.25
2023-08-22 16:00:00+00:00,464.75,425.75
2023-08-22 17:00:00+00:00,399.5,380.5
2023-08-22 18:00:00+00:00,296.5,299.25
2023-08-22 19:00:00+00:00,306.0,196.75
2023-08-22 20:00:00+00:00,342.5,166.25
2023-08-22 21:00:00+00:00,408.75,162.75
2023-08-22 22:00:00+00:00,438.5,163.75
2023-08-22 23:00:00+00:00,325.0,147.75
2023-08-23 00:00:00+00:00,242.5,126.0
2023-08-23 01:00:00+00:00,221.75,116.0
2023-08-23 02:00:00+00:00,265.0,142.75
2023-08-23 03:00:00+00:00,260.75,160.0
2023-08-23 04:00:00+00:00,230.5,185.5
2023-08-23 05:00:00+00:00,141.5,210.5
2023-08-23 06:00:00+00:00,34.5,212.5
2023-08-23 07:00:00+00:00,3.25,177.5
2023-08-23 08:00:00+00:00,0.25,179.5
2023-08-23 09:00:00+00:00,17.0,209.25
2023-08-23 10:00:00+00:00,25.25,234.75
2023-08-23 11:00:00+00:00,46.0,224.0
2023-08-23 12:00:00+00:00,61.25,273.5
2023-08-23 13:00:00+00:00,85.25,384.0
2023-08-23 14:00:00+00:00,62.25,339.0
2023-08-23 15:00:00+00:00,45.75,297.75
2023-08-23 16:00:00+00:00,35.25,272.25
2023-08-23 17:00:00+00:00,52.75,155.75
2023-08-23 18:00:00+00:00,63.25,108.25
2023-08-23 19:00:00+00:00,94.25,110.25
2023-08-23 20:00:00+00:00,88.5,145.0
2023-08-23 21:00:00+00:00,121.25,149.75
2023-08-23 22:00:00+00:00,187.5,183.0
2023-08-23 23:00:00+00:00,361.75,233.75
2023-08-24 00:00:00+00:00,488.25,322.5
2023-08-24 01:00:00+00:00,745.75,405.0
2023-08-24 02:00:00+00:00,554.5,485.0
2023-08-24 03:00:00+00:00,464.0,437.75
2023-08-24 04:00:00+00:00,489.75,446.25
2023-08-24 05:00:00+00:00,523.5,447.25
2023-08-24 06:00:00+00:00,532.5,420.5
2023-08-24 07:00:00+00:00,776.25,307.25
2023-08-24 08:00:00+00:00,1007.75,309.5
2023-08-24 09:00:00+00:00,729.0,298.0
2023-08-24 10:00:00+00:00,284.0,175.25
2023-08-24 11:00:00+00:00,297.75,154.25
2023-08-24 12:00:00+00:00,456.75,245.25
2023-08-24 13:00:00+00:00,387.75,189.5
2023-08-24 14:00:00+00:00,401.25,274.75
2023-08-24 15:00:00+00:00,507.5,256.25
2023-08-24 16:00:00+00:00,660.0,191.25
2023-08-24 17:00:00+00:00,847.5,209.75
2023-08-24 18:00:00+00:00,986.25,225.0
2023-08-24 19:00:00+00:00,742.0,356.75
2023-08-24 20:00:00+00:00,692.75,352.5
2023-08-24 21:00:00+00:00,823.0,508.0
2023-08-24 22:00:00+00:00,559.75,501.5
2023-08-24 23:00:00+00:00,454.75,507.25
2023-08-25 00:00:00+00:00,258.5,429.5
2023-08-25 01:00:00+00:00,115.25,261.75
2023-08-25 02:00:00+00:00,95.25,144.5
2023-08-25 03:00:00+00:00,99.0,129.75
2023-08-25 04:00:00+00:00,127.5,124.5
2023-08-25 05:00:00+00:00,110.5,114.25
2023-08-25 06:00:00+00:00,149.0,94.75
2023-08-25 07:00:00+00:00,225.0,88.25
2023-08-25 08:00:00+00:00,265.0,83.0
2023-08-25 09:00:00+00:00,249.0,85.0
2023-08-25 10:00:00+00:00,204.25,102.75
2023-08-25 11:00:00+00:00,234.0,132.5
2023-08-25 12:00:00+00:00,177.75,195.75
2023-08-25 13:00:00+00:00,144.5,291.75
2023-08-25 14:00:00+00:00,151.0,354.75
2023-08-25 15:00:00+00:00,158.75,305.75
2023-08-25 16:00:00+00:00,58.75,339.5
2023-08-25 17:00:00+00:00,29.25,280.0
2023-08-25 18:00:00+00:00,101.75,192.25
2023-08-25 19:00:00+00:00,285.75,146.0
2023-08-25 20:00:00+00:00,399.0,151.75
2023-08-25 21:00:00+00:00,590.25,188.25
2023-08-25 22:00:00+00:00,787.0,253.75
2023-08-25 23:00:00+00:00,720.25,428.0
2023-08-26 00:00:00+00:00,639.25,486.5
2023-08-26 01:00:00+00:00,855.0,551.0
2023-08-26 02:00:00+00:00,907.5,583.0
2023-08-26 03:00:00+00:00,875.0,625.25
2023-08-26 04:00:00+00:00,1120.0,714.5
2023-08-26 05:00:00+00:00,1311.5,743.75
2023-08-26 06:00:00+00:00,1382.0,972.5
2023-08-26 07:00:00+00:00,1099.25,843.75
2023-08-26 08:00:00+00:00,1210.5,920.5
2023-08-26 09:00:00+00:00,1309.5,982.5
2023-08-26 10:00:00+00:00,822.75,971.25
2023-08-26 11:00:00+00:00,820.0,957.75
2023-08-26 12:00:00+00:00,811.0,739.0
2023-08-26 13:00:00+00:00,754.75,469.5
2023-08-26 14:00:00+00:00,704.5,416.5
2023-08-26 15:00:00+00:00,703.75,298.75
2023-08-26 16:00:00+00:00,788.5,322.0
2023-08-26 17:00:00+00:00,801.75,271.0
2023-08-26 18:00:00+00:00,988.5,246.5
2023-08-26 19:00:00+00:00,1035.75,172.75
2023-08-26 20:00:00+00:00,1114.5,196.0
2023-08-26 21:00:00+00:00,978.0,298.0
2023-08-26 22:00:00+00:00,801.5,378.0
2023-08-26 23:00:00+00:00,548.5,437.0
2023-08-27 00:00:00+00:00,470.75,555.0
2023-08-27 01:00:00+00:00,291.0,546.75
2023-08-27 02:00:00+00:00,478.0,542.5
2023-08-27 03:00:00+00:00,430.25,531.5
2023-08-27 04:00:00+00:00,532.75,636.0
2023-08-27 05:00:00+00:00,786.0,495.5
2023-08-27 06:00:00+00:00,837.75,612.25
2023-08-27 07:00:00+00:00,885.5,584.0
2023-08-27 08:00:00+00:00,785.25,707.25
2023-08-27 09:00:00+00:00,929.0,648.0
2023-08-27 10:00:00+00:00,646.75,594.25
2023-08-27 11:00:00+00:00,1041.5,716.5
2023-08-27 12:00:00+00:00,1094.5,857.75
2023-08-27 13:00:00+00:00,1335.0,1161.75
2023-08-27 14:00:00+00:00,1189.75,1184.0
2023-08-27 15:00:00+00:00,1123.25,1230.25
2023-08-27 16:00:00+00:00,1377.75,1093.0
2023-08-27 17:00:00+00:00,1045.75,962.0
2023-08-27 18:00:00+00:00,812.25,850.75
2023-08-27 19:00:00+00:00,668.5,777.75
2023-08-27 20:00:00+00:00,693.25,885.75
2023-08-27 21:00:00+00:00,678.25,815.5
2023-08-27 22:00:00+00:00,950.0,686.25
2023-08-27 23:00:00+00:00,1018.25,636.5
2023-08-28 00:00:00+00:00,904.5,562.25
2023-08-28 01:00:00+00:00,759.75,480.5
2023-08-28 02:00:00+00:00,646.75,368.0
2023-08-28 03:00:00+00:00,621.5,320.75
2023-08-28 04:00:00+00:00,377.75,250.0
2023-08-28 05:00:00+00:00,197.25,186.75
2023-08-28 06:00:00+00:00,178.0,196.5
2023-08-28 07:00:00+00:00,183.5,166.25
2023-08-28 08:00:00+00:00,266.0,159.25
2023-08-28 09:00:00+00:00,221.5,170.75
2023-08-28 10:00:00+00:00,84.25,198.75
2023-08-28 11:00:00+00:00,38.25,199.5
2023-08-28 12:00:00+00:00,61.75,264.75
2023-08-28 13:00:00+00:00,84.0,298.0
2023-08-28 14:00:00+00:00,177.0,323.75
2023-08-28 15:00:00+00:00,164.5,336.0
2023-08-28 16:00:00+00:00,151.25,333.75
2023-08-28 17:00:00+00:00,164.0,311.25
2023-08-28 18:00:00+00:00,106.25,272.25
2023-08-28 19:00:00+00:00,27.75,216.0
2023-08-28 20:00:00+00:00,11.5,136.75
2023-08-28 21:00:00+00:00,0.75,98.75
2023-08-28 22:00:00+00:00,3.75,87.0
2023-08-28 23:00:00+00:00,2.0,82.25
2023-08-29 00:00:00+00:00,1.25,80.75
2023-08-29 01:00:00+00:00,6.5,75.25
2023-08-29 02:00:00+00:00,9.0,75.75
2023-08-29 03:00:00+00:00,24.5,108.75
2023-08-29 04:00:00+00:00,27.75,81.25
2023-08-29 05:00:00+00:00,73.25,91.75
2023-08-29 06:00:00+00:00,83.5,120.0
2023-08-29 07:00:00+00:00,238.25,117.75
2023-08-29 08:00:00+00:00,237.75,149.25
2023-08-29 09:00:00+00:00,185.0,154.0
2023-08-29 10:00:00+00:00,195.25,174.5
2023-08-29 11:00:00+00:00,107.25,186.75
2023-08-29 12:00:00+00:00,115.5,157.5
2023-08-29 13:00:00+00:00,174.0,220.25
2023-08-29 14:00:00+00:00,252.5,275.0
2023-08-29 15:00:00+00:00,301.25,213.0
2023-08-29 16:00:00+00:00,271.5,206.75
2023-08-29 17:00:00+00:00,293.0,232.5
2023-08-29 18:00:00+00:00,427.25,221.0
2023-08-29 19:00:00+00:00,502.25,173.5
2023-08-29 20:00:00+00:00,637.75,181.75
2023-08-29 21:00:00+00:00,847.75,250.75
2023-08-29 22:00:00+00:00,978.0,343.25
2023-08-29 23:00:00+00:00,1077.0,349.5
2023-08-30 00:00:00+00:00,1020.25,366.5
2023-08-30 01:00:00+00:00,1004.5,422.0
2023-08-30 02:00:00+00:00,818.5,601.75
2023-08-30 03:00:00+00:00,698.25,653.5
2023-08-30 04:00:00+00:00,1180.25,729.25
2023-08-30 05:00:00+00:00,1454.0,939.5
2023-08-30 06:00:00+00:00,1219.75,1075.25
2023-08-30 07:00:00+00:00,1068.5,1030.25
2023-08-30 08:00:00+00:00,930.75,742.5
2023-08-30 09:00:00+00:00,1033.25,604.25
2023-08-30 10:00:00+00:00,1037.25,499.0
2023-08-30 11:00:00+00:00,798.75,729.25
2023-08-30 12:00:00+00:00,787.25,917.25
2023-08-30 13:00:00+00:00,555.25,998.0
2023-08-30 14:00:00+00:00,381.25,933.0
2023-08-30 15:00:00+00:00,389.75,743.75
2023-08-30 16:00:00+00:00,736.75,859.5
2023-08-30 17:00:00+00:00,519.0,834.5
2023-08-30 18:00:00+00:00,474.5,663.5
2023-08-30 19:00:00+00:00,442.75,421.0
2023-08-30 20:00:00+00:00,334.25,495.5
2023-08-30 21:00:00+00:00,397.0,630.5
2023-08-30 22:00:00+00:00,489.75,712.5
2023-08-30 23:00:00+00:00,579.0,736.5
2023-08-31 00:00:00+00:00,577.75,763.25
2023-08-31 01:00:00+00:00,547.5,775.75
2023-08-31 02:00:00+00:00,498.25,994.75
2023-08-31 03:00:00+00:00,385.0,912.0
2023-08-31 04:00:00+00:00,470.25,742.75
2023-08-31 05:00:00+00:00,550.75,666.75
2023-08-31 06:00:00+00:00,548.0,600.0
2023-08-31 07:00:00+00:00,462.5,507.25
2023-08-31 08:00:00+00:00,419.5,573.75
2023-08-31 09:00:00+00:00,440.5,706.25
2023-08-31 10:00:00+00:00,412.5,906.0
2023-08-31 11:00:00+00:00,356.25,1012.75
2023-08-31 12:00:00+00:00,287.5,890.25
2023-08-31 13:00:00+00:00,276.5,823.75
2023-08-31 14:00:00+00:00,254.0,686.5
2023-08-31 15:00:00+00:00,258.0,532.0
2023-08-31 16:00:00+00:00,303.75,386.75
2023-08-31 17:00:00+00:00,472.0,282.0
2023-08-31 18:00:00+00:00,442.25,215.0
2023-08-31 19:00:00+00:00,258.75,191.0
2023-08-31 20:00:00+00:00,277.75,144.25
2023-08-31 21:00:00+00:00,278.25,125.25
2023-08-31 22:00:00+00:00,223.0,130.0
2023-08-31 23:00:00+00:00,138.5,125.0
2023-09-01 00:00:00+00:00,86.5,116.25
2023-09-01 01:00:00+00:00,77.25,107.0
2023-09-01 02:00:00+00:00,99.0,109.0
2023-09-01 03:00:00+00:00,94.5,109.75
2023-09-01 04:00:00+00:00,78.0,112.75
2023-09-01 05:00:00+00:00,120.75,129.25
2023-09-01 06:00:00+00:00,97.25,141.25
2023-09-01 07:00:00+00:00,155.0,113.75
2023-09-01 08:00:00+00:00,141.0,145.5
2023-09-01 09:00:00+00:00,133.25,149.75
2023-09-01 10:00:00+00:00,117.25,122.5
2023-09-01 11:00:00+00:00,113.25,147.25
2023-09-01 12:00:00+00:00,156.0,121.75
2023-09-01 13:00:00+00:00,332.5,113.0
2023-09-01 14:00:00+00:00,424.25,129.0
2023-09-01 15:00:00+00:00,278.75,105.25
2023-09-01 16:00:00+00:00,119.25,101.5
2023-09-01 17:00:00+00:00,61.75,83.25
2023-09-01 18:00:00+00:00,79.75,91.25
2023-09-01 19:00:00+00:00,90.75,168.25
2023-09-01 20:00:00+00:00,111.25,209.5
2023-09-01 21:00:00+00:00,106.5,182.25
2023-09-01 22:00:00+00:00,117.0,128.25
2023-09-01 23:00:00+00:00,95.0,109.5
2023-09-02 00:00:00+00:00,85.0,91.0
2023-09-02 01:00:00+00:00,77.75,79.75
2023-09-02 02:00:00+00:00,62.25,81.25
2023-09-02 03:00:00+00:00,55.25,82.25
2023-09-02 04:00:00+00:00,60.5,83.75
2023-09-02 05:00:00+00:00,65.75,95.0
2023-09-02 06:00:00+00:00,65.25,101.75
2023-09-02 07:00:00+00:00,64.0,111.5
2023-09-02 08:00:00+00:00,62.25,93.25
2023-09-02 09:00:00+00:00,89.75,114.5
2023-09-02 10:00:00+00:00,95.25,141.25
2023-09-02 11:00:00+00:00,154.5,166.75
2023-09-02 12:00:00+00:00,165.25,195.25
2023-09-02 13:00:00+00:00,156.25,186.25
2023-09-02 14:00:00+00:00,180.0,169.75
2023-09-02 15:00:00+00:00,274.5,177.5
2023-09-02 16:00:00+00:00,289.5,261.75
2023-09-02 17:00:00+00:00,433.0,308.25
2023-09-02 18:00:00+00:00,406.25,289.25
2023-09-02 19:00:00+00:00,325.0,267.0
2023-09-02 20:00:00+00:00,243.5,271.5
2023-09-02 21:00:00+00:00,159.0,233.25
2023-09-02 22:00:00+00:00,267.0,214.75
2023-09-02 23:00:00+00:00,147.5,175.25
2023-09-03 00:00:00+00:00,177.0,166.0
2023-09-03 01:00:00+00:00,126.0,139.75
2023-09-03 02:00:00+00:00,106.25,113.75
2023-09-03 03:00:00+00:00,65.25,91.0
2023-09-03 04:00:00+00:00,43.5,83.25
2023-09-03 05:00:00+00:00,38.75,87.0
2023-09-03 06:00:00+00:00,54.5,95.75
2023-09-03 07:00:00+00:00,78.75,116.0
2023-09-03 08:00:00+00:00,105.25,131.75
2023-09-03 09:00:00+00:00,125.25,143.0
2023-09-03 10:00:00+00:00,132.25,150.0
2023-09-03 11:00:00+00:00,125.25,147.5
2023-09-03 12:00:00+00:00,82.5,152.25
2023-09-03 13:00:00+00:00,53.0,150.5
2023-09-03 14:00:00+00:00,70.0,121.25
2023-09-03 15:00:00+00:00,94.75,115.25
2023-09-03 16:00:00+00:00,113.25,98.75
2023-09-03 17:00:00+00:00,262.75,103.5
2023-09-03 18:00:00+00:00,217.0,128.25
2023-09-03 19:00:00+00:00,193.75,194.5
2023-09-03 20:00:00+00:00,233.0,243.75
2023-09-03 21:00:00+00:00,247.5,300.25
2023-09-03 22:00:00+00:00,321.0,283.0
2023-09-03 23:00:00+00:00,335.5,262.5
2023-09-04 00:00:00+00:00,307.5,310.25
2023-09-04 01:00:00+00:00,257.75,277.25
2023-09-04 02:00:00+00:00,232.75,257.5
2023-09-04 03:00:00+00:00,293.75,266.25
2023-09-04 04:00:00+00:00,292.5,298.5
2023-09-04 05:00:00+00:00,425.0,351.75
2023-09-04 06:00:00+00:00,382.25,304.0
2023-09-04 07:00:00+00:00,269.75,292.0
2023-09-04 08:00:00+00:00,230.75,229.5
2023-09-04 09:00:00+00:00,180.5,223.25
2023-09-04 10:00:00+00:00,109.5,214.5
2023-09-04 11:00:00+00:00,97.0,207.25
2023-09-04 12:00:00+00:00,142.25,204.25
2023-09-04 13:00:00+00:00,169.0,209.25
2023-09-04 14:00:00+00:00,241.75,220.0
2023-09-04 15:00:00+00:00,369.0,233.25
2023-09-04 16:00:00+00:00,507.5,321.0
2023-09-04 17:00:00+00:00,797.75,450.0
2023-09-04 18:00:00+00:00,1103.0,684.25
2023-09-04 19:00:00+00:00,880.0,684.5
2023-09-04 20:00:00+00:00,719.25,667.0
2023-09-04 21:00:00+00:00,649.75,600.0
2023-09-04 22:00:00+00:00,637.5,542.0
2023-09-04 23:00:00+00:00,659.0,446.75
2023-09-05 00:00:00+00:00,695.25,370.75
2023-09-05 01:00:00+00:00,559.0,384.0
2023-09-05 02:00:00+00:00,471.25,482.75
2023-09-05 03:00:00+00:00,416.25,555.0
2023-09-05 04:00:00+00:00,346.25,641.5
2023-09-05 05:00:00+00:00,210.75,784.75
2023-09-05 06:00:00+00:00,177.5,701.75
2023-09-05 07:00:00+00:00,178.25,483.5
2023-09-05 08:00:00+00:00,166.25,357.0
2023-09-05 09:00:00+00:00,140.5,304.25
2023-09-05 10:00:00+00:00,72.75,299.75
2023-09-05 11:00:00+00:00,165.5,281.25
2023-09-05 12:00:00+00:00,256.0,325.5
2023-09-05 13:00:00+00:00,214.25,330.5
2023-09-05 14:00:00+00:00,264.0,290.75
2023-09-05 15:00:00+00:00,271.0,308.5
2023-09-05 16:00:00+00:00,274.75,356.75
2023-09-05 17:00:00+00:00,265.5,450.75
2023-09-05 18:00:00+00:00,392.25,569.25
2023-09-05 19:00:00+00:00,488.0,711.75
2023-09-05 20:00:00+00:00,453.75,705.5
2023-09-05 21:00:00+00:00,464.75,582.5
2023-09-05 22:00:00+00:00,474.5,463.5
2023-09-05 23:00:00+00:00,346.75,482.75
2023-09-06 00:00:00+00:00,207.75,510.0
2023-09-06 01:00:00+00:00,133.25,390.75
2023-09-06 02:00:00+00:00,89.5,364.75
2023-09-06 03:00:00+00:00,82.75,319.5
2023-09-06 04:00:00+00:00,88.5,281.75
2023-09-06 05:00:00+00:00,97.75,260.5
2023-09-06 06:00:00+00:00,74.25,233.25
2023-09-06 07:00:00+00:00,83.5,212.75
2023-09-06 08:00:00+00:00,84.5,194.0
2023-09-06 09:00:00+00:00,113.25,233.5
2023-09-06 10:00:00+00:00,151.5,243.25
2023-09-06 11:00:00+00:00,140.0,274.75
2023-09-06 12:00:00+00:00,100.0,304.75
2023-09-06 13:00:00+00:00,78.25,225.5
2023-09-06 14:00:00+00:00,67.75,175.5
2023-09-06 15:00:00+00:00,39.75,146.25
2023-09-06 16:00:00+00:00,71.75,151.0
2023-09-06 17:00:00+00:00,90.0,179.0
2023-09-06 18:00:00+00:00,148.0,245.25
2023-09-06 19:00:00+00:00,172.0,349.25
2023-09-06 20:00:00+00:00,264.0,465.75
2023-09-06 21:00:00+00:00,338.75,546.25
2023-09-06 22:00:00+00:00,431.5,613.25
2023-09-06 23:00:00+00:00,485.25,703.5
2023-09-07 00:00:00+00:00,544.25,713.0
2023-09-07 01:00:00+00:00,438.75,603.25
2023-09-07 02:00:00+00:00,280.25,510.75
2023-09-07 03:00:00+00:00,273.75,454.0
2023-09-07 04:00:00+00:00,336.75,442.75
2023-09-07 05:00:00+00:00,299.25,442.25
2023-09-07 06:00:00+00:00,384.0,411.0
2023-09-07 07:00:00+00:00,465.0,319.5
2023-09-07 08:00:00+00:00,499.5,242.75
2023-09-07 09:00:00+00:00,511.75,196.0
2023-09-07 10:00:00+00:00,465.75,247.25
2023-09-07 11:00:00+00:00,372.5,312.0
2023-09-07 12:00:00+00:00,558.75,389.25
2023-09-07 13:00:00+00:00,795.5,479.25
2023-09-07 14:00:00+00:00,696.25,525.5
2023-09-07 15:00:00+00:00,642.75,607.5
2023-09-07 16:00:00+00:00,681.25,660.5
2023-09-07 17:00:00+00:00,794.5,564.75
2023-09-07 18:00:00+00:00,838.75,545.5
2023-09-07 19:00:00+00:00,867.75,721.0
2023-09-07 20:00:00+00:00,851.0,949.5
2023-09-07 21:00:00+00:00,747.5,1069.75
2023-09-07 22:00:00+00:00,666.0,890.75
2023-09-07 23:00:00+00:00,608.0,685.75
2023-09-08 00:00:00+00:00,399.5,617.0
2023-09-08 01:00:00+00:00,288.5,538.75
2023-09-08 02:00:00+00:00,160.25,382.0
2023-09-08 03:00:00+00:00,118.0,320.0
2023-09-08 04:00:00+00:00,127.0,293.25
2023-09-08 05:00:00+00:00,144.25,319.25
2023-09-08 06:00:00+00:00,118.25,311.0
2023-09-08 07:00:00+00:00,104.5,205.5
2023-09-08 08:00:00+00:00,105.25,144.25
2023-09-08 09:00:00+00:00,59.0,125.5
2023-09-08 10:00:00+00:00,23.25,117.75
2023-09-08 11:00:00+00:00,4.5,111.25
2023-09-08 12:00:00+00:00,0.75,107.0
2023-09-08 13:00:00+00:00,2.0,104.5
2023-09-08 14:00:00+00:00,14.5,90.5
2023-09-08 15:00:00+00:00,8.0,83.0
2023-09-08 16:00:00+00:00,4.5,70.75
2023-09-08 17:00:00+00:00,10.25,48.5
2023-09-08 18:00:00+00:00,15.0,41.0
2023-09-08 19:00:00+00:00,8.25,37.5
2023-09-08 20:00:00+00:00,0.75,26.25
2023-09-08 21:00:00+00:00,0.0,19.75
2023-09-08 22:00:00+00:00,0.0,33.75
2023-09-08 23:00:00+00:00,0.0,45.0
2023-09-09 00:00:00+00:00,0.25,37.75
2023-09-09 01:00:00+00:00,1.0,33.75
2023-09-09 02:00:00+00:00,0.5,33.25
2023-09-09 03:00:00+00:00,0.0,33.5
2023-09-09 04:00:00+00:00,0.0,45.5
2023-09-09 05:00:00+00:00,1.25,50.75
2023-09-09 06:00:00+00:00,2.25,67.5
2023-09-09 07:00:00+00:00,1.75,101.0
2023-09-09 08:00:00+00:00,5.25,121.75
2023-09-09 09:00:00+00:00,20.25,135.0
2023-09-09 10:00:00+00:00,39.0,146.5
2023-09-09 11:00:00+00:00,1.75,156.5
2023-09-09 12:00:00+00:00,13.75,157.5
2023-09-09 13:00:00+00:00,82.5,147.75
2023-09-09 14:00:00+00:00,89.5,131.0
2023-09-09 15:00:00+00:00,113.5,115.0
2023-09-09 16:00:00+00:00,111.5,99.75
2023-09-09 17:00:00+00:00,109.5,95.75
2023-09-09 18:00:00+00:00,90.0,114.25
2023-09-09 19:00:00+00:00,104.5,134.0
2023-09-09 20:00:00+00:00,78.0,158.25
2023-09-09 21:00:00+00:00,55.25,162.5
2023-09-09 22:00:00+00:00,72.0,160.75
2023-09-09 23:00:00+00:00,83.75,144.5
2023-09-10 00:00:00+00:00,110.75,138.75
2023-09-10 01:00:00+00:00,159.25,125.0
2023-09-10 02:00:00+00:00,231.75,156.25
2023-09-10 03:00:00+00:00,271.75,201.25
2023-09-10 04:00:00+00:00,357.75,205.25
2023-09-10 05:00:00+00:00,347.25,222.75
2023-09-10 06:00:00+00:00,324.75,217.25
2023-09-10 07:00:00+00:00,262.0,203.25
2023-09-10 08:00:00+00:00,233.75,177.75
2023-09-10 09:00:00+00:00,207.75,178.0
2023-09-10 10:00:00+00:00,193.75,181.5
2023-09-10 11:00:00+00:00,149.25,188.25
2023-09-10 12:00:00+00:00,145.5,174.5
2023-09-10 13:00:00+00:00,172.75,164.25
2023-09-10 14:00:00+00:00,168.5,150.0
2023-09-10 15:00:00+00:00,156.0,158.25
2023-09-10 16:00:00+00:00,181.5,156.5
2023-09-10 17:00:00+00:00,301.0,168.75
2023-09-10 18:00:00+00:00,426.0,239.75
2023-09-10 19:00:00+00:00,581.0,365.25
2023-09-10 20:00:00+00:00,758.5,508.0
2023-09-10 21:00:00+00:00,1083.0,629.25
2023-09-10 22:00:00+00:00,1213.25,740.5
2023-09-10 23:00:00+00:00,1103.5,748.75
2023-09-11 00:00:00+00:00,1015.5,769.0
2023-09-11 01:00:00+00:00,882.5,785.25
2023-09-11 02:00:00+00:00,725.5,766.0
2023-09-11 03:00:00+00:00,706.25,706.25
2023-09-11 04:00:00+00:00,730.25,588.25
2023-09-11 05:00:00+00:00,855.5,600.0
2023-09-11 06:00:00+00:00,1018.5,606.25
2023-09-11 07:00:00+00:00,816.75,452.5
2023-09-11 08:00:00+00:00,707.0,390.0
2023-09-11 09:00:00+00:00,651.75,365.75
2023-09-11 10:00:00+00:00,534.5,414.75
2023-09-11 11:00:00+00:00,390.75,491.75
2023-09-11 12:00:00+00:00,281.75,438.25
2023-09-11 13:00:00+00:00,301.0,402.25
2023-09-11 14:00:00+00:00,332.25,437.0
2023-09-11 15:00:00+00:00,322.0,328.75
2023-09-11 16:00:00+00:00,246.0,237.0
2023-09-11 17:00:00+00:00,254.5,130.75
2023-09-11 18:00:00+00:00,220.5,121.5
2023-09-11 19:00:00+00:00,184.75,124.25
2023-09-11 20:00:00+00:00,273.0,110.0
2023-09-11 21:00:00+00:00,366.5,99.5
2023-09-11 22:00:00+00:00,378.75,111.75
2023-09-11 23:00:00+00:00,361.75,97.0
2023-09-12 00:00:00+00:00,263.5,102.75
2023-09-12 01:00:00+00:00,263.25,97.5
2023-09-12 02:00:00+00:00,243.5,91.75
2023-09-12 03:00:00+00:00,143.75,75.75
2023-09-12 04:00:00+00:00,95.5,101.5
2023-09-12 05:00:00+00:00,118.75,115.5
2023-09-12 06:00:00+00:00,102.0,123.75
2023-09-12 07:00:00+00:00,66.5,120.5
2023-09-12 08:00:00+00:00,43.0,136.0
2023-09-12 09:00:00+00:00,35.0,148.5
2023-09-12 10:00:00+00:00,38.75,137.5
2023-09-12 11:00:00+00:00,22.0,128.0
2023-09-12 12:00:00+00:00,23.0,121.5
2023-09-12 13:00:00+00:00,51.0,100.25
2023-09-12 14:00:00+00:00,231.5,113.0
2023-09-12 15:00:00+00:00,331.0,119.75
2023-09-12 16:00:00+00:00,378.0,122.0
2023-09-12 17:00:00+00:00,322.5,106.5
2023-09-12 18:00:00+00:00,325.75,123.0
2023-09-12 19:00:00+00:00,476.75,141.5
2023-09-12 20:00:00+00:00,459.0,162.0
2023-09-12 21:00:00+00:00,502.5,181.25
2023-09-12 22:00:00+00:00,512.75,264.75
2023-09-12 23:00:00+00:00,598.75,313.25
2023-09-13 00:00:00+00:00,790.25,398.75
2023-09-13 01:00:00+00:00,921.75,454.25
2023-09-13 02:00:00+00:00,1267.5,526.0
2023-09-13 03:00:00+00:00,2465.0,562.0
2023-09-13 04:00:00+00:00,3031.5,913.5
2023-09-13 05:00:00+00:00,3093.5,1741.25
2023-09-13 06:00:00+00:00,2680.75,1793.25
2023-09-13 07:00:00+00:00,2116.25,1346.5
2023-09-13 08:00:00+00:00,1992.25,1075.75
2023-09-13 09:00:00+00:00,1802.25,1026.5
2023-09-13 10:00:00+00:00,1517.0,944.5
2023-09-13 11:00:00+00:00,1349.0,727.0
2023-09-13 12:00:00+00:00,1089.5,728.0
2023-09-13 13:00:00+00:00,834.5,704.75
2023-09-13 14:00:00+00:00,665.5,539.75
2023-09-13 15:00:00+00:00,509.5,592.25
2023-09-13 16:00:00+00:00,493.0,391.0
2023-09-13 17:00:00+00:00,565.5,284.0
2023-09-13 18:00:00+00:00,407.0,203.0
2023-09-13 19:00:00+00:00,272.0,190.25
2023-09-13 20:00:00+00:00,114.5,176.25
2023-09-13 21:00:00+00:00,43.75,152.5
2023-09-13 22:00:00+00:00,13.5,127.0
2023-09-13 23:00:00+00:00,1.5,86.5
2023-09-14 00:00:00+00:00,9.25,77.75
2023-09-14 01:00:00+00:00,36.5,74.0
2023-09-14 02:00:00+00:00,46.25,74.25
2023-09-14 03:00:00+00:00,91.5,89.25
2023-09-14 04:00:00+00:00,124.0,122.0
2023-09-14 05:00:00+00:00,160.0,169.75
2023-09-14 06:00:00+00:00,193.5,200.0
2023-09-14 07:00:00+00:00,226.25,193.25
2023-09-14 08:00:00+00:00,252.0,186.25
2023-09-14 09:00:00+00:00,280.25,197.75
2023-09-14 10:00:00+00:00,280.0,166.25
2023-09-14 11:00:00+00:00,259.0,164.5
2023-09-14 12:00:00+00:00,225.5,175.75
2023-09-14 13:00:00+00:00,163.25,158.0
2023-09-14 14:00:00+00:00,135.75,127.0
2023-09-14 15:00:00+00:00,105.0,91.5
2023-09-14 16:00:00+00:00,89.5,87.25
2023-09-14 17:00:00+00:00,63.0,75.75
2023-09-14 18:00:00+00:00,49.5,117.25
2023-09-14 19:00:00+00:00,105.0,271.0
2023-09-14 20:00:00+00:00,193.75,432.25
2023-09-14 21:00:00+00:00,360.0,526.0
2023-09-14 22:00:00+00:00,559.0,536.25
2023-09-14 23:00:00+00:00,641.0,535.25
2023-09-15 00:00:00+00:00,610.75,514.0
2023-09-15 01:00:00+00:00,558.5,398.25
2023-09-15 02:00:00+00:00,511.75,286.75
2023-09-15 03:00:00+00:00,448.75,244.75
2023-09-15 04:00:00+00:00,395.75,210.5
2023-09-15 05:00:00+00:00,372.75,204.0
2023-09-15 06:00:00+00:00,382.0,214.75
2023-09-15 07:00:00+00:00,371.5,224.0
2023-09-15 08:00:00+00:00,358.0,198.0
2023-09-15 09:00:00+00:00,341.0,200.0
2023-09-15 10:00:00+00:00,317.25,195.75
2023-09-15 11:00:00+00:00,258.25,172.75
2023-09-15 12:00:00+00:00,183.75,162.75
2023-09-15 13:00:00+00:00,207.75,151.75
2023-09-15 14:00:00+00:00,211.75,147.5
2023-09-15 15:00:00+00:00,250.25,158.75
2023-09-15 16:00:00+00:00,324.5,158.75
2023-09-15 17:00:00+00:00,361.0,246.75
2023-09-15 18:00:00+00:00,396.0,345.0
2023-09-15 19:00:00+00:00,431.5,453.5
2023-09-15 20:00:00+00:00,396.25,569.75
2023-09-15 21:00:00+00:00,396.0,497.25
2023-09-15 22:00:00+00:00,401.25,377.5
2023-09-15 23:00:00+00:00,338.25,318.0
2023-09-16 00:00:00+00:00,246.0,301.0
2023-09-16 01:00:00+00:00,202.75,241.5
2023-09-16 02:00:00+00:00,120.75,156.75
2023-09-16 03:00:00+00:00,48.75,115.5
2023-09-16 04:00:00+00:00,15.0,94.0
2023-09-16 05:00:00+00:00,13.5,85.0
2023-09-16 06:00:00+00:00,5.0,87.75
2023-09-16 07:00:00+00:00,8.25,109.5
2023-09-16 08:00:00+00:00,11.5,139.25
2023-09-16 09:00:00+00:00,20.75,142.75
2023-09-16 10:00:00+00:00,30.5,140.5
2023-09-16 11:00:00+00:00,53.25,158.0
2023-09-16 12:00:00+00:00,82.75,136.0
2023-09-16 13:00:00+00:00,70.25,138.75
2023-09-16 14:00:00+00:00,112.25,129.25
2023-09-16 15:00:00+00:00,183.0,140.0
2023-09-16 16:00:00+00:00,285.0,185.0
2023-09-16 17:00:00+00:00,491.25,304.75
2023-09-16 18:00:00+00:00,854.25,533.5
2023-09-16 19:00:00+00:00,1119.75,712.75
2023-09-16 20:00:00+00:00,1328.0,735.5
2023-09-16 21:00:00+00:00,1189.75,660.75
2023-09-16 22:00:00+00:00,1014.75,547.75
2023-09-16 23:00:00+00:00,748.75,503.0
2023-09-17 00:00:00+00:00,484.25,513.5
2023-09-17 01:00:00+00:00,897.0,470.25
2023-09-17 02:00:00+00:00,1033.75,523.5
2023-09-17 03:00:00+00:00,1104.0,617.0
2023-09-17 04:00:00+00:00,1270.5,615.0
2023-09-17 05:00:00+00:00,1548.75,632.5
2023-09-17 06:00:00+00:00,1571.75,668.5
2023-09-17 07:00:00+00:00,1648.25,683.0
2023-09-17 08:00:00+00:00,1575.75,604.75
2023-09-17 09:00:00+00:00,1255.75,542.25
2023-09-17 10:00:00+00:00,982.5,392.25
2023-09-17 11:00:00+00:00,438.0,230.0
2023-09-17 12:00:00+00:00,192.5,120.5
2023-09-17 13:00:00+00:00,122.0,84.75
2023-09-17 14:00:00+00:00,125.5,101.75
2023-09-17 15:00:00+00:00,75.5,109.25
2023-09-17 16:00:00+00:00,112.5,127.5
2023-09-17 17:00:00+00:00,189.25,159.0
2023-09-17 18:00:00+00:00,185.75,163.75
2023-09-17 19:00:00+00:00,343.25,202.75
2023-09-17 20:00:00+00:00,493.25,304.25
2023-09-17 21:00:00+00:00,724.75,332.25
2023-09-17 22:00:00+00:00,1039.5,437.25
2023-09-17 23:00:00+00:00,1042.0,636.0
2023-09-18 00:00:00+00:00,1158.0,757.0
2023-09-18 01:00:00+00:00,898.5,874.75
2023-09-18 02:00:00+00:00,952.25,864.25
2023-09-18 03:00:00+00:00,915.25,829.25
2023-09-18 04:00:00+00:00,1093.75,885.75
2023-09-18 05:00:00+00:00,1478.25,1128.25
2023-09-18 06:00:00+00:00,2205.0,1073.0
2023-09-18 07:00:00+00:00,2618.5,982.5
2023-09-18 08:00:00+00:00,2752.5,1164.25
2023-09-18 09:00:00+00:00,2503.0,1476.0
2023-09-18 10:00:00+00:00,2881.5,1662.0
2023-09-18 11:00:00+00:00,2614.5,1803.5
2023-09-18 12:00:00+00:00,2798.5,1747.25
2023-09-18 13:00:00+00:00,2794.75,1677.5
2023-09-18 14:00:00+00:00,2956.25,1784.5
2023-09-18 15:00:00+00:00,3054.5,2049.25
2023-09-18 16:00:00+00:00,3125.5,2137.25
2023-09-18 17:00:00+00:00,2879.25,2224.5
2023-09-18 18:00:00+00:00,2963.0,2287.0
2023-09-18 19:00:00+00:00,3122.5,2250.75
2023-09-18 20:00:00+00:00,3055.75,2149.75
2023-09-18 21:00:00+00:00,3085.5,1740.0
2023-09-18 22:00:00+00:00,3122.25,1443.75
2023-09-18 23:00:00+00:00,3060.75,1378.75
2023-09-19 00:00:00+00:00,2999.75,1506.5
2023-09-19 01:00:00+00:00,2960.0,1576.5
2023-09-19 02:00:00+00:00,2955.75,1668.0
2023-09-19 03:00:00+00:00,3021.5,1918.25
2023-09-19 04:00:00+00:00,3165.5,2021.0
2023-09-19 05:00:00+00:00,3182.0,1994.25
2023-09-19 06:00:00+00:00,3182.75,1988.5
2023-09-19 07:00:00+00:00,3146.75,1944.5
2023-09-19 08:00:00+00:00,2994.0,1953.75
2023-09-19 09:00:00+00:00,2456.75,1514.5
2023-09-19 10:00:00+00:00,2072.75,1858.75
2023-09-19 11:00:00+00:00,1734.75,1934.75
2023-09-19 12:00:00+00:00,2066.5,2141.25
2023-09-19 13:00:00+00:00,2464.75,2175.25
2023-09-19 14:00:00+00:00,2872.25,2317.0
2023-09-19 15:00:00+00:00,2967.25,2423.25
2023-09-19 16:00:00+00:00,3005.0,2410.25
2023-09-19 17:00:00+00:00,3053.25,2406.5
2023-09-19 18:00:00+00:00,3072.25,2394.5
2023-09-19 19:00:00+00:00,3074.5,2367.5
2023-09-19 20:00:00+00:00,3062.25,2359.5
2023-09-19 21:00:00+00:00,3076.25,2316.75
2023-09-19 22:00:00+00:00,3051.0,2072.75
2023-09-19 23:00:00+00:00,3004.0,1758.5
2023-09-20 00:00:00+00:00,2990.0,1708.25
2023-09-20 01:00:00+00:00,3003.25,1651.5
2023-09-20 02:00:00+00:00,2982.25,1643.25
2023-09-20 03:00:00+00:00,3032.75,1779.5
2023-09-20 04:00:00+00:00,3048.5,1758.75
2023-09-20 05:00:00+00:00,3047.0,1771.25
2023-09-20 06:00:00+00:00,3048.25,1847.25
2023-09-20 07:00:00+00:00,3057.25,1886.0
2023-09-20 08:00:00+00:00,3059.5,1970.0
2023-09-20 09:00:00+00:00,3007.5,1900.0
2023-09-20 10:00:00+00:00,3002.0,1809.0
2023-09-20 11:00:00+00:00,2817.75,1742.5
2023-09-20 12:00:00+00:00,2477.75,1715.0
2023-09-20 13:00:00+00:00,2546.75,1695.0
2023-09-20 14:00:00+00:00,2941.5,2060.75
2023-09-20 15:00:00+00:00,2841.25,2012.75
2023-09-20 16:00:00+00:00,2961.5,1815.25
2023-09-20 17:00:00+00:00,2950.0,1756.5
2023-09-20 18:00:00+00:00,2990.25,1717.5
2023-09-20 19:00:00+00:00,2993.0,1847.0
2023-09-20 20:00:00+00:00,2982.5,1983.25
2023-09-20 21:00:00+00:00,2972.25,2003.75
2023-09-20 22:00:00+00:00,3051.5,2091.75
2023-09-20 23:00:00+00:00,3058.5,2196.0
2023-09-21 00:00:00+00:00,3037.0,2218.5
2023-09-21 01:00:00+00:00,2991.75,2196.25
2023-09-21 02:00:00+00:00,2595.5,2104.5
2023-09-21 03:00:00+00:00,2023.75,1945.25
2023-09-21 04:00:00+00:00,1115.5,1587.0
2023-09-21 05:00:00+00:00,470.75,1255.25
2023-09-21 06:00:00+00:00,391.75,828.25
2023-09-21 07:00:00+00:00,426.75,338.0
2023-09-21 08:00:00+00:00,204.5,204.5
2023-09-21 09:00:00+00:00,282.5,198.75
2023-09-21 10:00:00+00:00,285.5,179.0
2023-09-21 11:00:00+00:00,376.25,151.75
2023-09-21 12:00:00+00:00,288.25,141.0
2023-09-21 13:00:00+00:00,200.75,132.25
2023-09-21 14:00:00+00:00,166.25,80.25
2023-09-21 15:00:00+00:00,57.25,52.75
2023-09-21 16:00:00+00:00,27.75,44.5
2023-09-21 17:00:00+00:00,28.0,100.5
2023-09-21 18:00:00+00:00,183.75,105.25
2023-09-21 19:00:00+00:00,84.0,65.25
2023-09-21 20:00:00+00:00,133.5,115.5
2023-09-21 21:00:00+00:00,280.0,303.75
2023-09-21 22:00:00+00:00,415.25,477.0
2023-09-21 23:00:00+00:00,627.5,594.75
2023-09-22 00:00:00+00:00,871.0,586.5
2023-09-22 01:00:00+00:00,1090.75,622.75
2023-09-22 02:00:00+00:00,1393.5,708.5
2023-09-22 03:00:00+00:00,1627.0,892.5
2023-09-22 04:00:00+00:00,1657.75,1005.5
2023-09-22 05:00:00+00:00,1397.25,1236.5
2023-09-22 06:00:00+00:00,902.0,1327.5
2023-09-22 07:00:00+00:00,542.25,1353.0
2023-09-22 08:00:00+00:00,609.25,1480.25
2023-09-22 09:00:00+00:00,793.0,1480.5
2023-09-22 10:00:00+00:00,942.0,1589.0
2023-09-22 11:00:00+00:00,1095.0,1395.25
2023-09-22 12:00:00+00:00,1105.0,1285.0
2023-09-22 13:00:00+00:00,812.25,907.5
2023-09-22 14:00:00+00:00,770.0,646.75
2023-09-22 15:00:00+00:00,523.75,481.0
2023-09-22 16:00:00+00:00,385.75,332.0
2023-09-22 17:00:00+00:00,285.5,226.5
2023-09-22 18:00:00+00:00,230.75,275.25
2023-09-22 19:00:00+00:00,419.0,310.5
2023-09-22 20:00:00+00:00,792.25,351.0
2023-09-22 21:00:00+00:00,494.75,342.25
2023-09-22 22:00:00+00:00,696.75,368.75
2023-09-22 23:00:00+00:00,685.25,532.75
2023-09-23 00:00:00+00:00,780.0,915.75
2023-09-23 01:00:00+00:00,991.0,854.25
2023-09-23 02:00:00+00:00,1141.25,861.5
2023-09-23 03:00:00+00:00,1251.0,914.5
2023-09-23 04:00:00+00:00,1333.5,936.75
2023-09-23 05:00:00+00:00,1158.5,996.0
2023-09-23 06:00:00+00:00,1206.5,826.5
2023-09-23 07:00:00+00:00,1172.25,760.25
2023-09-23 08:00:00+00:00,1258.0,759.75
2023-09-23 09:00:00+00:00,1053.5,827.0
2023-09-23 10:00:00+00:00,848.5,874.0
2023-09-23 11:00:00+00:00,717.5,746.5
2023-09-23 12:00:00+00:00,870.0,673.0
2023-09-23 13:00:00+00:00,857.75,751.5
2023-09-23 14:00:00+00:00,705.75,684.75
2023-09-23 15:00:00+00:00,676.5,608.0
2023-09-23 16:00:00+00:00,518.5,481.5
2023-09-23 17:00:00+00:00,285.5,358.25
2023-09-23 18:00:00+00:00,307.5,260.5
2023-09-23 19:00:00+00:00,340.0,176.5
2023-09-23 20:00:00+00:00,599.25,200.75
2023-09-23 21:00:00+00:00,691.0,277.5
2023-09-23 22:00:00+00:00,813.0,343.75
2023-09-23 23:00:00+00:00,821.25,454.5
2023-09-24 00:00:00+00:00,926.0,553.25
2023-09-24 01:00:00+00:00,1334.75,699.5
2023-09-24 02:00:00+00:00,1571.5,776.75
2023-09-24 03:00:00+00:00,1831.25,823.0
2023-09-24 04:00:00+00:00,2041.5,849.75
2023-09-24 05:00:00+00:00,2378.25,932.25
2023-09-24 06:00:00+00:00,2474.75,1020.5
2023-09-24 07:00:00+00:00,2394.75,938.5
2023-09-24 08:00:00+00:00,2259.25,893.25
2023-09-24 09:00:00+00:00,1761.0,938.5
2023-09-24 10:00:00+00:00,1557.75,896.25
2023-09-24 11:00:00+00:00,1376.25,895.5
2023-09-24 12:00:00+00:00,1307.0,1000.75
2023-09-24 13:00:00+00:00,1340.75,954.0
2023-09-24 14:00:00+00:00,1411.0,1023.5
2023-09-24 15:00:00+00:00,2000.0,978.75
2023-09-24 16:00:00+00:00,2165.25,805.0
2023-09-24 17:00:00+00:00,2384.75,892.5
2023-09-24 18:00:00+00:00,2536.0,1192.25
2023-09-24 19:00:00+00:00,2623.75,1452.25
2023-09-24 20:00:00+00:00,2716.0,1592.0
2023-09-24 21:00:00+00:00,2787.0,1729.0
2023-09-24 22:00:00+00:00,2804.0,1746.5
2023-09-24 23:00:00+00:00,2896.0,1661.0
2023-09-25 00:00:00+00:00,2914.75,1464.0
2023-09-25 01:00:00+00:00,2893.75,1510.5
2023-09-25 02:00:00+00:00,2737.0,1731.5
2023-09-25 03:00:00+00:00,2519.75,1844.25
2023-09-25 04:00:00+00:00,2382.75,1870.5
2023-09-25 05:00:00+00:00,2268.75,1752.25
2023-09-25 06:00:00+00:00,2061.75,1709.5
2023-09-25 07:00:00+00:00,1766.25,1440.0
2023-09-25 08:00:00+00:00,1596.5,1057.25
2023-09-25 09:00:00+00:00,1286.5,627.5
2023-09-25 10:00:00+00:00,952.25,469.25
2023-09-25 11:00:00+00:00,821.5,407.5
2023-09-25 12:00:00+00:00,901.25,356.5
2023-09-25 13:00:00+00:00,772.5,246.0
2023-09-25 14:00:00+00:00,671.5,158.0
2023-09-25 15:00:00+00:00,558.75,128.25
2023-09-25 16:00:00+00:00,480.25,106.75
2023-09-25 17:00:00+00:00,392.75,98.5
2023-09-25 18:00:00+00:00,336.25,87.0
2023-09-25 19:00:00+00:00,253.0,96.75
2023-09-25 20:00:00+00:00,206.0,106.25
2023-09-25 21:00:00+00:00,206.0,103.75
2023-09-25 22:00:00+00:00,176.25,96.25
2023-09-25 23:00:00+00:00,123.5,93.0
2023-09-26 00:00:00+00:00,112.5,110.0
2023-09-26 01:00:00+00:00,96.5,131.25
2023-09-26 02:00:00+00:00,160.75,141.75
2023-09-26 03:00:00+00:00,201.75,174.5
2023-09-26 04:00:00+00:00,225.5,197.5
2023-09-26 05:00:00+00:00,280.25,214.0
2023-09-26 06:00:00+00:00,357.75,224.5
2023-09-26 07:00:00+00:00,461.75,196.0
2023-09-26 08:00:00+00:00,519.5,182.75
2023-09-26 09:00:00+00:00,528.0,192.0
2023-09-26 10:00:00+00:00,611.25,194.5
2023-09-26 11:00:00+00:00,595.0,274.5
2023-09-26 12:00:00+00:00,601.75,320.0
2023-09-26 13:00:00+00:00,646.5,341.0
2023-09-26 14:00:00+00:00,765.25,351.5
2023-09-26 15:00:00+00:00,848.0,413.5
2023-09-26 16:00:00+00:00,823.75,493.75
2023-09-26 17:00:00+00:00,897.5,492.5
2023-09-26 18:00:00+00:00,1018.5,652.75
2023-09-26 19:00:00+00:00,1122.0,777.75
2023-09-26 20:00:00+00:00,1119.5,807.0
2023-09-26 21:00:00+00:00,1076.5,870.0
2023-09-26 22:00:00+00:00,1059.0,784.5
2023-09-26 23:00:00+00:00,976.25,697.25
2023-09-27 00:00:00+00:00,750.75,624.5
2023-09-27 01:00:00+00:00,594.5,470.5
2023-09-27 02:00:00+00:00,383.75,392.5
2023-09-27 03:00:00+00:00,292.0,267.25
2023-09-27 04:00:00+00:00,143.5,218.5
2023-09-27 05:00:00+00:00,51.75,92.0
2023-09-27 06:00:00+00:00,0.0,71.0
2023-09-27 07:00:00+00:00,0.0,83.0
2023-09-27 08:00:00+00:00,10.75,111.25
2023-09-27 09:00:00+00:00,121.5,120.25
2023-09-27 10:00:00+00:00,267.25,214.75
2023-09-27 11:00:00+00:00,230.75,267.75
2023-09-27 12:00:00+00:00,274.0,228.25
2023-09-27 13:00:00+00:00,522.25,229.25
2023-09-27 14:00:00+00:00,795.25,309.75
2023-09-27 15:00:00+00:00,1101.5,424.75
2023-09-27 16:00:00+00:00,1362.25,880.0
2023-09-27 17:00:00+00:00,1771.5,1129.25
2023-09-27 18:00:00+00:00,2654.75,1318.75
2023-09-27 19:00:00+00:00,3054.5,1560.75
2023-09-27 20:00:00+00:00,2875.25,1836.25
2023-09-27 21:00:00+00:00,2914.75,1898.5
2023-09-27 22:00:00+00:00,3125.0,1641.5
2023-09-27 23:00:00+00:00,3199.5,1700.25
2023-09-28 00:00:00+00:00,3190.75,1736.0
2023-09-28 01:00:00+00:00,3268.25,1681.25
2023-09-28 02:00:00+00:00,3267.25,1607.75
2023-09-28 03:00:00+00:00,3256.0,1551.75
2023-09-28 04:00:00+00:00,3120.5,1667.75
2023-09-28 05:00:00+00:00,3015.25,1508.25
2023-09-28 06:00:00+00:00,2927.25,1188.0
2023-09-28 07:00:00+00:00,2633.25,988.25
2023-09-28 08:00:00+00:00,2213.75,893.5
2023-09-28 09:00:00+00:00,1894.0,889.5
2023-09-28 10:00:00+00:00,1570.25,816.5
2023-09-28 11:00:00+00:00,1681.0,659.0
2023-09-28 12:00:00+00:00,1453.25,691.75
2023-09-28 13:00:00+00:00,1267.25,608.75
2023-09-28 14:00:00+00:00,1274.25,399.5
2023-09-28 15:00:00+00:00,1220.25,332.0
2023-09-28 16:00:00+00:00,1059.0,302.0
2023-09-28 17:00:00+00:00,1225.0,302.0
2023-09-28 18:00:00+00:00,1147.25,289.5
2023-09-28 19:00:00+00:00,1024.75,333.0
2023-09-28 20:00:00+00:00,1005.25,463.75
2023-09-28 21:00:00+00:00,1157.25,687.5
2023-09-28 22:00:00+00:00,1472.0,767.75
2023-09-28 23:00:00+00:00,1740.25,908.75
2023-09-29 00:00:00+00:00,2164.75,1047.75
2023-09-29 01:00:00+00:00,2650.0,1220.25
2023-09-29 02:00:00+00:00,2759.0,1365.25
2023-09-29 03:00:00+00:00,2772.75,1444.0
2023-09-29 04:00:00+00:00,2692.0,1432.25
2023-09-29 05:00:00+00:00,2557.75,1492.0
2023-09-29 06:00:00+00:00,2634.5,1416.25
2023-09-29 07:00:00+00:00,2475.75,1266.0
2023-09-29 08:00:00+00:00,2397.5,1222.75
2023-09-29 09:00:00+00:00,2256.75,1204.25
2023-09-29 10:00:00+00:00,2389.0,1306.5
2023-09-29 11:00:00+00:00,2051.75,1624.75
2023-09-29 12:00:00+00:00,1757.75,1661.25
2023-09-29 13:00:00+00:00,1595.5,1526.5
2023-09-29 14:00:00+00:00,1562.75,1402.5
2023-09-29 15:00:00+00:00,1533.5,1338.25
2023-09-29 16:00:00+00:00,1412.0,1145.75
2023-09-29 17:00:00+00:00,1202.0,1062.25
2023-09-29 18:00:00+00:00,1078.75,786.25
2023-09-29 19:00:00+00:00,985.5,628.0
2023-09-29 20:00:00+00:00,864.75,607.75
2023-09-29 21:00:00+00:00,884.0,517.0
2023-09-29 22:00:00+00:00,849.25,533.75
2023-09-29 23:00:00+00:00,793.5,550.0
2023-09-30 00:00:00+00:00,797.25,427.25
2023-09-30 01:00:00+00:00,715.5,460.5
2023-09-30 02:00:00+00:00,602.5,380.75
2023-09-30 03:00:00+00:00,493.75,367.0
2023-09-30 04:00:00+00:00,407.25,331.5
2023-09-30 05:00:00+00:00,389.75,333.75
2023-09-30 06:00:00+00:00,350.25,302.5
2023-09-30 07:00:00+00:00,326.25,274.5
2023-09-30 08:00:00+00:00,321.75,220.25
2023-09-30 09:00:00+00:00,430.25,216.25
2023-09-30 10:00:00+00:00,363.25,279.5
2023-09-30 11:00:00+00:00,312.0,244.75
2023-09-30 12:00:00+00:00,452.5,264.0
2023-09-30 13:00:00+00:00,416.0,219.25
2023-09-30 14:00:00+00:00,392.25,182.0
2023-09-30 15:00:00+00:00,330.75,170.75
2023-09-30 16:00:00+00:00,345.75,180.25
2023-09-30 17:00:00+00:00,356.25,200.25
2023-09-30 18:00:00+00:00,252.0,159.0
2023-09-30 19:00:00+00:00,287.25,185.75
2023-09-30 20:00:00+00:00,333.75,259.25
2023-09-30 21:00:00+00:00,599.5,340.0
2023-09-30 22:00:00+00:00,925.5,422.0
2023-09-30 23:00:00+00:00,1001.0,575.5
2023-10-01 00:00:00+00:00,1076.5,736.0
2023-10-01 01:00:00+00:00,1044.75,885.25
2023-10-01 02:00:00+00:00,1143.25,872.5
2023-10-01 03:00:00+00:00,1234.25,829.5
2023-10-01 04:00:00+00:00,1342.25,787.75
2023-10-01 05:00:00+00:00,1360.25,791.5
2023-10-01 06:00:00+00:00,1299.25,773.25
2023-10-01 07:00:00+00:00,1279.5,738.75
2023-10-01 08:00:00+00:00,1372.25,692.5
2023-10-01 09:00:00+00:00,1427.0,682.75
2023-10-01 10:00:00+00:00,1461.5,695.0
2023-10-01 11:00:00+00:00,1488.75,834.0
2023-10-01 12:00:00+00:00,1494.75,968.75
2023-10-01 13:00:00+00:00,1235.5,980.25
2023-10-01 14:00:00+00:00,1221.75,754.25
2023-10-01 15:00:00+00:00,1138.25,605.25
2023-10-01 16:00:00+00:00,1092.75,510.5
2023-10-01 17:00:00+00:00,1124.0,412.25
2023-10-01 18:00:00+00:00,997.25,374.25
2023-10-01 19:00:00+00:00,985.75,336.75
2023-10-01 20:00:00+00:00,940.5,398.0
2023-10-01 21:00:00+00:00,778.25,487.5
2023-10-01 22:00:00+00:00,730.0,546.75
2023-10-01 23:00:00+00:00,719.0,621.0
2023-10-02 00:00:00+00:00,687.5,640.75
2023-10-02 01:00:00+00:00,709.5,638.25
2023-10-02 02:00:00+00:00,584.75,563.0
2023-10-02 03:00:00+00:00,522.25,547.0
2023-10-02 04:00:00+00:00,418.0,523.5
2023-10-02 05:00:00+00:00,360.25,501.25
2023-10-02 06:00:00+00:00,241.25,370.75
2023-10-02 07:00:00+00:00,167.5,311.25
2023-10-02 08:00:00+00:00,172.0,223.25
2023-10-02 09:00:00+00:00,146.0,177.5
2023-10-02 10:00:00+00:00,147.0,167.25
2023-10-02 11:00:00+00:00,206.75,161.5
2023-10-02 12:00:00+00:00,110.0,149.25
2023-10-02 13:00:00+00:00,35.75,143.75
2023-10-02 14:00:00+00:00,18.75,132.5
2023-10-02 15:00:00+00:00,18.25,99.75
2023-10-02 16:00:00+00:00,73.75,93.25
2023-10-02 17:00:00+00:00,221.75,112.75
2023-10-02 18:00:00+00:00,476.25,105.5
2023-10-02 19:00:00+00:00,1052.5,395.75
2023-10-02 20:00:00+00:00,725.25,723.25
2023-10-02 21:00:00+00:00,1453.0,841.5
2023-10-02 22:00:00+00:00,1683.75,1185.75
2023-10-02 23:00:00+00:00,2235.25,1243.25
2023-10-03 00:00:00+00:00,2667.0,1479.75
2023-10-03 01:00:00+00:00,2808.0,1813.75
2023-10-03 02:00:00+00:00,2871.5,2059.5
2023-10-03 03:00:00+00:00,3038.0,2113.75
2023-10-03 04:00:00+00:00,2988.75,2208.5
2023-10-03 05:00:00+00:00,2344.0,2267.5
2023-10-03 06:00:00+00:00,2559.5,2118.75
2023-10-03 07:00:00+00:00,2950.5,1917.25
2023-10-03 08:00:00+00:00,2593.0,1837.0
2023-10-03 09:00:00+00:00,2635.25,1717.0
2023-10-03 10:00:00+00:00,2641.25,1616.0
2023-10-03 11:00:00+00:00,2475.25,1718.75
2023-10-03 12:00:00+00:00,2663.5,1660.25
2023-10-03 13:00:00+00:00,2411.25,1524.0
2023-10-03 14:00:00+00:00,2549.75,1681.5
2023-10-03 15:00:00+00:00,3070.75,2082.25
2023-10-03 16:00:00+00:00,3137.0,2034.5
2023-10-03 17:00:00+00:00,3117.25,1904.25
2023-10-03 18:00:00+00:00,3104.25,1731.5
2023-10-03 19:00:00+00:00,2969.5,1784.25
2023-10-03 20:00:00+00:00,3099.5,1846.75
2023-10-03 21:00:00+00:00,3185.5,1754.75
2023-10-03 22:00:00+00:00,3103.75,1745.5
2023-10-03 23:00:00+00:00,2912.75,1679.0
2023-10-04 00:00:00+00:00,2655.0,1587.25
2023-10-04 01:00:00+00:00,2395.5,1450.25
2023-10-04 02:00:00+00:00,2254.75,1316.25
2023-10-04 03:00:00+00:00,1940.25,1246.5
2023-10-04 04:00:00+00:00,1811.0,1133.5
2023-10-04 05:00:00+00:00,1713.25,1202.0
2023-10-04 06:00:00+00:00,1689.25,1160.5
2023-10-04 07:00:00+00:00,1909.5,1075.0
2023-10-04 08:00:00+00:00,1999.75,1117.0
2023-10-04 09:00:00+00:00,2080.0,1251.0
2023-10-04 10:00:00+00:00,2184.25,1365.25
2023-10-04 11:00:00+00:00,2370.0,1492.5
2023-10-04 12:00:00+00:00,2496.75,1646.25
2023-10-04 13:00:00+00:00,2493.0,1794.5
2023-10-04 14:00:00+00:00,2633.0,1603.25
2023-10-04 15:00:00+00:00,2467.0,1719.0
2023-10-04 16:00:00+00:00,2516.0,1550.25
2023-10-04 17:00:00+00:00,2463.75,1436.25
2023-10-04 18:00:00+00:00,2393.75,1370.75
2023-10-04 19:00:00+00:00,2689.75,1432.5
2023-10-04 20:00:00+00:00,2987.5,1587.5
2023-10-04 21:00:00+00:00,2815.5,1678.75
2023-10-04 22:00:00+00:00,2838.25,1630.75
2023-10-04 23:00:00+00:00,2854.25,1559.0
2023-10-05 00:00:00+00:00,2654.75,1481.75
2023-10-05 01:00:00+00:00,2861.25,1442.75
2023-10-05 02:00:00+00:00,2729.75,1466.75
2023-10-05 03:00:00+00:00,2528.0,1344.75
2023-10-05 04:00:00+00:00,2529.25,1259.25
2023-10-05 05:00:00+00:00,2226.75,1144.75
2023-10-05 06:00:00+00:00,1885.0,1081.0
2023-10-05 07:00:00+00:00,1512.5,975.75
2023-10-05 08:00:00+00:00,1168.0,858.75
2023-10-05 09:00:00+00:00,846.25,800.0
2023-10-05 10:00:00+00:00,671.5,730.0
2023-10-05 11:00:00+00:00,724.5,738.25
2023-10-05 12:00:00+00:00,792.5,749.5
2023-10-05 13:00:00+00:00,736.25,751.5
2023-10-05 14:00:00+00:00,832.25,762.25
2023-10-05 15:00:00+00:00,1029.75,680.0
2023-10-05 16:00:00+00:00,1335.5,634.25
2023-10-05 17:00:00+00:00,1939.0,659.0
2023-10-05 18:00:00+00:00,2403.0,814.75
2023-10-05 19:00:00+00:00,2609.25,886.25
2023-10-05 20:00:00+00:00,2695.0,984.0
2023-10-05 21:00:00+00:00,2820.0,1141.5
2023-10-05 22:00:00+00:00,2856.5,1264.5
2023-10-05 23:00:00+00:00,2867.75,1457.75
2023-10-06 00:00:00+00:00,2738.75,1500.25
2023-10-06 01:00:00+00:00,2859.0,1634.5
2023-10-06 02:00:00+00:00,2948.5,1735.25
2023-10-06 03:00:00+00:00,3019.0,1876.25
2023-10-06 04:00:00+00:00,3137.75,1901.5
2023-10-06 05:00:00+00:00,3139.25,1936.75
2023-10-06 06:00:00+00:00,3194.25,1938.0
2023-10-06 07:00:00+00:00,3173.5,1910.75
2023-10-06 08:00:00+00:00,3073.25,1950.75
2023-10-06 09:00:00+00:00,2881.0,1917.5
2023-10-06 10:00:00+00:00,2374.25,1898.0
2023-10-06 11:00:00+00:00,2085.0,1856.5
2023-10-06 12:00:00+00:00,1599.0,1839.0
2023-10-06 13:00:00+00:00,2073.75,1920.25
2023-10-06 14:00:00+00:00,3033.0,2045.25
2023-10-06 15:00:00+00:00,3203.75,2112.75
2023-10-06 16:00:00+00:00,3259.5,2102.75
2023-10-06 17:00:00+00:00,3252.5,2160.25
2023-10-06 18:00:00+00:00,3238.5,2148.5
2023-10-06 19:00:00+00:00,3165.0,2175.75
2023-10-06 20:00:00+00:00,3080.5,2120.75
2023-10-06 21:00:00+00:00,2989.75,2035.0
2023-10-06 22:00:00+00:00,2835.75,2019.0
2023-10-06 23:00:00+00:00,2733.75,1945.5
2023-10-07 00:00:00+00:00,2392.75,1924.25
2023-10-07 01:00:00+00:00,2154.0,1882.25
2023-10-07 02:00:00+00:00,2198.0,1809.5
2023-10-07 03:00:00+00:00,1918.5,1721.0
2023-10-07 04:00:00+00:00,1920.25,1665.0
2023-10-07 05:00:00+00:00,2276.75,1726.25
2023-10-07 06:00:00+00:00,2562.25,1885.75
2023-10-07 07:00:00+00:00,2470.0,2036.25
2023-10-07 08:00:00+00:00,2338.5,2016.5
2023-10-07 09:00:00+00:00,2253.0,2101.75
2023-10-07 10:00:00+00:00,2519.25,2217.5
2023-10-07 11:00:00+00:00,2488.5,2104.75
2023-10-07 12:00:00+00:00,2334.25,2054.0
2023-10-07 13:00:00+00:00,2615.75,2067.0
2023-10-07 14:00:00+00:00,2960.75,2029.0
2023-10-07 15:00:00+00:00,3012.25,2015.75
2023-10-07 16:00:00+00:00,2853.0,1989.5
2023-10-07 17:00:00+00:00,2783.5,1974.5
2023-10-07 18:00:00+00:00,2598.5,2048.5
2023-10-07 19:00:00+00:00,2591.5,1947.5
2023-10-07 20:00:00+00:00,2490.0,1659.0
2023-10-07 21:00:00+00:00,2187.0,1353.5
2023-10-07 22:00:00+00:00,1762.5,1047.75
2023-10-07 23:00:00+00:00,1402.75,799.5
2023-10-08 00:00:00+00:00,866.75,591.75
2023-10-08 01:00:00+00:00,595.0,492.25
2023-10-08 02:00:00+00:00,475.75,467.5
2023-10-08 03:00:00+00:00,387.0,315.75
2023-10-08 04:00:00+00:00,261.5,230.75
2023-10-08 05:00:00+00:00,357.25,222.0
2023-10-08 06:00:00+00:00,406.0,219.5
2023-10-08 07:00:00+00:00,325.0,209.5
2023-10-08 08:00:00+00:00,261.5,234.5
2023-10-08 09:00:00+00:00,236.0,278.0
2023-10-08 10:00:00+00:00,204.0,242.0
2023-10-08 11:00:00+00:00,164.0,265.25
2023-10-08 12:00:00+00:00,127.75,203.0
2023-10-08 13:00:00+00:00,98.5,139.75
2023-10-08 14:00:00+00:00,123.5,137.75
2023-10-08 15:00:00+00:00,221.75,185.5
2023-10-08 16:00:00+00:00,282.0,230.75
2023-10-08 17:00:00+00:00,333.5,236.5
2023-10-08 18:00:00+00:00,487.25,310.75
2023-10-08 19:00:00+00:00,508.25,426.25
2023-10-08 20:00:00+00:00,592.5,491.25
2023-10-08 21:00:00+00:00,751.25,690.0
2023-10-08 22:00:00+00:00,1159.75,759.25
2023-10-08 23:00:00+00:00,1366.5,830.25
2023-10-09 00:00:00+00:00,1449.75,990.25
2023-10-09 01:00:00+00:00,1328.25,1141.0
2023-10-09 02:00:00+00:00,1421.75,1089.25
2023-10-09 03:00:00+00:00,1623.25,1115.75
2023-10-09 04:00:00+00:00,1760.75,1040.25
2023-10-09 05:00:00+00:00,1345.25,1134.0
2023-10-09 06:00:00+00:00,1037.0,785.5
2023-10-09 07:00:00+00:00,1216.0,579.75
2023-10-09 08:00:00+00:00,1325.5,869.5
2023-10-09 09:00:00+00:00,1235.0,907.0
2023-10-09 10:00:00+00:00,970.5,876.25
2023-10-09 11:00:00+00:00,842.75,733.75
2023-10-09 12:00:00+00:00,741.75,590.5
2023-10-09 13:00:00+00:00,653.0,609.25
2023-10-09 14:00:00+00:00,659.25,574.25
2023-10-09 15:00:00+00:00,512.25,482.5
2023-10-09 16:00:00+00:00,395.5,441.75
2023-10-09 17:00:00+00:00,247.5,300.75
2023-10-09 18:00:00+00:00,175.25,249.5
2023-10-09 19:00:00+00:00,143.0,224.0
2023-10-09 20:00:00+00:00,145.25,181.0
2023-10-09 21:00:00+00:00,91.25,160.25
2023-10-09 22:00:00+00:00,87.75,141.5
2023-10-09 23:00:00+00:00,133.25,186.25
2023-10-10 00:00:00+00:00,243.0,211.25
2023-10-10 01:00:00+00:00,318.25,272.5
2023-10-10 02:00:00+00:00,441.25,385.75
2023-10-10 03:00:00+00:00,637.75,408.25
2023-10-10 04:00:00+00:00,789.75,425.0
2023-10-10 05:00:00+00:00,972.5,567.25
2023-10-10 06:00:00+00:00,1223.25,700.0
2023-10-10 07:00:00+00:00,1292.75,746.75
2023-10-10 08:00:00+00:00,1406.0,649.25
2023-10-10 09:00:00+00:00,1369.5,561.0
2023-10-10 10:00:00+00:00,1384.25,543.75
2023-10-10 11:00:00+00:00,1575.25,515.0
2023-10-10 12:00:00+00:00,1943.5,508.25
2023-10-10 13:00:00+00:00,2322.25,610.75
2023-10-10 14:00:00+00:00,2541.5,851.75
2023-10-10 15:00:00+00:00,2904.5,1055.0
2023-10-10 16:00:00+00:00,3112.75,1364.5
2023-10-10 17:00:00+00:00,3252.5,1771.75
2023-10-10 18:00:00+00:00,3256.5,1983.0
2023-10-10 19:00:00+00:00,3226.5,2154.5
2023-10-10 20:00:00+00:00,3221.75,2119.5
2023-10-10 21:00:00+00:00,3172.25,2072.75
2023-10-10 22:00:00+00:00,3172.5,1967.0
2023-10-10 23:00:00+00:00,3155.5,1943.0
2023-10-11 00:00:00+00:00,3140.5,1862.25
2023-10-11 01:00:00+00:00,3099.75,1792.25
2023-10-11 02:00:00+00:00,2974.0,1787.75
2023-10-11 03:00:00+00:00,3175.25,1889.75
2023-10-11 04:00:00+00:00,3233.0,1808.5
2023-10-11 05:00:00+00:00,3144.25,1758.25
2023-10-11 06:00:00+00:00,3062.0,1736.0
2023-10-11 07:00:00+00:00,3014.75,1849.75
2023-10-11 08:00:00+00:00,3022.5,1991.5
2023-10-11 09:00:00+00:00,3129.25,2090.0
2023-10-11 10:00:00+00:00,3181.0,2052.0
2023-10-11 11:00:00+00:00,3130.25,1903.25
2023-10-11 12:00:00+00:00,3097.75,1903.75
2023-10-11 13:00:00+00:00,3061.25,1909.75
2023-10-11 14:00:00+00:00,2838.5,1774.25
2023-10-11 15:00:00+00:00,2559.75,1709.0
2023-10-11 16:00:00+00:00,2272.75,1599.75
2023-10-11 17:00:00+00:00,2397.25,1557.75
2023-10-11 18:00:00+00:00,2470.75,1590.5
2023-10-11 19:00:00+00:00,2423.75,1578.25
2023-10-11 20:00:00+00:00,2368.0,1601.0
2023-10-11 21:00:00+00:00,2508.25,1279.75
2023-10-11 22:00:00+00:00,2077.5,1234.25
2023-10-11 23:00:00+00:00,1530.0,865.0
2023-10-12 00:00:00+00:00,861.75,517.5
2023-10-12 01:00:00+00:00,409.25,245.25
2023-10-12 02:00:00+00:00,465.5,190.75
2023-10-12 03:00:00+00:00,467.0,211.0
2023-10-12 04:00:00+00:00,477.5,226.5
2023-10-12 05:00:00+00:00,236.0,273.25
2023-10-12 06:00:00+00:00,173.0,216.5
2023-10-12 07:00:00+00:00,172.0,157.25
2023-10-12 08:00:00+00:00,379.25,136.5
2023-10-12 09:00:00+00:00,726.75,164.0
2023-10-12 10:00:00+00:00,834.0,237.75
2023-10-12 11:00:00+00:00,877.5,344.0
2023-10-12 12:00:00+00:00,1209.0,463.75
2023-10-12 13:00:00+00:00,1024.75,560.5
2023-10-12 14:00:00+00:00,865.0,526.5
2023-10-12 15:00:00+00:00,696.75,583.25
2023-10-12 16:00:00+00:00,421.0,530.5
2023-10-12 17:00:00+00:00,427.75,470.75
2023-10-12 18:00:00+00:00,469.75,463.75
2023-10-12 19:00:00+00:00,582.75,534.25
2023-10-12 20:00:00+00:00,835.75,623.25
2023-10-12 21:00:00+00:00,1491.0,775.75
2023-10-12 22:00:00+00:00,1903.5,1002.5
2023-10-12 23:00:00+00:00,1993.0,1097.25
2023-10-13 00:00:00+00:00,1800.25,1198.5
2023-10-13 01:00:00+00:00,1445.25,1182.5
2023-10-13 02:00:00+00:00,2064.25,1202.5
2023-10-13 03:00:00+00:00,2609.5,1386.5
2023-10-13 04:00:00+00:00,2827.75,1667.5
2023-10-13 05:00:00+00:00,3058.0,2077.0
2023-10-13 06:00:00+00:00,3155.75,2097.25
2023-10-13 07:00:00+00:00,3166.25,2045.0
2023-10-13 08:00:00+00:00,3180.75,2375.0
2023-10-13 09:00:00+00:00,3210.0,2464.5
2023-10-13 10:00:00+00:00,3153.0,2503.0
2023-10-13 11:00:00+00:00,3158.25,2533.25
2023-10-13 12:00:00+00:00,3098.5,2545.5
2023-10-13 13:00:00+00:00,3146.0,2542.75
2023-10-13 14:00:00+00:00,3221.0,2442.75
2023-10-13 15:00:00+00:00,3211.5,2392.25
2023-10-13 16:00:00+00:00,3080.5,2353.25
2023-10-13 17:00:00+00:00,2952.75,2377.5
2023-10-13 18:00:00+00:00,2896.5,2390.5
2023-10-13 19:00:00+00:00,2857.5,2380.5
2023-10-13 20:00:00+00:00,2651.5,2395.5
2023-10-13 21:00:00+00:00,1868.75,1529.0
2023-10-13 22:00:00+00:00,2267.25,870.5
2023-10-13 23:00:00+00:00,2234.75,1275.0
2023-10-14 00:00:00+00:00,2203.0,1310.0
2023-10-14 01:00:00+00:00,2170.75,1502.0
2023-10-14 02:00:00+00:00,2180.25,1558.0
2023-10-14 03:00:00+00:00,2208.5,1549.5
2023-10-14 04:00:00+00:00,2247.5,1561.0
2023-10-14 05:00:00+00:00,2869.0,1855.25
2023-10-14 06:00:00+00:00,2872.25,1746.75
2023-10-14 07:00:00+00:00,2757.0,1702.75
2023-10-14 08:00:00+00:00,2581.75,1788.0
2023-10-14 09:00:00+00:00,2416.0,1694.0
2023-10-14 10:00:00+00:00,2400.0,1837.5
2023-10-14 11:00:00+00:00,2423.75,1851.5
2023-10-14 12:00:00+00:00,2254.25,1787.75
2023-10-14 13:00:00+00:00,2219.25,1953.0
2023-10-14 14:00:00+00:00,2255.0,2170.0
2023-10-14 15:00:00+00:00,2333.75,2026.5
2023-10-14 16:00:00+00:00,2283.0,2016.0
2023-10-14 17:00:00+00:00,2118.25,1842.0
2023-10-14 18:00:00+00:00,1985.5,1651.25
2023-10-14 19:00:00+00:00,1941.5,1440.25
2023-10-14 20:00:00+00:00,2123.25,1307.25
2023-10-14 21:00:00+00:00,2359.0,1319.75
2023-10-14 22:00:00+00:00,2635.25,1338.75
2023-10-14 23:00:00+00:00,2415.25,1421.25
2023-10-15 00:00:00+00:00,2680.25,1305.5
2023-10-15 01:00:00+00:00,2663.5,1414.0
2023-10-15 02:00:00+00:00,2842.5,1385.25
2023-10-15 03:00:00+00:00,2961.0,1545.5
2023-10-15 04:00:00+00:00,2901.5,1560.0
2023-10-15 05:00:00+00:00,2909.75,1366.0
2023-10-15 06:00:00+00:00,3031.0,1251.25
2023-10-15 07:00:00+00:00,2973.25,1342.25
2023-10-15 08:00:00+00:00,2871.75,1226.0
2023-10-15 09:00:00+00:00,2533.0,1031.0
2023-10-15 10:00:00+00:00,2271.25,1078.75
2023-10-15 11:00:00+00:00,2090.5,1034.75
2023-10-15 12:00:00+00:00,1938.0,983.0
2023-10-15 13:00:00+00:00,1950.75,1109.75
2023-10-15 14:00:00+00:00,2138.5,1041.25
2023-10-15 15:00:00+00:00,1947.75,949.75
2023-10-15 16:00:00+00:00,1667.0,879.75
2023-10-15 17:00:00+00:00,1562.0,928.0
2023-10-15 18:00:00+00:00,1382.0,677.75
2023-10-15 19:00:00+00:00,1148.5,658.75
2023-10-15 20:00:00+00:00,1150.75,463.0
2023-10-15 21:00:00+00:00,893.25,372.5
2023-10-15 22:00:00+00:00,759.25,337.75
2023-10-15 23:00:00+00:00,701.25,505.25
2023-10-16 00:00:00+00:00,744.5,491.25
2023-10-16 01:00:00+00:00,756.5,452.75
2023-10-16 02:00:00+00:00,783.75,393.25
2023-10-16 03:00:00+00:00,891.25,342.5
2023-10-16 04:00:00+00:00,719.75,280.25
2023-10-16 05:00:00+00:00,581.0,291.5
2023-10-16 06:00:00+00:00,537.5,279.5
2023-10-16 07:00:00+00:00,414.75,189.5
2023-10-16 08:00:00+00:00,414.75,167.5
2023-10-16 09:00:00+00:00,357.25,186.5
2023-10-16 10:00:00+00:00,155.0,151.75
2023-10-16 11:00:00+00:00,120.25,123.25
2023-10-16 12:00:00+00:00,125.25,120.25
2023-10-16 13:00:00+00:00,115.75,119.0
2023-10-16 14:00:00+00:00,147.5,140.75
2023-10-16 15:00:00+00:00,265.0,141.5
2023-10-16 16:00:00+00:00,378.0,167.5
2023-10-16 17:00:00+00:00,231.75,211.0
2023-10-16 18:00:00+00:00,305.75,253.25
2023-10-16 19:00:00+00:00,371.75,318.0
2023-10-16 20:00:00+00:00,1075.0,319.0
2023-10-16 21:00:00+00:00,1024.5,276.0
2023-10-16 22:00:00+00:00,1116.75,258.5
2023-10-16 23:00:00+00:00,1381.0,257.25
2023-10-17 00:00:00+00:00,1359.0,287.75
2023-10-17 01:00:00+00:00,1253.75,352.75
2023-10-17 02:00:00+00:00,1103.0,422.5
2023-10-17 03:00:00+00:00,1130.5,432.0
2023-10-17 04:00:00+00:00,1421.5,402.5
2023-10-17 05:00:00+00:00,1706.75,463.75
2023-10-17 06:00:00+00:00,1824.25,613.75
2023-10-17 07:00:00+00:00,1856.75,755.25
2023-10-17 08:00:00+00:00,1819.0,792.25
2023-10-17 09:00:00+00:00,1903.75,771.0
2023-10-17 10:00:00+00:00,2030.5,870.0
2023-10-17 11:00:00+00:00,1998.25,909.0
2023-10-17 12:00:00+00:00,1943.25,944.75
2023-10-17 13:00:00+00:00,1993.25,933.25
2023-10-17 14:00:00+00:00,2045.25,971.0
2023-10-17 15:00:00+00:00,2150.0,946.25
2023-10-17 16:00:00+00:00,2400.5,986.5
2023-10-17 17:00:00+00:00,2524.0,1190.75
2023-10-17 18:00:00+00:00,2573.75,1393.25
2023-10-17 19:00:00+00:00,2647.5,1444.5
2023-10-17 20:00:00+00:00,2634.0,1541.0
2023-10-17 21:00:00+00:00,2654.75,1504.0
2023-10-17 22:00:00+00:00,2596.25,1429.75
2023-10-17 23:00:00+00:00,2589.75,1280.75
2023-10-18 00:00:00+00:00,2543.5,1322.0
2023-10-18 01:00:00+00:00,2454.75,1403.75
2023-10-18 02:00:00+00:00,2512.5,1453.5
2023-10-18 03:00:00+00:00,2554.5,1538.75
2023-10-18 04:00:00+00:00,2757.0,1474.0
2023-10-18 05:00:00+00:00,2996.25,1464.25
2023-10-18 06:00:00+00:00,3058.25,1556.25
2023-10-18 07:00:00+00:00,3135.0,1595.75
2023-10-18 08:00:00+00:00,3067.0,1550.75
2023-10-18 09:00:00+00:00,3115.75,1386.25
2023-10-18 10:00:00+00:00,2983.0,1400.25
2023-10-18 11:00:00+00:00,2897.75,1484.0
2023-10-18 12:00:00+00:00,2835.5,1585.75
2023-10-18 13:00:00+00:00,2957.25,1765.5
2023-10-18 14:00:00+00:00,3255.75,1959.0
2023-10-18 15:00:00+00:00,3255.0,2054.5
2023-10-18 16:00:00+00:00,3277.5,2134.75
2023-10-18 17:00:00+00:00,3295.0,2223.25
2023-10-18 18:00:00+00:00,3294.5,2237.0
2023-10-18 19:00:00+00:00,3296.5,2253.0
2023-10-18 20:00:00+00:00,3282.5,2230.25
2023-10-18 21:00:00+00:00,3036.5,2132.5
2023-10-18 22:00:00+00:00,2893.0,1995.25
2023-10-18 23:00:00+00:00,2778.0,1800.5
2023-10-19 00:00:00+00:00,2725.25,1663.75
2023-10-19 01:00:00+00:00,3018.0,1599.5
2023-10-19 02:00:00+00:00,2635.75,1410.75
2023-10-19 03:00:00+00:00,3085.75,1140.0
2023-10-19 04:00:00+00:00,2995.0,1037.75
2023-10-19 05:00:00+00:00,3000.75,1055.25
2023-10-19 06:00:00+00:00,2749.25,1026.75
2023-10-19 07:00:00+00:00,2525.5,846.25
2023-10-19 08:00:00+00:00,2009.0,713.25
2023-10-19 09:00:00+00:00,1703.5,532.0
2023-10-19 10:00:00+00:00,1683.0,480.75
2023-10-19 11:00:00+00:00,1606.5,456.0
2023-10-19 12:00:00+00:00,1647.75,518.5
2023-10-19 13:00:00+00:00,1554.0,684.5
2023-10-19 14:00:00+00:00,1544.5,814.0
2023-10-19 15:00:00+00:00,1574.0,901.75
2023-10-19 16:00:00+00:00,1507.0,1038.75
2023-10-19 17:00:00+00:00,1618.25,1022.25
2023-10-19 18:00:00+00:00,1858.5,1028.75
2023-10-19 19:00:00+00:00,2073.25,1107.25
2023-10-19 20:00:00+00:00,2279.5,1221.75
2023-10-19 21:00:00+00:00,2232.0,1375.5
2023-10-19 22:00:00+00:00,2203.75,1408.0
2023-10-19 23:00:00+00:00,2453.0,1456.5
2023-10-20 00:00:00+00:00,2610.25,1681.25
2023-10-20 01:00:00+00:00,2765.5,1700.0
2023-10-20 02:00:00+00:00,2735.75,1840.5
2023-10-20 03:00:00+00:00,2895.5,2020.25
2023-10-20 04:00:00+00:00,2966.0,2044.25
2023-10-20 05:00:00+00:00,2826.25,2105.0
2023-10-20 06:00:00+00:00,2594.0,2175.25
2023-10-20 07:00:00+00:00,2628.75,2218.0
2023-10-20 08:00:00+00:00,2791.0,2311.25
2023-10-20 09:00:00+00:00,2709.0,2385.5
2023-10-20 10:00:00+00:00,2633.25,2384.75
2023-10-20 11:00:00+00:00,2235.5,2285.0
2023-10-20 12:00:00+00:00,2067.5,2078.75
2023-10-20 13:00:00+00:00,1885.0,1976.0
2023-10-20 14:00:00+00:00,1645.25,1791.25
2023-10-20 15:00:00+00:00,1809.75,1717.0
2023-10-20 16:00:00+00:00,1921.25,1650.0
2023-10-20 17:00:00+00:00,2511.75,1483.75
2023-10-20 18:00:00+00:00,2732.0,1447.25
2023-10-20 19:00:00+00:00,2605.75,1341.0
2023-10-20 20:00:00+00:00,2444.75,1445.0
2023-10-20 21:00:00+00:00,2338.25,1531.0
2023-10-20 22:00:00+00:00,2479.75,1488.75
2023-10-20 23:00:00+00:00,2426.75,1303.75
2023-10-21 00:00:00+00:00,2274.25,1142.75
2023-10-21 01:00:00+00:00,2119.25,1095.0
2023-10-21 02:00:00+00:00,2076.25,1160.5
2023-10-21 03:00:00+00:00,2426.0,1226.5
2023-10-21 04:00:00+00:00,2610.5,1350.25
2023-10-21 05:00:00+00:00,2950.75,1411.75
2023-10-21 06:00:00+00:00,2960.25,1450.25
2023-10-21 07:00:00+00:00,2971.5,1484.75
2023-10-21 08:00:00+00:00,2971.0,1644.75
2023-10-21 09:00:00+00:00,2912.0,2006.5
2023-10-21 10:00:00+00:00,2526.0,2057.75
2023-10-21 11:00:00+00:00,2588.25,2055.0
2023-10-21 12:00:00+00:00,3000.5,1942.0
2023-10-21 13:00:00+00:00,3176.25,1877.0
2023-10-21 14:00:00+00:00,3183.5,1957.25
2023-10-21 15:00:00+00:00,3104.75,2001.0
2023-10-21 16:00:00+00:00,3071.5,2079.75
2023-10-21 17:00:00+00:00,3177.75,2163.0
2023-10-21 18:00:00+00:00,3187.75,2189.5
2023-10-21 19:00:00+00:00,3185.0,2221.5
2023-10-21 20:00:00+00:00,3002.25,2124.5
2023-10-21 21:00:00+00:00,2214.0,2108.75
2023-10-21 22:00:00+00:00,2139.25,2090.75
2023-10-21 23:00:00+00:00,2720.0,2131.0
2023-10-22 00:00:00+00:00,2252.25,2098.25
2023-10-22 01:00:00+00:00,2371.75,2126.75
2023-10-22 02:00:00+00:00,2819.0,1931.75
2023-10-22 03:00:00+00:00,2521.75,1753.0
2023-10-22 04:00:00+00:00,2180.75,1964.0
2023-10-22 05:00:00+00:00,1840.75,1751.5
2023-10-22 06:00:00+00:00,1721.75,1387.5
2023-10-22 07:00:00+00:00,1755.75,1303.5
2023-10-22 08:00:00+00:00,1642.75,1180.25
2023-10-22 09:00:00+00:00,1510.25,1044.25
2023-10-22 10:00:00+00:00,1525.5,1057.25
2023-10-22 11:00:00+00:00,1509.25,952.0
2023-10-22 12:00:00+00:00,1354.0,989.5
2023-10-22 13:00:00+00:00,1272.0,816.5
2023-10-22 14:00:00+00:00,1183.0,683.0
2023-10-22 15:00:00+00:00,1126.25,475.75
2023-10-22 16:00:00+00:00,1001.75,420.0
2023-10-22 17:00:00+00:00,794.75,347.25
2023-10-22 18:00:00+00:00,539.0,333.5
2023-10-22 19:00:00+00:00,533.25,325.0
2023-10-22 20:00:00+00:00,411.25,333.0
2023-10-22 21:00:00+00:00,370.25,277.5
2023-10-22 22:00:00+00:00,297.75,218.75
2023-10-22 23:00:00+00:00,204.0,162.0
2023-10-23 00:00:00+00:00,159.0,116.5
2023-10-23 01:00:00+00:00,129.25,97.75
2023-10-23 02:00:00+00:00,167.5,101.0
2023-10-23 03:00:00+00:00,120.25,81.25
2023-10-23 04:00:00+00:00,109.25,75.5
2023-10-23 05:00:00+00:00,137.5,88.5
2023-10-23 06:00:00+00:00,155.75,97.0
2023-10-23 07:00:00+00:00,222.5,129.0
2023-10-23 08:00:00+00:00,283.75,144.5
2023-10-23 09:00:00+00:00,338.75,136.75
2023-10-23 10:00:00+00:00,357.0,179.25
2023-10-23 11:00:00+00:00,423.5,229.0
2023-10-23 12:00:00+00:00,531.75,286.75
2023-10-23 13:00:00+00:00,614.0,326.25
2023-10-23 14:00:00+00:00,680.5,402.25
2023-10-23 15:00:00+00:00,1079.0,593.25
2023-10-23 16:00:00+00:00,1571.5,903.25
2023-10-23 17:00:00+00:00,1891.25,1241.25
2023-10-23 18:00:00+00:00,1915.5,1207.0
2023-10-23 19:00:00+00:00,2109.25,1228.5
2023-10-23 20:00:00+00:00,2506.0,1271.0
2023-10-23 21:00:00+00:00,2385.5,1319.0
2023-10-23 22:00:00+00:00,2167.5,1249.5
2023-10-23 23:00:00+00:00,1776.25,1122.5
2023-10-24 00:00:00+00:00,1615.25,1024.5
2023-10-24 01:00:00+00:00,1501.0,983.5
2023-10-24 02:00:00+00:00,1374.75,963.5
2023-10-24 03:00:00+00:00,1232.5,1055.25
2023-10-24 04:00:00+00:00,1439.25,1093.0
2023-10-24 05:00:00+00:00,1763.5,1071.5
2023-10-24 06:00:00+00:00,1820.5,1156.0
2023-10-24 07:00:00+00:00,1419.25,1323.25
2023-10-24 08:00:00+00:00,1375.75,1303.75
2023-10-24 09:00:00+00:00,1547.5,1325.25
2023-10-24 10:00:00+00:00,2011.25,1430.25
2023-10-24 11:00:00+00:00,1623.25,1353.75
2023-10-24 12:00:00+00:00,2054.5,1302.75
2023-10-24 13:00:00+00:00,2266.75,1153.75
2023-10-24 14:00:00+00:00,2621.5,1191.5
2023-10-24 15:00:00+00:00,2679.0,1285.5
2023-10-24 16:00:00+00:00,2398.0,1370.75
2023-10-24 17:00:00+00:00,2262.0,1326.75
2023-10-24 18:00:00+00:00,2168.25,1348.0
2023-10-24 19:00:00+00:00,2306.5,1484.25
2023-10-24 20:00:00+00:00,2380.25,1486.25
2023-10-24 21:00:00+00:00,2218.25,1401.0
2023-10-24 22:00:00+00:00,2059.0,1307.5
2023-10-24 23:00:00+00:00,1715.5,1369.5
2023-10-25 00:00:00+00:00,1459.25,1210.5
2023-10-25 01:00:00+00:00,1278.0,1051.75
2023-10-25 02:00:00+00:00,1124.0,951.75
2023-10-25 03:00:00+00:00,847.0,761.25
2023-10-25 04:00:00+00:00,830.5,717.0
2023-10-25 05:00:00+00:00,820.0,664.5
2023-10-25 06:00:00+00:00,867.75,633.0
2023-10-25 07:00:00+00:00,645.5,550.5
2023-10-25 08:00:00+00:00,754.75,397.5
2023-10-25 09:00:00+00:00,642.75,279.5
2023-10-25 10:00:00+00:00,466.0,290.75
2023-10-25 11:00:00+00:00,512.25,386.25
2023-10-25 12:00:00+00:00,536.75,441.75
2023-10-25 13:00:00+00:00,820.0,439.5
2023-10-25 14:00:00+00:00,939.0,627.5
2023-10-25 15:00:00+00:00,851.5,771.0
2023-10-25 16:00:00+00:00,586.5,778.25
2023-10-25 17:00:00+00:00,473.0,781.5
2023-10-25 18:00:00+00:00,286.75,762.5
2023-10-25 19:00:00+00:00,167.5,525.5
2023-10-25 20:00:00+00:00,135.75,414.25
2023-10-25 21:00:00+00:00,46.5,293.25
2023-10-25 22:00:00+00:00,19.25,233.0
2023-10-25 23:00:00+00:00,110.0,120.0
2023-10-26 00:00:00+00:00,219.25,87.0
2023-10-26 01:00:00+00:00,161.0,79.25
2023-10-26 02:00:00+00:00,179.5,72.25
2023-10-26 03:00:00+00:00,164.5,76.5
2023-10-26 04:00:00+00:00,282.75,85.25
2023-10-26 05:00:00+00:00,479.25,100.0
2023-10-26 06:00:00+00:00,780.5,109.5
2023-10-26 07:00:00+00:00,903.0,164.0
2023-10-26 08:00:00+00:00,912.75,167.5
2023-10-26 09:00:00+00:00,996.0,175.0
2023-10-26 10:00:00+00:00,905.5,161.0
2023-10-26 11:00:00+00:00,971.0,162.5
2023-10-26 12:00:00+00:00,1116.25,203.0
2023-10-26 13:00:00+00:00,1271.75,236.0
2023-10-26 14:00:00+00:00,1207.25,237.0
2023-10-26 15:00:00+00:00,1432.0,230.75
2023-10-26 16:00:00+00:00,1364.5,344.0
2023-10-26 17:00:00+00:00,1379.75,396.0
2023-10-26 18:00:00+00:00,1479.5,404.75
2023-10-26 19:00:00+00:00,1300.75,472.75
2023-10-26 20:00:00+00:00,1281.75,430.0
2023-10-26 21:00:00+00:00,1098.0,365.25
2023-10-26 22:00:00+00:00,898.0,385.25
2023-10-26 23:00:00+00:00,803.5,402.0
2023-10-27 00:00:00+00:00,639.25,307.25
2023-10-27 01:00:00+00:00,527.75,330.25
2023-10-27 02:00:00+00:00,551.25,318.25
2023-10-27 03:00:00+00:00,605.25,302.25
2023-10-27 04:00:00+00:00,589.0,315.0
2023-10-27 05:00:00+00:00,476.75,245.0
2023-10-27 06:00:00+00:00,437.25,218.0
2023-10-27 07:00:00+00:00,510.25,211.75
2023-10-27 08:00:00+00:00,690.25,214.25
2023-10-27 09:00:00+00:00,828.0,213.25
2023-10-27 10:00:00+00:00,1109.25,247.5
2023-10-27 11:00:00+00:00,1488.0,361.75
2023-10-27 12:00:00+00:00,886.0,331.0
2023-10-27 13:00:00+00:00,764.5,293.0
2023-10-27 14:00:00+00:00,981.0,334.0
2023-10-27 15:00:00+00:00,1048.75,311.5
2023-10-27 16:00:00+00:00,1193.0,367.5
2023-10-27 17:00:00+00:00,1125.75,416.75
2023-10-27 18:00:00+00:00,1014.75,448.0
2023-10-27 19:00:00+00:00,1087.5,481.25
2023-10-27 20:00:00+00:00,1259.25,539.0
2023-10-27 21:00:00+00:00,1399.0,617.5
2023-10-27 22:00:00+00:00,1264.0,695.5
2023-10-27 23:00:00+00:00,1525.25,708.5
2023-10-28 00:00:00+00:00,1657.0,803.0
2023-10-28 01:00:00+00:00,1571.0,894.0
2023-10-28 02:00:00+00:00,1915.5,844.75
2023-10-28 03:00:00+00:00,2190.0,801.75
2023-10-28 04:00:00+00:00,2570.5,965.75
2023-10-28 05:00:00+00:00,2541.0,1062.5
2023-10-28 06:00:00+00:00,2775.25,1141.75
2023-10-28 07:00:00+00:00,2805.0,1234.25
2023-10-28 08:00:00+00:00,2939.5,1351.0
2023-10-28 09:00:00+00:00,2952.25,1444.0
2023-10-28 10:00:00+00:00,2901.5,1507.0
2023-10-28 11:00:00+00:00,2988.0,1437.25
2023-10-28 12:00:00+00:00,3045.25,1407.25
2023-10-28 13:00:00+00:00,2841.0,1477.25
2023-10-28 14:00:00+00:00,2937.75,1220.25
2023-10-28 15:00:00+00:00,2689.5,1112.0
2023-10-28 16:00:00+00:00,2937.5,1225.0
2023-10-28 17:00:00+00:00,3072.75,1470.25
2023-10-28 18:00:00+00:00,3145.5,1593.0
2023-10-28 19:00:00+00:00,3122.75,1576.0
2023-10-28 20:00:00+00:00,3210.25,1719.0
2023-10-28 21:00:00+00:00,3232.0,1798.75
2023-10-28 22:00:00+00:00,3115.25,1886.25
2023-10-28 23:00:00+00:00,2134.75,1672.75
2023-10-29 00:00:00+00:00,2116.5,1853.25
2023-10-29 01:00:00+00:00,2097.25,1809.0
2023-10-29 02:00:00+00:00,2076.25,1773.0
2023-10-29 03:00:00+00:00,2136.75,1762.75
2023-10-29 04:00:00+00:00,2080.0,1825.5
2023-10-29 05:00:00+00:00,2103.25,1857.25
2023-10-29 06:00:00+00:00,2084.75,1883.75
2023-10-29 07:00:00+00:00,2083.5,1883.5
2023-10-29 08:00:00+00:00,2059.25,1874.25
2023-10-29 09:00:00+00:00,2104.75,1890.0
2023-10-29 10:00:00+00:00,2222.5,1823.5
2023-10-29 11:00:00+00:00,2811.5,1903.25
2023-10-29 12:00:00+00:00,2816.5,1575.0
2023-10-29 13:00:00+00:00,3032.5,1758.0
2023-10-29 14:00:00+00:00,3065.75,1783.75
2023-10-29 15:00:00+00:00,3126.75,1708.25
2023-10-29 16:00:00+00:00,3170.25,1952.25
2023-10-29 17:00:00+00:00,3168.5,2110.25
2023-10-29 18:00:00+00:00,3166.0,2132.25
2023-10-29 19:00:00+00:00,3207.75,2196.25
2023-10-29 20:00:00+00:00,3111.0,2232.0
2023-10-29 21:00:00+00:00,3100.75,2071.5
2023-10-29 22:00:00+00:00,3022.25,1882.5
2023-10-29 23:00:00+00:00,3207.0,1824.25
2023-10-30 00:00:00+00:00,3133.75,1746.5
2023-10-30 01:00:00+00:00,2975.0,1571.5
2023-10-30 02:00:00+00:00,3110.25,1746.0
2023-10-30 03:00:00+00:00,3140.5,1797.0
2023-10-30 04:00:00+00:00,3205.5,1795.5
2023-10-30 05:00:00+00:00,3112.25,1666.5
2023-10-30 06:00:00+00:00,2841.0,1601.75
2023-10-30 07:00:00+00:00,2704.75,1511.0
2023-10-30 08:00:00+00:00,2507.25,1462.75
2023-10-30 09:00:00+00:00,2155.5,1165.0
2023-10-30 10:00:00+00:00,1907.0,972.25
2023-10-30 11:00:00+00:00,1625.0,810.5
2023-10-30 12:00:00+00:00,1247.5,539.75
2023-10-30 13:00:00+00:00,821.75,344.5
2023-10-30 14:00:00+00:00,596.25,230.0
2023-10-30 15:00:00+00:00,395.0,187.0
2023-10-30 16:00:00+00:00,297.25,179.25
2023-10-30 17:00:00+00:00,302.5,178.0
2023-10-30 18:00:00+00:00,310.5,174.0
2023-10-30 19:00:00+00:00,287.25,186.0
2023-10-30 20:00:00+00:00,281.75,228.5
2023-10-30 21:00:00+00:00,181.75,293.25
2023-10-30 22:00:00+00:00,181.25,379.25
2023-10-30 23:00:00+00:00,119.75,562.5
2023-10-31 00:00:00+00:00,292.75,636.5
2023-10-31 01:00:00+00:00,897.5,576.0
2023-10-31 02:00:00+00:00,1454.5,762.75
2023-10-31 03:00:00+00:00,1258.0,920.25
2023-10-31 04:00:00+00:00,730.5,862.0
2023-10-31 05:00:00+00:00,608.25,1106.5
2023-10-31 06:00:00+00:00,840.0,1149.25
2023-10-31 07:00:00+00:00,771.0,973.25
2023-10-31 08:00:00+00:00,633.5,857.5
2023-10-31 09:00:00+00:00,564.75,787.75
2023-10-31 10:00:00+00:00,480.25,579.5
2023-10-31 11:00:00+00:00,222.5,407.0
2023-10-31 12:00:00+00:00,239.75,342.0
2023-10-31 13:00:00+00:00,559.0,307.75
2023-10-31 14:00:00+00:00,534.25,269.75
2023-10-31 15:00:00+00:00,583.5,271.0
2023-10-31 16:00:00+00:00,716.75,350.25
2023-10-31 17:00:00+00:00,479.75,299.5
2023-10-31 18:00:00+00:00,440.0,441.5
2023-10-31 19:00:00+00:00,510.25,539.5
2023-10-31 20:00:00+00:00,1283.0,665.75
2023-10-31 21:00:00+00:00,1476.75,887.75
2023-10-31 22:00:00+00:00,1530.25,766.25
2023-10-31 23:00:00+00:00,1396.75,898.0
2023-11-01 00:00:00+00:00,1507.75,909.75
2023-11-01 01:00:00+00:00,1638.0,917.0
2023-11-01 02:00:00+00:00,1788.25,996.5
2023-11-01 03:00:00+00:00,1775.5,1055.0
2023-11-01 04:00:00+00:00,2210.5,1137.0
2023-11-01 05:00:00+00:00,2461.75,1115.0
2023-11-01 06:00:00+00:00,2664.0,1180.5
2023-11-01 07:00:00+00:00,2937.75,1418.5
2023-11-01 08:00:00+00:00,3044.5,1615.0
2023-11-01 09:00:00+00:00,3124.75,1697.0
2023-11-01 10:00:00+00:00,3134.0,1641.75
2023-11-01 11:00:00+00:00,3120.5,1640.75
2023-11-01 12:00:00+00:00,3158.25,1690.5
2023-11-01 13:00:00+00:00,3153.0,1737.0
2023-11-01 14:00:00+00:00,3194.75,1886.5
2023-11-01 15:00:00+00:00,3198.0,2031.0
2023-11-01 16:00:00+00:00,3217.25,2165.75
2023-11-01 17:00:00+00:00,3220.25,2230.0
2023-11-01 18:00:00+00:00,3204.0,2261.0
2023-11-01 19:00:00+00:00,3208.0,2271.75
2023-11-01 20:00:00+00:00,3166.5,2162.25
2023-11-01 21:00:00+00:00,3199.5,2022.5
2023-11-01 22:00:00+00:00,3177.0,1788.25
2023-11-01 23:00:00+00:00,3083.75,1784.75
2023-11-02 00:00:00+00:00,3069.75,1906.0
2023-11-02 01:00:00+00:00,3107.25,1933.75
2023-11-02 02:00:00+00:00,3082.5,2094.5
2023-11-02 03:00:00+00:00,3067.0,2162.5
2023-11-02 04:00:00+00:00,3076.5,2191.5
2023-11-02 05:00:00+00:00,3070.75,2207.75
2023-11-02 06:00:00+00:00,3151.25,2298.25
2023-11-02 07:00:00+00:00,3147.75,2325.0
2023-11-02 08:00:00+00:00,3138.5,2353.5
2023-11-02 09:00:00+00:00,2824.25,2318.25
2023-11-02 10:00:00+00:00,2040.25,2343.5
2023-11-02 11:00:00+00:00,1226.75,2255.0
2023-11-02 12:00:00+00:00,995.75,2174.0
2023-11-02 13:00:00+00:00,1189.75,2136.75
2023-11-02 14:00:00+00:00,1451.0,2045.5
2023-11-02 15:00:00+00:00,1758.75,2086.0
2023-11-02 16:00:00+00:00,1881.0,2089.75
2023-11-02 17:00:00+00:00,1784.75,2180.5
2023-11-02 18:00:00+00:00,1842.5,2267.75
2023-11-02 19:00:00+00:00,2069.25,2254.5
2023-11-02 20:00:00+00:00,2796.0,2218.0
2023-11-02 21:00:00+00:00,2958.75,2276.25
2023-11-02 22:00:00+00:00,2979.0,2315.25
2023-11-02 23:00:00+00:00,3009.5,2340.25
2023-11-03 00:00:00+00:00,3060.75,2380.75
2023-11-03 01:00:00+00:00,3102.25,2361.0
2023-11-03 02:00:00+00:00,3115.25,2341.5
2023-11-03 03:00:00+00:00,3119.5,2340.5
2023-11-03 04:00:00+00:00,3103.0,2249.75
2023-11-03 05:00:00+00:00,3053.5,2283.0
2023-11-03 06:00:00+00:00,3083.25,2280.5
2023-11-03 07:00:00+00:00,3035.25,2243.25
2023-11-03 08:00:00+00:00,3146.0,2205.25
2023-11-03 09:00:00+00:00,3157.0,2151.0
2023-11-03 10:00:00+00:00,3136.25,2116.75
2023-11-03 11:00:00+00:00,3144.25,2041.25
2023-11-03 12:00:00+00:00,3156.25,2175.0
2023-11-03 13:00:00+00:00,3094.75,2094.0
2023-11-03 14:00:00+00:00,3099.5,2209.25
2023-11-03 15:00:00+00:00,3128.75,2153.25
2023-11-03 16:00:00+00:00,3128.75,2179.5
2023-11-03 17:00:00+00:00,3128.5,2227.0
2023-11-03 18:00:00+00:00,3124.5,2221.0
2023-11-03 19:00:00+00:00,3117.0,2230.0
2023-11-03 20:00:00+00:00,3115.0,2153.25
2023-11-03 21:00:00+00:00,3062.0,2117.75
2023-11-03 22:00:00+00:00,2776.75,2046.75
2023-11-03 23:00:00+00:00,2551.75,1977.75
2023-11-04 00:00:00+00:00,2403.75,1942.0
2023-11-04 01:00:00+00:00,1998.75,1836.25
2023-11-04 02:00:00+00:00,2073.5,1845.0
2023-11-04 03:00:00+00:00,2481.75,1787.25
2023-11-04 04:00:00+00:00,2694.5,1677.5
2023-11-04 05:00:00+00:00,2659.0,1668.0
2023-11-04 06:00:00+00:00,2909.25,1643.0
2023-11-04 07:00:00+00:00,2959.25,1671.25
2023-11-04 08:00:00+00:00,3070.0,1582.0
2023-11-04 09:00:00+00:00,3011.5,1598.75
2023-11-04 10:00:00+00:00,3068.75,1636.25
2023-11-04 11:00:00+00:00,3071.75,1602.5
2023-11-04 12:00:00+00:00,3064.75,1548.75
2023-11-04 13:00:00+00:00,3065.25,1748.5
2023-11-04 14:00:00+00:00,3004.75,1876.75
2023-11-04 15:00:00+00:00,2904.25,1810.0
2023-11-04 16:00:00+00:00,2909.75,1638.0
2023-11-04 17:00:00+00:00,2876.5,1500.75
2023-11-04 18:00:00+00:00,2570.0,1503.25
2023-11-04 19:00:00+00:00,2553.0,1495.25
2023-11-04 20:00:00+00:00,2826.0,1531.0
2023-11-04 21:00:00+00:00,2912.5,1653.75
2023-11-04 22:00:00+00:00,2659.25,1672.75
2023-11-04 23:00:00+00:00,2691.5,1620.25
2023-11-05 00:00:00+00:00,2653.75,1471.0
2023-11-05 01:00:00+00:00,2394.0,1257.5
2023-11-05 02:00:00+00:00,2140.25,1178.5
2023-11-05 03:00:00+00:00,1742.5,1027.25
2023-11-05 04:00:00+00:00,1472.25,800.75
2023-11-05 05:00:00+00:00,1368.75,686.25
2023-11-05 06:00:00+00:00,1269.0,624.75
2023-11-05 07:00:00+00:00,1521.25,656.25
2023-11-05 08:00:00+00:00,1542.0,800.75
2023-11-05 09:00:00+00:00,1910.5,1002.0
2023-11-05 10:00:00+00:00,2214.0,1097.0
2023-11-05 11:00:00+00:00,2331.5,1362.75
2023-11-05 12:00:00+00:00,2399.5,1494.25
2023-11-05 13:00:00+00:00,2480.25,1777.25
2023-11-05 14:00:00+00:00,2603.75,2181.75
2023-11-05 15:00:00+00:00,2561.25,2218.0
2023-11-05 16:00:00+00:00,2558.5,2217.25
2023-11-05 17:00:00+00:00,2856.75,2175.75
2023-11-05 18:00:00+00:00,2724.5,2160.0
2023-11-05 19:00:00+00:00,2857.5,2010.5
2023-11-05 20:00:00+00:00,2853.75,1870.75
2023-11-05 21:00:00+00:00,2717.0,1809.25
2023-11-05 22:00:00+00:00,2543.75,1830.75
2023-11-05 23:00:00+00:00,2759.75,1792.75
2023-11-06 00:00:00+00:00,2704.0,1841.25
2023-11-06 01:00:00+00:00,2712.25,1883.75
2023-11-06 02:00:00+00:00,2809.75,1877.0
2023-11-06 03:00:00+00:00,2813.25,1922.5
2023-11-06 04:00:00+00:00,2892.25,1992.0
2023-11-06 05:00:00+00:00,2823.25,2034.25
2023-11-06 06:00:00+00:00,2977.5,2000.25
2023-11-06 07:00:00+00:00,2872.0,2006.75
2023-11-06 08:00:00+00:00,2781.75,1945.5
2023-11-06 09:00:00+00:00,2697.5,2040.5
2023-11-06 10:00:00+00:00,2713.75,2172.25
2023-11-06 11:00:00+00:00,2433.75,2189.0
2023-11-06 12:00:00+00:00,2440.25,2167.25
2023-11-06 13:00:00+00:00,2538.0,2112.5
2023-11-06 14:00:00+00:00,2830.25,1858.5
2023-11-06 15:00:00+00:00,2941.25,1806.5
2023-11-06 16:00:00+00:00,2900.75,1811.25
2023-11-06 17:00:00+00:00,2930.25,1840.75
2023-11-06 18:00:00+00:00,2892.25,1904.75
2023-11-06 19:00:00+00:00,2886.0,1883.75
2023-11-06 20:00:00+00:00,2960.0,1825.25
2023-11-06 21:00:00+00:00,2886.25,1900.5
2023-11-06 22:00:00+00:00,2708.5,1802.75
2023-11-06 23:00:00+00:00,2637.75,1779.5
2023-11-07 00:00:00+00:00,2771.0,1700.75
2023-11-07 01:00:00+00:00,2843.25,1661.5
2023-11-07 02:00:00+00:00,2845.25,1666.5
2023-11-07 03:00:00+00:00,2731.5,1582.0
2023-11-07 04:00:00+00:00,2392.25,1559.5
2023-11-07 05:00:00+00:00,2570.5,1531.25
2023-11-07 06:00:00+00:00,2471.5,1623.25
2023-11-07 07:00:00+00:00,2409.25,1595.25
2023-11-07 08:00:00+00:00,2389.0,1588.25
2023-11-07 09:00:00+00:00,2541.5,1526.25
2023-11-07 10:00:00+00:00,2754.75,1438.0
2023-11-07 11:00:00+00:00,2925.5,1601.5
2023-11-07 12:00:00+00:00,2864.5,1659.0
2023-11-07 13:00:00+00:00,2790.0,1806.75
2023-11-07 14:00:00+00:00,2799.25,1744.25
2023-11-07 15:00:00+00:00,2716.0,1806.5
2023-11-07 16:00:00+00:00,2725.25,1876.25
2023-11-07 17:00:00+00:00,2865.75,1955.0
2023-11-07 18:00:00+00:00,2926.25,1995.75
2023-11-07 19:00:00+00:00,2912.25,1918.75
2023-11-07 20:00:00+00:00,2838.25,1791.75
2023-11-07 21:00:00+00:00,2809.75,1658.5
2023-11-07 22:00:00+00:00,2849.0,1583.5
2023-11-07 23:00:00+00:00,2538.5,1672.5
2023-11-08 00:00:00+00:00,2378.25,1699.0
2023-11-08 01:00:00+00:00,2351.75,1712.75
2023-11-08 02:00:00+00:00,2135.5,1650.0
2023-11-08 03:00:00+00:00,2283.5,1582.25
2023-11-08 04:00:00+00:00,2614.25,1654.5
2023-11-08 05:00:00+00:00,2663.5,1642.0
2023-11-08 06:00:00+00:00,2800.25,1654.5
2023-11-08 07:00:00+00:00,3083.75,1672.0
2023-11-08 08:00:00+00:00,3119.25,1610.25
2023-11-08 09:00:00+00:00,3116.5,1638.0
2023-11-08 10:00:00+00:00,3041.0,1632.25
2023-11-08 11:00:00+00:00,3066.0,1839.75
2023-11-08 12:00:00+00:00,3119.0,1970.0
2023-11-08 13:00:00+00:00,3118.5,2023.5
2023-11-08 14:00:00+00:00,3117.75,2139.0
2023-11-08 15:00:00+00:00,3119.75,2269.5
2023-11-08 16:00:00+00:00,3117.0,2322.75
2023-11-08 17:00:00+00:00,3106.5,2336.0
2023-11-08 18:00:00+00:00,3097.25,2323.25
2023-11-08 19:00:00+00:00,2949.75,2292.5
2023-11-08 20:00:00+00:00,2249.5,2257.25
2023-11-08 21:00:00+00:00,800.5,2218.5
2023-11-08 22:00:00+00:00,376.25,1957.0
2023-11-08 23:00:00+00:00,240.25,1829.75
2023-11-09 00:00:00+00:00,188.25,1569.75
2023-11-09 01:00:00+00:00,193.5,1168.5
2023-11-09 02:00:00+00:00,309.0,881.0
2023-11-09 03:00:00+00:00,481.25,485.5
2023-11-09 04:00:00+00:00,894.0,367.5
2023-11-09 05:00:00+00:00,990.75,463.5
2023-11-09 06:00:00+00:00,1023.75,476.0
2023-11-09 07:00:00+00:00,977.25,602.5
2023-11-09 08:00:00+00:00,1312.5,662.0
2023-11-09 09:00:00+00:00,1925.0,652.25
2023-11-09 10:00:00+00:00,2256.75,864.5
2023-11-09 11:00:00+00:00,2603.75,1144.0
2023-11-09 12:00:00+00:00,2344.75,1342.75
2023-11-09 13:00:00+00:00,2858.25,1392.5
2023-11-09 14:00:00+00:00,2174.25,1340.25
2023-11-09 15:00:00+00:00,2656.75,1414.0
2023-11-09 16:00:00+00:00,2943.25,1239.0
2023-11-09 17:00:00+00:00,3029.5,1173.5
2023-11-09 18:00:00+00:00,3136.0,1505.5
2023-11-09 19:00:00+00:00,3129.5,1619.25
2023-11-09 20:00:00+00:00,2996.75,1838.25
2023-11-09 21:00:00+00:00,2816.75,1874.0
2023-11-09 22:00:00+00:00,2977.0,1835.75
2023-11-09 23:00:00+00:00,2999.0,1862.5
2023-11-10 00:00:00+00:00,2989.5,1934.5
2023-11-10 01:00:00+00:00,2956.75,1948.25
2023-11-10 02:00:00+00:00,2879.25,1912.25
2023-11-10 03:00:00+00:00,2825.25,1839.0
2023-11-10 04:00:00+00:00,2837.5,1794.5
2023-11-10 05:00:00+00:00,2811.75,1693.0
2023-11-10 06:00:00+00:00,2812.25,1762.5
2023-11-10 07:00:00+00:00,2771.25,1772.25
2023-11-10 08:00:00+00:00,2796.0,1683.25
2023-11-10 09:00:00+00:00,2435.25,1522.75
2023-11-10 10:00:00+00:00,1803.75,1421.5
2023-11-10 11:00:00+00:00,1173.5,1400.25
2023-11-10 12:00:00+00:00,1188.75,1267.0
2023-11-10 13:00:00+00:00,1513.5,1028.5
2023-11-10 14:00:00+00:00,1299.75,975.0
2023-11-10 15:00:00+00:00,709.0,862.5
2023-11-10 16:00:00+00:00,1168.75,655.25
2023-11-10 17:00:00+00:00,1654.25,417.75
2023-11-10 18:00:00+00:00,2099.5,408.75
2023-11-10 19:00:00+00:00,2477.75,381.75
2023-11-10 20:00:00+00:00,2529.75,646.75
2023-11-10 21:00:00+00:00,2535.0,796.75
2023-11-10 22:00:00+00:00,2627.75,853.5
2023-11-10 23:00:00+00:00,2488.0,966.25
2023-11-11 00:00:00+00:00,2269.0,991.25
2023-11-11 01:00:00+00:00,2322.75,926.0
2023-11-11 02:00:00+00:00,2372.75,1021.75
2023-11-11 03:00:00+00:00,2415.25,1061.25
2023-11-11 04:00:00+00:00,2477.5,1001.5
2023-11-11 05:00:00+00:00,2589.0,971.5
2023-11-11 06:00:00+00:00,2512.75,1074.25
2023-11-11 07:00:00+00:00,2172.0,954.5
2023-11-11 08:00:00+00:00,1779.75,792.75
2023-11-11 09:00:00+00:00,1589.5,820.5
2023-11-11 10:00:00+00:00,1533.5,733.25
2023-11-11 11:00:00+00:00,1581.0,770.25
2023-11-11 12:00:00+00:00,1600.75,851.5
2023-11-11 13:00:00+00:00,1502.5,828.25
2023-11-11 14:00:00+00:00,1412.75,778.75
2023-11-11 15:00:00+00:00,1404.5,689.0
2023-11-11 16:00:00+00:00,1249.75,742.25
2023-11-11 17:00:00+00:00,1093.25,629.25
2023-11-11 18:00:00+00:00,941.25,585.75
2023-11-11 19:00:00+00:00,663.25,442.25
2023-11-11 20:00:00+00:00,522.5,307.5
2023-11-11 21:00:00+00:00,300.0,251.5
2023-11-11 22:00:00+00:00,198.25,236.75
2023-11-11 23:00:00+00:00,125.5,236.5
2023-11-12 00:00:00+00:00,131.25,229.0
2023-11-12 01:00:00+00:00,156.0,232.0
2023-11-12 02:00:00+00:00,203.75,216.0
2023-11-12 03:00:00+00:00,138.25,230.0
2023-11-12 04:00:00+00:00,166.5,218.0
2023-11-12 05:00:00+00:00,196.5,144.25
2023-11-12 06:00:00+00:00,239.5,170.5
2023-11-12 07:00:00+00:00,249.5,213.25
2023-11-12 08:00:00+00:00,308.25,175.0
2023-11-12 09:00:00+00:00,320.75,108.75
2023-11-12 10:00:00+00:00,255.0,128.5
2023-11-12 11:00:00+00:00,323.0,115.0
2023-11-12 12:00:00+00:00,325.0,121.0
2023-11-12 13:00:00+00:00,308.0,159.0
2023-11-12 14:00:00+00:00,358.0,136.5
2023-11-12 15:00:00+00:00,411.25,118.75
2023-11-12 16:00:00+00:00,537.5,141.5
2023-11-12 17:00:00+00:00,739.5,173.75
2023-11-12 18:00:00+00:00,827.0,255.25
2023-11-12 19:00:00+00:00,744.0,326.0
2023-11-12 20:00:00+00:00,631.0,285.5
2023-11-12 21:00:00+00:00,526.0,267.75
2023-11-12 22:00:00+00:00,451.25,231.0
2023-11-12 23:00:00+00:00,490.25,245.5
2023-11-13 00:00:00+00:00,562.75,282.25
2023-11-13 01:00:00+00:00,542.5,323.5
2023-11-13 02:00:00+00:00,489.25,342.75
2023-11-13 03:00:00+00:00,463.5,337.75
2023-11-13 04:00:00+00:00,651.75,484.5
2023-11-13 05:00:00+00:00,1023.25,698.5
2023-11-13 06:00:00+00:00,1803.0,805.5
2023-11-13 07:00:00+00:00,2677.5,1047.5
2023-11-13 08:00:00+00:00,2855.75,1184.5
2023-11-13 09:00:00+00:00,3133.5,1316.75
2023-11-13 10:00:00+00:00,3170.0,1680.5
2023-11-13 11:00:00+00:00,3167.25,1976.0
2023-11-13 12:00:00+00:00,3166.25,2137.75
2023-11-13 13:00:00+00:00,3149.0,2255.75
2023-11-13 14:00:00+00:00,3178.5,2240.0
2023-11-13 15:00:00+00:00,3186.75,2243.0
2023-11-13 16:00:00+00:00,3182.75,2289.75
2023-11-13 17:00:00+00:00,3173.25,2311.25
2023-11-13 18:00:00+00:00,3169.5,2317.25
2023-11-13 19:00:00+00:00,3139.75,2329.75
2023-11-13 20:00:00+00:00,3035.5,2327.5
2023-11-13 21:00:00+00:00,2934.0,2334.75
2023-11-13 22:00:00+00:00,2921.75,2309.5
2023-11-13 23:00:00+00:00,2840.25,2291.25
2023-11-14 00:00:00+00:00,2824.5,2255.0
2023-11-14 01:00:00+00:00,2748.75,2320.75
2023-11-14 02:00:00+00:00,2849.75,2274.5
2023-11-14 03:00:00+00:00,2835.0,2283.25
2023-11-14 04:00:00+00:00,2916.5,2286.0
2023-11-14 05:00:00+00:00,3082.25,2264.75
2023-11-14 06:00:00+00:00,3093.0,2289.5
2023-11-14 07:00:00+00:00,3145.25,2223.0
2023-11-14 08:00:00+00:00,3141.25,2141.75
2023-11-14 09:00:00+00:00,3018.5,2044.5
2023-11-14 10:00:00+00:00,2925.0,2109.25
2023-11-14 11:00:00+00:00,2732.75,2052.25
2023-11-14 12:00:00+00:00,2866.5,1918.5
2023-11-14 13:00:00+00:00,3021.25,1709.25
2023-11-14 14:00:00+00:00,2363.5,1414.25
2023-11-14 15:00:00+00:00,1936.75,1040.5
2023-11-14 16:00:00+00:00,2369.75,754.0
2023-11-14 17:00:00+00:00,2570.75,829.0
2023-11-14 18:00:00+00:00,2506.5,881.25
2023-11-14 19:00:00+00:00,2570.25,1093.5
2023-11-14 20:00:00+00:00,2510.0,1126.5
2023-11-14 21:00:00+00:00,2354.0,1189.75
2023-11-14 22:00:00+00:00,2390.75,1118.25
2023-11-14 23:00:00+00:00,2365.5,1074.75
2023-11-15 00:00:00+00:00,2348.75,994.5
2023-11-15 01:00:00+00:00,2465.25,941.75
2023-11-15 02:00:00+00:00,2549.25,830.75
2023-11-15 03:00:00+00:00,2521.25,800.75
2023-11-15 04:00:00+00:00,2403.25,904.25
2023-11-15 05:00:00+00:00,2426.5,836.75
2023-11-15 06:00:00+00:00,2476.0,811.0
2023-11-15 07:00:00+00:00,2486.25,847.75
2023-11-15 08:00:00+00:00,2450.25,958.0
2023-11-15 09:00:00+00:00,2622.5,1360.25
2023-11-15 10:00:00+00:00,2699.0,1550.5
2023-11-15 11:00:00+00:00,2797.25,1665.0
2023-11-15 12:00:00+00:00,3015.75,1659.75
2023-11-15 13:00:00+00:00,3092.0,1785.0
2023-11-15 14:00:00+00:00,3115.0,1858.0
2023-11-15 15:00:00+00:00,3128.75,1910.75
2023-11-15 16:00:00+00:00,3130.25,1871.5
2023-11-15 17:00:00+00:00,3121.0,1886.5
2023-11-15 18:00:00+00:00,3097.0,1845.0
2023-11-15 19:00:00+00:00,3063.0,1937.5
2023-11-15 20:00:00+00:00,2998.75,1950.0
2023-11-15 21:00:00+00:00,2735.75,1954.5
2023-11-15 22:00:00+00:00,2593.5,1865.75
2023-11-15 23:00:00+00:00,2060.0,1673.25
2023-11-16 00:00:00+00:00,1582.5,1398.0
2023-11-16 01:00:00+00:00,1083.75,1124.0
2023-11-16 02:00:00+00:00,628.5,613.5
2023-11-16 03:00:00+00:00,353.0,317.25
2023-11-16 04:00:00+00:00,263.75,157.5
2023-11-16 05:00:00+00:00,179.5,66.0
2023-11-16 06:00:00+00:00,149.5,30.0
2023-11-16 07:00:00+00:00,280.25,26.75
2023-11-16 08:00:00+00:00,391.0,28.5
2023-11-16 09:00:00+00:00,346.75,38.5
2023-11-16 10:00:00+00:00,277.75,52.0
2023-11-16 11:00:00+00:00,320.75,83.25
2023-11-16 12:00:00+00:00,411.5,125.0
2023-11-16 13:00:00+00:00,388.75,154.25
2023-11-16 14:00:00+00:00,417.5,149.25
2023-11-16 15:00:00+00:00,368.25,158.0
2023-11-16 16:00:00+00:00,282.75,141.75
2023-11-16 17:00:00+00:00,193.0,107.5
2023-11-16 18:00:00+00:00,125.75,105.0
2023-11-16 19:00:00+00:00,43.25,127.25
2023-11-16 20:00:00+00:00,21.75,72.25
2023-11-16 21:00:00+00:00,28.0,38.25
2023-11-16 22:00:00+00:00,1.25,21.0
2023-11-16 23:00:00+00:00,9.25,20.0
2023-11-17 00:00:00+00:00,53.75,29.25
2023-11-17 01:00:00+00:00,124.25,60.25
2023-11-17 02:00:00+00:00,170.25,87.0
2023-11-17 03:00:00+00:00,216.5,109.75
2023-11-17 04:00:00+00:00,160.5,139.5
2023-11-17 05:00:00+00:00,199.75,197.25
2023-11-17 06:00:00+00:00,289.5,208.0
2023-11-17 07:00:00+00:00,260.75,209.25
2023-11-17 08:00:00+00:00,133.5,214.5
2023-11-17 09:00:00+00:00,120.0,205.75
2023-11-17 10:00:00+00:00,157.0,126.5
2023-11-17 11:00:00+00:00,238.0,100.25
2023-11-17 12:00:00+00:00,330.0,103.5
2023-11-17 13:00:00+00:00,421.5,77.0
2023-11-17 14:00:00+00:00,373.25,76.5
2023-11-17 15:00:00+00:00,270.75,71.25
2023-11-17 16:00:00+00:00,180.5,77.75
2023-11-17 17:00:00+00:00,195.25,107.0
2023-11-17 18:00:00+00:00,168.25,163.75
2023-11-17 19:00:00+00:00,188.75,182.75
2023-11-17 20:00:00+00:00,175.75,250.0
2023-11-17 21:00:00+00:00,160.5,317.75
2023-11-17 22:00:00+00:00,245.5,345.75
2023-11-17 23:00:00+00:00,492.25,341.5
2023-11-18 00:00:00+00:00,647.0,415.75
2023-11-18 01:00:00+00:00,948.75,492.75
2023-11-18 02:00:00+00:00,1126.25,534.5
2023-11-18 03:00:00+00:00,1472.75,621.75
2023-11-18 04:00:00+00:00,1751.75,743.5
2023-11-18 05:00:00+00:00,2021.0,854.75
2023-11-18 06:00:00+00:00,2089.5,1006.75
2023-11-18 07:00:00+00:00,2717.5,1077.0
2023-11-18 08:00:00+00:00,3098.75,1216.5
2023-11-18 09:00:00+00:00,3138.75,1477.75
2023-11-18 10:00:00+00:00,3176.25,1536.25
2023-11-18 11:00:00+00:00,3207.75,1825.5
2023-11-18 12:00:00+00:00,3225.5,2013.5
2023-11-18 13:00:00+00:00,3267.25,2089.5
2023-11-18 14:00:00+00:00,3266.25,2245.25
2023-11-18 15:00:00+00:00,3261.25,2277.75
2023-11-18 16:00:00+00:00,3266.0,2212.25
2023-11-18 17:00:00+00:00,3271.75,2001.75
2023-11-18 18:00:00+00:00,3260.5,1964.0
2023-11-18 19:00:00+00:00,3256.5,2000.0
2023-11-18 20:00:00+00:00,3248.5,1963.75
2023-11-18 21:00:00+00:00,3233.25,2048.5
2023-11-18 22:00:00+00:00,3178.0,2143.0
2023-11-18 23:00:00+00:00,3158.5,2193.25
2023-11-19 00:00:00+00:00,3129.5,2131.5
2023-11-19 01:00:00+00:00,3184.0,2159.5
2023-11-19 02:00:00+00:00,3167.0,2200.5
2023-11-19 03:00:00+00:00,3168.75,2211.75
2023-11-19 04:00:00+00:00,3168.5,2263.25
2023-11-19 05:00:00+00:00,3167.5,2257.0
2023-11-19 06:00:00+00:00,3162.75,2222.75
2023-11-19 07:00:00+00:00,3164.0,2222.5
2023-11-19 08:00:00+00:00,3144.5,2192.0
2023-11-19 09:00:00+00:00,3166.5,2190.0
2023-11-19 10:00:00+00:00,3173.25,2198.75
2023-11-19 11:00:00+00:00,3163.75,2250.0
2023-11-19 12:00:00+00:00,3175.0,2275.0
2023-11-19 13:00:00+00:00,3137.25,2311.5
2023-11-19 14:00:00+00:00,3175.75,2270.75
2023-11-19 15:00:00+00:00,3137.0,2210.0
2023-11-19 16:00:00+00:00,3099.25,2153.0
2023-11-19 17:00:00+00:00,2982.5,2147.25
2023-11-19 18:00:00+00:00,2755.0,2234.5
2023-11-19 19:00:00+00:00,2671.0,2249.25
2023-11-19 20:00:00+00:00,2618.0,2244.0
2023-11-19 21:00:00+00:00,2564.0,2209.25
2023-11-19 22:00:00+00:00,2561.25,2226.5
2023-11-19 23:00:00+00:00,2658.25,2163.75
2023-11-20 00:00:00+00:00,2660.0,2084.0
2023-11-20 01:00:00+00:00,2655.5,2006.25
2023-11-20 02:00:00+00:00,2631.25,1982.75
2023-11-20 03:00:00+00:00,2601.75,1950.5
2023-11-20 04:00:00+00:00,2546.25,1856.25
2023-11-20 05:00:00+00:00,2454.5,1736.5
2023-11-20 06:00:00+00:00,2205.5,1492.0
2023-11-20 07:00:00+00:00,2059.0,1389.5
2023-11-20 08:00:00+00:00,1935.25,1369.0
2023-11-20 09:00:00+00:00,1697.5,1169.5
2023-11-20 10:00:00+00:00,1427.25,1069.0
2023-11-20 11:00:00+00:00,1113.5,951.5
2023-11-20 12:00:00+00:00,798.25,752.5
2023-11-20 13:00:00+00:00,617.0,528.25
2023-11-20 14:00:00+00:00,503.0,434.5
2023-11-20 15:00:00+00:00,475.25,331.5
2023-11-20 16:00:00+00:00,357.75,381.0
2023-11-20 17:00:00+00:00,354.75,282.75
2023-11-20 18:00:00+00:00,464.0,248.25
2023-11-20 19:00:00+00:00,673.75,240.0
2023-11-20 20:00:00+00:00,826.75,231.75
2023-11-20 21:00:00+00:00,887.5,216.5
2023-11-20 22:00:00+00:00,788.0,214.0
2023-11-20 23:00:00+00:00,766.25,217.75
2023-11-21 00:00:00+00:00,745.5,185.5
2023-11-21 01:00:00+00:00,1085.75,161.25
2023-11-21 02:00:00+00:00,983.75,273.75
2023-11-21 03:00:00+00:00,1123.0,300.5
2023-11-21 04:00:00+00:00,1164.75,383.0
2023-11-21 05:00:00+00:00,1200.75,431.75
2023-11-21 06:00:00+00:00,1637.25,591.0
2023-11-21 07:00:00+00:00,1638.5,602.25
2023-11-21 08:00:00+00:00,1849.25,638.5
2023-11-21 09:00:00+00:00,1820.25,633.5
2023-11-21 10:00:00+00:00,1619.25,697.75
2023-11-21 11:00:00+00:00,1467.25,704.0
2023-11-21 12:00:00+00:00,1245.0,689.5
2023-11-21 13:00:00+00:00,1395.5,677.75
2023-11-21 14:00:00+00:00,1642.75,658.0
2023-11-21 15:00:00+00:00,1810.5,722.75
2023-11-21 16:00:00+00:00,2177.75,629.0
2023-11-21 17:00:00+00:00,2408.0,634.75
2023-11-21 18:00:00+00:00,2062.0,630.5
2023-11-21 19:00:00+00:00,1442.75,511.25
2023-11-21 20:00:00+00:00,1114.25,435.5
2023-11-21 21:00:00+00:00,667.75,325.0
2023-11-21 22:00:00+00:00,672.0,297.25
2023-11-21 23:00:00+00:00,433.0,203.75
2023-11-22 00:00:00+00:00,247.5,141.0
2023-11-22 01:00:00+00:00,132.25,127.0
2023-11-22 02:00:00+00:00,121.0,112.0
2023-11-22 03:00:00+00:00,79.75,69.75
2023-11-22 04:00:00+00:00,137.5,86.5
2023-11-22 05:00:00+00:00,197.5,132.25
2023-11-22 06:00:00+00:00,351.75,165.5
2023-11-22 07:00:00+00:00,489.75,239.5
2023-11-22 08:00:00+00:00,608.75,258.0
2023-11-22 09:00:00+00:00,1007.25,346.25
2023-11-22 10:00:00+00:00,1395.25,414.25
2023-11-22 11:00:00+00:00,1686.25,560.75
2023-11-22 12:00:00+00:00,2105.75,690.5
2023-11-22 13:00:00+00:00,2206.0,793.25
2023-11-22 14:00:00+00:00,2512.5,1008.75
2023-11-22 15:00:00+00:00,2648.5,1264.25
2023-11-22 16:00:00+00:00,2767.25,1590.25
2023-11-22 17:00:00+00:00,2759.5,1728.25
2023-11-22 18:00:00+00:00,2890.0,1844.25
2023-11-22 19:00:00+00:00,2625.75,1898.75
2023-11-22 20:00:00+00:00,2615.75,1745.25
2023-11-22 21:00:00+00:00,2709.0,1584.0
2023-11-22 22:00:00+00:00,2790.75,1574.5
2023-11-22 23:00:00+00:00,2763.5,1618.75
2023-11-23 00:00:00+00:00,2734.5,1736.5
2023-11-23 01:00:00+00:00,2647.25,1790.0
2023-11-23 02:00:00+00:00,2571.75,1826.75
2023-11-23 03:00:00+00:00,2580.75,1873.25
2023-11-23 04:00:00+00:00,2726.5,1973.75
2023-11-23 05:00:00+00:00,2700.25,1999.75
2023-11-23 06:00:00+00:00,2868.25,2050.5
2023-11-23 07:00:00+00:00,3084.75,2030.5
2023-11-23 08:00:00+00:00,3036.75,2009.5
2023-11-23 09:00:00+00:00,3162.5,2003.5
2023-11-23 10:00:00+00:00,3238.0,2094.5
2023-11-23 11:00:00+00:00,3327.0,2283.0
2023-11-23 12:00:00+00:00,3322.5,2290.75
2023-11-23 13:00:00+00:00,3323.25,2331.25
2023-11-23 14:00:00+00:00,3287.0,2317.75
2023-11-23 15:00:00+00:00,3295.0,2362.5
2023-11-23 16:00:00+00:00,3347.0,2334.25
2023-11-23 17:00:00+00:00,3316.0,2330.0
2023-11-23 18:00:00+00:00,3309.5,2329.0
2023-11-23 19:00:00+00:00,3315.75,2323.5
2023-11-23 20:00:00+00:00,3293.75,2254.5
2023-11-23 21:00:00+00:00,3242.5,2284.5
2023-11-23 22:00:00+00:00,3213.0,2146.5
2023-11-23 23:00:00+00:00,3215.75,2148.0
2023-11-24 00:00:00+00:00,3185.0,2100.0
2023-11-24 01:00:00+00:00,3193.25,2105.0
2023-11-24 02:00:00+00:00,3216.75,1986.25
2023-11-24 03:00:00+00:00,3210.5,2035.0
2023-11-24 04:00:00+00:00,3250.0,2053.0
2023-11-24 05:00:00+00:00,3304.0,2087.5
2023-11-24 06:00:00+00:00,3326.5,2176.5
2023-11-24 07:00:00+00:00,3315.5,2196.75
2023-11-24 08:00:00+00:00,3292.0,2149.0
2023-11-24 09:00:00+00:00,3254.5,2168.75
2023-11-24 10:00:00+00:00,3236.25,2054.0
2023-11-24 11:00:00+00:00,3201.75,2242.25
2023-11-24 12:00:00+00:00,3209.0,2350.5
2023-11-24 13:00:00+00:00,3202.75,2342.0
2023-11-24 14:00:00+00:00,2911.0,2323.5
2023-11-24 15:00:00+00:00,2581.5,2342.5
2023-11-24 16:00:00+00:00,2158.0,2341.0
2023-11-24 17:00:00+00:00,2225.5,2313.25
2023-11-24 18:00:00+00:00,2304.0,2292.25
2023-11-24 19:00:00+00:00,2497.0,2312.75
2023-11-24 20:00:00+00:00,2989.75,2308.25
2023-11-24 21:00:00+00:00,3181.5,2176.5
2023-11-24 22:00:00+00:00,3207.5,1855.0
2023-11-24 23:00:00+00:00,3227.5,1648.5
2023-11-25 00:00:00+00:00,3193.75,1545.25
2023-11-25 01:00:00+00:00,3135.25,1440.5
2023-11-25 02:00:00+00:00,3025.5,1338.5
2023-11-25 03:00:00+00:00,2913.5,1367.25
2023-11-25 04:00:00+00:00,3138.75,1340.0
2023-11-25 05:00:00+00:00,3177.5,1695.75
2023-11-25 06:00:00+00:00,3197.5,1859.75
2023-11-25 07:00:00+00:00,3228.5,1881.75
2023-11-25 08:00:00+00:00,3261.25,1855.75
2023-11-25 09:00:00+00:00,3265.75,1932.25
2023-11-25 10:00:00+00:00,3253.25,1894.5
2023-11-25 11:00:00+00:00,3224.25,1802.75
2023-11-25 12:00:00+00:00,3082.25,1849.0
2023-11-25 13:00:00+00:00,2999.0,1770.75
2023-11-25 14:00:00+00:00,3092.75,1507.75
2023-11-25 15:00:00+00:00,3086.0,1325.0
2023-11-25 16:00:00+00:00,3176.5,1095.5
2023-11-25 17:00:00+00:00,2975.25,815.25
2023-11-25 18:00:00+00:00,2829.75,783.75
2023-11-25 19:00:00+00:00,2442.25,654.75
2023-11-25 20:00:00+00:00,2070.25,463.5
2023-11-25 21:00:00+00:00,1636.25,351.0
2023-11-25 22:00:00+00:00,1358.75,248.25
2023-11-25 23:00:00+00:00,1194.75,251.25
2023-11-26 00:00:00+00:00,1194.5,332.25
2023-11-26 01:00:00+00:00,1130.25,283.75
2023-11-26 02:00:00+00:00,1278.25,391.0
2023-11-26 03:00:00+00:00,1392.75,482.25
2023-11-26 04:00:00+00:00,1259.5,427.5
2023-11-26 05:00:00+00:00,1196.0,475.75
2023-11-26 06:00:00+00:00,1037.25,451.25
2023-11-26 07:00:00+00:00,954.25,454.25
2023-11-26 08:00:00+00:00,780.5,463.75
2023-11-26 09:00:00+00:00,733.75,411.0
2023-11-26 10:00:00+00:00,550.25,393.75
2023-11-26 11:00:00+00:00,674.25,411.25
2023-11-26 12:00:00+00:00,679.5,435.25
2023-11-26 13:00:00+00:00,1019.75,360.75
2023-11-26 14:00:00+00:00,1180.0,426.0
2023-11-26 15:00:00+00:00,1111.5,502.75
2023-11-26 16:00:00+00:00,1031.75,579.25
2023-11-26 17:00:00+00:00,852.25,587.75
2023-11-26 18:00:00+00:00,764.25,659.5
2023-11-26 19:00:00+00:00,991.25,718.75
2023-11-26 20:00:00+00:00,1184.0,811.25
2023-11-26 21:00:00+00:00,1746.0,929.5
2023-11-26 22:00:00+00:00,2093.0,977.0
2023-11-26 23:00:00+00:00,2248.0,950.75
2023-11-27 00:00:00+00:00,2092.75,1109.5
2023-11-27 01:00:00+00:00,2216.75,1235.25
2023-11-27 02:00:00+00:00,2514.0,1305.5
2023-11-27 03:00:00+00:00,2682.5,1366.5
2023-11-27 04:00:00+00:00,2101.25,1211.5
2023-11-27 05:00:00+00:00,1423.75,1111.5
2023-11-27 06:00:00+00:00,952.25,1024.25
2023-11-27 07:00:00+00:00,712.25,903.5
2023-11-27 08:00:00+00:00,493.75,750.75
2023-11-27 09:00:00+00:00,249.5,595.75
2023-11-27 10:00:00+00:00,263.0,441.0
2023-11-27 11:00:00+00:00,460.5,349.25
2023-11-27 12:00:00+00:00,660.0,382.75
2023-11-27 13:00:00+00:00,1102.75,481.75
2023-11-27 14:00:00+00:00,1711.5,710.0
2023-11-27 15:00:00+00:00,2584.25,962.5
2023-11-27 16:00:00+00:00,2320.25,1154.0
2023-11-27 17:00:00+00:00,2541.5,1281.25
2023-11-27 18:00:00+00:00,2942.0,1463.5
2023-11-27 19:00:00+00:00,3264.5,1694.5
2023-11-27 20:00:00+00:00,3313.75,1806.75
2023-11-27 21:00:00+00:00,3322.0,1877.5
2023-11-27 22:00:00+00:00,3327.75,1885.75
2023-11-27 23:00:00+00:00,3335.0,1833.0
2023-11-28 00:00:00+00:00,3332.25,1859.25
2023-11-28 01:00:00+00:00,3347.25,1840.0
2023-11-28 02:00:00+00:00,3326.0,1822.0
2023-11-28 03:00:00+00:00,3228.5,1802.25
2023-11-28 04:00:00+00:00,3044.0,1586.75
2023-11-28 05:00:00+00:00,2750.75,1299.5
2023-11-28 06:00:00+00:00,2148.0,950.25
2023-11-28 07:00:00+00:00,1372.75,552.25
2023-11-28 08:00:00+00:00,654.0,271.0
2023-11-28 09:00:00+00:00,244.0,118.75
2023-11-28 10:00:00+00:00,33.75,90.25
2023-11-28 11:00:00+00:00,3.0,93.25
2023-11-28 12:00:00+00:00,77.0,96.5
2023-11-28 13:00:00+00:00,394.5,134.0
2023-11-28 14:00:00+00:00,1084.75,234.75
2023-11-28 15:00:00+00:00,1525.5,516.25
2023-11-28 16:00:00+00:00,1747.75,1102.75
2023-11-28 17:00:00+00:00,2147.75,1572.5
2023-11-28 18:00:00+00:00,2286.75,1802.0
2023-11-28 19:00:00+00:00,2740.75,1848.25
2023-11-28 20:00:00+00:00,2720.5,1715.25
2023-11-28 21:00:00+00:00,2772.75,1603.5
2023-11-28 22:00:00+00:00,2790.5,1594.0
2023-11-28 23:00:00+00:00,3122.25,1584.75
2023-11-29 00:00:00+00:00,3064.25,1445.0
2023-11-29 01:00:00+00:00,2752.5,1593.75
2023-11-29 02:00:00+00:00,3186.5,1762.5
2023-11-29 03:00:00+00:00,3317.75,1762.75
2023-11-29 04:00:00+00:00,3264.25,1734.0
2023-11-29 05:00:00+00:00,3180.0,1651.0
2023-11-29 06:00:00+00:00,2925.25,1509.25
2023-11-29 07:00:00+00:00,2307.0,1320.0
2023-11-29 08:00:00+00:00,1463.25,860.5
2023-11-29 09:00:00+00:00,944.25,365.25
2023-11-29 10:00:00+00:00,1035.5,209.75
2023-11-29 11:00:00+00:00,813.0,276.75
2023-11-29 12:00:00+00:00,578.0,268.5
2023-11-29 13:00:00+00:00,405.5,241.5
2023-11-29 14:00:00+00:00,217.0,222.0
2023-11-29 15:00:00+00:00,104.25,171.75
2023-11-29 16:00:00+00:00,96.5,136.5
2023-11-29 17:00:00+00:00,210.5,129.0
2023-11-29 18:00:00+00:00,207.75,143.75
2023-11-29 19:00:00+00:00,167.0,148.25
2023-11-29 20:00:00+00:00,125.75,84.5
2023-11-29 21:00:00+00:00,153.75,79.25
2023-11-29 22:00:00+00:00,143.75,70.75
2023-11-29 23:00:00+00:00,57.25,59.0
2023-11-30 00:00:00+00:00,115.25,57.5
2023-11-30 01:00:00+00:00,34.5,51.25
2023-11-30 02:00:00+00:00,197.75,54.5
2023-11-30 03:00:00+00:00,142.75,62.5
2023-11-30 04:00:00+00:00,162.5,58.0
2023-11-30 05:00:00+00:00,333.0,62.0
2023-11-30 06:00:00+00:00,348.5,58.75
2023-11-30 07:00:00+00:00,335.0,72.5
2023-11-30 08:00:00+00:00,302.5,83.0
2023-11-30 09:00:00+00:00,343.25,85.25
2023-11-30 10:00:00+00:00,397.25,92.5
2023-11-30 11:00:00+00:00,237.5,75.0
2023-11-30 12:00:00+00:00,215.5,62.75
2023-11-30 13:00:00+00:00,398.0,57.5
2023-11-30 14:00:00+00:00,477.0,61.0
2023-11-30 15:00:00+00:00,410.5,58.75
2023-11-30 16:00:00+00:00,800.75,55.25
2023-11-30 17:00:00+00:00,722.25,56.5
2023-11-30 18:00:00+00:00,615.0,55.75
2023-11-30 19:00:00+00:00,529.25,56.0
2023-11-30 20:00:00+00:00,330.75,63.75
2023-11-30 21:00:00+00:00,320.25,84.75
2023-11-30 22:00:00+00:00,219.5,110.25
2023-11-30 23:00:00+00:00,256.75,136.75
2023-12-01 00:00:00+00:00,378.5,109.0
2023-12-01 01:00:00+00:00,371.5,103.0
2023-12-01 02:00:00+00:00,384.75,141.5
2023-12-01 03:00:00+00:00,488.25,148.75
2023-12-01 04:00:00+00:00,720.25,145.25
2023-12-01 05:00:00+00:00,804.0,153.0
2023-12-01 06:00:00+00:00,746.0,150.75
2023-12-01 07:00:00+00:00,704.25,143.5
2023-12-01 08:00:00+00:00,757.75,131.0
2023-12-01 09:00:00+00:00,568.0,133.25
2023-12-01 10:00:00+00:00,428.75,145.5
2023-12-01 11:00:00+00:00,373.5,151.0
2023-12-01 12:00:00+00:00,326.0,122.5
2023-12-01 13:00:00+00:00,371.75,116.5
2023-12-01 14:00:00+00:00,420.75,117.25
2023-12-01 15:00:00+00:00,563.25,120.0
2023-12-01 16:00:00+00:00,627.5,122.0
2023-12-01 17:00:00+00:00,754.75,106.0
2023-12-01 18:00:00+00:00,789.0,100.0
2023-12-01 19:00:00+00:00,782.5,110.75
2023-12-01 20:00:00+00:00,720.0,107.5
2023-12-01 21:00:00+00:00,532.25,92.5
2023-12-01 22:00:00+00:00,370.75,74.75
2023-12-01 23:00:00+00:00,296.0,70.25
2023-12-02 00:00:00+00:00,259.0,69.5
2023-12-02 01:00:00+00:00,229.0,70.25
2023-12-02 02:00:00+00:00,237.75,74.75
2023-12-02 03:00:00+00:00,253.0,75.75
2023-12-02 04:00:00+00:00,177.5,86.5
2023-12-02 05:00:00+00:00,131.5,111.25
2023-12-02 06:00:00+00:00,121.5,146.25
2023-12-02 07:00:00+00:00,176.75,193.75
2023-12-02 08:00:00+00:00,37.25,197.0
2023-12-02 09:00:00+00:00,30.5,191.25
2023-12-02 10:00:00+00:00,35.5,171.25
2023-12-02 11:00:00+00:00,36.5,160.75
2023-12-02 12:00:00+00:00,23.25,142.75
2023-12-02 13:00:00+00:00,73.0,149.75
2023-12-02 14:00:00+00:00,126.75,201.75
2023-12-02 15:00:00+00:00,78.25,287.0
2023-12-02 16:00:00+00:00,69.5,373.25
2023-12-02 17:00:00+00:00,131.0,479.5
2023-12-02 18:00:00+00:00,301.75,422.25
2023-12-02 19:00:00+00:00,385.25,415.0
2023-12-02 20:00:00+00:00,298.5,477.75
2023-12-02 21:00:00+00:00,239.5,562.5
2023-12-02 22:00:00+00:00,199.25,552.0
2023-12-02 23:00:00+00:00,188.0,490.25
2023-12-03 00:00:00+00:00,309.75,574.0
2023-12-03 01:00:00+00:00,389.0,583.5
2023-12-03 02:00:00+00:00,549.0,493.75
2023-12-03 03:00:00+00:00,526.75,466.25
2023-12-03 04:00:00+00:00,730.25,494.25
2023-12-03 05:00:00+00:00,1190.0,515.0
2023-12-03 06:00:00+00:00,1761.25,578.5
2023-12-03 07:00:00+00:00,2145.25,773.75
2023-12-03 08:00:00+00:00,2547.5,732.25
2023-12-03 09:00:00+00:00,2726.25,851.0
2023-12-03 10:00:00+00:00,2793.75,1012.5
2023-12-03 11:00:00+00:00,2853.5,1061.75
2023-12-03 12:00:00+00:00,2959.25,1096.5
2023-12-03 13:00:00+00:00,2910.75,1185.5
2023-12-03 14:00:00+00:00,2885.0,1219.0
2023-12-03 15:00:00+00:00,2972.0,1315.25
2023-12-03 16:00:00+00:00,2924.5,1304.5
2023-12-03 17:00:00+00:00,2933.0,1298.25
2023-12-03 18:00:00+00:00,2990.5,1248.75
2023-12-03 19:00:00+00:00,3057.75,1206.75
2023-12-03 20:00:00+00:00,2967.5,1244.25
2023-12-03 21:00:00+00:00,2946.0,1227.25
2023-12-03 22:00:00+00:00,2797.75,1169.75
2023-12-03 23:00:00+00:00,2778.25,1147.5
2023-12-04 00:00:00+00:00,2722.25,1130.75
2023-12-04 01:00:00+00:00,2843.0,1109.0
2023-12-04 02:00:00+00:00,2922.5,1080.75
2023-12-04 03:00:00+00:00,2906.25,1117.25
2023-12-04 04:00:00+00:00,2853.5,1208.75
2023-12-04 05:00:00+00:00,2971.75,1181.25
2023-12-04 06:00:00+00:00,2977.75,1227.0
2023-12-04 07:00:00+00:00,3004.5,1253.75
2023-12-04 08:00:00+00:00,2985.0,1240.5
2023-12-04 09:00:00+00:00,2997.0,1239.5
2023-12-04 10:00:00+00:00,2938.0,1161.5
2023-12-04 11:00:00+00:00,2859.75,1109.25
2023-12-04 12:00:00+00:00,2761.0,1124.75
2023-12-04 13:00:00+00:00,2556.0,1153.5
2023-12-04 14:00:00+00:00,2413.75,1165.25
2023-12-04 15:00:00+00:00,2408.0,1299.0
2023-12-04 16:00:00+00:00,2384.0,1425.25
2023-12-04 17:00:00+00:00,2437.5,1299.25
2023-12-04 18:00:00+00:00,2441.0,1252.25
2023-12-04 19:00:00+00:00,2350.25,1240.5
2023-12-04 20:00:00+00:00,2256.5,1170.5
2023-12-04 21:00:00+00:00,2055.0,1058.5
2023-12-04 22:00:00+00:00,1877.5,987.75
2023-12-04 23:00:00+00:00,1942.25,970.0
2023-12-05 00:00:00+00:00,1931.0,932.75
2023-12-05 01:00:00+00:00,1943.25,922.5
2023-12-05 02:00:00+00:00,1886.0,880.25
2023-12-05 03:00:00+00:00,1830.5,767.5
2023-12-05 04:00:00+00:00,1868.5,684.75
2023-12-05 05:00:00+00:00,1835.5,635.25
2023-12-05 06:00:00+00:00,1753.0,600.75
2023-12-05 07:00:00+00:00,1685.5,554.25
2023-12-05 08:00:00+00:00,1593.25,512.5
2023-12-05 09:00:00+00:00,1574.0,450.0
2023-12-05 10:00:00+00:00,1557.75,395.25
2023-12-05 11:00:00+00:00,1517.5,329.75
2023-12-05 12:00:00+00:00,1788.75,280.75
2023-12-05 13:00:00+00:00,1903.0,282.5
2023-12-05 14:00:00+00:00,1808.75,314.25
2023-12-05 15:00:00+00:00,1608.75,359.25
2023-12-05 16:00:00+00:00,1521.25,369.25
2023-12-05 17:00:00+00:00,1368.5,334.5
2023-12-05 18:00:00+00:00,1545.5,305.25
2023-12-05 19:00:00+00:00,2095.5,256.75
2023-12-05 20:00:00+00:00,2019.25,251.75
2023-12-05 21:00:00+00:00,1903.5,221.25
2023-12-05 22:00:00+00:00,1852.25,180.5
2023-12-05 23:00:00+00:00,1736.5,167.5
2023-12-06 00:00:00+00:00,1844.5,203.5
2023-12-06 01:00:00+00:00,2301.0,272.0
2023-12-06 02:00:00+00:00,2005.25,337.0
2023-12-06 03:00:00+00:00,1831.5,599.5
2023-12-06 04:00:00+00:00,1679.5,622.0
2023-12-06 05:00:00+00:00,1656.0,503.75
2023-12-06 06:00:00+00:00,1404.25,451.5
2023-12-06 07:00:00+00:00,1060.5,414.75
2023-12-06 08:00:00+00:00,1017.25,395.75
2023-12-06 09:00:00+00:00,957.75,315.75
2023-12-06 10:00:00+00:00,868.75,270.75
2023-12-06 11:00:00+00:00,761.75,270.5
2023-12-06 12:00:00+00:00,784.0,317.0
2023-12-06 13:00:00+00:00,670.0,307.75
2023-12-06 14:00:00+00:00,646.25,304.25
2023-12-06 15:00:00+00:00,656.0,350.25
2023-12-06 16:00:00+00:00,545.25,405.0
2023-12-06 17:00:00+00:00,445.5,357.0
2023-12-06 18:00:00+00:00,344.25,232.75
2023-12-06 19:00:00+00:00,149.25,161.0
2023-12-06 20:00:00+00:00,105.75,147.0
2023-12-06 21:00:00+00:00,60.0,160.0
2023-12-06 22:00:00+00:00,92.25,217.75
2023-12-06 23:00:00+00:00,102.0,270.5
2023-12-07 00:00:00+00:00,179.0,289.0
2023-12-07 01:00:00+00:00,239.0,218.25
2023-12-07 02:00:00+00:00,230.75,191.25
2023-12-07 03:00:00+00:00,365.0,166.0
2023-12-07 04:00:00+00:00,510.75,162.75
2023-12-07 05:00:00+00:00,670.0,202.0
2023-12-07 06:00:00+00:00,914.75,235.5
2023-12-07 07:00:00+00:00,1185.25,276.0
2023-12-07 08:00:00+00:00,1338.5,335.25
2023-12-07 09:00:00+00:00,1640.0,379.0
2023-12-07 10:00:00+00:00,1891.5,402.75
2023-12-07 11:00:00+00:00,2031.75,418.75
2023-12-07 12:00:00+00:00,2045.5,536.0
2023-12-07 13:00:00+00:00,2204.5,570.75
2023-12-07 14:00:00+00:00,2369.5,589.75
2023-12-07 15:00:00+00:00,2598.25,784.0
2023-12-07 16:00:00+00:00,2880.75,1149.25
2023-12-07 17:00:00+00:00,2982.5,1514.0
2023-12-07 18:00:00+00:00,3083.5,1786.25
2023-12-07 19:00:00+00:00,3118.5,1867.5
2023-12-07 20:00:00+00:00,3062.0,1810.5
2023-12-07 21:00:00+00:00,2586.5,1669.75
2023-12-07 22:00:00+00:00,2784.0,1509.5
2023-12-07 23:00:00+00:00,2780.5,1344.75
2023-12-08 00:00:00+00:00,2722.25,1250.5
2023-12-08 01:00:00+00:00,2466.75,1033.5
2023-12-08 02:00:00+00:00,2232.75,889.25
2023-12-08 03:00:00+00:00,1960.75,957.5
2023-12-08 04:00:00+00:00,1718.75,793.75
2023-12-08 05:00:00+00:00,1391.75,852.5
2023-12-08 06:00:00+00:00,1205.75,741.75
2023-12-08 07:00:00+00:00,1057.0,707.75
2023-12-08 08:00:00+00:00,957.5,641.0
2023-12-08 09:00:00+00:00,853.5,528.5
2023-12-08 10:00:00+00:00,881.5,482.0
2023-12-08 11:00:00+00:00,821.0,487.5
2023-12-08 12:00:00+00:00,963.75,555.0
2023-12-08 13:00:00+00:00,1173.5,627.5
2023-12-08 14:00:00+00:00,1333.0,731.25
2023-12-08 15:00:00+00:00,1573.5,828.5
2023-12-08 16:00:00+00:00,1983.0,912.25
2023-12-08 17:00:00+00:00,2255.5,1129.25
2023-12-08 18:00:00+00:00,2238.0,1326.0
2023-12-08 19:00:00+00:00,2363.25,1474.25
2023-12-08 20:00:00+00:00,2474.75,1530.75
2023-12-08 21:00:00+00:00,2461.25,1609.5
2023-12-08 22:00:00+00:00,2665.25,1691.5
2023-12-08 23:00:00+00:00,2873.0,1687.0
2023-12-09 00:00:00+00:00,2990.5,1683.0
2023-12-09 01:00:00+00:00,2876.75,1633.75
2023-12-09 02:00:00+00:00,2981.25,1670.5
2023-12-09 03:00:00+00:00,2915.75,1713.5
2023-12-09 04:00:00+00:00,2870.25,1810.25
2023-12-09 05:00:00+00:00,2878.0,1727.5
2023-12-09 06:00:00+00:00,2973.5,1850.5
2023-12-09 07:00:00+00:00,3104.75,1899.5
2023-12-09 08:00:00+00:00,3133.5,2010.75
2023-12-09 09:00:00+00:00,3160.0,2041.5
2023-12-09 10:00:00+00:00,3171.5,2164.25
2023-12-09 11:00:00+00:00,3188.5,2283.5
2023-12-09 12:00:00+00:00,3191.25,2221.25
2023-12-09 13:00:00+00:00,3158.25,2264.75
2023-12-09 14:00:00+00:00,3181.75,2339.5
2023-12-09 15:00:00+00:00,3158.75,2377.25
2023-12-09 16:00:00+00:00,3181.5,2381.25
2023-12-09 17:00:00+00:00,3189.5,2327.75
2023-12-09 18:00:00+00:00,3185.25,2333.75
2023-12-09 19:00:00+00:00,3177.25,2444.5
2023-12-09 20:00:00+00:00,3050.5,2436.0
2023-12-09 21:00:00+00:00,3162.5,2448.5
2023-12-09 22:00:00+00:00,3156.5,2451.0
2023-12-09 23:00:00+00:00,3140.25,2476.75
2023-12-10 00:00:00+00:00,3074.25,2459.5
2023-12-10 01:00:00+00:00,2923.75,2454.5
2023-12-10 02:00:00+00:00,2903.5,2425.75
2023-12-10 03:00:00+00:00,2350.5,2462.0
2023-12-10 04:00:00+00:00,1758.75,2445.25
2023-12-10 05:00:00+00:00,1915.0,2434.25
2023-12-10 06:00:00+00:00,2223.0,2453.25
2023-12-10 07:00:00+00:00,2407.0,2485.75
2023-12-10 08:00:00+00:00,2564.5,2439.5
2023-12-10 09:00:00+00:00,2767.75,2378.0
2023-12-10 10:00:00+00:00,2613.25,2278.25
2023-12-10 11:00:00+00:00,2798.0,2146.75
2023-12-10 12:00:00+00:00,3074.5,2095.5
2023-12-10 13:00:00+00:00,2934.75,2024.5
2023-12-10 14:00:00+00:00,2878.25,1814.25
2023-12-10 15:00:00+00:00,3081.0,1723.0
2023-12-10 16:00:00+00:00,2971.5,2080.0
2023-12-10 17:00:00+00:00,2723.75,2084.25
2023-12-10 18:00:00+00:00,2709.0,1785.0
2023-12-10 19:00:00+00:00,2852.25,2035.25
2023-12-10 20:00:00+00:00,2748.0,2250.0
2023-12-10 21:00:00+00:00,2761.0,2314.0
2023-12-10 22:00:00+00:00,2883.5,2215.5
2023-12-10 23:00:00+00:00,2938.75,2283.5
2023-12-11 00:00:00+00:00,3043.75,2304.75
2023-12-11 01:00:00+00:00,2939.5,2323.0
2023-12-11 02:00:00+00:00,2781.5,2296.0
2023-12-11 03:00:00+00:00,2723.0,2320.75
2023-12-11 04:00:00+00:00,2789.0,2370.75
2023-12-11 05:00:00+00:00,2722.0,2364.25
2023-12-11 06:00:00+00:00,2753.0,2381.5
2023-12-11 07:00:00+00:00,2614.75,2345.0
2023-12-11 08:00:00+00:00,2575.0,2318.75
2023-12-11 09:00:00+00:00,2654.0,2274.0
2023-12-11 10:00:00+00:00,2645.5,2230.75
2023-12-11 11:00:00+00:00,2736.0,2171.0
2023-12-11 12:00:00+00:00,2763.5,2108.5
2023-12-11 13:00:00+00:00,2760.75,1890.5
2023-12-11 14:00:00+00:00,2577.25,1709.25
2023-12-11 15:00:00+00:00,2224.5,1590.25
2023-12-11 16:00:00+00:00,1907.0,1401.5
2023-12-11 17:00:00+00:00,1889.75,1359.5
2023-12-11 18:00:00+00:00,1688.75,1188.75
2023-12-11 19:00:00+00:00,1318.25,973.5
2023-12-11 20:00:00+00:00,931.0,922.25
2023-12-11 21:00:00+00:00,685.0,825.25
2023-12-11 22:00:00+00:00,482.25,621.0
2023-12-11 23:00:00+00:00,355.5,470.75
2023-12-12 00:00:00+00:00,234.25,379.0
2023-12-12 01:00:00+00:00,153.75,287.5
2023-12-12 02:00:00+00:00,99.0,261.0
2023-12-12 03:00:00+00:00,207.0,270.75
2023-12-12 04:00:00+00:00,270.5,302.25
2023-12-12 05:00:00+00:00,333.25,334.25
2023-12-12 06:00:00+00:00,643.75,388.0
2023-12-12 07:00:00+00:00,1013.75,465.0
2023-12-12 08:00:00+00:00,1315.5,617.25
2023-12-12 09:00:00+00:00,1449.25,662.0
2023-12-12 10:00:00+00:00,1566.0,672.0
2023-12-12 11:00:00+00:00,1719.25,723.25
2023-12-12 12:00:00+00:00,1589.25,788.75
2023-12-12 13:00:00+00:00,2139.75,833.75
2023-12-12 14:00:00+00:00,2082.75,955.0
2023-12-12 15:00:00+00:00,2076.25,1025.75
2023-12-12 16:00:00+00:00,1625.25,966.25
2023-12-12 17:00:00+00:00,1656.0,808.5
2023-12-12 18:00:00+00:00,1631.5,649.0
2023-12-12 19:00:00+00:00,2156.75,556.5
2023-12-12 20:00:00+00:00,2153.25,660.5
2023-12-12 21:00:00+00:00,2177.0,704.75
2023-12-12 22:00:00+00:00,2140.5,815.75
2023-12-12 23:00:00+00:00,2035.25,843.25
2023-12-13 00:00:00+00:00,1720.75,822.75
2023-12-13 01:00:00+00:00,1095.0,812.25
2023-12-13 02:00:00+00:00,936.5,845.5
2023-12-13 03:00:00+00:00,794.0,715.25
2023-12-13 04:00:00+00:00,695.25,557.25
2023-12-13 05:00:00+00:00,614.75,443.25
2023-12-13 06:00:00+00:00,522.25,344.25
2023-12-13 07:00:00+00:00,524.5,263.5
2023-12-13 08:00:00+00:00,589.25,194.0
2023-12-13 09:00:00+00:00,689.25,135.75
2023-12-13 10:00:00+00:00,834.25,114.75
2023-12-13 11:00:00+00:00,847.25,101.75
2023-12-13 12:00:00+00:00,1173.25,102.0
2023-12-13 13:00:00+00:00,1245.0,130.75
2023-12-13 14:00:00+00:00,1123.25,190.0
2023-12-13 15:00:00+00:00,1135.0,329.25
2023-12-13 16:00:00+00:00,1180.5,514.0
2023-12-13 17:00:00+00:00,1541.25,701.0
2023-12-13 18:00:00+00:00,2018.25,875.25
2023-12-13 19:00:00+00:00,2125.75,980.75
2023-12-13 20:00:00+00:00,2530.75,981.75
2023-12-13 21:00:00+00:00,2831.0,850.5
2023-12-13 22:00:00+00:00,2794.0,826.75
2023-12-13 23:00:00+00:00,2485.25,781.75
2023-12-14 00:00:00+00:00,2049.25,673.5
2023-12-14 01:00:00+00:00,1605.5,555.75
2023-12-14 02:00:00+00:00,1213.25,550.5
2023-12-14 03:00:00+00:00,770.5,408.75
2023-12-14 04:00:00+00:00,465.0,285.75
2023-12-14 05:00:00+00:00,374.75,213.0
2023-12-14 06:00:00+00:00,332.0,140.25
2023-12-14 07:00:00+00:00,344.0,99.75
2023-12-14 08:00:00+00:00,271.0,84.75
2023-12-14 09:00:00+00:00,324.75,72.5
2023-12-14 10:00:00+00:00,444.25,89.0
2023-12-14 11:00:00+00:00,445.5,111.75
2023-12-14 12:00:00+00:00,417.75,126.0
2023-12-14 13:00:00+00:00,461.0,179.5
2023-12-14 14:00:00+00:00,566.5,223.5
2023-12-14 15:00:00+00:00,622.25,261.0
2023-12-14 16:00:00+00:00,848.25,342.75
2023-12-14 17:00:00+00:00,992.75,431.5
2023-12-14 18:00:00+00:00,1077.75,516.25
2023-12-14 19:00:00+00:00,1116.75,544.75
2023-12-14 20:00:00+00:00,814.75,608.75
2023-12-14 21:00:00+00:00,489.75,659.25
2023-12-14 22:00:00+00:00,456.5,722.75
2023-12-14 23:00:00+00:00,509.0,742.25
2023-12-15 00:00:00+00:00,679.25,669.0
2023-12-15 01:00:00+00:00,715.75,540.25
2023-12-15 02:00:00+00:00,917.0,492.25
2023-12-15 03:00:00+00:00,1059.25,557.5
2023-12-15 04:00:00+00:00,989.75,568.5
2023-12-15 05:00:00+00:00,924.5,553.25
2023-12-15 06:00:00+00:00,902.75,494.0
2023-12-15 07:00:00+00:00,918.25,586.5
2023-12-15 08:00:00+00:00,927.25,646.25
2023-12-15 09:00:00+00:00,1090.0,699.75
2023-12-15 10:00:00+00:00,1192.5,750.5
2023-12-15 11:00:00+00:00,1116.25,633.5
2023-12-15 12:00:00+00:00,1114.0,690.5
2023-12-15 13:00:00+00:00,1409.0,740.5
2023-12-15 14:00:00+00:00,1363.25,773.0
2023-12-15 15:00:00+00:00,1372.0,766.75
2023-12-15 16:00:00+00:00,1263.5,826.25
2023-12-15 17:00:00+00:00,1573.25,827.75
2023-12-15 18:00:00+00:00,1643.0,955.5
2023-12-15 19:00:00+00:00,1471.75,1069.75
2023-12-15 20:00:00+00:00,1554.0,1125.75
2023-12-15 21:00:00+00:00,1548.5,1219.0
2023-12-15 22:00:00+00:00,1736.0,1238.5
2023-12-15 23:00:00+00:00,1985.0,1330.5
2023-12-16 00:00:00+00:00,2011.5,1404.75
2023-12-16 01:00:00+00:00,2272.5,1494.5
2023-12-16 02:00:00+00:00,2437.75,1563.5
2023-12-16 03:00:00+00:00,2520.0,1694.0
2023-12-16 04:00:00+00:00,2474.25,1782.75
2023-12-16 05:00:00+00:00,2553.25,1739.25
2023-12-16 06:00:00+00:00,2555.5,1800.0
2023-12-16 07:00:00+00:00,2506.75,1760.0
2023-12-16 08:00:00+00:00,2656.5,1665.0
2023-12-16 09:00:00+00:00,2611.75,1563.0
2023-12-16 10:00:00+00:00,2459.5,1537.25
2023-12-16 11:00:00+00:00,2526.75,1731.0
2023-12-16 12:00:00+00:00,2525.0,1836.75
2023-12-16 13:00:00+00:00,2476.5,1800.25
2023-12-16 14:00:00+00:00,2580.75,1808.5
2023-12-16 15:00:00+00:00,2731.0,1871.75
2023-12-16 16:00:00+00:00,2957.75,2038.75
2023-12-16 17:00:00+00:00,3185.5,2079.0
2023-12-16 18:00:00+00:00,3251.0,2120.0
2023-12-16 19:00:00+00:00,3141.5,2127.5
2023-12-16 20:00:00+00:00,2923.0,2119.75
2023-12-16 21:00:00+00:00,2834.0,1939.25
2023-12-16 22:00:00+00:00,2880.25,1838.5
2023-12-16 23:00:00+00:00,2576.25,1834.25
2023-12-17 00:00:00+00:00,2657.75,1813.5
2023-12-17 01:00:00+00:00,2750.25,1725.5
2023-12-17 02:00:00+00:00,2808.5,1723.0
2023-12-17 03:00:00+00:00,2817.0,1696.0
2023-12-17 04:00:00+00:00,2965.0,1720.75
2023-12-17 05:00:00+00:00,2891.0,1870.25
2023-12-17 06:00:00+00:00,2927.5,1921.0
2023-12-17 07:00:00+00:00,2892.75,2000.75
2023-12-17 08:00:00+00:00,3055.25,2098.75
2023-12-17 09:00:00+00:00,3119.75,2109.75
2023-12-17 10:00:00+00:00,3102.5,2161.0
2023-12-17 11:00:00+00:00,3165.75,2109.5
2023-12-17 12:00:00+00:00,3139.0,2069.25
2023-12-17 13:00:00+00:00,3250.0,2100.0
2023-12-17 14:00:00+00:00,3243.5,2082.25
2023-12-17 15:00:00+00:00,3237.25,2162.5
2023-12-17 16:00:00+00:00,3246.0,2260.75
2023-12-17 17:00:00+00:00,3287.5,2189.5
2023-12-17 18:00:00+00:00,3264.5,2177.5
2023-12-17 19:00:00+00:00,3216.5,2111.75
2023-12-17 20:00:00+00:00,3216.5,2102.25
2023-12-17 21:00:00+00:00,3223.0,2011.5
2023-12-17 22:00:00+00:00,3241.5,1939.5
2023-12-17 23:00:00+00:00,3169.0,1757.5
2023-12-18 00:00:00+00:00,3025.0,1659.0
2023-12-18 01:00:00+00:00,2937.25,1563.75
2023-12-18 02:00:00+00:00,2853.75,1633.0
2023-12-18 03:00:00+00:00,2971.5,1620.25
2023-12-18 04:00:00+00:00,3007.25,1661.0
2023-12-18 05:00:00+00:00,2787.5,1740.5
2023-12-18 06:00:00+00:00,2820.75,1791.5
2023-12-18 07:00:00+00:00,2964.25,1783.75
2023-12-18 08:00:00+00:00,3022.25,1775.5
2023-12-18 09:00:00+00:00,2996.75,1839.25
2023-12-18 10:00:00+00:00,2799.0,1955.25
2023-12-18 11:00:00+00:00,2768.25,2058.25
2023-12-18 12:00:00+00:00,2793.0,2117.5
2023-12-18 13:00:00+00:00,2890.25,2179.25
2023-12-18 14:00:00+00:00,3161.75,2122.75
2023-12-18 15:00:00+00:00,3256.5,2234.0
2023-12-18 16:00:00+00:00,3277.5,2295.25
2023-12-18 17:00:00+00:00,3294.5,2359.0
2023-12-18 18:00:00+00:00,3299.25,2409.5
2023-12-18 19:00:00+00:00,3319.75,2372.25
2023-12-18 20:00:00+00:00,3318.5,2387.5
2023-12-18 21:00:00+00:00,3318.25,2343.0
2023-12-18 22:00:00+00:00,3312.0,2310.75
2023-12-18 23:00:00+00:00,3326.5,2267.5
2023-12-19 00:00:00+00:00,3323.5,2223.5
2023-12-19 01:00:00+00:00,3295.5,2195.0
2023-12-19 02:00:00+00:00,3283.75,2219.75
2023-12-19 03:00:00+00:00,3170.25,2233.75
2023-12-19 04:00:00+00:00,3025.75,2276.25
2023-12-19 05:00:00+00:00,2924.25,2356.0
2023-12-19 06:00:00+00:00,2786.25,2330.5
2023-12-19 07:00:00+00:00,2699.0,2169.25
2023-12-19 08:00:00+00:00,2494.5,2013.5
2023-12-19 09:00:00+00:00,2162.0,1894.5
2023-12-19 10:00:00+00:00,2024.75,1752.5
2023-12-19 11:00:00+00:00,1980.25,1493.25
2023-12-19 12:00:00+00:00,1494.25,1280.5
2023-12-19 13:00:00+00:00,1414.5,1048.0
2023-12-19 14:00:00+00:00,1657.5,652.5
2023-12-19 15:00:00+00:00,1438.75,589.25
2023-12-19 16:00:00+00:00,1213.0,691.0
2023-12-19 17:00:00+00:00,1594.0,844.75
2023-12-19 18:00:00+00:00,2413.25,763.5
2023-12-19 19:00:00+00:00,2846.0,997.75
2023-12-19 20:00:00+00:00,2827.25,1109.75
2023-12-19 21:00:00+00:00,2690.75,1416.0
2023-12-19 22:00:00+00:00,2847.75,1448.5
2023-12-19 23:00:00+00:00,2957.0,1667.75
2023-12-20 00:00:00+00:00,2999.75,1815.75
2023-12-20 01:00:00+00:00,3003.0,2029.75
2023-12-20 02:00:00+00:00,2991.0,2074.0
2023-12-20 03:00:00+00:00,2998.25,2209.25
2023-12-20 04:00:00+00:00,2997.75,2315.0
2023-12-20 05:00:00+00:00,2999.75,2333.75
2023-12-20 06:00:00+00:00,2974.25,2369.25
2023-12-20 07:00:00+00:00,3003.5,2395.0
2023-12-20 08:00:00+00:00,3013.75,2330.5
2023-12-20 09:00:00+00:00,2972.25,2272.75
2023-12-20 10:00:00+00:00,2966.75,2076.75
2023-12-20 11:00:00+00:00,3009.25,1866.75
2023-12-20 12:00:00+00:00,3014.25,1945.25
2023-12-20 13:00:00+00:00,2775.25,2082.0
2023-12-20 14:00:00+00:00,3010.0,2101.0
2023-12-20 15:00:00+00:00,2996.0,2140.25
2023-12-20 16:00:00+00:00,2823.25,2236.25
2023-12-20 17:00:00+00:00,2815.75,2350.25
2023-12-20 18:00:00+00:00,2831.5,2447.25
2023-12-20 19:00:00+00:00,2999.0,2506.5
2023-12-20 20:00:00+00:00,2998.25,2514.75
2023-12-20 21:00:00+00:00,2997.5,2445.75
2023-12-20 22:00:00+00:00,2989.0,2427.25
2023-12-20 23:00:00+00:00,2985.25,2308.25
2023-12-21 00:00:00+00:00,2972.0,2337.25
2023-12-21 01:00:00+00:00,2981.75,2313.0
2023-12-21 02:00:00+00:00,2865.25,2292.5
2023-12-21 03:00:00+00:00,2818.25,2096.25
2023-12-21 04:00:00+00:00,2730.5,2134.75
2023-12-21 05:00:00+00:00,2960.75,2464.75
2023-12-21 06:00:00+00:00,2962.75,2458.5
2023-12-21 07:00:00+00:00,2953.25,2541.25
2023-12-21 08:00:00+00:00,2856.75,2517.75
2023-12-21 09:00:00+00:00,2794.5,2418.25
2023-12-21 10:00:00+00:00,2845.25,2398.0
2023-12-21 11:00:00+00:00,2894.75,2358.75
2023-12-21 12:00:00+00:00,2847.75,2388.0
2023-12-21 13:00:00+00:00,2699.0,2430.5
2023-12-21 14:00:00+00:00,2669.25,2293.25
2023-12-21 15:00:00+00:00,2541.75,1983.0
2023-12-21 16:00:00+00:00,2359.5,2257.25
2023-12-21 17:00:00+00:00,2499.0,2323.0
2023-12-21 18:00:00+00:00,2598.0,2309.0
2023-12-21 19:00:00+00:00,2724.75,2378.75
2023-12-21 20:00:00+00:00,2755.25,2361.75
2023-12-21 21:00:00+00:00,2852.75,2401.75
2023-12-21 22:00:00+00:00,2869.25,2370.75
2023-12-21 23:00:00+00:00,2688.25,2205.25
2023-12-22 00:00:00+00:00,2683.25,2128.0
2023-12-22 01:00:00+00:00,2676.75,2152.75
2023-12-22 02:00:00+00:00,2644.5,2077.0
2023-12-22 03:00:00+00:00,2660.5,2142.5
2023-12-22 04:00:00+00:00,2689.25,2143.5
2023-12-22 05:00:00+00:00,2814.0,2082.75
2023-12-22 06:00:00+00:00,2936.5,2090.0
2023-12-22 07:00:00+00:00,2924.0,1975.75
2023-12-22 08:00:00+00:00,2924.25,1749.25
2023-12-22 09:00:00+00:00,2941.25,1913.0
2023-12-22 10:00:00+00:00,2958.0,2033.0
2023-12-22 11:00:00+00:00,2966.0,2080.75
2023-12-22 12:00:00+00:00,2953.5,2143.0
2023-12-22 13:00:00+00:00,3142.0,2129.5
2023-12-22 14:00:00+00:00,3208.0,2170.5
2023-12-22 15:00:00+00:00,3218.25,2188.5
2023-12-22 16:00:00+00:00,3203.75,2190.0
2023-12-22 17:00:00+00:00,3202.5,2052.25
2023-12-22 18:00:00+00:00,3195.0,2037.5
2023-12-22 19:00:00+00:00,3214.75,2023.5
2023-12-22 20:00:00+00:00,3210.5,2051.75
2023-12-22 21:00:00+00:00,3135.5,2040.0
2023-12-22 22:00:00+00:00,3088.75,1924.5
2023-12-22 23:00:00+00:00,2897.0,1765.75
2023-12-23 00:00:00+00:00,2690.25,1568.5
2023-12-23 01:00:00+00:00,2852.0,1262.0
2023-12-23 02:00:00+00:00,3086.5,1207.25
2023-12-23 03:00:00+00:00,3021.75,1502.0
2023-12-23 04:00:00+00:00,2787.25,1928.75
2023-12-23 05:00:00+00:00,2676.25,2132.25
2023-12-23 06:00:00+00:00,2655.25,2098.25
2023-12-23 07:00:00+00:00,2654.5,2086.25
2023-12-23 08:00:00+00:00,2649.0,2120.5
2023-12-23 09:00:00+00:00,2702.75,2145.5
2023-12-23 10:00:00+00:00,2733.5,2145.75
2023-12-23 11:00:00+00:00,2779.5,2144.0
2023-12-23 12:00:00+00:00,2766.25,2160.5
2023-12-23 13:00:00+00:00,2711.0,2155.0
2023-12-23 14:00:00+00:00,2645.75,2123.75
2023-12-23 15:00:00+00:00,2609.25,2106.0
2023-12-23 16:00:00+00:00,2627.25,2140.25
2023-12-23 17:00:00+00:00,2646.25,2225.0
2023-12-23 18:00:00+00:00,3035.5,2237.25
2023-12-23 19:00:00+00:00,3207.0,2219.0
2023-12-23 20:00:00+00:00,3206.0,2236.5
2023-12-23 21:00:00+00:00,3206.75,2245.0
2023-12-23 22:00:00+00:00,3142.75,2232.5
2023-12-23 23:00:00+00:00,3167.5,2486.25
2023-12-24 00:00:00+00:00,2396.25,2054.75
2023-12-24 01:00:00+00:00,2334.0,2036.0
2023-12-24 02:00:00+00:00,2324.5,2011.5
2023-12-24 03:00:00+00:00,2322.0,2011.0
2023-12-24 04:00:00+00:00,2323.25,2009.0
2023-12-24 05:00:00+00:00,2323.75,2012.0
2023-12-24 06:00:00+00:00,2320.75,2024.5
2023-12-24 07:00:00+00:00,2331.0,1994.0
2023-12-24 08:00:00+00:00,2974.5,2284.0
2023-12-24 09:00:00+00:00,3072.0,2472.75
2023-12-24 10:00:00+00:00,3123.75,2492.75
2023-12-24 11:00:00+00:00,3164.5,2504.0
2023-12-24 12:00:00+00:00,3087.0,2506.5
2023-12-24 13:00:00+00:00,3133.5,2509.75
2023-12-24 14:00:00+00:00,3068.5,2489.5
2023-12-24 15:00:00+00:00,3053.0,2468.0
2023-12-24 16:00:00+00:00,3134.25,2424.0
2023-12-24 17:00:00+00:00,3181.0,2450.25
2023-12-24 18:00:00+00:00,3171.0,2410.75
2023-12-24 19:00:00+00:00,3190.25,2425.5
2023-12-24 20:00:00+00:00,3109.75,2449.75
2023-12-24 21:00:00+00:00,3035.0,2360.5
2023-12-24 22:00:00+00:00,2320.0,1847.25
2023-12-24 23:00:00+00:00,2290.75,1906.0
2023-12-25 00:00:00+00:00,2306.25,1863.25
2023-12-25 01:00:00+00:00,2311.25,1809.5
2023-12-25 02:00:00+00:00,2315.0,1794.25
2023-12-25 03:00:00+00:00,2312.25,1765.5
2023-12-25 04:00:00+00:00,2310.0,1810.5
2023-12-25 05:00:00+00:00,2269.25,1688.0
2023-12-25 06:00:00+00:00,2275.75,1656.5
2023-12-25 07:00:00+00:00,2753.0,1907.0
2023-12-25 08:00:00+00:00,2647.25,1652.0
2023-12-25 09:00:00+00:00,2632.5,1429.5
2023-12-25 10:00:00+00:00,2740.0,1500.5
2023-12-25 11:00:00+00:00,2330.25,1576.0
2023-12-25 12:00:00+00:00,2319.75,1509.5
2023-12-25 13:00:00+00:00,2554.0,1503.5
2023-12-25 14:00:00+00:00,2663.75,1714.5
2023-12-25 15:00:00+00:00,2690.25,1644.25
2023-12-25 16:00:00+00:00,2886.25,1674.5
2023-12-25 17:00:00+00:00,2759.5,2000.0
2023-12-25 18:00:00+00:00,3126.5,2068.5
2023-12-25 19:00:00+00:00,3079.0,2098.0
2023-12-25 20:00:00+00:00,3013.25,1986.25
2023-12-25 21:00:00+00:00,3076.75,1921.25
2023-12-25 22:00:00+00:00,3094.5,2024.75
2023-12-25 23:00:00+00:00,3113.25,2177.0
2023-12-26 00:00:00+00:00,2843.0,2040.0
2023-12-26 01:00:00+00:00,2521.0,2043.75
2023-12-26 02:00:00+00:00,2648.5,2008.75
2023-12-26 03:00:00+00:00,2323.75,1998.25
2023-12-26 04:00:00+00:00,2726.5,1976.5
2023-12-26 05:00:00+00:00,2897.75,1936.75
2023-12-26 06:00:00+00:00,2489.75,2089.25
2023-12-26 07:00:00+00:00,3105.75,2256.25
2023-12-26 08:00:00+00:00,3136.5,2284.5
2023-12-26 09:00:00+00:00,3144.25,2254.5
2023-12-26 10:00:00+00:00,3147.75,2235.0
2023-12-26 11:00:00+00:00,3094.5,2364.75
2023-12-26 12:00:00+00:00,2797.75,2265.25
2023-12-26 13:00:00+00:00,2262.0,2025.5
2023-12-26 14:00:00+00:00,1867.0,1632.75
2023-12-26 15:00:00+00:00,1456.5,1183.0
2023-12-26 16:00:00+00:00,1178.75,955.0
2023-12-26 17:00:00+00:00,654.5,661.75
2023-12-26 18:00:00+00:00,551.5,497.0
2023-12-26 19:00:00+00:00,335.75,356.75
2023-12-26 20:00:00+00:00,456.25,271.0
2023-12-26 21:00:00+00:00,403.25,180.75
2023-12-26 22:00:00+00:00,356.75,114.0
2023-12-26 23:00:00+00:00,269.25,103.75
2023-12-27 00:00:00+00:00,228.25,105.5
2023-12-27 01:00:00+00:00,322.0,126.0
2023-12-27 02:00:00+00:00,541.5,177.75
2023-12-27 03:00:00+00:00,923.5,286.5
2023-12-27 04:00:00+00:00,1267.25,495.75
2023-12-27 05:00:00+00:00,1359.25,806.25
2023-12-27 06:00:00+00:00,1719.5,954.25
2023-12-27 07:00:00+00:00,2293.0,1097.25
2023-12-27 08:00:00+00:00,2554.0,1265.25
2023-12-27 09:00:00+00:00,2823.0,1443.0
2023-12-27 10:00:00+00:00,2962.75,1520.25
2023-12-27 11:00:00+00:00,3088.5,1565.0
2023-12-27 12:00:00+00:00,3167.0,1605.75
2023-12-27 13:00:00+00:00,3220.0,1774.75
2023-12-27 14:00:00+00:00,3228.75,1932.5
2023-12-27 15:00:00+00:00,3227.5,2123.0
2023-12-27 16:00:00+00:00,3234.5,2272.0
2023-12-27 17:00:00+00:00,3231.75,2306.5
2023-12-27 18:00:00+00:00,3229.25,2359.75
2023-12-27 19:00:00+00:00,3229.25,2444.0
2023-12-27 20:00:00+00:00,3213.0,2455.5
2023-12-27 21:00:00+00:00,3199.25,2463.75
2023-12-27 22:00:00+00:00,3103.5,2413.25
2023-12-27 23:00:00+00:00,2390.25,1949.25
2023-12-28 00:00:00+00:00,2336.0,1904.25
2023-12-28 01:00:00+00:00,2346.25,1952.5
2023-12-28 02:00:00+00:00,2337.5,1938.25
2023-12-28 03:00:00+00:00,2298.25,1980.25
2023-12-28 04:00:00+00:00,2259.5,1975.5
2023-12-28 05:00:00+00:00,2186.75,1923.5
2023-12-28 06:00:00+00:00,2975.25,2384.75
2023-12-28 07:00:00+00:00,3058.5,2322.25
2023-12-28 08:00:00+00:00,3079.0,2414.5
2023-12-28 09:00:00+00:00,3118.0,2454.0
2023-12-28 10:00:00+00:00,3188.5,2388.25
2023-12-28 11:00:00+00:00,3207.75,2481.0
2023-12-28 12:00:00+00:00,3180.0,2536.0
2023-12-28 13:00:00+00:00,3188.25,2505.0
2023-12-28 14:00:00+00:00,3199.0,2483.0
2023-12-28 15:00:00+00:00,3192.75,2442.5
2023-12-28 16:00:00+00:00,3199.5,2497.25
2023-12-28 17:00:00+00:00,3166.25,2512.5
2023-12-28 18:00:00+00:00,3117.75,2521.0
2023-12-28 19:00:00+00:00,3124.25,2496.75
2023-12-28 20:00:00+00:00,3158.5,2489.75
2023-12-28 21:00:00+00:00,3208.0,2519.25
2023-12-28 22:00:00+00:00,3218.25,2520.0
2023-12-28 23:00:00+00:00,3059.5,2227.75
2023-12-29 00:00:00+00:00,2380.5,2097.25
2023-12-29 01:00:00+00:00,2331.0,2076.25
2023-12-29 02:00:00+00:00,2326.75,2011.75
2023-12-29 03:00:00+00:00,2315.25,2003.5
2023-12-29 04:00:00+00:00,2318.5,1953.75
2023-12-29 05:00:00+00:00,2328.25,1965.5
2023-12-29 06:00:00+00:00,3042.5,2322.25
2023-12-29 07:00:00+00:00,3142.75,2355.0
2023-12-29 08:00:00+00:00,3185.25,2430.0
2023-12-29 09:00:00+00:00,3156.75,2439.25
2023-12-29 10:00:00+00:00,3115.5,2406.75
2023-12-29 11:00:00+00:00,3111.5,2347.5
2023-12-29 12:00:00+00:00,3022.75,2374.5
2023-12-29 13:00:00+00:00,3067.25,2265.5
2023-12-29 14:00:00+00:00,3133.5,2195.25
2023-12-29 15:00:00+00:00,2824.0,2049.0
2023-12-29 16:00:00+00:00,2403.0,1888.0
2023-12-29 17:00:00+00:00,2644.25,1443.25
2023-12-29 18:00:00+00:00,2956.75,1590.25
2023-12-29 19:00:00+00:00,3160.75,1941.25
2023-12-29 20:00:00+00:00,3182.0,2207.75
2023-12-29 21:00:00+00:00,3181.0,2293.5
2023-12-29 22:00:00+00:00,3158.25,2278.5
2023-12-29 23:00:00+00:00,3154.0,2238.25
2023-12-30 00:00:00+00:00,3133.5,2181.75
2023-12-30 01:00:00+00:00,3085.0,2143.0
2023-12-30 02:00:00+00:00,3093.25,1996.5
2023-12-30 03:00:00+00:00,3030.0,1922.0
2023-12-30 04:00:00+00:00,2965.25,1975.0
2023-12-30 05:00:00+00:00,2857.5,1879.25
2023-12-30 06:00:00+00:00,2598.0,1846.25
2023-12-30 07:00:00+00:00,2409.25,1806.0
2023-12-30 08:00:00+00:00,2297.75,1634.5
2023-12-30 09:00:00+00:00,2231.5,1406.25
2023-12-30 10:00:00+00:00,2384.25,1269.5
2023-12-30 11:00:00+00:00,2290.5,1258.0
2023-12-30 12:00:00+00:00,2406.75,1083.5
2023-12-30 13:00:00+00:00,2871.75,1067.75
2023-12-30 14:00:00+00:00,2638.75,1234.5
2023-12-30 15:00:00+00:00,2416.75,1420.75
2023-12-30 16:00:00+00:00,2773.25,1596.0
2023-12-30 17:00:00+00:00,3073.0,1802.5
2023-12-30 18:00:00+00:00,3162.25,1972.25
2023-12-30 19:00:00+00:00,3175.0,1914.0
2023-12-30 20:00:00+00:00,3152.25,1991.25
2023-12-30 21:00:00+00:00,3147.0,2022.0
2023-12-30 22:00:00+00:00,3176.25,2048.75
2023-12-30 23:00:00+00:00,3166.75,2035.5
2023-12-31 00:00:00+00:00,3173.0,2089.75
2023-12-31 01:00:00+00:00,3158.25,2110.0
2023-12-31 02:00:00+00:00,2887.5,2117.0
2023-12-31 03:00:00+00:00,2703.25,2117.0
2023-12-31 04:00:00+00:00,2705.0,2162.0
2023-12-31 05:00:00+00:00,2476.5,2018.75
2023-12-31 06:00:00+00:00,2493.0,2060.0
2023-12-31 07:00:00+00:00,3135.25,2319.75
2023-12-31 08:00:00+00:00,3170.25,2318.75
2023-12-31 09:00:00+00:00,3101.0,2329.5
2023-12-31 10:00:00+00:00,3166.25,2280.75
2023-12-31 11:00:00+00:00,3170.0,2303.75
2023-12-31 12:00:00+00:00,3183.0,2275.0
2023-12-31 13:00:00+00:00,3165.75,2327.75
2023-12-31 14:00:00+00:00,3163.75,2366.75
2023-12-31 15:00:00+00:00,3139.75,2286.5
2023-12-31 16:00:00+00:00,3173.75,2343.25
2023-12-31 17:00:00+00:00,3161.25,2361.75
2023-12-31 18:00:00+00:00,3144.0,2360.25
2023-12-31 19:00:00+00:00,3102.25,2302.0
2023-12-31 20:00:00+00:00,3086.25,2373.0
2023-12-31 21:00:00+00:00,3051.75,2359.75
2023-12-31 22:00:00+00:00,3074.0,2401.5
