Timestamp (UTC),Wind_Offshore_MW,Wind_Onshore_MW
2021-12-31 23:00:00+00:00,1865.5,1564.25
2022-01-01 00:00:00+00:00,1839.5,1477.75
2022-01-01 01:00:00+00:00,1429.25,1369.0
2022-01-01 02:00:00+00:00,1349.25,1403.0
2022-01-01 03:00:00+00:00,1436.0,1410.0
2022-01-01 04:00:00+00:00,1405.75,1293.0
2022-01-01 05:00:00+00:00,1564.25,1218.5
2022-01-01 06:00:00+00:00,1576.5,1016.5
2022-01-01 07:00:00+00:00,1465.75,1114.5
2022-01-01 08:00:00+00:00,1503.25,1200.25
2022-01-01 09:00:00+00:00,1858.25,1300.75
2022-01-01 10:00:00+00:00,2041.0,1382.25
2022-01-01 11:00:00+00:00,2153.5,1422.75
2022-01-01 12:00:00+00:00,2178.0,1516.5
2022-01-01 13:00:00+00:00,2186.5,1549.0
2022-01-01 14:00:00+00:00,2141.0,1577.75
2022-01-01 15:00:00+00:00,1951.75,1635.75
2022-01-01 16:00:00+00:00,2056.0,1747.5
2022-01-01 17:00:00+00:00,2182.25,1795.25
2022-01-01 18:00:00+00:00,2215.25,1799.25
2022-01-01 19:00:00+00:00,2172.5,1721.0
2022-01-01 20:00:00+00:00,1938.25,1592.5
2022-01-01 21:00:00+00:00,1937.75,1462.75
2022-01-01 22:00:00+00:00,2072.0,1391.5
2022-01-01 23:00:00+00:00,2039.75,1425.25
2022-01-02 00:00:00+00:00,2049.0,1629.25
2022-01-02 01:00:00+00:00,2152.0,1637.5
2022-01-02 02:00:00+00:00,2202.0,1542.5
2022-01-02 03:00:00+00:00,2157.25,1620.5
2022-01-02 04:00:00+00:00,2037.5,1761.0
2022-01-02 05:00:00+00:00,1941.75,1778.5
2022-01-02 06:00:00+00:00,2109.75,1813.25
2022-01-02 07:00:00+00:00,2108.75,1914.0
2022-01-02 08:00:00+00:00,2110.25,2053.0
2022-01-02 09:00:00+00:00,2147.75,2018.0
2022-01-02 10:00:00+00:00,2204.5,1978.0
2022-01-02 11:00:00+00:00,2177.5,2107.75
2022-01-02 12:00:00+00:00,2135.5,2081.5
2022-01-02 13:00:00+00:00,2172.5,1970.25
2022-01-02 14:00:00+00:00,2200.5,1936.0
2022-01-02 15:00:00+00:00,2115.0,1802.0
2022-01-02 16:00:00+00:00,2185.0,1765.75
2022-01-02 17:00:00+00:00,2179.75,1695.5
2022-01-02 18:00:00+00:00,2209.5,1701.25
2022-01-02 19:00:00+00:00,2162.5,1798.25
2022-01-02 20:00:00+00:00,2066.0,1946.75
2022-01-02 21:00:00+00:00,2097.5,2058.5
2022-01-02 22:00:00+00:00,2097.5,2081.5
2022-01-02 23:00:00+00:00,2162.75,2116.5
2022-01-03 00:00:00+00:00,1653.75,2132.25
2022-01-03 01:00:00+00:00,1643.25,2136.0
2022-01-03 02:00:00+00:00,1640.0,2037.5
2022-01-03 03:00:00+00:00,1704.5,2002.0
2022-01-03 04:00:00+00:00,1910.25,2058.5
2022-01-03 05:00:00+00:00,2145.5,2032.5
2022-01-03 06:00:00+00:00,2150.25,2026.75
2022-01-03 07:00:00+00:00,2174.5,2032.5
2022-01-03 08:00:00+00:00,2206.75,2030.0
2022-01-03 09:00:00+00:00,2204.75,2022.0
2022-01-03 10:00:00+00:00,2203.5,2019.5
2022-01-03 11:00:00+00:00,2211.75,2032.0
2022-01-03 12:00:00+00:00,2207.25,2022.25
2022-01-03 13:00:00+00:00,2211.5,2013.75
2022-01-03 14:00:00+00:00,2210.25,1921.25
2022-01-03 15:00:00+00:00,2197.75,1883.25
2022-01-03 16:00:00+00:00,2146.25,1847.0
2022-01-03 17:00:00+00:00,1996.25,1783.5
2022-01-03 18:00:00+00:00,1985.25,1707.75
2022-01-03 19:00:00+00:00,1843.25,1635.75
2022-01-03 20:00:00+00:00,1647.0,1555.75
2022-01-03 21:00:00+00:00,1534.75,1507.75
2022-01-03 22:00:00+00:00,1424.5,1414.25
2022-01-03 23:00:00+00:00,1361.25,1369.25
2022-01-04 00:00:00+00:00,1268.25,1228.25
2022-01-04 01:00:00+00:00,1318.0,1177.25
2022-01-04 02:00:00+00:00,1134.25,1063.0
2022-01-04 03:00:00+00:00,927.75,988.5
2022-01-04 04:00:00+00:00,846.5,957.0
2022-01-04 05:00:00+00:00,761.5,929.0
2022-01-04 06:00:00+00:00,722.25,919.75
2022-01-04 07:00:00+00:00,709.0,766.0
2022-01-04 08:00:00+00:00,926.5,693.75
2022-01-04 09:00:00+00:00,507.5,671.5
2022-01-04 10:00:00+00:00,678.0,653.5
2022-01-04 11:00:00+00:00,860.0,585.75
2022-01-04 12:00:00+00:00,1131.25,466.75
2022-01-04 13:00:00+00:00,1246.25,408.75
2022-01-04 14:00:00+00:00,993.75,466.0
2022-01-04 15:00:00+00:00,1247.5,566.75
2022-01-04 16:00:00+00:00,1303.5,540.0
2022-01-04 17:00:00+00:00,1432.5,535.25
2022-01-04 18:00:00+00:00,1913.5,770.5
2022-01-04 19:00:00+00:00,1840.75,886.0
2022-01-04 20:00:00+00:00,1984.0,1009.25
2022-01-04 21:00:00+00:00,2102.0,1291.0
2022-01-04 22:00:00+00:00,2080.25,1345.5
2022-01-04 23:00:00+00:00,2138.5,1401.25
2022-01-05 00:00:00+00:00,2174.0,1551.0
2022-01-05 01:00:00+00:00,2187.0,1638.0
2022-01-05 02:00:00+00:00,2212.75,1754.25
2022-01-05 03:00:00+00:00,2214.5,1821.5
2022-01-05 04:00:00+00:00,2214.0,1917.75
2022-01-05 05:00:00+00:00,2202.0,2002.0
2022-01-05 06:00:00+00:00,2208.25,2098.25
2022-01-05 07:00:00+00:00,2207.25,2102.0
2022-01-05 08:00:00+00:00,2203.75,2078.25
2022-01-05 09:00:00+00:00,2207.0,2074.5
2022-01-05 10:00:00+00:00,2205.25,2093.75
2022-01-05 11:00:00+00:00,2202.0,2113.5
2022-01-05 12:00:00+00:00,2168.75,2109.5
2022-01-05 13:00:00+00:00,2174.0,2072.25
2022-01-05 14:00:00+00:00,2158.5,1984.75
2022-01-05 15:00:00+00:00,2184.25,1949.0
2022-01-05 16:00:00+00:00,2181.0,1875.75
2022-01-05 17:00:00+00:00,2189.25,1756.75
2022-01-05 18:00:00+00:00,2192.5,1699.75
2022-01-05 19:00:00+00:00,2163.5,1760.5
2022-01-05 20:00:00+00:00,1824.25,1670.5
2022-01-05 21:00:00+00:00,1776.5,1549.75
2022-01-05 22:00:00+00:00,1405.25,1544.5
2022-01-05 23:00:00+00:00,1843.25,1488.25
2022-01-06 00:00:00+00:00,1564.0,1160.0
2022-01-06 01:00:00+00:00,1069.5,1096.0
2022-01-06 02:00:00+00:00,1116.5,762.0
2022-01-06 03:00:00+00:00,815.0,486.75
2022-01-06 04:00:00+00:00,491.75,417.0
2022-01-06 05:00:00+00:00,296.5,298.0
2022-01-06 06:00:00+00:00,323.75,199.5
2022-01-06 07:00:00+00:00,122.5,172.5
2022-01-06 08:00:00+00:00,69.5,184.5
2022-01-06 09:00:00+00:00,158.5,233.5
2022-01-06 10:00:00+00:00,314.0,242.5
2022-01-06 11:00:00+00:00,513.25,330.25
2022-01-06 12:00:00+00:00,669.0,488.5
2022-01-06 13:00:00+00:00,867.75,513.5
2022-01-06 14:00:00+00:00,1230.25,673.75
2022-01-06 15:00:00+00:00,1412.0,719.5
2022-01-06 16:00:00+00:00,1747.5,1013.75
2022-01-06 17:00:00+00:00,2039.25,1229.5
2022-01-06 18:00:00+00:00,2199.25,1636.75
2022-01-06 19:00:00+00:00,2217.5,1839.5
2022-01-06 20:00:00+00:00,2213.5,1918.5
2022-01-06 21:00:00+00:00,1981.25,1962.75
2022-01-06 22:00:00+00:00,2114.75,1971.5
2022-01-06 23:00:00+00:00,2108.75,2012.75
2022-01-07 00:00:00+00:00,2120.75,2031.0
2022-01-07 01:00:00+00:00,2180.25,2013.75
2022-01-07 02:00:00+00:00,1966.75,2012.75
2022-01-07 03:00:00+00:00,2094.75,1925.0
2022-01-07 04:00:00+00:00,2068.25,1898.75
2022-01-07 05:00:00+00:00,2113.25,1817.0
2022-01-07 06:00:00+00:00,2155.5,1679.5
2022-01-07 07:00:00+00:00,2172.25,1471.25
2022-01-07 08:00:00+00:00,2197.0,1385.0
2022-01-07 09:00:00+00:00,2111.5,1415.5
2022-01-07 10:00:00+00:00,1968.0,1499.75
2022-01-07 11:00:00+00:00,1895.0,1456.0
2022-01-07 12:00:00+00:00,2020.25,1486.5
2022-01-07 13:00:00+00:00,2087.75,1379.5
2022-01-07 14:00:00+00:00,2059.75,1226.5
2022-01-07 15:00:00+00:00,1869.75,1133.75
2022-01-07 16:00:00+00:00,1634.25,1094.5
2022-01-07 17:00:00+00:00,1605.5,1048.0
2022-01-07 18:00:00+00:00,1415.25,999.75
2022-01-07 19:00:00+00:00,1324.0,680.25
2022-01-07 20:00:00+00:00,1485.5,615.5
2022-01-07 21:00:00+00:00,1393.25,576.75
2022-01-07 22:00:00+00:00,1409.5,613.25
2022-01-07 23:00:00+00:00,1410.0,766.75
2022-01-08 00:00:00+00:00,1476.0,819.75
2022-01-08 01:00:00+00:00,1259.0,610.75
2022-01-08 02:00:00+00:00,950.0,595.0
2022-01-08 03:00:00+00:00,697.25,823.25
2022-01-08 04:00:00+00:00,806.75,717.0
2022-01-08 05:00:00+00:00,718.75,715.75
2022-01-08 06:00:00+00:00,699.25,873.5
2022-01-08 07:00:00+00:00,933.25,909.0
2022-01-08 08:00:00+00:00,1325.75,1027.75
2022-01-08 09:00:00+00:00,1937.75,1281.25
2022-01-08 10:00:00+00:00,2149.25,1593.25
2022-01-08 11:00:00+00:00,2200.25,1755.0
2022-01-08 12:00:00+00:00,2198.0,1876.25
2022-01-08 13:00:00+00:00,2205.25,2008.25
2022-01-08 14:00:00+00:00,2214.0,2122.5
2022-01-08 15:00:00+00:00,2199.25,2139.5
2022-01-08 16:00:00+00:00,2193.25,2153.0
2022-01-08 17:00:00+00:00,2197.25,2150.25
2022-01-08 18:00:00+00:00,2176.0,2062.0
2022-01-08 19:00:00+00:00,2001.0,1955.5
2022-01-08 20:00:00+00:00,2074.75,1787.5
2022-01-08 21:00:00+00:00,2142.75,1730.75
2022-01-08 22:00:00+00:00,2164.5,1583.25
2022-01-08 23:00:00+00:00,1900.0,1112.0
2022-01-09 00:00:00+00:00,1996.75,1321.0
2022-01-09 01:00:00+00:00,1888.25,1834.75
2022-01-09 02:00:00+00:00,1942.0,1945.0
2022-01-09 03:00:00+00:00,2174.25,1924.25
2022-01-09 04:00:00+00:00,2190.5,1951.5
2022-01-09 05:00:00+00:00,2168.25,1822.75
2022-01-09 06:00:00+00:00,2122.75,1768.0
2022-01-09 07:00:00+00:00,2003.0,1555.5
2022-01-09 08:00:00+00:00,2098.75,1438.75
2022-01-09 09:00:00+00:00,1993.5,1278.75
2022-01-09 10:00:00+00:00,1720.25,1120.5
2022-01-09 11:00:00+00:00,1604.5,1007.0
2022-01-09 12:00:00+00:00,1181.75,967.0
2022-01-09 13:00:00+00:00,963.25,885.25
2022-01-09 14:00:00+00:00,763.75,756.25
2022-01-09 15:00:00+00:00,579.0,652.25
2022-01-09 16:00:00+00:00,531.5,543.75
2022-01-09 17:00:00+00:00,487.25,538.75
2022-01-09 18:00:00+00:00,419.75,522.25
2022-01-09 19:00:00+00:00,390.75,528.5
2022-01-09 20:00:00+00:00,349.25,340.0
2022-01-09 21:00:00+00:00,263.25,235.25
2022-01-09 22:00:00+00:00,130.0,193.0
2022-01-09 23:00:00+00:00,109.5,172.75
2022-01-10 00:00:00+00:00,51.25,189.75
2022-01-10 01:00:00+00:00,20.0,175.75
2022-01-10 02:00:00+00:00,6.25,196.75
2022-01-10 03:00:00+00:00,22.25,213.75
2022-01-10 04:00:00+00:00,23.25,199.25
2022-01-10 05:00:00+00:00,16.5,167.5
2022-01-10 06:00:00+00:00,59.0,142.75
2022-01-10 07:00:00+00:00,56.5,124.5
2022-01-10 08:00:00+00:00,61.0,113.0
2022-01-10 09:00:00+00:00,83.0,114.5
2022-01-10 10:00:00+00:00,83.0,121.0
2022-01-10 11:00:00+00:00,116.5,115.25
2022-01-10 12:00:00+00:00,144.5,115.25
2022-01-10 13:00:00+00:00,135.25,104.5
2022-01-10 14:00:00+00:00,154.75,115.25
2022-01-10 15:00:00+00:00,200.5,147.5
2022-01-10 16:00:00+00:00,213.5,252.0
2022-01-10 17:00:00+00:00,371.25,300.5
2022-01-10 18:00:00+00:00,466.5,299.25
2022-01-10 19:00:00+00:00,558.5,289.0
2022-01-10 20:00:00+00:00,578.75,324.25
2022-01-10 21:00:00+00:00,633.75,375.0
2022-01-10 22:00:00+00:00,751.75,403.75
2022-01-10 23:00:00+00:00,849.75,436.75
2022-01-11 00:00:00+00:00,876.5,545.5
2022-01-11 01:00:00+00:00,911.25,580.0
2022-01-11 02:00:00+00:00,947.5,522.25
2022-01-11 03:00:00+00:00,1045.75,506.0
2022-01-11 04:00:00+00:00,953.0,503.0
2022-01-11 05:00:00+00:00,1007.25,543.5
2022-01-11 06:00:00+00:00,1027.75,550.25
2022-01-11 07:00:00+00:00,952.75,624.0
2022-01-11 08:00:00+00:00,972.25,664.75
2022-01-11 09:00:00+00:00,1045.0,732.5
2022-01-11 10:00:00+00:00,1067.0,696.5
2022-01-11 11:00:00+00:00,968.75,610.75
2022-01-11 12:00:00+00:00,960.75,557.5
2022-01-11 13:00:00+00:00,872.75,501.25
2022-01-11 14:00:00+00:00,812.75,482.25
2022-01-11 15:00:00+00:00,765.0,475.5
2022-01-11 16:00:00+00:00,726.75,486.25
2022-01-11 17:00:00+00:00,718.5,532.5
2022-01-11 18:00:00+00:00,555.25,558.5
2022-01-11 19:00:00+00:00,324.5,506.25
2022-01-11 20:00:00+00:00,274.25,435.75
2022-01-11 21:00:00+00:00,219.0,377.75
2022-01-11 22:00:00+00:00,211.0,314.5
2022-01-11 23:00:00+00:00,125.75,289.75
2022-01-12 00:00:00+00:00,66.0,203.25
2022-01-12 01:00:00+00:00,127.5,214.5
2022-01-12 02:00:00+00:00,184.0,176.0
2022-01-12 03:00:00+00:00,217.5,107.75
2022-01-12 04:00:00+00:00,201.75,98.25
2022-01-12 05:00:00+00:00,207.0,121.25
2022-01-12 06:00:00+00:00,190.5,114.75
2022-01-12 07:00:00+00:00,140.0,95.5
2022-01-12 08:00:00+00:00,140.75,100.5
2022-01-12 09:00:00+00:00,145.25,117.5
2022-01-12 10:00:00+00:00,140.25,141.75
2022-01-12 11:00:00+00:00,174.0,166.5
2022-01-12 12:00:00+00:00,165.0,193.25
2022-01-12 13:00:00+00:00,195.0,195.25
2022-01-12 14:00:00+00:00,242.25,256.5
2022-01-12 15:00:00+00:00,264.75,333.25
2022-01-12 16:00:00+00:00,267.0,334.0
2022-01-12 17:00:00+00:00,210.75,302.25
2022-01-12 18:00:00+00:00,243.5,293.5
2022-01-12 19:00:00+00:00,296.75,331.25
2022-01-12 20:00:00+00:00,311.75,363.0
2022-01-12 21:00:00+00:00,296.75,435.5
2022-01-12 22:00:00+00:00,392.75,463.75
2022-01-12 23:00:00+00:00,387.0,497.0
2022-01-13 00:00:00+00:00,434.25,505.25
2022-01-13 01:00:00+00:00,463.5,497.0
2022-01-13 02:00:00+00:00,435.75,538.0
2022-01-13 03:00:00+00:00,397.0,581.75
2022-01-13 04:00:00+00:00,404.75,587.5
2022-01-13 05:00:00+00:00,466.5,625.0
2022-01-13 06:00:00+00:00,502.75,646.75
2022-01-13 07:00:00+00:00,537.5,606.0
2022-01-13 08:00:00+00:00,523.5,564.25
2022-01-13 09:00:00+00:00,499.25,660.25
2022-01-13 10:00:00+00:00,519.75,667.25
2022-01-13 11:00:00+00:00,547.75,738.25
2022-01-13 12:00:00+00:00,485.75,838.25
2022-01-13 13:00:00+00:00,460.5,845.25
2022-01-13 14:00:00+00:00,643.25,845.0
2022-01-13 15:00:00+00:00,580.25,836.75
2022-01-13 16:00:00+00:00,472.0,843.5
2022-01-13 17:00:00+00:00,540.75,781.25
2022-01-13 18:00:00+00:00,587.75,662.75
2022-01-13 19:00:00+00:00,642.75,637.5
2022-01-13 20:00:00+00:00,661.75,680.75
2022-01-13 21:00:00+00:00,623.75,779.75
2022-01-13 22:00:00+00:00,731.5,727.25
2022-01-13 23:00:00+00:00,834.5,658.75
2022-01-14 00:00:00+00:00,832.0,578.75
2022-01-14 01:00:00+00:00,743.5,485.5
2022-01-14 02:00:00+00:00,852.0,513.5
2022-01-14 03:00:00+00:00,830.0,506.0
2022-01-14 04:00:00+00:00,666.25,466.75
2022-01-14 05:00:00+00:00,601.5,396.5
2022-01-14 06:00:00+00:00,504.0,505.5
2022-01-14 07:00:00+00:00,464.75,472.25
2022-01-14 08:00:00+00:00,426.5,342.5
2022-01-14 09:00:00+00:00,311.75,241.5
2022-01-14 10:00:00+00:00,197.75,195.25
2022-01-14 11:00:00+00:00,182.25,194.0
2022-01-14 12:00:00+00:00,100.25,161.75
2022-01-14 13:00:00+00:00,79.25,141.0
2022-01-14 14:00:00+00:00,53.75,112.5
2022-01-14 15:00:00+00:00,26.25,92.5
2022-01-14 16:00:00+00:00,23.0,83.25
2022-01-14 17:00:00+00:00,18.0,86.25
2022-01-14 18:00:00+00:00,17.5,93.5
2022-01-14 19:00:00+00:00,5.75,94.0
2022-01-14 20:00:00+00:00,1.25,87.0
2022-01-14 21:00:00+00:00,0.0,81.25
2022-01-14 22:00:00+00:00,0.75,81.25
2022-01-14 23:00:00+00:00,4.25,86.75
2022-01-15 00:00:00+00:00,34.0,89.0
2022-01-15 01:00:00+00:00,42.25,110.0
2022-01-15 02:00:00+00:00,74.25,129.25
2022-01-15 03:00:00+00:00,100.5,139.5
2022-01-15 04:00:00+00:00,159.0,159.0
2022-01-15 05:00:00+00:00,221.0,191.0
2022-01-15 06:00:00+00:00,230.75,222.0
2022-01-15 07:00:00+00:00,213.75,272.75
2022-01-15 08:00:00+00:00,198.75,293.0
2022-01-15 09:00:00+00:00,173.0,271.25
2022-01-15 10:00:00+00:00,221.0,294.5
2022-01-15 11:00:00+00:00,174.5,296.0
2022-01-15 12:00:00+00:00,188.5,320.5
2022-01-15 13:00:00+00:00,170.0,316.75
2022-01-15 14:00:00+00:00,195.75,254.5
2022-01-15 15:00:00+00:00,232.0,220.75
2022-01-15 16:00:00+00:00,230.25,255.0
2022-01-15 17:00:00+00:00,229.75,272.5
2022-01-15 18:00:00+00:00,268.5,257.25
2022-01-15 19:00:00+00:00,389.5,273.0
2022-01-15 20:00:00+00:00,455.75,249.0
2022-01-15 21:00:00+00:00,412.25,208.25
2022-01-15 22:00:00+00:00,394.75,249.75
2022-01-15 23:00:00+00:00,625.5,331.75
2022-01-16 00:00:00+00:00,829.5,377.25
2022-01-16 01:00:00+00:00,1182.25,480.25
2022-01-16 02:00:00+00:00,1621.75,609.75
2022-01-16 03:00:00+00:00,1345.75,696.75
2022-01-16 04:00:00+00:00,1041.75,881.25
2022-01-16 05:00:00+00:00,1078.0,975.5
2022-01-16 06:00:00+00:00,970.75,1009.5
2022-01-16 07:00:00+00:00,921.5,1011.25
2022-01-16 08:00:00+00:00,813.5,1015.25
2022-01-16 09:00:00+00:00,720.5,1083.25
2022-01-16 10:00:00+00:00,783.0,1119.75
2022-01-16 11:00:00+00:00,988.75,1219.0
2022-01-16 12:00:00+00:00,1189.75,1422.25
2022-01-16 13:00:00+00:00,1176.25,1320.25
2022-01-16 14:00:00+00:00,1073.0,1111.75
2022-01-16 15:00:00+00:00,967.25,966.5
2022-01-16 16:00:00+00:00,1000.75,1071.25
2022-01-16 17:00:00+00:00,1088.5,1105.75
2022-01-16 18:00:00+00:00,950.75,1064.25
2022-01-16 19:00:00+00:00,1035.75,1031.5
2022-01-16 20:00:00+00:00,1137.0,1082.0
2022-01-16 21:00:00+00:00,1003.5,1069.5
2022-01-16 22:00:00+00:00,744.5,1119.5
2022-01-16 23:00:00+00:00,694.5,1052.25
2022-01-17 00:00:00+00:00,736.0,1125.75
2022-01-17 01:00:00+00:00,859.0,1175.0
2022-01-17 02:00:00+00:00,898.5,1228.75
2022-01-17 03:00:00+00:00,820.25,1357.25
2022-01-17 04:00:00+00:00,970.25,1432.25
2022-01-17 05:00:00+00:00,1049.75,1490.5
2022-01-17 06:00:00+00:00,893.0,1481.5
2022-01-17 07:00:00+00:00,1039.25,1513.5
2022-01-17 08:00:00+00:00,1074.5,1486.25
2022-01-17 09:00:00+00:00,1045.5,1444.25
2022-01-17 10:00:00+00:00,1057.25,1444.75
2022-01-17 11:00:00+00:00,1082.0,1437.25
2022-01-17 12:00:00+00:00,1061.0,1438.0
2022-01-17 13:00:00+00:00,1023.0,1438.0
2022-01-17 14:00:00+00:00,914.5,1412.25
2022-01-17 15:00:00+00:00,671.75,1230.25
2022-01-17 16:00:00+00:00,677.5,1083.5
2022-01-17 17:00:00+00:00,658.25,993.0
2022-01-17 18:00:00+00:00,553.0,868.0
2022-01-17 19:00:00+00:00,425.25,629.0
2022-01-17 20:00:00+00:00,330.25,438.75
2022-01-17 21:00:00+00:00,243.5,400.75
2022-01-17 22:00:00+00:00,216.75,449.25
2022-01-17 23:00:00+00:00,232.5,432.75
2022-01-18 00:00:00+00:00,255.75,425.25
2022-01-18 01:00:00+00:00,233.5,353.25
2022-01-18 02:00:00+00:00,283.0,282.75
2022-01-18 03:00:00+00:00,224.25,226.25
2022-01-18 04:00:00+00:00,105.75,142.0
2022-01-18 05:00:00+00:00,59.0,90.75
2022-01-18 06:00:00+00:00,8.5,81.75
2022-01-18 07:00:00+00:00,22.5,78.0
2022-01-18 08:00:00+00:00,95.0,87.25
2022-01-18 09:00:00+00:00,189.75,150.0
2022-01-18 10:00:00+00:00,297.5,180.0
2022-01-18 11:00:00+00:00,308.75,147.5
2022-01-18 12:00:00+00:00,281.5,186.25
2022-01-18 13:00:00+00:00,317.25,221.75
2022-01-18 14:00:00+00:00,309.75,219.0
2022-01-18 15:00:00+00:00,267.0,239.75
2022-01-18 16:00:00+00:00,257.75,221.5
2022-01-18 17:00:00+00:00,282.75,179.5
2022-01-18 18:00:00+00:00,288.0,214.25
2022-01-18 19:00:00+00:00,272.0,255.5
2022-01-18 20:00:00+00:00,321.75,258.75
2022-01-18 21:00:00+00:00,385.75,228.5
2022-01-18 22:00:00+00:00,363.5,249.25
2022-01-18 23:00:00+00:00,545.0,259.75
2022-01-19 00:00:00+00:00,611.5,260.5
2022-01-19 01:00:00+00:00,702.75,320.25
2022-01-19 02:00:00+00:00,663.0,422.25
2022-01-19 03:00:00+00:00,697.0,400.75
2022-01-19 04:00:00+00:00,807.75,384.5
2022-01-19 05:00:00+00:00,825.25,443.0
2022-01-19 06:00:00+00:00,1033.0,461.0
2022-01-19 07:00:00+00:00,1117.75,577.5
2022-01-19 08:00:00+00:00,1249.25,735.5
2022-01-19 09:00:00+00:00,1333.25,855.5
2022-01-19 10:00:00+00:00,1435.5,1085.75
2022-01-19 11:00:00+00:00,1599.0,1147.5
2022-01-19 12:00:00+00:00,1705.5,1277.25
2022-01-19 13:00:00+00:00,1705.0,1388.25
2022-01-19 14:00:00+00:00,1926.75,1434.5
2022-01-19 15:00:00+00:00,2168.75,1477.25
2022-01-19 16:00:00+00:00,2226.0,1544.75
2022-01-19 17:00:00+00:00,2201.75,1570.75
2022-01-19 18:00:00+00:00,2160.5,1548.0
2022-01-19 19:00:00+00:00,2213.25,1535.5
2022-01-19 20:00:00+00:00,2210.5,1482.5
2022-01-19 21:00:00+00:00,2139.75,1498.0
2022-01-19 22:00:00+00:00,1869.25,1378.75
2022-01-19 23:00:00+00:00,1961.0,1437.5
2022-01-20 00:00:00+00:00,1878.5,1613.25
2022-01-20 01:00:00+00:00,2177.0,1652.75
2022-01-20 02:00:00+00:00,2226.25,1682.0
2022-01-20 03:00:00+00:00,2242.0,1733.5
2022-01-20 04:00:00+00:00,2203.75,1755.0
2022-01-20 05:00:00+00:00,2072.0,1801.75
2022-01-20 06:00:00+00:00,2220.75,1713.5
2022-01-20 07:00:00+00:00,2173.5,1594.5
2022-01-20 08:00:00+00:00,2044.0,1466.5
2022-01-20 09:00:00+00:00,2097.5,1397.25
2022-01-20 10:00:00+00:00,2232.25,1633.75
2022-01-20 11:00:00+00:00,2163.0,1587.0
2022-01-20 12:00:00+00:00,2176.5,1645.5
2022-01-20 13:00:00+00:00,2250.75,1681.75
2022-01-20 14:00:00+00:00,2203.5,1678.5
2022-01-20 15:00:00+00:00,2212.0,1662.0
2022-01-20 16:00:00+00:00,2097.0,1600.25
2022-01-20 17:00:00+00:00,2087.5,1539.25
2022-01-20 18:00:00+00:00,2137.25,1416.0
2022-01-20 19:00:00+00:00,2063.75,1359.75
2022-01-20 20:00:00+00:00,1960.75,1375.0
2022-01-20 21:00:00+00:00,1928.0,1116.5
2022-01-20 22:00:00+00:00,1762.5,873.0
2022-01-20 23:00:00+00:00,1523.5,853.5
2022-01-21 00:00:00+00:00,1743.75,873.25
2022-01-21 01:00:00+00:00,1604.75,793.0
2022-01-21 02:00:00+00:00,1449.75,902.25
2022-01-21 03:00:00+00:00,1431.0,768.5
2022-01-21 04:00:00+00:00,1353.25,750.75
2022-01-21 05:00:00+00:00,1436.0,743.75
2022-01-21 06:00:00+00:00,1375.0,765.25
2022-01-21 07:00:00+00:00,1119.5,750.0
2022-01-21 08:00:00+00:00,1151.0,787.5
2022-01-21 09:00:00+00:00,1319.5,954.25
2022-01-21 10:00:00+00:00,1286.0,911.5
2022-01-21 11:00:00+00:00,1238.75,1005.25
2022-01-21 12:00:00+00:00,1235.75,1124.0
2022-01-21 13:00:00+00:00,1106.5,1110.5
2022-01-21 14:00:00+00:00,1068.5,1130.5
2022-01-21 15:00:00+00:00,1103.25,1095.25
2022-01-21 16:00:00+00:00,1114.0,1100.5
2022-01-21 17:00:00+00:00,1123.25,1088.5
2022-01-21 18:00:00+00:00,1159.75,1099.5
2022-01-21 19:00:00+00:00,1317.25,1128.75
2022-01-21 20:00:00+00:00,1414.0,1056.75
2022-01-21 21:00:00+00:00,1253.0,1018.75
2022-01-21 22:00:00+00:00,1361.25,993.0
2022-01-21 23:00:00+00:00,1092.5,964.5
2022-01-22 00:00:00+00:00,865.25,950.75
2022-01-22 01:00:00+00:00,792.5,915.0
2022-01-22 02:00:00+00:00,679.75,780.5
2022-01-22 03:00:00+00:00,646.0,604.5
2022-01-22 04:00:00+00:00,547.75,580.25
2022-01-22 05:00:00+00:00,578.75,583.0
2022-01-22 06:00:00+00:00,510.75,613.5
2022-01-22 07:00:00+00:00,424.0,598.25
2022-01-22 08:00:00+00:00,336.5,496.75
2022-01-22 09:00:00+00:00,215.75,531.0
2022-01-22 10:00:00+00:00,200.25,515.75
2022-01-22 11:00:00+00:00,251.0,528.5
2022-01-22 12:00:00+00:00,268.0,543.0
2022-01-22 13:00:00+00:00,281.25,491.75
2022-01-22 14:00:00+00:00,200.5,476.5
2022-01-22 15:00:00+00:00,263.75,447.75
2022-01-22 16:00:00+00:00,252.0,427.25
2022-01-22 17:00:00+00:00,189.75,361.75
2022-01-22 18:00:00+00:00,130.5,370.75
2022-01-22 19:00:00+00:00,108.25,292.75
2022-01-22 20:00:00+00:00,103.5,222.5
2022-01-22 21:00:00+00:00,137.5,200.75
2022-01-22 22:00:00+00:00,130.25,164.75
2022-01-22 23:00:00+00:00,71.0,139.25
2022-01-23 00:00:00+00:00,50.0,103.75
2022-01-23 01:00:00+00:00,38.5,106.0
2022-01-23 02:00:00+00:00,24.75,96.5
2022-01-23 03:00:00+00:00,8.5,97.25
2022-01-23 04:00:00+00:00,2.5,94.75
2022-01-23 05:00:00+00:00,1.0,92.25
2022-01-23 06:00:00+00:00,16.25,91.75
2022-01-23 07:00:00+00:00,22.75,91.0
2022-01-23 08:00:00+00:00,35.75,92.25
2022-01-23 09:00:00+00:00,57.75,92.25
2022-01-23 10:00:00+00:00,54.25,100.25
2022-01-23 11:00:00+00:00,55.5,114.75
2022-01-23 12:00:00+00:00,59.25,135.5
2022-01-23 13:00:00+00:00,71.25,141.0
2022-01-23 14:00:00+00:00,50.25,124.25
2022-01-23 15:00:00+00:00,32.0,95.5
2022-01-23 16:00:00+00:00,38.5,95.75
2022-01-23 17:00:00+00:00,62.5,123.0
2022-01-23 18:00:00+00:00,112.25,137.75
2022-01-23 19:00:00+00:00,137.75,129.0
2022-01-23 20:00:00+00:00,181.25,123.25
2022-01-23 21:00:00+00:00,163.5,126.5
2022-01-23 22:00:00+00:00,171.25,119.25
2022-01-23 23:00:00+00:00,238.5,119.25
2022-01-24 00:00:00+00:00,295.75,130.5
2022-01-24 01:00:00+00:00,268.25,128.25
2022-01-24 02:00:00+00:00,257.5,120.5
2022-01-24 03:00:00+00:00,249.0,98.75
2022-01-24 04:00:00+00:00,210.0,90.75
2022-01-24 05:00:00+00:00,189.0,88.75
2022-01-24 06:00:00+00:00,150.5,83.0
2022-01-24 07:00:00+00:00,129.75,81.0
2022-01-24 08:00:00+00:00,112.0,78.25
2022-01-24 09:00:00+00:00,138.0,81.75
2022-01-24 10:00:00+00:00,118.75,77.5
2022-01-24 11:00:00+00:00,112.75,76.0
2022-01-24 12:00:00+00:00,124.25,80.5
2022-01-24 13:00:00+00:00,97.75,80.75
2022-01-24 14:00:00+00:00,65.25,81.0
2022-01-24 15:00:00+00:00,52.0,79.75
2022-01-24 16:00:00+00:00,53.5,77.25
2022-01-24 17:00:00+00:00,47.5,81.75
2022-01-24 18:00:00+00:00,32.0,90.0
2022-01-24 19:00:00+00:00,31.0,93.25
2022-01-24 20:00:00+00:00,31.0,100.75
2022-01-24 21:00:00+00:00,49.75,105.75
2022-01-24 22:00:00+00:00,48.5,90.75
2022-01-24 23:00:00+00:00,36.75,93.25
2022-01-25 00:00:00+00:00,12.75,97.25
2022-01-25 01:00:00+00:00,12.25,93.5
2022-01-25 02:00:00+00:00,7.25,90.5
2022-01-25 03:00:00+00:00,2.75,86.75
2022-01-25 04:00:00+00:00,5.0,85.0
2022-01-25 05:00:00+00:00,2.0,80.5
2022-01-25 06:00:00+00:00,2.0,79.75
2022-01-25 07:00:00+00:00,1.5,78.75
2022-01-25 08:00:00+00:00,1.75,75.25
2022-01-25 09:00:00+00:00,1.0,85.0
2022-01-25 10:00:00+00:00,1.0,86.75
2022-01-25 11:00:00+00:00,6.75,90.75
2022-01-25 12:00:00+00:00,21.25,104.75
2022-01-25 13:00:00+00:00,22.75,117.75
2022-01-25 14:00:00+00:00,20.25,108.5
2022-01-25 15:00:00+00:00,46.5,110.5
2022-01-25 16:00:00+00:00,55.75,133.5
2022-01-25 17:00:00+00:00,65.5,133.25
2022-01-25 18:00:00+00:00,61.0,123.25
2022-01-25 19:00:00+00:00,68.75,115.25
2022-01-25 20:00:00+00:00,94.0,107.75
2022-01-25 21:00:00+00:00,134.5,146.25
2022-01-25 22:00:00+00:00,251.5,145.25
2022-01-25 23:00:00+00:00,448.25,161.25
2022-01-26 00:00:00+00:00,505.0,164.75
2022-01-26 01:00:00+00:00,520.75,246.75
2022-01-26 02:00:00+00:00,662.25,384.5
2022-01-26 03:00:00+00:00,774.0,424.5
2022-01-26 04:00:00+00:00,795.5,465.25
2022-01-26 05:00:00+00:00,707.5,592.75
2022-01-26 06:00:00+00:00,798.25,609.75
2022-01-26 07:00:00+00:00,724.0,595.0
2022-01-26 08:00:00+00:00,606.75,636.25
2022-01-26 09:00:00+00:00,586.25,583.5
2022-01-26 10:00:00+00:00,757.25,498.75
2022-01-26 11:00:00+00:00,846.5,407.25
2022-01-26 12:00:00+00:00,817.0,495.75
2022-01-26 13:00:00+00:00,772.75,593.5
2022-01-26 14:00:00+00:00,785.0,737.75
2022-01-26 15:00:00+00:00,885.0,899.25
2022-01-26 16:00:00+00:00,977.75,1041.0
2022-01-26 17:00:00+00:00,1195.25,1204.25
2022-01-26 18:00:00+00:00,1506.0,1453.5
2022-01-26 19:00:00+00:00,1517.0,1604.5
2022-01-26 20:00:00+00:00,1722.5,1762.75
2022-01-26 21:00:00+00:00,2016.25,1808.0
2022-01-26 22:00:00+00:00,2073.5,1760.5
2022-01-26 23:00:00+00:00,2061.75,1839.75
2022-01-27 00:00:00+00:00,2135.0,1860.0
2022-01-27 01:00:00+00:00,2167.75,1898.5
2022-01-27 02:00:00+00:00,2179.0,1933.0
2022-01-27 03:00:00+00:00,2180.5,2011.25
2022-01-27 04:00:00+00:00,2180.75,2018.5
2022-01-27 05:00:00+00:00,2172.25,1997.25
2022-01-27 06:00:00+00:00,2177.5,1910.75
2022-01-27 07:00:00+00:00,2175.0,1912.75
2022-01-27 08:00:00+00:00,2158.0,1863.75
2022-01-27 09:00:00+00:00,2152.0,1847.75
2022-01-27 10:00:00+00:00,2137.5,1835.75
2022-01-27 11:00:00+00:00,2144.75,1801.75
2022-01-27 12:00:00+00:00,2120.25,1830.0
2022-01-27 13:00:00+00:00,2029.25,1869.25
2022-01-27 14:00:00+00:00,1899.75,1842.25
2022-01-27 15:00:00+00:00,1827.25,1814.5
2022-01-27 16:00:00+00:00,1577.25,1786.25
2022-01-27 17:00:00+00:00,1812.25,1833.0
2022-01-27 18:00:00+00:00,2019.5,1830.0
2022-01-27 19:00:00+00:00,1903.25,1784.25
2022-01-27 20:00:00+00:00,1832.75,1764.25
2022-01-27 21:00:00+00:00,1800.25,1787.0
2022-01-27 22:00:00+00:00,1397.0,1756.25
2022-01-27 23:00:00+00:00,1495.5,1669.75
2022-01-28 00:00:00+00:00,1385.25,1695.25
2022-01-28 01:00:00+00:00,1166.0,1721.75
2022-01-28 02:00:00+00:00,983.0,1676.75
2022-01-28 03:00:00+00:00,992.5,1556.25
2022-01-28 04:00:00+00:00,907.0,1459.75
2022-01-28 05:00:00+00:00,847.25,1235.75
2022-01-28 06:00:00+00:00,727.5,926.5
2022-01-28 07:00:00+00:00,511.25,521.5
2022-01-28 08:00:00+00:00,271.25,316.75
2022-01-28 09:00:00+00:00,181.5,211.25
2022-01-28 10:00:00+00:00,102.75,161.75
2022-01-28 11:00:00+00:00,224.75,171.25
2022-01-28 12:00:00+00:00,370.25,250.0
2022-01-28 13:00:00+00:00,547.75,471.5
2022-01-28 14:00:00+00:00,706.5,597.0
2022-01-28 15:00:00+00:00,868.25,587.5
2022-01-28 16:00:00+00:00,1142.0,742.25
2022-01-28 17:00:00+00:00,1703.0,1092.75
2022-01-28 18:00:00+00:00,2031.25,1306.75
2022-01-28 19:00:00+00:00,2053.0,1552.25
2022-01-28 20:00:00+00:00,2119.75,1727.5
2022-01-28 21:00:00+00:00,2098.75,1768.5
2022-01-28 22:00:00+00:00,2094.0,1800.75
2022-01-28 23:00:00+00:00,2106.0,1859.5
2022-01-29 00:00:00+00:00,2109.5,1830.75
2022-01-29 01:00:00+00:00,2122.25,1864.75
2022-01-29 02:00:00+00:00,2170.25,1889.25
2022-01-29 03:00:00+00:00,2164.75,1888.25
2022-01-29 04:00:00+00:00,2148.75,1915.25
2022-01-29 05:00:00+00:00,2116.5,1884.75
2022-01-29 06:00:00+00:00,2090.0,1935.5
2022-01-29 07:00:00+00:00,2183.0,2032.5
2022-01-29 08:00:00+00:00,2177.0,2056.5
2022-01-29 09:00:00+00:00,2169.5,2113.75
2022-01-29 10:00:00+00:00,2176.75,2178.75
2022-01-29 11:00:00+00:00,2159.0,2189.75
2022-01-29 12:00:00+00:00,2088.75,2195.25
2022-01-29 13:00:00+00:00,2001.75,2195.25
2022-01-29 14:00:00+00:00,1948.0,2142.25
2022-01-29 15:00:00+00:00,1865.5,2123.5
2022-01-29 16:00:00+00:00,1955.75,2167.75
2022-01-29 17:00:00+00:00,2076.25,2160.25
2022-01-29 18:00:00+00:00,2057.5,2127.0
2022-01-29 19:00:00+00:00,2116.0,2140.5
2022-01-29 20:00:00+00:00,2144.0,2152.0
2022-01-29 21:00:00+00:00,2101.25,2076.0
2022-01-29 22:00:00+00:00,2112.75,2074.0
2022-01-29 23:00:00+00:00,2095.25,2018.75
2022-01-30 00:00:00+00:00,2049.5,2018.75
2022-01-30 01:00:00+00:00,2011.0,1981.5
2022-01-30 02:00:00+00:00,1840.75,1968.5
2022-01-30 03:00:00+00:00,1600.25,1931.0
2022-01-30 04:00:00+00:00,1530.75,1841.5
2022-01-30 05:00:00+00:00,1468.25,1656.5
2022-01-30 06:00:00+00:00,1305.0,1557.25
2022-01-30 07:00:00+00:00,1096.0,1498.0
2022-01-30 08:00:00+00:00,1016.75,1293.75
2022-01-30 09:00:00+00:00,889.25,1056.0
2022-01-30 10:00:00+00:00,774.75,962.0
2022-01-30 11:00:00+00:00,695.75,851.25
2022-01-30 12:00:00+00:00,601.75,731.0
2022-01-30 13:00:00+00:00,547.75,562.0
2022-01-30 14:00:00+00:00,347.25,513.0
2022-01-30 15:00:00+00:00,275.25,450.0
2022-01-30 16:00:00+00:00,508.75,395.0
2022-01-30 17:00:00+00:00,786.5,477.25
2022-01-30 18:00:00+00:00,987.25,616.0
2022-01-30 19:00:00+00:00,1545.75,732.25
2022-01-30 20:00:00+00:00,1939.25,853.0
2022-01-30 21:00:00+00:00,2114.5,1196.25
2022-01-30 22:00:00+00:00,2126.5,1571.75
2022-01-30 23:00:00+00:00,2106.0,1790.5
2022-01-31 00:00:00+00:00,2168.25,1923.0
2022-01-31 01:00:00+00:00,2178.0,2040.75
2022-01-31 02:00:00+00:00,2136.5,2093.5
2022-01-31 03:00:00+00:00,2171.5,2124.25
2022-01-31 04:00:00+00:00,2111.25,2094.75
2022-01-31 05:00:00+00:00,1978.25,2128.0
2022-01-31 06:00:00+00:00,1745.75,2039.0
2022-01-31 07:00:00+00:00,1606.25,1899.25
2022-01-31 08:00:00+00:00,1661.5,1924.5
2022-01-31 09:00:00+00:00,1686.5,1915.0
2022-01-31 10:00:00+00:00,1577.5,1936.0
2022-01-31 11:00:00+00:00,1629.25,1982.0
2022-01-31 12:00:00+00:00,1637.0,2013.5
2022-01-31 13:00:00+00:00,1810.0,1963.0
2022-01-31 14:00:00+00:00,1922.5,1939.5
2022-01-31 15:00:00+00:00,2012.75,2005.0
2022-01-31 16:00:00+00:00,2112.75,2058.5
2022-01-31 17:00:00+00:00,1945.25,2059.5
2022-01-31 18:00:00+00:00,1951.5,2062.0
2022-01-31 19:00:00+00:00,2146.5,2030.75
2022-01-31 20:00:00+00:00,2133.0,1896.25
2022-01-31 21:00:00+00:00,2100.75,1696.5
2022-01-31 22:00:00+00:00,1976.25,1533.25
2022-01-31 23:00:00+00:00,1630.5,1426.5
2022-02-01 00:00:00+00:00,1378.25,1282.0
2022-02-01 01:00:00+00:00,1292.25,1133.0
2022-02-01 02:00:00+00:00,1393.5,1088.5
2022-02-01 03:00:00+00:00,1454.0,1276.5
2022-02-01 04:00:00+00:00,1734.5,1420.0
2022-02-01 05:00:00+00:00,1954.5,1637.75
2022-02-01 06:00:00+00:00,2091.5,1649.5
2022-02-01 07:00:00+00:00,2129.75,1694.5
2022-02-01 08:00:00+00:00,2144.5,1820.75
2022-02-01 09:00:00+00:00,2136.5,1898.0
2022-02-01 10:00:00+00:00,2132.0,1932.5
2022-02-01 11:00:00+00:00,2113.25,1972.0
2022-02-01 12:00:00+00:00,2038.75,1993.0
2022-02-01 13:00:00+00:00,1930.5,2004.25
2022-02-01 14:00:00+00:00,2036.5,1969.25
2022-02-01 15:00:00+00:00,2117.25,1939.5
2022-02-01 16:00:00+00:00,2084.5,1960.25
2022-02-01 17:00:00+00:00,2109.25,1996.0
2022-02-01 18:00:00+00:00,2105.25,2015.0
2022-02-01 19:00:00+00:00,2099.5,2042.75
2022-02-01 20:00:00+00:00,2112.5,2038.5
2022-02-01 21:00:00+00:00,2114.5,2028.0
2022-02-01 22:00:00+00:00,2086.25,2043.0
2022-02-01 23:00:00+00:00,2018.0,1990.75
2022-02-02 00:00:00+00:00,1962.5,2026.75
2022-02-02 01:00:00+00:00,2011.5,2006.75
2022-02-02 02:00:00+00:00,1955.75,1980.5
2022-02-02 03:00:00+00:00,1995.0,1931.75
2022-02-02 04:00:00+00:00,2056.75,1828.0
2022-02-02 05:00:00+00:00,1974.0,1680.75
2022-02-02 06:00:00+00:00,1598.75,1652.75
2022-02-02 07:00:00+00:00,1134.0,1558.75
2022-02-02 08:00:00+00:00,1118.0,1320.25
2022-02-02 09:00:00+00:00,1544.5,997.0
2022-02-02 10:00:00+00:00,1793.0,836.5
2022-02-02 11:00:00+00:00,1486.75,712.25
2022-02-02 12:00:00+00:00,1025.0,462.5
2022-02-02 13:00:00+00:00,752.25,263.75
2022-02-02 14:00:00+00:00,517.75,202.25
2022-02-02 15:00:00+00:00,413.0,191.25
2022-02-02 16:00:00+00:00,378.5,287.0
2022-02-02 17:00:00+00:00,448.75,325.0
2022-02-02 18:00:00+00:00,543.5,442.25
2022-02-02 19:00:00+00:00,634.75,609.25
2022-02-02 20:00:00+00:00,663.5,933.5
2022-02-02 21:00:00+00:00,654.5,1127.25
2022-02-02 22:00:00+00:00,707.5,1062.5
2022-02-02 23:00:00+00:00,719.75,1084.0
2022-02-03 00:00:00+00:00,1063.0,1165.75
2022-02-03 01:00:00+00:00,1387.75,1173.75
2022-02-03 02:00:00+00:00,1600.25,1183.0
2022-02-03 03:00:00+00:00,1680.75,1189.75
2022-02-03 04:00:00+00:00,1670.25,1319.25
2022-02-03 05:00:00+00:00,1734.75,1457.0
2022-02-03 06:00:00+00:00,1761.25,1449.75
2022-02-03 07:00:00+00:00,1775.0,1461.5
2022-02-03 08:00:00+00:00,1852.25,1534.75
2022-02-03 09:00:00+00:00,1878.0,1571.25
2022-02-03 10:00:00+00:00,1588.25,1481.25
2022-02-03 11:00:00+00:00,1409.0,1369.25
2022-02-03 12:00:00+00:00,1182.75,1409.5
2022-02-03 13:00:00+00:00,1094.25,1425.0
2022-02-03 14:00:00+00:00,1071.0,1332.25
2022-02-03 15:00:00+00:00,999.0,1182.75
2022-02-03 16:00:00+00:00,1040.0,1078.75
2022-02-03 17:00:00+00:00,986.5,1107.0
2022-02-03 18:00:00+00:00,912.75,1119.75
2022-02-03 19:00:00+00:00,843.75,1059.75
2022-02-03 20:00:00+00:00,1244.0,1092.75
2022-02-03 21:00:00+00:00,1382.25,1215.75
2022-02-03 22:00:00+00:00,1559.75,1307.0
2022-02-03 23:00:00+00:00,1891.5,1379.0
2022-02-04 00:00:00+00:00,2105.0,1477.25
2022-02-04 01:00:00+00:00,2156.5,1658.0
2022-02-04 02:00:00+00:00,2172.0,1793.0
2022-02-04 03:00:00+00:00,2171.25,1847.5
2022-02-04 04:00:00+00:00,2169.25,1909.5
2022-02-04 05:00:00+00:00,2174.5,1916.25
2022-02-04 06:00:00+00:00,2171.25,1902.5
2022-02-04 07:00:00+00:00,2165.25,1936.5
2022-02-04 08:00:00+00:00,2152.75,2001.25
2022-02-04 09:00:00+00:00,2138.25,2013.0
2022-02-04 10:00:00+00:00,1950.75,2042.75
2022-02-04 11:00:00+00:00,1944.75,2074.25
2022-02-04 12:00:00+00:00,1959.75,2054.0
2022-02-04 13:00:00+00:00,2027.0,1824.0
2022-02-04 14:00:00+00:00,1843.75,1636.75
2022-02-04 15:00:00+00:00,1938.0,1657.75
2022-02-04 16:00:00+00:00,2093.0,1506.0
2022-02-04 17:00:00+00:00,2111.0,1728.25
2022-02-04 18:00:00+00:00,2128.75,1758.5
2022-02-04 19:00:00+00:00,2101.0,1778.25
2022-02-04 20:00:00+00:00,2130.0,1862.0
2022-02-04 21:00:00+00:00,2143.0,1930.0
2022-02-04 22:00:00+00:00,2115.75,1931.25
2022-02-04 23:00:00+00:00,2135.25,1955.75
2022-02-05 00:00:00+00:00,2106.25,1907.5
2022-02-05 01:00:00+00:00,2129.25,1837.25
2022-02-05 02:00:00+00:00,2108.25,1775.0
2022-02-05 03:00:00+00:00,2038.5,1622.25
2022-02-05 04:00:00+00:00,1968.75,1608.25
2022-02-05 05:00:00+00:00,1904.25,1496.0
2022-02-05 06:00:00+00:00,1772.5,1351.25
2022-02-05 07:00:00+00:00,1720.0,1293.75
2022-02-05 08:00:00+00:00,1554.5,1340.0
2022-02-05 09:00:00+00:00,1388.5,1412.5
2022-02-05 10:00:00+00:00,1468.5,1634.0
2022-02-05 11:00:00+00:00,1702.75,1777.5
2022-02-05 12:00:00+00:00,1471.75,1823.5
2022-02-05 13:00:00+00:00,1578.75,2000.75
2022-02-05 14:00:00+00:00,2111.5,2123.0
2022-02-05 15:00:00+00:00,2122.75,2129.75
2022-02-05 16:00:00+00:00,2103.0,2180.25
2022-02-05 17:00:00+00:00,2130.25,2197.25
2022-02-05 18:00:00+00:00,2112.5,2171.25
2022-02-05 19:00:00+00:00,2082.5,2165.5
2022-02-05 20:00:00+00:00,2043.75,2189.75
2022-02-05 21:00:00+00:00,2042.75,2183.25
2022-02-05 22:00:00+00:00,2049.5,2206.0
2022-02-05 23:00:00+00:00,2058.75,2218.25
2022-02-06 00:00:00+00:00,2074.75,2218.5
2022-02-06 01:00:00+00:00,2079.25,2216.75
2022-02-06 02:00:00+00:00,2085.25,2214.0
2022-02-06 03:00:00+00:00,2088.25,2149.0
2022-02-06 04:00:00+00:00,2120.75,2171.0
2022-02-06 05:00:00+00:00,2098.0,2191.5
2022-02-06 06:00:00+00:00,2072.25,2147.0
2022-02-06 07:00:00+00:00,2097.25,2149.5
2022-02-06 08:00:00+00:00,2079.25,2165.75
2022-02-06 09:00:00+00:00,2113.25,2147.75
2022-02-06 10:00:00+00:00,2073.0,2043.75
2022-02-06 11:00:00+00:00,2079.0,1819.25
2022-02-06 12:00:00+00:00,2077.5,1834.0
2022-02-06 13:00:00+00:00,1996.0,1997.0
2022-02-06 14:00:00+00:00,2052.0,2110.75
2022-02-06 15:00:00+00:00,2100.75,2077.0
2022-02-06 16:00:00+00:00,2073.5,1973.0
2022-02-06 17:00:00+00:00,2069.25,2001.5
2022-02-06 18:00:00+00:00,2064.0,1992.5
2022-02-06 19:00:00+00:00,2098.0,2095.25
2022-02-06 20:00:00+00:00,2052.25,2060.5
2022-02-06 21:00:00+00:00,2075.75,2081.5
2022-02-06 22:00:00+00:00,2105.75,2048.75
2022-02-06 23:00:00+00:00,2090.25,2085.0
2022-02-07 00:00:00+00:00,2109.5,2089.25
2022-02-07 01:00:00+00:00,2109.75,2079.5
2022-02-07 02:00:00+00:00,2104.25,2060.5
2022-02-07 03:00:00+00:00,2088.5,2061.5
2022-02-07 04:00:00+00:00,2072.0,2007.5
2022-02-07 05:00:00+00:00,1975.25,1858.0
2022-02-07 06:00:00+00:00,1641.0,1407.0
2022-02-07 07:00:00+00:00,1292.5,1374.25
2022-02-07 08:00:00+00:00,1172.75,1304.25
2022-02-07 09:00:00+00:00,1234.5,1324.0
2022-02-07 10:00:00+00:00,1052.25,1386.25
2022-02-07 11:00:00+00:00,933.0,1300.0
2022-02-07 12:00:00+00:00,1050.0,1359.0
2022-02-07 13:00:00+00:00,1082.5,1428.0
2022-02-07 14:00:00+00:00,1250.0,1365.5
2022-02-07 15:00:00+00:00,1332.75,1278.5
2022-02-07 16:00:00+00:00,1494.75,1241.5
2022-02-07 17:00:00+00:00,1817.75,1193.5
2022-02-07 18:00:00+00:00,1988.0,1324.5
2022-02-07 19:00:00+00:00,2030.25,1312.0
2022-02-07 20:00:00+00:00,2082.5,1389.0
2022-02-07 21:00:00+00:00,2002.75,1519.5
2022-02-07 22:00:00+00:00,2011.0,1608.0
2022-02-07 23:00:00+00:00,2101.75,1691.0
2022-02-08 00:00:00+00:00,2110.25,1722.75
2022-02-08 01:00:00+00:00,2105.75,1796.5
2022-02-08 02:00:00+00:00,2067.25,1798.25
2022-02-08 03:00:00+00:00,2045.75,1800.25
2022-02-08 04:00:00+00:00,2037.25,1873.0
2022-02-08 05:00:00+00:00,2051.0,1913.75
2022-02-08 06:00:00+00:00,2040.75,1837.5
2022-02-08 07:00:00+00:00,2071.5,1763.25
2022-02-08 08:00:00+00:00,2074.75,1808.0
2022-02-08 09:00:00+00:00,2070.0,1839.25
2022-02-08 10:00:00+00:00,2084.25,1852.75
2022-02-08 11:00:00+00:00,2071.0,1828.75
2022-02-08 12:00:00+00:00,2054.0,1847.25
2022-02-08 13:00:00+00:00,1992.75,1828.0
2022-02-08 14:00:00+00:00,1829.25,1753.0
2022-02-08 15:00:00+00:00,1704.25,1704.5
2022-02-08 16:00:00+00:00,1642.5,1732.0
2022-02-08 17:00:00+00:00,1487.5,1685.25
2022-02-08 18:00:00+00:00,1421.25,1623.75
2022-02-08 19:00:00+00:00,1568.75,1621.0
2022-02-08 20:00:00+00:00,1734.0,1669.25
2022-02-08 21:00:00+00:00,1912.5,1630.5
2022-02-08 22:00:00+00:00,1994.75,1613.25
2022-02-08 23:00:00+00:00,2024.25,1686.25
2022-02-09 00:00:00+00:00,2057.5,1638.5
2022-02-09 01:00:00+00:00,2067.25,1694.5
2022-02-09 02:00:00+00:00,2053.75,1695.0
2022-02-09 03:00:00+00:00,2057.25,1680.0
2022-02-09 04:00:00+00:00,2043.0,1721.25
2022-02-09 05:00:00+00:00,2034.25,1716.75
2022-02-09 06:00:00+00:00,1995.0,1634.0
2022-02-09 07:00:00+00:00,2044.75,1617.0
2022-02-09 08:00:00+00:00,2053.5,1642.0
2022-02-09 09:00:00+00:00,2027.0,1624.5
2022-02-09 10:00:00+00:00,1984.75,1569.75
2022-02-09 11:00:00+00:00,1789.5,1507.25
2022-02-09 12:00:00+00:00,1669.5,1518.5
2022-02-09 13:00:00+00:00,1589.0,1392.75
2022-02-09 14:00:00+00:00,1263.5,1204.75
2022-02-09 15:00:00+00:00,918.75,923.0
2022-02-09 16:00:00+00:00,626.75,682.25
2022-02-09 17:00:00+00:00,653.5,529.5
2022-02-09 18:00:00+00:00,573.0,365.75
2022-02-09 19:00:00+00:00,523.25,329.0
2022-02-09 20:00:00+00:00,604.0,323.25
2022-02-09 21:00:00+00:00,583.75,379.0
2022-02-09 22:00:00+00:00,539.25,419.5
2022-02-09 23:00:00+00:00,763.5,456.5
2022-02-10 00:00:00+00:00,651.5,427.0
2022-02-10 01:00:00+00:00,435.75,295.25
2022-02-10 02:00:00+00:00,294.0,290.25
2022-02-10 03:00:00+00:00,232.75,275.5
2022-02-10 04:00:00+00:00,216.5,293.75
2022-02-10 05:00:00+00:00,270.5,296.25
2022-02-10 06:00:00+00:00,225.5,308.75
2022-02-10 07:00:00+00:00,225.0,285.25
2022-02-10 08:00:00+00:00,338.0,294.25
2022-02-10 09:00:00+00:00,498.0,339.0
2022-02-10 10:00:00+00:00,629.0,440.0
2022-02-10 11:00:00+00:00,747.75,601.0
2022-02-10 12:00:00+00:00,820.75,622.75
2022-02-10 13:00:00+00:00,753.25,686.0
2022-02-10 14:00:00+00:00,721.0,798.0
2022-02-10 15:00:00+00:00,880.5,750.25
2022-02-10 16:00:00+00:00,967.75,736.5
2022-02-10 17:00:00+00:00,1243.25,794.25
2022-02-10 18:00:00+00:00,1456.0,852.25
2022-02-10 19:00:00+00:00,1696.0,902.25
2022-02-10 20:00:00+00:00,1913.5,1074.25
2022-02-10 21:00:00+00:00,2038.5,1190.25
2022-02-10 22:00:00+00:00,2082.25,1410.5
2022-02-10 23:00:00+00:00,2086.25,1499.75
2022-02-11 00:00:00+00:00,2111.75,1640.5
2022-02-11 01:00:00+00:00,2137.75,1737.25
2022-02-11 02:00:00+00:00,2126.75,1855.75
2022-02-11 03:00:00+00:00,2091.0,1985.75
2022-02-11 04:00:00+00:00,1993.25,2017.0
2022-02-11 05:00:00+00:00,1747.0,2010.25
2022-02-11 06:00:00+00:00,1797.25,1951.0
2022-02-11 07:00:00+00:00,1910.5,1872.75
2022-02-11 08:00:00+00:00,1659.5,1834.75
2022-02-11 09:00:00+00:00,1731.75,1691.25
2022-02-11 10:00:00+00:00,1294.25,1555.5
2022-02-11 11:00:00+00:00,1018.0,1277.25
2022-02-11 12:00:00+00:00,798.75,880.0
2022-02-11 13:00:00+00:00,392.75,669.5
2022-02-11 14:00:00+00:00,287.25,486.75
2022-02-11 15:00:00+00:00,160.75,308.5
2022-02-11 16:00:00+00:00,62.25,187.5
2022-02-11 17:00:00+00:00,20.75,121.0
2022-02-11 18:00:00+00:00,4.0,89.0
2022-02-11 19:00:00+00:00,21.75,82.0
2022-02-11 20:00:00+00:00,63.75,81.75
2022-02-11 21:00:00+00:00,189.75,89.5
2022-02-11 22:00:00+00:00,372.0,187.0
2022-02-11 23:00:00+00:00,623.75,326.5
2022-02-12 00:00:00+00:00,851.5,504.0
2022-02-12 01:00:00+00:00,991.75,673.5
2022-02-12 02:00:00+00:00,1194.25,865.25
2022-02-12 03:00:00+00:00,1352.75,1007.25
2022-02-12 04:00:00+00:00,1487.5,1239.75
2022-02-12 05:00:00+00:00,1510.5,1386.25
2022-02-12 06:00:00+00:00,1636.75,1402.5
2022-02-12 07:00:00+00:00,1822.0,1386.5
2022-02-12 08:00:00+00:00,1914.25,1311.75
2022-02-12 09:00:00+00:00,1762.25,1258.25
2022-02-12 10:00:00+00:00,1716.0,1166.0
2022-02-12 11:00:00+00:00,1761.0,1223.0
2022-02-12 12:00:00+00:00,1685.25,1355.0
2022-02-12 13:00:00+00:00,1737.0,1439.5
2022-02-12 14:00:00+00:00,1995.25,1447.0
2022-02-12 15:00:00+00:00,1911.0,1057.25
2022-02-12 16:00:00+00:00,1968.75,1302.75
2022-02-12 17:00:00+00:00,1975.0,1396.5
2022-02-12 18:00:00+00:00,1976.0,1419.0
2022-02-12 19:00:00+00:00,1933.25,1595.25
2022-02-12 20:00:00+00:00,2149.75,1673.5
2022-02-12 21:00:00+00:00,2100.0,1668.5
2022-02-12 22:00:00+00:00,2080.5,1669.25
2022-02-12 23:00:00+00:00,2167.0,1764.75
2022-02-13 00:00:00+00:00,2162.0,1747.5
2022-02-13 01:00:00+00:00,2100.0,1793.5
2022-02-13 02:00:00+00:00,2049.75,1742.0
2022-02-13 03:00:00+00:00,1991.75,1631.5
2022-02-13 04:00:00+00:00,2020.5,1555.0
2022-02-13 05:00:00+00:00,2012.5,1681.25
2022-02-13 06:00:00+00:00,2075.75,1684.25
2022-02-13 07:00:00+00:00,2134.0,1640.0
2022-02-13 08:00:00+00:00,2138.5,1681.75
2022-02-13 09:00:00+00:00,1978.25,1674.5
2022-02-13 10:00:00+00:00,1655.0,1660.75
2022-02-13 11:00:00+00:00,1647.0,1724.25
2022-02-13 12:00:00+00:00,1662.75,1833.75
2022-02-13 13:00:00+00:00,1669.25,1820.75
2022-02-13 14:00:00+00:00,1678.5,1864.75
2022-02-13 15:00:00+00:00,2157.25,1918.0
2022-02-13 16:00:00+00:00,2152.0,1987.5
2022-02-13 17:00:00+00:00,2165.25,2057.75
2022-02-13 18:00:00+00:00,2164.25,2082.75
2022-02-13 19:00:00+00:00,2150.75,2073.5
2022-02-13 20:00:00+00:00,2155.75,2065.25
2022-02-13 21:00:00+00:00,2151.75,2041.5
2022-02-13 22:00:00+00:00,2134.25,2039.5
2022-02-13 23:00:00+00:00,2130.5,2071.75
2022-02-14 00:00:00+00:00,2135.5,2058.0
2022-02-14 01:00:00+00:00,2136.0,2058.5
2022-02-14 02:00:00+00:00,2132.25,2027.75
2022-02-14 03:00:00+00:00,2133.75,2082.25
2022-02-14 04:00:00+00:00,2130.75,2056.75
2022-02-14 05:00:00+00:00,2092.5,2026.0
2022-02-14 06:00:00+00:00,2099.0,2006.0
2022-02-14 07:00:00+00:00,2104.75,1932.75
2022-02-14 08:00:00+00:00,2114.25,1904.0
2022-02-14 09:00:00+00:00,2122.0,1949.5
2022-02-14 10:00:00+00:00,2124.25,1953.5
2022-02-14 11:00:00+00:00,2137.0,1963.5
2022-02-14 12:00:00+00:00,2150.0,1975.25
2022-02-14 13:00:00+00:00,2149.0,1955.25
2022-02-14 14:00:00+00:00,2147.75,1973.25
2022-02-14 15:00:00+00:00,2131.25,1863.5
2022-02-14 16:00:00+00:00,2088.0,1971.5
2022-02-14 17:00:00+00:00,2073.5,1940.0
2022-02-14 18:00:00+00:00,2010.5,1972.5
2022-02-14 19:00:00+00:00,2051.0,1988.25
2022-02-14 20:00:00+00:00,1461.75,1928.25
2022-02-14 21:00:00+00:00,1158.75,1618.5
2022-02-14 22:00:00+00:00,1253.75,1178.5
2022-02-14 23:00:00+00:00,1281.5,1123.0
2022-02-15 00:00:00+00:00,1351.0,1127.25
2022-02-15 01:00:00+00:00,1254.75,1113.5
2022-02-15 02:00:00+00:00,1154.5,1005.25
2022-02-15 03:00:00+00:00,1408.5,863.75
2022-02-15 04:00:00+00:00,1259.75,794.75
2022-02-15 05:00:00+00:00,1162.0,885.0
2022-02-15 06:00:00+00:00,990.0,880.0
2022-02-15 07:00:00+00:00,922.5,850.25
2022-02-15 08:00:00+00:00,1033.0,1002.25
2022-02-15 09:00:00+00:00,1457.0,1104.5
2022-02-15 10:00:00+00:00,1966.25,1455.25
2022-02-15 11:00:00+00:00,1991.0,1689.5
2022-02-15 12:00:00+00:00,1994.0,1863.0
2022-02-15 13:00:00+00:00,2186.5,1952.0
2022-02-15 14:00:00+00:00,2185.75,2022.5
2022-02-15 15:00:00+00:00,2173.75,2123.0
2022-02-15 16:00:00+00:00,2168.5,2179.5
2022-02-15 17:00:00+00:00,2047.25,2179.25
2022-02-15 18:00:00+00:00,2135.0,2170.25
2022-02-15 19:00:00+00:00,2075.5,2087.25
2022-02-15 20:00:00+00:00,1920.75,1883.5
2022-02-15 21:00:00+00:00,1942.5,1654.5
2022-02-15 22:00:00+00:00,1810.75,1440.75
2022-02-15 23:00:00+00:00,1819.5,1272.0
2022-02-16 00:00:00+00:00,1930.0,1186.0
2022-02-16 01:00:00+00:00,1807.0,1363.5
2022-02-16 02:00:00+00:00,1862.25,1421.0
2022-02-16 03:00:00+00:00,1993.5,1639.75
2022-02-16 04:00:00+00:00,2022.25,1891.5
2022-02-16 05:00:00+00:00,2130.0,2017.75
2022-02-16 06:00:00+00:00,2139.75,2111.5
2022-02-16 07:00:00+00:00,2139.0,2089.5
2022-02-16 08:00:00+00:00,2142.25,2091.25
2022-02-16 09:00:00+00:00,2136.25,2089.25
2022-02-16 10:00:00+00:00,2127.5,2102.0
2022-02-16 11:00:00+00:00,2086.75,2128.75
2022-02-16 12:00:00+00:00,2108.75,2157.75
2022-02-16 13:00:00+00:00,2112.75,2162.75
2022-02-16 14:00:00+00:00,2115.75,2150.75
2022-02-16 15:00:00+00:00,2071.75,2154.5
2022-02-16 16:00:00+00:00,2007.25,2120.5
2022-02-16 17:00:00+00:00,1493.75,2052.0
2022-02-16 18:00:00+00:00,1094.75,1930.75
2022-02-16 19:00:00+00:00,992.0,1709.25
2022-02-16 20:00:00+00:00,1044.0,1509.5
2022-02-16 21:00:00+00:00,1331.75,1651.25
2022-02-16 22:00:00+00:00,1543.25,1937.5
2022-02-16 23:00:00+00:00,1753.75,1911.5
2022-02-17 00:00:00+00:00,1727.75,1962.5
2022-02-17 01:00:00+00:00,1676.0,1857.0
2022-02-17 02:00:00+00:00,1604.25,1741.75
2022-02-17 03:00:00+00:00,1554.0,1495.5
2022-02-17 04:00:00+00:00,1526.0,1444.0
2022-02-17 05:00:00+00:00,1747.25,1492.25
2022-02-17 06:00:00+00:00,2014.25,1523.25
2022-02-17 07:00:00+00:00,2057.25,1667.75
2022-02-17 08:00:00+00:00,2052.75,1860.5
2022-02-17 09:00:00+00:00,1938.0,1948.5
2022-02-17 10:00:00+00:00,1963.5,2008.75
2022-02-17 11:00:00+00:00,2002.5,2012.5
2022-02-17 12:00:00+00:00,2079.5,2038.5
2022-02-17 13:00:00+00:00,2067.0,2074.75
2022-02-17 14:00:00+00:00,2069.5,2117.25
2022-02-17 15:00:00+00:00,2009.5,2055.75
2022-02-17 16:00:00+00:00,1501.0,2048.5
2022-02-17 17:00:00+00:00,1794.5,1942.75
2022-02-17 18:00:00+00:00,2086.0,1633.25
2022-02-17 19:00:00+00:00,2010.25,1365.25
2022-02-17 20:00:00+00:00,1888.0,1519.75
2022-02-17 21:00:00+00:00,1644.0,1474.0
2022-02-17 22:00:00+00:00,1417.0,1240.0
2022-02-17 23:00:00+00:00,1365.75,1098.75
2022-02-18 00:00:00+00:00,1283.25,995.5
2022-02-18 01:00:00+00:00,1200.75,809.5
2022-02-18 02:00:00+00:00,1112.25,645.5
2022-02-18 03:00:00+00:00,1503.5,792.75
2022-02-18 04:00:00+00:00,1563.75,835.0
2022-02-18 05:00:00+00:00,1814.25,1100.0
2022-02-18 06:00:00+00:00,2036.75,1588.25
2022-02-18 07:00:00+00:00,1857.0,1837.0
2022-02-18 08:00:00+00:00,2060.75,2011.75
2022-02-18 09:00:00+00:00,2113.5,2099.0
2022-02-18 10:00:00+00:00,2032.75,2104.25
2022-02-18 11:00:00+00:00,1959.25,2044.5
2022-02-18 12:00:00+00:00,1325.5,2036.25
2022-02-18 13:00:00+00:00,567.0,1737.75
2022-02-18 14:00:00+00:00,546.25,921.5
2022-02-18 15:00:00+00:00,662.0,478.5
2022-02-18 16:00:00+00:00,613.5,474.75
2022-02-18 17:00:00+00:00,616.75,476.25
2022-02-18 18:00:00+00:00,531.5,644.25
2022-02-18 19:00:00+00:00,553.75,770.5
2022-02-18 20:00:00+00:00,545.75,788.5
2022-02-18 21:00:00+00:00,599.25,864.5
2022-02-18 22:00:00+00:00,655.0,999.25
2022-02-18 23:00:00+00:00,1311.5,1181.5
2022-02-19 00:00:00+00:00,1809.25,1278.5
2022-02-19 01:00:00+00:00,1975.25,1457.5
2022-02-19 02:00:00+00:00,2021.25,1726.75
2022-02-19 03:00:00+00:00,2046.5,1778.75
2022-02-19 04:00:00+00:00,2063.75,1776.75
2022-02-19 05:00:00+00:00,2092.25,1778.75
2022-02-19 06:00:00+00:00,2094.5,1832.75
2022-02-19 07:00:00+00:00,2093.5,1860.25
2022-02-19 08:00:00+00:00,2081.25,1806.0
2022-02-19 09:00:00+00:00,2053.5,1836.75
2022-02-19 10:00:00+00:00,1912.5,1837.5
2022-02-19 11:00:00+00:00,1856.75,1580.25
2022-02-19 12:00:00+00:00,1728.25,1583.5
2022-02-19 13:00:00+00:00,2070.25,1918.75
2022-02-19 14:00:00+00:00,2062.25,1870.5
2022-02-19 15:00:00+00:00,2075.75,1851.25
2022-02-19 16:00:00+00:00,2054.25,1652.5
2022-02-19 17:00:00+00:00,2000.5,1811.5
2022-02-19 18:00:00+00:00,1795.75,1818.25
2022-02-19 19:00:00+00:00,1755.25,1815.25
2022-02-19 20:00:00+00:00,1574.0,1687.5
2022-02-19 21:00:00+00:00,1548.75,1468.75
2022-02-19 22:00:00+00:00,1499.75,1394.5
2022-02-19 23:00:00+00:00,916.0,1548.25
2022-02-20 00:00:00+00:00,594.75,1370.0
2022-02-20 01:00:00+00:00,433.5,860.25
2022-02-20 02:00:00+00:00,609.75,448.75
2022-02-20 03:00:00+00:00,1497.0,621.75
2022-02-20 04:00:00+00:00,1806.25,1194.0
2022-02-20 05:00:00+00:00,1977.25,1524.0
2022-02-20 06:00:00+00:00,2092.0,1819.0
2022-02-20 07:00:00+00:00,2097.75,1943.5
2022-02-20 08:00:00+00:00,2095.75,1963.25
2022-02-20 09:00:00+00:00,2086.5,1989.75
2022-02-20 10:00:00+00:00,2085.75,1978.25
2022-02-20 11:00:00+00:00,2083.0,1966.25
2022-02-20 12:00:00+00:00,2068.5,1974.25
2022-02-20 13:00:00+00:00,2036.75,1986.5
2022-02-20 14:00:00+00:00,2044.0,1978.0
2022-02-20 15:00:00+00:00,2011.75,1949.5
2022-02-20 16:00:00+00:00,1728.0,1904.75
2022-02-20 17:00:00+00:00,1334.25,1867.75
2022-02-20 18:00:00+00:00,1001.5,1743.0
2022-02-20 19:00:00+00:00,806.75,1582.75
2022-02-20 20:00:00+00:00,1224.75,1429.0
2022-02-20 21:00:00+00:00,1878.75,1778.75
2022-02-20 22:00:00+00:00,2019.5,1835.5
2022-02-20 23:00:00+00:00,1956.5,1844.25
2022-02-21 00:00:00+00:00,1878.25,1814.75
2022-02-21 01:00:00+00:00,1871.75,1832.5
2022-02-21 02:00:00+00:00,1893.25,1802.75
2022-02-21 03:00:00+00:00,1951.75,1820.25
2022-02-21 04:00:00+00:00,2020.75,1868.0
2022-02-21 05:00:00+00:00,2007.75,1859.25
2022-02-21 06:00:00+00:00,2028.0,1915.0
2022-02-21 07:00:00+00:00,2027.5,1895.75
2022-02-21 08:00:00+00:00,1984.25,1932.5
2022-02-21 09:00:00+00:00,1863.5,1910.5
2022-02-21 10:00:00+00:00,1771.5,1875.25
2022-02-21 11:00:00+00:00,1727.0,1888.25
2022-02-21 12:00:00+00:00,1950.0,1841.75
2022-02-21 13:00:00+00:00,1983.0,1856.0
2022-02-21 14:00:00+00:00,2080.25,1946.25
2022-02-21 15:00:00+00:00,2076.25,1863.0
2022-02-21 16:00:00+00:00,2009.5,1883.25
2022-02-21 17:00:00+00:00,1755.0,1897.25
2022-02-21 18:00:00+00:00,2051.0,1905.5
2022-02-21 19:00:00+00:00,2033.25,1891.5
2022-02-21 20:00:00+00:00,1898.5,1831.0
2022-02-21 21:00:00+00:00,1577.75,1701.0
2022-02-21 22:00:00+00:00,1362.0,1650.0
2022-02-21 23:00:00+00:00,1314.25,1621.75
2022-02-22 00:00:00+00:00,1168.75,1560.75
2022-02-22 01:00:00+00:00,943.0,1383.75
2022-02-22 02:00:00+00:00,1038.25,1161.75
2022-02-22 03:00:00+00:00,1042.75,1099.5
2022-02-22 04:00:00+00:00,922.5,925.0
2022-02-22 05:00:00+00:00,745.0,871.25
2022-02-22 06:00:00+00:00,748.75,817.25
2022-02-22 07:00:00+00:00,1462.5,1051.75
2022-02-22 08:00:00+00:00,1714.5,1303.25
2022-02-22 09:00:00+00:00,1957.5,1401.75
2022-02-22 10:00:00+00:00,2069.75,1643.0
2022-02-22 11:00:00+00:00,2076.25,1789.25
2022-02-22 12:00:00+00:00,2077.0,1887.0
2022-02-22 13:00:00+00:00,2077.0,1933.75
2022-02-22 14:00:00+00:00,2076.75,1965.0
2022-02-22 15:00:00+00:00,2067.0,2001.0
2022-02-22 16:00:00+00:00,2045.25,2018.25
2022-02-22 17:00:00+00:00,1769.5,1980.75
2022-02-22 18:00:00+00:00,1572.0,1719.0
2022-02-22 19:00:00+00:00,1749.75,1635.0
2022-02-22 20:00:00+00:00,1956.75,1729.75
2022-02-22 21:00:00+00:00,1958.0,1824.0
2022-02-22 22:00:00+00:00,1693.75,1814.5
2022-02-22 23:00:00+00:00,1529.0,1718.0
2022-02-23 00:00:00+00:00,1513.0,1596.25
2022-02-23 01:00:00+00:00,1465.0,1512.0
2022-02-23 02:00:00+00:00,1251.5,1442.0
2022-02-23 03:00:00+00:00,1094.25,1327.75
2022-02-23 04:00:00+00:00,946.25,1203.25
2022-02-23 05:00:00+00:00,790.5,1135.5
2022-02-23 06:00:00+00:00,699.0,1037.25
2022-02-23 07:00:00+00:00,740.25,974.25
2022-02-23 08:00:00+00:00,1025.75,977.75
2022-02-23 09:00:00+00:00,1352.0,1086.5
2022-02-23 10:00:00+00:00,1369.75,1278.0
2022-02-23 11:00:00+00:00,1475.0,1508.25
2022-02-23 12:00:00+00:00,1596.75,1724.5
2022-02-23 13:00:00+00:00,1578.5,1790.25
2022-02-23 14:00:00+00:00,1404.25,1746.25
2022-02-23 15:00:00+00:00,1671.0,1663.0
2022-02-23 16:00:00+00:00,2010.25,1483.0
2022-02-23 17:00:00+00:00,2008.5,1414.0
2022-02-23 18:00:00+00:00,2037.5,1383.75
2022-02-23 19:00:00+00:00,2074.5,1429.5
2022-02-23 20:00:00+00:00,2090.5,1599.25
2022-02-23 21:00:00+00:00,2068.5,1666.25
2022-02-23 22:00:00+00:00,2068.0,1721.5
2022-02-23 23:00:00+00:00,2038.75,1745.0
2022-02-24 00:00:00+00:00,2066.5,1761.25
2022-02-24 01:00:00+00:00,2032.5,1760.0
2022-02-24 02:00:00+00:00,1939.75,1726.0
2022-02-24 03:00:00+00:00,1975.0,1716.25
2022-02-24 04:00:00+00:00,2013.25,1682.25
2022-02-24 05:00:00+00:00,2074.0,1699.5
2022-02-24 06:00:00+00:00,2073.0,1707.25
2022-02-24 07:00:00+00:00,2092.75,1732.75
2022-02-24 08:00:00+00:00,2049.5,1756.0
2022-02-24 09:00:00+00:00,1717.75,1786.75
2022-02-24 10:00:00+00:00,1365.5,1788.75
2022-02-24 11:00:00+00:00,1634.75,1898.75
2022-02-24 12:00:00+00:00,1330.75,2005.5
2022-02-24 13:00:00+00:00,1445.75,1908.75
2022-02-24 14:00:00+00:00,1652.75,1459.75
2022-02-24 15:00:00+00:00,1780.75,1526.25
2022-02-24 16:00:00+00:00,2018.25,1697.5
2022-02-24 17:00:00+00:00,2055.75,1836.0
2022-02-24 18:00:00+00:00,2115.75,1686.5
2022-02-24 19:00:00+00:00,2107.5,1643.25
2022-02-24 20:00:00+00:00,2114.25,1696.25
2022-02-24 21:00:00+00:00,2073.5,1806.0
2022-02-24 22:00:00+00:00,2111.25,1779.75
2022-02-24 23:00:00+00:00,2081.75,1768.0
2022-02-25 00:00:00+00:00,2109.25,1779.0
2022-02-25 01:00:00+00:00,2107.0,1813.75
2022-02-25 02:00:00+00:00,2097.0,1813.75
2022-02-25 03:00:00+00:00,2106.0,1859.25
2022-02-25 04:00:00+00:00,2105.5,1819.0
2022-02-25 05:00:00+00:00,2058.0,1818.25
2022-02-25 06:00:00+00:00,2106.75,1795.5
2022-02-25 07:00:00+00:00,2110.75,1713.5
2022-02-25 08:00:00+00:00,2094.75,1741.75
2022-02-25 09:00:00+00:00,2084.25,1791.25
2022-02-25 10:00:00+00:00,2057.5,1821.0
2022-02-25 11:00:00+00:00,1891.0,1736.5
2022-02-25 12:00:00+00:00,1891.75,1759.75
2022-02-25 13:00:00+00:00,1845.0,1665.75
2022-02-25 14:00:00+00:00,1462.25,1572.75
2022-02-25 15:00:00+00:00,1219.5,1412.25
2022-02-25 16:00:00+00:00,985.0,1285.0
2022-02-25 17:00:00+00:00,849.75,1051.5
2022-02-25 18:00:00+00:00,729.75,1006.25
2022-02-25 19:00:00+00:00,630.0,849.0
2022-02-25 20:00:00+00:00,528.0,686.25
2022-02-25 21:00:00+00:00,464.75,532.0
2022-02-25 22:00:00+00:00,329.75,540.75
2022-02-25 23:00:00+00:00,285.5,421.25
2022-02-26 00:00:00+00:00,221.75,335.75
2022-02-26 01:00:00+00:00,124.5,207.5
2022-02-26 02:00:00+00:00,87.5,134.5
2022-02-26 03:00:00+00:00,84.25,150.5
2022-02-26 04:00:00+00:00,66.25,140.0
2022-02-26 05:00:00+00:00,65.0,129.25
2022-02-26 06:00:00+00:00,84.5,117.25
2022-02-26 07:00:00+00:00,111.0,106.25
2022-02-26 08:00:00+00:00,88.0,117.5
2022-02-26 09:00:00+00:00,110.0,133.75
2022-02-26 10:00:00+00:00,160.0,128.0
2022-02-26 11:00:00+00:00,180.25,120.25
2022-02-26 12:00:00+00:00,173.0,117.0
2022-02-26 13:00:00+00:00,175.25,161.25
2022-02-26 14:00:00+00:00,196.0,194.5
2022-02-26 15:00:00+00:00,246.0,227.5
2022-02-26 16:00:00+00:00,405.5,321.25
2022-02-26 17:00:00+00:00,627.0,361.75
2022-02-26 18:00:00+00:00,654.0,502.5
2022-02-26 19:00:00+00:00,1025.0,632.0
2022-02-26 20:00:00+00:00,1024.25,689.0
2022-02-26 21:00:00+00:00,1187.25,939.0
2022-02-26 22:00:00+00:00,1441.0,1162.0
2022-02-26 23:00:00+00:00,1361.0,1179.0
2022-02-27 00:00:00+00:00,1428.5,1108.0
2022-02-27 01:00:00+00:00,1622.75,996.75
2022-02-27 02:00:00+00:00,1544.75,1046.5
2022-02-27 03:00:00+00:00,1518.25,1050.75
2022-02-27 04:00:00+00:00,1483.0,953.0
2022-02-27 05:00:00+00:00,1338.0,878.0
2022-02-27 06:00:00+00:00,1210.5,955.0
2022-02-27 07:00:00+00:00,1065.75,981.0
2022-02-27 08:00:00+00:00,1085.25,773.25
2022-02-27 09:00:00+00:00,1019.25,693.5
2022-02-27 10:00:00+00:00,1119.25,812.0
2022-02-27 11:00:00+00:00,1256.5,1014.0
2022-02-27 12:00:00+00:00,1077.5,907.5
2022-02-27 13:00:00+00:00,1061.75,1023.75
2022-02-27 14:00:00+00:00,804.75,1024.5
2022-02-27 15:00:00+00:00,877.0,925.0
2022-02-27 16:00:00+00:00,1045.0,809.75
2022-02-27 17:00:00+00:00,1357.75,786.0
2022-02-27 18:00:00+00:00,1915.0,1050.25
2022-02-27 19:00:00+00:00,2052.5,1379.5
2022-02-27 20:00:00+00:00,2058.25,1504.25
2022-02-27 21:00:00+00:00,1860.5,1556.5
2022-02-27 22:00:00+00:00,1621.0,1582.75
2022-02-27 23:00:00+00:00,1624.75,1527.75
2022-02-28 00:00:00+00:00,1554.0,1456.0
2022-02-28 01:00:00+00:00,1783.25,1267.0
2022-02-28 02:00:00+00:00,1875.25,1072.5
2022-02-28 03:00:00+00:00,1911.25,1062.75
2022-02-28 04:00:00+00:00,1864.25,1050.75
2022-02-28 05:00:00+00:00,1680.75,1052.5
2022-02-28 06:00:00+00:00,1377.75,947.75
2022-02-28 07:00:00+00:00,978.5,804.25
2022-02-28 08:00:00+00:00,933.75,651.75
2022-02-28 09:00:00+00:00,802.25,622.75
2022-02-28 10:00:00+00:00,721.5,505.0
2022-02-28 11:00:00+00:00,656.0,444.25
2022-02-28 12:00:00+00:00,705.25,474.25
2022-02-28 13:00:00+00:00,658.25,622.25
2022-02-28 14:00:00+00:00,575.0,710.0
2022-02-28 15:00:00+00:00,572.25,712.75
2022-02-28 16:00:00+00:00,696.75,741.25
2022-02-28 17:00:00+00:00,779.0,875.75
2022-02-28 18:00:00+00:00,855.25,999.5
2022-02-28 19:00:00+00:00,894.5,1038.25
2022-02-28 20:00:00+00:00,981.75,932.75
2022-02-28 21:00:00+00:00,939.5,1110.0
2022-02-28 22:00:00+00:00,816.0,1099.0
2022-02-28 23:00:00+00:00,709.75,1000.25
2022-03-01 00:00:00+00:00,550.25,867.25
2022-03-01 01:00:00+00:00,490.25,686.25
2022-03-01 02:00:00+00:00,307.75,550.0
2022-03-01 03:00:00+00:00,192.75,527.75
2022-03-01 04:00:00+00:00,113.5,490.0
2022-03-01 05:00:00+00:00,62.75,447.0
2022-03-01 06:00:00+00:00,35.0,364.75
2022-03-01 07:00:00+00:00,30.25,258.75
2022-03-01 08:00:00+00:00,7.25,176.75
2022-03-01 09:00:00+00:00,0.0,130.25
2022-03-01 10:00:00+00:00,0.0,99.25
2022-03-01 11:00:00+00:00,0.0,80.0
2022-03-01 12:00:00+00:00,3.25,79.25
2022-03-01 13:00:00+00:00,34.75,77.5
2022-03-01 14:00:00+00:00,33.75,75.5
2022-03-01 15:00:00+00:00,17.25,75.5
2022-03-01 16:00:00+00:00,21.25,85.75
2022-03-01 17:00:00+00:00,57.0,113.0
2022-03-01 18:00:00+00:00,77.25,158.0
2022-03-01 19:00:00+00:00,116.75,213.5
2022-03-01 20:00:00+00:00,175.5,232.25
2022-03-01 21:00:00+00:00,170.0,267.5
2022-03-01 22:00:00+00:00,243.5,295.0
2022-03-01 23:00:00+00:00,298.0,299.5
2022-03-02 00:00:00+00:00,254.75,292.25
2022-03-02 01:00:00+00:00,228.5,266.5
2022-03-02 02:00:00+00:00,333.5,276.0
2022-03-02 03:00:00+00:00,337.25,351.25
2022-03-02 04:00:00+00:00,358.75,493.25
2022-03-02 05:00:00+00:00,481.75,542.0
2022-03-02 06:00:00+00:00,475.0,523.25
2022-03-02 07:00:00+00:00,511.5,506.25
2022-03-02 08:00:00+00:00,518.0,392.75
2022-03-02 09:00:00+00:00,550.25,276.5
2022-03-02 10:00:00+00:00,498.5,265.5
2022-03-02 11:00:00+00:00,465.5,243.25
2022-03-02 12:00:00+00:00,360.5,224.5
2022-03-02 13:00:00+00:00,335.5,285.0
2022-03-02 14:00:00+00:00,358.25,324.0
2022-03-02 15:00:00+00:00,436.25,400.0
2022-03-02 16:00:00+00:00,429.5,404.75
2022-03-02 17:00:00+00:00,473.5,509.0
2022-03-02 18:00:00+00:00,526.0,683.5
2022-03-02 19:00:00+00:00,593.0,841.5
2022-03-02 20:00:00+00:00,546.5,922.25
2022-03-02 21:00:00+00:00,511.0,940.0
2022-03-02 22:00:00+00:00,461.0,889.0
2022-03-02 23:00:00+00:00,419.75,835.0
2022-03-03 00:00:00+00:00,379.0,839.0
2022-03-03 01:00:00+00:00,425.0,748.25
2022-03-03 02:00:00+00:00,361.0,624.5
2022-03-03 03:00:00+00:00,339.75,574.0
2022-03-03 04:00:00+00:00,290.0,533.25
2022-03-03 05:00:00+00:00,297.0,563.75
2022-03-03 06:00:00+00:00,392.25,698.5
2022-03-03 07:00:00+00:00,486.25,631.25
2022-03-03 08:00:00+00:00,439.5,544.5
2022-03-03 09:00:00+00:00,370.0,344.0
2022-03-03 10:00:00+00:00,367.75,318.75
2022-03-03 11:00:00+00:00,451.0,484.5
2022-03-03 12:00:00+00:00,370.5,478.5
2022-03-03 13:00:00+00:00,330.75,434.25
2022-03-03 14:00:00+00:00,300.25,424.0
2022-03-03 15:00:00+00:00,390.0,488.75
2022-03-03 16:00:00+00:00,534.75,549.75
2022-03-03 17:00:00+00:00,657.75,708.75
2022-03-03 18:00:00+00:00,974.5,1016.25
2022-03-03 19:00:00+00:00,970.5,1179.25
2022-03-03 20:00:00+00:00,878.75,1156.75
2022-03-03 21:00:00+00:00,1056.25,1235.25
2022-03-03 22:00:00+00:00,1152.0,1151.25
2022-03-03 23:00:00+00:00,920.25,1049.75
2022-03-04 00:00:00+00:00,789.0,945.25
2022-03-04 01:00:00+00:00,609.75,805.75
2022-03-04 02:00:00+00:00,511.5,726.75
2022-03-04 03:00:00+00:00,489.0,659.0
2022-03-04 04:00:00+00:00,545.25,653.5
2022-03-04 05:00:00+00:00,523.5,701.5
2022-03-04 06:00:00+00:00,484.75,655.25
2022-03-04 07:00:00+00:00,531.75,519.0
2022-03-04 08:00:00+00:00,390.5,411.5
2022-03-04 09:00:00+00:00,395.25,325.5
2022-03-04 10:00:00+00:00,410.75,286.25
2022-03-04 11:00:00+00:00,349.25,290.0
2022-03-04 12:00:00+00:00,379.0,271.25
2022-03-04 13:00:00+00:00,448.0,347.5
2022-03-04 14:00:00+00:00,444.25,357.5
2022-03-04 15:00:00+00:00,365.0,423.25
2022-03-04 16:00:00+00:00,448.25,490.75
2022-03-04 17:00:00+00:00,593.0,630.75
2022-03-04 18:00:00+00:00,592.75,729.25
2022-03-04 19:00:00+00:00,629.25,997.5
2022-03-04 20:00:00+00:00,757.5,1192.75
2022-03-04 21:00:00+00:00,788.5,1088.75
2022-03-04 22:00:00+00:00,850.25,932.25
2022-03-04 23:00:00+00:00,802.0,835.5
2022-03-05 00:00:00+00:00,704.25,740.25
2022-03-05 01:00:00+00:00,587.0,564.0
2022-03-05 02:00:00+00:00,513.75,450.5
2022-03-05 03:00:00+00:00,419.25,359.75
2022-03-05 04:00:00+00:00,374.0,398.0
2022-03-05 05:00:00+00:00,350.0,504.5
2022-03-05 06:00:00+00:00,339.75,477.75
2022-03-05 07:00:00+00:00,367.0,393.5
2022-03-05 08:00:00+00:00,319.0,285.75
2022-03-05 09:00:00+00:00,267.5,177.5
2022-03-05 10:00:00+00:00,194.25,168.5
2022-03-05 11:00:00+00:00,163.5,169.5
2022-03-05 12:00:00+00:00,127.75,151.75
2022-03-05 13:00:00+00:00,181.5,157.0
2022-03-05 14:00:00+00:00,295.25,218.0
2022-03-05 15:00:00+00:00,512.25,293.0
2022-03-05 16:00:00+00:00,898.0,366.75
2022-03-05 17:00:00+00:00,1042.0,639.0
2022-03-05 18:00:00+00:00,1068.25,890.25
2022-03-05 19:00:00+00:00,1141.5,1062.25
2022-03-05 20:00:00+00:00,1108.75,1124.75
2022-03-05 21:00:00+00:00,1185.5,1112.0
2022-03-05 22:00:00+00:00,1307.25,1088.5
2022-03-05 23:00:00+00:00,1605.25,1143.25
2022-03-06 00:00:00+00:00,1728.0,1139.25
2022-03-06 01:00:00+00:00,1760.25,1042.0
2022-03-06 02:00:00+00:00,1692.0,1002.0
2022-03-06 03:00:00+00:00,1584.75,1013.5
2022-03-06 04:00:00+00:00,1599.0,1010.5
2022-03-06 05:00:00+00:00,1603.0,1072.75
2022-03-06 06:00:00+00:00,1528.5,998.0
2022-03-06 07:00:00+00:00,1428.25,1012.0
2022-03-06 08:00:00+00:00,1334.25,779.25
2022-03-06 09:00:00+00:00,1250.25,743.5
2022-03-06 10:00:00+00:00,1089.25,655.25
2022-03-06 11:00:00+00:00,1231.75,642.75
2022-03-06 12:00:00+00:00,1237.5,704.5
2022-03-06 13:00:00+00:00,1317.0,798.25
2022-03-06 14:00:00+00:00,1485.0,812.5
2022-03-06 15:00:00+00:00,1584.0,766.25
2022-03-06 16:00:00+00:00,1639.5,716.0
2022-03-06 17:00:00+00:00,1682.5,737.0
2022-03-06 18:00:00+00:00,1666.25,606.25
2022-03-06 19:00:00+00:00,1594.75,491.0
2022-03-06 20:00:00+00:00,1343.0,452.5
2022-03-06 21:00:00+00:00,1159.75,384.5
2022-03-06 22:00:00+00:00,946.75,331.0
2022-03-06 23:00:00+00:00,759.0,296.75
2022-03-07 00:00:00+00:00,636.5,217.0
2022-03-07 01:00:00+00:00,441.25,203.75
2022-03-07 02:00:00+00:00,364.5,197.0
2022-03-07 03:00:00+00:00,452.25,164.5
2022-03-07 04:00:00+00:00,494.5,144.5
2022-03-07 05:00:00+00:00,488.25,167.5
2022-03-07 06:00:00+00:00,508.5,198.25
2022-03-07 07:00:00+00:00,511.25,215.5
2022-03-07 08:00:00+00:00,569.25,189.0
2022-03-07 09:00:00+00:00,553.0,270.0
2022-03-07 10:00:00+00:00,600.5,319.5
2022-03-07 11:00:00+00:00,578.75,353.5
2022-03-07 12:00:00+00:00,549.25,394.25
2022-03-07 13:00:00+00:00,653.75,443.25
2022-03-07 14:00:00+00:00,1050.5,573.5
2022-03-07 15:00:00+00:00,1350.0,659.5
2022-03-07 16:00:00+00:00,1475.25,651.5
2022-03-07 17:00:00+00:00,1519.25,596.5
2022-03-07 18:00:00+00:00,1518.25,739.0
2022-03-07 19:00:00+00:00,1473.25,986.0
2022-03-07 20:00:00+00:00,1463.75,1122.5
2022-03-07 21:00:00+00:00,1408.5,1217.0
2022-03-07 22:00:00+00:00,1383.0,1241.25
2022-03-07 23:00:00+00:00,1533.5,1177.75
2022-03-08 00:00:00+00:00,1550.75,1134.0
2022-03-08 01:00:00+00:00,1617.5,1186.0
2022-03-08 02:00:00+00:00,1657.25,1079.0
2022-03-08 03:00:00+00:00,1654.75,979.75
2022-03-08 04:00:00+00:00,1636.75,958.75
2022-03-08 05:00:00+00:00,1573.0,1063.75
2022-03-08 06:00:00+00:00,1358.25,1105.5
2022-03-08 07:00:00+00:00,1416.0,1087.5
2022-03-08 08:00:00+00:00,1481.0,1023.0
2022-03-08 09:00:00+00:00,1442.75,1027.0
2022-03-08 10:00:00+00:00,1285.25,1192.75
2022-03-08 11:00:00+00:00,1103.0,1274.75
2022-03-08 12:00:00+00:00,940.5,1234.0
2022-03-08 13:00:00+00:00,977.25,1155.75
2022-03-08 14:00:00+00:00,1009.0,1083.0
2022-03-08 15:00:00+00:00,890.5,1015.25
2022-03-08 16:00:00+00:00,1050.75,982.0
2022-03-08 17:00:00+00:00,1331.75,938.75
2022-03-08 18:00:00+00:00,1378.75,899.25
2022-03-08 19:00:00+00:00,1281.75,921.0
2022-03-08 20:00:00+00:00,1154.75,1010.5
2022-03-08 21:00:00+00:00,1338.5,1014.0
2022-03-08 22:00:00+00:00,1307.75,978.25
2022-03-08 23:00:00+00:00,1139.25,1042.0
2022-03-09 00:00:00+00:00,947.25,1090.0
2022-03-09 01:00:00+00:00,743.5,1109.5
2022-03-09 02:00:00+00:00,812.5,980.0
2022-03-09 03:00:00+00:00,819.75,867.25
2022-03-09 04:00:00+00:00,773.5,791.5
2022-03-09 05:00:00+00:00,635.5,729.75
2022-03-09 06:00:00+00:00,543.25,698.75
2022-03-09 07:00:00+00:00,532.5,611.0
2022-03-09 08:00:00+00:00,533.0,470.5
2022-03-09 09:00:00+00:00,394.25,346.5
2022-03-09 10:00:00+00:00,322.5,319.75
2022-03-09 11:00:00+00:00,372.5,351.0
2022-03-09 12:00:00+00:00,499.25,375.25
2022-03-09 13:00:00+00:00,553.75,357.25
2022-03-09 14:00:00+00:00,629.0,313.75
2022-03-09 15:00:00+00:00,700.25,278.75
2022-03-09 16:00:00+00:00,762.25,295.75
2022-03-09 17:00:00+00:00,829.25,456.75
2022-03-09 18:00:00+00:00,859.75,713.0
2022-03-09 19:00:00+00:00,805.5,788.25
2022-03-09 20:00:00+00:00,790.5,748.25
2022-03-09 21:00:00+00:00,824.0,716.25
2022-03-09 22:00:00+00:00,870.0,773.75
2022-03-09 23:00:00+00:00,733.75,675.0
2022-03-10 00:00:00+00:00,723.25,534.75
2022-03-10 01:00:00+00:00,767.75,581.5
2022-03-10 02:00:00+00:00,657.0,574.75
2022-03-10 03:00:00+00:00,494.0,493.5
2022-03-10 04:00:00+00:00,376.0,463.0
2022-03-10 05:00:00+00:00,412.0,488.75
2022-03-10 06:00:00+00:00,409.0,514.75
2022-03-10 07:00:00+00:00,423.5,543.75
2022-03-10 08:00:00+00:00,491.25,491.75
2022-03-10 09:00:00+00:00,468.0,367.25
2022-03-10 10:00:00+00:00,560.0,298.25
2022-03-10 11:00:00+00:00,571.0,334.25
2022-03-10 12:00:00+00:00,752.75,504.5
2022-03-10 13:00:00+00:00,850.75,616.5
2022-03-10 14:00:00+00:00,851.75,630.5
2022-03-10 15:00:00+00:00,793.0,630.0
2022-03-10 16:00:00+00:00,839.25,774.75
2022-03-10 17:00:00+00:00,1054.5,873.25
2022-03-10 18:00:00+00:00,1168.25,978.75
2022-03-10 19:00:00+00:00,1222.75,1232.75
2022-03-10 20:00:00+00:00,1195.75,1496.0
2022-03-10 21:00:00+00:00,1197.25,1589.0
2022-03-10 22:00:00+00:00,1349.75,1607.5
2022-03-10 23:00:00+00:00,1359.5,1612.5
2022-03-11 00:00:00+00:00,1795.75,1680.0
2022-03-11 01:00:00+00:00,1899.5,1696.75
2022-03-11 02:00:00+00:00,1769.0,1766.25
2022-03-11 03:00:00+00:00,2080.0,1792.5
2022-03-11 04:00:00+00:00,2020.75,1773.75
2022-03-11 05:00:00+00:00,2104.5,1804.5
2022-03-11 06:00:00+00:00,2132.25,1568.5
2022-03-11 07:00:00+00:00,2117.75,1418.75
2022-03-11 08:00:00+00:00,2001.5,1385.75
2022-03-11 09:00:00+00:00,1938.5,1321.75
2022-03-11 10:00:00+00:00,1974.5,1291.75
2022-03-11 11:00:00+00:00,1980.75,1430.25
2022-03-11 12:00:00+00:00,1983.5,1551.0
2022-03-11 13:00:00+00:00,2020.75,1632.5
2022-03-11 14:00:00+00:00,2057.0,1715.0
2022-03-11 15:00:00+00:00,2200.5,1673.0
2022-03-11 16:00:00+00:00,2170.25,1652.5
2022-03-11 17:00:00+00:00,2278.5,1711.0
2022-03-11 18:00:00+00:00,2257.5,1683.75
2022-03-11 19:00:00+00:00,2245.5,1617.25
2022-03-11 20:00:00+00:00,2160.0,1711.0
2022-03-11 21:00:00+00:00,2191.0,1710.75
2022-03-11 22:00:00+00:00,2191.0,1640.0
2022-03-11 23:00:00+00:00,2220.25,1636.5
2022-03-12 00:00:00+00:00,2220.75,1717.0
2022-03-12 01:00:00+00:00,2255.0,1760.75
2022-03-12 02:00:00+00:00,2239.25,1738.5
2022-03-12 03:00:00+00:00,2254.5,1688.25
2022-03-12 04:00:00+00:00,2238.0,1594.0
2022-03-12 05:00:00+00:00,2204.0,1578.0
2022-03-12 06:00:00+00:00,2124.75,1514.75
2022-03-12 07:00:00+00:00,2043.5,1409.0
2022-03-12 08:00:00+00:00,1776.5,1315.0
2022-03-12 09:00:00+00:00,1704.75,1361.5
2022-03-12 10:00:00+00:00,1502.0,1273.25
2022-03-12 11:00:00+00:00,1266.0,1024.0
2022-03-12 12:00:00+00:00,968.75,866.0
2022-03-12 13:00:00+00:00,628.5,674.0
2022-03-12 14:00:00+00:00,577.5,479.75
2022-03-12 15:00:00+00:00,728.25,363.0
2022-03-12 16:00:00+00:00,953.75,414.75
2022-03-12 17:00:00+00:00,816.25,645.0
2022-03-12 18:00:00+00:00,748.5,951.75
2022-03-12 19:00:00+00:00,930.0,1168.0
2022-03-12 20:00:00+00:00,1396.0,1174.5
2022-03-12 21:00:00+00:00,1879.75,1318.0
2022-03-12 22:00:00+00:00,1907.5,1343.75
2022-03-12 23:00:00+00:00,1872.25,1353.5
2022-03-13 00:00:00+00:00,1841.25,1276.5
2022-03-13 01:00:00+00:00,1940.25,1312.25
2022-03-13 02:00:00+00:00,2083.5,1174.75
2022-03-13 03:00:00+00:00,2093.75,1058.5
2022-03-13 04:00:00+00:00,1972.0,1070.25
2022-03-13 05:00:00+00:00,1753.5,1103.5
2022-03-13 06:00:00+00:00,1751.5,1194.25
2022-03-13 07:00:00+00:00,1819.75,1123.5
2022-03-13 08:00:00+00:00,1820.0,920.0
2022-03-13 09:00:00+00:00,1584.25,865.5
2022-03-13 10:00:00+00:00,1294.0,797.5
2022-03-13 11:00:00+00:00,1043.25,807.75
2022-03-13 12:00:00+00:00,790.75,824.0
2022-03-13 13:00:00+00:00,878.5,898.25
2022-03-13 14:00:00+00:00,754.75,1002.0
2022-03-13 15:00:00+00:00,845.25,925.0
2022-03-13 16:00:00+00:00,934.25,835.75
2022-03-13 17:00:00+00:00,1205.5,867.75
2022-03-13 18:00:00+00:00,1322.5,955.75
2022-03-13 19:00:00+00:00,1287.5,1130.25
2022-03-13 20:00:00+00:00,1282.5,1143.5
2022-03-13 21:00:00+00:00,1200.75,875.5
2022-03-13 22:00:00+00:00,1023.25,833.0
2022-03-13 23:00:00+00:00,925.25,739.75
2022-03-14 00:00:00+00:00,904.0,586.0
2022-03-14 01:00:00+00:00,526.25,589.0
2022-03-14 02:00:00+00:00,327.0,613.75
2022-03-14 03:00:00+00:00,386.25,730.0
2022-03-14 04:00:00+00:00,336.75,744.25
2022-03-14 05:00:00+00:00,244.0,577.5
2022-03-14 06:00:00+00:00,245.5,638.75
2022-03-14 07:00:00+00:00,279.25,757.5
2022-03-14 08:00:00+00:00,263.0,574.5
2022-03-14 09:00:00+00:00,239.5,547.75
2022-03-14 10:00:00+00:00,218.0,670.25
2022-03-14 11:00:00+00:00,224.75,715.0
2022-03-14 12:00:00+00:00,278.0,707.5
2022-03-14 13:00:00+00:00,217.25,789.0
2022-03-14 14:00:00+00:00,245.25,646.75
2022-03-14 15:00:00+00:00,357.25,518.75
2022-03-14 16:00:00+00:00,310.0,354.25
2022-03-14 17:00:00+00:00,202.25,338.0
2022-03-14 18:00:00+00:00,240.75,282.5
2022-03-14 19:00:00+00:00,217.25,213.0
2022-03-14 20:00:00+00:00,256.0,147.0
2022-03-14 21:00:00+00:00,182.25,126.25
2022-03-14 22:00:00+00:00,160.25,142.25
2022-03-14 23:00:00+00:00,165.0,154.0
2022-03-15 00:00:00+00:00,122.0,199.5
2022-03-15 01:00:00+00:00,100.25,205.75
2022-03-15 02:00:00+00:00,115.5,177.5
2022-03-15 03:00:00+00:00,125.25,173.25
2022-03-15 04:00:00+00:00,156.75,170.25
2022-03-15 05:00:00+00:00,106.5,159.75
2022-03-15 06:00:00+00:00,129.0,172.75
2022-03-15 07:00:00+00:00,207.25,157.75
2022-03-15 08:00:00+00:00,120.5,115.25
2022-03-15 09:00:00+00:00,53.25,92.25
2022-03-15 10:00:00+00:00,76.25,99.25
2022-03-15 11:00:00+00:00,90.0,94.0
2022-03-15 12:00:00+00:00,35.0,93.25
2022-03-15 13:00:00+00:00,24.25,93.5
2022-03-15 14:00:00+00:00,104.75,114.75
2022-03-15 15:00:00+00:00,103.0,140.0
2022-03-15 16:00:00+00:00,74.75,140.5
2022-03-15 17:00:00+00:00,83.75,191.25
2022-03-15 18:00:00+00:00,141.5,266.25
2022-03-15 19:00:00+00:00,249.5,312.25
2022-03-15 20:00:00+00:00,435.5,337.25
2022-03-15 21:00:00+00:00,553.25,403.75
2022-03-15 22:00:00+00:00,513.5,432.75
2022-03-15 23:00:00+00:00,377.75,384.5
2022-03-16 00:00:00+00:00,382.25,337.0
2022-03-16 01:00:00+00:00,467.25,342.25
2022-03-16 02:00:00+00:00,489.0,325.0
2022-03-16 03:00:00+00:00,605.75,378.5
2022-03-16 04:00:00+00:00,842.25,491.5
2022-03-16 05:00:00+00:00,701.75,664.25
2022-03-16 06:00:00+00:00,515.75,803.75
2022-03-16 07:00:00+00:00,493.75,871.75
2022-03-16 08:00:00+00:00,578.25,802.25
2022-03-16 09:00:00+00:00,568.0,754.75
2022-03-16 10:00:00+00:00,439.5,807.75
2022-03-16 11:00:00+00:00,458.5,875.75
2022-03-16 12:00:00+00:00,615.25,883.0
2022-03-16 13:00:00+00:00,1092.75,928.25
2022-03-16 14:00:00+00:00,1542.75,1043.0
2022-03-16 15:00:00+00:00,1689.5,1085.75
2022-03-16 16:00:00+00:00,1764.25,1056.25
2022-03-16 17:00:00+00:00,1721.5,1064.5
2022-03-16 18:00:00+00:00,1652.25,1125.25
2022-03-16 19:00:00+00:00,1468.5,1156.0
2022-03-16 20:00:00+00:00,1451.25,1270.25
2022-03-16 21:00:00+00:00,1631.5,1319.5
2022-03-16 22:00:00+00:00,1725.75,1350.25
2022-03-16 23:00:00+00:00,1567.5,1330.25
2022-03-17 00:00:00+00:00,2186.5,1372.5
2022-03-17 01:00:00+00:00,2186.75,1488.5
2022-03-17 02:00:00+00:00,2147.0,1507.75
2022-03-17 03:00:00+00:00,2154.0,1587.75
2022-03-17 04:00:00+00:00,2163.25,1524.0
2022-03-17 05:00:00+00:00,1979.25,1617.0
2022-03-17 06:00:00+00:00,1477.5,1595.25
2022-03-17 07:00:00+00:00,1096.25,1430.75
2022-03-17 08:00:00+00:00,947.25,1136.75
2022-03-17 09:00:00+00:00,931.0,974.75
2022-03-17 10:00:00+00:00,802.0,932.75
2022-03-17 11:00:00+00:00,665.25,944.75
2022-03-17 12:00:00+00:00,543.5,769.75
2022-03-17 13:00:00+00:00,402.5,547.0
2022-03-17 14:00:00+00:00,331.75,405.75
2022-03-17 15:00:00+00:00,314.0,333.75
2022-03-17 16:00:00+00:00,329.5,293.5
2022-03-17 17:00:00+00:00,319.5,223.25
2022-03-17 18:00:00+00:00,442.5,198.0
2022-03-17 19:00:00+00:00,417.25,225.5
2022-03-17 20:00:00+00:00,420.0,238.75
2022-03-17 21:00:00+00:00,397.0,242.25
2022-03-17 22:00:00+00:00,400.5,250.0
2022-03-17 23:00:00+00:00,422.0,310.75
2022-03-18 00:00:00+00:00,365.0,319.0
2022-03-18 01:00:00+00:00,297.0,304.0
2022-03-18 02:00:00+00:00,200.25,298.75
2022-03-18 03:00:00+00:00,138.25,291.75
2022-03-18 04:00:00+00:00,123.0,205.75
2022-03-18 05:00:00+00:00,65.25,142.75
2022-03-18 06:00:00+00:00,48.75,114.75
2022-03-18 07:00:00+00:00,104.5,115.0
2022-03-18 08:00:00+00:00,108.75,104.25
2022-03-18 09:00:00+00:00,82.0,91.75
2022-03-18 10:00:00+00:00,77.0,90.5
2022-03-18 11:00:00+00:00,80.25,114.75
2022-03-18 12:00:00+00:00,129.75,190.25
2022-03-18 13:00:00+00:00,118.25,324.75
2022-03-18 14:00:00+00:00,166.5,442.0
2022-03-18 15:00:00+00:00,435.75,487.5
2022-03-18 16:00:00+00:00,969.75,575.0
2022-03-18 17:00:00+00:00,1399.25,675.75
2022-03-18 18:00:00+00:00,1514.75,950.25
2022-03-18 19:00:00+00:00,1531.5,1166.75
2022-03-18 20:00:00+00:00,1681.5,1323.75
2022-03-18 21:00:00+00:00,1664.25,1379.25
2022-03-18 22:00:00+00:00,1625.0,1300.5
2022-03-18 23:00:00+00:00,1673.25,1301.0
2022-03-19 00:00:00+00:00,1697.5,1308.5
2022-03-19 01:00:00+00:00,1574.5,1350.0
2022-03-19 02:00:00+00:00,1597.5,1270.5
2022-03-19 03:00:00+00:00,1524.5,1238.25
2022-03-19 04:00:00+00:00,1491.75,1225.75
2022-03-19 05:00:00+00:00,1540.75,1221.5
2022-03-19 06:00:00+00:00,1553.0,1273.75
2022-03-19 07:00:00+00:00,1522.5,1090.5
2022-03-19 08:00:00+00:00,1495.0,1025.75
2022-03-19 09:00:00+00:00,1327.0,1179.5
2022-03-19 10:00:00+00:00,1048.25,1229.25
2022-03-19 11:00:00+00:00,270.0,1080.5
2022-03-19 12:00:00+00:00,349.75,1168.0
2022-03-19 13:00:00+00:00,513.5,1238.5
2022-03-19 14:00:00+00:00,1239.75,1373.0
2022-03-19 15:00:00+00:00,1700.5,1717.5
2022-03-19 16:00:00+00:00,1896.75,1819.25
2022-03-19 17:00:00+00:00,2152.0,1790.25
2022-03-19 18:00:00+00:00,2202.75,1726.5
2022-03-19 19:00:00+00:00,2216.25,1748.0
2022-03-19 20:00:00+00:00,2224.0,1766.25
2022-03-19 21:00:00+00:00,2207.75,1751.25
2022-03-19 22:00:00+00:00,2153.0,1801.0
2022-03-19 23:00:00+00:00,1941.0,1781.25
2022-03-20 00:00:00+00:00,1802.0,1693.0
2022-03-20 01:00:00+00:00,1796.75,1678.25
2022-03-20 02:00:00+00:00,1815.0,1675.5
2022-03-20 03:00:00+00:00,1924.5,1622.25
2022-03-20 04:00:00+00:00,2008.75,1603.75
2022-03-20 05:00:00+00:00,1791.75,1507.75
2022-03-20 06:00:00+00:00,1637.25,1371.5
2022-03-20 07:00:00+00:00,1504.5,1294.25
2022-03-20 08:00:00+00:00,1235.75,1360.75
2022-03-20 09:00:00+00:00,940.25,1048.0
2022-03-20 10:00:00+00:00,703.5,771.5
2022-03-20 11:00:00+00:00,618.0,693.0
2022-03-20 12:00:00+00:00,661.0,642.5
2022-03-20 13:00:00+00:00,612.5,688.5
2022-03-20 14:00:00+00:00,612.25,928.25
2022-03-20 15:00:00+00:00,596.75,779.75
2022-03-20 16:00:00+00:00,421.0,602.25
2022-03-20 17:00:00+00:00,400.0,462.75
2022-03-20 18:00:00+00:00,593.0,466.0
2022-03-20 19:00:00+00:00,247.25,492.5
2022-03-20 20:00:00+00:00,236.0,512.5
2022-03-20 21:00:00+00:00,213.25,418.75
2022-03-20 22:00:00+00:00,221.0,370.75
2022-03-20 23:00:00+00:00,258.0,452.75
2022-03-21 00:00:00+00:00,200.0,495.75
2022-03-21 01:00:00+00:00,239.5,526.5
2022-03-21 02:00:00+00:00,377.25,498.0
2022-03-21 03:00:00+00:00,417.5,484.25
2022-03-21 04:00:00+00:00,369.0,497.0
2022-03-21 05:00:00+00:00,313.0,446.0
2022-03-21 06:00:00+00:00,267.25,384.0
2022-03-21 07:00:00+00:00,302.0,331.0
2022-03-21 08:00:00+00:00,267.0,226.75
2022-03-21 09:00:00+00:00,203.75,149.25
2022-03-21 10:00:00+00:00,114.75,125.0
2022-03-21 11:00:00+00:00,51.75,101.0
2022-03-21 12:00:00+00:00,13.5,86.25
2022-03-21 13:00:00+00:00,3.0,84.75
2022-03-21 14:00:00+00:00,2.5,93.0
2022-03-21 15:00:00+00:00,18.25,106.0
2022-03-21 16:00:00+00:00,54.0,118.0
2022-03-21 17:00:00+00:00,140.5,139.5
2022-03-21 18:00:00+00:00,245.5,227.0
2022-03-21 19:00:00+00:00,289.0,330.0
2022-03-21 20:00:00+00:00,392.5,370.5
2022-03-21 21:00:00+00:00,352.0,379.5
2022-03-21 22:00:00+00:00,344.25,392.75
2022-03-21 23:00:00+00:00,371.25,409.75
2022-03-22 00:00:00+00:00,280.5,360.75
2022-03-22 01:00:00+00:00,161.25,309.5
2022-03-22 02:00:00+00:00,113.75,248.5
2022-03-22 03:00:00+00:00,49.0,193.0
2022-03-22 04:00:00+00:00,18.75,203.25
2022-03-22 05:00:00+00:00,26.0,222.25
2022-03-22 06:00:00+00:00,63.25,210.25
2022-03-22 07:00:00+00:00,57.5,178.5
2022-03-22 08:00:00+00:00,47.25,123.5
2022-03-22 09:00:00+00:00,23.0,88.0
2022-03-22 10:00:00+00:00,7.0,85.25
2022-03-22 11:00:00+00:00,1.75,84.75
2022-03-22 12:00:00+00:00,1.5,76.5
2022-03-22 13:00:00+00:00,2.0,74.75
2022-03-22 14:00:00+00:00,27.75,93.75
2022-03-22 15:00:00+00:00,91.5,120.25
2022-03-22 16:00:00+00:00,147.0,150.0
2022-03-22 17:00:00+00:00,229.0,194.5
2022-03-22 18:00:00+00:00,304.75,246.75
2022-03-22 19:00:00+00:00,422.0,318.75
2022-03-22 20:00:00+00:00,556.5,258.5
2022-03-22 21:00:00+00:00,668.0,269.25
2022-03-22 22:00:00+00:00,352.5,274.5
2022-03-22 23:00:00+00:00,223.25,264.5
2022-03-23 00:00:00+00:00,106.0,228.25
2022-03-23 01:00:00+00:00,51.25,175.25
2022-03-23 02:00:00+00:00,35.75,150.0
2022-03-23 03:00:00+00:00,45.25,158.75
2022-03-23 04:00:00+00:00,73.75,153.25
2022-03-23 05:00:00+00:00,80.75,134.5
2022-03-23 06:00:00+00:00,86.75,117.0
2022-03-23 07:00:00+00:00,94.25,118.25
2022-03-23 08:00:00+00:00,83.25,114.5
2022-03-23 09:00:00+00:00,71.5,97.75
2022-03-23 10:00:00+00:00,35.25,101.25
2022-03-23 11:00:00+00:00,21.75,93.75
2022-03-23 12:00:00+00:00,9.5,92.0
2022-03-23 13:00:00+00:00,4.0,94.75
2022-03-23 14:00:00+00:00,7.0,97.75
2022-03-23 15:00:00+00:00,19.25,130.75
2022-03-23 16:00:00+00:00,46.5,192.5
2022-03-23 17:00:00+00:00,64.25,241.0
2022-03-23 18:00:00+00:00,72.25,293.5
2022-03-23 19:00:00+00:00,75.25,324.25
2022-03-23 20:00:00+00:00,55.25,287.75
2022-03-23 21:00:00+00:00,57.5,256.0
2022-03-23 22:00:00+00:00,45.25,209.75
2022-03-23 23:00:00+00:00,32.75,148.25
2022-03-24 00:00:00+00:00,25.5,105.75
2022-03-24 01:00:00+00:00,15.75,85.75
2022-03-24 02:00:00+00:00,5.0,84.0
2022-03-24 03:00:00+00:00,1.0,82.25
2022-03-24 04:00:00+00:00,2.0,81.75
2022-03-24 05:00:00+00:00,3.0,83.5
2022-03-24 06:00:00+00:00,2.25,81.75
2022-03-24 07:00:00+00:00,9.75,82.0
2022-03-24 08:00:00+00:00,9.25,82.0
2022-03-24 09:00:00+00:00,1.5,78.5
2022-03-24 10:00:00+00:00,0.0,85.5
2022-03-24 11:00:00+00:00,0.0,94.75
2022-03-24 12:00:00+00:00,0.25,106.75
2022-03-24 13:00:00+00:00,2.5,144.0
2022-03-24 14:00:00+00:00,8.0,189.5
2022-03-24 15:00:00+00:00,21.0,264.75
2022-03-24 16:00:00+00:00,39.75,293.5
2022-03-24 17:00:00+00:00,40.25,308.75
2022-03-24 18:00:00+00:00,41.0,318.75
2022-03-24 19:00:00+00:00,77.75,331.5
2022-03-24 20:00:00+00:00,85.5,295.25
2022-03-24 21:00:00+00:00,112.5,293.25
2022-03-24 22:00:00+00:00,129.0,298.0
2022-03-24 23:00:00+00:00,157.5,303.0
2022-03-25 00:00:00+00:00,140.25,271.25
2022-03-25 01:00:00+00:00,134.25,264.0
2022-03-25 02:00:00+00:00,117.5,250.25
2022-03-25 03:00:00+00:00,69.0,220.5
2022-03-25 04:00:00+00:00,52.75,212.75
2022-03-25 05:00:00+00:00,35.0,211.0
2022-03-25 06:00:00+00:00,26.5,211.25
2022-03-25 07:00:00+00:00,25.25,208.5
2022-03-25 08:00:00+00:00,67.0,147.75
2022-03-25 09:00:00+00:00,90.5,145.0
2022-03-25 10:00:00+00:00,118.0,161.5
2022-03-25 11:00:00+00:00,128.5,198.75
2022-03-25 12:00:00+00:00,181.5,231.75
2022-03-25 13:00:00+00:00,279.5,266.25
2022-03-25 14:00:00+00:00,456.75,291.25
2022-03-25 15:00:00+00:00,631.25,323.75
2022-03-25 16:00:00+00:00,664.75,319.75
2022-03-25 17:00:00+00:00,664.5,357.25
2022-03-25 18:00:00+00:00,720.0,461.75
2022-03-25 19:00:00+00:00,769.5,537.75
2022-03-25 20:00:00+00:00,848.75,510.5
2022-03-25 21:00:00+00:00,834.25,470.0
2022-03-25 22:00:00+00:00,743.25,423.0
2022-03-25 23:00:00+00:00,689.0,382.5
2022-03-26 00:00:00+00:00,470.5,325.25
2022-03-26 01:00:00+00:00,312.5,277.0
2022-03-26 02:00:00+00:00,284.75,291.5
2022-03-26 03:00:00+00:00,320.75,266.25
2022-03-26 04:00:00+00:00,341.75,232.25
2022-03-26 05:00:00+00:00,314.75,202.25
2022-03-26 06:00:00+00:00,320.0,184.0
2022-03-26 07:00:00+00:00,239.75,155.75
2022-03-26 08:00:00+00:00,153.25,120.5
2022-03-26 09:00:00+00:00,183.25,121.75
2022-03-26 10:00:00+00:00,218.0,182.0
2022-03-26 11:00:00+00:00,359.5,231.75
2022-03-26 12:00:00+00:00,327.5,257.25
2022-03-26 13:00:00+00:00,307.5,347.75
2022-03-26 14:00:00+00:00,363.25,411.0
2022-03-26 15:00:00+00:00,577.75,501.5
2022-03-26 16:00:00+00:00,760.75,567.5
2022-03-26 17:00:00+00:00,916.5,612.5
2022-03-26 18:00:00+00:00,1194.75,725.0
2022-03-26 19:00:00+00:00,1474.5,730.25
2022-03-26 20:00:00+00:00,1477.75,633.75
2022-03-26 21:00:00+00:00,1299.25,437.25
2022-03-26 22:00:00+00:00,865.5,348.0
2022-03-26 23:00:00+00:00,551.0,268.5
2022-03-27 00:00:00+00:00,476.5,240.25
2022-03-27 01:00:00+00:00,437.0,229.5
2022-03-27 02:00:00+00:00,357.5,203.0
2022-03-27 03:00:00+00:00,319.5,215.25
2022-03-27 04:00:00+00:00,279.5,202.5
2022-03-27 05:00:00+00:00,293.5,203.75
2022-03-27 06:00:00+00:00,253.75,190.75
2022-03-27 07:00:00+00:00,183.0,175.25
2022-03-27 08:00:00+00:00,99.75,139.5
2022-03-27 09:00:00+00:00,148.75,128.5
2022-03-27 10:00:00+00:00,174.75,120.75
2022-03-27 11:00:00+00:00,165.75,137.0
2022-03-27 12:00:00+00:00,158.5,178.5
2022-03-27 13:00:00+00:00,169.25,267.25
2022-03-27 14:00:00+00:00,229.75,330.0
2022-03-27 15:00:00+00:00,363.5,365.75
2022-03-27 16:00:00+00:00,422.0,353.5
2022-03-27 17:00:00+00:00,557.5,326.0
2022-03-27 18:00:00+00:00,606.25,348.5
2022-03-27 19:00:00+00:00,521.0,438.75
2022-03-27 20:00:00+00:00,575.5,444.0
2022-03-27 21:00:00+00:00,316.75,371.75
2022-03-27 22:00:00+00:00,212.0,296.25
2022-03-27 23:00:00+00:00,135.25,240.0
2022-03-28 00:00:00+00:00,65.75,180.0
2022-03-28 01:00:00+00:00,49.0,150.75
2022-03-28 02:00:00+00:00,35.5,133.25
2022-03-28 03:00:00+00:00,29.5,122.75
2022-03-28 04:00:00+00:00,20.5,105.0
2022-03-28 05:00:00+00:00,12.75,100.0
2022-03-28 06:00:00+00:00,8.25,88.0
2022-03-28 07:00:00+00:00,1.75,79.75
2022-03-28 08:00:00+00:00,0.0,73.75
2022-03-28 09:00:00+00:00,3.0,71.25
2022-03-28 10:00:00+00:00,20.75,72.75
2022-03-28 11:00:00+00:00,32.25,77.5
2022-03-28 12:00:00+00:00,46.5,82.0
2022-03-28 13:00:00+00:00,54.25,85.5
2022-03-28 14:00:00+00:00,42.25,88.25
2022-03-28 15:00:00+00:00,68.0,110.5
2022-03-28 16:00:00+00:00,108.0,124.0
2022-03-28 17:00:00+00:00,137.75,136.0
2022-03-28 18:00:00+00:00,120.0,188.0
2022-03-28 19:00:00+00:00,133.75,200.75
2022-03-28 20:00:00+00:00,179.5,205.0
2022-03-28 21:00:00+00:00,201.25,199.25
2022-03-28 22:00:00+00:00,89.25,155.25
2022-03-28 23:00:00+00:00,123.5,125.75
2022-03-29 00:00:00+00:00,150.75,105.5
2022-03-29 01:00:00+00:00,68.25,118.25
2022-03-29 02:00:00+00:00,82.25,153.75
2022-03-29 03:00:00+00:00,62.25,148.0
2022-03-29 04:00:00+00:00,122.0,122.0
2022-03-29 05:00:00+00:00,173.0,116.25
2022-03-29 06:00:00+00:00,234.5,132.25
2022-03-29 07:00:00+00:00,227.0,148.75
2022-03-29 08:00:00+00:00,210.0,177.0
2022-03-29 09:00:00+00:00,235.0,191.0
2022-03-29 10:00:00+00:00,189.25,179.75
2022-03-29 11:00:00+00:00,214.0,178.0
2022-03-29 12:00:00+00:00,221.25,202.75
2022-03-29 13:00:00+00:00,167.0,239.0
2022-03-29 14:00:00+00:00,141.75,270.5
2022-03-29 15:00:00+00:00,187.75,298.75
2022-03-29 16:00:00+00:00,318.0,282.25
2022-03-29 17:00:00+00:00,369.5,300.5
2022-03-29 18:00:00+00:00,418.5,318.75
2022-03-29 19:00:00+00:00,525.75,401.5
2022-03-29 20:00:00+00:00,615.75,445.75
2022-03-29 21:00:00+00:00,852.5,419.5
2022-03-29 22:00:00+00:00,808.25,355.25
2022-03-29 23:00:00+00:00,656.0,265.75
2022-03-30 00:00:00+00:00,516.25,216.5
2022-03-30 01:00:00+00:00,471.5,272.75
2022-03-30 02:00:00+00:00,398.25,300.75
2022-03-30 03:00:00+00:00,449.75,303.0
2022-03-30 04:00:00+00:00,580.75,312.0
2022-03-30 05:00:00+00:00,565.75,326.75
2022-03-30 06:00:00+00:00,661.75,325.25
2022-03-30 07:00:00+00:00,590.5,288.5
2022-03-30 08:00:00+00:00,539.75,281.5
2022-03-30 09:00:00+00:00,259.5,290.0
2022-03-30 10:00:00+00:00,141.75,219.25
2022-03-30 11:00:00+00:00,106.25,199.5
2022-03-30 12:00:00+00:00,57.75,220.75
2022-03-30 13:00:00+00:00,54.5,226.25
2022-03-30 14:00:00+00:00,74.75,315.25
2022-03-30 15:00:00+00:00,132.25,358.25
2022-03-30 16:00:00+00:00,267.5,440.75
2022-03-30 17:00:00+00:00,304.25,605.5
2022-03-30 18:00:00+00:00,387.5,730.5
2022-03-30 19:00:00+00:00,417.0,810.0
2022-03-30 20:00:00+00:00,765.75,781.75
2022-03-30 21:00:00+00:00,1560.25,713.75
2022-03-30 22:00:00+00:00,1814.5,669.0
2022-03-30 23:00:00+00:00,1960.75,744.25
2022-03-31 00:00:00+00:00,1907.75,788.0
2022-03-31 01:00:00+00:00,1723.75,765.5
2022-03-31 02:00:00+00:00,1585.0,711.75
2022-03-31 03:00:00+00:00,1797.25,754.75
2022-03-31 04:00:00+00:00,1742.25,686.25
2022-03-31 05:00:00+00:00,1734.75,710.0
2022-03-31 06:00:00+00:00,1662.0,570.25
2022-03-31 07:00:00+00:00,1771.75,541.5
2022-03-31 08:00:00+00:00,1465.0,617.5
2022-03-31 09:00:00+00:00,1191.25,712.0
2022-03-31 10:00:00+00:00,1298.25,793.25
2022-03-31 11:00:00+00:00,1975.0,924.0
2022-03-31 12:00:00+00:00,2267.25,1013.5
2022-03-31 13:00:00+00:00,2270.0,1121.5
2022-03-31 14:00:00+00:00,2267.25,1362.5
2022-03-31 15:00:00+00:00,2264.25,1476.0
2022-03-31 16:00:00+00:00,2256.25,1545.5
2022-03-31 17:00:00+00:00,2262.0,1664.75
2022-03-31 18:00:00+00:00,2251.5,1637.0
2022-03-31 19:00:00+00:00,2130.5,1672.5
2022-03-31 20:00:00+00:00,2073.0,1695.0
2022-03-31 21:00:00+00:00,2231.75,1768.25
2022-03-31 22:00:00+00:00,2260.25,1805.5
2022-03-31 23:00:00+00:00,2262.25,1846.5
2022-04-01 00:00:00+00:00,2261.25,1736.0
2022-04-01 01:00:00+00:00,2259.25,1683.0
2022-04-01 02:00:00+00:00,2258.0,1637.25
2022-04-01 03:00:00+00:00,2245.0,1491.5
2022-04-01 04:00:00+00:00,2240.75,1382.25
2022-04-01 05:00:00+00:00,2254.25,1313.0
2022-04-01 06:00:00+00:00,2271.0,1298.0
2022-04-01 07:00:00+00:00,2269.75,1392.0
2022-04-01 08:00:00+00:00,2267.75,1468.75
2022-04-01 09:00:00+00:00,2253.25,1574.5
2022-04-01 10:00:00+00:00,2262.25,1614.75
2022-04-01 11:00:00+00:00,2244.75,1716.25
2022-04-01 12:00:00+00:00,2222.25,1733.25
2022-04-01 13:00:00+00:00,2217.0,1797.5
2022-04-01 14:00:00+00:00,2204.0,1758.25
2022-04-01 15:00:00+00:00,2229.0,2011.0
2022-04-01 16:00:00+00:00,2242.75,1954.25
2022-04-01 17:00:00+00:00,2236.5,1857.0
2022-04-01 18:00:00+00:00,2203.25,1776.75
2022-04-01 19:00:00+00:00,2217.25,1658.5
2022-04-01 20:00:00+00:00,2236.75,1624.5
2022-04-01 21:00:00+00:00,2232.75,1444.75
2022-04-01 22:00:00+00:00,2135.5,1220.25
2022-04-01 23:00:00+00:00,1784.5,1118.25
2022-04-02 00:00:00+00:00,1706.25,982.25
2022-04-02 01:00:00+00:00,1709.75,828.75
2022-04-02 02:00:00+00:00,1511.75,789.25
2022-04-02 03:00:00+00:00,1535.5,855.5
2022-04-02 04:00:00+00:00,1457.25,877.75
2022-04-02 05:00:00+00:00,1392.5,988.5
2022-04-02 06:00:00+00:00,1040.75,891.25
2022-04-02 07:00:00+00:00,1285.25,818.25
2022-04-02 08:00:00+00:00,861.5,994.0
2022-04-02 09:00:00+00:00,1183.5,1298.75
2022-04-02 10:00:00+00:00,971.75,1212.25
2022-04-02 11:00:00+00:00,1381.75,1121.75
2022-04-02 12:00:00+00:00,1491.0,1192.5
2022-04-02 13:00:00+00:00,1614.5,1201.25
2022-04-02 14:00:00+00:00,1693.0,1226.75
2022-04-02 15:00:00+00:00,1657.75,1245.5
2022-04-02 16:00:00+00:00,1542.75,1238.0
2022-04-02 17:00:00+00:00,1484.5,1096.0
2022-04-02 18:00:00+00:00,1370.75,921.75
2022-04-02 19:00:00+00:00,1020.0,718.75
2022-04-02 20:00:00+00:00,898.75,465.0
2022-04-02 21:00:00+00:00,531.25,349.0
2022-04-02 22:00:00+00:00,478.5,229.5
2022-04-02 23:00:00+00:00,297.0,195.25
2022-04-03 00:00:00+00:00,218.75,141.5
2022-04-03 01:00:00+00:00,353.25,119.75
2022-04-03 02:00:00+00:00,315.5,121.0
2022-04-03 03:00:00+00:00,301.25,168.5
2022-04-03 04:00:00+00:00,157.0,209.0
2022-04-03 05:00:00+00:00,286.0,285.75
2022-04-03 06:00:00+00:00,170.5,277.75
2022-04-03 07:00:00+00:00,295.25,266.5
2022-04-03 08:00:00+00:00,321.25,314.75
2022-04-03 09:00:00+00:00,304.75,272.0
2022-04-03 10:00:00+00:00,348.5,249.0
2022-04-03 11:00:00+00:00,304.5,354.25
2022-04-03 12:00:00+00:00,391.5,369.5
2022-04-03 13:00:00+00:00,403.25,365.5
2022-04-03 14:00:00+00:00,371.75,450.0
2022-04-03 15:00:00+00:00,356.75,531.75
2022-04-03 16:00:00+00:00,372.5,560.0
2022-04-03 17:00:00+00:00,429.25,513.0
2022-04-03 18:00:00+00:00,460.0,499.25
2022-04-03 19:00:00+00:00,599.5,490.5
2022-04-03 20:00:00+00:00,963.5,626.0
2022-04-03 21:00:00+00:00,1385.0,870.5
2022-04-03 22:00:00+00:00,1556.0,1293.0
2022-04-03 23:00:00+00:00,1796.25,1557.5
2022-04-04 00:00:00+00:00,2128.0,1771.25
2022-04-04 01:00:00+00:00,2215.0,1917.0
2022-04-04 02:00:00+00:00,2215.75,2000.75
2022-04-04 03:00:00+00:00,1885.25,2090.75
2022-04-04 04:00:00+00:00,1671.0,2178.0
2022-04-04 05:00:00+00:00,1597.5,2220.0
2022-04-04 06:00:00+00:00,1590.75,2221.5
2022-04-04 07:00:00+00:00,1600.75,2241.5
2022-04-04 08:00:00+00:00,1600.5,2239.75
2022-04-04 09:00:00+00:00,1603.5,2230.75
2022-04-04 10:00:00+00:00,1602.25,2247.0
2022-04-04 11:00:00+00:00,1596.75,2242.5
2022-04-04 12:00:00+00:00,1601.75,2230.5
2022-04-04 13:00:00+00:00,1605.0,2202.25
2022-04-04 14:00:00+00:00,1476.75,2138.75
2022-04-04 15:00:00+00:00,1602.25,1877.25
2022-04-04 16:00:00+00:00,1595.5,1857.25
2022-04-04 17:00:00+00:00,1560.0,1698.5
2022-04-04 18:00:00+00:00,1530.25,1447.5
2022-04-04 19:00:00+00:00,1493.75,1382.0
2022-04-04 20:00:00+00:00,1483.25,1183.25
2022-04-04 21:00:00+00:00,1364.0,1115.5
2022-04-04 22:00:00+00:00,1356.25,1018.0
2022-04-04 23:00:00+00:00,1247.0,988.75
2022-04-05 00:00:00+00:00,1121.0,926.75
2022-04-05 01:00:00+00:00,1050.75,863.25
2022-04-05 02:00:00+00:00,1001.25,861.25
2022-04-05 03:00:00+00:00,939.5,834.75
2022-04-05 04:00:00+00:00,1062.25,747.5
2022-04-05 05:00:00+00:00,1072.75,661.0
2022-04-05 06:00:00+00:00,1023.75,692.0
2022-04-05 07:00:00+00:00,1019.75,853.5
2022-04-05 08:00:00+00:00,1015.0,986.5
2022-04-05 09:00:00+00:00,1035.75,1145.75
2022-04-05 10:00:00+00:00,970.0,1364.0
2022-04-05 11:00:00+00:00,950.25,1603.0
2022-04-05 12:00:00+00:00,878.75,1751.0
2022-04-05 13:00:00+00:00,837.0,1834.5
2022-04-05 14:00:00+00:00,735.5,1856.25
2022-04-05 15:00:00+00:00,590.25,1842.5
2022-04-05 16:00:00+00:00,634.75,1699.75
2022-04-05 17:00:00+00:00,971.75,1725.25
2022-04-05 18:00:00+00:00,1108.25,1569.5
2022-04-05 19:00:00+00:00,1207.75,1485.75
2022-04-05 20:00:00+00:00,1144.5,1428.75
2022-04-05 21:00:00+00:00,1145.0,1471.75
2022-04-05 22:00:00+00:00,1487.25,1606.25
2022-04-05 23:00:00+00:00,1544.75,1709.0
2022-04-06 00:00:00+00:00,1563.0,1746.0
2022-04-06 01:00:00+00:00,1580.5,1856.75
2022-04-06 02:00:00+00:00,1582.25,1925.75
2022-04-06 03:00:00+00:00,1583.5,2030.25
2022-04-06 04:00:00+00:00,1586.25,2069.5
2022-04-06 05:00:00+00:00,1588.75,2043.75
2022-04-06 06:00:00+00:00,1580.75,2062.25
2022-04-06 07:00:00+00:00,1504.25,2093.5
2022-04-06 08:00:00+00:00,1590.0,2067.75
2022-04-06 09:00:00+00:00,1593.75,2080.5
2022-04-06 10:00:00+00:00,1591.5,2117.5
2022-04-06 11:00:00+00:00,1589.5,2153.75
2022-04-06 12:00:00+00:00,1588.75,2157.0
2022-04-06 13:00:00+00:00,1581.25,2200.0
2022-04-06 14:00:00+00:00,1577.0,2240.75
2022-04-06 15:00:00+00:00,1581.75,2274.5
2022-04-06 16:00:00+00:00,1583.0,2260.0
2022-04-06 17:00:00+00:00,1578.25,2285.0
2022-04-06 18:00:00+00:00,1573.25,2276.25
2022-04-06 19:00:00+00:00,1573.5,2286.25
2022-04-06 20:00:00+00:00,1573.25,2273.5
2022-04-06 21:00:00+00:00,1577.25,2243.25
2022-04-06 22:00:00+00:00,1558.5,2239.25
2022-04-06 23:00:00+00:00,1572.25,2238.0
2022-04-07 00:00:00+00:00,1573.75,2251.5
2022-04-07 01:00:00+00:00,1573.0,2237.0
2022-04-07 02:00:00+00:00,1574.25,2233.25
2022-04-07 03:00:00+00:00,1563.0,2238.75
2022-04-07 04:00:00+00:00,1527.25,2205.25
2022-04-07 05:00:00+00:00,1303.25,2114.25
2022-04-07 06:00:00+00:00,1519.25,1971.0
2022-04-07 07:00:00+00:00,1551.25,1967.75
2022-04-07 08:00:00+00:00,1464.75,1941.0
2022-04-07 09:00:00+00:00,1500.25,2079.5
2022-04-07 10:00:00+00:00,1586.0,2228.0
2022-04-07 11:00:00+00:00,1541.25,2161.25
2022-04-07 12:00:00+00:00,1573.25,2092.0
2022-04-07 13:00:00+00:00,1559.5,2141.5
2022-04-07 14:00:00+00:00,1538.5,2194.25
2022-04-07 15:00:00+00:00,1547.25,2229.25
2022-04-07 16:00:00+00:00,1549.0,2203.5
2022-04-07 17:00:00+00:00,1563.75,2114.75
2022-04-07 18:00:00+00:00,1558.75,2209.0
2022-04-07 19:00:00+00:00,1530.5,2205.0
2022-04-07 20:00:00+00:00,1515.0,2206.75
2022-04-07 21:00:00+00:00,1493.25,2199.25
2022-04-07 22:00:00+00:00,1466.25,2129.25
2022-04-07 23:00:00+00:00,1381.75,2037.0
2022-04-08 00:00:00+00:00,1332.5,1843.0
2022-04-08 01:00:00+00:00,1271.25,1597.5
2022-04-08 02:00:00+00:00,1189.5,1651.25
2022-04-08 03:00:00+00:00,1070.25,1433.75
2022-04-08 04:00:00+00:00,1071.75,1231.75
2022-04-08 05:00:00+00:00,1016.0,1021.75
2022-04-08 06:00:00+00:00,828.5,831.75
2022-04-08 07:00:00+00:00,581.75,761.75
2022-04-08 08:00:00+00:00,461.75,701.25
2022-04-08 09:00:00+00:00,162.25,563.5
2022-04-08 10:00:00+00:00,463.75,448.75
2022-04-08 11:00:00+00:00,477.5,459.75
2022-04-08 12:00:00+00:00,405.0,524.75
2022-04-08 13:00:00+00:00,370.5,545.25
2022-04-08 14:00:00+00:00,402.75,715.75
2022-04-08 15:00:00+00:00,466.25,903.5
2022-04-08 16:00:00+00:00,752.0,1068.0
2022-04-08 17:00:00+00:00,1257.5,1152.5
2022-04-08 18:00:00+00:00,1176.0,1233.5
2022-04-08 19:00:00+00:00,1123.0,1274.75
2022-04-08 20:00:00+00:00,910.75,1339.5
2022-04-08 21:00:00+00:00,1267.5,1495.5
2022-04-08 22:00:00+00:00,1213.75,1597.25
2022-04-08 23:00:00+00:00,1105.25,1661.5
2022-04-09 00:00:00+00:00,1146.75,1742.25
2022-04-09 01:00:00+00:00,1202.0,1756.25
2022-04-09 02:00:00+00:00,1249.0,1660.25
2022-04-09 03:00:00+00:00,1228.5,1526.5
2022-04-09 04:00:00+00:00,1257.5,1664.25
2022-04-09 05:00:00+00:00,1334.5,1691.0
2022-04-09 06:00:00+00:00,1253.5,1604.25
2022-04-09 07:00:00+00:00,1088.5,1583.75
2022-04-09 08:00:00+00:00,928.0,1448.75
2022-04-09 09:00:00+00:00,886.0,1623.25
2022-04-09 10:00:00+00:00,897.0,1550.0
2022-04-09 11:00:00+00:00,924.75,1263.5
2022-04-09 12:00:00+00:00,889.5,1289.0
2022-04-09 13:00:00+00:00,851.75,1248.0
2022-04-09 14:00:00+00:00,1113.25,1647.0
2022-04-09 15:00:00+00:00,1003.75,1751.5
2022-04-09 16:00:00+00:00,830.75,1686.0
2022-04-09 17:00:00+00:00,765.0,1197.25
2022-04-09 18:00:00+00:00,750.0,1034.0
2022-04-09 19:00:00+00:00,682.0,1029.5
2022-04-09 20:00:00+00:00,607.25,916.25
2022-04-09 21:00:00+00:00,688.25,863.75
2022-04-09 22:00:00+00:00,630.75,881.75
2022-04-09 23:00:00+00:00,653.5,891.5
2022-04-10 00:00:00+00:00,609.75,880.0
2022-04-10 01:00:00+00:00,552.75,808.75
2022-04-10 02:00:00+00:00,634.5,760.0
2022-04-10 03:00:00+00:00,678.5,818.5
2022-04-10 04:00:00+00:00,702.25,777.5
2022-04-10 05:00:00+00:00,593.0,780.5
2022-04-10 06:00:00+00:00,574.5,691.75
2022-04-10 07:00:00+00:00,581.75,571.25
2022-04-10 08:00:00+00:00,489.25,473.75
2022-04-10 09:00:00+00:00,453.0,384.0
2022-04-10 10:00:00+00:00,370.75,278.5
2022-04-10 11:00:00+00:00,122.5,254.25
2022-04-10 12:00:00+00:00,21.75,225.0
2022-04-10 13:00:00+00:00,292.5,230.0
2022-04-10 14:00:00+00:00,263.25,200.0
2022-04-10 15:00:00+00:00,231.75,143.25
2022-04-10 16:00:00+00:00,192.5,107.0
2022-04-10 17:00:00+00:00,261.0,93.5
2022-04-10 18:00:00+00:00,268.5,93.0
2022-04-10 19:00:00+00:00,288.5,97.5
2022-04-10 20:00:00+00:00,244.5,114.25
2022-04-10 21:00:00+00:00,238.25,154.5
2022-04-10 22:00:00+00:00,272.0,191.75
2022-04-10 23:00:00+00:00,284.5,214.0
2022-04-11 00:00:00+00:00,218.25,189.75
2022-04-11 01:00:00+00:00,158.75,172.25
2022-04-11 02:00:00+00:00,143.75,168.75
2022-04-11 03:00:00+00:00,192.5,184.25
2022-04-11 04:00:00+00:00,248.5,215.0
2022-04-11 05:00:00+00:00,240.0,207.75
2022-04-11 06:00:00+00:00,284.5,203.25
2022-04-11 07:00:00+00:00,360.5,174.0
2022-04-11 08:00:00+00:00,379.25,170.5
2022-04-11 09:00:00+00:00,294.0,257.5
2022-04-11 10:00:00+00:00,352.25,417.5
2022-04-11 11:00:00+00:00,566.75,514.75
2022-04-11 12:00:00+00:00,746.0,528.5
2022-04-11 13:00:00+00:00,791.25,561.75
2022-04-11 14:00:00+00:00,798.5,740.0
2022-04-11 15:00:00+00:00,859.75,839.0
2022-04-11 16:00:00+00:00,976.75,840.75
2022-04-11 17:00:00+00:00,1058.25,919.25
2022-04-11 18:00:00+00:00,1167.25,1174.25
2022-04-11 19:00:00+00:00,1207.0,1404.0
2022-04-11 20:00:00+00:00,1241.5,1519.25
2022-04-11 21:00:00+00:00,1245.75,1551.5
2022-04-11 22:00:00+00:00,1255.5,1441.0
2022-04-11 23:00:00+00:00,1183.25,1328.0
2022-04-12 00:00:00+00:00,1085.75,1338.0
2022-04-12 01:00:00+00:00,1110.0,1151.75
2022-04-12 02:00:00+00:00,1037.25,1052.5
2022-04-12 03:00:00+00:00,1053.0,1040.5
2022-04-12 04:00:00+00:00,1004.25,1129.5
2022-04-12 05:00:00+00:00,977.25,1059.0
2022-04-12 06:00:00+00:00,991.5,913.75
2022-04-12 07:00:00+00:00,952.0,688.75
2022-04-12 08:00:00+00:00,930.0,551.5
2022-04-12 09:00:00+00:00,777.0,448.5
2022-04-12 10:00:00+00:00,735.25,425.25
2022-04-12 11:00:00+00:00,704.0,541.0
2022-04-12 12:00:00+00:00,643.0,669.5
2022-04-12 13:00:00+00:00,680.5,602.0
2022-04-12 14:00:00+00:00,544.75,646.75
2022-04-12 15:00:00+00:00,528.75,565.25
2022-04-12 16:00:00+00:00,572.25,452.75
2022-04-12 17:00:00+00:00,498.5,388.25
2022-04-12 18:00:00+00:00,483.25,306.25
2022-04-12 19:00:00+00:00,498.0,290.0
2022-04-12 20:00:00+00:00,494.25,306.75
2022-04-12 21:00:00+00:00,479.0,290.5
2022-04-12 22:00:00+00:00,704.5,265.5
2022-04-12 23:00:00+00:00,594.75,314.0
2022-04-13 00:00:00+00:00,454.75,399.0
2022-04-13 01:00:00+00:00,609.75,540.25
2022-04-13 02:00:00+00:00,656.0,459.0
2022-04-13 03:00:00+00:00,448.0,359.0
2022-04-13 04:00:00+00:00,318.5,359.5
2022-04-13 05:00:00+00:00,277.25,347.75
2022-04-13 06:00:00+00:00,216.75,253.25
2022-04-13 07:00:00+00:00,176.75,212.25
2022-04-13 08:00:00+00:00,215.0,164.75
2022-04-13 09:00:00+00:00,283.0,162.25
2022-04-13 10:00:00+00:00,251.0,181.5
2022-04-13 11:00:00+00:00,240.5,191.25
2022-04-13 12:00:00+00:00,340.25,213.5
2022-04-13 13:00:00+00:00,386.5,206.0
2022-04-13 14:00:00+00:00,360.25,215.25
2022-04-13 15:00:00+00:00,322.75,181.25
2022-04-13 16:00:00+00:00,322.0,161.0
2022-04-13 17:00:00+00:00,331.0,182.75
2022-04-13 18:00:00+00:00,340.0,241.5
2022-04-13 19:00:00+00:00,490.0,339.25
2022-04-13 20:00:00+00:00,587.75,420.25
2022-04-13 21:00:00+00:00,648.5,437.0
2022-04-13 22:00:00+00:00,489.75,487.0
2022-04-13 23:00:00+00:00,314.25,420.75
2022-04-14 00:00:00+00:00,260.0,408.5
2022-04-14 01:00:00+00:00,251.0,383.0
2022-04-14 02:00:00+00:00,149.0,294.25
2022-04-14 03:00:00+00:00,124.0,210.25
2022-04-14 04:00:00+00:00,224.25,172.0
2022-04-14 05:00:00+00:00,246.25,151.5
2022-04-14 06:00:00+00:00,131.25,150.25
2022-04-14 07:00:00+00:00,95.0,95.75
2022-04-14 08:00:00+00:00,87.75,86.0
2022-04-14 09:00:00+00:00,142.0,125.0
2022-04-14 10:00:00+00:00,94.5,166.0
2022-04-14 11:00:00+00:00,45.25,218.75
2022-04-14 12:00:00+00:00,94.5,256.25
2022-04-14 13:00:00+00:00,177.75,300.25
2022-04-14 14:00:00+00:00,139.0,325.5
2022-04-14 15:00:00+00:00,156.0,337.25
2022-04-14 16:00:00+00:00,170.75,261.0
2022-04-14 17:00:00+00:00,166.75,222.75
2022-04-14 18:00:00+00:00,173.0,192.5
2022-04-14 19:00:00+00:00,165.25,180.0
2022-04-14 20:00:00+00:00,150.0,155.75
2022-04-14 21:00:00+00:00,119.5,170.0
2022-04-14 22:00:00+00:00,91.25,171.25
2022-04-14 23:00:00+00:00,59.5,167.25
2022-04-15 00:00:00+00:00,80.25,152.25
2022-04-15 01:00:00+00:00,98.0,144.5
2022-04-15 02:00:00+00:00,78.5,156.5
2022-04-15 03:00:00+00:00,82.25,149.5
2022-04-15 04:00:00+00:00,103.75,154.25
2022-04-15 05:00:00+00:00,100.5,175.75
2022-04-15 06:00:00+00:00,79.75,181.75
2022-04-15 07:00:00+00:00,103.75,197.0
2022-04-15 08:00:00+00:00,92.0,182.0
2022-04-15 09:00:00+00:00,107.5,129.0
2022-04-15 10:00:00+00:00,127.0,103.75
2022-04-15 11:00:00+00:00,97.5,95.25
2022-04-15 12:00:00+00:00,89.75,111.75
2022-04-15 13:00:00+00:00,111.0,155.75
2022-04-15 14:00:00+00:00,135.0,190.25
2022-04-15 15:00:00+00:00,93.5,181.75
2022-04-15 16:00:00+00:00,120.25,195.5
2022-04-15 17:00:00+00:00,253.5,211.5
2022-04-15 18:00:00+00:00,376.0,262.75
2022-04-15 19:00:00+00:00,467.5,309.5
2022-04-15 20:00:00+00:00,493.5,309.0
2022-04-15 21:00:00+00:00,594.5,308.0
2022-04-15 22:00:00+00:00,500.25,282.75
2022-04-15 23:00:00+00:00,452.0,270.75
2022-04-16 00:00:00+00:00,349.5,268.25
2022-04-16 01:00:00+00:00,265.0,246.0
2022-04-16 02:00:00+00:00,232.75,297.0
2022-04-16 03:00:00+00:00,239.75,386.25
2022-04-16 04:00:00+00:00,420.75,489.5
2022-04-16 05:00:00+00:00,558.0,624.5
2022-04-16 06:00:00+00:00,681.5,677.0
2022-04-16 07:00:00+00:00,649.75,524.5
2022-04-16 08:00:00+00:00,529.25,386.75
2022-04-16 09:00:00+00:00,397.75,348.5
2022-04-16 10:00:00+00:00,315.5,372.0
2022-04-16 11:00:00+00:00,266.5,380.25
2022-04-16 12:00:00+00:00,237.0,370.25
2022-04-16 13:00:00+00:00,359.75,385.5
2022-04-16 14:00:00+00:00,430.5,463.75
2022-04-16 15:00:00+00:00,557.25,490.75
2022-04-16 16:00:00+00:00,600.25,467.0
2022-04-16 17:00:00+00:00,628.75,415.5
2022-04-16 18:00:00+00:00,604.0,535.25
2022-04-16 19:00:00+00:00,801.0,734.25
2022-04-16 20:00:00+00:00,1270.0,925.0
2022-04-16 21:00:00+00:00,1390.25,1076.0
2022-04-16 22:00:00+00:00,1246.5,1136.5
2022-04-16 23:00:00+00:00,918.0,995.0
2022-04-17 00:00:00+00:00,573.75,841.5
2022-04-17 01:00:00+00:00,462.75,769.75
2022-04-17 02:00:00+00:00,377.25,735.5
2022-04-17 03:00:00+00:00,394.75,636.0
2022-04-17 04:00:00+00:00,400.5,629.25
2022-04-17 05:00:00+00:00,412.75,598.75
2022-04-17 06:00:00+00:00,388.75,446.25
2022-04-17 07:00:00+00:00,329.75,317.75
2022-04-17 08:00:00+00:00,237.0,234.75
2022-04-17 09:00:00+00:00,132.0,180.75
2022-04-17 10:00:00+00:00,127.75,178.0
2022-04-17 11:00:00+00:00,68.75,200.0
2022-04-17 12:00:00+00:00,118.0,262.75
2022-04-17 13:00:00+00:00,179.0,340.75
2022-04-17 14:00:00+00:00,260.5,344.5
2022-04-17 15:00:00+00:00,390.0,363.25
2022-04-17 16:00:00+00:00,514.75,398.75
2022-04-17 17:00:00+00:00,564.5,438.5
2022-04-17 18:00:00+00:00,622.75,606.0
2022-04-17 19:00:00+00:00,806.25,798.25
2022-04-17 20:00:00+00:00,1173.0,1014.75
2022-04-17 21:00:00+00:00,1605.0,1219.25
2022-04-17 22:00:00+00:00,1727.5,1194.75
2022-04-17 23:00:00+00:00,1421.5,1105.25
2022-04-18 00:00:00+00:00,1014.5,1028.75
2022-04-18 01:00:00+00:00,852.5,976.5
2022-04-18 02:00:00+00:00,960.5,977.0
2022-04-18 03:00:00+00:00,1077.5,872.5
2022-04-18 04:00:00+00:00,965.5,777.5
2022-04-18 05:00:00+00:00,782.0,732.75
2022-04-18 06:00:00+00:00,703.5,590.75
2022-04-18 07:00:00+00:00,596.5,360.5
2022-04-18 08:00:00+00:00,521.75,273.25
2022-04-18 09:00:00+00:00,414.5,224.75
2022-04-18 10:00:00+00:00,309.25,190.75
2022-04-18 11:00:00+00:00,246.25,162.75
2022-04-18 12:00:00+00:00,160.0,129.75
2022-04-18 13:00:00+00:00,112.25,106.5
2022-04-18 14:00:00+00:00,103.25,97.0
2022-04-18 15:00:00+00:00,129.5,81.25
2022-04-18 16:00:00+00:00,132.0,76.25
2022-04-18 17:00:00+00:00,111.75,93.0
2022-04-18 18:00:00+00:00,112.5,123.75
2022-04-18 19:00:00+00:00,143.25,171.75
2022-04-18 20:00:00+00:00,156.25,184.5
2022-04-18 21:00:00+00:00,197.75,180.5
2022-04-18 22:00:00+00:00,197.75,168.25
2022-04-18 23:00:00+00:00,172.0,271.25
2022-04-19 00:00:00+00:00,179.5,359.25
2022-04-19 01:00:00+00:00,148.0,370.0
2022-04-19 02:00:00+00:00,117.0,272.25
2022-04-19 03:00:00+00:00,212.25,201.0
2022-04-19 04:00:00+00:00,288.25,195.25
2022-04-19 05:00:00+00:00,321.25,231.75
2022-04-19 06:00:00+00:00,421.25,188.5
2022-04-19 07:00:00+00:00,486.75,139.25
2022-04-19 08:00:00+00:00,498.75,160.5
2022-04-19 09:00:00+00:00,473.0,246.25
2022-04-19 10:00:00+00:00,250.25,271.0
2022-04-19 11:00:00+00:00,115.75,303.75
2022-04-19 12:00:00+00:00,140.25,396.75
2022-04-19 13:00:00+00:00,211.25,500.25
2022-04-19 14:00:00+00:00,416.0,634.5
2022-04-19 15:00:00+00:00,694.5,812.5
2022-04-19 16:00:00+00:00,989.0,895.75
2022-04-19 17:00:00+00:00,1288.75,905.75
2022-04-19 18:00:00+00:00,1580.25,1116.0
2022-04-19 19:00:00+00:00,1783.25,1354.0
2022-04-19 20:00:00+00:00,1937.25,1330.75
2022-04-19 21:00:00+00:00,1948.75,1161.75
2022-04-19 22:00:00+00:00,1765.75,1101.5
2022-04-19 23:00:00+00:00,1505.75,1105.0
2022-04-20 00:00:00+00:00,1300.75,1066.5
2022-04-20 01:00:00+00:00,1229.5,1000.0
2022-04-20 02:00:00+00:00,1150.75,920.75
2022-04-20 03:00:00+00:00,1023.75,901.75
2022-04-20 04:00:00+00:00,931.5,933.25
2022-04-20 05:00:00+00:00,954.75,769.25
2022-04-20 06:00:00+00:00,788.0,475.75
2022-04-20 07:00:00+00:00,596.5,310.25
2022-04-20 08:00:00+00:00,698.0,321.5
2022-04-20 09:00:00+00:00,610.0,416.0
2022-04-20 10:00:00+00:00,562.5,495.0
2022-04-20 11:00:00+00:00,779.25,465.0
2022-04-20 12:00:00+00:00,1110.0,519.75
2022-04-20 13:00:00+00:00,1211.25,633.0
2022-04-20 14:00:00+00:00,1299.25,818.0
2022-04-20 15:00:00+00:00,1401.5,990.0
2022-04-20 16:00:00+00:00,1471.75,992.5
2022-04-20 17:00:00+00:00,1524.25,910.0
2022-04-20 18:00:00+00:00,1520.75,969.5
2022-04-20 19:00:00+00:00,1542.75,987.75
2022-04-20 20:00:00+00:00,1600.5,1010.25
2022-04-20 21:00:00+00:00,1458.5,1075.0
2022-04-20 22:00:00+00:00,1216.25,1041.0
2022-04-20 23:00:00+00:00,1186.0,1007.75
2022-04-21 00:00:00+00:00,940.75,972.5
2022-04-21 01:00:00+00:00,797.0,904.75
2022-04-21 02:00:00+00:00,863.5,708.25
2022-04-21 03:00:00+00:00,810.5,635.25
2022-04-21 04:00:00+00:00,701.5,706.75
2022-04-21 05:00:00+00:00,741.75,564.25
2022-04-21 06:00:00+00:00,782.75,433.25
2022-04-21 07:00:00+00:00,653.25,322.5
2022-04-21 08:00:00+00:00,509.0,451.75
2022-04-21 09:00:00+00:00,497.5,718.5
2022-04-21 10:00:00+00:00,622.0,875.75
2022-04-21 11:00:00+00:00,879.75,982.75
2022-04-21 12:00:00+00:00,1039.5,949.25
2022-04-21 13:00:00+00:00,1259.75,957.5
2022-04-21 14:00:00+00:00,1514.0,1025.25
2022-04-21 15:00:00+00:00,1801.0,1160.25
2022-04-21 16:00:00+00:00,1817.5,1124.25
2022-04-21 17:00:00+00:00,1879.0,1065.75
2022-04-21 18:00:00+00:00,2036.0,1126.75
2022-04-21 19:00:00+00:00,2051.0,1205.25
2022-04-21 20:00:00+00:00,1995.25,1197.25
2022-04-21 21:00:00+00:00,2067.0,1215.5
2022-04-21 22:00:00+00:00,2046.75,1158.75
2022-04-21 23:00:00+00:00,2048.25,1137.5
2022-04-22 00:00:00+00:00,1942.25,1160.25
2022-04-22 01:00:00+00:00,1754.5,1247.25
2022-04-22 02:00:00+00:00,1915.25,1282.0
2022-04-22 03:00:00+00:00,1842.5,1259.75
2022-04-22 04:00:00+00:00,1758.25,1183.25
2022-04-22 05:00:00+00:00,1718.0,1132.0
2022-04-22 06:00:00+00:00,1648.25,1052.5
2022-04-22 07:00:00+00:00,1640.5,919.75
2022-04-22 08:00:00+00:00,1585.75,966.0
2022-04-22 09:00:00+00:00,1613.5,1108.75
2022-04-22 10:00:00+00:00,1756.25,1261.75
2022-04-22 11:00:00+00:00,1818.75,1220.75
2022-04-22 12:00:00+00:00,2002.75,1263.0
2022-04-22 13:00:00+00:00,2184.5,1382.25
2022-04-22 14:00:00+00:00,2239.5,1479.5
2022-04-22 15:00:00+00:00,2240.75,1440.25
2022-04-22 16:00:00+00:00,2217.0,1450.5
2022-04-22 17:00:00+00:00,2084.75,1402.25
2022-04-22 18:00:00+00:00,1588.5,1187.75
2022-04-22 19:00:00+00:00,1308.25,1285.75
2022-04-22 20:00:00+00:00,1482.25,1373.5
2022-04-22 21:00:00+00:00,2002.0,1448.0
2022-04-22 22:00:00+00:00,2182.25,1444.0
2022-04-22 23:00:00+00:00,2197.0,1513.5
2022-04-23 00:00:00+00:00,2234.0,1551.5
2022-04-23 01:00:00+00:00,2187.0,1437.75
2022-04-23 02:00:00+00:00,2159.75,1496.75
2022-04-23 03:00:00+00:00,2167.0,1609.5
2022-04-23 04:00:00+00:00,2097.75,1572.25
2022-04-23 05:00:00+00:00,2072.0,1495.75
2022-04-23 06:00:00+00:00,2010.75,1494.75
2022-04-23 07:00:00+00:00,1727.25,1600.0
2022-04-23 08:00:00+00:00,883.5,1460.5
2022-04-23 09:00:00+00:00,843.75,1411.25
2022-04-23 10:00:00+00:00,661.5,1228.5
2022-04-23 11:00:00+00:00,645.25,1209.25
2022-04-23 12:00:00+00:00,664.25,1247.0
2022-04-23 13:00:00+00:00,941.0,1330.5
2022-04-23 14:00:00+00:00,1159.0,1394.5
2022-04-23 15:00:00+00:00,2031.25,1706.5
2022-04-23 16:00:00+00:00,2028.5,1665.0
2022-04-23 17:00:00+00:00,2112.75,1455.5
2022-04-23 18:00:00+00:00,2166.75,1469.0
2022-04-23 19:00:00+00:00,2169.75,1619.25
2022-04-23 20:00:00+00:00,2192.5,1627.0
2022-04-23 21:00:00+00:00,2198.25,1666.75
2022-04-23 22:00:00+00:00,2191.75,1658.0
2022-04-23 23:00:00+00:00,2081.75,1633.5
2022-04-24 00:00:00+00:00,2015.0,1553.5
2022-04-24 01:00:00+00:00,2037.0,1588.75
2022-04-24 02:00:00+00:00,2104.0,1560.75
2022-04-24 03:00:00+00:00,2111.5,1559.25
2022-04-24 04:00:00+00:00,2079.75,1576.5
2022-04-24 05:00:00+00:00,1981.75,1454.5
2022-04-24 06:00:00+00:00,1840.0,1294.0
2022-04-24 07:00:00+00:00,1783.0,1181.5
2022-04-24 08:00:00+00:00,1431.75,907.5
2022-04-24 09:00:00+00:00,853.75,920.25
2022-04-24 10:00:00+00:00,515.75,965.75
2022-04-24 11:00:00+00:00,390.75,978.75
2022-04-24 12:00:00+00:00,729.75,1142.75
2022-04-24 13:00:00+00:00,845.5,1207.0
2022-04-24 14:00:00+00:00,1717.5,1486.25
2022-04-24 15:00:00+00:00,1793.75,1544.5
2022-04-24 16:00:00+00:00,2142.0,1570.5
2022-04-24 17:00:00+00:00,2139.75,1560.0
2022-04-24 18:00:00+00:00,2090.0,1481.0
2022-04-24 19:00:00+00:00,1995.25,1405.0
2022-04-24 20:00:00+00:00,2012.25,1224.5
2022-04-24 21:00:00+00:00,1908.0,1050.0
2022-04-24 22:00:00+00:00,1742.0,975.5
2022-04-24 23:00:00+00:00,1642.75,847.0
2022-04-25 00:00:00+00:00,1253.25,867.5
2022-04-25 01:00:00+00:00,1183.5,817.0
2022-04-25 02:00:00+00:00,1235.75,661.5
2022-04-25 03:00:00+00:00,1061.5,621.75
2022-04-25 04:00:00+00:00,1155.0,611.25
2022-04-25 05:00:00+00:00,1170.25,550.25
2022-04-25 06:00:00+00:00,1100.5,488.75
2022-04-25 07:00:00+00:00,1203.25,508.5
2022-04-25 08:00:00+00:00,1263.0,556.5
2022-04-25 09:00:00+00:00,872.25,490.75
2022-04-25 10:00:00+00:00,758.75,464.5
2022-04-25 11:00:00+00:00,763.25,547.25
2022-04-25 12:00:00+00:00,782.75,582.25
2022-04-25 13:00:00+00:00,781.25,504.0
2022-04-25 14:00:00+00:00,798.75,534.25
2022-04-25 15:00:00+00:00,903.75,600.75
2022-04-25 16:00:00+00:00,1141.0,662.0
2022-04-25 17:00:00+00:00,1146.5,725.75
2022-04-25 18:00:00+00:00,1138.75,722.5
2022-04-25 19:00:00+00:00,1358.75,828.0
2022-04-25 20:00:00+00:00,1507.75,956.0
2022-04-25 21:00:00+00:00,1701.75,978.0
2022-04-25 22:00:00+00:00,1727.0,944.25
2022-04-25 23:00:00+00:00,1751.25,967.5
2022-04-26 00:00:00+00:00,1674.75,973.0
2022-04-26 01:00:00+00:00,1448.5,978.5
2022-04-26 02:00:00+00:00,1453.25,921.25
2022-04-26 03:00:00+00:00,1359.5,867.25
2022-04-26 04:00:00+00:00,1534.5,830.75
2022-04-26 05:00:00+00:00,1298.5,897.0
2022-04-26 06:00:00+00:00,1207.75,877.5
2022-04-26 07:00:00+00:00,1015.25,848.5
2022-04-26 08:00:00+00:00,720.5,794.75
2022-04-26 09:00:00+00:00,612.0,757.5
2022-04-26 10:00:00+00:00,446.5,708.25
2022-04-26 11:00:00+00:00,324.5,613.75
2022-04-26 12:00:00+00:00,366.5,695.5
2022-04-26 13:00:00+00:00,363.75,721.0
2022-04-26 14:00:00+00:00,332.0,673.5
2022-04-26 15:00:00+00:00,394.25,595.5
2022-04-26 16:00:00+00:00,403.5,550.25
2022-04-26 17:00:00+00:00,462.75,499.75
2022-04-26 18:00:00+00:00,426.75,456.5
2022-04-26 19:00:00+00:00,345.75,347.75
2022-04-26 20:00:00+00:00,298.25,217.5
2022-04-26 21:00:00+00:00,308.0,215.75
2022-04-26 22:00:00+00:00,302.75,193.0
2022-04-26 23:00:00+00:00,255.25,152.25
2022-04-27 00:00:00+00:00,255.75,126.25
2022-04-27 01:00:00+00:00,315.75,106.25
2022-04-27 02:00:00+00:00,203.0,117.0
2022-04-27 03:00:00+00:00,211.25,98.25
2022-04-27 04:00:00+00:00,140.5,86.0
2022-04-27 05:00:00+00:00,109.75,95.5
2022-04-27 06:00:00+00:00,132.5,106.5
2022-04-27 07:00:00+00:00,161.75,106.75
2022-04-27 08:00:00+00:00,136.75,108.0
2022-04-27 09:00:00+00:00,109.25,99.25
2022-04-27 10:00:00+00:00,104.5,118.0
2022-04-27 11:00:00+00:00,155.0,152.5
2022-04-27 12:00:00+00:00,271.0,178.25
2022-04-27 13:00:00+00:00,368.75,194.25
2022-04-27 14:00:00+00:00,419.25,247.75
2022-04-27 15:00:00+00:00,408.25,282.5
2022-04-27 16:00:00+00:00,387.0,304.75
2022-04-27 17:00:00+00:00,292.5,299.5
2022-04-27 18:00:00+00:00,294.0,296.75
2022-04-27 19:00:00+00:00,393.0,293.0
2022-04-27 20:00:00+00:00,368.75,261.0
2022-04-27 21:00:00+00:00,383.5,243.75
2022-04-27 22:00:00+00:00,356.0,245.0
2022-04-27 23:00:00+00:00,374.0,256.5
2022-04-28 00:00:00+00:00,371.0,259.5
2022-04-28 01:00:00+00:00,324.0,269.5
2022-04-28 02:00:00+00:00,362.75,316.5
2022-04-28 03:00:00+00:00,323.5,343.75
2022-04-28 04:00:00+00:00,309.5,321.5
2022-04-28 05:00:00+00:00,286.0,238.75
2022-04-28 06:00:00+00:00,314.25,191.75
2022-04-28 07:00:00+00:00,310.0,212.5
2022-04-28 08:00:00+00:00,341.0,232.5
2022-04-28 09:00:00+00:00,361.5,274.25
2022-04-28 10:00:00+00:00,304.25,286.25
2022-04-28 11:00:00+00:00,348.75,334.25
2022-04-28 12:00:00+00:00,439.25,382.75
2022-04-28 13:00:00+00:00,550.0,428.0
2022-04-28 14:00:00+00:00,577.0,451.25
2022-04-28 15:00:00+00:00,636.0,520.5
2022-04-28 16:00:00+00:00,675.75,577.25
2022-04-28 17:00:00+00:00,760.0,598.5
2022-04-28 18:00:00+00:00,834.0,572.5
2022-04-28 19:00:00+00:00,891.75,618.0
2022-04-28 20:00:00+00:00,856.0,656.25
2022-04-28 21:00:00+00:00,881.5,618.25
2022-04-28 22:00:00+00:00,824.5,554.0
2022-04-28 23:00:00+00:00,777.5,492.0
2022-04-29 00:00:00+00:00,635.0,508.25
2022-04-29 01:00:00+00:00,567.25,494.25
2022-04-29 02:00:00+00:00,454.25,397.25
2022-04-29 03:00:00+00:00,452.75,361.25
2022-04-29 04:00:00+00:00,455.0,390.0
2022-04-29 05:00:00+00:00,441.75,369.25
2022-04-29 06:00:00+00:00,430.0,335.25
2022-04-29 07:00:00+00:00,571.25,364.0
2022-04-29 08:00:00+00:00,420.25,336.0
2022-04-29 09:00:00+00:00,536.0,361.25
2022-04-29 10:00:00+00:00,692.5,421.25
2022-04-29 11:00:00+00:00,826.25,520.0
2022-04-29 12:00:00+00:00,998.25,599.25
2022-04-29 13:00:00+00:00,1112.0,633.75
2022-04-29 14:00:00+00:00,1462.75,722.0
2022-04-29 15:00:00+00:00,1469.25,810.5
2022-04-29 16:00:00+00:00,1400.25,891.0
2022-04-29 17:00:00+00:00,1508.25,871.0
2022-04-29 18:00:00+00:00,1536.0,813.75
2022-04-29 19:00:00+00:00,1614.0,753.25
2022-04-29 20:00:00+00:00,1564.0,711.0
2022-04-29 21:00:00+00:00,1325.0,665.0
2022-04-29 22:00:00+00:00,1183.0,599.75
2022-04-29 23:00:00+00:00,1013.25,559.5
2022-04-30 00:00:00+00:00,795.25,491.75
2022-04-30 01:00:00+00:00,619.25,418.0
2022-04-30 02:00:00+00:00,441.25,314.5
2022-04-30 03:00:00+00:00,403.25,244.0
2022-04-30 04:00:00+00:00,355.25,241.0
2022-04-30 05:00:00+00:00,302.25,235.25
2022-04-30 06:00:00+00:00,242.25,183.5
2022-04-30 07:00:00+00:00,224.5,249.0
2022-04-30 08:00:00+00:00,291.0,217.25
2022-04-30 09:00:00+00:00,330.5,278.75
2022-04-30 10:00:00+00:00,296.75,308.25
2022-04-30 11:00:00+00:00,351.25,334.25
2022-04-30 12:00:00+00:00,337.75,314.75
2022-04-30 13:00:00+00:00,242.75,320.75
2022-04-30 14:00:00+00:00,213.5,283.25
2022-04-30 15:00:00+00:00,200.75,265.0
2022-04-30 16:00:00+00:00,138.0,295.25
2022-04-30 17:00:00+00:00,87.25,296.0
2022-04-30 18:00:00+00:00,46.5,230.0
2022-04-30 19:00:00+00:00,39.25,190.5
2022-04-30 20:00:00+00:00,19.75,170.5
2022-04-30 21:00:00+00:00,3.25,144.0
2022-04-30 22:00:00+00:00,0.75,129.75
2022-04-30 23:00:00+00:00,0.0,122.5
2022-05-01 00:00:00+00:00,0.0,102.0
2022-05-01 01:00:00+00:00,0.0,89.25
2022-05-01 02:00:00+00:00,0.0,84.0
2022-05-01 03:00:00+00:00,0.0,83.0
2022-05-01 04:00:00+00:00,0.0,84.25
2022-05-01 05:00:00+00:00,0.0,84.75
2022-05-01 06:00:00+00:00,0.0,81.5
2022-05-01 07:00:00+00:00,1.5,82.0
2022-05-01 08:00:00+00:00,14.0,84.75
2022-05-01 09:00:00+00:00,27.25,85.5
2022-05-01 10:00:00+00:00,15.75,84.75
2022-05-01 11:00:00+00:00,4.25,89.75
2022-05-01 12:00:00+00:00,2.0,96.5
2022-05-01 13:00:00+00:00,4.75,94.0
2022-05-01 14:00:00+00:00,5.25,99.25
2022-05-01 15:00:00+00:00,6.75,114.75
2022-05-01 16:00:00+00:00,5.0,125.75
2022-05-01 17:00:00+00:00,6.25,128.0
2022-05-01 18:00:00+00:00,8.5,166.75
2022-05-01 19:00:00+00:00,15.5,250.0
2022-05-01 20:00:00+00:00,28.5,318.25
2022-05-01 21:00:00+00:00,41.75,338.75
2022-05-01 22:00:00+00:00,40.75,325.25
2022-05-01 23:00:00+00:00,35.5,309.25
2022-05-02 00:00:00+00:00,29.75,260.5
2022-05-02 01:00:00+00:00,25.5,211.25
2022-05-02 02:00:00+00:00,7.75,172.0
2022-05-02 03:00:00+00:00,1.5,108.5
2022-05-02 04:00:00+00:00,0.5,88.5
2022-05-02 05:00:00+00:00,0.25,85.0
2022-05-02 06:00:00+00:00,0.0,82.25
2022-05-02 07:00:00+00:00,0.0,80.25
2022-05-02 08:00:00+00:00,0.0,84.25
2022-05-02 09:00:00+00:00,1.25,96.0
2022-05-02 10:00:00+00:00,7.5,112.0
2022-05-02 11:00:00+00:00,22.0,153.5
2022-05-02 12:00:00+00:00,53.25,220.0
2022-05-02 13:00:00+00:00,63.0,317.0
2022-05-02 14:00:00+00:00,94.25,404.0
2022-05-02 15:00:00+00:00,115.25,521.0
2022-05-02 16:00:00+00:00,152.75,559.75
2022-05-02 17:00:00+00:00,170.0,538.0
2022-05-02 18:00:00+00:00,203.25,512.5
2022-05-02 19:00:00+00:00,208.5,472.25
2022-05-02 20:00:00+00:00,233.0,406.25
2022-05-02 21:00:00+00:00,175.0,302.5
2022-05-02 22:00:00+00:00,136.75,222.25
2022-05-02 23:00:00+00:00,84.75,164.0
2022-05-03 00:00:00+00:00,78.0,130.25
2022-05-03 01:00:00+00:00,107.5,120.25
2022-05-03 02:00:00+00:00,183.0,104.25
2022-05-03 03:00:00+00:00,228.25,99.5
2022-05-03 04:00:00+00:00,280.5,95.0
2022-05-03 05:00:00+00:00,243.25,157.25
2022-05-03 06:00:00+00:00,283.25,272.0
2022-05-03 07:00:00+00:00,196.0,228.25
2022-05-03 08:00:00+00:00,165.0,221.0
2022-05-03 09:00:00+00:00,138.25,252.25
2022-05-03 10:00:00+00:00,249.0,278.5
2022-05-03 11:00:00+00:00,408.0,343.25
2022-05-03 12:00:00+00:00,388.25,325.25
2022-05-03 13:00:00+00:00,369.75,312.0
2022-05-03 14:00:00+00:00,447.25,372.0
2022-05-03 15:00:00+00:00,480.75,490.75
2022-05-03 16:00:00+00:00,357.0,577.25
2022-05-03 17:00:00+00:00,335.75,541.25
2022-05-03 18:00:00+00:00,346.75,413.5
2022-05-03 19:00:00+00:00,313.75,318.5
2022-05-03 20:00:00+00:00,284.25,251.75
2022-05-03 21:00:00+00:00,240.5,196.75
2022-05-03 22:00:00+00:00,137.25,163.25
2022-05-03 23:00:00+00:00,100.0,140.5
2022-05-04 00:00:00+00:00,33.75,116.25
2022-05-04 01:00:00+00:00,8.25,107.25
2022-05-04 02:00:00+00:00,1.5,95.25
2022-05-04 03:00:00+00:00,4.5,89.75
2022-05-04 04:00:00+00:00,1.0,88.0
2022-05-04 05:00:00+00:00,1.0,80.0
2022-05-04 06:00:00+00:00,1.0,78.0
2022-05-04 07:00:00+00:00,1.0,82.5
2022-05-04 08:00:00+00:00,1.0,83.75
2022-05-04 09:00:00+00:00,1.0,85.25
2022-05-04 10:00:00+00:00,1.0,86.5
2022-05-04 11:00:00+00:00,2.0,89.75
2022-05-04 12:00:00+00:00,3.0,99.5
2022-05-04 13:00:00+00:00,6.0,110.75
2022-05-04 14:00:00+00:00,9.0,125.0
2022-05-04 15:00:00+00:00,19.0,125.5
2022-05-04 16:00:00+00:00,41.25,120.25
2022-05-04 17:00:00+00:00,9.25,100.0
2022-05-04 18:00:00+00:00,13.25,89.25
2022-05-04 19:00:00+00:00,43.25,85.5
2022-05-04 20:00:00+00:00,40.75,77.0
2022-05-04 21:00:00+00:00,25.5,77.0
2022-05-04 22:00:00+00:00,50.75,88.0
2022-05-04 23:00:00+00:00,30.0,109.75
2022-05-05 00:00:00+00:00,43.25,111.5
2022-05-05 01:00:00+00:00,27.0,99.25
2022-05-05 02:00:00+00:00,15.25,65.5
2022-05-05 03:00:00+00:00,33.0,52.25
2022-05-05 04:00:00+00:00,37.25,61.0
2022-05-05 05:00:00+00:00,38.5,68.75
2022-05-05 06:00:00+00:00,79.5,69.5
2022-05-05 07:00:00+00:00,66.75,68.5
2022-05-05 08:00:00+00:00,42.0,52.75
2022-05-05 09:00:00+00:00,34.5,48.0
2022-05-05 10:00:00+00:00,34.5,53.5
2022-05-05 11:00:00+00:00,20.25,73.75
2022-05-05 12:00:00+00:00,13.0,95.25
2022-05-05 13:00:00+00:00,8.5,126.75
2022-05-05 14:00:00+00:00,24.25,162.5
2022-05-05 15:00:00+00:00,52.75,143.75
2022-05-05 16:00:00+00:00,43.5,137.5
2022-05-05 17:00:00+00:00,44.5,114.25
2022-05-05 18:00:00+00:00,34.0,81.0
2022-05-05 19:00:00+00:00,25.25,70.25
2022-05-05 20:00:00+00:00,9.75,73.25
2022-05-05 21:00:00+00:00,1.25,67.0
2022-05-05 22:00:00+00:00,2.5,56.25
2022-05-05 23:00:00+00:00,3.25,55.75
2022-05-06 00:00:00+00:00,0.75,45.25
2022-05-06 01:00:00+00:00,3.25,41.25
2022-05-06 02:00:00+00:00,15.75,40.5
2022-05-06 03:00:00+00:00,65.5,40.5
2022-05-06 04:00:00+00:00,109.5,45.0
2022-05-06 05:00:00+00:00,126.25,49.25
2022-05-06 06:00:00+00:00,98.25,72.0
2022-05-06 07:00:00+00:00,77.0,77.0
2022-05-06 08:00:00+00:00,139.5,87.25
2022-05-06 09:00:00+00:00,184.0,108.75
2022-05-06 10:00:00+00:00,254.5,146.25
2022-05-06 11:00:00+00:00,379.75,167.75
2022-05-06 12:00:00+00:00,422.75,172.5
2022-05-06 13:00:00+00:00,441.0,281.5
2022-05-06 14:00:00+00:00,517.75,327.25
2022-05-06 15:00:00+00:00,452.25,422.5
2022-05-06 16:00:00+00:00,479.75,434.0
2022-05-06 17:00:00+00:00,520.25,317.25
2022-05-06 18:00:00+00:00,591.25,236.5
2022-05-06 19:00:00+00:00,609.5,232.5
2022-05-06 20:00:00+00:00,474.25,200.5
2022-05-06 21:00:00+00:00,415.0,176.0
2022-05-06 22:00:00+00:00,215.25,194.75
2022-05-06 23:00:00+00:00,126.25,193.5
2022-05-07 00:00:00+00:00,111.0,199.25
2022-05-07 01:00:00+00:00,153.5,199.75
2022-05-07 02:00:00+00:00,70.75,193.5
2022-05-07 03:00:00+00:00,51.0,163.75
2022-05-07 04:00:00+00:00,18.25,144.75
2022-05-07 05:00:00+00:00,17.25,124.0
2022-05-07 06:00:00+00:00,51.25,99.0
2022-05-07 07:00:00+00:00,45.75,90.5
2022-05-07 08:00:00+00:00,20.25,115.0
2022-05-07 09:00:00+00:00,27.0,191.0
2022-05-07 10:00:00+00:00,32.25,309.0
2022-05-07 11:00:00+00:00,68.0,364.5
2022-05-07 12:00:00+00:00,160.0,450.75
2022-05-07 13:00:00+00:00,260.25,599.0
2022-05-07 14:00:00+00:00,460.75,728.0
2022-05-07 15:00:00+00:00,523.0,862.25
2022-05-07 16:00:00+00:00,640.0,924.0
2022-05-07 17:00:00+00:00,878.75,877.0
2022-05-07 18:00:00+00:00,1075.0,847.5
2022-05-07 19:00:00+00:00,980.0,765.75
2022-05-07 20:00:00+00:00,1081.5,743.5
2022-05-07 21:00:00+00:00,1337.5,712.25
2022-05-07 22:00:00+00:00,1303.75,601.5
2022-05-07 23:00:00+00:00,1120.0,601.25
2022-05-08 00:00:00+00:00,1128.75,597.75
2022-05-08 01:00:00+00:00,1028.25,565.5
2022-05-08 02:00:00+00:00,1036.25,513.5
2022-05-08 03:00:00+00:00,1119.0,511.75
2022-05-08 04:00:00+00:00,1036.25,513.75
2022-05-08 05:00:00+00:00,913.75,453.25
2022-05-08 06:00:00+00:00,803.75,458.75
2022-05-08 07:00:00+00:00,631.25,414.5
2022-05-08 08:00:00+00:00,560.75,339.25
2022-05-08 09:00:00+00:00,490.25,321.25
2022-05-08 10:00:00+00:00,466.75,324.0
2022-05-08 11:00:00+00:00,503.25,343.25
2022-05-08 12:00:00+00:00,592.75,388.75
2022-05-08 13:00:00+00:00,605.0,451.0
2022-05-08 14:00:00+00:00,619.0,491.75
2022-05-08 15:00:00+00:00,586.75,517.75
2022-05-08 16:00:00+00:00,597.25,523.25
2022-05-08 17:00:00+00:00,542.25,535.5
2022-05-08 18:00:00+00:00,451.5,502.0
2022-05-08 19:00:00+00:00,364.25,477.75
2022-05-08 20:00:00+00:00,327.0,495.0
2022-05-08 21:00:00+00:00,263.25,473.5
2022-05-08 22:00:00+00:00,267.0,450.0
2022-05-08 23:00:00+00:00,261.5,426.5
2022-05-09 00:00:00+00:00,212.5,385.75
2022-05-09 01:00:00+00:00,100.25,356.0
2022-05-09 02:00:00+00:00,63.25,370.75
2022-05-09 03:00:00+00:00,53.25,378.0
2022-05-09 04:00:00+00:00,73.5,366.5
2022-05-09 05:00:00+00:00,28.25,336.5
2022-05-09 06:00:00+00:00,5.0,186.5
2022-05-09 07:00:00+00:00,3.75,97.75
2022-05-09 08:00:00+00:00,6.25,83.5
2022-05-09 09:00:00+00:00,2.25,86.0
2022-05-09 10:00:00+00:00,5.0,86.25
2022-05-09 11:00:00+00:00,10.0,88.75
2022-05-09 12:00:00+00:00,8.5,104.75
2022-05-09 13:00:00+00:00,11.5,107.25
2022-05-09 14:00:00+00:00,9.25,126.5
2022-05-09 15:00:00+00:00,5.75,122.5
2022-05-09 16:00:00+00:00,9.5,124.5
2022-05-09 17:00:00+00:00,27.75,94.5
2022-05-09 18:00:00+00:00,42.0,118.5
2022-05-09 19:00:00+00:00,141.75,96.5
2022-05-09 20:00:00+00:00,270.5,118.75
2022-05-09 21:00:00+00:00,463.0,137.0
2022-05-09 22:00:00+00:00,599.0,208.75
2022-05-09 23:00:00+00:00,771.25,365.25
2022-05-10 00:00:00+00:00,974.75,555.75
2022-05-10 01:00:00+00:00,1127.0,642.25
2022-05-10 02:00:00+00:00,1286.5,747.5
2022-05-10 03:00:00+00:00,1771.75,879.0
2022-05-10 04:00:00+00:00,2105.75,999.25
2022-05-10 05:00:00+00:00,1983.25,1229.0
2022-05-10 06:00:00+00:00,1849.25,1404.75
2022-05-10 07:00:00+00:00,2011.75,1343.25
2022-05-10 08:00:00+00:00,2122.5,1335.5
2022-05-10 09:00:00+00:00,2078.0,1336.25
2022-05-10 10:00:00+00:00,1751.0,1313.75
2022-05-10 11:00:00+00:00,2078.75,1512.75
2022-05-10 12:00:00+00:00,2174.0,1490.25
2022-05-10 13:00:00+00:00,2190.25,1378.5
2022-05-10 14:00:00+00:00,2233.25,1286.25
2022-05-10 15:00:00+00:00,2210.75,1216.75
2022-05-10 16:00:00+00:00,2096.0,1281.0
2022-05-10 17:00:00+00:00,1914.0,1186.5
2022-05-10 18:00:00+00:00,1632.25,925.5
2022-05-10 19:00:00+00:00,1058.25,694.0
2022-05-10 20:00:00+00:00,704.0,571.5
2022-05-10 21:00:00+00:00,598.75,506.5
2022-05-10 22:00:00+00:00,588.75,491.5
2022-05-10 23:00:00+00:00,728.0,455.25
2022-05-11 00:00:00+00:00,917.75,528.75
2022-05-11 01:00:00+00:00,1221.0,560.75
2022-05-11 02:00:00+00:00,1293.25,660.0
2022-05-11 03:00:00+00:00,1500.5,697.25
2022-05-11 04:00:00+00:00,1527.5,780.5
2022-05-11 05:00:00+00:00,1615.5,961.5
2022-05-11 06:00:00+00:00,1624.5,1051.25
2022-05-11 07:00:00+00:00,1515.0,1124.5
2022-05-11 08:00:00+00:00,1490.0,1003.5
2022-05-11 09:00:00+00:00,1394.0,911.0
2022-05-11 10:00:00+00:00,1394.25,848.0
2022-05-11 11:00:00+00:00,1633.5,997.25
2022-05-11 12:00:00+00:00,1628.75,1119.75
2022-05-11 13:00:00+00:00,1980.0,1323.25
2022-05-11 14:00:00+00:00,2111.5,1249.25
2022-05-11 15:00:00+00:00,2065.0,1569.75
2022-05-11 16:00:00+00:00,2097.0,1615.75
2022-05-11 17:00:00+00:00,2139.0,1765.75
2022-05-11 18:00:00+00:00,2138.25,1872.25
2022-05-11 19:00:00+00:00,2193.0,2026.0
2022-05-11 20:00:00+00:00,1276.75,2042.75
2022-05-11 21:00:00+00:00,700.0,1829.25
2022-05-11 22:00:00+00:00,712.75,1524.75
2022-05-11 23:00:00+00:00,847.25,1258.0
2022-05-12 00:00:00+00:00,971.0,955.75
2022-05-12 01:00:00+00:00,903.5,919.25
2022-05-12 02:00:00+00:00,651.5,863.75
2022-05-12 03:00:00+00:00,473.5,668.75
2022-05-12 04:00:00+00:00,513.25,502.75
2022-05-12 05:00:00+00:00,297.25,384.5
2022-05-12 06:00:00+00:00,220.75,310.75
2022-05-12 07:00:00+00:00,235.5,351.0
2022-05-12 08:00:00+00:00,290.0,382.5
2022-05-12 09:00:00+00:00,400.5,425.0
2022-05-12 10:00:00+00:00,545.75,607.75
2022-05-12 11:00:00+00:00,665.75,818.75
2022-05-12 12:00:00+00:00,969.75,1022.25
2022-05-12 13:00:00+00:00,1127.5,1036.75
2022-05-12 14:00:00+00:00,980.0,1108.25
2022-05-12 15:00:00+00:00,1040.75,1097.0
2022-05-12 16:00:00+00:00,1327.25,1019.5
2022-05-12 17:00:00+00:00,1454.0,960.5
2022-05-12 18:00:00+00:00,1397.5,848.75
2022-05-12 19:00:00+00:00,1222.5,820.25
2022-05-12 20:00:00+00:00,1294.0,857.75
2022-05-12 21:00:00+00:00,1343.25,850.25
2022-05-12 22:00:00+00:00,1293.5,919.25
2022-05-12 23:00:00+00:00,1441.5,940.25
2022-05-13 00:00:00+00:00,1688.25,974.0
2022-05-13 01:00:00+00:00,1342.25,1045.25
2022-05-13 02:00:00+00:00,1509.75,1162.0
2022-05-13 03:00:00+00:00,1660.0,1254.25
2022-05-13 04:00:00+00:00,1607.0,1204.25
2022-05-13 05:00:00+00:00,1525.25,1341.0
2022-05-13 06:00:00+00:00,1419.0,1324.25
2022-05-13 07:00:00+00:00,1250.0,1270.25
2022-05-13 08:00:00+00:00,1161.75,1267.75
2022-05-13 09:00:00+00:00,1250.75,1212.75
2022-05-13 10:00:00+00:00,1296.25,1267.25
2022-05-13 11:00:00+00:00,1394.5,1370.75
2022-05-13 12:00:00+00:00,1543.25,1451.5
2022-05-13 13:00:00+00:00,1478.75,1234.25
2022-05-13 14:00:00+00:00,1766.0,1383.0
2022-05-13 15:00:00+00:00,1873.5,1508.25
2022-05-13 16:00:00+00:00,2110.75,1498.25
2022-05-13 17:00:00+00:00,2233.75,1462.75
2022-05-13 18:00:00+00:00,2168.25,1265.25
2022-05-13 19:00:00+00:00,2095.0,1132.25
2022-05-13 20:00:00+00:00,1813.0,1199.25
2022-05-13 21:00:00+00:00,1467.0,1233.25
2022-05-13 22:00:00+00:00,1189.75,1109.5
2022-05-13 23:00:00+00:00,1061.25,999.0
2022-05-14 00:00:00+00:00,798.5,783.25
2022-05-14 01:00:00+00:00,667.25,538.0
2022-05-14 02:00:00+00:00,586.0,380.25
2022-05-14 03:00:00+00:00,510.5,321.75
2022-05-14 04:00:00+00:00,455.25,293.5
2022-05-14 05:00:00+00:00,277.0,226.5
2022-05-14 06:00:00+00:00,151.25,174.75
2022-05-14 07:00:00+00:00,74.75,129.25
2022-05-14 08:00:00+00:00,72.5,110.25
2022-05-14 09:00:00+00:00,46.5,110.75
2022-05-14 10:00:00+00:00,17.75,117.5
2022-05-14 11:00:00+00:00,10.0,127.0
2022-05-14 12:00:00+00:00,1.25,127.75
2022-05-14 13:00:00+00:00,3.5,133.25
2022-05-14 14:00:00+00:00,6.75,145.5
2022-05-14 15:00:00+00:00,1.5,156.5
2022-05-14 16:00:00+00:00,2.0,163.5
2022-05-14 17:00:00+00:00,10.0,154.0
2022-05-14 18:00:00+00:00,72.25,151.25
2022-05-14 19:00:00+00:00,146.75,176.25
2022-05-14 20:00:00+00:00,163.25,204.75
2022-05-14 21:00:00+00:00,273.75,252.25
2022-05-14 22:00:00+00:00,289.0,355.5
2022-05-14 23:00:00+00:00,407.0,411.5
2022-05-15 00:00:00+00:00,396.5,463.5
2022-05-15 01:00:00+00:00,341.25,460.0
2022-05-15 02:00:00+00:00,351.5,444.5
2022-05-15 03:00:00+00:00,291.25,380.25
2022-05-15 04:00:00+00:00,282.25,363.25
2022-05-15 05:00:00+00:00,286.75,314.0
2022-05-15 06:00:00+00:00,320.0,226.0
2022-05-15 07:00:00+00:00,295.75,198.25
2022-05-15 08:00:00+00:00,245.25,231.5
2022-05-15 09:00:00+00:00,206.25,309.0
2022-05-15 10:00:00+00:00,306.0,336.0
2022-05-15 11:00:00+00:00,495.0,328.0
2022-05-15 12:00:00+00:00,581.75,300.0
2022-05-15 13:00:00+00:00,795.0,329.75
2022-05-15 14:00:00+00:00,1057.0,383.75
2022-05-15 15:00:00+00:00,1330.0,476.5
2022-05-15 16:00:00+00:00,1355.5,696.0
2022-05-15 17:00:00+00:00,1534.75,799.0
2022-05-15 18:00:00+00:00,1626.75,883.5
2022-05-15 19:00:00+00:00,1851.75,1113.5
2022-05-15 20:00:00+00:00,1888.75,1384.25
2022-05-15 21:00:00+00:00,1865.0,1432.25
2022-05-15 22:00:00+00:00,1698.0,1390.25
2022-05-15 23:00:00+00:00,1683.5,1281.5
2022-05-16 00:00:00+00:00,1280.25,1106.5
2022-05-16 01:00:00+00:00,983.75,995.25
2022-05-16 02:00:00+00:00,930.25,999.5
2022-05-16 03:00:00+00:00,715.5,875.0
2022-05-16 04:00:00+00:00,696.0,865.25
2022-05-16 05:00:00+00:00,622.25,844.0
2022-05-16 06:00:00+00:00,559.25,644.0
2022-05-16 07:00:00+00:00,699.5,480.75
2022-05-16 08:00:00+00:00,1123.0,524.5
2022-05-16 09:00:00+00:00,1387.5,570.0
2022-05-16 10:00:00+00:00,1434.5,635.75
2022-05-16 11:00:00+00:00,1463.25,775.25
2022-05-16 12:00:00+00:00,1661.5,1066.25
2022-05-16 13:00:00+00:00,1686.5,1380.25
2022-05-16 14:00:00+00:00,1609.75,1262.5
2022-05-16 15:00:00+00:00,1279.75,1337.5
2022-05-16 16:00:00+00:00,1173.75,1254.75
2022-05-16 17:00:00+00:00,972.75,1185.5
2022-05-16 18:00:00+00:00,1191.0,940.5
2022-05-16 19:00:00+00:00,1058.25,763.0
2022-05-16 20:00:00+00:00,911.25,779.5
2022-05-16 21:00:00+00:00,741.0,695.5
2022-05-16 22:00:00+00:00,648.75,608.25
2022-05-16 23:00:00+00:00,463.25,560.5
2022-05-17 00:00:00+00:00,317.25,523.5
2022-05-17 01:00:00+00:00,248.25,500.75
2022-05-17 02:00:00+00:00,289.0,524.75
2022-05-17 03:00:00+00:00,250.25,475.75
2022-05-17 04:00:00+00:00,146.5,346.25
2022-05-17 05:00:00+00:00,79.5,277.75
2022-05-17 06:00:00+00:00,35.0,208.0
2022-05-17 07:00:00+00:00,13.0,132.75
2022-05-17 08:00:00+00:00,14.25,130.5
2022-05-17 09:00:00+00:00,27.5,146.5
2022-05-17 10:00:00+00:00,55.75,132.0
2022-05-17 11:00:00+00:00,54.75,118.5
2022-05-17 12:00:00+00:00,23.5,113.0
2022-05-17 13:00:00+00:00,15.75,116.0
2022-05-17 14:00:00+00:00,14.75,118.0
2022-05-17 15:00:00+00:00,25.0,150.5
2022-05-17 16:00:00+00:00,31.0,192.0
2022-05-17 17:00:00+00:00,51.0,214.0
2022-05-17 18:00:00+00:00,72.25,348.75
2022-05-17 19:00:00+00:00,99.0,371.5
2022-05-17 20:00:00+00:00,225.25,431.5
2022-05-17 21:00:00+00:00,444.25,444.75
2022-05-17 22:00:00+00:00,621.75,446.25
2022-05-17 23:00:00+00:00,869.0,468.25
2022-05-18 00:00:00+00:00,959.75,520.5
2022-05-18 01:00:00+00:00,698.25,483.75
2022-05-18 02:00:00+00:00,943.0,462.0
2022-05-18 03:00:00+00:00,746.25,462.75
2022-05-18 04:00:00+00:00,670.5,465.75
2022-05-18 05:00:00+00:00,660.25,412.0
2022-05-18 06:00:00+00:00,405.75,320.5
2022-05-18 07:00:00+00:00,285.5,298.5
2022-05-18 08:00:00+00:00,153.25,213.5
2022-05-18 09:00:00+00:00,75.75,160.0
2022-05-18 10:00:00+00:00,53.0,167.5
2022-05-18 11:00:00+00:00,49.25,194.5
2022-05-18 12:00:00+00:00,68.75,155.75
2022-05-18 13:00:00+00:00,34.25,146.0
2022-05-18 14:00:00+00:00,22.5,156.25
2022-05-18 15:00:00+00:00,36.0,158.0
2022-05-18 16:00:00+00:00,49.0,124.25
2022-05-18 17:00:00+00:00,106.5,97.5
2022-05-18 18:00:00+00:00,165.25,97.5
2022-05-18 19:00:00+00:00,214.5,131.25
2022-05-18 20:00:00+00:00,307.5,217.5
2022-05-18 21:00:00+00:00,524.5,295.5
2022-05-18 22:00:00+00:00,756.25,388.0
2022-05-18 23:00:00+00:00,736.0,466.0
2022-05-19 00:00:00+00:00,740.75,557.0
2022-05-19 01:00:00+00:00,840.25,656.0
2022-05-19 02:00:00+00:00,786.25,761.25
2022-05-19 03:00:00+00:00,303.5,900.0
2022-05-19 04:00:00+00:00,400.5,991.5
2022-05-19 05:00:00+00:00,420.5,585.25
2022-05-19 06:00:00+00:00,293.0,262.75
2022-05-19 07:00:00+00:00,121.5,123.75
2022-05-19 08:00:00+00:00,152.5,123.25
2022-05-19 09:00:00+00:00,322.5,203.5
2022-05-19 10:00:00+00:00,344.5,525.75
2022-05-19 11:00:00+00:00,267.25,356.75
2022-05-19 12:00:00+00:00,614.0,637.25
2022-05-19 13:00:00+00:00,667.0,307.75
2022-05-19 14:00:00+00:00,246.75,417.5
2022-05-19 15:00:00+00:00,192.75,547.25
2022-05-19 16:00:00+00:00,231.25,836.0
2022-05-19 17:00:00+00:00,180.5,777.75
2022-05-19 18:00:00+00:00,118.5,562.25
2022-05-19 19:00:00+00:00,265.75,392.0
2022-05-19 20:00:00+00:00,322.75,402.25
2022-05-19 21:00:00+00:00,295.25,387.5
2022-05-19 22:00:00+00:00,284.25,307.5
2022-05-19 23:00:00+00:00,177.0,276.75
2022-05-20 00:00:00+00:00,98.0,213.0
2022-05-20 01:00:00+00:00,65.5,116.0
2022-05-20 02:00:00+00:00,62.25,95.0
2022-05-20 03:00:00+00:00,81.25,116.5
2022-05-20 04:00:00+00:00,58.0,131.75
2022-05-20 05:00:00+00:00,136.5,131.5
2022-05-20 06:00:00+00:00,135.75,164.5
2022-05-20 07:00:00+00:00,76.75,178.5
2022-05-20 08:00:00+00:00,89.25,180.75
2022-05-20 09:00:00+00:00,63.5,209.0
2022-05-20 10:00:00+00:00,42.0,215.5
2022-05-20 11:00:00+00:00,145.25,261.0
2022-05-20 12:00:00+00:00,548.75,378.0
2022-05-20 13:00:00+00:00,432.5,506.0
2022-05-20 14:00:00+00:00,632.5,585.25
2022-05-20 15:00:00+00:00,290.75,795.5
2022-05-20 16:00:00+00:00,442.25,591.5
2022-05-20 17:00:00+00:00,467.5,1096.5
2022-05-20 18:00:00+00:00,882.5,1281.5
2022-05-20 19:00:00+00:00,1492.75,1148.5
2022-05-20 20:00:00+00:00,1709.5,1285.5
2022-05-20 21:00:00+00:00,1980.0,1312.5
2022-05-20 22:00:00+00:00,1989.25,1408.5
2022-05-20 23:00:00+00:00,2125.5,1501.25
2022-05-21 00:00:00+00:00,2171.0,1575.5
2022-05-21 01:00:00+00:00,2054.0,1698.5
2022-05-21 02:00:00+00:00,1981.0,1701.5
2022-05-21 03:00:00+00:00,1783.75,1607.5
2022-05-21 04:00:00+00:00,1593.75,1491.75
2022-05-21 05:00:00+00:00,1367.5,1285.0
2022-05-21 06:00:00+00:00,1136.75,1183.0
2022-05-21 07:00:00+00:00,978.5,1227.75
2022-05-21 08:00:00+00:00,823.0,1151.5
2022-05-21 09:00:00+00:00,651.0,981.5
2022-05-21 10:00:00+00:00,594.75,807.25
2022-05-21 11:00:00+00:00,488.25,716.25
2022-05-21 12:00:00+00:00,441.0,664.0
2022-05-21 13:00:00+00:00,349.75,720.75
2022-05-21 14:00:00+00:00,315.75,576.75
2022-05-21 15:00:00+00:00,231.25,445.75
2022-05-21 16:00:00+00:00,178.0,359.75
2022-05-21 17:00:00+00:00,197.75,285.0
2022-05-21 18:00:00+00:00,118.25,178.25
2022-05-21 19:00:00+00:00,74.0,159.75
2022-05-21 20:00:00+00:00,45.25,133.25
2022-05-21 21:00:00+00:00,26.25,105.25
2022-05-21 22:00:00+00:00,54.25,95.5
2022-05-21 23:00:00+00:00,73.75,101.5
2022-05-22 00:00:00+00:00,60.25,100.75
2022-05-22 01:00:00+00:00,79.25,104.0
2022-05-22 02:00:00+00:00,85.0,96.0
2022-05-22 03:00:00+00:00,56.25,97.75
2022-05-22 04:00:00+00:00,47.0,102.25
2022-05-22 05:00:00+00:00,61.25,100.25
2022-05-22 06:00:00+00:00,82.75,108.5
2022-05-22 07:00:00+00:00,71.5,119.5
2022-05-22 08:00:00+00:00,58.0,113.5
2022-05-22 09:00:00+00:00,75.5,104.5
2022-05-22 10:00:00+00:00,83.75,98.0
2022-05-22 11:00:00+00:00,26.5,101.25
2022-05-22 12:00:00+00:00,3.75,112.25
2022-05-22 13:00:00+00:00,11.75,109.25
2022-05-22 14:00:00+00:00,22.25,116.25
2022-05-22 15:00:00+00:00,34.0,138.0
2022-05-22 16:00:00+00:00,97.5,158.25
2022-05-22 17:00:00+00:00,121.75,151.5
2022-05-22 18:00:00+00:00,169.0,166.75
2022-05-22 19:00:00+00:00,217.75,342.25
2022-05-22 20:00:00+00:00,403.5,595.0
2022-05-22 21:00:00+00:00,521.75,675.5
2022-05-22 22:00:00+00:00,602.5,800.0
2022-05-22 23:00:00+00:00,643.25,766.0
2022-05-23 00:00:00+00:00,630.5,686.75
2022-05-23 01:00:00+00:00,603.0,574.25
2022-05-23 02:00:00+00:00,563.75,454.0
2022-05-23 03:00:00+00:00,506.5,404.75
2022-05-23 04:00:00+00:00,444.75,337.5
2022-05-23 05:00:00+00:00,362.75,272.25
2022-05-23 06:00:00+00:00,310.25,221.0
2022-05-23 07:00:00+00:00,228.5,154.25
2022-05-23 08:00:00+00:00,276.25,125.5
2022-05-23 09:00:00+00:00,286.25,133.75
2022-05-23 10:00:00+00:00,251.5,162.0
2022-05-23 11:00:00+00:00,212.25,203.5
2022-05-23 12:00:00+00:00,269.5,278.0
2022-05-23 13:00:00+00:00,325.0,284.25
2022-05-23 14:00:00+00:00,401.25,400.5
2022-05-23 15:00:00+00:00,403.75,578.0
2022-05-23 16:00:00+00:00,234.25,654.0
2022-05-23 17:00:00+00:00,199.0,1042.75
2022-05-23 18:00:00+00:00,464.75,1009.75
2022-05-23 19:00:00+00:00,655.25,605.25
2022-05-23 20:00:00+00:00,614.5,664.5
2022-05-23 21:00:00+00:00,458.25,927.5
2022-05-23 22:00:00+00:00,947.5,934.25
2022-05-23 23:00:00+00:00,1605.75,912.0
2022-05-24 00:00:00+00:00,1627.25,809.25
2022-05-24 01:00:00+00:00,1541.0,1048.25
2022-05-24 02:00:00+00:00,1436.75,1222.25
2022-05-24 03:00:00+00:00,1123.5,1010.75
2022-05-24 04:00:00+00:00,798.75,1048.75
2022-05-24 05:00:00+00:00,776.5,1245.25
2022-05-24 06:00:00+00:00,1023.0,1382.75
2022-05-24 07:00:00+00:00,1356.5,1408.0
2022-05-24 08:00:00+00:00,1449.0,1417.5
2022-05-24 09:00:00+00:00,1213.75,1590.0
2022-05-24 10:00:00+00:00,969.75,1513.75
2022-05-24 11:00:00+00:00,1014.5,1363.5
2022-05-24 12:00:00+00:00,980.5,1354.75
2022-05-24 13:00:00+00:00,961.0,1295.25
2022-05-24 14:00:00+00:00,980.75,1015.25
2022-05-24 15:00:00+00:00,1086.25,918.0
2022-05-24 16:00:00+00:00,924.25,829.0
2022-05-24 17:00:00+00:00,812.25,609.0
2022-05-24 18:00:00+00:00,667.5,402.75
2022-05-24 19:00:00+00:00,664.0,398.5
2022-05-24 20:00:00+00:00,669.25,331.25
2022-05-24 21:00:00+00:00,582.0,400.5
2022-05-24 22:00:00+00:00,503.25,485.5
2022-05-24 23:00:00+00:00,540.75,538.0
2022-05-25 00:00:00+00:00,451.5,589.75
2022-05-25 01:00:00+00:00,499.5,566.5
2022-05-25 02:00:00+00:00,492.5,607.0
2022-05-25 03:00:00+00:00,396.0,611.5
2022-05-25 04:00:00+00:00,451.25,560.25
2022-05-25 05:00:00+00:00,646.25,524.0
2022-05-25 06:00:00+00:00,1043.75,574.75
2022-05-25 07:00:00+00:00,1487.75,671.75
2022-05-25 08:00:00+00:00,1682.25,868.25
2022-05-25 09:00:00+00:00,1952.25,1220.5
2022-05-25 10:00:00+00:00,2133.5,1572.0
2022-05-25 11:00:00+00:00,2185.0,1747.0
2022-05-25 12:00:00+00:00,2289.25,1739.75
2022-05-25 13:00:00+00:00,2302.0,1746.0
2022-05-25 14:00:00+00:00,2280.5,1896.25
2022-05-25 15:00:00+00:00,2308.5,1991.25
2022-05-25 16:00:00+00:00,2305.0,1977.75
2022-05-25 17:00:00+00:00,2298.0,1908.25
2022-05-25 18:00:00+00:00,2307.5,1830.75
2022-05-25 19:00:00+00:00,2308.25,1807.75
2022-05-25 20:00:00+00:00,2276.0,1691.5
2022-05-25 21:00:00+00:00,2190.75,1633.5
2022-05-25 22:00:00+00:00,2030.5,1609.5
2022-05-25 23:00:00+00:00,1621.25,1540.25
2022-05-26 00:00:00+00:00,1409.5,1309.5
2022-05-26 01:00:00+00:00,1441.75,1197.5
2022-05-26 02:00:00+00:00,1303.25,1071.25
2022-05-26 03:00:00+00:00,1100.75,861.5
2022-05-26 04:00:00+00:00,947.5,674.0
2022-05-26 05:00:00+00:00,875.0,648.0
2022-05-26 06:00:00+00:00,772.0,697.5
2022-05-26 07:00:00+00:00,787.75,643.25
2022-05-26 08:00:00+00:00,814.25,631.25
2022-05-26 09:00:00+00:00,873.75,943.0
2022-05-26 10:00:00+00:00,562.25,949.0
2022-05-26 11:00:00+00:00,550.0,959.75
2022-05-26 12:00:00+00:00,658.0,1020.25
2022-05-26 13:00:00+00:00,804.0,1245.0
2022-05-26 14:00:00+00:00,1751.0,1610.25
2022-05-26 15:00:00+00:00,1922.25,1744.5
2022-05-26 16:00:00+00:00,2177.25,1787.5
2022-05-26 17:00:00+00:00,2278.5,1828.25
2022-05-26 18:00:00+00:00,2287.25,1821.75
2022-05-26 19:00:00+00:00,2284.75,1826.25
2022-05-26 20:00:00+00:00,2279.5,1875.25
2022-05-26 21:00:00+00:00,2255.75,1797.0
2022-05-26 22:00:00+00:00,2170.25,1692.0
2022-05-26 23:00:00+00:00,1903.25,1498.25
2022-05-27 00:00:00+00:00,1863.0,1436.25
2022-05-27 01:00:00+00:00,1717.75,1268.0
2022-05-27 02:00:00+00:00,1669.25,1049.5
2022-05-27 03:00:00+00:00,1496.0,946.75
2022-05-27 04:00:00+00:00,1330.5,993.25
2022-05-27 05:00:00+00:00,1216.0,1246.25
2022-05-27 06:00:00+00:00,1116.75,1414.5
2022-05-27 07:00:00+00:00,1293.25,1513.75
2022-05-27 08:00:00+00:00,1438.0,1518.75
2022-05-27 09:00:00+00:00,1132.25,1154.5
2022-05-27 10:00:00+00:00,786.75,1066.0
2022-05-27 11:00:00+00:00,772.0,1135.0
2022-05-27 12:00:00+00:00,733.0,1229.25
2022-05-27 13:00:00+00:00,734.75,1238.75
2022-05-27 14:00:00+00:00,769.25,1533.5
2022-05-27 15:00:00+00:00,760.0,1517.75
2022-05-27 16:00:00+00:00,735.0,1433.0
2022-05-27 17:00:00+00:00,714.25,1367.0
2022-05-27 18:00:00+00:00,666.5,1213.5
2022-05-27 19:00:00+00:00,690.5,1157.25
2022-05-27 20:00:00+00:00,685.5,1077.75
2022-05-27 21:00:00+00:00,703.0,1134.25
2022-05-27 22:00:00+00:00,759.25,1195.5
2022-05-27 23:00:00+00:00,1086.0,1272.25
2022-05-28 00:00:00+00:00,1355.75,1406.0
2022-05-28 01:00:00+00:00,1422.75,1515.25
2022-05-28 02:00:00+00:00,1499.0,1465.75
2022-05-28 03:00:00+00:00,1305.75,1387.0
2022-05-28 04:00:00+00:00,1146.75,1294.75
2022-05-28 05:00:00+00:00,1267.0,1244.25
2022-05-28 06:00:00+00:00,1300.5,1289.75
2022-05-28 07:00:00+00:00,849.5,863.75
2022-05-28 08:00:00+00:00,802.25,788.75
2022-05-28 09:00:00+00:00,781.0,824.5
2022-05-28 10:00:00+00:00,778.0,797.0
2022-05-28 11:00:00+00:00,798.5,822.5
2022-05-28 12:00:00+00:00,806.0,817.5
2022-05-28 13:00:00+00:00,796.75,947.0
2022-05-28 14:00:00+00:00,789.5,960.25
2022-05-28 15:00:00+00:00,877.75,1040.5
2022-05-28 16:00:00+00:00,1139.5,1323.0
2022-05-28 17:00:00+00:00,1126.25,1230.5
2022-05-28 18:00:00+00:00,1180.25,974.25
2022-05-28 19:00:00+00:00,1174.5,876.5
2022-05-28 20:00:00+00:00,1102.5,904.75
2022-05-28 21:00:00+00:00,1086.0,878.25
2022-05-28 22:00:00+00:00,1187.75,827.5
2022-05-28 23:00:00+00:00,1100.75,678.75
2022-05-29 00:00:00+00:00,1218.75,665.5
2022-05-29 01:00:00+00:00,1292.25,664.25
2022-05-29 02:00:00+00:00,1295.75,639.75
2022-05-29 03:00:00+00:00,1139.5,706.0
2022-05-29 04:00:00+00:00,1172.25,723.0
2022-05-29 05:00:00+00:00,960.5,617.0
2022-05-29 06:00:00+00:00,1156.25,714.25
2022-05-29 07:00:00+00:00,1132.0,821.25
2022-05-29 08:00:00+00:00,1084.25,909.0
2022-05-29 09:00:00+00:00,1157.0,927.0
2022-05-29 10:00:00+00:00,1108.0,844.25
2022-05-29 11:00:00+00:00,839.25,819.25
2022-05-29 12:00:00+00:00,763.5,765.0
2022-05-29 13:00:00+00:00,681.25,748.0
2022-05-29 14:00:00+00:00,716.0,839.25
2022-05-29 15:00:00+00:00,783.25,737.75
2022-05-29 16:00:00+00:00,772.5,676.75
2022-05-29 17:00:00+00:00,723.0,676.0
2022-05-29 18:00:00+00:00,717.75,493.25
2022-05-29 19:00:00+00:00,576.0,389.75
2022-05-29 20:00:00+00:00,573.25,272.0
2022-05-29 21:00:00+00:00,377.5,266.25
2022-05-29 22:00:00+00:00,322.25,204.25
2022-05-29 23:00:00+00:00,125.25,169.25
2022-05-30 00:00:00+00:00,83.0,84.5
2022-05-30 01:00:00+00:00,101.5,105.75
2022-05-30 02:00:00+00:00,88.5,116.0
2022-05-30 03:00:00+00:00,63.75,134.25
2022-05-30 04:00:00+00:00,62.0,123.25
2022-05-30 05:00:00+00:00,28.5,79.25
2022-05-30 06:00:00+00:00,21.25,72.25
2022-05-30 07:00:00+00:00,17.5,63.5
2022-05-30 08:00:00+00:00,7.0,59.25
2022-05-30 09:00:00+00:00,1.5,118.0
2022-05-30 10:00:00+00:00,1.25,91.5
2022-05-30 11:00:00+00:00,0.0,80.0
2022-05-30 12:00:00+00:00,0.0,69.75
2022-05-30 13:00:00+00:00,0.0,64.75
2022-05-30 14:00:00+00:00,0.0,51.0
2022-05-30 15:00:00+00:00,0.0,46.75
2022-05-30 16:00:00+00:00,0.0,43.0
2022-05-30 17:00:00+00:00,0.0,41.0
2022-05-30 18:00:00+00:00,0.0,42.25
2022-05-30 19:00:00+00:00,0.0,50.5
2022-05-30 20:00:00+00:00,0.0,123.5
2022-05-30 21:00:00+00:00,1.5,153.75
2022-05-30 22:00:00+00:00,27.5,175.5
2022-05-30 23:00:00+00:00,62.25,238.0
2022-05-31 00:00:00+00:00,101.0,295.0
2022-05-31 01:00:00+00:00,125.0,269.25
2022-05-31 02:00:00+00:00,133.75,233.25
2022-05-31 03:00:00+00:00,125.25,187.0
2022-05-31 04:00:00+00:00,99.0,129.25
2022-05-31 05:00:00+00:00,82.5,96.5
2022-05-31 06:00:00+00:00,64.75,65.5
2022-05-31 07:00:00+00:00,64.25,50.5
2022-05-31 08:00:00+00:00,76.0,53.25
2022-05-31 09:00:00+00:00,67.5,59.25
2022-05-31 10:00:00+00:00,51.25,65.0
2022-05-31 11:00:00+00:00,47.25,70.25
2022-05-31 12:00:00+00:00,57.25,179.0
2022-05-31 13:00:00+00:00,22.5,133.75
2022-05-31 14:00:00+00:00,28.0,172.25
2022-05-31 15:00:00+00:00,124.5,228.75
2022-05-31 16:00:00+00:00,254.25,83.75
2022-05-31 17:00:00+00:00,326.0,100.0
2022-05-31 18:00:00+00:00,350.0,82.75
2022-05-31 19:00:00+00:00,276.5,126.75
2022-05-31 20:00:00+00:00,218.0,172.0
2022-05-31 21:00:00+00:00,235.0,177.75
2022-05-31 22:00:00+00:00,343.5,195.25
2022-05-31 23:00:00+00:00,400.0,244.25
2022-06-01 00:00:00+00:00,212.25,313.0
2022-06-01 01:00:00+00:00,239.75,303.0
2022-06-01 02:00:00+00:00,321.75,286.75
2022-06-01 03:00:00+00:00,231.0,244.5
2022-06-01 04:00:00+00:00,201.75,182.5
2022-06-01 05:00:00+00:00,224.75,147.75
2022-06-01 06:00:00+00:00,229.75,106.25
2022-06-01 07:00:00+00:00,144.0,144.5
2022-06-01 08:00:00+00:00,157.5,236.0
2022-06-01 09:00:00+00:00,228.75,354.75
2022-06-01 10:00:00+00:00,275.5,524.5
2022-06-01 11:00:00+00:00,293.5,632.75
2022-06-01 12:00:00+00:00,241.25,629.25
2022-06-01 13:00:00+00:00,236.75,560.0
2022-06-01 14:00:00+00:00,203.75,458.75
2022-06-01 15:00:00+00:00,187.75,468.5
2022-06-01 16:00:00+00:00,144.75,422.0
2022-06-01 17:00:00+00:00,104.25,397.25
2022-06-01 18:00:00+00:00,127.5,301.5
2022-06-01 19:00:00+00:00,157.75,259.0
2022-06-01 20:00:00+00:00,158.75,182.5
2022-06-01 21:00:00+00:00,162.75,152.25
2022-06-01 22:00:00+00:00,181.0,124.0
2022-06-01 23:00:00+00:00,220.5,124.75
2022-06-02 00:00:00+00:00,227.0,104.25
2022-06-02 01:00:00+00:00,257.5,103.5
2022-06-02 02:00:00+00:00,299.5,143.25
2022-06-02 03:00:00+00:00,302.0,171.0
2022-06-02 04:00:00+00:00,328.0,176.0
2022-06-02 05:00:00+00:00,326.75,147.25
2022-06-02 06:00:00+00:00,226.75,124.25
2022-06-02 07:00:00+00:00,186.5,92.75
2022-06-02 08:00:00+00:00,181.25,67.0
2022-06-02 09:00:00+00:00,139.25,55.75
2022-06-02 10:00:00+00:00,100.75,51.0
2022-06-02 11:00:00+00:00,98.75,51.75
2022-06-02 12:00:00+00:00,153.0,43.75
2022-06-02 13:00:00+00:00,205.75,60.75
2022-06-02 14:00:00+00:00,272.0,85.25
2022-06-02 15:00:00+00:00,330.0,108.75
2022-06-02 16:00:00+00:00,347.0,142.5
2022-06-02 17:00:00+00:00,401.0,183.25
2022-06-02 18:00:00+00:00,430.5,220.5
2022-06-02 19:00:00+00:00,544.0,328.75
2022-06-02 20:00:00+00:00,712.5,524.0
2022-06-02 21:00:00+00:00,877.75,682.25
2022-06-02 22:00:00+00:00,916.75,760.5
2022-06-02 23:00:00+00:00,919.0,710.0
2022-06-03 00:00:00+00:00,879.5,719.75
2022-06-03 01:00:00+00:00,758.0,679.75
2022-06-03 02:00:00+00:00,561.25,682.0
2022-06-03 03:00:00+00:00,403.75,632.25
2022-06-03 04:00:00+00:00,438.0,587.25
2022-06-03 05:00:00+00:00,446.0,488.0
2022-06-03 06:00:00+00:00,340.5,318.0
2022-06-03 07:00:00+00:00,304.75,265.0
2022-06-03 08:00:00+00:00,403.25,295.25
2022-06-03 09:00:00+00:00,475.0,395.0
2022-06-03 10:00:00+00:00,636.0,504.25
2022-06-03 11:00:00+00:00,828.5,485.25
2022-06-03 12:00:00+00:00,959.0,460.75
2022-06-03 13:00:00+00:00,1146.25,521.0
2022-06-03 14:00:00+00:00,1386.75,643.25
2022-06-03 15:00:00+00:00,1593.5,808.25
2022-06-03 16:00:00+00:00,1772.75,964.25
2022-06-03 17:00:00+00:00,1814.5,1146.25
2022-06-03 18:00:00+00:00,1776.25,1165.25
2022-06-03 19:00:00+00:00,1741.75,1141.0
2022-06-03 20:00:00+00:00,1741.0,1088.75
2022-06-03 21:00:00+00:00,1759.75,1053.5
2022-06-03 22:00:00+00:00,1869.25,1079.5
2022-06-03 23:00:00+00:00,1927.0,1166.0
2022-06-04 00:00:00+00:00,1938.75,1178.75
2022-06-04 01:00:00+00:00,1921.5,1113.5
2022-06-04 02:00:00+00:00,1797.25,1085.0
2022-06-04 03:00:00+00:00,1703.5,1102.5
2022-06-04 04:00:00+00:00,1650.5,1003.25
2022-06-04 05:00:00+00:00,1628.25,912.75
2022-06-04 06:00:00+00:00,1558.5,865.5
2022-06-04 07:00:00+00:00,1669.0,798.5
2022-06-04 08:00:00+00:00,1673.25,767.0
2022-06-04 09:00:00+00:00,1657.0,679.75
2022-06-04 10:00:00+00:00,1703.75,734.75
2022-06-04 11:00:00+00:00,1715.25,835.5
2022-06-04 12:00:00+00:00,1682.75,829.25
2022-06-04 13:00:00+00:00,1625.75,810.0
2022-06-04 14:00:00+00:00,1720.0,845.25
2022-06-04 15:00:00+00:00,1704.0,825.0
2022-06-04 16:00:00+00:00,1748.75,817.25
2022-06-04 17:00:00+00:00,1796.0,876.0
2022-06-04 18:00:00+00:00,1574.75,890.25
2022-06-04 19:00:00+00:00,1536.5,1067.5
2022-06-04 20:00:00+00:00,1746.25,1124.5
2022-06-04 21:00:00+00:00,1819.25,1178.5
2022-06-04 22:00:00+00:00,1830.5,1180.0
2022-06-04 23:00:00+00:00,1602.25,1058.25
2022-06-05 00:00:00+00:00,1373.75,1014.0
2022-06-05 01:00:00+00:00,1527.75,1116.75
2022-06-05 02:00:00+00:00,1562.25,1163.5
2022-06-05 03:00:00+00:00,1325.25,1172.75
2022-06-05 04:00:00+00:00,971.0,996.25
2022-06-05 05:00:00+00:00,903.75,888.25
2022-06-05 06:00:00+00:00,674.5,671.25
2022-06-05 07:00:00+00:00,747.0,443.25
2022-06-05 08:00:00+00:00,608.5,362.25
2022-06-05 09:00:00+00:00,569.25,386.25
2022-06-05 10:00:00+00:00,437.75,370.0
2022-06-05 11:00:00+00:00,501.25,421.25
2022-06-05 12:00:00+00:00,609.0,381.5
2022-06-05 13:00:00+00:00,588.0,333.5
2022-06-05 14:00:00+00:00,563.5,250.75
2022-06-05 15:00:00+00:00,603.5,403.25
2022-06-05 16:00:00+00:00,630.25,475.25
2022-06-05 17:00:00+00:00,771.5,320.0
2022-06-05 18:00:00+00:00,883.25,461.0
2022-06-05 19:00:00+00:00,1121.75,719.0
2022-06-05 20:00:00+00:00,1314.0,874.0
2022-06-05 21:00:00+00:00,1100.75,1047.75
2022-06-05 22:00:00+00:00,955.0,809.25
2022-06-05 23:00:00+00:00,751.0,768.5
2022-06-06 00:00:00+00:00,807.5,887.25
2022-06-06 01:00:00+00:00,1043.0,1095.75
2022-06-06 02:00:00+00:00,1499.0,1208.5
2022-06-06 03:00:00+00:00,1532.75,1602.25
2022-06-06 04:00:00+00:00,1668.75,1595.75
2022-06-06 05:00:00+00:00,1800.5,1602.5
2022-06-06 06:00:00+00:00,1058.5,1648.0
2022-06-06 07:00:00+00:00,911.75,1651.5
2022-06-06 08:00:00+00:00,521.75,1376.0
2022-06-06 09:00:00+00:00,199.25,1298.0
2022-06-06 10:00:00+00:00,239.0,1321.75
2022-06-06 11:00:00+00:00,690.0,1379.25
2022-06-06 12:00:00+00:00,1126.75,1456.25
2022-06-06 13:00:00+00:00,1162.75,1403.0
2022-06-06 14:00:00+00:00,1607.25,1631.5
2022-06-06 15:00:00+00:00,1309.75,1608.5
2022-06-06 16:00:00+00:00,1201.0,1382.0
2022-06-06 17:00:00+00:00,1099.75,1241.25
2022-06-06 18:00:00+00:00,996.75,1174.5
2022-06-06 19:00:00+00:00,912.25,1108.5
2022-06-06 20:00:00+00:00,880.5,1088.25
2022-06-06 21:00:00+00:00,844.25,1101.5
2022-06-06 22:00:00+00:00,815.5,1130.5
2022-06-06 23:00:00+00:00,871.5,1222.0
2022-06-07 00:00:00+00:00,970.0,1297.75
2022-06-07 01:00:00+00:00,1028.25,1337.0
2022-06-07 02:00:00+00:00,1020.0,1320.25
2022-06-07 03:00:00+00:00,977.0,1306.5
2022-06-07 04:00:00+00:00,652.25,1311.5
2022-06-07 05:00:00+00:00,567.5,1222.5
2022-06-07 06:00:00+00:00,543.0,1203.0
2022-06-07 07:00:00+00:00,494.25,1149.75
2022-06-07 08:00:00+00:00,459.25,1065.25
2022-06-07 09:00:00+00:00,433.5,847.5
2022-06-07 10:00:00+00:00,393.0,806.5
2022-06-07 11:00:00+00:00,334.5,784.0
2022-06-07 12:00:00+00:00,246.25,688.75
2022-06-07 13:00:00+00:00,216.0,647.5
2022-06-07 14:00:00+00:00,207.0,541.0
2022-06-07 15:00:00+00:00,278.0,435.5
2022-06-07 16:00:00+00:00,394.25,334.5
2022-06-07 17:00:00+00:00,419.25,223.0
2022-06-07 18:00:00+00:00,521.0,110.0
2022-06-07 19:00:00+00:00,543.25,110.0
2022-06-07 20:00:00+00:00,788.0,85.5
2022-06-07 21:00:00+00:00,879.25,75.25
2022-06-07 22:00:00+00:00,714.75,111.0
2022-06-07 23:00:00+00:00,719.0,179.5
2022-06-08 00:00:00+00:00,708.75,272.5
2022-06-08 01:00:00+00:00,664.5,323.5
2022-06-08 02:00:00+00:00,425.25,338.0
2022-06-08 03:00:00+00:00,274.5,354.25
2022-06-08 04:00:00+00:00,239.5,420.5
2022-06-08 05:00:00+00:00,221.25,372.75
2022-06-08 06:00:00+00:00,255.0,249.5
2022-06-08 07:00:00+00:00,508.75,207.25
2022-06-08 08:00:00+00:00,717.0,337.25
2022-06-08 09:00:00+00:00,799.0,487.5
2022-06-08 10:00:00+00:00,718.25,634.75
2022-06-08 11:00:00+00:00,703.0,803.5
2022-06-08 12:00:00+00:00,700.75,665.5
2022-06-08 13:00:00+00:00,717.75,482.0
2022-06-08 14:00:00+00:00,791.5,409.75
2022-06-08 15:00:00+00:00,767.25,369.0
2022-06-08 16:00:00+00:00,921.5,450.75
2022-06-08 17:00:00+00:00,935.5,674.5
2022-06-08 18:00:00+00:00,1237.5,880.5
2022-06-08 19:00:00+00:00,1201.0,777.75
2022-06-08 20:00:00+00:00,1108.5,748.5
2022-06-08 21:00:00+00:00,894.0,817.5
2022-06-08 22:00:00+00:00,721.25,705.5
2022-06-08 23:00:00+00:00,791.25,564.25
2022-06-09 00:00:00+00:00,734.0,591.25
2022-06-09 01:00:00+00:00,415.75,621.75
2022-06-09 02:00:00+00:00,387.25,495.75
2022-06-09 03:00:00+00:00,441.75,514.0
2022-06-09 04:00:00+00:00,553.5,533.0
2022-06-09 05:00:00+00:00,468.0,358.75
2022-06-09 06:00:00+00:00,377.0,329.0
2022-06-09 07:00:00+00:00,282.5,344.75
2022-06-09 08:00:00+00:00,284.25,388.75
2022-06-09 09:00:00+00:00,283.0,455.75
2022-06-09 10:00:00+00:00,176.0,580.0
2022-06-09 11:00:00+00:00,311.5,619.25
2022-06-09 12:00:00+00:00,376.5,613.5
2022-06-09 13:00:00+00:00,308.0,594.0
2022-06-09 14:00:00+00:00,459.5,594.75
2022-06-09 15:00:00+00:00,830.5,549.25
2022-06-09 16:00:00+00:00,951.25,532.25
2022-06-09 17:00:00+00:00,759.0,474.25
2022-06-09 18:00:00+00:00,819.75,391.5
2022-06-09 19:00:00+00:00,1103.75,302.0
2022-06-09 20:00:00+00:00,1235.25,279.25
2022-06-09 21:00:00+00:00,1088.25,352.25
2022-06-09 22:00:00+00:00,1243.5,529.0
2022-06-09 23:00:00+00:00,1136.5,662.5
2022-06-10 00:00:00+00:00,1298.5,676.5
2022-06-10 01:00:00+00:00,1192.25,745.25
2022-06-10 02:00:00+00:00,1254.25,721.5
2022-06-10 03:00:00+00:00,1180.75,684.25
2022-06-10 04:00:00+00:00,1036.5,716.5
2022-06-10 05:00:00+00:00,1101.75,660.5
2022-06-10 06:00:00+00:00,956.0,610.0
2022-06-10 07:00:00+00:00,1013.5,616.25
2022-06-10 08:00:00+00:00,1175.0,639.0
2022-06-10 09:00:00+00:00,1137.75,767.75
2022-06-10 10:00:00+00:00,1143.75,693.0
2022-06-10 11:00:00+00:00,1112.0,738.75
2022-06-10 12:00:00+00:00,1082.25,837.0
2022-06-10 13:00:00+00:00,1172.0,778.25
2022-06-10 14:00:00+00:00,1356.0,730.5
2022-06-10 15:00:00+00:00,1298.5,559.75
2022-06-10 16:00:00+00:00,1328.25,471.0
2022-06-10 17:00:00+00:00,1520.75,336.25
2022-06-10 18:00:00+00:00,1633.25,391.5
2022-06-10 19:00:00+00:00,1525.25,496.25
2022-06-10 20:00:00+00:00,1606.25,474.25
2022-06-10 21:00:00+00:00,1675.5,577.25
2022-06-10 22:00:00+00:00,1849.5,823.75
2022-06-10 23:00:00+00:00,1843.5,822.5
2022-06-11 00:00:00+00:00,1757.0,869.75
2022-06-11 01:00:00+00:00,1494.0,1040.5
2022-06-11 02:00:00+00:00,1134.25,1018.0
2022-06-11 03:00:00+00:00,918.0,1015.75
2022-06-11 04:00:00+00:00,681.0,1045.5
2022-06-11 05:00:00+00:00,639.25,841.5
2022-06-11 06:00:00+00:00,630.75,721.0
2022-06-11 07:00:00+00:00,604.75,542.5
2022-06-11 08:00:00+00:00,644.0,477.25
2022-06-11 09:00:00+00:00,608.25,476.5
2022-06-11 10:00:00+00:00,641.75,543.75
2022-06-11 11:00:00+00:00,505.25,545.5
2022-06-11 12:00:00+00:00,452.5,357.0
2022-06-11 13:00:00+00:00,476.25,461.75
2022-06-11 14:00:00+00:00,761.5,511.25
2022-06-11 15:00:00+00:00,883.5,659.25
2022-06-11 16:00:00+00:00,1042.0,634.75
2022-06-11 17:00:00+00:00,1192.0,596.75
2022-06-11 18:00:00+00:00,1280.5,462.5
2022-06-11 19:00:00+00:00,1391.25,444.25
2022-06-11 20:00:00+00:00,1281.5,503.5
2022-06-11 21:00:00+00:00,1142.0,610.25
2022-06-11 22:00:00+00:00,1046.25,614.75
2022-06-11 23:00:00+00:00,863.25,559.75
2022-06-12 00:00:00+00:00,777.75,503.5
2022-06-12 01:00:00+00:00,670.5,455.25
2022-06-12 02:00:00+00:00,729.25,404.25
2022-06-12 03:00:00+00:00,712.0,350.5
2022-06-12 04:00:00+00:00,499.5,305.75
2022-06-12 05:00:00+00:00,351.5,232.5
2022-06-12 06:00:00+00:00,226.75,180.5
2022-06-12 07:00:00+00:00,190.5,188.75
2022-06-12 08:00:00+00:00,183.0,228.75
2022-06-12 09:00:00+00:00,266.75,386.75
2022-06-12 10:00:00+00:00,373.75,562.0
2022-06-12 11:00:00+00:00,283.25,731.75
2022-06-12 12:00:00+00:00,416.0,777.0
2022-06-12 13:00:00+00:00,291.25,678.0
2022-06-12 14:00:00+00:00,497.5,750.25
2022-06-12 15:00:00+00:00,476.5,572.5
2022-06-12 16:00:00+00:00,425.5,404.0
2022-06-12 17:00:00+00:00,448.75,356.25
2022-06-12 18:00:00+00:00,513.25,313.75
2022-06-12 19:00:00+00:00,491.25,274.0
2022-06-12 20:00:00+00:00,462.75,237.75
2022-06-12 21:00:00+00:00,470.75,295.5
2022-06-12 22:00:00+00:00,410.75,420.5
2022-06-12 23:00:00+00:00,365.75,380.5
2022-06-13 00:00:00+00:00,379.75,331.0
2022-06-13 01:00:00+00:00,561.0,427.0
2022-06-13 02:00:00+00:00,1015.25,536.25
2022-06-13 03:00:00+00:00,951.25,781.25
2022-06-13 04:00:00+00:00,1018.75,821.25
2022-06-13 05:00:00+00:00,936.25,867.75
2022-06-13 06:00:00+00:00,887.25,925.0
2022-06-13 07:00:00+00:00,783.5,884.75
2022-06-13 08:00:00+00:00,701.5,908.0
2022-06-13 09:00:00+00:00,580.0,944.25
2022-06-13 10:00:00+00:00,467.5,902.0
2022-06-13 11:00:00+00:00,319.5,817.75
2022-06-13 12:00:00+00:00,236.5,736.25
2022-06-13 13:00:00+00:00,244.5,648.25
2022-06-13 14:00:00+00:00,270.5,559.75
2022-06-13 15:00:00+00:00,226.75,539.5
2022-06-13 16:00:00+00:00,163.75,436.0
2022-06-13 17:00:00+00:00,125.0,312.5
2022-06-13 18:00:00+00:00,120.5,243.75
2022-06-13 19:00:00+00:00,91.5,202.5
2022-06-13 20:00:00+00:00,66.75,215.25
2022-06-13 21:00:00+00:00,87.25,199.25
2022-06-13 22:00:00+00:00,88.5,185.0
2022-06-13 23:00:00+00:00,114.25,188.25
2022-06-14 00:00:00+00:00,104.75,174.5
2022-06-14 01:00:00+00:00,79.25,164.75
2022-06-14 02:00:00+00:00,57.0,124.5
2022-06-14 03:00:00+00:00,60.5,94.25
2022-06-14 04:00:00+00:00,79.25,126.5
2022-06-14 05:00:00+00:00,118.0,119.0
2022-06-14 06:00:00+00:00,132.0,96.0
2022-06-14 07:00:00+00:00,89.75,81.5
2022-06-14 08:00:00+00:00,84.0,75.25
2022-06-14 09:00:00+00:00,70.0,79.0
2022-06-14 10:00:00+00:00,37.75,88.5
2022-06-14 11:00:00+00:00,32.25,82.0
2022-06-14 12:00:00+00:00,34.75,75.75
2022-06-14 13:00:00+00:00,26.0,78.25
2022-06-14 14:00:00+00:00,28.5,83.25
2022-06-14 15:00:00+00:00,61.75,94.75
2022-06-14 16:00:00+00:00,169.0,112.75
2022-06-14 17:00:00+00:00,230.0,157.5
2022-06-14 18:00:00+00:00,257.75,181.25
2022-06-14 19:00:00+00:00,308.0,212.75
2022-06-14 20:00:00+00:00,394.75,284.75
2022-06-14 21:00:00+00:00,578.5,350.75
2022-06-14 22:00:00+00:00,485.5,373.75
2022-06-14 23:00:00+00:00,491.0,367.25
2022-06-15 00:00:00+00:00,432.75,342.75
2022-06-15 01:00:00+00:00,311.75,274.0
2022-06-15 02:00:00+00:00,199.75,250.75
2022-06-15 03:00:00+00:00,124.0,218.75
2022-06-15 04:00:00+00:00,78.25,174.0
2022-06-15 05:00:00+00:00,63.75,121.25
2022-06-15 06:00:00+00:00,59.0,65.25
2022-06-15 07:00:00+00:00,35.75,64.5
2022-06-15 08:00:00+00:00,16.25,107.5
2022-06-15 09:00:00+00:00,13.5,138.5
2022-06-15 10:00:00+00:00,36.5,128.5
2022-06-15 11:00:00+00:00,106.25,125.5
2022-06-15 12:00:00+00:00,168.0,160.5
2022-06-15 13:00:00+00:00,225.5,258.25
2022-06-15 14:00:00+00:00,269.25,343.0
2022-06-15 15:00:00+00:00,284.0,353.75
2022-06-15 16:00:00+00:00,333.0,355.25
2022-06-15 17:00:00+00:00,414.5,404.0
2022-06-15 18:00:00+00:00,439.75,448.25
2022-06-15 19:00:00+00:00,453.25,461.25
2022-06-15 20:00:00+00:00,534.0,479.25
2022-06-15 21:00:00+00:00,555.25,423.75
2022-06-15 22:00:00+00:00,511.5,416.75
2022-06-15 23:00:00+00:00,373.75,413.0
2022-06-16 00:00:00+00:00,206.0,314.0
2022-06-16 01:00:00+00:00,116.0,233.25
2022-06-16 02:00:00+00:00,39.5,184.0
2022-06-16 03:00:00+00:00,14.5,129.25
2022-06-16 04:00:00+00:00,5.0,103.5
2022-06-16 05:00:00+00:00,3.5,71.75
2022-06-16 06:00:00+00:00,2.5,60.25
2022-06-16 07:00:00+00:00,1.5,51.25
2022-06-16 08:00:00+00:00,9.0,49.75
2022-06-16 09:00:00+00:00,13.25,49.0
2022-06-16 10:00:00+00:00,48.25,53.25
2022-06-16 11:00:00+00:00,92.0,61.5
2022-06-16 12:00:00+00:00,72.25,73.75
2022-06-16 13:00:00+00:00,75.0,72.75
2022-06-16 14:00:00+00:00,42.0,62.75
2022-06-16 15:00:00+00:00,30.0,57.25
2022-06-16 16:00:00+00:00,49.0,48.5
2022-06-16 17:00:00+00:00,59.5,50.0
2022-06-16 18:00:00+00:00,30.25,48.75
2022-06-16 19:00:00+00:00,14.25,50.0
2022-06-16 20:00:00+00:00,55.5,44.75
2022-06-16 21:00:00+00:00,93.25,54.75
2022-06-16 22:00:00+00:00,153.75,80.5
2022-06-16 23:00:00+00:00,145.25,166.75
2022-06-17 00:00:00+00:00,196.25,222.5
2022-06-17 01:00:00+00:00,239.75,252.0
2022-06-17 02:00:00+00:00,309.0,360.0
2022-06-17 03:00:00+00:00,424.75,487.0
2022-06-17 04:00:00+00:00,680.5,592.75
2022-06-17 05:00:00+00:00,862.75,583.5
2022-06-17 06:00:00+00:00,825.25,473.25
2022-06-17 07:00:00+00:00,753.25,372.25
2022-06-17 08:00:00+00:00,637.0,372.5
2022-06-17 09:00:00+00:00,584.5,366.75
2022-06-17 10:00:00+00:00,614.5,383.25
2022-06-17 11:00:00+00:00,573.0,390.5
2022-06-17 12:00:00+00:00,577.25,434.5
2022-06-17 13:00:00+00:00,739.5,506.5
2022-06-17 14:00:00+00:00,1018.5,531.5
2022-06-17 15:00:00+00:00,1279.75,437.0
2022-06-17 16:00:00+00:00,1411.5,393.5
2022-06-17 17:00:00+00:00,1570.25,363.0
2022-06-17 18:00:00+00:00,1768.75,366.75
2022-06-17 19:00:00+00:00,1785.25,486.5
2022-06-17 20:00:00+00:00,1668.0,630.5
2022-06-17 21:00:00+00:00,1534.25,819.5
2022-06-17 22:00:00+00:00,1292.75,1108.0
2022-06-17 23:00:00+00:00,1077.0,1086.75
2022-06-18 00:00:00+00:00,809.0,900.25
2022-06-18 01:00:00+00:00,471.5,588.75
2022-06-18 02:00:00+00:00,231.0,339.25
2022-06-18 03:00:00+00:00,179.5,271.75
2022-06-18 04:00:00+00:00,135.0,146.5
2022-06-18 05:00:00+00:00,126.0,94.5
2022-06-18 06:00:00+00:00,149.0,87.0
2022-06-18 07:00:00+00:00,295.5,94.25
2022-06-18 08:00:00+00:00,335.5,102.0
2022-06-18 09:00:00+00:00,512.25,112.75
2022-06-18 10:00:00+00:00,461.5,86.75
2022-06-18 11:00:00+00:00,576.25,107.5
2022-06-18 12:00:00+00:00,806.25,283.25
2022-06-18 13:00:00+00:00,858.5,431.75
2022-06-18 14:00:00+00:00,1002.5,441.25
2022-06-18 15:00:00+00:00,1375.25,521.5
2022-06-18 16:00:00+00:00,1629.5,769.0
2022-06-18 17:00:00+00:00,1517.25,877.25
2022-06-18 18:00:00+00:00,1511.0,723.5
2022-06-18 19:00:00+00:00,1708.75,867.75
2022-06-18 20:00:00+00:00,1654.25,1143.5
2022-06-18 21:00:00+00:00,1701.5,1105.25
2022-06-18 22:00:00+00:00,1721.75,1166.0
2022-06-18 23:00:00+00:00,1716.25,1137.0
2022-06-19 00:00:00+00:00,1839.25,1183.5
2022-06-19 01:00:00+00:00,1390.5,1564.0
2022-06-19 02:00:00+00:00,1316.0,1436.0
2022-06-19 03:00:00+00:00,1427.0,1245.5
2022-06-19 04:00:00+00:00,1442.25,894.75
2022-06-19 05:00:00+00:00,622.0,878.0
2022-06-19 06:00:00+00:00,394.5,485.25
2022-06-19 07:00:00+00:00,580.75,367.75
2022-06-19 08:00:00+00:00,571.5,351.0
2022-06-19 09:00:00+00:00,676.25,486.0
2022-06-19 10:00:00+00:00,684.5,517.5
2022-06-19 11:00:00+00:00,389.75,460.0
2022-06-19 12:00:00+00:00,272.5,373.5
2022-06-19 13:00:00+00:00,275.25,343.75
2022-06-19 14:00:00+00:00,959.25,379.5
2022-06-19 15:00:00+00:00,405.5,317.25
2022-06-19 16:00:00+00:00,325.0,292.25
2022-06-19 17:00:00+00:00,313.0,313.5
2022-06-19 18:00:00+00:00,506.5,357.0
2022-06-19 19:00:00+00:00,584.5,401.75
2022-06-19 20:00:00+00:00,661.5,439.5
2022-06-19 21:00:00+00:00,882.0,439.5
2022-06-19 22:00:00+00:00,1213.75,433.75
2022-06-19 23:00:00+00:00,1147.25,432.25
2022-06-20 00:00:00+00:00,972.0,353.0
2022-06-20 01:00:00+00:00,1049.25,383.25
2022-06-20 02:00:00+00:00,921.5,407.25
2022-06-20 03:00:00+00:00,841.75,438.5
2022-06-20 04:00:00+00:00,737.75,443.0
2022-06-20 05:00:00+00:00,824.5,554.5
2022-06-20 06:00:00+00:00,983.0,800.0
2022-06-20 07:00:00+00:00,729.25,671.75
2022-06-20 08:00:00+00:00,685.25,650.75
2022-06-20 09:00:00+00:00,888.25,695.75
2022-06-20 10:00:00+00:00,1205.25,771.75
2022-06-20 11:00:00+00:00,1120.0,827.0
2022-06-20 12:00:00+00:00,1025.0,886.0
2022-06-20 13:00:00+00:00,951.75,903.5
2022-06-20 14:00:00+00:00,789.5,806.25
2022-06-20 15:00:00+00:00,582.25,712.0
2022-06-20 16:00:00+00:00,479.25,570.5
2022-06-20 17:00:00+00:00,432.75,461.0
2022-06-20 18:00:00+00:00,359.0,348.75
2022-06-20 19:00:00+00:00,212.0,254.5
2022-06-20 20:00:00+00:00,135.0,209.0
2022-06-20 21:00:00+00:00,100.0,186.5
2022-06-20 22:00:00+00:00,81.25,161.75
2022-06-20 23:00:00+00:00,123.25,141.0
2022-06-21 00:00:00+00:00,150.5,141.5
2022-06-21 01:00:00+00:00,84.25,128.0
2022-06-21 02:00:00+00:00,65.5,136.0
2022-06-21 03:00:00+00:00,73.5,131.0
2022-06-21 04:00:00+00:00,67.25,125.75
2022-06-21 05:00:00+00:00,89.5,115.75
2022-06-21 06:00:00+00:00,97.5,103.0
2022-06-21 07:00:00+00:00,43.75,94.0
2022-06-21 08:00:00+00:00,35.75,91.25
2022-06-21 09:00:00+00:00,48.5,87.25
2022-06-21 10:00:00+00:00,58.5,86.0
2022-06-21 11:00:00+00:00,70.0,85.75
2022-06-21 12:00:00+00:00,59.0,88.75
2022-06-21 13:00:00+00:00,42.75,92.0
2022-06-21 14:00:00+00:00,98.75,100.75
2022-06-21 15:00:00+00:00,123.25,135.0
2022-06-21 16:00:00+00:00,79.0,181.75
2022-06-21 17:00:00+00:00,163.25,193.5
2022-06-21 18:00:00+00:00,107.75,179.75
2022-06-21 19:00:00+00:00,68.0,198.25
2022-06-21 20:00:00+00:00,50.0,228.5
2022-06-21 21:00:00+00:00,35.5,244.0
2022-06-21 22:00:00+00:00,43.75,225.0
2022-06-21 23:00:00+00:00,48.5,179.25
2022-06-22 00:00:00+00:00,84.75,195.0
2022-06-22 01:00:00+00:00,90.75,162.75
2022-06-22 02:00:00+00:00,148.25,167.75
2022-06-22 03:00:00+00:00,90.25,160.0
2022-06-22 04:00:00+00:00,78.25,146.5
2022-06-22 05:00:00+00:00,74.25,125.25
2022-06-22 06:00:00+00:00,167.0,117.25
2022-06-22 07:00:00+00:00,199.75,135.25
2022-06-22 08:00:00+00:00,190.25,139.0
2022-06-22 09:00:00+00:00,161.25,135.5
2022-06-22 10:00:00+00:00,133.75,146.75
2022-06-22 11:00:00+00:00,155.25,160.5
2022-06-22 12:00:00+00:00,192.25,188.5
2022-06-22 13:00:00+00:00,260.5,264.25
2022-06-22 14:00:00+00:00,396.75,351.25
2022-06-22 15:00:00+00:00,449.25,428.25
2022-06-22 16:00:00+00:00,522.5,482.75
2022-06-22 17:00:00+00:00,569.5,568.0
2022-06-22 18:00:00+00:00,602.25,526.75
2022-06-22 19:00:00+00:00,645.0,562.75
2022-06-22 20:00:00+00:00,583.25,596.75
2022-06-22 21:00:00+00:00,508.5,623.5
2022-06-22 22:00:00+00:00,493.5,617.75
2022-06-22 23:00:00+00:00,482.5,578.5
2022-06-23 00:00:00+00:00,484.0,580.0
2022-06-23 01:00:00+00:00,464.5,668.25
2022-06-23 02:00:00+00:00,479.75,608.5
2022-06-23 03:00:00+00:00,561.5,608.0
2022-06-23 04:00:00+00:00,502.75,590.5
2022-06-23 05:00:00+00:00,415.75,412.5
2022-06-23 06:00:00+00:00,291.75,254.0
2022-06-23 07:00:00+00:00,173.5,153.5
2022-06-23 08:00:00+00:00,158.5,123.0
2022-06-23 09:00:00+00:00,116.5,155.25
2022-06-23 10:00:00+00:00,87.5,203.75
2022-06-23 11:00:00+00:00,74.0,242.0
2022-06-23 12:00:00+00:00,99.25,269.75
2022-06-23 13:00:00+00:00,213.5,255.0
2022-06-23 14:00:00+00:00,203.5,226.5
2022-06-23 15:00:00+00:00,198.75,190.75
2022-06-23 16:00:00+00:00,219.5,166.25
2022-06-23 17:00:00+00:00,259.5,150.5
2022-06-23 18:00:00+00:00,365.25,139.25
2022-06-23 19:00:00+00:00,410.25,136.0
2022-06-23 20:00:00+00:00,517.5,236.25
2022-06-23 21:00:00+00:00,607.5,312.5
2022-06-23 22:00:00+00:00,653.25,289.0
2022-06-23 23:00:00+00:00,637.0,250.75
2022-06-24 00:00:00+00:00,564.5,196.0
2022-06-24 01:00:00+00:00,275.5,240.25
2022-06-24 02:00:00+00:00,273.75,536.5
2022-06-24 03:00:00+00:00,234.75,465.5
2022-06-24 04:00:00+00:00,285.25,471.25
2022-06-24 05:00:00+00:00,243.75,362.5
2022-06-24 06:00:00+00:00,266.0,276.0
2022-06-24 07:00:00+00:00,508.0,191.75
2022-06-24 08:00:00+00:00,742.5,307.25
2022-06-24 09:00:00+00:00,524.0,372.5
2022-06-24 10:00:00+00:00,426.75,273.25
2022-06-24 11:00:00+00:00,296.5,233.0
2022-06-24 12:00:00+00:00,284.0,171.25
2022-06-24 13:00:00+00:00,226.25,151.0
2022-06-24 14:00:00+00:00,152.5,167.0
2022-06-24 15:00:00+00:00,170.75,182.25
2022-06-24 16:00:00+00:00,133.75,190.5
2022-06-24 17:00:00+00:00,94.25,94.25
2022-06-24 18:00:00+00:00,71.5,82.0
2022-06-24 19:00:00+00:00,93.5,146.25
2022-06-24 20:00:00+00:00,92.75,219.25
2022-06-24 21:00:00+00:00,107.75,301.5
2022-06-24 22:00:00+00:00,136.25,469.0
2022-06-24 23:00:00+00:00,255.75,570.25
2022-06-25 00:00:00+00:00,458.0,604.0
2022-06-25 01:00:00+00:00,973.75,666.0
2022-06-25 02:00:00+00:00,965.5,687.75
2022-06-25 03:00:00+00:00,845.0,698.25
2022-06-25 04:00:00+00:00,756.5,569.5
2022-06-25 05:00:00+00:00,735.75,511.25
2022-06-25 06:00:00+00:00,525.0,442.5
2022-06-25 07:00:00+00:00,397.25,345.0
2022-06-25 08:00:00+00:00,343.25,254.25
2022-06-25 09:00:00+00:00,243.75,242.75
2022-06-25 10:00:00+00:00,199.5,160.75
2022-06-25 11:00:00+00:00,66.75,148.25
2022-06-25 12:00:00+00:00,62.25,158.0
2022-06-25 13:00:00+00:00,12.0,144.0
2022-06-25 14:00:00+00:00,3.25,109.75
2022-06-25 15:00:00+00:00,1.5,108.0
2022-06-25 16:00:00+00:00,22.25,125.75
2022-06-25 17:00:00+00:00,75.25,129.5
2022-06-25 18:00:00+00:00,25.75,143.5
2022-06-25 19:00:00+00:00,47.75,131.5
2022-06-25 20:00:00+00:00,112.5,137.25
2022-06-25 21:00:00+00:00,248.25,146.75
2022-06-25 22:00:00+00:00,312.25,148.25
2022-06-25 23:00:00+00:00,293.75,224.0
2022-06-26 00:00:00+00:00,477.75,300.75
2022-06-26 01:00:00+00:00,444.75,428.75
2022-06-26 02:00:00+00:00,530.25,429.25
2022-06-26 03:00:00+00:00,451.0,385.25
2022-06-26 04:00:00+00:00,374.25,420.0
2022-06-26 05:00:00+00:00,255.25,335.5
2022-06-26 06:00:00+00:00,315.5,254.25
2022-06-26 07:00:00+00:00,194.5,247.25
2022-06-26 08:00:00+00:00,115.25,241.5
2022-06-26 09:00:00+00:00,143.0,167.75
2022-06-26 10:00:00+00:00,149.25,159.5
2022-06-26 11:00:00+00:00,90.0,188.75
2022-06-26 12:00:00+00:00,62.25,244.25
2022-06-26 13:00:00+00:00,35.25,301.0
2022-06-26 14:00:00+00:00,25.5,316.25
2022-06-26 15:00:00+00:00,6.5,335.25
2022-06-26 16:00:00+00:00,0.25,273.25
2022-06-26 17:00:00+00:00,0.0,207.25
2022-06-26 18:00:00+00:00,0.0,121.75
2022-06-26 19:00:00+00:00,4.75,102.75
2022-06-26 20:00:00+00:00,29.0,92.75
2022-06-26 21:00:00+00:00,45.0,96.75
2022-06-26 22:00:00+00:00,34.25,99.0
2022-06-26 23:00:00+00:00,49.25,88.25
2022-06-27 00:00:00+00:00,62.75,85.25
2022-06-27 01:00:00+00:00,62.25,92.75
2022-06-27 02:00:00+00:00,53.5,87.0
2022-06-27 03:00:00+00:00,21.75,90.5
2022-06-27 04:00:00+00:00,42.0,89.25
2022-06-27 05:00:00+00:00,50.5,90.75
2022-06-27 06:00:00+00:00,29.75,84.5
2022-06-27 07:00:00+00:00,21.25,76.5
2022-06-27 08:00:00+00:00,22.0,74.5
2022-06-27 09:00:00+00:00,22.0,77.75
2022-06-27 10:00:00+00:00,68.5,127.5
2022-06-27 11:00:00+00:00,224.0,264.0
2022-06-27 12:00:00+00:00,146.25,319.0
2022-06-27 13:00:00+00:00,199.25,148.75
2022-06-27 14:00:00+00:00,326.25,412.75
2022-06-27 15:00:00+00:00,726.5,442.25
2022-06-27 16:00:00+00:00,920.25,146.75
2022-06-27 17:00:00+00:00,1161.0,326.5
2022-06-27 18:00:00+00:00,1331.25,355.25
2022-06-27 19:00:00+00:00,847.25,472.0
2022-06-27 20:00:00+00:00,709.5,488.75
2022-06-27 21:00:00+00:00,606.25,541.25
2022-06-27 22:00:00+00:00,699.75,536.75
2022-06-27 23:00:00+00:00,682.0,597.75
2022-06-28 00:00:00+00:00,574.25,621.25
2022-06-28 01:00:00+00:00,516.75,586.75
2022-06-28 02:00:00+00:00,448.25,473.0
2022-06-28 03:00:00+00:00,271.5,421.0
2022-06-28 04:00:00+00:00,177.75,368.5
2022-06-28 05:00:00+00:00,199.25,287.0
2022-06-28 06:00:00+00:00,220.25,214.75
2022-06-28 07:00:00+00:00,180.5,164.25
2022-06-28 08:00:00+00:00,157.0,145.25
2022-06-28 09:00:00+00:00,141.75,141.0
2022-06-28 10:00:00+00:00,106.0,171.25
2022-06-28 11:00:00+00:00,63.75,197.0
2022-06-28 12:00:00+00:00,25.0,167.25
2022-06-28 13:00:00+00:00,8.25,139.5
2022-06-28 14:00:00+00:00,7.5,121.5
2022-06-28 15:00:00+00:00,14.5,80.25
2022-06-28 16:00:00+00:00,50.5,84.25
2022-06-28 17:00:00+00:00,69.5,96.5
2022-06-28 18:00:00+00:00,103.75,118.5
2022-06-28 19:00:00+00:00,142.0,225.5
2022-06-28 20:00:00+00:00,139.75,371.0
2022-06-28 21:00:00+00:00,240.5,513.75
2022-06-28 22:00:00+00:00,378.25,726.75
2022-06-28 23:00:00+00:00,448.75,931.25
2022-06-29 00:00:00+00:00,465.5,1040.0
2022-06-29 01:00:00+00:00,445.75,992.5
2022-06-29 02:00:00+00:00,494.75,900.0
2022-06-29 03:00:00+00:00,500.75,690.75
2022-06-29 04:00:00+00:00,384.25,534.0
2022-06-29 05:00:00+00:00,309.75,375.5
2022-06-29 06:00:00+00:00,275.75,229.5
2022-06-29 07:00:00+00:00,223.25,170.5
2022-06-29 08:00:00+00:00,177.25,160.0
2022-06-29 09:00:00+00:00,185.25,178.75
2022-06-29 10:00:00+00:00,226.75,252.75
2022-06-29 11:00:00+00:00,221.25,280.5
2022-06-29 12:00:00+00:00,227.25,213.75
2022-06-29 13:00:00+00:00,178.25,168.75
2022-06-29 14:00:00+00:00,145.5,169.0
2022-06-29 15:00:00+00:00,116.25,265.75
2022-06-29 16:00:00+00:00,104.75,218.75
2022-06-29 17:00:00+00:00,140.0,171.25
2022-06-29 18:00:00+00:00,120.5,179.5
2022-06-29 19:00:00+00:00,84.5,208.75
2022-06-29 20:00:00+00:00,45.25,260.0
2022-06-29 21:00:00+00:00,47.75,261.0
2022-06-29 22:00:00+00:00,212.0,280.5
2022-06-29 23:00:00+00:00,283.25,287.5
2022-06-30 00:00:00+00:00,259.0,422.0
2022-06-30 01:00:00+00:00,388.25,559.25
2022-06-30 02:00:00+00:00,326.75,526.5
2022-06-30 03:00:00+00:00,414.75,500.5
2022-06-30 04:00:00+00:00,446.25,452.25
2022-06-30 05:00:00+00:00,452.25,273.5
2022-06-30 06:00:00+00:00,429.5,169.5
2022-06-30 07:00:00+00:00,421.75,171.75
2022-06-30 08:00:00+00:00,413.0,204.25
2022-06-30 09:00:00+00:00,336.75,187.5
2022-06-30 10:00:00+00:00,275.25,178.5
2022-06-30 11:00:00+00:00,175.0,163.75
2022-06-30 12:00:00+00:00,124.25,254.75
2022-06-30 13:00:00+00:00,76.75,349.5
2022-06-30 14:00:00+00:00,63.0,462.0
2022-06-30 15:00:00+00:00,85.0,547.75
2022-06-30 16:00:00+00:00,182.0,735.75
2022-06-30 17:00:00+00:00,179.0,1135.5
2022-06-30 18:00:00+00:00,211.25,1244.25
2022-06-30 19:00:00+00:00,447.25,1000.5
2022-06-30 20:00:00+00:00,740.75,526.0
2022-06-30 21:00:00+00:00,1039.0,528.25
2022-06-30 22:00:00+00:00,1184.5,569.75
2022-06-30 23:00:00+00:00,1118.25,657.5
2022-07-01 00:00:00+00:00,1081.0,622.75
2022-07-01 01:00:00+00:00,1057.5,636.25
2022-07-01 02:00:00+00:00,1057.5,716.75
2022-07-01 03:00:00+00:00,1233.25,749.25
2022-07-01 04:00:00+00:00,1148.0,722.25
2022-07-01 05:00:00+00:00,1175.5,623.5
2022-07-01 06:00:00+00:00,1105.25,610.75
2022-07-01 07:00:00+00:00,1035.0,627.5
2022-07-01 08:00:00+00:00,1227.25,689.5
2022-07-01 09:00:00+00:00,1278.5,840.25
2022-07-01 10:00:00+00:00,1197.5,810.0
2022-07-01 11:00:00+00:00,1156.25,874.25
2022-07-01 12:00:00+00:00,1106.75,965.75
2022-07-01 13:00:00+00:00,1268.75,1107.0
2022-07-01 14:00:00+00:00,1734.25,1104.0
2022-07-01 15:00:00+00:00,1728.0,907.5
2022-07-01 16:00:00+00:00,1816.5,870.0
2022-07-01 17:00:00+00:00,1903.5,819.75
2022-07-01 18:00:00+00:00,1797.25,724.75
2022-07-01 19:00:00+00:00,1730.75,726.0
2022-07-01 20:00:00+00:00,1652.5,726.75
2022-07-01 21:00:00+00:00,1481.5,639.0
2022-07-01 22:00:00+00:00,1416.5,622.0
2022-07-01 23:00:00+00:00,1217.25,652.75
2022-07-02 00:00:00+00:00,1138.75,693.0
2022-07-02 01:00:00+00:00,1083.0,659.75
2022-07-02 02:00:00+00:00,993.25,730.25
2022-07-02 03:00:00+00:00,950.5,748.0
2022-07-02 04:00:00+00:00,987.0,652.75
2022-07-02 05:00:00+00:00,851.5,509.75
2022-07-02 06:00:00+00:00,870.5,377.75
2022-07-02 07:00:00+00:00,761.5,353.0
2022-07-02 08:00:00+00:00,557.75,428.75
2022-07-02 09:00:00+00:00,502.25,405.75
2022-07-02 10:00:00+00:00,483.25,436.0
2022-07-02 11:00:00+00:00,484.5,389.0
2022-07-02 12:00:00+00:00,323.0,333.0
2022-07-02 13:00:00+00:00,328.0,232.25
2022-07-02 14:00:00+00:00,318.25,171.75
2022-07-02 15:00:00+00:00,267.0,149.25
2022-07-02 16:00:00+00:00,315.5,144.25
2022-07-02 17:00:00+00:00,258.0,98.25
2022-07-02 18:00:00+00:00,196.5,59.0
2022-07-02 19:00:00+00:00,198.0,48.25
2022-07-02 20:00:00+00:00,265.5,60.5
2022-07-02 21:00:00+00:00,425.0,84.0
2022-07-02 22:00:00+00:00,463.25,122.25
2022-07-02 23:00:00+00:00,449.5,155.5
2022-07-03 00:00:00+00:00,428.5,191.75
2022-07-03 01:00:00+00:00,412.75,198.25
2022-07-03 02:00:00+00:00,285.25,235.25
2022-07-03 03:00:00+00:00,255.5,257.75
2022-07-03 04:00:00+00:00,209.75,243.5
2022-07-03 05:00:00+00:00,163.25,219.5
2022-07-03 06:00:00+00:00,137.25,201.5
2022-07-03 07:00:00+00:00,124.0,221.0
2022-07-03 08:00:00+00:00,165.25,253.5
2022-07-03 09:00:00+00:00,162.25,257.25
2022-07-03 10:00:00+00:00,194.5,291.5
2022-07-03 11:00:00+00:00,257.5,374.0
2022-07-03 12:00:00+00:00,329.75,441.0
2022-07-03 13:00:00+00:00,369.25,515.5
2022-07-03 14:00:00+00:00,354.25,576.0
2022-07-03 15:00:00+00:00,383.25,551.5
2022-07-03 16:00:00+00:00,337.25,488.25
2022-07-03 17:00:00+00:00,316.5,383.0
2022-07-03 18:00:00+00:00,276.0,296.75
2022-07-03 19:00:00+00:00,218.0,233.5
2022-07-03 20:00:00+00:00,270.0,248.25
2022-07-03 21:00:00+00:00,326.0,221.75
2022-07-03 22:00:00+00:00,345.5,224.0
2022-07-03 23:00:00+00:00,356.75,271.5
2022-07-04 00:00:00+00:00,266.0,322.75
2022-07-04 01:00:00+00:00,269.25,326.0
2022-07-04 02:00:00+00:00,323.25,329.25
2022-07-04 03:00:00+00:00,269.75,329.5
2022-07-04 04:00:00+00:00,270.0,342.25
2022-07-04 05:00:00+00:00,206.5,324.5
2022-07-04 06:00:00+00:00,193.75,202.25
2022-07-04 07:00:00+00:00,181.5,200.75
2022-07-04 08:00:00+00:00,237.0,289.75
2022-07-04 09:00:00+00:00,376.0,466.25
2022-07-04 10:00:00+00:00,446.5,634.25
2022-07-04 11:00:00+00:00,520.0,722.75
2022-07-04 12:00:00+00:00,506.25,729.75
2022-07-04 13:00:00+00:00,593.0,749.75
2022-07-04 14:00:00+00:00,597.75,714.0
2022-07-04 15:00:00+00:00,658.25,596.75
2022-07-04 16:00:00+00:00,585.0,546.0
2022-07-04 17:00:00+00:00,646.0,453.25
2022-07-04 18:00:00+00:00,622.0,363.0
2022-07-04 19:00:00+00:00,443.0,310.0
2022-07-04 20:00:00+00:00,319.5,230.5
2022-07-04 21:00:00+00:00,248.0,190.0
2022-07-04 22:00:00+00:00,254.5,190.75
2022-07-04 23:00:00+00:00,244.25,212.5
2022-07-05 00:00:00+00:00,219.0,233.75
2022-07-05 01:00:00+00:00,276.0,260.25
2022-07-05 02:00:00+00:00,274.75,304.75
2022-07-05 03:00:00+00:00,230.25,325.25
2022-07-05 04:00:00+00:00,276.0,300.5
2022-07-05 05:00:00+00:00,298.0,288.5
2022-07-05 06:00:00+00:00,326.75,301.0
2022-07-05 07:00:00+00:00,348.25,280.5
2022-07-05 08:00:00+00:00,374.5,301.0
2022-07-05 09:00:00+00:00,412.25,415.5
2022-07-05 10:00:00+00:00,524.75,548.0
2022-07-05 11:00:00+00:00,574.75,595.0
2022-07-05 12:00:00+00:00,515.25,613.0
2022-07-05 13:00:00+00:00,443.5,634.25
2022-07-05 14:00:00+00:00,445.25,701.75
2022-07-05 15:00:00+00:00,423.75,915.0
2022-07-05 16:00:00+00:00,375.25,803.25
2022-07-05 17:00:00+00:00,273.0,684.75
2022-07-05 18:00:00+00:00,434.0,546.75
2022-07-05 19:00:00+00:00,243.75,469.25
2022-07-05 20:00:00+00:00,286.5,489.75
2022-07-05 21:00:00+00:00,250.75,390.0
2022-07-05 22:00:00+00:00,271.5,358.0
2022-07-05 23:00:00+00:00,328.25,352.5
2022-07-06 00:00:00+00:00,343.0,371.5
2022-07-06 01:00:00+00:00,308.0,407.5
2022-07-06 02:00:00+00:00,305.25,471.25
2022-07-06 03:00:00+00:00,257.5,429.75
2022-07-06 04:00:00+00:00,279.0,415.25
2022-07-06 05:00:00+00:00,247.5,404.25
2022-07-06 06:00:00+00:00,212.0,345.75
2022-07-06 07:00:00+00:00,140.0,273.75
2022-07-06 08:00:00+00:00,99.25,232.75
2022-07-06 09:00:00+00:00,226.75,211.0
2022-07-06 10:00:00+00:00,253.25,226.5
2022-07-06 11:00:00+00:00,662.25,321.25
2022-07-06 12:00:00+00:00,791.5,569.75
2022-07-06 13:00:00+00:00,804.5,858.25
2022-07-06 14:00:00+00:00,750.0,1000.0
2022-07-06 15:00:00+00:00,640.75,965.25
2022-07-06 16:00:00+00:00,771.75,823.5
2022-07-06 17:00:00+00:00,858.25,836.25
2022-07-06 18:00:00+00:00,937.75,756.25
2022-07-06 19:00:00+00:00,1120.5,864.0
2022-07-06 20:00:00+00:00,1072.0,964.25
2022-07-06 21:00:00+00:00,1150.25,1108.75
2022-07-06 22:00:00+00:00,1361.25,1224.5
2022-07-06 23:00:00+00:00,1465.0,1222.75
2022-07-07 00:00:00+00:00,1655.0,1415.75
2022-07-07 01:00:00+00:00,1812.0,1580.25
2022-07-07 02:00:00+00:00,1843.25,1559.25
2022-07-07 03:00:00+00:00,1971.0,1666.25
2022-07-07 04:00:00+00:00,1720.5,1746.25
2022-07-07 05:00:00+00:00,1724.0,1742.25
2022-07-07 06:00:00+00:00,1894.25,1704.25
2022-07-07 07:00:00+00:00,1989.5,1648.75
2022-07-07 08:00:00+00:00,2032.25,1449.0
2022-07-07 09:00:00+00:00,2060.5,1691.25
2022-07-07 10:00:00+00:00,2060.25,1860.75
2022-07-07 11:00:00+00:00,2040.0,1877.25
2022-07-07 12:00:00+00:00,1981.25,1749.5
2022-07-07 13:00:00+00:00,1826.0,1635.5
2022-07-07 14:00:00+00:00,1695.25,1529.0
2022-07-07 15:00:00+00:00,1458.25,1425.25
2022-07-07 16:00:00+00:00,1359.25,1251.75
2022-07-07 17:00:00+00:00,1186.75,1115.5
2022-07-07 18:00:00+00:00,992.25,986.75
2022-07-07 19:00:00+00:00,892.5,892.25
2022-07-07 20:00:00+00:00,749.0,784.5
2022-07-07 21:00:00+00:00,594.25,649.75
2022-07-07 22:00:00+00:00,502.25,505.5
2022-07-07 23:00:00+00:00,412.5,370.25
2022-07-08 00:00:00+00:00,288.5,305.25
2022-07-08 01:00:00+00:00,303.75,244.0
2022-07-08 02:00:00+00:00,264.25,323.0
2022-07-08 03:00:00+00:00,269.0,362.0
2022-07-08 04:00:00+00:00,315.5,296.0
2022-07-08 05:00:00+00:00,252.0,226.25
2022-07-08 06:00:00+00:00,266.75,183.5
2022-07-08 07:00:00+00:00,246.25,176.75
2022-07-08 08:00:00+00:00,226.25,201.5
2022-07-08 09:00:00+00:00,228.25,260.75
2022-07-08 10:00:00+00:00,203.75,306.75
2022-07-08 11:00:00+00:00,116.25,353.75
2022-07-08 12:00:00+00:00,103.5,417.0
2022-07-08 13:00:00+00:00,84.75,459.0
2022-07-08 14:00:00+00:00,69.75,427.25
2022-07-08 15:00:00+00:00,73.5,363.25
2022-07-08 16:00:00+00:00,45.75,279.0
2022-07-08 17:00:00+00:00,29.25,232.0
2022-07-08 18:00:00+00:00,32.75,181.75
2022-07-08 19:00:00+00:00,19.0,148.75
2022-07-08 20:00:00+00:00,19.0,161.25
2022-07-08 21:00:00+00:00,56.25,198.0
2022-07-08 22:00:00+00:00,58.5,193.5
2022-07-08 23:00:00+00:00,131.5,178.25
2022-07-09 00:00:00+00:00,167.5,215.5
2022-07-09 01:00:00+00:00,211.0,323.5
2022-07-09 02:00:00+00:00,268.75,296.0
2022-07-09 03:00:00+00:00,374.0,244.0
2022-07-09 04:00:00+00:00,556.5,264.0
2022-07-09 05:00:00+00:00,795.5,303.25
2022-07-09 06:00:00+00:00,943.25,331.75
2022-07-09 07:00:00+00:00,946.5,396.25
2022-07-09 08:00:00+00:00,840.75,451.25
2022-07-09 09:00:00+00:00,514.5,534.25
2022-07-09 10:00:00+00:00,687.0,785.25
2022-07-09 11:00:00+00:00,637.25,885.0
2022-07-09 12:00:00+00:00,261.0,615.25
2022-07-09 13:00:00+00:00,236.0,745.25
2022-07-09 14:00:00+00:00,848.5,944.75
2022-07-09 15:00:00+00:00,904.25,1384.0
2022-07-09 16:00:00+00:00,1009.5,1373.75
2022-07-09 17:00:00+00:00,950.0,1278.5
2022-07-09 18:00:00+00:00,954.25,1004.5
2022-07-09 19:00:00+00:00,968.5,832.75
2022-07-09 20:00:00+00:00,902.25,707.25
2022-07-09 21:00:00+00:00,832.0,634.75
2022-07-09 22:00:00+00:00,708.5,600.75
2022-07-09 23:00:00+00:00,545.5,590.0
2022-07-10 00:00:00+00:00,576.25,563.25
2022-07-10 01:00:00+00:00,558.5,532.75
2022-07-10 02:00:00+00:00,566.75,594.0
2022-07-10 03:00:00+00:00,542.75,661.0
2022-07-10 04:00:00+00:00,524.75,659.25
2022-07-10 05:00:00+00:00,489.0,708.5
2022-07-10 06:00:00+00:00,436.25,806.0
2022-07-10 07:00:00+00:00,439.75,785.5
2022-07-10 08:00:00+00:00,139.5,723.0
2022-07-10 09:00:00+00:00,64.25,581.75
2022-07-10 10:00:00+00:00,101.5,595.75
2022-07-10 11:00:00+00:00,88.5,501.0
2022-07-10 12:00:00+00:00,164.5,499.75
2022-07-10 13:00:00+00:00,145.25,443.0
2022-07-10 14:00:00+00:00,131.0,512.5
2022-07-10 15:00:00+00:00,105.5,636.0
2022-07-10 16:00:00+00:00,181.75,576.25
2022-07-10 17:00:00+00:00,207.5,491.25
2022-07-10 18:00:00+00:00,129.75,393.5
2022-07-10 19:00:00+00:00,100.0,355.75
2022-07-10 20:00:00+00:00,102.75,342.0
2022-07-10 21:00:00+00:00,80.5,265.75
2022-07-10 22:00:00+00:00,64.0,175.5
2022-07-10 23:00:00+00:00,55.25,137.25
2022-07-11 00:00:00+00:00,79.75,134.25
2022-07-11 01:00:00+00:00,93.25,123.5
2022-07-11 02:00:00+00:00,120.0,138.5
2022-07-11 03:00:00+00:00,150.75,156.0
2022-07-11 04:00:00+00:00,161.25,207.75
2022-07-11 05:00:00+00:00,131.75,194.75
2022-07-11 06:00:00+00:00,133.5,144.75
2022-07-11 07:00:00+00:00,88.0,156.0
2022-07-11 08:00:00+00:00,65.25,137.0
2022-07-11 09:00:00+00:00,49.75,113.0
2022-07-11 10:00:00+00:00,39.75,101.75
2022-07-11 11:00:00+00:00,31.25,110.25
2022-07-11 12:00:00+00:00,18.25,112.0
2022-07-11 13:00:00+00:00,9.5,106.5
2022-07-11 14:00:00+00:00,20.25,107.75
2022-07-11 15:00:00+00:00,6.5,109.75
2022-07-11 16:00:00+00:00,6.0,98.25
2022-07-11 17:00:00+00:00,5.5,96.0
2022-07-11 18:00:00+00:00,13.75,91.25
2022-07-11 19:00:00+00:00,61.5,102.0
2022-07-11 20:00:00+00:00,65.75,106.75
2022-07-11 21:00:00+00:00,54.25,125.75
2022-07-11 22:00:00+00:00,113.0,131.75
2022-07-11 23:00:00+00:00,204.75,194.0
2022-07-12 00:00:00+00:00,203.75,257.25
2022-07-12 01:00:00+00:00,223.25,216.25
2022-07-12 02:00:00+00:00,223.0,201.75
2022-07-12 03:00:00+00:00,180.25,190.0
2022-07-12 04:00:00+00:00,174.5,178.0
2022-07-12 05:00:00+00:00,181.5,155.25
2022-07-12 06:00:00+00:00,220.5,165.5
2022-07-12 07:00:00+00:00,251.5,167.25
2022-07-12 08:00:00+00:00,253.0,165.0
2022-07-12 09:00:00+00:00,267.0,151.0
2022-07-12 10:00:00+00:00,315.5,135.0
2022-07-12 11:00:00+00:00,340.25,136.0
2022-07-12 12:00:00+00:00,388.0,128.25
2022-07-12 13:00:00+00:00,422.75,87.75
2022-07-12 14:00:00+00:00,367.25,115.75
2022-07-12 15:00:00+00:00,386.0,123.5
2022-07-12 16:00:00+00:00,297.75,96.5
2022-07-12 17:00:00+00:00,305.75,82.75
2022-07-12 18:00:00+00:00,272.25,89.75
2022-07-12 19:00:00+00:00,252.5,110.0
2022-07-12 20:00:00+00:00,330.25,169.75
2022-07-12 21:00:00+00:00,360.0,274.75
2022-07-12 22:00:00+00:00,489.0,411.5
2022-07-12 23:00:00+00:00,464.25,657.75
2022-07-13 00:00:00+00:00,486.0,628.25
2022-07-13 01:00:00+00:00,448.75,733.5
2022-07-13 02:00:00+00:00,305.0,869.5
2022-07-13 03:00:00+00:00,300.5,766.5
2022-07-13 04:00:00+00:00,440.0,640.75
2022-07-13 05:00:00+00:00,400.25,442.5
2022-07-13 06:00:00+00:00,293.25,235.25
2022-07-13 07:00:00+00:00,243.75,150.75
2022-07-13 08:00:00+00:00,239.5,144.25
2022-07-13 09:00:00+00:00,326.5,220.25
2022-07-13 10:00:00+00:00,397.5,362.25
2022-07-13 11:00:00+00:00,552.0,485.75
2022-07-13 12:00:00+00:00,623.75,541.5
2022-07-13 13:00:00+00:00,464.5,486.5
2022-07-13 14:00:00+00:00,483.25,550.0
2022-07-13 15:00:00+00:00,451.75,630.25
2022-07-13 16:00:00+00:00,366.5,642.75
2022-07-13 17:00:00+00:00,341.75,575.0
2022-07-13 18:00:00+00:00,382.75,405.75
2022-07-13 19:00:00+00:00,347.25,302.25
2022-07-13 20:00:00+00:00,296.5,247.5
2022-07-13 21:00:00+00:00,239.5,209.5
2022-07-13 22:00:00+00:00,146.5,149.0
2022-07-13 23:00:00+00:00,96.75,113.75
2022-07-14 00:00:00+00:00,97.5,98.5
2022-07-14 01:00:00+00:00,73.25,98.25
2022-07-14 02:00:00+00:00,79.0,104.75
2022-07-14 03:00:00+00:00,105.5,102.75
2022-07-14 04:00:00+00:00,128.25,116.0
2022-07-14 05:00:00+00:00,91.0,115.75
2022-07-14 06:00:00+00:00,107.5,98.5
2022-07-14 07:00:00+00:00,185.5,98.5
2022-07-14 08:00:00+00:00,287.25,98.75
2022-07-14 09:00:00+00:00,342.0,126.0
2022-07-14 10:00:00+00:00,269.75,144.75
2022-07-14 11:00:00+00:00,238.25,196.75
2022-07-14 12:00:00+00:00,212.5,273.0
2022-07-14 13:00:00+00:00,216.25,366.75
2022-07-14 14:00:00+00:00,324.0,722.5
2022-07-14 15:00:00+00:00,361.25,911.5
2022-07-14 16:00:00+00:00,355.0,802.25
2022-07-14 17:00:00+00:00,504.5,712.0
2022-07-14 18:00:00+00:00,609.0,658.75
2022-07-14 19:00:00+00:00,603.25,648.75
2022-07-14 20:00:00+00:00,656.5,482.75
2022-07-14 21:00:00+00:00,574.75,374.25
2022-07-14 22:00:00+00:00,543.5,335.5
2022-07-14 23:00:00+00:00,507.0,325.0
2022-07-15 00:00:00+00:00,472.25,347.0
2022-07-15 01:00:00+00:00,529.75,384.25
2022-07-15 02:00:00+00:00,521.25,294.5
2022-07-15 03:00:00+00:00,466.25,210.0
2022-07-15 04:00:00+00:00,389.5,175.5
2022-07-15 05:00:00+00:00,400.25,154.25
2022-07-15 06:00:00+00:00,311.5,148.75
2022-07-15 07:00:00+00:00,179.5,149.25
2022-07-15 08:00:00+00:00,172.25,195.5
2022-07-15 09:00:00+00:00,313.75,259.75
2022-07-15 10:00:00+00:00,312.75,290.25
2022-07-15 11:00:00+00:00,221.75,342.5
2022-07-15 12:00:00+00:00,208.25,413.0
2022-07-15 13:00:00+00:00,235.25,476.5
2022-07-15 14:00:00+00:00,258.0,486.25
2022-07-15 15:00:00+00:00,327.75,483.75
2022-07-15 16:00:00+00:00,383.75,519.0
2022-07-15 17:00:00+00:00,458.75,513.5
2022-07-15 18:00:00+00:00,438.75,400.75
2022-07-15 19:00:00+00:00,388.5,388.5
2022-07-15 20:00:00+00:00,761.5,491.75
2022-07-15 21:00:00+00:00,694.0,569.25
2022-07-15 22:00:00+00:00,686.75,717.75
2022-07-15 23:00:00+00:00,765.25,918.75
2022-07-16 00:00:00+00:00,740.0,859.25
2022-07-16 01:00:00+00:00,819.0,704.75
2022-07-16 02:00:00+00:00,1004.5,683.5
2022-07-16 03:00:00+00:00,846.75,759.5
2022-07-16 04:00:00+00:00,768.0,892.0
2022-07-16 05:00:00+00:00,688.0,803.0
2022-07-16 06:00:00+00:00,669.0,739.75
2022-07-16 07:00:00+00:00,539.75,739.75
2022-07-16 08:00:00+00:00,377.0,563.0
2022-07-16 09:00:00+00:00,373.5,506.75
2022-07-16 10:00:00+00:00,327.5,350.5
2022-07-16 11:00:00+00:00,222.5,366.0
2022-07-16 12:00:00+00:00,192.5,356.25
2022-07-16 13:00:00+00:00,254.0,326.5
2022-07-16 14:00:00+00:00,165.75,283.25
2022-07-16 15:00:00+00:00,237.75,297.25
2022-07-16 16:00:00+00:00,257.25,281.5
2022-07-16 17:00:00+00:00,245.5,264.25
2022-07-16 18:00:00+00:00,225.75,229.0
2022-07-16 19:00:00+00:00,194.75,194.5
2022-07-16 20:00:00+00:00,164.75,155.5
2022-07-16 21:00:00+00:00,130.5,127.0
2022-07-16 22:00:00+00:00,113.5,105.75
2022-07-16 23:00:00+00:00,64.5,105.75
2022-07-17 00:00:00+00:00,47.0,110.25
2022-07-17 01:00:00+00:00,42.5,108.0
2022-07-17 02:00:00+00:00,23.25,109.0
2022-07-17 03:00:00+00:00,6.25,100.5
2022-07-17 04:00:00+00:00,14.75,100.0
2022-07-17 05:00:00+00:00,53.5,100.25
2022-07-17 06:00:00+00:00,63.0,90.0
2022-07-17 07:00:00+00:00,113.25,88.0
2022-07-17 08:00:00+00:00,65.25,85.0
2022-07-17 09:00:00+00:00,60.5,86.5
2022-07-17 10:00:00+00:00,72.5,103.5
2022-07-17 11:00:00+00:00,109.5,93.5
2022-07-17 12:00:00+00:00,112.5,99.75
2022-07-17 13:00:00+00:00,98.5,93.0
2022-07-17 14:00:00+00:00,87.75,85.25
2022-07-17 15:00:00+00:00,116.0,91.5
2022-07-17 16:00:00+00:00,135.5,100.5
2022-07-17 17:00:00+00:00,101.25,112.5
2022-07-17 18:00:00+00:00,71.75,127.5
2022-07-17 19:00:00+00:00,76.25,155.0
2022-07-17 20:00:00+00:00,81.25,166.0
2022-07-17 21:00:00+00:00,107.75,144.5
2022-07-17 22:00:00+00:00,139.75,151.5
2022-07-17 23:00:00+00:00,256.0,201.0
2022-07-18 00:00:00+00:00,377.75,281.25
2022-07-18 01:00:00+00:00,546.5,310.0
2022-07-18 02:00:00+00:00,660.25,370.5
2022-07-18 03:00:00+00:00,735.5,435.75
2022-07-18 04:00:00+00:00,562.25,422.75
2022-07-18 05:00:00+00:00,467.25,421.5
2022-07-18 06:00:00+00:00,470.5,331.75
2022-07-18 07:00:00+00:00,342.25,166.5
2022-07-18 08:00:00+00:00,296.0,120.25
2022-07-18 09:00:00+00:00,274.0,112.75
2022-07-18 10:00:00+00:00,306.25,95.5
2022-07-18 11:00:00+00:00,284.5,89.5
2022-07-18 12:00:00+00:00,235.75,87.0
2022-07-18 13:00:00+00:00,184.75,83.75
2022-07-18 14:00:00+00:00,88.5,84.5
2022-07-18 15:00:00+00:00,61.75,82.5
2022-07-18 16:00:00+00:00,32.75,78.75
2022-07-18 17:00:00+00:00,69.0,79.5
2022-07-18 18:00:00+00:00,78.5,78.5
2022-07-18 19:00:00+00:00,137.25,82.5
2022-07-18 20:00:00+00:00,214.0,108.75
2022-07-18 21:00:00+00:00,315.0,141.5
2022-07-18 22:00:00+00:00,352.25,210.5
2022-07-18 23:00:00+00:00,356.75,252.75
2022-07-19 00:00:00+00:00,390.75,266.75
2022-07-19 01:00:00+00:00,450.75,299.25
2022-07-19 02:00:00+00:00,495.75,350.0
2022-07-19 03:00:00+00:00,506.0,361.5
2022-07-19 04:00:00+00:00,445.5,351.5
2022-07-19 05:00:00+00:00,468.0,323.75
2022-07-19 06:00:00+00:00,544.5,294.75
2022-07-19 07:00:00+00:00,483.0,239.0
2022-07-19 08:00:00+00:00,416.25,163.0
2022-07-19 09:00:00+00:00,346.75,152.25
2022-07-19 10:00:00+00:00,301.25,208.5
2022-07-19 11:00:00+00:00,239.0,287.5
2022-07-19 12:00:00+00:00,220.0,329.25
2022-07-19 13:00:00+00:00,294.5,324.5
2022-07-19 14:00:00+00:00,353.5,305.0
2022-07-19 15:00:00+00:00,443.75,325.75
2022-07-19 16:00:00+00:00,484.25,338.25
2022-07-19 17:00:00+00:00,518.25,280.75
2022-07-19 18:00:00+00:00,651.0,350.25
2022-07-19 19:00:00+00:00,724.25,500.0
2022-07-19 20:00:00+00:00,815.25,719.0
2022-07-19 21:00:00+00:00,999.75,913.0
2022-07-19 22:00:00+00:00,1029.5,990.75
2022-07-19 23:00:00+00:00,1147.75,992.5
2022-07-20 00:00:00+00:00,1699.25,1189.5
2022-07-20 01:00:00+00:00,1344.5,1272.25
2022-07-20 02:00:00+00:00,1318.5,1055.0
2022-07-20 03:00:00+00:00,1377.5,853.75
2022-07-20 04:00:00+00:00,1498.0,734.25
2022-07-20 05:00:00+00:00,1659.75,737.75
2022-07-20 06:00:00+00:00,1897.5,805.0
2022-07-20 07:00:00+00:00,1531.75,934.75
2022-07-20 08:00:00+00:00,1007.25,1092.0
2022-07-20 09:00:00+00:00,985.25,807.75
2022-07-20 10:00:00+00:00,680.0,683.0
2022-07-20 11:00:00+00:00,687.75,639.25
2022-07-20 12:00:00+00:00,830.25,481.0
2022-07-20 13:00:00+00:00,703.75,520.5
2022-07-20 14:00:00+00:00,645.5,520.5
2022-07-20 15:00:00+00:00,572.25,395.5
2022-07-20 16:00:00+00:00,576.0,261.25
2022-07-20 17:00:00+00:00,486.0,321.25
2022-07-20 18:00:00+00:00,554.0,380.25
2022-07-20 19:00:00+00:00,485.5,386.25
2022-07-20 20:00:00+00:00,413.0,352.25
2022-07-20 21:00:00+00:00,622.25,304.5
2022-07-20 22:00:00+00:00,845.75,331.75
2022-07-20 23:00:00+00:00,794.75,337.5
2022-07-21 00:00:00+00:00,627.75,237.0
2022-07-21 01:00:00+00:00,492.25,291.5
2022-07-21 02:00:00+00:00,717.25,298.5
2022-07-21 03:00:00+00:00,696.25,255.25
2022-07-21 04:00:00+00:00,651.75,257.75
2022-07-21 05:00:00+00:00,681.5,285.75
2022-07-21 06:00:00+00:00,583.0,332.25
2022-07-21 07:00:00+00:00,804.5,377.5
2022-07-21 08:00:00+00:00,762.25,385.25
2022-07-21 09:00:00+00:00,879.5,427.75
2022-07-21 10:00:00+00:00,994.0,498.5
2022-07-21 11:00:00+00:00,1110.0,527.25
2022-07-21 12:00:00+00:00,1377.75,523.75
2022-07-21 13:00:00+00:00,1498.25,591.5
2022-07-21 14:00:00+00:00,1368.5,939.0
2022-07-21 15:00:00+00:00,1292.75,1157.0
2022-07-21 16:00:00+00:00,1203.5,1438.5
2022-07-21 17:00:00+00:00,1088.25,1286.0
2022-07-21 18:00:00+00:00,924.5,998.75
2022-07-21 19:00:00+00:00,799.75,799.75
2022-07-21 20:00:00+00:00,872.25,689.75
2022-07-21 21:00:00+00:00,724.75,566.75
2022-07-21 22:00:00+00:00,643.0,517.0
2022-07-21 23:00:00+00:00,634.0,404.25
2022-07-22 00:00:00+00:00,534.0,344.75
2022-07-22 01:00:00+00:00,410.25,319.75
2022-07-22 02:00:00+00:00,372.25,291.5
2022-07-22 03:00:00+00:00,350.0,258.0
2022-07-22 04:00:00+00:00,289.5,185.5
2022-07-22 05:00:00+00:00,240.75,154.25
2022-07-22 06:00:00+00:00,211.0,142.5
2022-07-22 07:00:00+00:00,213.5,131.0
2022-07-22 08:00:00+00:00,188.5,177.5
2022-07-22 09:00:00+00:00,160.5,155.5
2022-07-22 10:00:00+00:00,149.0,109.75
2022-07-22 11:00:00+00:00,132.25,118.5
2022-07-22 12:00:00+00:00,168.0,127.5
2022-07-22 13:00:00+00:00,222.5,139.25
2022-07-22 14:00:00+00:00,291.75,159.5
2022-07-22 15:00:00+00:00,316.25,181.25
2022-07-22 16:00:00+00:00,333.5,211.25
2022-07-22 17:00:00+00:00,374.5,216.0
2022-07-22 18:00:00+00:00,363.5,186.0
2022-07-22 19:00:00+00:00,293.5,164.25
2022-07-22 20:00:00+00:00,170.25,146.75
2022-07-22 21:00:00+00:00,167.75,134.75
2022-07-22 22:00:00+00:00,140.0,124.25
2022-07-22 23:00:00+00:00,147.5,123.25
2022-07-23 00:00:00+00:00,110.5,122.75
2022-07-23 01:00:00+00:00,42.0,111.0
2022-07-23 02:00:00+00:00,24.5,102.25
2022-07-23 03:00:00+00:00,36.75,99.75
2022-07-23 04:00:00+00:00,52.5,123.25
2022-07-23 05:00:00+00:00,108.75,149.25
2022-07-23 06:00:00+00:00,70.5,133.0
2022-07-23 07:00:00+00:00,99.0,115.25
2022-07-23 08:00:00+00:00,75.25,113.75
2022-07-23 09:00:00+00:00,59.0,109.5
2022-07-23 10:00:00+00:00,53.5,115.75
2022-07-23 11:00:00+00:00,22.25,123.0
2022-07-23 12:00:00+00:00,9.25,122.5
2022-07-23 13:00:00+00:00,1.5,117.5
2022-07-23 14:00:00+00:00,6.25,109.25
2022-07-23 15:00:00+00:00,1.0,99.5
2022-07-23 16:00:00+00:00,1.5,92.0
2022-07-23 17:00:00+00:00,75.0,88.75
2022-07-23 18:00:00+00:00,211.5,92.0
2022-07-23 19:00:00+00:00,310.75,104.0
2022-07-23 20:00:00+00:00,446.5,174.5
2022-07-23 21:00:00+00:00,665.0,264.5
2022-07-23 22:00:00+00:00,803.5,386.0
2022-07-23 23:00:00+00:00,870.5,535.5
2022-07-24 00:00:00+00:00,907.75,605.0
2022-07-24 01:00:00+00:00,861.0,668.5
2022-07-24 02:00:00+00:00,886.0,566.75
2022-07-24 03:00:00+00:00,937.5,486.25
2022-07-24 04:00:00+00:00,999.25,534.5
2022-07-24 05:00:00+00:00,1009.5,593.0
2022-07-24 06:00:00+00:00,1065.0,559.25
2022-07-24 07:00:00+00:00,1101.25,530.75
2022-07-24 08:00:00+00:00,1056.25,613.0
2022-07-24 09:00:00+00:00,628.75,630.0
2022-07-24 10:00:00+00:00,741.0,546.25
2022-07-24 11:00:00+00:00,282.0,493.75
2022-07-24 12:00:00+00:00,312.5,465.25
2022-07-24 13:00:00+00:00,658.25,477.5
2022-07-24 14:00:00+00:00,849.25,568.5
2022-07-24 15:00:00+00:00,860.5,462.25
2022-07-24 16:00:00+00:00,695.75,412.0
2022-07-24 17:00:00+00:00,620.0,365.25
2022-07-24 18:00:00+00:00,556.0,243.0
2022-07-24 19:00:00+00:00,392.25,255.0
2022-07-24 20:00:00+00:00,319.5,345.25
2022-07-24 21:00:00+00:00,412.5,480.0
2022-07-24 22:00:00+00:00,369.5,519.0
2022-07-24 23:00:00+00:00,312.0,536.0
2022-07-25 00:00:00+00:00,200.5,477.0
2022-07-25 01:00:00+00:00,265.5,259.0
2022-07-25 02:00:00+00:00,515.5,248.25
2022-07-25 03:00:00+00:00,668.0,368.25
2022-07-25 04:00:00+00:00,668.5,459.75
2022-07-25 05:00:00+00:00,957.5,516.75
2022-07-25 06:00:00+00:00,1125.75,625.5
2022-07-25 07:00:00+00:00,1165.0,649.0
2022-07-25 08:00:00+00:00,1508.25,786.5
2022-07-25 09:00:00+00:00,1819.0,1052.0
2022-07-25 10:00:00+00:00,1957.5,1326.75
2022-07-25 11:00:00+00:00,1983.75,1470.0
2022-07-25 12:00:00+00:00,1954.75,1601.0
2022-07-25 13:00:00+00:00,1991.25,1806.0
2022-07-25 14:00:00+00:00,2071.25,1845.75
2022-07-25 15:00:00+00:00,2028.75,1768.25
2022-07-25 16:00:00+00:00,2020.5,1839.75
2022-07-25 17:00:00+00:00,2000.25,1705.5
2022-07-25 18:00:00+00:00,1888.25,1472.0
2022-07-25 19:00:00+00:00,1688.25,1376.0
2022-07-25 20:00:00+00:00,1352.0,1242.75
2022-07-25 21:00:00+00:00,919.0,1077.25
2022-07-25 22:00:00+00:00,769.75,884.0
2022-07-25 23:00:00+00:00,1399.75,778.0
2022-07-26 00:00:00+00:00,1436.5,741.75
2022-07-26 01:00:00+00:00,1031.75,650.75
2022-07-26 02:00:00+00:00,921.25,647.25
2022-07-26 03:00:00+00:00,859.75,552.0
2022-07-26 04:00:00+00:00,700.5,504.5
2022-07-26 05:00:00+00:00,891.75,520.75
2022-07-26 06:00:00+00:00,995.0,579.0
2022-07-26 07:00:00+00:00,1059.75,553.25
2022-07-26 08:00:00+00:00,979.25,562.0
2022-07-26 09:00:00+00:00,829.25,635.75
2022-07-26 10:00:00+00:00,732.5,624.0
2022-07-26 11:00:00+00:00,619.0,547.5
2022-07-26 12:00:00+00:00,553.25,590.0
2022-07-26 13:00:00+00:00,526.25,598.5
2022-07-26 14:00:00+00:00,553.5,663.25
2022-07-26 15:00:00+00:00,507.75,703.0
2022-07-26 16:00:00+00:00,476.0,652.5
2022-07-26 17:00:00+00:00,569.5,612.0
2022-07-26 18:00:00+00:00,529.25,483.25
2022-07-26 19:00:00+00:00,413.25,508.75
2022-07-26 20:00:00+00:00,367.75,413.75
2022-07-26 21:00:00+00:00,343.0,341.5
2022-07-26 22:00:00+00:00,356.0,286.5
2022-07-26 23:00:00+00:00,341.25,265.75
2022-07-27 00:00:00+00:00,245.75,328.5
2022-07-27 01:00:00+00:00,252.25,340.25
2022-07-27 02:00:00+00:00,390.25,342.25
2022-07-27 03:00:00+00:00,433.0,348.25
2022-07-27 04:00:00+00:00,526.5,315.25
2022-07-27 05:00:00+00:00,505.5,305.75
2022-07-27 06:00:00+00:00,382.75,235.0
2022-07-27 07:00:00+00:00,315.75,247.5
2022-07-27 08:00:00+00:00,324.25,257.0
2022-07-27 09:00:00+00:00,288.75,292.0
2022-07-27 10:00:00+00:00,228.75,291.0
2022-07-27 11:00:00+00:00,203.25,315.0
2022-07-27 12:00:00+00:00,260.5,354.0
2022-07-27 13:00:00+00:00,295.5,381.75
2022-07-27 14:00:00+00:00,318.25,415.75
2022-07-27 15:00:00+00:00,362.25,475.5
2022-07-27 16:00:00+00:00,391.5,538.5
2022-07-27 17:00:00+00:00,442.0,560.75
2022-07-27 18:00:00+00:00,588.0,496.75
2022-07-27 19:00:00+00:00,610.25,431.0
2022-07-27 20:00:00+00:00,598.0,411.5
2022-07-27 21:00:00+00:00,623.75,419.5
2022-07-27 22:00:00+00:00,690.25,405.0
2022-07-27 23:00:00+00:00,771.0,414.5
2022-07-28 00:00:00+00:00,777.5,406.25
2022-07-28 01:00:00+00:00,799.75,356.75
2022-07-28 02:00:00+00:00,725.75,352.0
2022-07-28 03:00:00+00:00,694.0,364.5
2022-07-28 04:00:00+00:00,728.25,365.75
2022-07-28 05:00:00+00:00,739.25,332.25
2022-07-28 06:00:00+00:00,671.5,282.25
2022-07-28 07:00:00+00:00,684.25,294.75
2022-07-28 08:00:00+00:00,619.0,349.0
2022-07-28 09:00:00+00:00,602.75,431.75
2022-07-28 10:00:00+00:00,621.5,478.75
2022-07-28 11:00:00+00:00,686.25,418.5
2022-07-28 12:00:00+00:00,696.5,456.5
2022-07-28 13:00:00+00:00,734.25,478.75
2022-07-28 14:00:00+00:00,748.0,520.25
2022-07-28 15:00:00+00:00,824.5,562.0
2022-07-28 16:00:00+00:00,882.75,590.25
2022-07-28 17:00:00+00:00,823.75,657.5
2022-07-28 18:00:00+00:00,792.5,696.0
2022-07-28 19:00:00+00:00,904.0,803.0
2022-07-28 20:00:00+00:00,939.25,883.25
2022-07-28 21:00:00+00:00,884.25,915.5
2022-07-28 22:00:00+00:00,778.75,922.0
2022-07-28 23:00:00+00:00,706.25,883.5
2022-07-29 00:00:00+00:00,603.25,846.25
2022-07-29 01:00:00+00:00,460.0,854.25
2022-07-29 02:00:00+00:00,363.5,747.25
2022-07-29 03:00:00+00:00,282.5,645.75
2022-07-29 04:00:00+00:00,316.5,590.75
2022-07-29 05:00:00+00:00,315.25,481.25
2022-07-29 06:00:00+00:00,282.0,339.25
2022-07-29 07:00:00+00:00,310.0,248.5
2022-07-29 08:00:00+00:00,337.5,179.75
2022-07-29 09:00:00+00:00,368.0,153.5
2022-07-29 10:00:00+00:00,384.25,161.0
2022-07-29 11:00:00+00:00,420.0,210.75
2022-07-29 12:00:00+00:00,392.0,164.5
2022-07-29 13:00:00+00:00,522.0,182.5
2022-07-29 14:00:00+00:00,541.25,196.25
2022-07-29 15:00:00+00:00,544.25,237.75
2022-07-29 16:00:00+00:00,498.25,284.5
2022-07-29 17:00:00+00:00,428.75,326.0
2022-07-29 18:00:00+00:00,399.0,350.0
2022-07-29 19:00:00+00:00,363.5,341.25
2022-07-29 20:00:00+00:00,266.75,312.5
2022-07-29 21:00:00+00:00,168.0,233.75
2022-07-29 22:00:00+00:00,82.5,213.0
2022-07-29 23:00:00+00:00,51.75,156.25
2022-07-30 00:00:00+00:00,37.75,181.25
2022-07-30 01:00:00+00:00,29.5,234.25
2022-07-30 02:00:00+00:00,25.5,224.25
2022-07-30 03:00:00+00:00,31.75,227.0
2022-07-30 04:00:00+00:00,29.25,236.75
2022-07-30 05:00:00+00:00,20.25,223.25
2022-07-30 06:00:00+00:00,4.5,266.25
2022-07-30 07:00:00+00:00,20.0,232.75
2022-07-30 08:00:00+00:00,59.5,169.5
2022-07-30 09:00:00+00:00,80.0,186.25
2022-07-30 10:00:00+00:00,86.5,168.25
2022-07-30 11:00:00+00:00,67.75,193.25
2022-07-30 12:00:00+00:00,64.25,208.25
2022-07-30 13:00:00+00:00,52.0,223.75
2022-07-30 14:00:00+00:00,66.5,187.0
2022-07-30 15:00:00+00:00,148.25,177.25
2022-07-30 16:00:00+00:00,139.75,203.5
2022-07-30 17:00:00+00:00,200.0,132.75
2022-07-30 18:00:00+00:00,254.0,121.75
2022-07-30 19:00:00+00:00,394.5,158.75
2022-07-30 20:00:00+00:00,465.0,211.5
2022-07-30 21:00:00+00:00,436.25,235.75
2022-07-30 22:00:00+00:00,334.0,258.5
2022-07-30 23:00:00+00:00,296.75,327.0
2022-07-31 00:00:00+00:00,367.0,393.5
2022-07-31 01:00:00+00:00,437.0,361.5
2022-07-31 02:00:00+00:00,550.5,334.0
2022-07-31 03:00:00+00:00,539.75,300.0
2022-07-31 04:00:00+00:00,543.75,385.0
2022-07-31 05:00:00+00:00,678.25,412.75
2022-07-31 06:00:00+00:00,718.25,417.0
2022-07-31 07:00:00+00:00,1054.25,446.5
2022-07-31 08:00:00+00:00,1352.0,583.5
2022-07-31 09:00:00+00:00,1174.5,733.25
2022-07-31 10:00:00+00:00,1321.25,960.5
2022-07-31 11:00:00+00:00,1354.0,1231.25
2022-07-31 12:00:00+00:00,1557.0,1358.25
2022-07-31 13:00:00+00:00,1466.5,1388.75
2022-07-31 14:00:00+00:00,1551.5,1394.0
2022-07-31 15:00:00+00:00,1593.0,1323.0
2022-07-31 16:00:00+00:00,1521.25,1426.75
2022-07-31 17:00:00+00:00,1263.25,1329.25
2022-07-31 18:00:00+00:00,960.25,1160.75
2022-07-31 19:00:00+00:00,529.5,927.0
2022-07-31 20:00:00+00:00,548.75,721.25
2022-07-31 21:00:00+00:00,558.25,576.75
2022-07-31 22:00:00+00:00,614.0,408.0
2022-07-31 23:00:00+00:00,629.25,305.0
2022-08-01 00:00:00+00:00,486.25,315.25
2022-08-01 01:00:00+00:00,455.5,307.25
2022-08-01 02:00:00+00:00,463.0,325.75
2022-08-01 03:00:00+00:00,450.0,337.75
2022-08-01 04:00:00+00:00,409.75,328.5
2022-08-01 05:00:00+00:00,274.0,370.75
2022-08-01 06:00:00+00:00,230.25,439.75
2022-08-01 07:00:00+00:00,190.25,375.75
2022-08-01 08:00:00+00:00,151.75,290.25
2022-08-01 09:00:00+00:00,133.0,258.0
2022-08-01 10:00:00+00:00,55.0,222.5
2022-08-01 11:00:00+00:00,24.75,191.0
2022-08-01 12:00:00+00:00,4.0,180.0
2022-08-01 13:00:00+00:00,4.75,177.5
2022-08-01 14:00:00+00:00,4.25,164.75
2022-08-01 15:00:00+00:00,6.5,168.5
2022-08-01 16:00:00+00:00,11.0,162.0
2022-08-01 17:00:00+00:00,42.5,117.5
2022-08-01 18:00:00+00:00,49.75,95.0
2022-08-01 19:00:00+00:00,79.5,103.5
2022-08-01 20:00:00+00:00,126.0,139.5
2022-08-01 21:00:00+00:00,201.0,200.25
2022-08-01 22:00:00+00:00,296.75,273.75
2022-08-01 23:00:00+00:00,418.0,388.5
2022-08-02 00:00:00+00:00,471.75,462.25
2022-08-02 01:00:00+00:00,336.25,573.5
2022-08-02 02:00:00+00:00,598.75,580.75
2022-08-02 03:00:00+00:00,867.25,727.75
2022-08-02 04:00:00+00:00,1076.0,836.75
2022-08-02 05:00:00+00:00,1099.5,861.5
2022-08-02 06:00:00+00:00,1172.0,692.5
2022-08-02 07:00:00+00:00,1411.75,584.0
2022-08-02 08:00:00+00:00,1535.75,611.0
2022-08-02 09:00:00+00:00,1885.0,700.25
2022-08-02 10:00:00+00:00,2013.0,715.75
2022-08-02 11:00:00+00:00,1839.0,751.5
2022-08-02 12:00:00+00:00,1908.0,783.0
2022-08-02 13:00:00+00:00,2157.5,869.25
2022-08-02 14:00:00+00:00,2137.5,992.5
2022-08-02 15:00:00+00:00,2067.5,964.75
2022-08-02 16:00:00+00:00,1958.0,1213.75
2022-08-02 17:00:00+00:00,1815.25,1166.75
2022-08-02 18:00:00+00:00,1771.5,1033.5
2022-08-02 19:00:00+00:00,1712.0,867.25
2022-08-02 20:00:00+00:00,1555.75,828.75
2022-08-02 21:00:00+00:00,1326.75,779.5
2022-08-02 22:00:00+00:00,1338.0,710.25
2022-08-02 23:00:00+00:00,1341.5,603.5
2022-08-03 00:00:00+00:00,1222.0,628.5
2022-08-03 01:00:00+00:00,1032.0,676.75
2022-08-03 02:00:00+00:00,998.25,696.0
2022-08-03 03:00:00+00:00,1076.5,692.25
2022-08-03 04:00:00+00:00,1001.25,691.0
2022-08-03 05:00:00+00:00,1107.5,619.5
2022-08-03 06:00:00+00:00,1194.5,538.75
2022-08-03 07:00:00+00:00,1271.5,463.5
2022-08-03 08:00:00+00:00,1311.25,421.25
2022-08-03 09:00:00+00:00,1252.25,436.5
2022-08-03 10:00:00+00:00,1230.0,464.75
2022-08-03 11:00:00+00:00,1089.5,423.0
2022-08-03 12:00:00+00:00,979.75,449.5
2022-08-03 13:00:00+00:00,879.5,511.0
2022-08-03 14:00:00+00:00,644.75,622.25
2022-08-03 15:00:00+00:00,522.75,533.25
2022-08-03 16:00:00+00:00,372.5,370.0
2022-08-03 17:00:00+00:00,312.75,207.75
2022-08-03 18:00:00+00:00,229.75,134.75
2022-08-03 19:00:00+00:00,146.75,112.5
2022-08-03 20:00:00+00:00,100.5,111.5
2022-08-03 21:00:00+00:00,130.0,140.75
2022-08-03 22:00:00+00:00,219.5,194.5
2022-08-03 23:00:00+00:00,286.25,215.75
2022-08-04 00:00:00+00:00,293.5,250.0
2022-08-04 01:00:00+00:00,252.25,297.0
2022-08-04 02:00:00+00:00,268.25,277.0
2022-08-04 03:00:00+00:00,455.0,206.75
2022-08-04 04:00:00+00:00,450.0,197.5
2022-08-04 05:00:00+00:00,311.75,198.5
2022-08-04 06:00:00+00:00,142.75,166.75
2022-08-04 07:00:00+00:00,46.75,175.5
2022-08-04 08:00:00+00:00,40.25,204.25
2022-08-04 09:00:00+00:00,99.0,212.5
2022-08-04 10:00:00+00:00,72.75,207.75
2022-08-04 11:00:00+00:00,109.75,216.0
2022-08-04 12:00:00+00:00,122.5,263.75
2022-08-04 13:00:00+00:00,92.75,277.75
2022-08-04 14:00:00+00:00,52.5,315.5
2022-08-04 15:00:00+00:00,35.0,358.5
2022-08-04 16:00:00+00:00,87.75,332.75
2022-08-04 17:00:00+00:00,106.25,313.5
2022-08-04 18:00:00+00:00,154.5,343.25
2022-08-04 19:00:00+00:00,173.5,318.5
2022-08-04 20:00:00+00:00,253.25,298.5
2022-08-04 21:00:00+00:00,227.0,243.5
2022-08-04 22:00:00+00:00,170.0,213.25
2022-08-04 23:00:00+00:00,176.75,216.25
2022-08-05 00:00:00+00:00,227.25,196.25
2022-08-05 01:00:00+00:00,317.0,172.5
2022-08-05 02:00:00+00:00,375.5,191.5
2022-08-05 03:00:00+00:00,304.75,189.75
2022-08-05 04:00:00+00:00,247.5,237.25
2022-08-05 05:00:00+00:00,235.0,329.25
2022-08-05 06:00:00+00:00,341.0,380.75
2022-08-05 07:00:00+00:00,140.25,418.25
2022-08-05 08:00:00+00:00,111.5,462.25
2022-08-05 09:00:00+00:00,177.75,518.75
2022-08-05 10:00:00+00:00,233.0,545.5
2022-08-05 11:00:00+00:00,274.5,661.75
2022-08-05 12:00:00+00:00,585.0,824.75
2022-08-05 13:00:00+00:00,793.0,792.0
2022-08-05 14:00:00+00:00,784.25,936.25
2022-08-05 15:00:00+00:00,713.0,977.0
2022-08-05 16:00:00+00:00,521.75,972.5
2022-08-05 17:00:00+00:00,356.0,859.0
2022-08-05 18:00:00+00:00,338.5,605.0
2022-08-05 19:00:00+00:00,308.25,492.5
2022-08-05 20:00:00+00:00,326.5,437.5
2022-08-05 21:00:00+00:00,242.25,393.5
2022-08-05 22:00:00+00:00,205.75,328.25
2022-08-05 23:00:00+00:00,185.0,265.25
2022-08-06 00:00:00+00:00,172.75,251.5
2022-08-06 01:00:00+00:00,182.75,245.25
2022-08-06 02:00:00+00:00,224.25,261.0
2022-08-06 03:00:00+00:00,173.75,257.0
2022-08-06 04:00:00+00:00,164.75,252.75
2022-08-06 05:00:00+00:00,95.25,197.5
2022-08-06 06:00:00+00:00,58.5,179.5
2022-08-06 07:00:00+00:00,57.0,190.0
2022-08-06 08:00:00+00:00,59.5,218.5
2022-08-06 09:00:00+00:00,47.25,215.75
2022-08-06 10:00:00+00:00,42.25,202.5
2022-08-06 11:00:00+00:00,31.0,193.0
2022-08-06 12:00:00+00:00,27.5,199.75
2022-08-06 13:00:00+00:00,26.75,222.0
2022-08-06 14:00:00+00:00,21.75,252.0
2022-08-06 15:00:00+00:00,32.0,286.5
2022-08-06 16:00:00+00:00,52.25,301.0
2022-08-06 17:00:00+00:00,52.0,249.75
2022-08-06 18:00:00+00:00,82.5,195.5
2022-08-06 19:00:00+00:00,107.75,158.0
2022-08-06 20:00:00+00:00,74.5,143.5
2022-08-06 21:00:00+00:00,49.25,122.25
2022-08-06 22:00:00+00:00,44.75,99.5
2022-08-06 23:00:00+00:00,49.25,87.75
2022-08-07 00:00:00+00:00,37.25,85.75
2022-08-07 01:00:00+00:00,30.5,87.5
2022-08-07 02:00:00+00:00,31.75,92.75
2022-08-07 03:00:00+00:00,49.25,99.25
2022-08-07 04:00:00+00:00,62.75,100.0
2022-08-07 05:00:00+00:00,47.75,99.25
2022-08-07 06:00:00+00:00,43.25,102.0
2022-08-07 07:00:00+00:00,51.0,111.25
2022-08-07 08:00:00+00:00,65.0,121.5
2022-08-07 09:00:00+00:00,89.0,141.5
2022-08-07 10:00:00+00:00,109.0,149.5
2022-08-07 11:00:00+00:00,163.0,153.5
2022-08-07 12:00:00+00:00,198.5,230.25
2022-08-07 13:00:00+00:00,134.75,264.5
2022-08-07 14:00:00+00:00,100.5,329.25
2022-08-07 15:00:00+00:00,89.75,348.25
2022-08-07 16:00:00+00:00,58.0,309.75
2022-08-07 17:00:00+00:00,70.0,260.5
2022-08-07 18:00:00+00:00,57.25,178.25
2022-08-07 19:00:00+00:00,29.0,138.25
2022-08-07 20:00:00+00:00,24.0,126.5
2022-08-07 21:00:00+00:00,23.0,116.75
2022-08-07 22:00:00+00:00,18.75,119.75
2022-08-07 23:00:00+00:00,34.0,112.5
2022-08-08 00:00:00+00:00,46.5,115.5
2022-08-08 01:00:00+00:00,56.25,119.25
2022-08-08 02:00:00+00:00,49.75,124.0
2022-08-08 03:00:00+00:00,64.0,111.0
2022-08-08 04:00:00+00:00,102.5,110.25
2022-08-08 05:00:00+00:00,58.0,111.25
2022-08-08 06:00:00+00:00,30.75,109.0
2022-08-08 07:00:00+00:00,14.75,123.75
2022-08-08 08:00:00+00:00,14.5,122.5
2022-08-08 09:00:00+00:00,11.5,132.5
2022-08-08 10:00:00+00:00,6.25,170.0
2022-08-08 11:00:00+00:00,8.25,219.0
2022-08-08 12:00:00+00:00,10.0,243.25
2022-08-08 13:00:00+00:00,19.5,335.0
2022-08-08 14:00:00+00:00,61.5,393.25
2022-08-08 15:00:00+00:00,150.0,429.5
2022-08-08 16:00:00+00:00,251.0,483.25
2022-08-08 17:00:00+00:00,353.75,470.5
2022-08-08 18:00:00+00:00,454.75,439.0
2022-08-08 19:00:00+00:00,490.75,431.25
2022-08-08 20:00:00+00:00,498.75,408.75
2022-08-08 21:00:00+00:00,445.5,410.0
2022-08-08 22:00:00+00:00,423.0,348.25
2022-08-08 23:00:00+00:00,409.5,331.75
2022-08-09 00:00:00+00:00,319.0,344.25
2022-08-09 01:00:00+00:00,279.75,315.0
2022-08-09 02:00:00+00:00,255.75,294.25
2022-08-09 03:00:00+00:00,184.25,268.0
2022-08-09 04:00:00+00:00,199.5,250.5
2022-08-09 05:00:00+00:00,232.75,233.0
2022-08-09 06:00:00+00:00,274.5,172.25
2022-08-09 07:00:00+00:00,235.5,191.0
2022-08-09 08:00:00+00:00,196.25,251.75
2022-08-09 09:00:00+00:00,230.75,276.25
2022-08-09 10:00:00+00:00,269.0,286.75
2022-08-09 11:00:00+00:00,410.0,322.0
2022-08-09 12:00:00+00:00,497.0,413.75
2022-08-09 13:00:00+00:00,600.75,547.0
2022-08-09 14:00:00+00:00,705.5,637.5
2022-08-09 15:00:00+00:00,841.0,702.5
2022-08-09 16:00:00+00:00,951.25,783.5
2022-08-09 17:00:00+00:00,1072.0,810.25
2022-08-09 18:00:00+00:00,984.25,675.25
2022-08-09 19:00:00+00:00,917.5,637.5
2022-08-09 20:00:00+00:00,963.5,744.0
2022-08-09 21:00:00+00:00,916.25,760.5
2022-08-09 22:00:00+00:00,765.5,731.0
2022-08-09 23:00:00+00:00,724.25,712.75
2022-08-10 00:00:00+00:00,570.25,712.0
2022-08-10 01:00:00+00:00,436.5,713.5
2022-08-10 02:00:00+00:00,435.25,674.5
2022-08-10 03:00:00+00:00,356.5,587.0
2022-08-10 04:00:00+00:00,284.75,528.25
2022-08-10 05:00:00+00:00,307.75,453.75
2022-08-10 06:00:00+00:00,290.0,322.0
2022-08-10 07:00:00+00:00,258.75,214.25
2022-08-10 08:00:00+00:00,311.0,186.75
2022-08-10 09:00:00+00:00,313.75,218.25
2022-08-10 10:00:00+00:00,321.75,250.5
2022-08-10 11:00:00+00:00,354.0,266.5
2022-08-10 12:00:00+00:00,391.25,258.0
2022-08-10 13:00:00+00:00,484.5,306.75
2022-08-10 14:00:00+00:00,550.5,368.75
2022-08-10 15:00:00+00:00,584.25,450.0
2022-08-10 16:00:00+00:00,731.25,570.5
2022-08-10 17:00:00+00:00,951.0,517.25
2022-08-10 18:00:00+00:00,1014.0,503.25
2022-08-10 19:00:00+00:00,1086.5,626.75
2022-08-10 20:00:00+00:00,1051.5,735.0
2022-08-10 21:00:00+00:00,869.25,825.5
2022-08-10 22:00:00+00:00,822.25,811.25
2022-08-10 23:00:00+00:00,679.75,779.5
2022-08-11 00:00:00+00:00,515.5,759.25
2022-08-11 01:00:00+00:00,450.75,676.25
2022-08-11 02:00:00+00:00,380.25,599.0
2022-08-11 03:00:00+00:00,249.75,551.5
2022-08-11 04:00:00+00:00,231.5,450.0
2022-08-11 05:00:00+00:00,167.5,355.25
2022-08-11 06:00:00+00:00,105.0,245.5
2022-08-11 07:00:00+00:00,81.0,142.75
2022-08-11 08:00:00+00:00,78.5,108.25
2022-08-11 09:00:00+00:00,71.25,124.25
2022-08-11 10:00:00+00:00,80.0,200.5
2022-08-11 11:00:00+00:00,135.25,267.25
2022-08-11 12:00:00+00:00,231.0,279.25
2022-08-11 13:00:00+00:00,298.25,328.25
2022-08-11 14:00:00+00:00,463.25,436.25
2022-08-11 15:00:00+00:00,612.25,592.0
2022-08-11 16:00:00+00:00,796.0,617.0
2022-08-11 17:00:00+00:00,962.0,575.25
2022-08-11 18:00:00+00:00,1123.25,615.75
2022-08-11 19:00:00+00:00,1223.0,754.5
2022-08-11 20:00:00+00:00,1200.25,954.0
2022-08-11 21:00:00+00:00,1047.0,1072.75
2022-08-11 22:00:00+00:00,718.75,1096.0
2022-08-11 23:00:00+00:00,691.0,1007.5
2022-08-12 00:00:00+00:00,721.0,877.0
2022-08-12 01:00:00+00:00,536.0,741.75
2022-08-12 02:00:00+00:00,473.25,656.5
2022-08-12 03:00:00+00:00,384.5,553.25
2022-08-12 04:00:00+00:00,333.0,502.5
2022-08-12 05:00:00+00:00,278.75,389.0
2022-08-12 06:00:00+00:00,245.0,264.0
2022-08-12 07:00:00+00:00,201.75,153.5
2022-08-12 08:00:00+00:00,189.25,128.75
2022-08-12 09:00:00+00:00,150.5,138.75
2022-08-12 10:00:00+00:00,181.25,186.5
2022-08-12 11:00:00+00:00,234.75,275.0
2022-08-12 12:00:00+00:00,252.25,300.75
2022-08-12 13:00:00+00:00,385.25,331.75
2022-08-12 14:00:00+00:00,466.75,398.25
2022-08-12 15:00:00+00:00,566.5,506.0
2022-08-12 16:00:00+00:00,783.5,567.25
2022-08-12 17:00:00+00:00,1095.75,556.25
2022-08-12 18:00:00+00:00,1223.0,622.75
2022-08-12 19:00:00+00:00,1294.5,769.5
2022-08-12 20:00:00+00:00,1344.25,865.5
2022-08-12 21:00:00+00:00,1265.75,936.75
2022-08-12 22:00:00+00:00,903.25,840.0
2022-08-12 23:00:00+00:00,622.25,721.75
2022-08-13 00:00:00+00:00,451.5,675.25
2022-08-13 01:00:00+00:00,433.5,657.75
2022-08-13 02:00:00+00:00,355.5,542.75
2022-08-13 03:00:00+00:00,219.75,398.0
2022-08-13 04:00:00+00:00,171.75,335.25
2022-08-13 05:00:00+00:00,136.25,324.0
2022-08-13 06:00:00+00:00,133.5,281.75
2022-08-13 07:00:00+00:00,109.75,186.5
2022-08-13 08:00:00+00:00,124.5,161.25
2022-08-13 09:00:00+00:00,54.0,175.75
2022-08-13 10:00:00+00:00,47.75,269.75
2022-08-13 11:00:00+00:00,55.75,318.75
2022-08-13 12:00:00+00:00,41.25,280.25
2022-08-13 13:00:00+00:00,37.25,215.5
2022-08-13 14:00:00+00:00,136.75,191.25
2022-08-13 15:00:00+00:00,253.0,215.75
2022-08-13 16:00:00+00:00,384.0,271.5
2022-08-13 17:00:00+00:00,489.75,287.75
2022-08-13 18:00:00+00:00,498.75,356.0
2022-08-13 19:00:00+00:00,629.75,449.25
2022-08-13 20:00:00+00:00,699.75,577.5
2022-08-13 21:00:00+00:00,693.75,750.75
2022-08-13 22:00:00+00:00,670.5,774.25
2022-08-13 23:00:00+00:00,701.5,911.5
2022-08-14 00:00:00+00:00,809.75,911.5
2022-08-14 01:00:00+00:00,794.25,830.5
2022-08-14 02:00:00+00:00,614.25,729.5
2022-08-14 03:00:00+00:00,453.0,617.0
2022-08-14 04:00:00+00:00,290.25,560.5
2022-08-14 05:00:00+00:00,205.5,497.75
2022-08-14 06:00:00+00:00,146.0,376.75
2022-08-14 07:00:00+00:00,105.5,229.75
2022-08-14 08:00:00+00:00,116.25,196.75
2022-08-14 09:00:00+00:00,126.5,218.25
2022-08-14 10:00:00+00:00,137.25,244.25
2022-08-14 11:00:00+00:00,91.0,211.5
2022-08-14 12:00:00+00:00,77.25,215.25
2022-08-14 13:00:00+00:00,92.5,193.75
2022-08-14 14:00:00+00:00,140.0,177.75
2022-08-14 15:00:00+00:00,275.25,154.75
2022-08-14 16:00:00+00:00,398.25,161.5
2022-08-14 17:00:00+00:00,512.25,167.25
2022-08-14 18:00:00+00:00,653.75,186.25
2022-08-14 19:00:00+00:00,699.0,215.5
2022-08-14 20:00:00+00:00,520.0,226.0
2022-08-14 21:00:00+00:00,332.0,288.5
2022-08-14 22:00:00+00:00,441.0,302.75
2022-08-14 23:00:00+00:00,391.25,261.5
2022-08-15 00:00:00+00:00,233.0,263.25
2022-08-15 01:00:00+00:00,333.5,210.25
2022-08-15 02:00:00+00:00,358.5,183.0
2022-08-15 03:00:00+00:00,489.5,262.0
2022-08-15 04:00:00+00:00,411.0,294.75
2022-08-15 05:00:00+00:00,378.75,273.5
2022-08-15 06:00:00+00:00,303.5,224.75
2022-08-15 07:00:00+00:00,310.5,353.25
2022-08-15 08:00:00+00:00,472.5,375.75
2022-08-15 09:00:00+00:00,744.75,326.0
2022-08-15 10:00:00+00:00,504.5,277.0
2022-08-15 11:00:00+00:00,320.75,231.0
2022-08-15 12:00:00+00:00,200.5,216.5
2022-08-15 13:00:00+00:00,209.75,375.0
2022-08-15 14:00:00+00:00,184.25,348.25
2022-08-15 15:00:00+00:00,261.75,256.75
2022-08-15 16:00:00+00:00,386.0,255.75
2022-08-15 17:00:00+00:00,425.75,138.0
2022-08-15 18:00:00+00:00,472.75,112.75
2022-08-15 19:00:00+00:00,521.0,99.75
2022-08-15 20:00:00+00:00,624.75,95.5
2022-08-15 21:00:00+00:00,640.0,130.5
2022-08-15 22:00:00+00:00,445.75,214.0
2022-08-15 23:00:00+00:00,471.75,330.0
2022-08-16 00:00:00+00:00,343.25,406.5
2022-08-16 01:00:00+00:00,261.75,444.25
2022-08-16 02:00:00+00:00,259.5,430.25
2022-08-16 03:00:00+00:00,332.5,467.75
2022-08-16 04:00:00+00:00,309.25,502.75
2022-08-16 05:00:00+00:00,189.25,515.0
2022-08-16 06:00:00+00:00,163.75,388.75
2022-08-16 07:00:00+00:00,126.0,277.0
2022-08-16 08:00:00+00:00,170.0,234.5
2022-08-16 09:00:00+00:00,173.5,280.0
2022-08-16 10:00:00+00:00,129.75,383.75
2022-08-16 11:00:00+00:00,127.25,307.25
2022-08-16 12:00:00+00:00,136.0,285.0
2022-08-16 13:00:00+00:00,112.5,241.5
2022-08-16 14:00:00+00:00,136.25,190.25
2022-08-16 15:00:00+00:00,119.0,143.0
2022-08-16 16:00:00+00:00,65.5,132.75
2022-08-16 17:00:00+00:00,42.25,124.5
2022-08-16 18:00:00+00:00,33.0,103.25
2022-08-16 19:00:00+00:00,13.5,91.25
2022-08-16 20:00:00+00:00,4.75,105.75
2022-08-16 21:00:00+00:00,11.25,159.5
2022-08-16 22:00:00+00:00,36.25,220.25
2022-08-16 23:00:00+00:00,198.0,262.0
2022-08-17 00:00:00+00:00,149.5,290.0
2022-08-17 01:00:00+00:00,138.25,348.5
2022-08-17 02:00:00+00:00,151.0,404.75
2022-08-17 03:00:00+00:00,108.75,334.75
2022-08-17 04:00:00+00:00,178.0,283.5
2022-08-17 05:00:00+00:00,315.0,342.25
2022-08-17 06:00:00+00:00,340.25,461.75
2022-08-17 07:00:00+00:00,178.5,514.0
2022-08-17 08:00:00+00:00,49.5,565.25
2022-08-17 09:00:00+00:00,73.75,707.0
2022-08-17 10:00:00+00:00,43.0,691.0
2022-08-17 11:00:00+00:00,67.0,641.75
2022-08-17 12:00:00+00:00,127.0,538.75
2022-08-17 13:00:00+00:00,273.0,543.5
2022-08-17 14:00:00+00:00,210.75,550.75
2022-08-17 15:00:00+00:00,271.75,652.0
2022-08-17 16:00:00+00:00,281.25,688.25
2022-08-17 17:00:00+00:00,183.75,500.75
2022-08-17 18:00:00+00:00,159.0,365.75
2022-08-17 19:00:00+00:00,240.25,427.0
2022-08-17 20:00:00+00:00,280.25,396.25
2022-08-17 21:00:00+00:00,315.5,301.0
2022-08-17 22:00:00+00:00,265.25,215.0
2022-08-17 23:00:00+00:00,234.5,184.25
2022-08-18 00:00:00+00:00,193.25,149.75
2022-08-18 01:00:00+00:00,283.5,127.0
2022-08-18 02:00:00+00:00,363.5,111.25
2022-08-18 03:00:00+00:00,377.0,101.25
2022-08-18 04:00:00+00:00,287.5,109.25
2022-08-18 05:00:00+00:00,298.0,123.25
2022-08-18 06:00:00+00:00,262.0,135.25
2022-08-18 07:00:00+00:00,227.75,213.5
2022-08-18 08:00:00+00:00,186.0,208.0
2022-08-18 09:00:00+00:00,144.75,178.25
2022-08-18 10:00:00+00:00,64.75,178.0
2022-08-18 11:00:00+00:00,21.0,138.25
2022-08-18 12:00:00+00:00,16.25,139.0
2022-08-18 13:00:00+00:00,28.75,137.0
2022-08-18 14:00:00+00:00,7.75,121.25
2022-08-18 15:00:00+00:00,5.25,129.25
2022-08-18 16:00:00+00:00,4.5,135.0
2022-08-18 17:00:00+00:00,1.25,115.25
2022-08-18 18:00:00+00:00,1.25,97.0
2022-08-18 19:00:00+00:00,21.0,105.75
2022-08-18 20:00:00+00:00,136.0,140.25
2022-08-18 21:00:00+00:00,369.0,164.75
2022-08-18 22:00:00+00:00,404.0,218.75
2022-08-18 23:00:00+00:00,290.0,298.5
2022-08-19 00:00:00+00:00,215.75,235.0
2022-08-19 01:00:00+00:00,233.25,204.0
2022-08-19 02:00:00+00:00,273.5,206.5
2022-08-19 03:00:00+00:00,316.5,260.75
2022-08-19 04:00:00+00:00,329.0,261.25
2022-08-19 05:00:00+00:00,347.5,262.0
2022-08-19 06:00:00+00:00,349.0,225.0
2022-08-19 07:00:00+00:00,326.75,220.25
2022-08-19 08:00:00+00:00,249.5,209.75
2022-08-19 09:00:00+00:00,192.5,147.75
2022-08-19 10:00:00+00:00,173.5,153.5
2022-08-19 11:00:00+00:00,164.0,175.5
2022-08-19 12:00:00+00:00,179.25,243.25
2022-08-19 13:00:00+00:00,224.25,250.75
2022-08-19 14:00:00+00:00,215.5,281.5
2022-08-19 15:00:00+00:00,454.5,283.75
2022-08-19 16:00:00+00:00,321.25,312.25
2022-08-19 17:00:00+00:00,392.25,282.25
2022-08-19 18:00:00+00:00,328.5,248.25
2022-08-19 19:00:00+00:00,301.25,371.0
2022-08-19 20:00:00+00:00,370.75,411.5
2022-08-19 21:00:00+00:00,303.75,277.25
2022-08-19 22:00:00+00:00,217.75,209.25
2022-08-19 23:00:00+00:00,270.75,216.75
2022-08-20 00:00:00+00:00,193.25,174.25
2022-08-20 01:00:00+00:00,128.25,150.0
2022-08-20 02:00:00+00:00,126.75,132.5
2022-08-20 03:00:00+00:00,90.75,124.0
2022-08-20 04:00:00+00:00,56.75,106.5
2022-08-20 05:00:00+00:00,37.0,89.75
2022-08-20 06:00:00+00:00,55.75,66.25
2022-08-20 07:00:00+00:00,135.75,54.75
2022-08-20 08:00:00+00:00,226.0,66.25
2022-08-20 09:00:00+00:00,246.75,149.5
2022-08-20 10:00:00+00:00,293.0,234.75
2022-08-20 11:00:00+00:00,406.5,294.75
2022-08-20 12:00:00+00:00,531.25,315.5
2022-08-20 13:00:00+00:00,539.0,325.0
2022-08-20 14:00:00+00:00,575.25,379.75
2022-08-20 15:00:00+00:00,641.75,455.0
2022-08-20 16:00:00+00:00,679.75,508.25
2022-08-20 17:00:00+00:00,615.75,301.0
2022-08-20 18:00:00+00:00,669.75,232.5
2022-08-20 19:00:00+00:00,774.75,212.5
2022-08-20 20:00:00+00:00,1056.5,201.0
2022-08-20 21:00:00+00:00,1076.25,247.25
2022-08-20 22:00:00+00:00,997.25,283.75
2022-08-20 23:00:00+00:00,829.25,374.0
2022-08-21 00:00:00+00:00,679.25,379.25
2022-08-21 01:00:00+00:00,638.0,400.5
2022-08-21 02:00:00+00:00,664.75,447.75
2022-08-21 03:00:00+00:00,582.25,555.25
2022-08-21 04:00:00+00:00,543.0,555.25
2022-08-21 05:00:00+00:00,506.5,550.25
2022-08-21 06:00:00+00:00,455.75,506.25
2022-08-21 07:00:00+00:00,375.75,358.0
2022-08-21 08:00:00+00:00,378.25,319.75
2022-08-21 09:00:00+00:00,291.75,402.75
2022-08-21 10:00:00+00:00,363.75,397.75
2022-08-21 11:00:00+00:00,429.0,365.5
2022-08-21 12:00:00+00:00,418.0,375.25
2022-08-21 13:00:00+00:00,230.0,374.25
2022-08-21 14:00:00+00:00,183.25,311.0
2022-08-21 15:00:00+00:00,94.5,295.5
2022-08-21 16:00:00+00:00,47.0,276.25
2022-08-21 17:00:00+00:00,48.0,185.25
2022-08-21 18:00:00+00:00,30.75,112.25
2022-08-21 19:00:00+00:00,13.5,82.5
2022-08-21 20:00:00+00:00,9.0,77.75
2022-08-21 21:00:00+00:00,6.0,84.5
2022-08-21 22:00:00+00:00,1.0,94.0
2022-08-21 23:00:00+00:00,1.25,107.5
2022-08-22 00:00:00+00:00,1.25,101.5
2022-08-22 01:00:00+00:00,15.25,95.0
2022-08-22 02:00:00+00:00,63.25,99.25
2022-08-22 03:00:00+00:00,73.0,108.5
2022-08-22 04:00:00+00:00,53.5,134.0
2022-08-22 05:00:00+00:00,61.75,124.75
2022-08-22 06:00:00+00:00,53.0,120.25
2022-08-22 07:00:00+00:00,127.25,119.0
2022-08-22 08:00:00+00:00,152.5,129.75
2022-08-22 09:00:00+00:00,132.75,119.75
2022-08-22 10:00:00+00:00,69.25,108.0
2022-08-22 11:00:00+00:00,71.75,88.25
2022-08-22 12:00:00+00:00,94.0,73.25
2022-08-22 13:00:00+00:00,135.0,77.5
2022-08-22 14:00:00+00:00,287.0,90.25
2022-08-22 15:00:00+00:00,428.5,123.25
2022-08-22 16:00:00+00:00,510.25,173.5
2022-08-22 17:00:00+00:00,388.5,213.5
2022-08-22 18:00:00+00:00,389.5,268.0
2022-08-22 19:00:00+00:00,392.25,301.0
2022-08-22 20:00:00+00:00,298.25,351.0
2022-08-22 21:00:00+00:00,317.25,449.5
2022-08-22 22:00:00+00:00,283.75,397.75
2022-08-22 23:00:00+00:00,282.25,335.25
2022-08-23 00:00:00+00:00,191.75,287.25
2022-08-23 01:00:00+00:00,140.25,226.5
2022-08-23 02:00:00+00:00,134.25,190.0
2022-08-23 03:00:00+00:00,86.0,163.5
2022-08-23 04:00:00+00:00,35.25,140.5
2022-08-23 05:00:00+00:00,101.5,125.5
2022-08-23 06:00:00+00:00,101.75,100.25
2022-08-23 07:00:00+00:00,140.25,84.0
2022-08-23 08:00:00+00:00,233.25,66.5
2022-08-23 09:00:00+00:00,153.25,75.25
2022-08-23 10:00:00+00:00,180.25,97.5
2022-08-23 11:00:00+00:00,174.5,128.5
2022-08-23 12:00:00+00:00,174.25,128.0
2022-08-23 13:00:00+00:00,149.0,95.0
2022-08-23 14:00:00+00:00,136.25,105.25
2022-08-23 15:00:00+00:00,283.25,111.75
2022-08-23 16:00:00+00:00,427.0,135.5
2022-08-23 17:00:00+00:00,314.0,159.25
2022-08-23 18:00:00+00:00,278.75,147.75
2022-08-23 19:00:00+00:00,293.0,110.5
2022-08-23 20:00:00+00:00,343.25,98.5
2022-08-23 21:00:00+00:00,259.25,91.75
2022-08-23 22:00:00+00:00,223.0,83.75
2022-08-23 23:00:00+00:00,190.25,79.75
2022-08-24 00:00:00+00:00,160.25,87.0
2022-08-24 01:00:00+00:00,139.75,97.25
2022-08-24 02:00:00+00:00,203.25,109.5
2022-08-24 03:00:00+00:00,208.0,113.5
2022-08-24 04:00:00+00:00,182.5,129.5
2022-08-24 05:00:00+00:00,188.75,149.0
2022-08-24 06:00:00+00:00,178.0,125.25
2022-08-24 07:00:00+00:00,103.5,104.25
2022-08-24 08:00:00+00:00,58.5,90.0
2022-08-24 09:00:00+00:00,42.5,91.0
2022-08-24 10:00:00+00:00,48.0,84.5
2022-08-24 11:00:00+00:00,18.0,73.0
2022-08-24 12:00:00+00:00,0.25,73.25
2022-08-24 13:00:00+00:00,1.25,79.25
2022-08-24 14:00:00+00:00,17.25,93.0
2022-08-24 15:00:00+00:00,55.25,115.0
2022-08-24 16:00:00+00:00,77.25,176.75
2022-08-24 17:00:00+00:00,147.0,284.25
2022-08-24 18:00:00+00:00,311.5,343.75
2022-08-24 19:00:00+00:00,470.75,473.0
2022-08-24 20:00:00+00:00,658.5,640.0
2022-08-24 21:00:00+00:00,787.0,707.0
2022-08-24 22:00:00+00:00,813.75,673.0
2022-08-24 23:00:00+00:00,695.5,600.5
2022-08-25 00:00:00+00:00,601.5,560.5
2022-08-25 01:00:00+00:00,564.5,588.0
2022-08-25 02:00:00+00:00,515.0,608.75
2022-08-25 03:00:00+00:00,418.5,595.5
2022-08-25 04:00:00+00:00,453.0,579.75
2022-08-25 05:00:00+00:00,375.5,601.25
2022-08-25 06:00:00+00:00,455.75,526.25
2022-08-25 07:00:00+00:00,449.25,371.75
2022-08-25 08:00:00+00:00,440.25,276.0
2022-08-25 09:00:00+00:00,571.5,267.5
2022-08-25 10:00:00+00:00,683.5,331.75
2022-08-25 11:00:00+00:00,686.5,324.0
2022-08-25 12:00:00+00:00,777.25,306.75
2022-08-25 13:00:00+00:00,1067.5,270.5
2022-08-25 14:00:00+00:00,946.25,381.75
2022-08-25 15:00:00+00:00,921.5,372.75
2022-08-25 16:00:00+00:00,868.5,284.75
2022-08-25 17:00:00+00:00,883.25,400.75
2022-08-25 18:00:00+00:00,1029.5,501.5
2022-08-25 19:00:00+00:00,1178.75,725.25
2022-08-25 20:00:00+00:00,1267.25,863.25
2022-08-25 21:00:00+00:00,1207.25,1019.75
2022-08-25 22:00:00+00:00,1077.0,980.0
2022-08-25 23:00:00+00:00,1054.25,908.5
2022-08-26 00:00:00+00:00,978.5,801.0
2022-08-26 01:00:00+00:00,942.0,762.75
2022-08-26 02:00:00+00:00,910.25,728.5
2022-08-26 03:00:00+00:00,887.25,681.75
2022-08-26 04:00:00+00:00,771.25,683.75
2022-08-26 05:00:00+00:00,781.0,685.75
2022-08-26 06:00:00+00:00,1004.0,685.25
2022-08-26 07:00:00+00:00,936.75,707.75
2022-08-26 08:00:00+00:00,774.0,693.75
2022-08-26 09:00:00+00:00,609.75,688.75
2022-08-26 10:00:00+00:00,479.0,666.25
2022-08-26 11:00:00+00:00,426.0,599.0
2022-08-26 12:00:00+00:00,453.0,611.75
2022-08-26 13:00:00+00:00,469.5,652.75
2022-08-26 14:00:00+00:00,490.0,737.5
2022-08-26 15:00:00+00:00,462.0,746.75
2022-08-26 16:00:00+00:00,426.75,708.25
2022-08-26 17:00:00+00:00,422.0,611.25
2022-08-26 18:00:00+00:00,341.75,554.75
2022-08-26 19:00:00+00:00,279.0,490.75
2022-08-26 20:00:00+00:00,273.25,395.5
2022-08-26 21:00:00+00:00,196.75,315.25
2022-08-26 22:00:00+00:00,155.75,234.75
2022-08-26 23:00:00+00:00,146.75,195.0
2022-08-27 00:00:00+00:00,185.5,198.5
2022-08-27 01:00:00+00:00,262.5,192.0
2022-08-27 02:00:00+00:00,280.5,216.75
2022-08-27 03:00:00+00:00,341.5,204.5
2022-08-27 04:00:00+00:00,404.25,271.25
2022-08-27 05:00:00+00:00,434.25,261.75
2022-08-27 06:00:00+00:00,451.5,269.25
2022-08-27 07:00:00+00:00,439.0,305.25
2022-08-27 08:00:00+00:00,493.0,368.25
2022-08-27 09:00:00+00:00,525.75,384.75
2022-08-27 10:00:00+00:00,540.5,394.25
2022-08-27 11:00:00+00:00,564.75,420.0
2022-08-27 12:00:00+00:00,629.5,489.5
2022-08-27 13:00:00+00:00,708.25,516.0
2022-08-27 14:00:00+00:00,821.5,672.0
2022-08-27 15:00:00+00:00,989.5,813.5
2022-08-27 16:00:00+00:00,1193.5,932.25
2022-08-27 17:00:00+00:00,1240.5,824.0
2022-08-27 18:00:00+00:00,1294.5,782.5
2022-08-27 19:00:00+00:00,1349.75,727.25
2022-08-27 20:00:00+00:00,1275.25,648.75
2022-08-27 21:00:00+00:00,1332.75,577.5
2022-08-27 22:00:00+00:00,1302.75,566.5
2022-08-27 23:00:00+00:00,1192.5,572.25
2022-08-28 00:00:00+00:00,1106.0,591.75
2022-08-28 01:00:00+00:00,1065.25,568.5
2022-08-28 02:00:00+00:00,1083.0,545.0
2022-08-28 03:00:00+00:00,1069.25,565.75
2022-08-28 04:00:00+00:00,1137.0,594.5
2022-08-28 05:00:00+00:00,1173.0,598.0
2022-08-28 06:00:00+00:00,1172.0,561.25
2022-08-28 07:00:00+00:00,1002.0,600.25
2022-08-28 08:00:00+00:00,874.75,707.0
2022-08-28 09:00:00+00:00,860.0,706.5
2022-08-28 10:00:00+00:00,792.0,669.5
2022-08-28 11:00:00+00:00,600.25,595.0
2022-08-28 12:00:00+00:00,554.25,562.0
2022-08-28 13:00:00+00:00,590.25,582.75
2022-08-28 14:00:00+00:00,971.25,676.75
2022-08-28 15:00:00+00:00,1002.25,694.75
2022-08-28 16:00:00+00:00,1015.75,739.75
2022-08-28 17:00:00+00:00,1061.75,675.25
2022-08-28 18:00:00+00:00,993.5,628.25
2022-08-28 19:00:00+00:00,941.75,578.0
2022-08-28 20:00:00+00:00,775.0,473.75
2022-08-28 21:00:00+00:00,687.75,338.5
2022-08-28 22:00:00+00:00,595.5,340.0
2022-08-28 23:00:00+00:00,554.25,336.5
2022-08-29 00:00:00+00:00,587.75,216.25
2022-08-29 01:00:00+00:00,543.25,185.25
2022-08-29 02:00:00+00:00,449.25,157.75
2022-08-29 03:00:00+00:00,270.0,160.0
2022-08-29 04:00:00+00:00,260.5,154.25
2022-08-29 05:00:00+00:00,367.25,188.0
2022-08-29 06:00:00+00:00,341.75,193.25
2022-08-29 07:00:00+00:00,387.25,184.25
2022-08-29 08:00:00+00:00,300.25,198.25
2022-08-29 09:00:00+00:00,237.75,196.25
2022-08-29 10:00:00+00:00,250.0,207.75
2022-08-29 11:00:00+00:00,231.75,226.75
2022-08-29 12:00:00+00:00,255.75,282.5
2022-08-29 13:00:00+00:00,341.0,331.25
2022-08-29 14:00:00+00:00,469.0,427.5
2022-08-29 15:00:00+00:00,605.5,453.5
2022-08-29 16:00:00+00:00,703.5,530.5
2022-08-29 17:00:00+00:00,750.25,484.5
2022-08-29 18:00:00+00:00,917.0,525.25
2022-08-29 19:00:00+00:00,1145.0,634.0
2022-08-29 20:00:00+00:00,1165.25,662.5
2022-08-29 21:00:00+00:00,1018.0,690.25
2022-08-29 22:00:00+00:00,1059.5,642.0
2022-08-29 23:00:00+00:00,1204.25,562.75
2022-08-30 00:00:00+00:00,1075.5,541.5
2022-08-30 01:00:00+00:00,903.25,539.0
2022-08-30 02:00:00+00:00,716.75,504.0
2022-08-30 03:00:00+00:00,634.0,485.0
2022-08-30 04:00:00+00:00,759.25,484.0
2022-08-30 05:00:00+00:00,879.5,505.5
2022-08-30 06:00:00+00:00,926.0,441.0
2022-08-30 07:00:00+00:00,1056.0,422.75
2022-08-30 08:00:00+00:00,1088.25,633.25
2022-08-30 09:00:00+00:00,1083.25,755.75
2022-08-30 10:00:00+00:00,1055.75,767.75
2022-08-30 11:00:00+00:00,1176.5,690.75
2022-08-30 12:00:00+00:00,1460.5,638.75
2022-08-30 13:00:00+00:00,1616.75,583.0
2022-08-30 14:00:00+00:00,1780.5,611.75
2022-08-30 15:00:00+00:00,1871.0,681.25
2022-08-30 16:00:00+00:00,1945.0,760.75
2022-08-30 17:00:00+00:00,2095.5,757.75
2022-08-30 18:00:00+00:00,2086.0,834.0
2022-08-30 19:00:00+00:00,2009.5,935.5
2022-08-30 20:00:00+00:00,2009.0,960.5
2022-08-30 21:00:00+00:00,1946.25,972.75
2022-08-30 22:00:00+00:00,1858.5,974.75
2022-08-30 23:00:00+00:00,1741.75,955.75
2022-08-31 00:00:00+00:00,1619.25,888.75
2022-08-31 01:00:00+00:00,1487.0,854.25
2022-08-31 02:00:00+00:00,1433.5,865.25
2022-08-31 03:00:00+00:00,1298.5,919.75
2022-08-31 04:00:00+00:00,1284.5,976.75
2022-08-31 05:00:00+00:00,1482.0,928.0
2022-08-31 06:00:00+00:00,1647.5,798.5
2022-08-31 07:00:00+00:00,1807.25,719.25
2022-08-31 08:00:00+00:00,1876.0,925.0
2022-08-31 09:00:00+00:00,1934.0,1033.75
2022-08-31 10:00:00+00:00,1845.25,1045.75
2022-08-31 11:00:00+00:00,1747.25,1001.5
2022-08-31 12:00:00+00:00,1808.5,950.25
2022-08-31 13:00:00+00:00,1702.25,875.0
2022-08-31 14:00:00+00:00,1764.5,819.5
2022-08-31 15:00:00+00:00,1873.5,842.5
2022-08-31 16:00:00+00:00,1916.25,912.0
2022-08-31 17:00:00+00:00,2010.75,903.25
2022-08-31 18:00:00+00:00,2043.0,1072.0
2022-08-31 19:00:00+00:00,1962.5,1250.0
2022-08-31 20:00:00+00:00,1997.75,1253.5
2022-08-31 21:00:00+00:00,2002.5,1216.25
2022-08-31 22:00:00+00:00,1908.5,1194.5
2022-08-31 23:00:00+00:00,1805.75,1146.0
2022-09-01 00:00:00+00:00,1515.0,1044.5
2022-09-01 01:00:00+00:00,1272.5,933.75
2022-09-01 02:00:00+00:00,961.25,832.25
2022-09-01 03:00:00+00:00,816.75,741.0
2022-09-01 04:00:00+00:00,746.0,706.0
2022-09-01 05:00:00+00:00,715.0,634.25
2022-09-01 06:00:00+00:00,629.25,484.25
2022-09-01 07:00:00+00:00,591.25,315.75
2022-09-01 08:00:00+00:00,522.75,274.75
2022-09-01 09:00:00+00:00,461.5,421.5
2022-09-01 10:00:00+00:00,530.5,549.75
2022-09-01 11:00:00+00:00,595.0,572.75
2022-09-01 12:00:00+00:00,577.0,537.0
2022-09-01 13:00:00+00:00,549.75,523.25
2022-09-01 14:00:00+00:00,609.0,501.0
2022-09-01 15:00:00+00:00,653.5,466.0
2022-09-01 16:00:00+00:00,876.0,558.75
2022-09-01 17:00:00+00:00,1072.0,559.75
2022-09-01 18:00:00+00:00,1150.25,758.0
2022-09-01 19:00:00+00:00,1198.5,946.0
2022-09-01 20:00:00+00:00,1155.75,1097.75
2022-09-01 21:00:00+00:00,1128.75,1222.5
2022-09-01 22:00:00+00:00,1069.75,1222.5
2022-09-01 23:00:00+00:00,1185.25,1170.25
2022-09-02 00:00:00+00:00,1010.0,1067.5
2022-09-02 01:00:00+00:00,817.5,984.25
2022-09-02 02:00:00+00:00,680.5,917.75
2022-09-02 03:00:00+00:00,479.5,873.75
2022-09-02 04:00:00+00:00,343.25,861.75
2022-09-02 05:00:00+00:00,357.0,781.75
2022-09-02 06:00:00+00:00,334.75,615.5
2022-09-02 07:00:00+00:00,368.5,447.5
2022-09-02 08:00:00+00:00,383.0,394.25
2022-09-02 09:00:00+00:00,445.0,448.5
2022-09-02 10:00:00+00:00,512.5,584.75
2022-09-02 11:00:00+00:00,592.5,642.5
2022-09-02 12:00:00+00:00,639.25,642.0
2022-09-02 13:00:00+00:00,620.0,439.75
2022-09-02 14:00:00+00:00,625.75,389.0
2022-09-02 15:00:00+00:00,588.0,446.5
2022-09-02 16:00:00+00:00,650.0,506.25
2022-09-02 17:00:00+00:00,971.25,535.75
2022-09-02 18:00:00+00:00,1026.75,754.5
2022-09-02 19:00:00+00:00,664.75,968.5
2022-09-02 20:00:00+00:00,657.0,1113.0
2022-09-02 21:00:00+00:00,820.25,1152.75
2022-09-02 22:00:00+00:00,795.5,1159.25
2022-09-02 23:00:00+00:00,826.5,1094.0
2022-09-03 00:00:00+00:00,859.75,1125.5
2022-09-03 01:00:00+00:00,818.0,1066.5
2022-09-03 02:00:00+00:00,742.75,981.0
2022-09-03 03:00:00+00:00,716.5,878.0
2022-09-03 04:00:00+00:00,739.25,817.75
2022-09-03 05:00:00+00:00,669.75,840.75
2022-09-03 06:00:00+00:00,664.5,718.5
2022-09-03 07:00:00+00:00,588.5,520.75
2022-09-03 08:00:00+00:00,534.75,427.0
2022-09-03 09:00:00+00:00,526.0,366.25
2022-09-03 10:00:00+00:00,535.0,454.5
2022-09-03 11:00:00+00:00,243.75,604.25
2022-09-03 12:00:00+00:00,131.75,513.0
2022-09-03 13:00:00+00:00,377.75,342.75
2022-09-03 14:00:00+00:00,456.5,229.75
2022-09-03 15:00:00+00:00,448.75,193.25
2022-09-03 16:00:00+00:00,359.75,187.5
2022-09-03 17:00:00+00:00,393.25,251.0
2022-09-03 18:00:00+00:00,488.0,410.0
2022-09-03 19:00:00+00:00,588.75,517.5
2022-09-03 20:00:00+00:00,623.25,556.25
2022-09-03 21:00:00+00:00,613.25,612.5
2022-09-03 22:00:00+00:00,631.75,642.75
2022-09-03 23:00:00+00:00,584.75,674.0
2022-09-04 00:00:00+00:00,575.5,571.25
2022-09-04 01:00:00+00:00,556.0,475.25
2022-09-04 02:00:00+00:00,519.0,433.75
2022-09-04 03:00:00+00:00,419.75,421.5
2022-09-04 04:00:00+00:00,361.5,361.0
2022-09-04 05:00:00+00:00,320.25,328.0
2022-09-04 06:00:00+00:00,306.0,247.25
2022-09-04 07:00:00+00:00,338.0,187.75
2022-09-04 08:00:00+00:00,305.25,173.0
2022-09-04 09:00:00+00:00,236.25,200.5
2022-09-04 10:00:00+00:00,192.5,189.25
2022-09-04 11:00:00+00:00,191.75,143.0
2022-09-04 12:00:00+00:00,150.25,145.0
2022-09-04 13:00:00+00:00,152.25,129.0
2022-09-04 14:00:00+00:00,182.5,164.75
2022-09-04 15:00:00+00:00,174.25,132.5
2022-09-04 16:00:00+00:00,187.5,146.0
2022-09-04 17:00:00+00:00,191.0,135.25
2022-09-04 18:00:00+00:00,231.5,153.0
2022-09-04 19:00:00+00:00,321.0,196.75
2022-09-04 20:00:00+00:00,381.0,276.0
2022-09-04 21:00:00+00:00,491.25,296.25
2022-09-04 22:00:00+00:00,707.75,348.75
2022-09-04 23:00:00+00:00,864.0,397.5
2022-09-05 00:00:00+00:00,1124.5,500.0
2022-09-05 01:00:00+00:00,1082.25,504.25
2022-09-05 02:00:00+00:00,1098.5,509.0
2022-09-05 03:00:00+00:00,988.0,514.25
2022-09-05 04:00:00+00:00,873.5,505.75
2022-09-05 05:00:00+00:00,761.5,482.5
2022-09-05 06:00:00+00:00,691.0,426.25
2022-09-05 07:00:00+00:00,647.75,355.0
2022-09-05 08:00:00+00:00,464.25,270.75
2022-09-05 09:00:00+00:00,319.0,219.25
2022-09-05 10:00:00+00:00,215.5,221.0
2022-09-05 11:00:00+00:00,170.75,205.0
2022-09-05 12:00:00+00:00,107.25,194.25
2022-09-05 13:00:00+00:00,86.0,144.0
2022-09-05 14:00:00+00:00,116.5,105.25
2022-09-05 15:00:00+00:00,160.5,93.75
2022-09-05 16:00:00+00:00,329.75,103.5
2022-09-05 17:00:00+00:00,542.0,175.25
2022-09-05 18:00:00+00:00,721.75,326.25
2022-09-05 19:00:00+00:00,1066.75,649.0
2022-09-05 20:00:00+00:00,1656.0,987.75
2022-09-05 21:00:00+00:00,1352.0,1169.5
2022-09-05 22:00:00+00:00,799.75,852.75
2022-09-05 23:00:00+00:00,748.25,449.25
2022-09-06 00:00:00+00:00,981.0,403.25
2022-09-06 01:00:00+00:00,877.75,421.0
2022-09-06 02:00:00+00:00,504.5,344.75
2022-09-06 03:00:00+00:00,432.25,206.75
2022-09-06 04:00:00+00:00,649.25,149.5
2022-09-06 05:00:00+00:00,881.25,161.25
2022-09-06 06:00:00+00:00,726.0,230.5
2022-09-06 07:00:00+00:00,581.5,289.25
2022-09-06 08:00:00+00:00,807.0,283.75
2022-09-06 09:00:00+00:00,1034.75,307.75
2022-09-06 10:00:00+00:00,954.5,343.5
2022-09-06 11:00:00+00:00,653.75,346.25
2022-09-06 12:00:00+00:00,462.75,340.5
2022-09-06 13:00:00+00:00,345.25,227.5
2022-09-06 14:00:00+00:00,232.75,122.5
2022-09-06 15:00:00+00:00,231.75,136.0
2022-09-06 16:00:00+00:00,223.25,150.25
2022-09-06 17:00:00+00:00,176.25,144.0
2022-09-06 18:00:00+00:00,203.5,168.5
2022-09-06 19:00:00+00:00,463.0,201.75
2022-09-06 20:00:00+00:00,470.75,325.5
2022-09-06 21:00:00+00:00,217.75,466.75
2022-09-06 22:00:00+00:00,170.25,583.5
2022-09-06 23:00:00+00:00,188.5,854.0
2022-09-07 00:00:00+00:00,301.75,588.25
2022-09-07 01:00:00+00:00,315.5,381.5
2022-09-07 02:00:00+00:00,309.5,270.25
2022-09-07 03:00:00+00:00,500.25,190.0
2022-09-07 04:00:00+00:00,489.25,164.5
2022-09-07 05:00:00+00:00,744.0,181.0
2022-09-07 06:00:00+00:00,669.75,221.25
2022-09-07 07:00:00+00:00,644.25,254.5
2022-09-07 08:00:00+00:00,660.0,269.75
2022-09-07 09:00:00+00:00,575.75,286.75
2022-09-07 10:00:00+00:00,460.5,298.5
2022-09-07 11:00:00+00:00,365.5,333.75
2022-09-07 12:00:00+00:00,293.25,342.0
2022-09-07 13:00:00+00:00,229.0,303.25
2022-09-07 14:00:00+00:00,115.0,267.0
2022-09-07 15:00:00+00:00,30.25,212.5
2022-09-07 16:00:00+00:00,5.75,161.25
2022-09-07 17:00:00+00:00,1.0,117.25
2022-09-07 18:00:00+00:00,0.75,106.75
2022-09-07 19:00:00+00:00,20.0,135.5
2022-09-07 20:00:00+00:00,120.25,195.0
2022-09-07 21:00:00+00:00,304.75,207.5
2022-09-07 22:00:00+00:00,281.25,247.0
2022-09-07 23:00:00+00:00,430.5,234.25
2022-09-08 00:00:00+00:00,441.75,298.25
2022-09-08 01:00:00+00:00,414.75,334.25
2022-09-08 02:00:00+00:00,304.5,442.75
2022-09-08 03:00:00+00:00,436.0,333.0
2022-09-08 04:00:00+00:00,648.25,277.0
2022-09-08 05:00:00+00:00,679.5,341.75
2022-09-08 06:00:00+00:00,489.75,352.5
2022-09-08 07:00:00+00:00,583.75,413.5
2022-09-08 08:00:00+00:00,993.25,448.5
2022-09-08 09:00:00+00:00,1171.75,411.0
2022-09-08 10:00:00+00:00,941.75,531.5
2022-09-08 11:00:00+00:00,618.75,547.0
2022-09-08 12:00:00+00:00,459.75,532.75
2022-09-08 13:00:00+00:00,601.25,531.5
2022-09-08 14:00:00+00:00,446.25,455.5
2022-09-08 15:00:00+00:00,462.75,380.0
2022-09-08 16:00:00+00:00,428.25,319.5
2022-09-08 17:00:00+00:00,475.0,248.75
2022-09-08 18:00:00+00:00,559.75,254.5
2022-09-08 19:00:00+00:00,372.25,255.75
2022-09-08 20:00:00+00:00,576.0,339.25
2022-09-08 21:00:00+00:00,888.0,435.75
2022-09-08 22:00:00+00:00,937.75,519.5
2022-09-08 23:00:00+00:00,884.0,519.75
2022-09-09 00:00:00+00:00,858.25,635.0
2022-09-09 01:00:00+00:00,1086.75,630.5
2022-09-09 02:00:00+00:00,1353.5,658.25
2022-09-09 03:00:00+00:00,1527.75,673.5
2022-09-09 04:00:00+00:00,1581.75,750.0
2022-09-09 05:00:00+00:00,1576.25,949.5
2022-09-09 06:00:00+00:00,1477.75,947.5
2022-09-09 07:00:00+00:00,1296.5,1076.5
2022-09-09 08:00:00+00:00,1061.75,1131.75
2022-09-09 09:00:00+00:00,844.75,1111.5
2022-09-09 10:00:00+00:00,772.75,1138.75
2022-09-09 11:00:00+00:00,851.5,1146.75
2022-09-09 12:00:00+00:00,780.75,1194.0
2022-09-09 13:00:00+00:00,804.5,1063.75
2022-09-09 14:00:00+00:00,818.25,968.75
2022-09-09 15:00:00+00:00,837.75,897.25
2022-09-09 16:00:00+00:00,788.0,696.5
2022-09-09 17:00:00+00:00,1023.5,585.75
2022-09-09 18:00:00+00:00,543.25,534.25
2022-09-09 19:00:00+00:00,578.0,538.0
2022-09-09 20:00:00+00:00,521.5,607.5
2022-09-09 21:00:00+00:00,710.75,685.25
2022-09-09 22:00:00+00:00,827.75,691.0
2022-09-09 23:00:00+00:00,815.75,564.75
2022-09-10 00:00:00+00:00,821.75,567.25
2022-09-10 01:00:00+00:00,882.5,474.25
2022-09-10 02:00:00+00:00,813.25,481.25
2022-09-10 03:00:00+00:00,989.5,474.25
2022-09-10 04:00:00+00:00,1127.25,442.75
2022-09-10 05:00:00+00:00,1164.0,406.5
2022-09-10 06:00:00+00:00,1082.25,343.5
2022-09-10 07:00:00+00:00,1093.75,299.25
2022-09-10 08:00:00+00:00,1071.5,282.25
2022-09-10 09:00:00+00:00,1037.0,299.0
2022-09-10 10:00:00+00:00,864.75,290.0
2022-09-10 11:00:00+00:00,640.75,264.25
2022-09-10 12:00:00+00:00,405.75,276.5
2022-09-10 13:00:00+00:00,301.5,295.0
2022-09-10 14:00:00+00:00,276.75,371.25
2022-09-10 15:00:00+00:00,353.75,433.75
2022-09-10 16:00:00+00:00,437.5,390.0
2022-09-10 17:00:00+00:00,440.5,333.25
2022-09-10 18:00:00+00:00,445.25,355.5
2022-09-10 19:00:00+00:00,475.75,344.0
2022-09-10 20:00:00+00:00,475.75,246.0
2022-09-10 21:00:00+00:00,421.0,142.5
2022-09-10 22:00:00+00:00,285.25,88.25
2022-09-10 23:00:00+00:00,165.25,81.0
2022-09-11 00:00:00+00:00,126.5,55.0
2022-09-11 01:00:00+00:00,92.75,42.0
2022-09-11 02:00:00+00:00,54.75,34.75
2022-09-11 03:00:00+00:00,9.5,29.0
2022-09-11 04:00:00+00:00,0.75,26.25
2022-09-11 05:00:00+00:00,0.5,28.5
2022-09-11 06:00:00+00:00,0.0,34.5
2022-09-11 07:00:00+00:00,0.0,44.5
2022-09-11 08:00:00+00:00,1.0,57.5
2022-09-11 09:00:00+00:00,3.5,78.5
2022-09-11 10:00:00+00:00,2.5,89.0
2022-09-11 11:00:00+00:00,0.0,73.75
2022-09-11 12:00:00+00:00,0.0,64.0
2022-09-11 13:00:00+00:00,0.0,83.5
2022-09-11 14:00:00+00:00,0.0,74.25
2022-09-11 15:00:00+00:00,0.0,59.25
2022-09-11 16:00:00+00:00,1.25,39.75
2022-09-11 17:00:00+00:00,3.75,33.25
2022-09-11 18:00:00+00:00,15.25,34.25
2022-09-11 19:00:00+00:00,74.75,50.5
2022-09-11 20:00:00+00:00,204.25,77.25
2022-09-11 21:00:00+00:00,200.5,114.0
2022-09-11 22:00:00+00:00,213.5,141.25
2022-09-11 23:00:00+00:00,147.75,210.0
2022-09-12 00:00:00+00:00,187.0,239.0
2022-09-12 01:00:00+00:00,258.25,279.25
2022-09-12 02:00:00+00:00,285.25,266.75
2022-09-12 03:00:00+00:00,357.0,251.5
2022-09-12 04:00:00+00:00,399.0,266.5
2022-09-12 05:00:00+00:00,438.75,315.25
2022-09-12 06:00:00+00:00,420.25,319.75
2022-09-12 07:00:00+00:00,453.5,281.75
2022-09-12 08:00:00+00:00,510.25,226.5
2022-09-12 09:00:00+00:00,508.75,209.0
2022-09-12 10:00:00+00:00,485.75,247.0
2022-09-12 11:00:00+00:00,498.75,252.75
2022-09-12 12:00:00+00:00,371.25,284.0
2022-09-12 13:00:00+00:00,349.0,335.5
2022-09-12 14:00:00+00:00,337.0,295.25
2022-09-12 15:00:00+00:00,331.25,248.5
2022-09-12 16:00:00+00:00,324.0,206.25
2022-09-12 17:00:00+00:00,417.75,207.25
2022-09-12 18:00:00+00:00,409.5,157.5
2022-09-12 19:00:00+00:00,542.75,153.5
2022-09-12 20:00:00+00:00,525.5,125.5
2022-09-12 21:00:00+00:00,532.25,151.0
2022-09-12 22:00:00+00:00,578.0,298.25
2022-09-12 23:00:00+00:00,534.75,302.0
2022-09-13 00:00:00+00:00,325.25,276.75
2022-09-13 01:00:00+00:00,303.0,260.25
2022-09-13 02:00:00+00:00,468.75,191.75
2022-09-13 03:00:00+00:00,421.25,125.5
2022-09-13 04:00:00+00:00,402.25,110.75
2022-09-13 05:00:00+00:00,361.75,141.5
2022-09-13 06:00:00+00:00,399.0,140.5
2022-09-13 07:00:00+00:00,484.25,173.0
2022-09-13 08:00:00+00:00,601.5,188.25
2022-09-13 09:00:00+00:00,641.5,243.5
2022-09-13 10:00:00+00:00,584.5,246.5
2022-09-13 11:00:00+00:00,455.25,202.75
2022-09-13 12:00:00+00:00,404.5,201.5
2022-09-13 13:00:00+00:00,337.5,225.5
2022-09-13 14:00:00+00:00,384.5,187.0
2022-09-13 15:00:00+00:00,556.5,215.0
2022-09-13 16:00:00+00:00,525.75,249.25
2022-09-13 17:00:00+00:00,456.0,240.75
2022-09-13 18:00:00+00:00,538.0,223.75
2022-09-13 19:00:00+00:00,511.75,226.25
2022-09-13 20:00:00+00:00,487.25,206.5
2022-09-13 21:00:00+00:00,381.5,170.0
2022-09-13 22:00:00+00:00,319.75,142.0
2022-09-13 23:00:00+00:00,288.5,131.25
2022-09-14 00:00:00+00:00,288.5,105.0
2022-09-14 01:00:00+00:00,335.25,100.75
2022-09-14 02:00:00+00:00,314.5,101.0
2022-09-14 03:00:00+00:00,309.0,76.5
2022-09-14 04:00:00+00:00,301.0,56.0
2022-09-14 05:00:00+00:00,334.5,54.5
2022-09-14 06:00:00+00:00,309.5,67.5
2022-09-14 07:00:00+00:00,275.75,68.75
2022-09-14 08:00:00+00:00,184.0,54.0
2022-09-14 09:00:00+00:00,141.25,41.75
2022-09-14 10:00:00+00:00,127.25,52.0
2022-09-14 11:00:00+00:00,103.5,65.5
2022-09-14 12:00:00+00:00,91.75,68.75
2022-09-14 13:00:00+00:00,103.75,71.5
2022-09-14 14:00:00+00:00,158.0,112.25
2022-09-14 15:00:00+00:00,218.25,153.5
2022-09-14 16:00:00+00:00,269.0,139.25
2022-09-14 17:00:00+00:00,456.0,171.25
2022-09-14 18:00:00+00:00,489.75,127.75
2022-09-14 19:00:00+00:00,408.0,151.25
2022-09-14 20:00:00+00:00,496.5,250.5
2022-09-14 21:00:00+00:00,920.5,312.5
2022-09-14 22:00:00+00:00,1000.25,460.75
2022-09-14 23:00:00+00:00,885.25,586.25
2022-09-15 00:00:00+00:00,1016.75,654.25
2022-09-15 01:00:00+00:00,1207.75,743.5
2022-09-15 02:00:00+00:00,1104.5,731.0
2022-09-15 03:00:00+00:00,944.0,699.5
2022-09-15 04:00:00+00:00,872.75,689.0
2022-09-15 05:00:00+00:00,825.0,626.5
2022-09-15 06:00:00+00:00,883.25,744.25
2022-09-15 07:00:00+00:00,1223.0,665.75
2022-09-15 08:00:00+00:00,1226.0,782.5
2022-09-15 09:00:00+00:00,885.0,748.5
2022-09-15 10:00:00+00:00,853.5,748.0
2022-09-15 11:00:00+00:00,1258.0,858.25
2022-09-15 12:00:00+00:00,1167.25,1021.5
2022-09-15 13:00:00+00:00,919.0,1129.75
2022-09-15 14:00:00+00:00,959.75,1254.75
2022-09-15 15:00:00+00:00,1376.25,1176.0
2022-09-15 16:00:00+00:00,1520.5,1245.5
2022-09-15 17:00:00+00:00,1621.25,1111.25
2022-09-15 18:00:00+00:00,1769.25,991.0
2022-09-15 19:00:00+00:00,1847.75,1050.75
2022-09-15 20:00:00+00:00,1951.75,1053.25
2022-09-15 21:00:00+00:00,1971.5,1023.75
2022-09-15 22:00:00+00:00,1874.75,1018.75
2022-09-15 23:00:00+00:00,2128.25,1055.0
2022-09-16 00:00:00+00:00,2131.75,947.0
2022-09-16 01:00:00+00:00,1986.0,1005.25
2022-09-16 02:00:00+00:00,1989.5,945.0
2022-09-16 03:00:00+00:00,2165.75,973.5
2022-09-16 04:00:00+00:00,2144.25,1077.25
2022-09-16 05:00:00+00:00,2219.0,1146.75
2022-09-16 06:00:00+00:00,2022.5,1106.75
2022-09-16 07:00:00+00:00,2149.75,1139.25
2022-09-16 08:00:00+00:00,2035.5,1150.25
2022-09-16 09:00:00+00:00,2106.5,1405.5
2022-09-16 10:00:00+00:00,2173.25,1332.5
2022-09-16 11:00:00+00:00,1876.25,1240.75
2022-09-16 12:00:00+00:00,1895.75,1157.5
2022-09-16 13:00:00+00:00,2093.0,1593.75
2022-09-16 14:00:00+00:00,1874.75,1819.25
2022-09-16 15:00:00+00:00,1590.5,1869.25
2022-09-16 16:00:00+00:00,2155.75,1755.75
2022-09-16 17:00:00+00:00,2234.0,1699.0
2022-09-16 18:00:00+00:00,2265.75,1571.25
2022-09-16 19:00:00+00:00,2230.25,1483.25
2022-09-16 20:00:00+00:00,2240.5,1292.75
2022-09-16 21:00:00+00:00,2227.5,1464.0
2022-09-16 22:00:00+00:00,2277.5,1599.75
2022-09-16 23:00:00+00:00,2242.75,1605.5
2022-09-17 00:00:00+00:00,2228.75,1683.25
2022-09-17 01:00:00+00:00,2261.75,1616.25
2022-09-17 02:00:00+00:00,2259.5,1551.75
2022-09-17 03:00:00+00:00,2238.25,1659.25
2022-09-17 04:00:00+00:00,2186.5,1681.75
2022-09-17 05:00:00+00:00,2226.25,1570.0
2022-09-17 06:00:00+00:00,2216.75,1489.0
2022-09-17 07:00:00+00:00,2103.25,1484.75
2022-09-17 08:00:00+00:00,2230.25,1535.5
2022-09-17 09:00:00+00:00,2264.0,1482.5
2022-09-17 10:00:00+00:00,2183.0,1582.75
2022-09-17 11:00:00+00:00,1705.5,1629.5
2022-09-17 12:00:00+00:00,1920.5,1727.0
2022-09-17 13:00:00+00:00,1748.5,1635.0
2022-09-17 14:00:00+00:00,1772.5,1474.0
2022-09-17 15:00:00+00:00,2079.5,1805.0
2022-09-17 16:00:00+00:00,2207.5,1703.5
2022-09-17 17:00:00+00:00,2232.75,1775.75
2022-09-17 18:00:00+00:00,2244.5,1574.25
2022-09-17 19:00:00+00:00,2250.25,1386.5
2022-09-17 20:00:00+00:00,2240.0,1393.75
2022-09-17 21:00:00+00:00,2215.0,1414.25
2022-09-17 22:00:00+00:00,2189.0,1316.75
2022-09-17 23:00:00+00:00,2149.75,1262.75
2022-09-18 00:00:00+00:00,2095.25,1221.25
2022-09-18 01:00:00+00:00,1910.25,1290.25
2022-09-18 02:00:00+00:00,1794.5,1224.5
2022-09-18 03:00:00+00:00,1732.0,1328.0
2022-09-18 04:00:00+00:00,1621.25,1223.25
2022-09-18 05:00:00+00:00,1660.5,1201.0
2022-09-18 06:00:00+00:00,1633.25,1237.5
2022-09-18 07:00:00+00:00,1598.5,934.75
2022-09-18 08:00:00+00:00,1769.5,1112.25
2022-09-18 09:00:00+00:00,1821.25,1246.0
2022-09-18 10:00:00+00:00,1995.5,1279.25
2022-09-18 11:00:00+00:00,2079.25,1244.0
2022-09-18 12:00:00+00:00,2070.5,1482.25
2022-09-18 13:00:00+00:00,2125.0,1437.25
2022-09-18 14:00:00+00:00,2134.5,1358.5
2022-09-18 15:00:00+00:00,2159.5,1594.5
2022-09-18 16:00:00+00:00,2129.5,1590.75
2022-09-18 17:00:00+00:00,2083.75,1562.75
2022-09-18 18:00:00+00:00,2131.75,1668.5
2022-09-18 19:00:00+00:00,2033.75,1644.75
2022-09-18 20:00:00+00:00,2059.25,1649.5
2022-09-18 21:00:00+00:00,1955.25,1564.25
2022-09-18 22:00:00+00:00,1876.75,1477.0
2022-09-18 23:00:00+00:00,1679.5,1375.75
2022-09-19 00:00:00+00:00,1478.5,1268.75
2022-09-19 01:00:00+00:00,1469.5,1208.0
2022-09-19 02:00:00+00:00,1337.0,1151.75
2022-09-19 03:00:00+00:00,1306.75,1086.0
2022-09-19 04:00:00+00:00,1503.0,915.75
2022-09-19 05:00:00+00:00,1619.0,850.25
2022-09-19 06:00:00+00:00,1632.75,897.25
2022-09-19 07:00:00+00:00,1681.25,912.0
2022-09-19 08:00:00+00:00,1594.5,856.25
2022-09-19 09:00:00+00:00,1359.0,834.25
2022-09-19 10:00:00+00:00,1009.0,938.75
2022-09-19 11:00:00+00:00,1043.75,947.75
2022-09-19 12:00:00+00:00,973.0,955.0
2022-09-19 13:00:00+00:00,939.25,1081.75
2022-09-19 14:00:00+00:00,1113.25,1147.0
2022-09-19 15:00:00+00:00,1217.0,1169.5
2022-09-19 16:00:00+00:00,1175.25,923.0
2022-09-19 17:00:00+00:00,1305.75,849.0
2022-09-19 18:00:00+00:00,1246.25,806.25
2022-09-19 19:00:00+00:00,1140.25,698.75
2022-09-19 20:00:00+00:00,904.25,599.75
2022-09-19 21:00:00+00:00,778.5,546.75
2022-09-19 22:00:00+00:00,817.25,432.0
2022-09-19 23:00:00+00:00,718.5,408.5
2022-09-20 00:00:00+00:00,625.25,293.75
2022-09-20 01:00:00+00:00,490.0,367.25
2022-09-20 02:00:00+00:00,507.0,283.0
2022-09-20 03:00:00+00:00,548.25,248.25
2022-09-20 04:00:00+00:00,579.0,203.25
2022-09-20 05:00:00+00:00,570.75,202.75
2022-09-20 06:00:00+00:00,553.5,131.75
2022-09-20 07:00:00+00:00,488.0,186.5
2022-09-20 08:00:00+00:00,426.75,188.5
2022-09-20 09:00:00+00:00,448.0,199.5
2022-09-20 10:00:00+00:00,493.75,231.25
2022-09-20 11:00:00+00:00,292.75,268.75
2022-09-20 12:00:00+00:00,327.0,237.25
2022-09-20 13:00:00+00:00,288.25,207.75
2022-09-20 14:00:00+00:00,192.5,190.75
2022-09-20 15:00:00+00:00,190.0,219.75
2022-09-20 16:00:00+00:00,219.0,196.75
2022-09-20 17:00:00+00:00,189.5,188.5
2022-09-20 18:00:00+00:00,196.75,131.5
2022-09-20 19:00:00+00:00,188.0,78.75
2022-09-20 20:00:00+00:00,295.0,31.0
2022-09-20 21:00:00+00:00,272.25,13.75
2022-09-20 22:00:00+00:00,148.0,10.5
2022-09-20 23:00:00+00:00,68.25,7.75
2022-09-21 00:00:00+00:00,4.5,8.0
2022-09-21 01:00:00+00:00,1.0,7.0
2022-09-21 02:00:00+00:00,1.0,5.75
2022-09-21 03:00:00+00:00,1.0,6.0
2022-09-21 04:00:00+00:00,1.25,7.75
2022-09-21 05:00:00+00:00,1.5,7.25
2022-09-21 06:00:00+00:00,1.0,16.5
2022-09-21 07:00:00+00:00,5.25,34.0
2022-09-21 08:00:00+00:00,6.0,44.0
2022-09-21 09:00:00+00:00,6.0,55.25
2022-09-21 10:00:00+00:00,5.75,62.5
2022-09-21 11:00:00+00:00,9.25,65.75
2022-09-21 12:00:00+00:00,6.75,64.25
2022-09-21 13:00:00+00:00,1.25,58.5
2022-09-21 14:00:00+00:00,0.0,46.0
2022-09-21 15:00:00+00:00,0.0,32.25
2022-09-21 16:00:00+00:00,0.0,19.25
2022-09-21 17:00:00+00:00,0.0,7.25
2022-09-21 18:00:00+00:00,0.0,8.75
2022-09-21 19:00:00+00:00,0.0,11.25
2022-09-21 20:00:00+00:00,0.0,12.75
2022-09-21 21:00:00+00:00,5.25,11.5
2022-09-21 22:00:00+00:00,12.0,7.5
2022-09-21 23:00:00+00:00,21.0,10.25
2022-09-22 00:00:00+00:00,28.0,16.75
2022-09-22 01:00:00+00:00,33.75,31.75
2022-09-22 02:00:00+00:00,42.75,53.75
2022-09-22 03:00:00+00:00,41.25,59.5
2022-09-22 04:00:00+00:00,41.0,55.75
2022-09-22 05:00:00+00:00,64.0,47.0
2022-09-22 06:00:00+00:00,103.25,52.75
2022-09-22 07:00:00+00:00,107.0,65.25
2022-09-22 08:00:00+00:00,111.0,70.25
2022-09-22 09:00:00+00:00,131.0,69.0
2022-09-22 10:00:00+00:00,116.5,73.25
2022-09-22 11:00:00+00:00,117.5,97.25
2022-09-22 12:00:00+00:00,135.75,135.25
2022-09-22 13:00:00+00:00,140.0,154.75
2022-09-22 14:00:00+00:00,112.75,135.25
2022-09-22 15:00:00+00:00,102.75,100.25
2022-09-22 16:00:00+00:00,86.5,74.0
2022-09-22 17:00:00+00:00,66.25,90.0
2022-09-22 18:00:00+00:00,96.5,76.5
2022-09-22 19:00:00+00:00,113.0,73.75
2022-09-22 20:00:00+00:00,153.0,132.5
2022-09-22 21:00:00+00:00,274.25,197.25
2022-09-22 22:00:00+00:00,324.0,282.25
2022-09-22 23:00:00+00:00,359.5,307.5
2022-09-23 00:00:00+00:00,387.5,296.5
2022-09-23 01:00:00+00:00,461.0,261.25
2022-09-23 02:00:00+00:00,383.5,285.75
2022-09-23 03:00:00+00:00,381.0,310.0
2022-09-23 04:00:00+00:00,372.25,356.25
2022-09-23 05:00:00+00:00,368.0,349.25
2022-09-23 06:00:00+00:00,351.5,269.5
2022-09-23 07:00:00+00:00,274.75,201.5
2022-09-23 08:00:00+00:00,238.5,162.75
2022-09-23 09:00:00+00:00,240.75,133.75
2022-09-23 10:00:00+00:00,272.25,96.5
2022-09-23 11:00:00+00:00,322.75,102.0
2022-09-23 12:00:00+00:00,328.75,109.25
2022-09-23 13:00:00+00:00,331.5,151.25
2022-09-23 14:00:00+00:00,240.75,179.0
2022-09-23 15:00:00+00:00,349.5,176.25
2022-09-23 16:00:00+00:00,243.25,218.0
2022-09-23 17:00:00+00:00,271.5,377.25
2022-09-23 18:00:00+00:00,238.5,341.25
2022-09-23 19:00:00+00:00,167.75,331.0
2022-09-23 20:00:00+00:00,322.25,366.75
2022-09-23 21:00:00+00:00,623.75,299.25
2022-09-23 22:00:00+00:00,852.5,297.25
2022-09-23 23:00:00+00:00,1001.25,280.25
2022-09-24 00:00:00+00:00,1182.75,252.25
2022-09-24 01:00:00+00:00,1372.25,300.0
2022-09-24 02:00:00+00:00,1438.5,295.5
2022-09-24 03:00:00+00:00,1643.25,434.75
2022-09-24 04:00:00+00:00,1706.25,553.25
2022-09-24 05:00:00+00:00,1784.25,629.75
2022-09-24 06:00:00+00:00,1675.5,641.5
2022-09-24 07:00:00+00:00,1917.75,716.75
2022-09-24 08:00:00+00:00,2112.75,792.25
2022-09-24 09:00:00+00:00,2032.5,924.0
2022-09-24 10:00:00+00:00,1899.0,904.0
2022-09-24 11:00:00+00:00,1747.0,957.25
2022-09-24 12:00:00+00:00,1643.0,964.75
2022-09-24 13:00:00+00:00,1565.25,957.25
2022-09-24 14:00:00+00:00,1715.5,1006.75
2022-09-24 15:00:00+00:00,1702.25,1017.0
2022-09-24 16:00:00+00:00,1754.0,921.75
2022-09-24 17:00:00+00:00,1812.75,776.5
2022-09-24 18:00:00+00:00,1833.75,796.5
2022-09-24 19:00:00+00:00,1795.0,698.0
2022-09-24 20:00:00+00:00,1570.5,571.0
2022-09-24 21:00:00+00:00,1437.75,428.5
2022-09-24 22:00:00+00:00,1261.25,410.75
2022-09-24 23:00:00+00:00,1107.75,396.75
2022-09-25 00:00:00+00:00,1119.75,354.5
2022-09-25 01:00:00+00:00,988.75,368.0
2022-09-25 02:00:00+00:00,806.0,229.25
2022-09-25 03:00:00+00:00,741.25,192.0
2022-09-25 04:00:00+00:00,255.75,171.5
2022-09-25 05:00:00+00:00,451.75,183.25
2022-09-25 06:00:00+00:00,438.25,140.25
2022-09-25 07:00:00+00:00,363.5,75.5
2022-09-25 08:00:00+00:00,441.0,78.75
2022-09-25 09:00:00+00:00,325.0,104.5
2022-09-25 10:00:00+00:00,567.25,176.75
2022-09-25 11:00:00+00:00,325.75,150.25
2022-09-25 12:00:00+00:00,278.25,130.5
2022-09-25 13:00:00+00:00,298.25,119.75
2022-09-25 14:00:00+00:00,155.0,141.5
2022-09-25 15:00:00+00:00,123.5,128.75
2022-09-25 16:00:00+00:00,125.25,146.5
2022-09-25 17:00:00+00:00,181.75,121.75
2022-09-25 18:00:00+00:00,229.0,137.0
2022-09-25 19:00:00+00:00,490.0,250.5
2022-09-25 20:00:00+00:00,1078.25,432.75
2022-09-25 21:00:00+00:00,1292.75,632.0
2022-09-25 22:00:00+00:00,1474.25,792.0
2022-09-25 23:00:00+00:00,1802.75,1014.75
2022-09-26 00:00:00+00:00,2083.0,1233.25
2022-09-26 01:00:00+00:00,2272.0,1365.75
2022-09-26 02:00:00+00:00,2301.75,1453.0
2022-09-26 03:00:00+00:00,2301.25,1722.75
2022-09-26 04:00:00+00:00,2298.5,1904.0
2022-09-26 05:00:00+00:00,2283.25,1971.0
2022-09-26 06:00:00+00:00,2282.25,2032.0
2022-09-26 07:00:00+00:00,2269.0,1991.0
2022-09-26 08:00:00+00:00,1966.75,2024.25
2022-09-26 09:00:00+00:00,1437.25,2002.5
2022-09-26 10:00:00+00:00,1024.5,1767.75
2022-09-26 11:00:00+00:00,1021.25,1492.75
2022-09-26 12:00:00+00:00,1375.0,1145.75
2022-09-26 13:00:00+00:00,1541.0,957.75
2022-09-26 14:00:00+00:00,1523.5,768.75
2022-09-26 15:00:00+00:00,1778.5,738.25
2022-09-26 16:00:00+00:00,2003.75,517.0
2022-09-26 17:00:00+00:00,2042.0,604.75
2022-09-26 18:00:00+00:00,2043.0,732.0
2022-09-26 19:00:00+00:00,1987.75,1114.5
2022-09-26 20:00:00+00:00,2135.0,1118.5
2022-09-26 21:00:00+00:00,2151.25,1104.0
2022-09-26 22:00:00+00:00,2112.5,1211.5
2022-09-26 23:00:00+00:00,2087.0,1116.5
2022-09-27 00:00:00+00:00,1951.75,1109.0
2022-09-27 01:00:00+00:00,2048.75,1049.75
2022-09-27 02:00:00+00:00,2118.75,973.5
2022-09-27 03:00:00+00:00,2014.25,996.25
2022-09-27 04:00:00+00:00,2048.5,830.25
2022-09-27 05:00:00+00:00,1950.0,764.5
2022-09-27 06:00:00+00:00,1876.5,827.25
2022-09-27 07:00:00+00:00,1929.75,681.5
2022-09-27 08:00:00+00:00,1762.0,686.25
2022-09-27 09:00:00+00:00,1543.5,772.5
2022-09-27 10:00:00+00:00,1305.5,597.0
2022-09-27 11:00:00+00:00,1171.5,694.25
2022-09-27 12:00:00+00:00,1499.75,788.75
2022-09-27 13:00:00+00:00,1556.5,591.75
2022-09-27 14:00:00+00:00,1419.75,682.75
2022-09-27 15:00:00+00:00,1243.5,467.25
2022-09-27 16:00:00+00:00,1068.75,463.0
2022-09-27 17:00:00+00:00,729.75,250.5
2022-09-27 18:00:00+00:00,763.5,187.5
2022-09-27 19:00:00+00:00,782.5,205.5
2022-09-27 20:00:00+00:00,688.5,205.75
2022-09-27 21:00:00+00:00,493.25,178.0
2022-09-27 22:00:00+00:00,571.75,204.25
2022-09-27 23:00:00+00:00,488.25,178.25
2022-09-28 00:00:00+00:00,655.25,226.0
2022-09-28 01:00:00+00:00,690.5,208.0
2022-09-28 02:00:00+00:00,327.0,202.0
2022-09-28 03:00:00+00:00,614.25,147.5
2022-09-28 04:00:00+00:00,404.25,187.25
2022-09-28 05:00:00+00:00,501.25,192.0
2022-09-28 06:00:00+00:00,606.25,152.5
2022-09-28 07:00:00+00:00,546.0,136.0
2022-09-28 08:00:00+00:00,616.75,170.0
2022-09-28 09:00:00+00:00,676.5,176.75
2022-09-28 10:00:00+00:00,517.25,197.5
2022-09-28 11:00:00+00:00,407.25,198.25
2022-09-28 12:00:00+00:00,294.5,258.25
2022-09-28 13:00:00+00:00,242.5,217.75
2022-09-28 14:00:00+00:00,229.75,178.75
2022-09-28 15:00:00+00:00,163.0,227.5
2022-09-28 16:00:00+00:00,268.75,208.0
2022-09-28 17:00:00+00:00,47.75,207.75
2022-09-28 18:00:00+00:00,9.5,186.25
2022-09-28 19:00:00+00:00,22.0,138.75
2022-09-28 20:00:00+00:00,19.75,103.5
2022-09-28 21:00:00+00:00,23.0,143.0
2022-09-28 22:00:00+00:00,38.5,139.75
2022-09-28 23:00:00+00:00,9.5,145.25
2022-09-29 00:00:00+00:00,6.0,129.5
2022-09-29 01:00:00+00:00,1.75,112.25
2022-09-29 02:00:00+00:00,5.0,91.0
2022-09-29 03:00:00+00:00,18.75,77.0
2022-09-29 04:00:00+00:00,17.5,70.0
2022-09-29 05:00:00+00:00,9.5,64.0
2022-09-29 06:00:00+00:00,18.0,75.75
2022-09-29 07:00:00+00:00,59.0,88.25
2022-09-29 08:00:00+00:00,48.25,102.25
2022-09-29 09:00:00+00:00,12.75,107.5
2022-09-29 10:00:00+00:00,41.75,118.25
2022-09-29 11:00:00+00:00,29.25,120.25
2022-09-29 12:00:00+00:00,176.5,106.0
2022-09-29 13:00:00+00:00,217.25,117.0
2022-09-29 14:00:00+00:00,201.75,117.5
2022-09-29 15:00:00+00:00,204.25,106.5
2022-09-29 16:00:00+00:00,185.5,83.5
2022-09-29 17:00:00+00:00,155.5,73.25
2022-09-29 18:00:00+00:00,122.75,69.75
2022-09-29 19:00:00+00:00,80.5,66.5
2022-09-29 20:00:00+00:00,50.0,62.5
2022-09-29 21:00:00+00:00,79.75,57.5
2022-09-29 22:00:00+00:00,81.25,59.75
2022-09-29 23:00:00+00:00,36.25,59.5
2022-09-30 00:00:00+00:00,14.0,58.5
2022-09-30 01:00:00+00:00,3.25,62.75
2022-09-30 02:00:00+00:00,2.25,70.75
2022-09-30 03:00:00+00:00,2.75,84.75
2022-09-30 04:00:00+00:00,29.75,117.0
2022-09-30 05:00:00+00:00,104.75,163.5
2022-09-30 06:00:00+00:00,59.25,219.25
2022-09-30 07:00:00+00:00,33.0,287.0
2022-09-30 08:00:00+00:00,143.0,302.25
2022-09-30 09:00:00+00:00,668.75,289.25
2022-09-30 10:00:00+00:00,914.75,483.0
2022-09-30 11:00:00+00:00,1320.0,806.0
2022-09-30 12:00:00+00:00,1658.5,1051.25
2022-09-30 13:00:00+00:00,1943.5,1191.0
2022-09-30 14:00:00+00:00,2251.5,1301.0
2022-09-30 15:00:00+00:00,2283.5,1468.25
2022-09-30 16:00:00+00:00,2289.5,1455.25
2022-09-30 17:00:00+00:00,2264.5,1586.5
2022-09-30 18:00:00+00:00,2253.5,1871.25
2022-09-30 19:00:00+00:00,2260.5,2096.75
2022-09-30 20:00:00+00:00,2264.0,2197.0
2022-09-30 21:00:00+00:00,2256.5,2194.5
2022-09-30 22:00:00+00:00,1935.25,2146.5
2022-09-30 23:00:00+00:00,1950.0,2039.0
2022-10-01 00:00:00+00:00,1819.0,2244.75
2022-10-01 01:00:00+00:00,1746.0,2260.0
2022-10-01 02:00:00+00:00,1582.25,2177.5
2022-10-01 03:00:00+00:00,1426.0,1933.0
2022-10-01 04:00:00+00:00,1416.25,1561.25
2022-10-01 05:00:00+00:00,1654.0,1323.75
2022-10-01 06:00:00+00:00,1819.25,1183.25
2022-10-01 07:00:00+00:00,1743.25,1201.5
2022-10-01 08:00:00+00:00,1646.0,1040.25
2022-10-01 09:00:00+00:00,1259.25,1441.0
2022-10-01 10:00:00+00:00,1509.25,1759.5
2022-10-01 11:00:00+00:00,1456.0,1679.25
2022-10-01 12:00:00+00:00,1326.5,1726.75
2022-10-01 13:00:00+00:00,1361.75,1714.25
2022-10-01 14:00:00+00:00,1352.75,1695.25
2022-10-01 15:00:00+00:00,1516.75,1537.5
2022-10-01 16:00:00+00:00,1431.5,1338.0
2022-10-01 17:00:00+00:00,1351.0,1141.5
2022-10-01 18:00:00+00:00,1352.5,1145.5
2022-10-01 19:00:00+00:00,1281.0,1268.0
2022-10-01 20:00:00+00:00,1391.0,1402.0
2022-10-01 21:00:00+00:00,1677.0,1389.0
2022-10-01 22:00:00+00:00,2102.25,1419.25
2022-10-01 23:00:00+00:00,2040.25,1451.75
2022-10-02 00:00:00+00:00,1922.5,1317.0
2022-10-02 01:00:00+00:00,1908.0,1216.0
2022-10-02 02:00:00+00:00,1886.5,1196.0
2022-10-02 03:00:00+00:00,1838.25,1067.75
2022-10-02 04:00:00+00:00,1685.5,901.0
2022-10-02 05:00:00+00:00,1319.0,893.0
2022-10-02 06:00:00+00:00,1173.0,949.75
2022-10-02 07:00:00+00:00,1050.75,907.5
2022-10-02 08:00:00+00:00,924.5,709.5
2022-10-02 09:00:00+00:00,870.75,665.75
2022-10-02 10:00:00+00:00,877.0,775.75
2022-10-02 11:00:00+00:00,878.75,749.0
2022-10-02 12:00:00+00:00,792.25,670.5
2022-10-02 13:00:00+00:00,724.75,641.0
2022-10-02 14:00:00+00:00,684.25,625.75
2022-10-02 15:00:00+00:00,788.0,695.5
2022-10-02 16:00:00+00:00,839.5,761.75
2022-10-02 17:00:00+00:00,827.75,770.0
2022-10-02 18:00:00+00:00,754.5,741.75
2022-10-02 19:00:00+00:00,634.75,679.75
2022-10-02 20:00:00+00:00,512.5,604.75
2022-10-02 21:00:00+00:00,526.0,573.0
2022-10-02 22:00:00+00:00,522.5,429.75
2022-10-02 23:00:00+00:00,418.0,359.25
2022-10-03 00:00:00+00:00,363.75,338.0
2022-10-03 01:00:00+00:00,264.25,350.25
2022-10-03 02:00:00+00:00,178.75,244.75
2022-10-03 03:00:00+00:00,149.25,203.75
2022-10-03 04:00:00+00:00,117.0,174.25
2022-10-03 05:00:00+00:00,76.25,156.25
2022-10-03 06:00:00+00:00,128.5,129.25
2022-10-03 07:00:00+00:00,135.5,115.5
2022-10-03 08:00:00+00:00,134.0,130.0
2022-10-03 09:00:00+00:00,157.75,139.0
2022-10-03 10:00:00+00:00,147.75,146.75
2022-10-03 11:00:00+00:00,124.5,135.75
2022-10-03 12:00:00+00:00,139.5,124.5
2022-10-03 13:00:00+00:00,110.25,129.75
2022-10-03 14:00:00+00:00,51.75,131.75
2022-10-03 15:00:00+00:00,49.5,108.5
2022-10-03 16:00:00+00:00,79.0,112.0
2022-10-03 17:00:00+00:00,118.25,118.0
2022-10-03 18:00:00+00:00,222.0,136.75
2022-10-03 19:00:00+00:00,304.75,159.25
2022-10-03 20:00:00+00:00,546.5,203.5
2022-10-03 21:00:00+00:00,560.5,232.0
2022-10-03 22:00:00+00:00,567.0,288.5
2022-10-03 23:00:00+00:00,598.5,342.5
2022-10-04 00:00:00+00:00,649.25,382.75
2022-10-04 01:00:00+00:00,542.25,428.75
2022-10-04 02:00:00+00:00,684.75,540.75
2022-10-04 03:00:00+00:00,724.25,541.0
2022-10-04 04:00:00+00:00,795.0,534.0
2022-10-04 05:00:00+00:00,916.75,607.25
2022-10-04 06:00:00+00:00,1016.0,837.25
2022-10-04 07:00:00+00:00,1006.0,772.75
2022-10-04 08:00:00+00:00,1166.5,589.5
2022-10-04 09:00:00+00:00,1063.5,568.5
2022-10-04 10:00:00+00:00,1211.0,659.0
2022-10-04 11:00:00+00:00,1407.75,658.0
2022-10-04 12:00:00+00:00,1595.75,708.0
2022-10-04 13:00:00+00:00,1733.5,867.5
2022-10-04 14:00:00+00:00,1870.0,919.75
2022-10-04 15:00:00+00:00,1970.0,814.25
2022-10-04 16:00:00+00:00,2101.75,842.0
2022-10-04 17:00:00+00:00,2068.75,1101.75
2022-10-04 18:00:00+00:00,1990.5,1262.75
2022-10-04 19:00:00+00:00,2021.5,1313.0
2022-10-04 20:00:00+00:00,1966.5,1307.75
2022-10-04 21:00:00+00:00,2030.5,1375.0
2022-10-04 22:00:00+00:00,2021.75,1434.75
2022-10-04 23:00:00+00:00,1955.75,1428.0
2022-10-05 00:00:00+00:00,1940.0,1457.75
2022-10-05 01:00:00+00:00,2013.75,1504.25
2022-10-05 02:00:00+00:00,1988.75,1588.25
2022-10-05 03:00:00+00:00,2032.0,1606.0
2022-10-05 04:00:00+00:00,2042.75,1692.0
2022-10-05 05:00:00+00:00,2130.75,1715.75
2022-10-05 06:00:00+00:00,2188.75,1759.5
2022-10-05 07:00:00+00:00,2193.25,1773.75
2022-10-05 08:00:00+00:00,2207.25,1929.0
2022-10-05 09:00:00+00:00,2204.25,2027.5
2022-10-05 10:00:00+00:00,2158.25,2143.75
2022-10-05 11:00:00+00:00,2073.5,2063.0
2022-10-05 12:00:00+00:00,1865.0,2093.0
2022-10-05 13:00:00+00:00,1947.25,2036.0
2022-10-05 14:00:00+00:00,2139.75,2226.5
2022-10-05 15:00:00+00:00,2129.75,2202.0
2022-10-05 16:00:00+00:00,2068.75,2169.0
2022-10-05 17:00:00+00:00,2066.25,2247.75
2022-10-05 18:00:00+00:00,1986.75,2224.5
2022-10-05 19:00:00+00:00,2085.25,1977.75
2022-10-05 20:00:00+00:00,2168.0,1875.75
2022-10-05 21:00:00+00:00,2105.5,1852.5
2022-10-05 22:00:00+00:00,2176.5,1910.5
2022-10-05 23:00:00+00:00,2113.75,1568.5
2022-10-06 00:00:00+00:00,2167.0,1897.5
2022-10-06 01:00:00+00:00,2138.75,1795.0
2022-10-06 02:00:00+00:00,2074.25,1631.75
2022-10-06 03:00:00+00:00,2092.25,1532.0
2022-10-06 04:00:00+00:00,1728.5,1461.25
2022-10-06 05:00:00+00:00,1462.0,1324.0
2022-10-06 06:00:00+00:00,1477.5,1234.5
2022-10-06 07:00:00+00:00,1509.75,1100.0
2022-10-06 08:00:00+00:00,1342.75,1053.75
2022-10-06 09:00:00+00:00,1284.0,1271.0
2022-10-06 10:00:00+00:00,1350.75,1141.25
2022-10-06 11:00:00+00:00,1150.75,1171.0
2022-10-06 12:00:00+00:00,1147.5,1202.75
2022-10-06 13:00:00+00:00,1582.75,1420.0
2022-10-06 14:00:00+00:00,1674.0,1435.5
2022-10-06 15:00:00+00:00,1704.0,1230.5
2022-10-06 16:00:00+00:00,1709.5,1028.75
2022-10-06 17:00:00+00:00,1694.5,917.0
2022-10-06 18:00:00+00:00,1660.75,980.0
2022-10-06 19:00:00+00:00,1611.5,1106.25
2022-10-06 20:00:00+00:00,1580.25,1223.0
2022-10-06 21:00:00+00:00,1577.0,1356.0
2022-10-06 22:00:00+00:00,1544.75,1461.5
2022-10-06 23:00:00+00:00,1503.0,1553.5
2022-10-07 00:00:00+00:00,1521.75,1470.75
2022-10-07 01:00:00+00:00,1659.5,1407.25
2022-10-07 02:00:00+00:00,1607.0,1371.75
2022-10-07 03:00:00+00:00,1555.5,1372.5
2022-10-07 04:00:00+00:00,1449.5,1419.25
2022-10-07 05:00:00+00:00,1481.25,1540.25
2022-10-07 06:00:00+00:00,1458.75,1523.5
2022-10-07 07:00:00+00:00,1722.0,1391.5
2022-10-07 08:00:00+00:00,1756.25,1260.0
2022-10-07 09:00:00+00:00,1831.0,1300.25
2022-10-07 10:00:00+00:00,1871.75,1351.75
2022-10-07 11:00:00+00:00,1840.75,1502.75
2022-10-07 12:00:00+00:00,2038.5,1579.25
2022-10-07 13:00:00+00:00,2094.0,1603.5
2022-10-07 14:00:00+00:00,2178.5,1505.75
2022-10-07 15:00:00+00:00,2206.5,1344.75
2022-10-07 16:00:00+00:00,2221.25,1271.0
2022-10-07 17:00:00+00:00,2199.5,1461.0
2022-10-07 18:00:00+00:00,2201.75,1572.5
2022-10-07 19:00:00+00:00,2205.75,1671.5
2022-10-07 20:00:00+00:00,2178.75,1774.5
2022-10-07 21:00:00+00:00,1877.75,1836.5
2022-10-07 22:00:00+00:00,1370.0,1594.75
2022-10-07 23:00:00+00:00,1634.75,1084.75
2022-10-08 00:00:00+00:00,1502.25,834.25
2022-10-08 01:00:00+00:00,1515.25,918.5
2022-10-08 02:00:00+00:00,1454.75,901.75
2022-10-08 03:00:00+00:00,1587.5,920.0
2022-10-08 04:00:00+00:00,1659.25,974.25
2022-10-08 05:00:00+00:00,1581.75,1242.25
2022-10-08 06:00:00+00:00,1668.5,1269.5
2022-10-08 07:00:00+00:00,1573.5,1102.0
2022-10-08 08:00:00+00:00,1470.5,1089.0
2022-10-08 09:00:00+00:00,1391.25,1148.5
2022-10-08 10:00:00+00:00,1201.0,1204.5
2022-10-08 11:00:00+00:00,953.75,1074.75
2022-10-08 12:00:00+00:00,849.25,951.25
2022-10-08 13:00:00+00:00,607.75,1013.0
2022-10-08 14:00:00+00:00,685.25,925.5
2022-10-08 15:00:00+00:00,656.75,812.75
2022-10-08 16:00:00+00:00,580.25,666.25
2022-10-08 17:00:00+00:00,440.0,462.5
2022-10-08 18:00:00+00:00,387.75,323.25
2022-10-08 19:00:00+00:00,287.75,292.75
2022-10-08 20:00:00+00:00,231.75,238.25
2022-10-08 21:00:00+00:00,171.5,183.25
2022-10-08 22:00:00+00:00,165.75,181.0
2022-10-08 23:00:00+00:00,236.5,174.25
2022-10-09 00:00:00+00:00,270.0,189.75
2022-10-09 01:00:00+00:00,179.0,192.5
2022-10-09 02:00:00+00:00,175.0,164.5
2022-10-09 03:00:00+00:00,227.75,176.0
2022-10-09 04:00:00+00:00,289.75,245.5
2022-10-09 05:00:00+00:00,442.5,321.0
2022-10-09 06:00:00+00:00,584.0,390.75
2022-10-09 07:00:00+00:00,528.75,534.75
2022-10-09 08:00:00+00:00,540.0,469.75
2022-10-09 09:00:00+00:00,619.0,411.25
2022-10-09 10:00:00+00:00,679.5,405.0
2022-10-09 11:00:00+00:00,568.5,414.25
2022-10-09 12:00:00+00:00,488.75,409.0
2022-10-09 13:00:00+00:00,381.75,390.75
2022-10-09 14:00:00+00:00,390.75,438.0
2022-10-09 15:00:00+00:00,474.25,472.25
2022-10-09 16:00:00+00:00,505.75,487.25
2022-10-09 17:00:00+00:00,590.25,534.5
2022-10-09 18:00:00+00:00,867.5,676.25
2022-10-09 19:00:00+00:00,1023.25,914.75
2022-10-09 20:00:00+00:00,1036.0,1126.0
2022-10-09 21:00:00+00:00,1011.5,1275.25
2022-10-09 22:00:00+00:00,1137.25,1324.5
2022-10-09 23:00:00+00:00,1182.5,1135.5
2022-10-10 00:00:00+00:00,1222.5,1228.0
2022-10-10 01:00:00+00:00,1166.25,1198.5
2022-10-10 02:00:00+00:00,1075.5,1263.25
2022-10-10 03:00:00+00:00,953.75,1084.5
2022-10-10 04:00:00+00:00,834.5,1055.75
2022-10-10 05:00:00+00:00,747.5,992.25
2022-10-10 06:00:00+00:00,728.0,858.5
2022-10-10 07:00:00+00:00,693.75,698.0
2022-10-10 08:00:00+00:00,926.25,533.5
2022-10-10 09:00:00+00:00,1143.25,508.5
2022-10-10 10:00:00+00:00,1022.75,556.75
2022-10-10 11:00:00+00:00,1396.25,763.0
2022-10-10 12:00:00+00:00,1397.25,1070.0
2022-10-10 13:00:00+00:00,1500.25,1300.0
2022-10-10 14:00:00+00:00,1445.5,1150.5
2022-10-10 15:00:00+00:00,1361.0,1141.75
2022-10-10 16:00:00+00:00,1353.75,987.5
2022-10-10 17:00:00+00:00,1240.0,947.75
2022-10-10 18:00:00+00:00,1253.5,804.5
2022-10-10 19:00:00+00:00,1138.75,776.0
2022-10-10 20:00:00+00:00,1013.75,678.75
2022-10-10 21:00:00+00:00,836.75,553.25
2022-10-10 22:00:00+00:00,735.0,450.75
2022-10-10 23:00:00+00:00,640.0,344.0
2022-10-11 00:00:00+00:00,520.25,297.25
2022-10-11 01:00:00+00:00,380.5,233.25
2022-10-11 02:00:00+00:00,380.75,182.25
2022-10-11 03:00:00+00:00,318.75,133.25
2022-10-11 04:00:00+00:00,317.25,128.0
2022-10-11 05:00:00+00:00,334.25,163.0
2022-10-11 06:00:00+00:00,221.5,162.75
2022-10-11 07:00:00+00:00,204.5,211.25
2022-10-11 08:00:00+00:00,148.25,227.75
2022-10-11 09:00:00+00:00,157.75,198.75
2022-10-11 10:00:00+00:00,168.25,187.0
2022-10-11 11:00:00+00:00,130.5,173.25
2022-10-11 12:00:00+00:00,112.0,172.5
2022-10-11 13:00:00+00:00,124.5,144.75
2022-10-11 14:00:00+00:00,89.5,121.5
2022-10-11 15:00:00+00:00,67.0,96.5
2022-10-11 16:00:00+00:00,60.25,79.25
2022-10-11 17:00:00+00:00,33.75,74.25
2022-10-11 18:00:00+00:00,9.0,75.0
2022-10-11 19:00:00+00:00,0.5,77.75
2022-10-11 20:00:00+00:00,2.0,78.25
2022-10-11 21:00:00+00:00,38.0,77.75
2022-10-11 22:00:00+00:00,84.25,85.25
2022-10-11 23:00:00+00:00,108.5,88.75
2022-10-12 00:00:00+00:00,120.75,87.75
2022-10-12 01:00:00+00:00,121.75,96.0
2022-10-12 02:00:00+00:00,185.5,99.75
2022-10-12 03:00:00+00:00,183.75,92.5
2022-10-12 04:00:00+00:00,191.5,101.25
2022-10-12 05:00:00+00:00,224.25,118.5
2022-10-12 06:00:00+00:00,285.5,132.0
2022-10-12 07:00:00+00:00,296.0,163.5
2022-10-12 08:00:00+00:00,295.75,186.75
2022-10-12 09:00:00+00:00,344.25,169.5
2022-10-12 10:00:00+00:00,369.75,170.0
2022-10-12 11:00:00+00:00,371.75,204.5
2022-10-12 12:00:00+00:00,408.0,231.25
2022-10-12 13:00:00+00:00,415.25,255.5
2022-10-12 14:00:00+00:00,405.25,240.75
2022-10-12 15:00:00+00:00,393.75,206.75
2022-10-12 16:00:00+00:00,426.0,202.5
2022-10-12 17:00:00+00:00,406.0,249.75
2022-10-12 18:00:00+00:00,354.75,247.75
2022-10-12 19:00:00+00:00,409.75,349.75
2022-10-12 20:00:00+00:00,485.25,402.75
2022-10-12 21:00:00+00:00,795.5,519.75
2022-10-12 22:00:00+00:00,797.75,688.5
2022-10-12 23:00:00+00:00,980.75,730.25
2022-10-13 00:00:00+00:00,824.25,665.0
2022-10-13 01:00:00+00:00,639.75,735.5
2022-10-13 02:00:00+00:00,499.5,688.0
2022-10-13 03:00:00+00:00,456.25,617.75
2022-10-13 04:00:00+00:00,526.5,637.75
2022-10-13 05:00:00+00:00,388.5,620.25
2022-10-13 06:00:00+00:00,522.75,639.25
2022-10-13 07:00:00+00:00,639.75,568.75
2022-10-13 08:00:00+00:00,635.75,494.75
2022-10-13 09:00:00+00:00,507.0,427.5
2022-10-13 10:00:00+00:00,377.0,336.25
2022-10-13 11:00:00+00:00,298.5,323.0
2022-10-13 12:00:00+00:00,133.25,264.0
2022-10-13 13:00:00+00:00,78.75,200.75
2022-10-13 14:00:00+00:00,58.0,145.5
2022-10-13 15:00:00+00:00,37.0,91.5
2022-10-13 16:00:00+00:00,43.25,82.5
2022-10-13 17:00:00+00:00,52.75,82.25
2022-10-13 18:00:00+00:00,59.0,109.0
2022-10-13 19:00:00+00:00,74.75,103.0
2022-10-13 20:00:00+00:00,66.25,118.75
2022-10-13 21:00:00+00:00,87.25,153.5
2022-10-13 22:00:00+00:00,125.0,137.0
2022-10-13 23:00:00+00:00,170.25,154.75
2022-10-14 00:00:00+00:00,225.75,134.75
2022-10-14 01:00:00+00:00,260.25,142.0
2022-10-14 02:00:00+00:00,359.75,157.25
2022-10-14 03:00:00+00:00,319.25,166.25
2022-10-14 04:00:00+00:00,243.25,236.25
2022-10-14 05:00:00+00:00,169.75,307.75
2022-10-14 06:00:00+00:00,209.0,334.0
2022-10-14 07:00:00+00:00,268.25,357.75
2022-10-14 08:00:00+00:00,341.75,400.25
2022-10-14 09:00:00+00:00,297.0,413.0
2022-10-14 10:00:00+00:00,319.75,384.25
2022-10-14 11:00:00+00:00,283.5,328.5
2022-10-14 12:00:00+00:00,325.0,387.0
2022-10-14 13:00:00+00:00,368.75,424.75
2022-10-14 14:00:00+00:00,336.75,406.75
2022-10-14 15:00:00+00:00,298.5,611.0
2022-10-14 16:00:00+00:00,334.0,523.5
2022-10-14 17:00:00+00:00,392.5,442.75
2022-10-14 18:00:00+00:00,437.5,436.75
2022-10-14 19:00:00+00:00,491.0,486.5
2022-10-14 20:00:00+00:00,498.0,560.5
2022-10-14 21:00:00+00:00,650.75,677.0
2022-10-14 22:00:00+00:00,699.5,644.0
2022-10-14 23:00:00+00:00,580.5,713.25
2022-10-15 00:00:00+00:00,335.25,681.25
2022-10-15 01:00:00+00:00,197.25,683.5
2022-10-15 02:00:00+00:00,235.25,664.0
2022-10-15 03:00:00+00:00,327.25,634.5
2022-10-15 04:00:00+00:00,319.25,580.75
2022-10-15 05:00:00+00:00,455.5,634.0
2022-10-15 06:00:00+00:00,714.25,696.25
2022-10-15 07:00:00+00:00,927.25,704.25
2022-10-15 08:00:00+00:00,876.75,782.0
2022-10-15 09:00:00+00:00,878.75,936.0
2022-10-15 10:00:00+00:00,1126.75,939.25
2022-10-15 11:00:00+00:00,1263.0,993.75
2022-10-15 12:00:00+00:00,1549.0,1008.0
2022-10-15 13:00:00+00:00,1615.25,1048.25
2022-10-15 14:00:00+00:00,2184.0,974.5
2022-10-15 15:00:00+00:00,2281.75,1287.75
2022-10-15 16:00:00+00:00,2240.75,1314.0
2022-10-15 17:00:00+00:00,2166.25,1452.25
2022-10-15 18:00:00+00:00,2201.0,1653.0
2022-10-15 19:00:00+00:00,2246.75,1800.0
2022-10-15 20:00:00+00:00,2175.0,1811.0
2022-10-15 21:00:00+00:00,2185.75,1799.75
2022-10-15 22:00:00+00:00,2178.75,1758.5
2022-10-15 23:00:00+00:00,2154.25,1755.0
2022-10-16 00:00:00+00:00,2136.25,1767.0
2022-10-16 01:00:00+00:00,2128.75,1784.75
2022-10-16 02:00:00+00:00,2021.25,1627.0
2022-10-16 03:00:00+00:00,1878.25,1627.0
2022-10-16 04:00:00+00:00,2000.25,1629.25
2022-10-16 05:00:00+00:00,2025.5,1579.5
2022-10-16 06:00:00+00:00,2101.0,1733.25
2022-10-16 07:00:00+00:00,2042.0,1681.25
2022-10-16 08:00:00+00:00,1692.0,1449.0
2022-10-16 09:00:00+00:00,1293.5,1450.5
2022-10-16 10:00:00+00:00,1039.5,1338.0
2022-10-16 11:00:00+00:00,866.25,1126.75
2022-10-16 12:00:00+00:00,649.75,768.25
2022-10-16 13:00:00+00:00,696.5,566.5
2022-10-16 14:00:00+00:00,590.75,368.5
2022-10-16 15:00:00+00:00,478.0,207.25
2022-10-16 16:00:00+00:00,410.25,168.25
2022-10-16 17:00:00+00:00,541.5,165.0
2022-10-16 18:00:00+00:00,425.0,180.0
2022-10-16 19:00:00+00:00,515.0,363.5
2022-10-16 20:00:00+00:00,767.75,630.75
2022-10-16 21:00:00+00:00,781.0,756.25
2022-10-16 22:00:00+00:00,772.75,848.75
2022-10-16 23:00:00+00:00,949.75,913.25
2022-10-17 00:00:00+00:00,1054.0,869.75
2022-10-17 01:00:00+00:00,1099.25,921.5
2022-10-17 02:00:00+00:00,1238.0,1210.75
2022-10-17 03:00:00+00:00,1656.75,1238.75
2022-10-17 04:00:00+00:00,1696.0,1424.5
2022-10-17 05:00:00+00:00,1397.0,1518.0
2022-10-17 06:00:00+00:00,1708.75,1427.0
2022-10-17 07:00:00+00:00,1594.25,1310.25
2022-10-17 08:00:00+00:00,1398.25,1363.5
2022-10-17 09:00:00+00:00,1320.5,981.25
2022-10-17 10:00:00+00:00,1291.25,755.75
2022-10-17 11:00:00+00:00,1169.75,867.0
2022-10-17 12:00:00+00:00,1303.25,857.25
2022-10-17 13:00:00+00:00,1241.5,814.25
2022-10-17 14:00:00+00:00,1185.0,790.75
2022-10-17 15:00:00+00:00,1002.25,868.25
2022-10-17 16:00:00+00:00,877.5,828.75
2022-10-17 17:00:00+00:00,958.0,833.75
2022-10-17 18:00:00+00:00,944.75,870.5
2022-10-17 19:00:00+00:00,886.25,820.0
2022-10-17 20:00:00+00:00,754.5,698.0
2022-10-17 21:00:00+00:00,550.75,570.25
2022-10-17 22:00:00+00:00,495.75,487.0
2022-10-17 23:00:00+00:00,459.25,457.0
2022-10-18 00:00:00+00:00,379.25,397.75
2022-10-18 01:00:00+00:00,268.25,299.25
2022-10-18 02:00:00+00:00,215.5,236.75
2022-10-18 03:00:00+00:00,179.75,218.0
2022-10-18 04:00:00+00:00,197.0,187.25
2022-10-18 05:00:00+00:00,258.25,183.0
2022-10-18 06:00:00+00:00,283.5,166.5
2022-10-18 07:00:00+00:00,232.75,180.5
2022-10-18 08:00:00+00:00,190.25,173.0
2022-10-18 09:00:00+00:00,207.25,179.25
2022-10-18 10:00:00+00:00,251.5,253.75
2022-10-18 11:00:00+00:00,273.75,292.5
2022-10-18 12:00:00+00:00,311.25,283.75
2022-10-18 13:00:00+00:00,288.25,276.5
2022-10-18 14:00:00+00:00,256.25,254.0
2022-10-18 15:00:00+00:00,272.5,215.25
2022-10-18 16:00:00+00:00,357.25,207.5
2022-10-18 17:00:00+00:00,303.5,199.0
2022-10-18 18:00:00+00:00,340.5,196.0
2022-10-18 19:00:00+00:00,424.5,232.25
2022-10-18 20:00:00+00:00,466.25,291.0
2022-10-18 21:00:00+00:00,376.75,294.75
2022-10-18 22:00:00+00:00,547.25,274.0
2022-10-18 23:00:00+00:00,679.25,303.75
2022-10-19 00:00:00+00:00,873.75,309.75
2022-10-19 01:00:00+00:00,929.0,319.75
2022-10-19 02:00:00+00:00,1033.75,300.0
2022-10-19 03:00:00+00:00,1163.5,389.5
2022-10-19 04:00:00+00:00,1253.0,452.25
2022-10-19 05:00:00+00:00,1373.5,526.75
2022-10-19 06:00:00+00:00,1468.5,583.5
2022-10-19 07:00:00+00:00,1512.5,746.25
2022-10-19 08:00:00+00:00,1468.5,757.5
2022-10-19 09:00:00+00:00,1565.25,863.5
2022-10-19 10:00:00+00:00,1647.75,1015.25
2022-10-19 11:00:00+00:00,1519.5,770.0
2022-10-19 12:00:00+00:00,1393.75,879.0
2022-10-19 13:00:00+00:00,1425.75,903.75
2022-10-19 14:00:00+00:00,1538.5,835.5
2022-10-19 15:00:00+00:00,1652.0,792.75
2022-10-19 16:00:00+00:00,1797.25,1034.25
2022-10-19 17:00:00+00:00,1910.5,1358.75
2022-10-19 18:00:00+00:00,2055.0,1526.75
2022-10-19 19:00:00+00:00,2222.5,1548.75
2022-10-19 20:00:00+00:00,2236.5,1627.5
2022-10-19 21:00:00+00:00,2083.0,1699.75
2022-10-19 22:00:00+00:00,1843.75,1513.0
2022-10-19 23:00:00+00:00,1652.0,1426.25
2022-10-20 00:00:00+00:00,1598.25,1353.75
2022-10-20 01:00:00+00:00,1717.5,1273.25
2022-10-20 02:00:00+00:00,1606.25,1327.0
2022-10-20 03:00:00+00:00,1473.25,1323.25
2022-10-20 04:00:00+00:00,1422.0,1354.5
2022-10-20 05:00:00+00:00,1304.75,1232.0
2022-10-20 06:00:00+00:00,1261.75,1069.5
2022-10-20 07:00:00+00:00,1255.75,1073.75
2022-10-20 08:00:00+00:00,1070.5,915.0
2022-10-20 09:00:00+00:00,952.0,746.75
2022-10-20 10:00:00+00:00,1121.75,705.75
2022-10-20 11:00:00+00:00,1167.25,764.25
2022-10-20 12:00:00+00:00,1061.75,934.5
2022-10-20 13:00:00+00:00,1131.25,970.75
2022-10-20 14:00:00+00:00,1120.5,873.25
2022-10-20 15:00:00+00:00,1153.0,814.25
2022-10-20 16:00:00+00:00,999.75,975.75
2022-10-20 17:00:00+00:00,970.0,995.25
2022-10-20 18:00:00+00:00,892.5,1074.75
2022-10-20 19:00:00+00:00,650.5,1129.0
2022-10-20 20:00:00+00:00,505.0,1108.0
2022-10-20 21:00:00+00:00,488.5,1145.0
2022-10-20 22:00:00+00:00,524.5,1097.25
2022-10-20 23:00:00+00:00,517.0,986.5
2022-10-21 00:00:00+00:00,456.5,915.5
2022-10-21 01:00:00+00:00,353.25,943.75
2022-10-21 02:00:00+00:00,341.5,737.5
2022-10-21 03:00:00+00:00,322.5,556.5
2022-10-21 04:00:00+00:00,265.5,559.0
2022-10-21 05:00:00+00:00,270.0,674.25
2022-10-21 06:00:00+00:00,207.25,691.25
2022-10-21 07:00:00+00:00,404.5,554.5
2022-10-21 08:00:00+00:00,590.75,607.75
2022-10-21 09:00:00+00:00,655.0,552.25
2022-10-21 10:00:00+00:00,574.25,535.75
2022-10-21 11:00:00+00:00,438.75,507.25
2022-10-21 12:00:00+00:00,594.5,467.5
2022-10-21 13:00:00+00:00,545.75,453.5
2022-10-21 14:00:00+00:00,567.25,415.25
2022-10-21 15:00:00+00:00,748.5,367.0
2022-10-21 16:00:00+00:00,1022.75,418.5
2022-10-21 17:00:00+00:00,1302.25,620.5
2022-10-21 18:00:00+00:00,1300.0,869.25
2022-10-21 19:00:00+00:00,1429.0,1121.25
2022-10-21 20:00:00+00:00,1569.0,1194.5
2022-10-21 21:00:00+00:00,1635.75,1083.5
2022-10-21 22:00:00+00:00,1446.5,1002.25
2022-10-21 23:00:00+00:00,1363.75,1029.25
2022-10-22 00:00:00+00:00,1550.75,1092.75
2022-10-22 01:00:00+00:00,1690.5,1163.5
2022-10-22 02:00:00+00:00,1647.25,1262.0
2022-10-22 03:00:00+00:00,1727.75,1259.0
2022-10-22 04:00:00+00:00,1836.5,1230.25
2022-10-22 05:00:00+00:00,1758.75,1231.25
2022-10-22 06:00:00+00:00,1606.0,1325.5
2022-10-22 07:00:00+00:00,1566.75,1297.75
2022-10-22 08:00:00+00:00,1493.0,1252.0
2022-10-22 09:00:00+00:00,1218.25,1223.75
2022-10-22 10:00:00+00:00,1107.25,1101.0
2022-10-22 11:00:00+00:00,943.25,1126.0
2022-10-22 12:00:00+00:00,832.75,1077.75
2022-10-22 13:00:00+00:00,844.0,1041.25
2022-10-22 14:00:00+00:00,744.75,874.5
2022-10-22 15:00:00+00:00,561.75,774.5
2022-10-22 16:00:00+00:00,436.0,536.25
2022-10-22 17:00:00+00:00,468.0,438.5
2022-10-22 18:00:00+00:00,276.25,392.25
2022-10-22 19:00:00+00:00,232.5,365.5
2022-10-22 20:00:00+00:00,257.25,344.0
2022-10-22 21:00:00+00:00,284.25,374.5
2022-10-22 22:00:00+00:00,327.75,381.75
2022-10-22 23:00:00+00:00,274.0,352.75
2022-10-23 00:00:00+00:00,221.5,326.0
2022-10-23 01:00:00+00:00,191.5,349.5
2022-10-23 02:00:00+00:00,215.5,346.0
2022-10-23 03:00:00+00:00,299.5,399.5
2022-10-23 04:00:00+00:00,366.25,424.0
2022-10-23 05:00:00+00:00,402.75,497.75
2022-10-23 06:00:00+00:00,612.25,700.75
2022-10-23 07:00:00+00:00,983.75,864.5
2022-10-23 08:00:00+00:00,1262.75,922.75
2022-10-23 09:00:00+00:00,1083.75,893.0
2022-10-23 10:00:00+00:00,1239.75,991.0
2022-10-23 11:00:00+00:00,654.25,1016.0
2022-10-23 12:00:00+00:00,611.75,1071.75
2022-10-23 13:00:00+00:00,633.0,1307.0
2022-10-23 14:00:00+00:00,912.0,1385.75
2022-10-23 15:00:00+00:00,1526.5,1464.25
2022-10-23 16:00:00+00:00,1721.75,1513.0
2022-10-23 17:00:00+00:00,2036.0,1611.5
2022-10-23 18:00:00+00:00,2012.25,1703.0
2022-10-23 19:00:00+00:00,1574.25,1670.0
2022-10-23 20:00:00+00:00,1483.25,1427.0
2022-10-23 21:00:00+00:00,2044.75,1532.75
2022-10-23 22:00:00+00:00,1948.0,1672.0
2022-10-23 23:00:00+00:00,2120.25,1796.25
2022-10-24 00:00:00+00:00,2190.0,1838.5
2022-10-24 01:00:00+00:00,2254.25,1917.0
2022-10-24 02:00:00+00:00,2264.25,2123.0
2022-10-24 03:00:00+00:00,2232.75,2209.75
2022-10-24 04:00:00+00:00,2276.0,2226.75
2022-10-24 05:00:00+00:00,2270.5,2267.25
2022-10-24 06:00:00+00:00,2267.5,2290.0
2022-10-24 07:00:00+00:00,2294.25,2281.25
2022-10-24 08:00:00+00:00,2294.25,2284.75
2022-10-24 09:00:00+00:00,2260.25,2288.0
2022-10-24 10:00:00+00:00,2233.25,2284.25
2022-10-24 11:00:00+00:00,2110.75,2287.75
2022-10-24 12:00:00+00:00,2109.75,2206.75
2022-10-24 13:00:00+00:00,2192.25,2090.0
2022-10-24 14:00:00+00:00,2119.25,1816.5
2022-10-24 15:00:00+00:00,1960.25,1533.0
2022-10-24 16:00:00+00:00,1743.75,1408.0
2022-10-24 17:00:00+00:00,1747.25,1256.5
2022-10-24 18:00:00+00:00,1856.0,1410.5
2022-10-24 19:00:00+00:00,1804.5,1469.75
2022-10-24 20:00:00+00:00,1852.75,1410.25
2022-10-24 21:00:00+00:00,1940.5,1382.75
2022-10-24 22:00:00+00:00,1963.0,1420.75
2022-10-24 23:00:00+00:00,1909.25,1341.25
2022-10-25 00:00:00+00:00,1771.0,1411.5
2022-10-25 01:00:00+00:00,1671.75,1423.0
2022-10-25 02:00:00+00:00,1391.5,1382.5
2022-10-25 03:00:00+00:00,1193.0,1338.0
2022-10-25 04:00:00+00:00,1254.25,1250.25
2022-10-25 05:00:00+00:00,1149.25,1257.0
2022-10-25 06:00:00+00:00,1139.75,1231.25
2022-10-25 07:00:00+00:00,1037.0,1124.0
2022-10-25 08:00:00+00:00,1085.0,1113.0
2022-10-25 09:00:00+00:00,1127.25,1094.0
2022-10-25 10:00:00+00:00,1195.25,1037.25
2022-10-25 11:00:00+00:00,1096.0,966.75
2022-10-25 12:00:00+00:00,986.75,836.25
2022-10-25 13:00:00+00:00,944.5,731.75
2022-10-25 14:00:00+00:00,816.0,588.25
2022-10-25 15:00:00+00:00,668.5,451.0
2022-10-25 16:00:00+00:00,603.0,477.5
2022-10-25 17:00:00+00:00,542.0,523.25
2022-10-25 18:00:00+00:00,532.0,544.5
2022-10-25 19:00:00+00:00,473.0,636.25
2022-10-25 20:00:00+00:00,780.25,620.25
2022-10-25 21:00:00+00:00,678.0,606.0
2022-10-25 22:00:00+00:00,638.25,642.25
2022-10-25 23:00:00+00:00,573.25,642.5
2022-10-26 00:00:00+00:00,803.75,691.0
2022-10-26 01:00:00+00:00,811.5,675.0
2022-10-26 02:00:00+00:00,710.75,720.5
2022-10-26 03:00:00+00:00,770.75,789.5
2022-10-26 04:00:00+00:00,1066.5,881.0
2022-10-26 05:00:00+00:00,1165.0,1057.0
2022-10-26 06:00:00+00:00,1512.0,1124.75
2022-10-26 07:00:00+00:00,1394.25,1151.75
2022-10-26 08:00:00+00:00,1328.0,1063.5
2022-10-26 09:00:00+00:00,1406.0,935.25
2022-10-26 10:00:00+00:00,1542.75,930.75
2022-10-26 11:00:00+00:00,1335.5,1022.75
2022-10-26 12:00:00+00:00,1641.5,887.25
2022-10-26 13:00:00+00:00,1949.5,971.25
2022-10-26 14:00:00+00:00,1919.0,1051.75
2022-10-26 15:00:00+00:00,2022.75,1111.75
2022-10-26 16:00:00+00:00,2134.75,1197.0
2022-10-26 17:00:00+00:00,1943.25,1292.0
2022-10-26 18:00:00+00:00,1458.5,1289.0
2022-10-26 19:00:00+00:00,1309.25,1289.0
2022-10-26 20:00:00+00:00,1124.25,1256.25
2022-10-26 21:00:00+00:00,698.25,1095.5
2022-10-26 22:00:00+00:00,815.5,1049.25
2022-10-26 23:00:00+00:00,896.75,923.75
2022-10-27 00:00:00+00:00,612.25,782.75
2022-10-27 01:00:00+00:00,791.25,730.25
2022-10-27 02:00:00+00:00,876.75,819.25
2022-10-27 03:00:00+00:00,965.0,799.75
2022-10-27 04:00:00+00:00,1161.25,828.75
2022-10-27 05:00:00+00:00,1229.5,997.75
2022-10-27 06:00:00+00:00,1377.0,1179.75
2022-10-27 07:00:00+00:00,1545.75,1375.25
2022-10-27 08:00:00+00:00,1639.25,1506.0
2022-10-27 09:00:00+00:00,1773.25,1467.75
2022-10-27 10:00:00+00:00,1826.0,1356.75
2022-10-27 11:00:00+00:00,1795.5,1327.0
2022-10-27 12:00:00+00:00,1759.75,1348.75
2022-10-27 13:00:00+00:00,1695.0,1235.5
2022-10-27 14:00:00+00:00,1646.25,1261.5
2022-10-27 15:00:00+00:00,1421.25,1259.25
2022-10-27 16:00:00+00:00,1425.75,1307.75
2022-10-27 17:00:00+00:00,1437.0,1388.5
2022-10-27 18:00:00+00:00,1515.75,1395.25
2022-10-27 19:00:00+00:00,1425.5,1259.0
2022-10-27 20:00:00+00:00,1170.0,1087.75
2022-10-27 21:00:00+00:00,778.25,887.5
2022-10-27 22:00:00+00:00,811.0,672.75
2022-10-27 23:00:00+00:00,753.25,549.0
2022-10-28 00:00:00+00:00,510.75,658.75
2022-10-28 01:00:00+00:00,544.5,768.0
2022-10-28 02:00:00+00:00,529.75,853.0
2022-10-28 03:00:00+00:00,525.0,965.25
2022-10-28 04:00:00+00:00,693.5,1048.75
2022-10-28 05:00:00+00:00,553.0,1182.25
2022-10-28 06:00:00+00:00,605.5,1198.75
2022-10-28 07:00:00+00:00,837.75,1112.25
2022-10-28 08:00:00+00:00,1188.75,1096.25
2022-10-28 09:00:00+00:00,1400.25,1050.5
2022-10-28 10:00:00+00:00,1352.0,961.75
2022-10-28 11:00:00+00:00,1658.0,1035.75
2022-10-28 12:00:00+00:00,1854.5,1228.5
2022-10-28 13:00:00+00:00,2006.75,1423.0
2022-10-28 14:00:00+00:00,2184.75,1267.0
2022-10-28 15:00:00+00:00,2202.75,1344.25
2022-10-28 16:00:00+00:00,2056.0,1416.0
2022-10-28 17:00:00+00:00,1778.5,1399.5
2022-10-28 18:00:00+00:00,1178.25,1228.25
2022-10-28 19:00:00+00:00,845.25,912.25
2022-10-28 20:00:00+00:00,533.0,627.0
2022-10-28 21:00:00+00:00,281.0,434.75
2022-10-28 22:00:00+00:00,150.0,387.0
2022-10-28 23:00:00+00:00,39.75,323.5
2022-10-29 00:00:00+00:00,10.75,195.75
2022-10-29 01:00:00+00:00,10.0,106.5
2022-10-29 02:00:00+00:00,76.25,109.25
2022-10-29 03:00:00+00:00,93.75,131.25
2022-10-29 04:00:00+00:00,151.25,183.5
2022-10-29 05:00:00+00:00,311.0,227.25
2022-10-29 06:00:00+00:00,611.75,355.75
2022-10-29 07:00:00+00:00,549.0,442.25
2022-10-29 08:00:00+00:00,571.75,449.0
2022-10-29 09:00:00+00:00,600.5,557.75
2022-10-29 10:00:00+00:00,502.5,529.0
2022-10-29 11:00:00+00:00,297.75,482.75
2022-10-29 12:00:00+00:00,236.75,458.5
2022-10-29 13:00:00+00:00,294.0,486.5
2022-10-29 14:00:00+00:00,371.0,525.75
2022-10-29 15:00:00+00:00,423.75,566.75
2022-10-29 16:00:00+00:00,904.25,776.5
2022-10-29 17:00:00+00:00,1234.75,1002.5
2022-10-29 18:00:00+00:00,1259.25,1188.5
2022-10-29 19:00:00+00:00,1206.25,1175.75
2022-10-29 20:00:00+00:00,1053.25,1145.25
2022-10-29 21:00:00+00:00,930.5,1234.5
2022-10-29 22:00:00+00:00,710.75,1138.25
2022-10-29 23:00:00+00:00,689.25,1063.75
2022-10-30 00:00:00+00:00,563.5,932.0
2022-10-30 01:00:00+00:00,525.5,696.0
2022-10-30 02:00:00+00:00,511.25,886.25
2022-10-30 03:00:00+00:00,417.5,642.25
2022-10-30 04:00:00+00:00,325.75,308.5
2022-10-30 05:00:00+00:00,225.0,284.75
2022-10-30 06:00:00+00:00,187.25,288.75
2022-10-30 07:00:00+00:00,190.75,360.25
2022-10-30 08:00:00+00:00,285.25,294.5
2022-10-30 09:00:00+00:00,286.5,202.5
2022-10-30 10:00:00+00:00,273.0,155.0
2022-10-30 11:00:00+00:00,314.0,127.25
2022-10-30 12:00:00+00:00,394.0,107.75
2022-10-30 13:00:00+00:00,146.5,159.25
2022-10-30 14:00:00+00:00,181.5,212.0
2022-10-30 15:00:00+00:00,358.0,178.5
2022-10-30 16:00:00+00:00,556.5,408.75
2022-10-30 17:00:00+00:00,668.0,421.25
2022-10-30 18:00:00+00:00,627.0,468.75
2022-10-30 19:00:00+00:00,657.0,652.5
2022-10-30 20:00:00+00:00,672.0,591.0
2022-10-30 21:00:00+00:00,657.75,552.25
2022-10-30 22:00:00+00:00,757.5,571.0
2022-10-30 23:00:00+00:00,659.75,619.5
2022-10-31 00:00:00+00:00,542.75,661.75
2022-10-31 01:00:00+00:00,475.75,581.0
2022-10-31 02:00:00+00:00,394.25,408.25
2022-10-31 03:00:00+00:00,248.0,292.0
2022-10-31 04:00:00+00:00,189.75,234.5
2022-10-31 05:00:00+00:00,202.0,183.25
2022-10-31 06:00:00+00:00,226.25,180.0
2022-10-31 07:00:00+00:00,242.0,259.75
2022-10-31 08:00:00+00:00,285.5,360.5
2022-10-31 09:00:00+00:00,361.75,347.5
2022-10-31 10:00:00+00:00,383.5,296.75
2022-10-31 11:00:00+00:00,274.75,315.75
2022-10-31 12:00:00+00:00,348.75,283.75
2022-10-31 13:00:00+00:00,363.75,243.5
2022-10-31 14:00:00+00:00,397.0,358.75
2022-10-31 15:00:00+00:00,590.75,619.5
2022-10-31 16:00:00+00:00,901.5,926.75
2022-10-31 17:00:00+00:00,1339.25,1181.75
2022-10-31 18:00:00+00:00,1661.5,1333.5
2022-10-31 19:00:00+00:00,1852.0,1432.0
2022-10-31 20:00:00+00:00,2191.5,1601.75
2022-10-31 21:00:00+00:00,2247.5,1609.25
2022-10-31 22:00:00+00:00,2255.25,1747.75
2022-10-31 23:00:00+00:00,2169.5,1864.5
2022-11-01 00:00:00+00:00,2131.0,1933.5
2022-11-01 01:00:00+00:00,2148.75,1972.5
2022-11-01 02:00:00+00:00,2203.5,2042.25
2022-11-01 03:00:00+00:00,2208.0,2122.0
2022-11-01 04:00:00+00:00,2165.25,2287.5
2022-11-01 05:00:00+00:00,2117.25,2292.75
2022-11-01 06:00:00+00:00,2103.5,2373.75
2022-11-01 07:00:00+00:00,2012.0,2325.25
2022-11-01 08:00:00+00:00,2092.5,2231.25
2022-11-01 09:00:00+00:00,2130.5,2215.25
2022-11-01 10:00:00+00:00,2132.75,2217.5
2022-11-01 11:00:00+00:00,2003.5,2028.75
2022-11-01 12:00:00+00:00,2132.5,2076.5
2022-11-01 13:00:00+00:00,2217.0,2152.25
2022-11-01 14:00:00+00:00,2236.25,2204.75
2022-11-01 15:00:00+00:00,2240.5,2136.75
2022-11-01 16:00:00+00:00,2219.5,2243.75
2022-11-01 17:00:00+00:00,2231.75,2285.5
2022-11-01 18:00:00+00:00,2239.25,2237.75
2022-11-01 19:00:00+00:00,2232.75,2203.75
2022-11-01 20:00:00+00:00,2236.75,2034.25
2022-11-01 21:00:00+00:00,2236.75,2021.0
2022-11-01 22:00:00+00:00,2189.25,2148.5
2022-11-01 23:00:00+00:00,2243.25,1974.25
2022-11-02 00:00:00+00:00,2104.0,1975.5
2022-11-02 01:00:00+00:00,2021.5,2070.75
2022-11-02 02:00:00+00:00,1926.25,1973.25
2022-11-02 03:00:00+00:00,1963.75,2078.75
2022-11-02 04:00:00+00:00,2167.0,2111.5
2022-11-02 05:00:00+00:00,2206.25,2257.25
2022-11-02 06:00:00+00:00,2257.75,2190.75
2022-11-02 07:00:00+00:00,2126.5,2056.25
2022-11-02 08:00:00+00:00,2065.0,1867.25
2022-11-02 09:00:00+00:00,1838.25,1799.75
2022-11-02 10:00:00+00:00,1699.75,1870.5
2022-11-02 11:00:00+00:00,1765.75,1810.25
2022-11-02 12:00:00+00:00,2140.25,1716.0
2022-11-02 13:00:00+00:00,2242.25,1617.0
2022-11-02 14:00:00+00:00,2158.5,1513.75
2022-11-02 15:00:00+00:00,2137.75,1582.5
2022-11-02 16:00:00+00:00,2092.25,1752.5
2022-11-02 17:00:00+00:00,1893.5,1907.5
2022-11-02 18:00:00+00:00,1892.75,2108.25
2022-11-02 19:00:00+00:00,1913.5,2189.5
2022-11-02 20:00:00+00:00,2257.0,2193.5
2022-11-02 21:00:00+00:00,2271.25,2188.0
2022-11-02 22:00:00+00:00,2270.5,2228.5
2022-11-02 23:00:00+00:00,2272.5,2263.75
2022-11-03 00:00:00+00:00,2262.5,2263.25
2022-11-03 01:00:00+00:00,2269.5,2261.75
2022-11-03 02:00:00+00:00,2266.5,2220.75
2022-11-03 03:00:00+00:00,2258.75,2142.5
2022-11-03 04:00:00+00:00,2254.0,2115.25
2022-11-03 05:00:00+00:00,2266.5,2063.0
2022-11-03 06:00:00+00:00,2277.25,1978.0
2022-11-03 07:00:00+00:00,2280.25,1947.75
2022-11-03 08:00:00+00:00,2270.5,1967.5
2022-11-03 09:00:00+00:00,2262.25,1928.25
2022-11-03 10:00:00+00:00,2247.5,1810.75
2022-11-03 11:00:00+00:00,2207.0,1748.5
2022-11-03 12:00:00+00:00,2063.25,1826.75
2022-11-03 13:00:00+00:00,2060.0,1669.25
2022-11-03 14:00:00+00:00,1997.25,1495.25
2022-11-03 15:00:00+00:00,1870.5,1567.5
2022-11-03 16:00:00+00:00,1304.75,1544.75
2022-11-03 17:00:00+00:00,1163.25,1630.25
2022-11-03 18:00:00+00:00,1251.25,1289.25
2022-11-03 19:00:00+00:00,1319.5,1106.25
2022-11-03 20:00:00+00:00,892.75,1204.75
2022-11-03 21:00:00+00:00,723.25,1090.5
2022-11-03 22:00:00+00:00,533.75,1147.5
2022-11-03 23:00:00+00:00,440.75,1054.75
2022-11-04 00:00:00+00:00,401.75,1007.75
2022-11-04 01:00:00+00:00,669.5,852.5
2022-11-04 02:00:00+00:00,672.25,947.5
2022-11-04 03:00:00+00:00,600.25,860.5
2022-11-04 04:00:00+00:00,603.75,648.5
2022-11-04 05:00:00+00:00,605.0,532.75
2022-11-04 06:00:00+00:00,539.5,325.0
2022-11-04 07:00:00+00:00,515.0,243.5
2022-11-04 08:00:00+00:00,619.5,230.5
2022-11-04 09:00:00+00:00,657.0,217.75
2022-11-04 10:00:00+00:00,1007.75,206.75
2022-11-04 11:00:00+00:00,1152.0,282.75
2022-11-04 12:00:00+00:00,1468.25,412.5
2022-11-04 13:00:00+00:00,1575.0,491.0
2022-11-04 14:00:00+00:00,1316.25,456.0
2022-11-04 15:00:00+00:00,1200.5,507.75
2022-11-04 16:00:00+00:00,1089.25,511.25
2022-11-04 17:00:00+00:00,1080.0,401.75
2022-11-04 18:00:00+00:00,997.5,399.5
2022-11-04 19:00:00+00:00,1148.0,481.25
2022-11-04 20:00:00+00:00,1180.75,393.75
2022-11-04 21:00:00+00:00,1056.25,402.75
2022-11-04 22:00:00+00:00,840.25,518.5
2022-11-04 23:00:00+00:00,616.5,305.0
2022-11-05 00:00:00+00:00,721.0,286.75
2022-11-05 01:00:00+00:00,751.5,474.5
2022-11-05 02:00:00+00:00,669.25,532.75
2022-11-05 03:00:00+00:00,582.5,713.0
2022-11-05 04:00:00+00:00,776.75,809.0
2022-11-05 05:00:00+00:00,942.5,926.25
2022-11-05 06:00:00+00:00,838.25,1003.5
2022-11-05 07:00:00+00:00,874.75,1080.5
2022-11-05 08:00:00+00:00,867.75,1042.0
2022-11-05 09:00:00+00:00,1169.5,957.5
2022-11-05 10:00:00+00:00,1136.25,992.75
2022-11-05 11:00:00+00:00,1119.5,911.25
2022-11-05 12:00:00+00:00,1067.0,997.5
2022-11-05 13:00:00+00:00,1455.75,1151.0
2022-11-05 14:00:00+00:00,1884.0,1234.25
2022-11-05 15:00:00+00:00,2168.25,1376.75
2022-11-05 16:00:00+00:00,2235.5,1552.0
2022-11-05 17:00:00+00:00,2274.75,1674.25
2022-11-05 18:00:00+00:00,2284.0,1865.0
2022-11-05 19:00:00+00:00,2291.5,2036.5
2022-11-05 20:00:00+00:00,2285.75,2123.0
2022-11-05 21:00:00+00:00,2292.5,2195.75
2022-11-05 22:00:00+00:00,2286.25,2221.0
2022-11-05 23:00:00+00:00,2291.0,2219.0
2022-11-06 00:00:00+00:00,2300.0,2191.75
2022-11-06 01:00:00+00:00,2294.75,2140.75
2022-11-06 02:00:00+00:00,2277.0,2089.25
2022-11-06 03:00:00+00:00,2257.0,2055.5
2022-11-06 04:00:00+00:00,2144.25,1969.25
2022-11-06 05:00:00+00:00,2031.75,1888.5
2022-11-06 06:00:00+00:00,2147.75,1899.5
2022-11-06 07:00:00+00:00,2228.0,1957.75
2022-11-06 08:00:00+00:00,2199.25,1891.25
2022-11-06 09:00:00+00:00,2260.5,1926.75
2022-11-06 10:00:00+00:00,2065.0,1960.0
2022-11-06 11:00:00+00:00,1919.75,1874.75
2022-11-06 12:00:00+00:00,2022.5,1962.0
2022-11-06 13:00:00+00:00,2150.0,2132.0
2022-11-06 14:00:00+00:00,2292.0,2227.5
2022-11-06 15:00:00+00:00,2259.25,2267.75
2022-11-06 16:00:00+00:00,2273.75,2307.0
2022-11-06 17:00:00+00:00,2281.25,2326.75
2022-11-06 18:00:00+00:00,2288.25,2346.5
2022-11-06 19:00:00+00:00,2266.0,2361.25
2022-11-06 20:00:00+00:00,2249.0,2342.0
2022-11-06 21:00:00+00:00,2228.25,2309.25
2022-11-06 22:00:00+00:00,2194.75,2344.25
2022-11-06 23:00:00+00:00,2051.75,2206.25
2022-11-07 00:00:00+00:00,2100.5,2254.25
2022-11-07 01:00:00+00:00,2072.25,2083.0
2022-11-07 02:00:00+00:00,2073.75,2086.25
2022-11-07 03:00:00+00:00,2082.75,2019.0
2022-11-07 04:00:00+00:00,2135.75,2133.0
2022-11-07 05:00:00+00:00,2140.0,2084.0
2022-11-07 06:00:00+00:00,2168.25,2050.0
2022-11-07 07:00:00+00:00,2126.5,2120.25
2022-11-07 08:00:00+00:00,2086.5,2110.75
2022-11-07 09:00:00+00:00,2148.0,2108.0
2022-11-07 10:00:00+00:00,2172.5,2016.0
2022-11-07 11:00:00+00:00,2167.5,2013.25
2022-11-07 12:00:00+00:00,2172.25,1967.25
2022-11-07 13:00:00+00:00,2157.25,1897.25
2022-11-07 14:00:00+00:00,2168.75,1844.0
2022-11-07 15:00:00+00:00,2164.25,1900.5
2022-11-07 16:00:00+00:00,2147.75,1998.25
2022-11-07 17:00:00+00:00,2157.75,2106.0
2022-11-07 18:00:00+00:00,2156.5,2140.5
2022-11-07 19:00:00+00:00,2123.0,2121.5
2022-11-07 20:00:00+00:00,2149.0,2104.5
2022-11-07 21:00:00+00:00,2150.25,2134.0
2022-11-07 22:00:00+00:00,2055.5,2096.5
2022-11-07 23:00:00+00:00,1797.0,2026.25
2022-11-08 00:00:00+00:00,1823.5,1984.25
2022-11-08 01:00:00+00:00,1766.5,2013.0
2022-11-08 02:00:00+00:00,1709.5,1974.75
2022-11-08 03:00:00+00:00,1771.5,1957.25
2022-11-08 04:00:00+00:00,1838.75,1917.75
2022-11-08 05:00:00+00:00,1920.25,2028.75
2022-11-08 06:00:00+00:00,2256.25,2153.25
2022-11-08 07:00:00+00:00,2266.5,2176.75
2022-11-08 08:00:00+00:00,2268.0,2096.25
2022-11-08 09:00:00+00:00,2264.25,2098.5
2022-11-08 10:00:00+00:00,2266.25,2075.0
2022-11-08 11:00:00+00:00,2198.75,2070.75
2022-11-08 12:00:00+00:00,2208.0,2068.5
2022-11-08 13:00:00+00:00,2229.25,2042.25
2022-11-08 14:00:00+00:00,2218.0,1927.0
2022-11-08 15:00:00+00:00,2200.5,1876.5
2022-11-08 16:00:00+00:00,2213.25,2002.5
2022-11-08 17:00:00+00:00,2171.25,2158.0
2022-11-08 18:00:00+00:00,2169.25,2186.75
2022-11-08 19:00:00+00:00,2101.75,2199.0
2022-11-08 20:00:00+00:00,1995.75,2120.0
2022-11-08 21:00:00+00:00,2135.75,1849.0
2022-11-08 22:00:00+00:00,2044.25,1864.25
2022-11-08 23:00:00+00:00,2133.25,1789.5
2022-11-09 00:00:00+00:00,2135.25,1917.0
2022-11-09 01:00:00+00:00,1986.25,2004.75
2022-11-09 02:00:00+00:00,2086.25,2001.75
2022-11-09 03:00:00+00:00,2078.0,2029.75
2022-11-09 04:00:00+00:00,2137.75,2006.0
2022-11-09 05:00:00+00:00,2064.75,2065.0
2022-11-09 06:00:00+00:00,1932.0,2014.25
2022-11-09 07:00:00+00:00,1998.5,2011.25
2022-11-09 08:00:00+00:00,1876.0,1984.0
2022-11-09 09:00:00+00:00,2100.5,2071.0
2022-11-09 10:00:00+00:00,2133.0,2138.75
2022-11-09 11:00:00+00:00,2138.5,2210.25
2022-11-09 12:00:00+00:00,2082.75,2116.5
2022-11-09 13:00:00+00:00,1949.5,2189.75
2022-11-09 14:00:00+00:00,1872.25,2034.75
2022-11-09 15:00:00+00:00,1951.5,1849.75
2022-11-09 16:00:00+00:00,2046.0,1768.25
2022-11-09 17:00:00+00:00,1974.5,1635.0
2022-11-09 18:00:00+00:00,1974.5,1574.75
2022-11-09 19:00:00+00:00,1935.25,1474.0
2022-11-09 20:00:00+00:00,1870.0,1524.0
2022-11-09 21:00:00+00:00,1852.75,1401.75
2022-11-09 22:00:00+00:00,1777.25,1429.25
2022-11-09 23:00:00+00:00,1663.0,1401.75
2022-11-10 00:00:00+00:00,1690.0,1416.25
2022-11-10 01:00:00+00:00,1749.0,1419.25
2022-11-10 02:00:00+00:00,1884.0,1366.0
2022-11-10 03:00:00+00:00,2060.75,1532.25
2022-11-10 04:00:00+00:00,2168.75,1500.0
2022-11-10 05:00:00+00:00,2103.25,1607.25
2022-11-10 06:00:00+00:00,2035.75,1645.75
2022-11-10 07:00:00+00:00,1874.25,1681.25
2022-11-10 08:00:00+00:00,1763.5,1663.5
2022-11-10 09:00:00+00:00,1764.5,1670.5
2022-11-10 10:00:00+00:00,1809.0,1657.0
2022-11-10 11:00:00+00:00,2008.75,1718.0
2022-11-10 12:00:00+00:00,2117.25,1788.5
2022-11-10 13:00:00+00:00,2110.0,1779.25
2022-11-10 14:00:00+00:00,2149.0,1698.75
2022-11-10 15:00:00+00:00,2128.25,1665.5
2022-11-10 16:00:00+00:00,2150.0,1804.0
2022-11-10 17:00:00+00:00,2137.5,1974.25
2022-11-10 18:00:00+00:00,2115.75,2022.5
2022-11-10 19:00:00+00:00,2121.25,2007.25
2022-11-10 20:00:00+00:00,2138.0,2079.5
2022-11-10 21:00:00+00:00,2145.25,2000.25
2022-11-10 22:00:00+00:00,2142.75,2005.0
2022-11-10 23:00:00+00:00,2137.5,1989.25
2022-11-11 00:00:00+00:00,2139.75,1979.0
2022-11-11 01:00:00+00:00,2149.0,1895.75
2022-11-11 02:00:00+00:00,2108.0,1896.5
2022-11-11 03:00:00+00:00,1903.75,1795.0
2022-11-11 04:00:00+00:00,1883.25,1870.0
2022-11-11 05:00:00+00:00,1991.75,1800.0
2022-11-11 06:00:00+00:00,1815.0,1754.75
2022-11-11 07:00:00+00:00,1838.25,1734.25
2022-11-11 08:00:00+00:00,1850.5,1611.75
2022-11-11 09:00:00+00:00,1843.0,1517.25
2022-11-11 10:00:00+00:00,1575.0,1341.75
2022-11-11 11:00:00+00:00,1345.0,1271.75
2022-11-11 12:00:00+00:00,1139.75,1084.75
2022-11-11 13:00:00+00:00,1006.0,880.0
2022-11-11 14:00:00+00:00,874.0,690.5
2022-11-11 15:00:00+00:00,776.25,575.0
2022-11-11 16:00:00+00:00,816.25,669.25
2022-11-11 17:00:00+00:00,898.5,881.0
2022-11-11 18:00:00+00:00,905.0,952.5
2022-11-11 19:00:00+00:00,874.75,920.75
2022-11-11 20:00:00+00:00,741.5,946.75
2022-11-11 21:00:00+00:00,659.0,835.5
2022-11-11 22:00:00+00:00,574.5,700.75
2022-11-11 23:00:00+00:00,532.0,549.5
2022-11-12 00:00:00+00:00,442.25,397.25
2022-11-12 01:00:00+00:00,348.0,244.75
2022-11-12 02:00:00+00:00,229.75,217.5
2022-11-12 03:00:00+00:00,178.25,172.75
2022-11-12 04:00:00+00:00,183.0,214.75
2022-11-12 05:00:00+00:00,111.5,174.75
2022-11-12 06:00:00+00:00,82.75,149.0
2022-11-12 07:00:00+00:00,120.25,146.5
2022-11-12 08:00:00+00:00,113.75,163.0
2022-11-12 09:00:00+00:00,99.0,186.75
2022-11-12 10:00:00+00:00,95.5,180.25
2022-11-12 11:00:00+00:00,95.5,178.25
2022-11-12 12:00:00+00:00,90.0,126.0
2022-11-12 13:00:00+00:00,60.25,100.75
2022-11-12 14:00:00+00:00,86.5,116.75
2022-11-12 15:00:00+00:00,82.5,171.5
2022-11-12 16:00:00+00:00,114.0,298.75
2022-11-12 17:00:00+00:00,202.0,357.5
2022-11-12 18:00:00+00:00,163.25,382.5
2022-11-12 19:00:00+00:00,165.5,367.25
2022-11-12 20:00:00+00:00,137.75,342.25
2022-11-12 21:00:00+00:00,193.5,199.5
2022-11-12 22:00:00+00:00,200.75,145.25
2022-11-12 23:00:00+00:00,144.25,131.5
2022-11-13 00:00:00+00:00,125.0,133.25
2022-11-13 01:00:00+00:00,44.0,209.75
2022-11-13 02:00:00+00:00,13.25,233.25
2022-11-13 03:00:00+00:00,20.75,180.75
2022-11-13 04:00:00+00:00,38.25,195.75
2022-11-13 05:00:00+00:00,85.5,274.75
2022-11-13 06:00:00+00:00,113.5,315.0
2022-11-13 07:00:00+00:00,152.25,304.75
2022-11-13 08:00:00+00:00,154.25,296.5
2022-11-13 09:00:00+00:00,162.25,265.25
2022-11-13 10:00:00+00:00,150.75,223.75
2022-11-13 11:00:00+00:00,125.25,228.0
2022-11-13 12:00:00+00:00,142.5,245.75
2022-11-13 13:00:00+00:00,175.5,228.5
2022-11-13 14:00:00+00:00,210.0,287.5
2022-11-13 15:00:00+00:00,187.5,434.5
2022-11-13 16:00:00+00:00,233.0,701.25
2022-11-13 17:00:00+00:00,320.75,814.0
2022-11-13 18:00:00+00:00,413.75,963.75
2022-11-13 19:00:00+00:00,524.25,1075.5
2022-11-13 20:00:00+00:00,559.5,897.75
2022-11-13 21:00:00+00:00,579.75,826.75
2022-11-13 22:00:00+00:00,623.0,891.25
2022-11-13 23:00:00+00:00,621.75,765.5
2022-11-14 00:00:00+00:00,630.5,688.5
2022-11-14 01:00:00+00:00,659.75,670.25
2022-11-14 02:00:00+00:00,657.75,601.75
2022-11-14 03:00:00+00:00,603.0,651.25
2022-11-14 04:00:00+00:00,601.0,687.5
2022-11-14 05:00:00+00:00,568.75,671.75
2022-11-14 06:00:00+00:00,516.25,570.25
2022-11-14 07:00:00+00:00,526.25,583.0
2022-11-14 08:00:00+00:00,511.0,545.5
2022-11-14 09:00:00+00:00,423.75,445.5
2022-11-14 10:00:00+00:00,346.0,461.75
2022-11-14 11:00:00+00:00,448.5,334.25
2022-11-14 12:00:00+00:00,440.75,366.5
2022-11-14 13:00:00+00:00,463.0,494.75
2022-11-14 14:00:00+00:00,717.25,484.5
2022-11-14 15:00:00+00:00,861.25,583.25
2022-11-14 16:00:00+00:00,858.0,671.5
2022-11-14 17:00:00+00:00,908.25,693.0
2022-11-14 18:00:00+00:00,845.75,753.5
2022-11-14 19:00:00+00:00,694.75,672.0
2022-11-14 20:00:00+00:00,642.25,706.25
2022-11-14 21:00:00+00:00,525.25,629.5
2022-11-14 22:00:00+00:00,429.75,503.25
2022-11-14 23:00:00+00:00,614.5,511.5
2022-11-15 00:00:00+00:00,816.25,609.5
2022-11-15 01:00:00+00:00,1494.25,704.0
2022-11-15 02:00:00+00:00,1316.5,841.75
2022-11-15 03:00:00+00:00,1143.75,831.5
2022-11-15 04:00:00+00:00,1465.25,971.75
2022-11-15 05:00:00+00:00,1272.75,1045.75
2022-11-15 06:00:00+00:00,1481.5,1149.75
2022-11-15 07:00:00+00:00,1755.5,1114.0
2022-11-15 08:00:00+00:00,2007.75,1096.5
2022-11-15 09:00:00+00:00,2149.75,1110.0
2022-11-15 10:00:00+00:00,2001.5,1177.5
2022-11-15 11:00:00+00:00,2085.0,1338.5
2022-11-15 12:00:00+00:00,2020.0,1354.75
2022-11-15 13:00:00+00:00,1968.5,1270.0
2022-11-15 14:00:00+00:00,2013.75,1421.25
2022-11-15 15:00:00+00:00,2150.5,1670.0
2022-11-15 16:00:00+00:00,2281.5,1786.25
2022-11-15 17:00:00+00:00,2278.25,1794.25
2022-11-15 18:00:00+00:00,2266.25,1677.0
2022-11-15 19:00:00+00:00,2178.5,1656.5
2022-11-15 20:00:00+00:00,1914.25,1569.25
2022-11-15 21:00:00+00:00,1825.25,1442.0
2022-11-15 22:00:00+00:00,1224.75,1256.5
2022-11-15 23:00:00+00:00,1148.5,1197.75
2022-11-16 00:00:00+00:00,1023.25,1128.75
2022-11-16 01:00:00+00:00,1188.5,1051.75
2022-11-16 02:00:00+00:00,1368.25,974.75
2022-11-16 03:00:00+00:00,1452.75,832.25
2022-11-16 04:00:00+00:00,1400.75,663.5
2022-11-16 05:00:00+00:00,1797.0,661.75
2022-11-16 06:00:00+00:00,1738.5,758.25
2022-11-16 07:00:00+00:00,1736.5,765.75
2022-11-16 08:00:00+00:00,1570.0,795.0
2022-11-16 09:00:00+00:00,1457.75,839.5
2022-11-16 10:00:00+00:00,1708.25,906.5
2022-11-16 11:00:00+00:00,1936.25,1011.5
2022-11-16 12:00:00+00:00,1868.5,841.25
2022-11-16 13:00:00+00:00,1740.5,838.0
2022-11-16 14:00:00+00:00,1614.5,802.25
2022-11-16 15:00:00+00:00,1693.5,808.0
2022-11-16 16:00:00+00:00,1932.5,1219.25
2022-11-16 17:00:00+00:00,2090.0,1540.25
2022-11-16 18:00:00+00:00,2197.25,1652.25
2022-11-16 19:00:00+00:00,2255.0,1850.0
2022-11-16 20:00:00+00:00,2262.25,2024.0
2022-11-16 21:00:00+00:00,2272.5,2129.75
2022-11-16 22:00:00+00:00,2264.75,2228.5
2022-11-16 23:00:00+00:00,2058.0,2297.25
2022-11-17 00:00:00+00:00,2036.5,2302.75
2022-11-17 01:00:00+00:00,2023.75,2307.5
2022-11-17 02:00:00+00:00,2052.25,2257.75
2022-11-17 03:00:00+00:00,2005.75,2195.75
2022-11-17 04:00:00+00:00,1969.0,2072.0
2022-11-17 05:00:00+00:00,1961.0,2289.75
2022-11-17 06:00:00+00:00,1991.5,2251.75
2022-11-17 07:00:00+00:00,2015.5,2228.25
2022-11-17 08:00:00+00:00,2025.0,2201.5
2022-11-17 09:00:00+00:00,2023.25,2157.75
2022-11-17 10:00:00+00:00,2042.0,2148.5
2022-11-17 11:00:00+00:00,2112.5,2136.0
2022-11-17 12:00:00+00:00,2121.25,2113.25
2022-11-17 13:00:00+00:00,2149.5,2152.5
2022-11-17 14:00:00+00:00,2188.5,2050.0
2022-11-17 15:00:00+00:00,2203.25,2105.75
2022-11-17 16:00:00+00:00,2218.75,2197.5
2022-11-17 17:00:00+00:00,2210.25,2208.25
2022-11-17 18:00:00+00:00,2198.25,2114.75
2022-11-17 19:00:00+00:00,2186.0,2040.25
2022-11-17 20:00:00+00:00,2143.25,1909.5
2022-11-17 21:00:00+00:00,2113.0,1748.75
2022-11-17 22:00:00+00:00,2118.25,1599.5
2022-11-17 23:00:00+00:00,2156.5,1397.25
2022-11-18 00:00:00+00:00,2108.75,1237.5
2022-11-18 01:00:00+00:00,2022.0,1152.5
2022-11-18 02:00:00+00:00,1785.75,1045.5
2022-11-18 03:00:00+00:00,1616.0,929.75
2022-11-18 04:00:00+00:00,1630.5,917.75
2022-11-18 05:00:00+00:00,1542.75,986.75
2022-11-18 06:00:00+00:00,1323.0,915.5
2022-11-18 07:00:00+00:00,1167.5,831.25
2022-11-18 08:00:00+00:00,1177.75,772.25
2022-11-18 09:00:00+00:00,1308.5,681.25
2022-11-18 10:00:00+00:00,1269.25,633.25
2022-11-18 11:00:00+00:00,1182.75,642.0
2022-11-18 12:00:00+00:00,1021.0,683.0
2022-11-18 13:00:00+00:00,964.5,757.0
2022-11-18 14:00:00+00:00,1014.75,720.25
2022-11-18 15:00:00+00:00,902.5,722.25
2022-11-18 16:00:00+00:00,955.25,797.25
2022-11-18 17:00:00+00:00,1040.0,1008.75
2022-11-18 18:00:00+00:00,1196.5,1140.75
2022-11-18 19:00:00+00:00,1303.5,1262.25
2022-11-18 20:00:00+00:00,1514.5,1353.0
2022-11-18 21:00:00+00:00,1538.75,1348.5
2022-11-18 22:00:00+00:00,1539.25,1209.5
2022-11-18 23:00:00+00:00,1508.25,1172.0
2022-11-19 00:00:00+00:00,1351.5,1256.75
2022-11-19 01:00:00+00:00,1304.0,1286.5
2022-11-19 02:00:00+00:00,1308.5,1332.25
2022-11-19 03:00:00+00:00,1321.75,1435.25
2022-11-19 04:00:00+00:00,1317.25,1463.25
2022-11-19 05:00:00+00:00,1305.25,1442.0
2022-11-19 06:00:00+00:00,1361.0,1456.5
2022-11-19 07:00:00+00:00,1393.75,1497.0
2022-11-19 08:00:00+00:00,1262.0,1372.75
2022-11-19 09:00:00+00:00,1016.5,1183.25
2022-11-19 10:00:00+00:00,856.25,1041.25
2022-11-19 11:00:00+00:00,678.5,1079.0
2022-11-19 12:00:00+00:00,502.0,1068.0
2022-11-19 13:00:00+00:00,444.0,943.25
2022-11-19 14:00:00+00:00,329.25,749.5
2022-11-19 15:00:00+00:00,247.5,643.0
2022-11-19 16:00:00+00:00,309.25,503.75
2022-11-19 17:00:00+00:00,243.75,364.25
2022-11-19 18:00:00+00:00,238.25,403.25
2022-11-19 19:00:00+00:00,172.75,397.0
2022-11-19 20:00:00+00:00,164.5,309.25
2022-11-19 21:00:00+00:00,145.25,205.5
2022-11-19 22:00:00+00:00,80.25,167.5
2022-11-19 23:00:00+00:00,27.25,139.75
2022-11-20 00:00:00+00:00,14.75,106.0
2022-11-20 01:00:00+00:00,10.0,93.25
2022-11-20 02:00:00+00:00,12.5,88.25
2022-11-20 03:00:00+00:00,97.75,84.25
2022-11-20 04:00:00+00:00,154.5,99.0
2022-11-20 05:00:00+00:00,139.5,98.25
2022-11-20 06:00:00+00:00,306.25,136.25
2022-11-20 07:00:00+00:00,423.25,211.0
2022-11-20 08:00:00+00:00,398.25,298.75
2022-11-20 09:00:00+00:00,628.5,439.0
2022-11-20 10:00:00+00:00,901.5,524.5
2022-11-20 11:00:00+00:00,1024.75,495.75
2022-11-20 12:00:00+00:00,1481.75,512.5
2022-11-20 13:00:00+00:00,1538.25,618.75
2022-11-20 14:00:00+00:00,1593.5,754.75
2022-11-20 15:00:00+00:00,1590.75,872.5
2022-11-20 16:00:00+00:00,1577.75,888.75
2022-11-20 17:00:00+00:00,1535.5,938.75
2022-11-20 18:00:00+00:00,1434.5,1068.25
2022-11-20 19:00:00+00:00,1371.0,952.75
2022-11-20 20:00:00+00:00,1423.25,830.5
2022-11-20 21:00:00+00:00,1339.25,651.0
2022-11-20 22:00:00+00:00,1390.75,546.5
2022-11-20 23:00:00+00:00,1179.0,452.0
2022-11-21 00:00:00+00:00,866.75,312.0
2022-11-21 01:00:00+00:00,654.5,194.0
2022-11-21 02:00:00+00:00,436.0,194.25
2022-11-21 03:00:00+00:00,426.5,200.25
2022-11-21 04:00:00+00:00,388.25,209.75
2022-11-21 05:00:00+00:00,262.25,245.25
2022-11-21 06:00:00+00:00,171.75,309.75
2022-11-21 07:00:00+00:00,244.75,363.5
2022-11-21 08:00:00+00:00,306.5,420.5
2022-11-21 09:00:00+00:00,589.75,432.25
2022-11-21 10:00:00+00:00,623.75,487.0
2022-11-21 11:00:00+00:00,741.0,486.5
2022-11-21 12:00:00+00:00,998.75,558.0
2022-11-21 13:00:00+00:00,1154.25,575.25
2022-11-21 14:00:00+00:00,1471.5,749.75
2022-11-21 15:00:00+00:00,1868.0,876.75
2022-11-21 16:00:00+00:00,1996.25,1011.5
2022-11-21 17:00:00+00:00,1975.5,1232.25
2022-11-21 18:00:00+00:00,1998.0,1460.25
2022-11-21 19:00:00+00:00,2084.5,1625.25
2022-11-21 20:00:00+00:00,2113.75,1663.25
2022-11-21 21:00:00+00:00,2193.5,1595.75
2022-11-21 22:00:00+00:00,2243.25,1587.5
2022-11-21 23:00:00+00:00,2259.5,1643.5
2022-11-22 00:00:00+00:00,2254.25,1661.25
2022-11-22 01:00:00+00:00,2250.0,1584.75
2022-11-22 02:00:00+00:00,2276.5,1429.5
2022-11-22 03:00:00+00:00,2220.0,1435.75
2022-11-22 04:00:00+00:00,2232.75,1541.5
2022-11-22 05:00:00+00:00,2240.5,1510.0
2022-11-22 06:00:00+00:00,2155.75,1684.25
2022-11-22 07:00:00+00:00,1971.0,1693.75
2022-11-22 08:00:00+00:00,1984.25,1749.25
2022-11-22 09:00:00+00:00,1988.75,1699.25
2022-11-22 10:00:00+00:00,2109.25,1669.75
2022-11-22 11:00:00+00:00,2022.75,1543.75
2022-11-22 12:00:00+00:00,1919.5,1414.5
2022-11-22 13:00:00+00:00,1914.0,1320.0
2022-11-22 14:00:00+00:00,1975.75,1317.25
2022-11-22 15:00:00+00:00,1840.25,1361.0
2022-11-22 16:00:00+00:00,1740.5,1425.5
2022-11-22 17:00:00+00:00,1564.0,1407.5
2022-11-22 18:00:00+00:00,1216.75,1374.0
2022-11-22 19:00:00+00:00,1234.25,1255.0
2022-11-22 20:00:00+00:00,1183.5,1237.75
2022-11-22 21:00:00+00:00,1136.25,1171.25
2022-11-22 22:00:00+00:00,1041.5,1242.0
2022-11-22 23:00:00+00:00,1181.75,1213.25
2022-11-23 00:00:00+00:00,1132.25,1150.25
2022-11-23 01:00:00+00:00,1298.0,1241.25
2022-11-23 02:00:00+00:00,1354.0,1210.25
2022-11-23 03:00:00+00:00,1315.25,1378.5
2022-11-23 04:00:00+00:00,1684.25,1344.5
2022-11-23 05:00:00+00:00,1558.25,1320.0
2022-11-23 06:00:00+00:00,1712.25,1290.25
2022-11-23 07:00:00+00:00,2002.5,1342.25
2022-11-23 08:00:00+00:00,2144.25,1474.75
2022-11-23 09:00:00+00:00,2236.0,1537.5
2022-11-23 10:00:00+00:00,2225.5,1496.5
2022-11-23 11:00:00+00:00,2053.0,1460.25
2022-11-23 12:00:00+00:00,2191.75,1718.25
2022-11-23 13:00:00+00:00,2229.25,1803.75
2022-11-23 14:00:00+00:00,2158.25,1937.0
2022-11-23 15:00:00+00:00,2155.25,1985.25
2022-11-23 16:00:00+00:00,2110.5,1935.75
2022-11-23 17:00:00+00:00,2176.25,1865.75
2022-11-23 18:00:00+00:00,2233.75,1911.5
2022-11-23 19:00:00+00:00,2252.5,1911.0
2022-11-23 20:00:00+00:00,2180.25,1917.0
2022-11-23 21:00:00+00:00,2190.0,1923.75
2022-11-23 22:00:00+00:00,2229.5,1905.25
2022-11-23 23:00:00+00:00,2078.5,1963.5
2022-11-24 00:00:00+00:00,2109.5,1962.5
2022-11-24 01:00:00+00:00,2162.25,1935.0
2022-11-24 02:00:00+00:00,1918.75,1935.25
2022-11-24 03:00:00+00:00,1354.0,1734.5
2022-11-24 04:00:00+00:00,1847.75,1420.25
2022-11-24 05:00:00+00:00,1928.25,1396.75
2022-11-24 06:00:00+00:00,1581.0,1257.5
2022-11-24 07:00:00+00:00,1025.25,1143.5
2022-11-24 08:00:00+00:00,966.5,1140.75
2022-11-24 09:00:00+00:00,868.25,1045.25
2022-11-24 10:00:00+00:00,996.5,908.5
2022-11-24 11:00:00+00:00,1347.0,833.75
2022-11-24 12:00:00+00:00,1370.25,842.75
2022-11-24 13:00:00+00:00,1690.0,843.25
2022-11-24 14:00:00+00:00,1920.25,948.5
2022-11-24 15:00:00+00:00,2079.5,1257.5
2022-11-24 16:00:00+00:00,2143.0,1593.0
2022-11-24 17:00:00+00:00,2229.75,1859.5
2022-11-24 18:00:00+00:00,2237.0,2006.5
2022-11-24 19:00:00+00:00,2244.0,2052.75
2022-11-24 20:00:00+00:00,2201.25,2032.25
2022-11-24 21:00:00+00:00,2097.0,2015.75
2022-11-24 22:00:00+00:00,1537.25,1868.75
2022-11-24 23:00:00+00:00,2016.25,1718.25
2022-11-25 00:00:00+00:00,2125.75,1625.5
2022-11-25 01:00:00+00:00,1846.25,1447.0
2022-11-25 02:00:00+00:00,1619.25,1302.5
2022-11-25 03:00:00+00:00,1877.5,1267.75
2022-11-25 04:00:00+00:00,1886.0,1275.75
2022-11-25 05:00:00+00:00,1743.75,1406.5
2022-11-25 06:00:00+00:00,1901.25,1414.5
2022-11-25 07:00:00+00:00,1685.25,1511.75
2022-11-25 08:00:00+00:00,1524.25,1519.75
2022-11-25 09:00:00+00:00,1432.5,1404.0
2022-11-25 10:00:00+00:00,1295.25,1169.0
2022-11-25 11:00:00+00:00,1101.75,1116.25
2022-11-25 12:00:00+00:00,884.0,828.5
2022-11-25 13:00:00+00:00,751.25,584.0
2022-11-25 14:00:00+00:00,681.5,538.75
2022-11-25 15:00:00+00:00,713.5,502.0
2022-11-25 16:00:00+00:00,876.0,627.5
2022-11-25 17:00:00+00:00,928.25,777.0
2022-11-25 18:00:00+00:00,788.75,824.75
2022-11-25 19:00:00+00:00,730.0,724.75
2022-11-25 20:00:00+00:00,846.25,596.25
2022-11-25 21:00:00+00:00,752.25,686.5
2022-11-25 22:00:00+00:00,595.25,640.5
2022-11-25 23:00:00+00:00,491.75,540.25
2022-11-26 00:00:00+00:00,491.5,496.25
2022-11-26 01:00:00+00:00,453.5,501.5
2022-11-26 02:00:00+00:00,544.25,644.5
2022-11-26 03:00:00+00:00,514.5,733.5
2022-11-26 04:00:00+00:00,494.0,869.5
2022-11-26 05:00:00+00:00,508.5,934.0
2022-11-26 06:00:00+00:00,586.5,1004.5
2022-11-26 07:00:00+00:00,546.0,986.0
2022-11-26 08:00:00+00:00,585.25,1036.25
2022-11-26 09:00:00+00:00,692.5,978.75
2022-11-26 10:00:00+00:00,781.75,841.75
2022-11-26 11:00:00+00:00,919.5,760.5
2022-11-26 12:00:00+00:00,925.75,698.0
2022-11-26 13:00:00+00:00,988.25,680.5
2022-11-26 14:00:00+00:00,1116.75,748.25
2022-11-26 15:00:00+00:00,1360.75,903.5
2022-11-26 16:00:00+00:00,1608.0,1123.75
2022-11-26 17:00:00+00:00,1691.0,1332.75
2022-11-26 18:00:00+00:00,1815.75,1437.0
2022-11-26 19:00:00+00:00,1974.0,1582.25
2022-11-26 20:00:00+00:00,2104.25,1508.5
2022-11-26 21:00:00+00:00,2148.25,1508.5
2022-11-26 22:00:00+00:00,2162.25,1647.5
2022-11-26 23:00:00+00:00,2222.0,1735.25
2022-11-27 00:00:00+00:00,2231.5,1811.5
2022-11-27 01:00:00+00:00,2235.75,1854.0
2022-11-27 02:00:00+00:00,2233.0,1930.0
2022-11-27 03:00:00+00:00,2233.25,1851.25
2022-11-27 04:00:00+00:00,2243.0,1881.5
2022-11-27 05:00:00+00:00,2243.25,1889.0
2022-11-27 06:00:00+00:00,2240.75,1782.25
2022-11-27 07:00:00+00:00,2222.25,1774.75
2022-11-27 08:00:00+00:00,2154.25,1614.0
2022-11-27 09:00:00+00:00,2001.5,1556.25
2022-11-27 10:00:00+00:00,1894.25,1526.0
2022-11-27 11:00:00+00:00,1642.0,1453.75
2022-11-27 12:00:00+00:00,1581.25,1276.75
2022-11-27 13:00:00+00:00,1329.0,1175.75
2022-11-27 14:00:00+00:00,1227.5,1158.75
2022-11-27 15:00:00+00:00,1215.75,1089.0
2022-11-27 16:00:00+00:00,1119.5,1113.75
2022-11-27 17:00:00+00:00,1056.75,1055.25
2022-11-27 18:00:00+00:00,1007.25,961.5
2022-11-27 19:00:00+00:00,882.0,893.5
2022-11-27 20:00:00+00:00,699.75,840.5
2022-11-27 21:00:00+00:00,571.0,878.5
2022-11-27 22:00:00+00:00,518.25,908.75
2022-11-27 23:00:00+00:00,564.0,853.75
2022-11-28 00:00:00+00:00,466.0,860.25
2022-11-28 01:00:00+00:00,457.0,840.0
2022-11-28 02:00:00+00:00,468.25,775.25
2022-11-28 03:00:00+00:00,478.25,761.0
2022-11-28 04:00:00+00:00,400.25,753.25
2022-11-28 05:00:00+00:00,275.25,766.75
2022-11-28 06:00:00+00:00,259.0,738.25
2022-11-28 07:00:00+00:00,364.25,607.25
2022-11-28 08:00:00+00:00,224.5,473.25
2022-11-28 09:00:00+00:00,124.0,387.0
2022-11-28 10:00:00+00:00,85.0,322.0
2022-11-28 11:00:00+00:00,53.5,204.0
2022-11-28 12:00:00+00:00,42.0,174.25
2022-11-28 13:00:00+00:00,56.5,161.75
2022-11-28 14:00:00+00:00,83.25,155.75
2022-11-28 15:00:00+00:00,72.25,120.25
2022-11-28 16:00:00+00:00,57.25,114.75
2022-11-28 17:00:00+00:00,104.5,139.75
2022-11-28 18:00:00+00:00,169.5,146.0
2022-11-28 19:00:00+00:00,215.25,165.25
2022-11-28 20:00:00+00:00,172.25,147.5
2022-11-28 21:00:00+00:00,127.75,118.5
2022-11-28 22:00:00+00:00,97.75,101.0
2022-11-28 23:00:00+00:00,80.75,89.5
2022-11-29 00:00:00+00:00,78.75,94.25
2022-11-29 01:00:00+00:00,90.75,83.0
2022-11-29 02:00:00+00:00,90.75,74.5
2022-11-29 03:00:00+00:00,44.0,62.0
2022-11-29 04:00:00+00:00,44.75,60.5
2022-11-29 05:00:00+00:00,49.75,92.25
2022-11-29 06:00:00+00:00,75.75,114.5
2022-11-29 07:00:00+00:00,73.5,127.75
2022-11-29 08:00:00+00:00,124.0,147.75
2022-11-29 09:00:00+00:00,154.25,181.5
2022-11-29 10:00:00+00:00,168.25,187.25
2022-11-29 11:00:00+00:00,134.25,258.25
2022-11-29 12:00:00+00:00,118.5,341.25
2022-11-29 13:00:00+00:00,119.0,468.5
2022-11-29 14:00:00+00:00,124.25,453.5
2022-11-29 15:00:00+00:00,98.75,323.5
2022-11-29 16:00:00+00:00,71.75,210.0
2022-11-29 17:00:00+00:00,50.75,142.5
2022-11-29 18:00:00+00:00,61.5,121.75
2022-11-29 19:00:00+00:00,39.5,102.0
2022-11-29 20:00:00+00:00,32.25,92.5
2022-11-29 21:00:00+00:00,20.5,84.5
2022-11-29 22:00:00+00:00,32.75,73.75
2022-11-29 23:00:00+00:00,29.5,67.0
2022-11-30 00:00:00+00:00,29.0,63.5
2022-11-30 01:00:00+00:00,22.0,59.5
2022-11-30 02:00:00+00:00,21.5,56.75
2022-11-30 03:00:00+00:00,73.25,58.25
2022-11-30 04:00:00+00:00,63.5,68.25
2022-11-30 05:00:00+00:00,60.75,74.25
2022-11-30 06:00:00+00:00,60.75,81.5
2022-11-30 07:00:00+00:00,79.75,81.75
2022-11-30 08:00:00+00:00,96.75,89.25
2022-11-30 09:00:00+00:00,49.25,98.0
2022-11-30 10:00:00+00:00,40.75,98.75
2022-11-30 11:00:00+00:00,32.25,90.0
2022-11-30 12:00:00+00:00,54.25,104.0
2022-11-30 13:00:00+00:00,101.0,119.5
2022-11-30 14:00:00+00:00,116.75,114.75
2022-11-30 15:00:00+00:00,99.0,117.25
2022-11-30 16:00:00+00:00,210.0,119.5
2022-11-30 17:00:00+00:00,228.75,156.0
2022-11-30 18:00:00+00:00,162.25,225.5
2022-11-30 19:00:00+00:00,175.25,236.75
2022-11-30 20:00:00+00:00,183.5,254.0
2022-11-30 21:00:00+00:00,197.25,285.5
2022-11-30 22:00:00+00:00,203.5,285.5
2022-11-30 23:00:00+00:00,339.5,255.25
2022-12-01 00:00:00+00:00,265.25,230.0
2022-12-01 01:00:00+00:00,296.75,235.75
2022-12-01 02:00:00+00:00,370.25,235.25
2022-12-01 03:00:00+00:00,355.5,219.25
2022-12-01 04:00:00+00:00,408.25,201.75
2022-12-01 05:00:00+00:00,419.5,214.5
2022-12-01 06:00:00+00:00,381.25,230.0
2022-12-01 07:00:00+00:00,337.75,234.0
2022-12-01 08:00:00+00:00,259.5,211.25
2022-12-01 09:00:00+00:00,245.5,192.25
2022-12-01 10:00:00+00:00,199.0,154.25
2022-12-01 11:00:00+00:00,158.0,133.25
2022-12-01 12:00:00+00:00,134.5,132.5
2022-12-01 13:00:00+00:00,159.75,157.5
2022-12-01 14:00:00+00:00,158.5,182.25
2022-12-01 15:00:00+00:00,307.25,200.25
2022-12-01 16:00:00+00:00,435.0,215.5
2022-12-01 17:00:00+00:00,343.75,251.25
2022-12-01 18:00:00+00:00,291.25,264.0
2022-12-01 19:00:00+00:00,246.25,268.5
2022-12-01 20:00:00+00:00,260.5,290.75
2022-12-01 21:00:00+00:00,203.25,273.0
2022-12-01 22:00:00+00:00,194.25,254.25
2022-12-01 23:00:00+00:00,170.0,233.75
2022-12-02 00:00:00+00:00,96.5,282.0
2022-12-02 01:00:00+00:00,102.25,365.5
2022-12-02 02:00:00+00:00,200.5,338.5
2022-12-02 03:00:00+00:00,501.0,401.25
2022-12-02 04:00:00+00:00,667.25,492.0
2022-12-02 05:00:00+00:00,779.25,655.25
2022-12-02 06:00:00+00:00,1092.25,629.0
2022-12-02 07:00:00+00:00,1278.5,637.75
2022-12-02 08:00:00+00:00,1452.75,692.75
2022-12-02 09:00:00+00:00,1744.75,968.25
2022-12-02 10:00:00+00:00,1918.25,1087.25
2022-12-02 11:00:00+00:00,1748.0,905.25
2022-12-02 12:00:00+00:00,1662.75,1066.5
2022-12-02 13:00:00+00:00,2029.5,1119.25
2022-12-02 14:00:00+00:00,2117.0,1177.75
2022-12-02 15:00:00+00:00,2117.75,1226.0
2022-12-02 16:00:00+00:00,2209.75,1382.75
2022-12-02 17:00:00+00:00,2018.25,1331.75
2022-12-02 18:00:00+00:00,2089.5,1535.0
2022-12-02 19:00:00+00:00,2202.5,1544.0
2022-12-02 20:00:00+00:00,2049.25,1515.75
2022-12-02 21:00:00+00:00,1987.5,1396.5
2022-12-02 22:00:00+00:00,2065.75,1323.25
2022-12-02 23:00:00+00:00,2157.75,1228.75
2022-12-03 00:00:00+00:00,2160.25,1173.75
2022-12-03 01:00:00+00:00,2145.75,1142.0
2022-12-03 02:00:00+00:00,2105.25,1138.75
2022-12-03 03:00:00+00:00,2000.25,1246.0
2022-12-03 04:00:00+00:00,2018.5,1205.5
2022-12-03 05:00:00+00:00,2123.25,1121.0
2022-12-03 06:00:00+00:00,2004.75,1204.25
2022-12-03 07:00:00+00:00,1684.25,1239.75
2022-12-03 08:00:00+00:00,1574.75,1166.75
2022-12-03 09:00:00+00:00,1505.0,1063.5
2022-12-03 10:00:00+00:00,1420.75,955.75
2022-12-03 11:00:00+00:00,1283.5,845.5
2022-12-03 12:00:00+00:00,1082.5,831.5
2022-12-03 13:00:00+00:00,994.75,817.25
2022-12-03 14:00:00+00:00,1075.5,895.0
2022-12-03 15:00:00+00:00,1107.75,951.5
2022-12-03 16:00:00+00:00,1227.0,1041.5
2022-12-03 17:00:00+00:00,1264.25,963.75
2022-12-03 18:00:00+00:00,1298.25,949.75
2022-12-03 19:00:00+00:00,1375.25,949.25
2022-12-03 20:00:00+00:00,1367.0,1107.5
2022-12-03 21:00:00+00:00,1317.25,967.0
2022-12-03 22:00:00+00:00,1252.25,894.25
2022-12-03 23:00:00+00:00,1065.5,778.0
2022-12-04 00:00:00+00:00,955.0,713.75
2022-12-04 01:00:00+00:00,1044.75,618.75
2022-12-04 02:00:00+00:00,1169.5,681.75
2022-12-04 03:00:00+00:00,1114.25,697.0
2022-12-04 04:00:00+00:00,1199.25,748.25
2022-12-04 05:00:00+00:00,1176.0,824.25
2022-12-04 06:00:00+00:00,1248.5,839.0
2022-12-04 07:00:00+00:00,1424.75,904.0
2022-12-04 08:00:00+00:00,1647.0,968.25
2022-12-04 09:00:00+00:00,1525.5,917.0
2022-12-04 10:00:00+00:00,1261.25,919.5
2022-12-04 11:00:00+00:00,1171.25,994.75
2022-12-04 12:00:00+00:00,1167.75,1036.5
2022-12-04 13:00:00+00:00,1203.25,1193.75
2022-12-04 14:00:00+00:00,1285.75,1235.0
2022-12-04 15:00:00+00:00,1376.5,1322.0
2022-12-04 16:00:00+00:00,1350.25,1287.5
2022-12-04 17:00:00+00:00,1337.5,1250.0
2022-12-04 18:00:00+00:00,1319.25,1294.75
2022-12-04 19:00:00+00:00,1344.75,1228.0
2022-12-04 20:00:00+00:00,1330.25,1151.75
2022-12-04 21:00:00+00:00,1354.5,1110.0
2022-12-04 22:00:00+00:00,1365.5,1058.75
2022-12-04 23:00:00+00:00,1362.75,952.25
2022-12-05 00:00:00+00:00,1504.75,998.5
2022-12-05 01:00:00+00:00,1491.5,1047.0
2022-12-05 02:00:00+00:00,1526.5,1010.5
2022-12-05 03:00:00+00:00,1474.75,953.0
2022-12-05 04:00:00+00:00,1520.5,1008.5
2022-12-05 05:00:00+00:00,1621.0,1042.0
2022-12-05 06:00:00+00:00,1554.5,1020.25
2022-12-05 07:00:00+00:00,1589.25,1030.5
2022-12-05 08:00:00+00:00,1481.25,890.0
2022-12-05 09:00:00+00:00,1422.25,765.0
2022-12-05 10:00:00+00:00,1342.25,687.0
2022-12-05 11:00:00+00:00,1162.0,654.75
2022-12-05 12:00:00+00:00,1199.25,545.75
2022-12-05 13:00:00+00:00,1143.25,552.5
2022-12-05 14:00:00+00:00,1058.5,565.75
2022-12-05 15:00:00+00:00,1069.5,551.5
2022-12-05 16:00:00+00:00,1107.75,611.75
2022-12-05 17:00:00+00:00,1048.0,597.75
2022-12-05 18:00:00+00:00,1109.0,594.75
2022-12-05 19:00:00+00:00,987.5,519.25
2022-12-05 20:00:00+00:00,902.25,548.25
2022-12-05 21:00:00+00:00,806.75,541.5
2022-12-05 22:00:00+00:00,816.5,425.25
2022-12-05 23:00:00+00:00,729.25,360.0
2022-12-06 00:00:00+00:00,773.5,441.5
2022-12-06 01:00:00+00:00,722.25,409.5
2022-12-06 02:00:00+00:00,854.75,405.0
2022-12-06 03:00:00+00:00,706.5,333.75
2022-12-06 04:00:00+00:00,588.25,269.75
2022-12-06 05:00:00+00:00,868.75,273.5
2022-12-06 06:00:00+00:00,597.75,210.5
2022-12-06 07:00:00+00:00,720.0,117.25
2022-12-06 08:00:00+00:00,403.75,102.5
2022-12-06 09:00:00+00:00,202.5,113.25
2022-12-06 10:00:00+00:00,148.5,140.75
2022-12-06 11:00:00+00:00,203.75,189.25
2022-12-06 12:00:00+00:00,231.0,253.0
2022-12-06 13:00:00+00:00,455.75,290.5
2022-12-06 14:00:00+00:00,492.75,412.25
2022-12-06 15:00:00+00:00,1090.0,421.0
2022-12-06 16:00:00+00:00,1213.0,575.75
2022-12-06 17:00:00+00:00,1325.0,533.75
2022-12-06 18:00:00+00:00,1318.5,519.25
2022-12-06 19:00:00+00:00,1421.25,498.25
2022-12-06 20:00:00+00:00,1425.0,530.25
2022-12-06 21:00:00+00:00,1432.5,459.75
2022-12-06 22:00:00+00:00,1406.5,557.75
2022-12-06 23:00:00+00:00,1513.75,703.25
2022-12-07 00:00:00+00:00,1458.5,705.25
2022-12-07 01:00:00+00:00,1519.0,737.75
2022-12-07 02:00:00+00:00,1584.0,765.25
2022-12-07 03:00:00+00:00,1472.25,810.25
2022-12-07 04:00:00+00:00,1472.75,913.25
2022-12-07 05:00:00+00:00,1572.25,764.5
2022-12-07 06:00:00+00:00,1552.25,647.0
2022-12-07 07:00:00+00:00,1487.75,522.75
2022-12-07 08:00:00+00:00,1256.0,516.25
2022-12-07 09:00:00+00:00,1265.0,480.75
2022-12-07 10:00:00+00:00,1015.5,351.75
2022-12-07 11:00:00+00:00,1237.5,361.0
2022-12-07 12:00:00+00:00,1152.5,376.25
2022-12-07 13:00:00+00:00,1056.75,519.5
2022-12-07 14:00:00+00:00,1264.75,416.5
2022-12-07 15:00:00+00:00,1084.0,498.25
2022-12-07 16:00:00+00:00,1097.75,527.0
2022-12-07 17:00:00+00:00,1172.5,424.25
2022-12-07 18:00:00+00:00,1407.5,541.75
2022-12-07 19:00:00+00:00,1350.25,731.5
2022-12-07 20:00:00+00:00,1421.75,626.75
2022-12-07 21:00:00+00:00,1400.0,572.0
2022-12-07 22:00:00+00:00,1365.25,735.5
2022-12-07 23:00:00+00:00,1351.5,677.75
2022-12-08 00:00:00+00:00,1232.75,797.75
2022-12-08 01:00:00+00:00,1533.5,823.25
2022-12-08 02:00:00+00:00,1440.5,836.25
2022-12-08 03:00:00+00:00,1512.75,661.75
2022-12-08 04:00:00+00:00,1259.25,679.0
2022-12-08 05:00:00+00:00,1066.75,613.75
2022-12-08 06:00:00+00:00,1015.5,444.5
2022-12-08 07:00:00+00:00,964.75,405.0
2022-12-08 08:00:00+00:00,653.25,299.25
2022-12-08 09:00:00+00:00,746.0,283.5
2022-12-08 10:00:00+00:00,700.75,346.25
2022-12-08 11:00:00+00:00,802.5,296.75
2022-12-08 12:00:00+00:00,881.5,283.25
2022-12-08 13:00:00+00:00,883.25,278.75
2022-12-08 14:00:00+00:00,888.25,329.5
2022-12-08 15:00:00+00:00,1041.0,296.5
2022-12-08 16:00:00+00:00,854.0,241.5
2022-12-08 17:00:00+00:00,570.0,183.75
2022-12-08 18:00:00+00:00,467.25,216.5
2022-12-08 19:00:00+00:00,461.0,206.5
2022-12-08 20:00:00+00:00,408.75,157.75
2022-12-08 21:00:00+00:00,430.25,144.0
2022-12-08 22:00:00+00:00,438.25,117.5
2022-12-08 23:00:00+00:00,411.25,122.0
2022-12-09 00:00:00+00:00,441.75,104.5
2022-12-09 01:00:00+00:00,474.75,122.75
2022-12-09 02:00:00+00:00,389.75,173.25
2022-12-09 03:00:00+00:00,339.75,193.0
2022-12-09 04:00:00+00:00,231.0,198.5
2022-12-09 05:00:00+00:00,174.25,208.25
2022-12-09 06:00:00+00:00,183.75,212.0
2022-12-09 07:00:00+00:00,184.5,205.5
2022-12-09 08:00:00+00:00,131.75,216.0
2022-12-09 09:00:00+00:00,92.75,206.25
2022-12-09 10:00:00+00:00,101.75,194.75
2022-12-09 11:00:00+00:00,109.25,156.75
2022-12-09 12:00:00+00:00,445.25,125.0
2022-12-09 13:00:00+00:00,258.0,112.0
2022-12-09 14:00:00+00:00,104.25,101.25
2022-12-09 15:00:00+00:00,136.25,97.5
2022-12-09 16:00:00+00:00,189.75,150.25
2022-12-09 17:00:00+00:00,281.25,235.0
2022-12-09 18:00:00+00:00,410.0,248.75
2022-12-09 19:00:00+00:00,341.0,297.0
2022-12-09 20:00:00+00:00,508.0,329.75
2022-12-09 21:00:00+00:00,574.25,381.25
2022-12-09 22:00:00+00:00,438.75,342.75
2022-12-09 23:00:00+00:00,379.25,281.25
2022-12-10 00:00:00+00:00,368.5,264.25
2022-12-10 01:00:00+00:00,266.75,245.5
2022-12-10 02:00:00+00:00,251.0,206.0
2022-12-10 03:00:00+00:00,284.5,186.25
2022-12-10 04:00:00+00:00,397.25,157.25
2022-12-10 05:00:00+00:00,300.5,132.0
2022-12-10 06:00:00+00:00,318.5,135.0
2022-12-10 07:00:00+00:00,311.5,118.5
2022-12-10 08:00:00+00:00,368.75,117.0
2022-12-10 09:00:00+00:00,298.75,136.75
2022-12-10 10:00:00+00:00,318.5,156.0
2022-12-10 11:00:00+00:00,313.25,150.5
2022-12-10 12:00:00+00:00,266.5,102.0
2022-12-10 13:00:00+00:00,282.75,107.5
2022-12-10 14:00:00+00:00,278.75,107.25
2022-12-10 15:00:00+00:00,186.25,143.25
2022-12-10 16:00:00+00:00,136.5,134.5
2022-12-10 17:00:00+00:00,150.0,172.5
2022-12-10 18:00:00+00:00,117.25,181.0
2022-12-10 19:00:00+00:00,82.5,182.75
2022-12-10 20:00:00+00:00,197.5,160.0
2022-12-10 21:00:00+00:00,470.25,176.75
2022-12-10 22:00:00+00:00,694.5,167.5
2022-12-10 23:00:00+00:00,624.0,177.25
2022-12-11 00:00:00+00:00,319.5,216.5
2022-12-11 01:00:00+00:00,88.5,194.5
2022-12-11 02:00:00+00:00,236.0,150.25
2022-12-11 03:00:00+00:00,281.5,137.0
2022-12-11 04:00:00+00:00,239.75,135.0
2022-12-11 05:00:00+00:00,365.75,118.75
2022-12-11 06:00:00+00:00,449.25,122.25
2022-12-11 07:00:00+00:00,520.75,150.0
2022-12-11 08:00:00+00:00,491.25,191.25
2022-12-11 09:00:00+00:00,459.5,206.25
2022-12-11 10:00:00+00:00,477.75,216.0
2022-12-11 11:00:00+00:00,471.25,228.25
2022-12-11 12:00:00+00:00,424.75,187.25
2022-12-11 13:00:00+00:00,316.0,151.25
2022-12-11 14:00:00+00:00,228.0,128.25
2022-12-11 15:00:00+00:00,180.5,125.25
2022-12-11 16:00:00+00:00,262.0,133.5
2022-12-11 17:00:00+00:00,323.25,134.25
2022-12-11 18:00:00+00:00,398.0,121.0
2022-12-11 19:00:00+00:00,462.5,140.75
2022-12-11 20:00:00+00:00,386.75,150.5
2022-12-11 21:00:00+00:00,299.0,154.5
2022-12-11 22:00:00+00:00,205.5,150.75
2022-12-11 23:00:00+00:00,203.25,128.5
2022-12-12 00:00:00+00:00,164.75,126.75
2022-12-12 01:00:00+00:00,217.25,117.0
2022-12-12 02:00:00+00:00,255.25,99.0
2022-12-12 03:00:00+00:00,260.75,95.0
2022-12-12 04:00:00+00:00,231.5,95.25
2022-12-12 05:00:00+00:00,210.25,111.0
2022-12-12 06:00:00+00:00,171.25,108.25
2022-12-12 07:00:00+00:00,171.25,80.0
2022-12-12 08:00:00+00:00,223.5,77.75
2022-12-12 09:00:00+00:00,207.0,83.5
2022-12-12 10:00:00+00:00,212.75,95.25
2022-12-12 11:00:00+00:00,167.25,95.75
2022-12-12 12:00:00+00:00,226.75,73.75
2022-12-12 13:00:00+00:00,246.5,68.5
2022-12-12 14:00:00+00:00,266.0,50.25
2022-12-12 15:00:00+00:00,304.75,45.0
2022-12-12 16:00:00+00:00,420.0,62.25
2022-12-12 17:00:00+00:00,556.0,101.25
2022-12-12 18:00:00+00:00,515.0,106.25
2022-12-12 19:00:00+00:00,467.0,120.75
2022-12-12 20:00:00+00:00,396.0,137.5
2022-12-12 21:00:00+00:00,364.75,148.25
2022-12-12 22:00:00+00:00,386.75,167.75
2022-12-12 23:00:00+00:00,419.25,168.5
2022-12-13 00:00:00+00:00,416.5,166.75
2022-12-13 01:00:00+00:00,328.5,156.5
2022-12-13 02:00:00+00:00,322.25,129.25
2022-12-13 03:00:00+00:00,279.5,105.5
2022-12-13 04:00:00+00:00,239.25,116.5
2022-12-13 05:00:00+00:00,272.25,143.5
2022-12-13 06:00:00+00:00,247.25,165.75
2022-12-13 07:00:00+00:00,271.75,170.25
2022-12-13 08:00:00+00:00,302.75,158.5
2022-12-13 09:00:00+00:00,453.0,150.5
2022-12-13 10:00:00+00:00,561.0,140.0
2022-12-13 11:00:00+00:00,396.5,105.25
2022-12-13 12:00:00+00:00,326.5,93.25
2022-12-13 13:00:00+00:00,343.5,109.75
2022-12-13 14:00:00+00:00,429.25,155.75
2022-12-13 15:00:00+00:00,568.5,217.75
2022-12-13 16:00:00+00:00,650.5,242.5
2022-12-13 17:00:00+00:00,940.25,302.25
2022-12-13 18:00:00+00:00,953.75,391.75
2022-12-13 19:00:00+00:00,870.0,455.75
2022-12-13 20:00:00+00:00,833.25,478.0
2022-12-13 21:00:00+00:00,771.75,421.0
2022-12-13 22:00:00+00:00,627.75,355.75
2022-12-13 23:00:00+00:00,491.25,308.5
2022-12-14 00:00:00+00:00,384.25,305.25
2022-12-14 01:00:00+00:00,313.5,324.25
2022-12-14 02:00:00+00:00,235.75,358.75
2022-12-14 03:00:00+00:00,195.0,299.5
2022-12-14 04:00:00+00:00,103.0,223.0
2022-12-14 05:00:00+00:00,90.75,146.75
2022-12-14 06:00:00+00:00,139.75,107.75
2022-12-14 07:00:00+00:00,195.25,63.25
2022-12-14 08:00:00+00:00,257.0,53.75
2022-12-14 09:00:00+00:00,331.75,50.25
2022-12-14 10:00:00+00:00,343.5,42.75
2022-12-14 11:00:00+00:00,320.0,41.5
2022-12-14 12:00:00+00:00,324.5,43.25
2022-12-14 13:00:00+00:00,290.25,37.5
2022-12-14 14:00:00+00:00,289.5,28.5
2022-12-14 15:00:00+00:00,424.75,43.75
2022-12-14 16:00:00+00:00,249.0,85.0
2022-12-14 17:00:00+00:00,255.75,182.0
2022-12-14 18:00:00+00:00,398.5,193.75
2022-12-14 19:00:00+00:00,360.0,261.5
2022-12-14 20:00:00+00:00,512.5,321.0
2022-12-14 21:00:00+00:00,644.0,229.0
2022-12-14 22:00:00+00:00,808.25,284.5
2022-12-14 23:00:00+00:00,737.75,278.5
2022-12-15 00:00:00+00:00,516.0,235.0
2022-12-15 01:00:00+00:00,499.25,285.5
2022-12-15 02:00:00+00:00,582.5,325.5
2022-12-15 03:00:00+00:00,606.25,312.75
2022-12-15 04:00:00+00:00,663.75,403.0
2022-12-15 05:00:00+00:00,655.0,644.25
2022-12-15 06:00:00+00:00,684.0,676.0
2022-12-15 07:00:00+00:00,758.75,704.0
2022-12-15 08:00:00+00:00,645.75,749.5
2022-12-15 09:00:00+00:00,684.75,780.0
2022-12-15 10:00:00+00:00,603.5,738.25
2022-12-15 11:00:00+00:00,466.5,763.5
2022-12-15 12:00:00+00:00,389.75,875.5
2022-12-15 13:00:00+00:00,357.0,788.25
2022-12-15 14:00:00+00:00,385.25,729.75
2022-12-15 15:00:00+00:00,414.5,671.25
2022-12-15 16:00:00+00:00,517.5,548.75
2022-12-15 17:00:00+00:00,806.5,444.5
2022-12-15 18:00:00+00:00,1027.75,412.0
2022-12-15 19:00:00+00:00,1017.5,417.75
2022-12-15 20:00:00+00:00,1728.5,409.25
2022-12-15 21:00:00+00:00,1937.0,421.0
2022-12-15 22:00:00+00:00,1976.25,470.5
2022-12-15 23:00:00+00:00,1940.0,853.25
2022-12-16 00:00:00+00:00,1570.5,1213.0
2022-12-16 01:00:00+00:00,1353.25,1028.5
2022-12-16 02:00:00+00:00,1237.5,785.0
2022-12-16 03:00:00+00:00,1076.5,689.5
2022-12-16 04:00:00+00:00,991.0,549.5
2022-12-16 05:00:00+00:00,669.5,345.0
2022-12-16 06:00:00+00:00,699.75,290.5
2022-12-16 07:00:00+00:00,317.25,339.25
2022-12-16 08:00:00+00:00,221.25,413.75
2022-12-16 09:00:00+00:00,186.0,357.0
2022-12-16 10:00:00+00:00,90.75,258.75
2022-12-16 11:00:00+00:00,46.5,167.5
2022-12-16 12:00:00+00:00,22.0,74.75
2022-12-16 13:00:00+00:00,9.75,70.0
2022-12-16 14:00:00+00:00,3.5,49.75
2022-12-16 15:00:00+00:00,2.5,33.0
2022-12-16 16:00:00+00:00,2.0,19.25
2022-12-16 17:00:00+00:00,7.25,12.0
2022-12-16 18:00:00+00:00,36.75,19.75
2022-12-16 19:00:00+00:00,77.5,19.75
2022-12-16 20:00:00+00:00,161.75,34.25
2022-12-16 21:00:00+00:00,343.0,53.75
2022-12-16 22:00:00+00:00,510.5,78.75
2022-12-16 23:00:00+00:00,573.25,105.5
2022-12-17 00:00:00+00:00,666.5,146.5
2022-12-17 01:00:00+00:00,688.5,202.5
2022-12-17 02:00:00+00:00,864.75,264.0
2022-12-17 03:00:00+00:00,1011.75,340.5
2022-12-17 04:00:00+00:00,1101.0,405.0
2022-12-17 05:00:00+00:00,1197.0,535.0
2022-12-17 06:00:00+00:00,1354.75,576.75
2022-12-17 07:00:00+00:00,1340.5,660.75
2022-12-17 08:00:00+00:00,1357.25,719.25
2022-12-17 09:00:00+00:00,1458.0,756.0
2022-12-17 10:00:00+00:00,1398.0,708.75
2022-12-17 11:00:00+00:00,1307.25,709.5
2022-12-17 12:00:00+00:00,1309.25,707.75
2022-12-17 13:00:00+00:00,1332.5,726.0
2022-12-17 14:00:00+00:00,1303.0,660.0
2022-12-17 15:00:00+00:00,1226.75,646.75
2022-12-17 16:00:00+00:00,1168.25,693.75
2022-12-17 17:00:00+00:00,1155.75,681.25
2022-12-17 18:00:00+00:00,1136.5,618.25
2022-12-17 19:00:00+00:00,1235.25,564.25
2022-12-17 20:00:00+00:00,1334.25,487.25
2022-12-17 21:00:00+00:00,1348.0,413.0
2022-12-17 22:00:00+00:00,1324.75,398.0
2022-12-17 23:00:00+00:00,1271.75,379.25
2022-12-18 00:00:00+00:00,1232.25,404.5
2022-12-18 01:00:00+00:00,1270.0,401.25
2022-12-18 02:00:00+00:00,1248.75,417.0
2022-12-18 03:00:00+00:00,1114.75,438.25
2022-12-18 04:00:00+00:00,947.0,456.5
2022-12-18 05:00:00+00:00,988.25,433.0
2022-12-18 06:00:00+00:00,1254.5,526.25
2022-12-18 07:00:00+00:00,1325.0,662.25
2022-12-18 08:00:00+00:00,1262.0,789.75
2022-12-18 09:00:00+00:00,1197.5,864.25
2022-12-18 10:00:00+00:00,1137.0,871.25
2022-12-18 11:00:00+00:00,1175.0,757.0
2022-12-18 12:00:00+00:00,1229.75,710.75
2022-12-18 13:00:00+00:00,1687.25,704.25
2022-12-18 14:00:00+00:00,1886.75,937.5
2022-12-18 15:00:00+00:00,2086.0,1111.25
2022-12-18 16:00:00+00:00,1965.5,1302.25
2022-12-18 17:00:00+00:00,2134.5,1265.75
2022-12-18 18:00:00+00:00,2230.5,1171.75
2022-12-18 19:00:00+00:00,2288.25,1260.0
2022-12-18 20:00:00+00:00,2363.25,1175.25
2022-12-18 21:00:00+00:00,2374.75,1111.0
2022-12-18 22:00:00+00:00,2373.25,1177.75
2022-12-18 23:00:00+00:00,2374.0,1262.25
2022-12-19 00:00:00+00:00,2372.75,1263.0
2022-12-19 01:00:00+00:00,2373.25,1324.5
2022-12-19 02:00:00+00:00,2370.25,1431.75
2022-12-19 03:00:00+00:00,2370.0,1572.75
2022-12-19 04:00:00+00:00,2370.25,1691.25
2022-12-19 05:00:00+00:00,2370.25,1742.0
2022-12-19 06:00:00+00:00,2363.0,1849.5
2022-12-19 07:00:00+00:00,2367.5,1951.5
2022-12-19 08:00:00+00:00,2369.0,2073.5
2022-12-19 09:00:00+00:00,2364.75,2169.0
2022-12-19 10:00:00+00:00,2369.0,2200.75
2022-12-19 11:00:00+00:00,2371.25,2223.75
2022-12-19 12:00:00+00:00,2365.75,2187.25
2022-12-19 13:00:00+00:00,2360.25,2226.5
2022-12-19 14:00:00+00:00,2359.25,2232.75
2022-12-19 15:00:00+00:00,2355.5,2249.25
2022-12-19 16:00:00+00:00,2353.75,2309.25
2022-12-19 17:00:00+00:00,2352.5,2319.0
2022-12-19 18:00:00+00:00,2354.0,2322.5
2022-12-19 19:00:00+00:00,2356.25,2318.75
2022-12-19 20:00:00+00:00,2350.5,2354.25
2022-12-19 21:00:00+00:00,2331.75,2336.25
2022-12-19 22:00:00+00:00,2340.75,2276.75
2022-12-19 23:00:00+00:00,2325.75,2245.75
2022-12-20 00:00:00+00:00,2327.0,2286.75
2022-12-20 01:00:00+00:00,2353.25,2307.0
2022-12-20 02:00:00+00:00,2354.25,2295.25
2022-12-20 03:00:00+00:00,2323.5,2268.75
2022-12-20 04:00:00+00:00,2327.25,2263.5
2022-12-20 05:00:00+00:00,2337.0,2249.0
2022-12-20 06:00:00+00:00,2355.0,2185.0
2022-12-20 07:00:00+00:00,2353.0,2273.25
2022-12-20 08:00:00+00:00,2351.0,2274.5
2022-12-20 09:00:00+00:00,2352.0,2256.0
2022-12-20 10:00:00+00:00,2346.75,2252.25
2022-12-20 11:00:00+00:00,2194.5,2178.5
2022-12-20 12:00:00+00:00,1944.75,2019.5
2022-12-20 13:00:00+00:00,1478.5,1854.75
2022-12-20 14:00:00+00:00,956.25,1656.75
2022-12-20 15:00:00+00:00,559.25,1316.0
2022-12-20 16:00:00+00:00,417.5,1094.25
2022-12-20 17:00:00+00:00,332.0,905.0
2022-12-20 18:00:00+00:00,292.25,747.25
2022-12-20 19:00:00+00:00,340.25,521.25
2022-12-20 20:00:00+00:00,277.5,382.0
2022-12-20 21:00:00+00:00,282.0,383.75
2022-12-20 22:00:00+00:00,303.75,416.75
2022-12-20 23:00:00+00:00,266.75,502.25
2022-12-21 00:00:00+00:00,213.25,460.5
2022-12-21 01:00:00+00:00,175.0,327.25
2022-12-21 02:00:00+00:00,216.0,286.0
2022-12-21 03:00:00+00:00,329.25,308.75
2022-12-21 04:00:00+00:00,464.5,355.5
2022-12-21 05:00:00+00:00,585.25,451.25
2022-12-21 06:00:00+00:00,803.25,595.5
2022-12-21 07:00:00+00:00,1115.25,674.75
2022-12-21 08:00:00+00:00,1484.5,898.0
2022-12-21 09:00:00+00:00,1821.0,1088.25
2022-12-21 10:00:00+00:00,2100.25,1158.75
2022-12-21 11:00:00+00:00,2058.75,1448.0
2022-12-21 12:00:00+00:00,2168.5,1570.75
2022-12-21 13:00:00+00:00,2237.75,1591.75
2022-12-21 14:00:00+00:00,1823.25,1633.25
2022-12-21 15:00:00+00:00,1576.75,1590.5
2022-12-21 16:00:00+00:00,1841.25,1645.75
2022-12-21 17:00:00+00:00,2132.0,1615.5
2022-12-21 18:00:00+00:00,2002.25,1580.75
2022-12-21 19:00:00+00:00,1599.75,1413.5
2022-12-21 20:00:00+00:00,1359.75,1178.25
2022-12-21 21:00:00+00:00,1194.25,1129.5
2022-12-21 22:00:00+00:00,1031.75,981.75
2022-12-21 23:00:00+00:00,789.75,820.75
2022-12-22 00:00:00+00:00,578.0,649.75
2022-12-22 01:00:00+00:00,435.75,452.75
2022-12-22 02:00:00+00:00,295.5,310.75
2022-12-22 03:00:00+00:00,244.75,255.75
2022-12-22 04:00:00+00:00,320.0,258.75
2022-12-22 05:00:00+00:00,382.25,284.5
2022-12-22 06:00:00+00:00,482.25,383.75
2022-12-22 07:00:00+00:00,617.75,436.75
2022-12-22 08:00:00+00:00,697.25,583.75
2022-12-22 09:00:00+00:00,890.75,746.0
2022-12-22 10:00:00+00:00,1192.75,938.25
2022-12-22 11:00:00+00:00,1192.0,1243.5
2022-12-22 12:00:00+00:00,1274.75,1177.5
2022-12-22 13:00:00+00:00,1470.25,1245.5
2022-12-22 14:00:00+00:00,1526.5,981.0
2022-12-22 15:00:00+00:00,1656.5,874.25
2022-12-22 16:00:00+00:00,1300.75,941.75
2022-12-22 17:00:00+00:00,1191.75,983.75
2022-12-22 18:00:00+00:00,1477.0,935.25
2022-12-22 19:00:00+00:00,1404.0,835.25
2022-12-22 20:00:00+00:00,1175.0,820.5
2022-12-22 21:00:00+00:00,957.25,816.0
2022-12-22 22:00:00+00:00,867.0,754.25
2022-12-22 23:00:00+00:00,868.5,653.75
2022-12-23 00:00:00+00:00,719.0,661.5
2022-12-23 01:00:00+00:00,635.25,586.5
2022-12-23 02:00:00+00:00,404.75,410.5
2022-12-23 03:00:00+00:00,272.0,259.75
2022-12-23 04:00:00+00:00,180.0,170.5
2022-12-23 05:00:00+00:00,122.75,163.5
2022-12-23 06:00:00+00:00,78.0,167.0
2022-12-23 07:00:00+00:00,26.75,132.25
2022-12-23 08:00:00+00:00,25.5,111.25
2022-12-23 09:00:00+00:00,90.25,188.0
2022-12-23 10:00:00+00:00,150.5,213.5
2022-12-23 11:00:00+00:00,324.5,293.75
2022-12-23 12:00:00+00:00,558.0,395.5
2022-12-23 13:00:00+00:00,479.75,422.25
2022-12-23 14:00:00+00:00,1358.75,607.75
2022-12-23 15:00:00+00:00,1455.5,787.5
2022-12-23 16:00:00+00:00,1484.75,841.0
2022-12-23 17:00:00+00:00,1828.25,864.75
2022-12-23 18:00:00+00:00,1982.0,978.75
2022-12-23 19:00:00+00:00,2069.75,1220.5
2022-12-23 20:00:00+00:00,2114.0,1298.75
2022-12-23 21:00:00+00:00,2091.75,1503.75
2022-12-23 22:00:00+00:00,2000.5,1632.5
2022-12-23 23:00:00+00:00,1986.0,1684.25
2022-12-24 00:00:00+00:00,1955.5,1862.25
2022-12-24 01:00:00+00:00,1816.75,1992.75
2022-12-24 02:00:00+00:00,1844.5,1908.0
2022-12-24 03:00:00+00:00,1849.25,1794.75
2022-12-24 04:00:00+00:00,1797.25,1700.0
2022-12-24 05:00:00+00:00,1730.25,1759.5
2022-12-24 06:00:00+00:00,1565.75,1748.0
2022-12-24 07:00:00+00:00,1583.75,1740.5
2022-12-24 08:00:00+00:00,1575.25,1744.5
2022-12-24 09:00:00+00:00,1321.5,1702.75
2022-12-24 10:00:00+00:00,871.5,1521.5
2022-12-24 11:00:00+00:00,728.25,1375.5
2022-12-24 12:00:00+00:00,821.25,1293.0
2022-12-24 13:00:00+00:00,736.0,1157.5
2022-12-24 14:00:00+00:00,730.75,1094.25
2022-12-24 15:00:00+00:00,845.25,883.75
2022-12-24 16:00:00+00:00,665.0,853.0
2022-12-24 17:00:00+00:00,679.25,905.25
2022-12-24 18:00:00+00:00,831.25,958.0
2022-12-24 19:00:00+00:00,844.0,1146.25
2022-12-24 20:00:00+00:00,1187.25,1207.75
2022-12-24 21:00:00+00:00,1456.25,1284.25
2022-12-24 22:00:00+00:00,1156.5,1397.5
2022-12-24 23:00:00+00:00,1224.25,1381.25
2022-12-25 00:00:00+00:00,1279.75,1269.25
2022-12-25 01:00:00+00:00,1352.5,1262.5
2022-12-25 02:00:00+00:00,1373.0,1184.0
2022-12-25 03:00:00+00:00,1400.5,1131.75
2022-12-25 04:00:00+00:00,1485.25,1205.0
2022-12-25 05:00:00+00:00,1304.0,1132.25
2022-12-25 06:00:00+00:00,1038.25,928.25
2022-12-25 07:00:00+00:00,919.0,777.75
2022-12-25 08:00:00+00:00,1033.5,856.25
2022-12-25 09:00:00+00:00,1067.5,820.5
2022-12-25 10:00:00+00:00,954.0,803.75
2022-12-25 11:00:00+00:00,836.5,643.5
2022-12-25 12:00:00+00:00,661.0,385.0
2022-12-25 13:00:00+00:00,511.25,382.5
2022-12-25 14:00:00+00:00,483.25,491.0
2022-12-25 15:00:00+00:00,442.25,381.25
2022-12-25 16:00:00+00:00,455.75,167.75
2022-12-25 17:00:00+00:00,385.25,121.75
2022-12-25 18:00:00+00:00,393.0,154.0
2022-12-25 19:00:00+00:00,578.5,211.75
2022-12-25 20:00:00+00:00,738.0,260.0
2022-12-25 21:00:00+00:00,768.5,334.75
2022-12-25 22:00:00+00:00,1021.0,464.75
2022-12-25 23:00:00+00:00,949.25,598.0
2022-12-26 00:00:00+00:00,1425.75,862.5
2022-12-26 01:00:00+00:00,1899.25,1284.5
2022-12-26 02:00:00+00:00,2166.0,1480.5
2022-12-26 03:00:00+00:00,2302.75,1694.0
2022-12-26 04:00:00+00:00,2352.25,1919.0
2022-12-26 05:00:00+00:00,2336.75,2009.0
2022-12-26 06:00:00+00:00,2315.75,2096.75
2022-12-26 07:00:00+00:00,2355.25,2149.5
2022-12-26 08:00:00+00:00,2295.75,2138.5
2022-12-26 09:00:00+00:00,2187.75,2112.75
2022-12-26 10:00:00+00:00,1776.0,1770.75
2022-12-26 11:00:00+00:00,1570.75,1435.5
2022-12-26 12:00:00+00:00,1551.0,1317.0
2022-12-26 13:00:00+00:00,1696.25,1335.25
2022-12-26 14:00:00+00:00,1649.25,1223.75
2022-12-26 15:00:00+00:00,1708.75,1167.25
2022-12-26 16:00:00+00:00,2049.75,1325.0
2022-12-26 17:00:00+00:00,2334.0,1427.5
2022-12-26 18:00:00+00:00,2353.75,1603.0
2022-12-26 19:00:00+00:00,2369.75,1689.5
2022-12-26 20:00:00+00:00,2343.5,1655.75
2022-12-26 21:00:00+00:00,2335.75,1671.5
2022-12-26 22:00:00+00:00,2179.5,1760.0
2022-12-26 23:00:00+00:00,2242.75,1778.25
2022-12-27 00:00:00+00:00,2238.5,1777.5
2022-12-27 01:00:00+00:00,2263.25,1743.5
2022-12-27 02:00:00+00:00,2095.75,1635.75
2022-12-27 03:00:00+00:00,2094.25,1558.25
2022-12-27 04:00:00+00:00,1793.0,1413.0
2022-12-27 05:00:00+00:00,1610.5,1442.5
2022-12-27 06:00:00+00:00,1332.5,1340.5
2022-12-27 07:00:00+00:00,1148.5,1295.0
2022-12-27 08:00:00+00:00,1133.5,1222.25
2022-12-27 09:00:00+00:00,1228.5,1147.25
2022-12-27 10:00:00+00:00,1291.25,1242.0
2022-12-27 11:00:00+00:00,1368.5,1195.5
2022-12-27 12:00:00+00:00,1542.75,1131.25
2022-12-27 13:00:00+00:00,1972.5,1215.25
2022-12-27 14:00:00+00:00,2232.25,1259.0
2022-12-27 15:00:00+00:00,2310.25,1454.75
2022-12-27 16:00:00+00:00,2409.0,1618.0
2022-12-27 17:00:00+00:00,2397.0,1912.75
2022-12-27 18:00:00+00:00,2416.25,2122.5
2022-12-27 19:00:00+00:00,2417.75,2176.25
2022-12-27 20:00:00+00:00,2370.25,2164.25
2022-12-27 21:00:00+00:00,2352.25,2277.0
2022-12-27 22:00:00+00:00,2379.25,2186.25
2022-12-27 23:00:00+00:00,2355.25,2093.0
2022-12-28 00:00:00+00:00,2290.0,2027.5
2022-12-28 01:00:00+00:00,2275.5,2090.25
2022-12-28 02:00:00+00:00,2218.0,2123.25
2022-12-28 03:00:00+00:00,2250.5,2074.0
2022-12-28 04:00:00+00:00,2361.25,2181.0
2022-12-28 05:00:00+00:00,2306.5,2066.0
2022-12-28 06:00:00+00:00,2279.75,2118.5
2022-12-28 07:00:00+00:00,2336.25,2186.75
2022-12-28 08:00:00+00:00,2338.5,2248.0
2022-12-28 09:00:00+00:00,2291.0,2183.5
2022-12-28 10:00:00+00:00,2278.75,2192.5
2022-12-28 11:00:00+00:00,2276.75,2207.5
2022-12-28 12:00:00+00:00,2354.0,2194.5
2022-12-28 13:00:00+00:00,2351.25,2168.75
2022-12-28 14:00:00+00:00,2394.5,2263.25
2022-12-28 15:00:00+00:00,2393.75,2283.75
2022-12-28 16:00:00+00:00,2393.0,2308.75
2022-12-28 17:00:00+00:00,2395.0,2327.75
2022-12-28 18:00:00+00:00,2391.5,2351.0
2022-12-28 19:00:00+00:00,2389.5,2339.75
2022-12-28 20:00:00+00:00,2393.25,2306.5
2022-12-28 21:00:00+00:00,2381.5,2276.0
2022-12-28 22:00:00+00:00,2380.0,2117.5
2022-12-28 23:00:00+00:00,1570.25,2012.25
2022-12-29 00:00:00+00:00,1513.25,1942.5
2022-12-29 01:00:00+00:00,1656.5,1909.25
2022-12-29 02:00:00+00:00,1659.75,1966.75
2022-12-29 03:00:00+00:00,1657.25,1867.5
2022-12-29 04:00:00+00:00,1652.5,1879.25
2022-12-29 05:00:00+00:00,1532.25,1936.5
2022-12-29 06:00:00+00:00,2345.5,2066.75
2022-12-29 07:00:00+00:00,2360.25,2225.25
2022-12-29 08:00:00+00:00,2392.75,2212.75
2022-12-29 09:00:00+00:00,2387.25,2267.0
2022-12-29 10:00:00+00:00,2357.0,2277.0
2022-12-29 11:00:00+00:00,2333.75,2200.25
2022-12-29 12:00:00+00:00,2291.0,2097.5
2022-12-29 13:00:00+00:00,2322.25,2226.0
2022-12-29 14:00:00+00:00,2363.0,2160.5
2022-12-29 15:00:00+00:00,2360.75,2133.0
2022-12-29 16:00:00+00:00,2374.0,2202.25
2022-12-29 17:00:00+00:00,2355.25,2222.25
2022-12-29 18:00:00+00:00,2349.75,2239.5
2022-12-29 19:00:00+00:00,2351.25,2184.5
2022-12-29 20:00:00+00:00,2371.75,2142.0
2022-12-29 21:00:00+00:00,2375.25,2143.75
2022-12-29 22:00:00+00:00,2285.0,2077.25
2022-12-29 23:00:00+00:00,2143.25,1865.0
2022-12-30 00:00:00+00:00,2017.25,1713.5
2022-12-30 01:00:00+00:00,1841.0,1697.75
2022-12-30 02:00:00+00:00,1923.5,1648.75
2022-12-30 03:00:00+00:00,2102.25,1621.5
2022-12-30 04:00:00+00:00,2156.0,1639.75
2022-12-30 05:00:00+00:00,2145.0,1723.0
2022-12-30 06:00:00+00:00,2247.5,1736.5
2022-12-30 07:00:00+00:00,2313.25,1844.0
2022-12-30 08:00:00+00:00,2350.5,2058.0
2022-12-30 09:00:00+00:00,2372.25,2102.0
2022-12-30 10:00:00+00:00,2380.25,2203.25
2022-12-30 11:00:00+00:00,2382.25,2266.5
2022-12-30 12:00:00+00:00,2354.75,2253.25
2022-12-30 13:00:00+00:00,2368.25,2320.5
2022-12-30 14:00:00+00:00,2371.75,2329.25
2022-12-30 15:00:00+00:00,2365.75,2286.0
2022-12-30 16:00:00+00:00,2360.75,2296.0
2022-12-30 17:00:00+00:00,2340.25,2291.25
2022-12-30 18:00:00+00:00,2338.25,2316.0
2022-12-30 19:00:00+00:00,2299.5,2291.25
2022-12-30 20:00:00+00:00,2303.0,2159.75
2022-12-30 21:00:00+00:00,2288.75,2133.5
2022-12-30 22:00:00+00:00,2296.75,2047.25
2022-12-30 23:00:00+00:00,2175.75,1733.0
2022-12-31 00:00:00+00:00,2159.5,1656.5
2022-12-31 01:00:00+00:00,2135.0,1475.75
2022-12-31 02:00:00+00:00,1963.0,1284.25
2022-12-31 03:00:00+00:00,1756.75,1279.5
2022-12-31 04:00:00+00:00,2014.5,1201.75
2022-12-31 05:00:00+00:00,1944.5,1405.75
2022-12-31 06:00:00+00:00,1908.0,1511.0
2022-12-31 07:00:00+00:00,2179.5,1781.75
2022-12-31 08:00:00+00:00,2211.0,1902.5
2022-12-31 09:00:00+00:00,2047.0,2041.25
2022-12-31 10:00:00+00:00,2192.75,2047.5
2022-12-31 11:00:00+00:00,2227.25,2190.5
2022-12-31 12:00:00+00:00,2224.75,2207.75
2022-12-31 13:00:00+00:00,2225.25,2221.5
2022-12-31 14:00:00+00:00,2194.25,2286.5
2022-12-31 15:00:00+00:00,2211.25,2309.0
2022-12-31 16:00:00+00:00,2266.5,2210.0
2022-12-31 17:00:00+00:00,2223.0,2108.0
2022-12-31 18:00:00+00:00,2286.5,2120.5
2022-12-31 19:00:00+00:00,2226.25,2042.25
2022-12-31 20:00:00+00:00,2223.25,2065.25
2022-12-31 21:00:00+00:00,2145.5,2106.0
2022-12-31 22:00:00+00:00,2094.75,2008.25
