Timestamp (UTC),Wind_Offshore_MW,Wind_Onshore_MW
2016-12-31 23:00:00+00:00,205.75,394.25
2017-01-01 00:00:00+00:00,208.25,387.75
2017-01-01 01:00:00+00:00,219.0,381.75
2017-01-01 02:00:00+00:00,221.25,396.25
2017-01-01 03:00:00+00:00,223.0,413.25
2017-01-01 04:00:00+00:00,222.0,413.5
2017-01-01 05:00:00+00:00,222.75,369.5
2017-01-01 06:00:00+00:00,222.75,348.75
2017-01-01 07:00:00+00:00,223.5,362.75
2017-01-01 08:00:00+00:00,222.25,334.25
2017-01-01 09:00:00+00:00,217.75,301.5
2017-01-01 10:00:00+00:00,213.0,264.75
2017-01-01 11:00:00+00:00,215.25,250.25
2017-01-01 12:00:00+00:00,214.75,268.75
2017-01-01 13:00:00+00:00,211.25,263.0
2017-01-01 14:00:00+00:00,218.5,253.75
2017-01-01 15:00:00+00:00,219.5,250.75
2017-01-01 16:00:00+00:00,212.5,257.25
2017-01-01 17:00:00+00:00,127.25,259.25
2017-01-01 18:00:00+00:00,87.25,227.0
2017-01-01 19:00:00+00:00,58.5,117.5
2017-01-01 20:00:00+00:00,45.5,33.25
2017-01-01 21:00:00+00:00,76.5,18.0
2017-01-01 22:00:00+00:00,72.0,16.5
2017-01-01 23:00:00+00:00,118.5,78.5
2017-01-02 00:00:00+00:00,158.75,168.5
2017-01-02 01:00:00+00:00,137.5,200.0
2017-01-02 02:00:00+00:00,210.5,232.25
2017-01-02 03:00:00+00:00,205.5,278.0
2017-01-02 04:00:00+00:00,194.75,273.75
2017-01-02 05:00:00+00:00,198.75,274.75
2017-01-02 06:00:00+00:00,205.5,291.25
2017-01-02 07:00:00+00:00,212.0,330.5
2017-01-02 08:00:00+00:00,167.0,321.25
2017-01-02 09:00:00+00:00,164.5,211.5
2017-01-02 10:00:00+00:00,128.5,242.25
2017-01-02 11:00:00+00:00,177.75,263.5
2017-01-02 12:00:00+00:00,162.25,250.0
2017-01-02 13:00:00+00:00,152.5,226.5
2017-01-02 14:00:00+00:00,160.5,239.5
2017-01-02 15:00:00+00:00,187.5,200.25
2017-01-02 16:00:00+00:00,184.75,158.25
2017-01-02 17:00:00+00:00,153.25,144.5
2017-01-02 18:00:00+00:00,157.0,236.5
2017-01-02 19:00:00+00:00,116.25,178.25
2017-01-02 20:00:00+00:00,104.75,208.25
2017-01-02 21:00:00+00:00,108.0,228.25
2017-01-02 22:00:00+00:00,100.25,248.0
2017-01-02 23:00:00+00:00,157.0,314.0
2017-01-03 00:00:00+00:00,169.75,310.75
2017-01-03 01:00:00+00:00,192.0,333.5
2017-01-03 02:00:00+00:00,183.75,264.0
2017-01-03 03:00:00+00:00,165.75,289.0
2017-01-03 04:00:00+00:00,191.0,283.25
2017-01-03 05:00:00+00:00,203.5,349.25
2017-01-03 06:00:00+00:00,204.25,449.25
2017-01-03 07:00:00+00:00,208.75,454.5
2017-01-03 08:00:00+00:00,198.5,456.75
2017-01-03 09:00:00+00:00,213.5,462.0
2017-01-03 10:00:00+00:00,209.0,476.25
2017-01-03 11:00:00+00:00,211.25,506.75
2017-01-03 12:00:00+00:00,213.75,518.0
2017-01-03 13:00:00+00:00,215.5,549.5
2017-01-03 14:00:00+00:00,216.0,587.75
2017-01-03 15:00:00+00:00,220.0,607.25
2017-01-03 16:00:00+00:00,220.75,623.25
2017-01-03 17:00:00+00:00,219.75,613.25
2017-01-03 18:00:00+00:00,220.5,599.0
2017-01-03 19:00:00+00:00,221.0,615.5
2017-01-03 20:00:00+00:00,220.5,614.25
2017-01-03 21:00:00+00:00,220.5,607.0
2017-01-03 22:00:00+00:00,221.0,601.25
2017-01-03 23:00:00+00:00,221.0,614.0
2017-01-04 00:00:00+00:00,220.75,630.0
2017-01-04 01:00:00+00:00,220.5,625.0
2017-01-04 02:00:00+00:00,221.0,627.75
2017-01-04 03:00:00+00:00,218.25,609.5
2017-01-04 04:00:00+00:00,212.5,587.25
2017-01-04 05:00:00+00:00,215.25,599.5
2017-01-04 06:00:00+00:00,220.75,591.5
2017-01-04 07:00:00+00:00,217.25,579.75
2017-01-04 08:00:00+00:00,218.5,593.5
2017-01-04 09:00:00+00:00,223.0,582.5
2017-01-04 10:00:00+00:00,223.0,586.25
2017-01-04 11:00:00+00:00,224.0,609.0
2017-01-04 12:00:00+00:00,224.0,624.75
2017-01-04 13:00:00+00:00,224.0,593.25
2017-01-04 14:00:00+00:00,222.5,572.0
2017-01-04 15:00:00+00:00,215.5,546.5
2017-01-04 16:00:00+00:00,221.0,520.25
2017-01-04 17:00:00+00:00,221.0,512.5
2017-01-04 18:00:00+00:00,220.75,515.5
2017-01-04 19:00:00+00:00,217.5,417.25
2017-01-04 20:00:00+00:00,212.5,242.75
2017-01-04 21:00:00+00:00,180.75,303.75
2017-01-04 22:00:00+00:00,216.25,314.5
2017-01-04 23:00:00+00:00,207.25,358.75
2017-01-05 00:00:00+00:00,217.5,278.75
2017-01-05 01:00:00+00:00,211.5,184.5
2017-01-05 02:00:00+00:00,207.0,194.0
2017-01-05 03:00:00+00:00,189.75,178.25
2017-01-05 04:00:00+00:00,157.5,118.25
2017-01-05 05:00:00+00:00,129.25,84.0
2017-01-05 06:00:00+00:00,136.25,88.25
2017-01-05 07:00:00+00:00,69.0,93.5
2017-01-05 08:00:00+00:00,36.5,110.25
2017-01-05 09:00:00+00:00,34.0,134.5
2017-01-05 10:00:00+00:00,35.25,78.25
2017-01-05 11:00:00+00:00,29.5,50.25
2017-01-05 12:00:00+00:00,21.0,61.75
2017-01-05 13:00:00+00:00,20.5,60.75
2017-01-05 14:00:00+00:00,20.5,61.75
2017-01-05 15:00:00+00:00,30.75,81.25
2017-01-05 16:00:00+00:00,33.25,83.5
2017-01-05 17:00:00+00:00,38.25,92.5
2017-01-05 18:00:00+00:00,29.0,81.0
2017-01-05 19:00:00+00:00,13.75,90.0
2017-01-05 20:00:00+00:00,12.5,68.5
2017-01-05 21:00:00+00:00,24.75,42.25
2017-01-05 22:00:00+00:00,38.25,44.75
2017-01-05 23:00:00+00:00,48.5,93.25
2017-01-06 00:00:00+00:00,68.75,67.5
2017-01-06 01:00:00+00:00,53.25,68.0
2017-01-06 02:00:00+00:00,38.0,42.75
2017-01-06 03:00:00+00:00,26.0,41.5
2017-01-06 04:00:00+00:00,21.0,54.5
2017-01-06 05:00:00+00:00,31.75,33.0
2017-01-06 06:00:00+00:00,42.25,43.75
2017-01-06 07:00:00+00:00,46.25,72.0
2017-01-06 08:00:00+00:00,51.5,45.25
2017-01-06 09:00:00+00:00,81.75,51.0
2017-01-06 10:00:00+00:00,106.25,59.25
2017-01-06 11:00:00+00:00,91.0,51.75
2017-01-06 12:00:00+00:00,97.0,64.5
2017-01-06 13:00:00+00:00,94.5,64.0
2017-01-06 14:00:00+00:00,107.25,61.75
2017-01-06 15:00:00+00:00,113.0,84.25
2017-01-06 16:00:00+00:00,138.25,135.5
2017-01-06 17:00:00+00:00,169.0,192.0
2017-01-06 18:00:00+00:00,198.25,204.0
2017-01-06 19:00:00+00:00,213.75,231.0
2017-01-06 20:00:00+00:00,216.0,233.0
2017-01-06 21:00:00+00:00,211.25,249.75
2017-01-06 22:00:00+00:00,215.25,220.75
2017-01-06 23:00:00+00:00,210.0,193.25
2017-01-07 00:00:00+00:00,215.0,231.25
2017-01-07 01:00:00+00:00,219.5,292.25
2017-01-07 02:00:00+00:00,219.75,315.75
2017-01-07 03:00:00+00:00,220.25,237.0
2017-01-07 04:00:00+00:00,218.0,199.5
2017-01-07 05:00:00+00:00,217.0,134.0
2017-01-07 06:00:00+00:00,211.0,90.75
2017-01-07 07:00:00+00:00,205.0,87.0
2017-01-07 08:00:00+00:00,177.0,84.25
2017-01-07 09:00:00+00:00,52.0,68.5
2017-01-07 10:00:00+00:00,11.5,71.5
2017-01-07 11:00:00+00:00,8.25,59.75
2017-01-07 12:00:00+00:00,27.5,82.5
2017-01-07 13:00:00+00:00,53.25,90.75
2017-01-07 14:00:00+00:00,64.75,126.0
2017-01-07 15:00:00+00:00,75.75,106.75
2017-01-07 16:00:00+00:00,72.75,73.0
2017-01-07 17:00:00+00:00,57.75,105.75
2017-01-07 18:00:00+00:00,87.25,145.0
2017-01-07 19:00:00+00:00,71.5,200.75
2017-01-07 20:00:00+00:00,56.5,244.0
2017-01-07 21:00:00+00:00,71.5,222.25
2017-01-07 22:00:00+00:00,73.0,206.5
2017-01-07 23:00:00+00:00,46.5,182.25
2017-01-08 00:00:00+00:00,32.75,145.25
2017-01-08 01:00:00+00:00,32.75,93.75
2017-01-08 02:00:00+00:00,38.25,108.0
2017-01-08 03:00:00+00:00,30.75,107.0
2017-01-08 04:00:00+00:00,32.25,80.25
2017-01-08 05:00:00+00:00,33.75,53.5
2017-01-08 06:00:00+00:00,20.0,50.75
2017-01-08 07:00:00+00:00,9.5,53.25
2017-01-08 08:00:00+00:00,7.5,35.75
2017-01-08 09:00:00+00:00,15.5,27.75
2017-01-08 10:00:00+00:00,5.25,23.0
2017-01-08 11:00:00+00:00,1.0,22.25
2017-01-08 12:00:00+00:00,0.0,16.0
2017-01-08 13:00:00+00:00,0.0,4.5
2017-01-08 14:00:00+00:00,0.0,11.0
2017-01-08 15:00:00+00:00,0.0,7.5
2017-01-08 16:00:00+00:00,0.0,7.25
2017-01-08 17:00:00+00:00,0.0,4.0
2017-01-08 18:00:00+00:00,0.0,6.25
2017-01-08 19:00:00+00:00,0.0,3.5
2017-01-08 20:00:00+00:00,0.25,13.5
2017-01-08 21:00:00+00:00,3.5,18.75
2017-01-08 22:00:00+00:00,6.75,18.25
2017-01-08 23:00:00+00:00,13.0,32.75
2017-01-09 00:00:00+00:00,10.0,44.5
2017-01-09 01:00:00+00:00,10.25,30.25
2017-01-09 02:00:00+00:00,17.25,37.0
2017-01-09 03:00:00+00:00,24.5,47.0
2017-01-09 04:00:00+00:00,36.75,72.0
2017-01-09 05:00:00+00:00,48.0,113.75
2017-01-09 06:00:00+00:00,59.25,92.0
2017-01-09 07:00:00+00:00,89.75,109.75
2017-01-09 08:00:00+00:00,126.0,144.5
2017-01-09 09:00:00+00:00,151.0,140.25
2017-01-09 10:00:00+00:00,179.25,155.25
2017-01-09 11:00:00+00:00,195.5,195.5
2017-01-09 12:00:00+00:00,213.25,257.25
2017-01-09 13:00:00+00:00,220.75,257.25
2017-01-09 14:00:00+00:00,219.5,296.25
2017-01-09 15:00:00+00:00,219.0,311.5
2017-01-09 16:00:00+00:00,217.0,371.0
2017-01-09 17:00:00+00:00,219.0,431.75
2017-01-09 18:00:00+00:00,220.25,469.5
2017-01-09 19:00:00+00:00,217.5,494.25
2017-01-09 20:00:00+00:00,211.25,499.5
2017-01-09 21:00:00+00:00,209.75,498.25
2017-01-09 22:00:00+00:00,188.75,504.25
2017-01-09 23:00:00+00:00,52.25,471.5
2017-01-10 00:00:00+00:00,83.75,465.5
2017-01-10 01:00:00+00:00,156.25,421.75
2017-01-10 02:00:00+00:00,156.75,191.75
2017-01-10 03:00:00+00:00,124.0,128.5
2017-01-10 04:00:00+00:00,122.5,98.5
2017-01-10 05:00:00+00:00,127.5,85.5
2017-01-10 06:00:00+00:00,84.5,85.75
2017-01-10 07:00:00+00:00,88.5,59.0
2017-01-10 08:00:00+00:00,35.25,44.25
2017-01-10 09:00:00+00:00,24.5,62.0
2017-01-10 10:00:00+00:00,19.75,130.0
2017-01-10 11:00:00+00:00,26.0,75.75
2017-01-10 12:00:00+00:00,39.0,74.75
2017-01-10 13:00:00+00:00,29.0,84.25
2017-01-10 14:00:00+00:00,30.25,98.25
2017-01-10 15:00:00+00:00,21.75,101.0
2017-01-10 16:00:00+00:00,14.5,147.75
2017-01-10 17:00:00+00:00,13.5,222.25
2017-01-10 18:00:00+00:00,27.0,246.5
2017-01-10 19:00:00+00:00,47.0,221.25
2017-01-10 20:00:00+00:00,53.0,315.5
2017-01-10 21:00:00+00:00,56.75,306.0
2017-01-10 22:00:00+00:00,55.0,329.25
2017-01-10 23:00:00+00:00,79.5,373.75
2017-01-11 00:00:00+00:00,153.75,380.5
2017-01-11 01:00:00+00:00,194.25,359.0
2017-01-11 02:00:00+00:00,211.5,403.75
2017-01-11 03:00:00+00:00,214.5,493.0
2017-01-11 04:00:00+00:00,216.0,553.75
2017-01-11 05:00:00+00:00,216.0,565.5
2017-01-11 06:00:00+00:00,218.0,597.25
2017-01-11 07:00:00+00:00,219.0,604.0
2017-01-11 08:00:00+00:00,219.0,626.5
2017-01-11 09:00:00+00:00,219.0,631.75
2017-01-11 10:00:00+00:00,218.5,628.75
2017-01-11 11:00:00+00:00,218.25,629.75
2017-01-11 12:00:00+00:00,218.0,641.0
2017-01-11 13:00:00+00:00,218.0,633.5
2017-01-11 14:00:00+00:00,216.75,633.25
2017-01-11 15:00:00+00:00,217.5,641.25
2017-01-11 16:00:00+00:00,216.0,645.25
2017-01-11 17:00:00+00:00,217.75,647.25
2017-01-11 18:00:00+00:00,218.0,636.25
2017-01-11 19:00:00+00:00,218.25,645.0
2017-01-11 20:00:00+00:00,217.25,642.75
2017-01-11 21:00:00+00:00,216.5,639.0
2017-01-11 22:00:00+00:00,217.5,586.0
2017-01-11 23:00:00+00:00,218.5,631.0
2017-01-12 00:00:00+00:00,218.75,635.75
2017-01-12 01:00:00+00:00,219.0,635.25
2017-01-12 02:00:00+00:00,219.0,621.0
2017-01-12 03:00:00+00:00,219.0,609.75
2017-01-12 04:00:00+00:00,218.75,602.5
2017-01-12 05:00:00+00:00,218.0,584.25
2017-01-12 06:00:00+00:00,218.25,581.5
2017-01-12 07:00:00+00:00,217.0,583.0
2017-01-12 08:00:00+00:00,214.75,553.75
2017-01-12 09:00:00+00:00,214.0,528.75
2017-01-12 10:00:00+00:00,213.75,553.25
2017-01-12 11:00:00+00:00,210.5,537.75
2017-01-12 12:00:00+00:00,196.0,457.5
2017-01-12 13:00:00+00:00,160.75,405.5
2017-01-12 14:00:00+00:00,70.75,327.25
2017-01-12 15:00:00+00:00,110.5,167.25
2017-01-12 16:00:00+00:00,87.25,77.0
2017-01-12 17:00:00+00:00,28.25,72.25
2017-01-12 18:00:00+00:00,10.75,85.75
2017-01-12 19:00:00+00:00,6.75,58.5
2017-01-12 20:00:00+00:00,14.0,69.0
2017-01-12 21:00:00+00:00,113.25,48.5
2017-01-12 22:00:00+00:00,195.25,53.5
2017-01-12 23:00:00+00:00,217.25,166.75
2017-01-13 00:00:00+00:00,218.0,299.25
2017-01-13 01:00:00+00:00,215.75,385.5
2017-01-13 02:00:00+00:00,216.0,407.5
2017-01-13 03:00:00+00:00,215.0,349.5
2017-01-13 04:00:00+00:00,209.75,289.0
2017-01-13 05:00:00+00:00,212.0,245.0
2017-01-13 06:00:00+00:00,210.25,303.75
2017-01-13 07:00:00+00:00,190.25,261.5
2017-01-13 08:00:00+00:00,182.25,253.75
2017-01-13 09:00:00+00:00,220.75,228.75
2017-01-13 10:00:00+00:00,214.75,295.75
2017-01-13 11:00:00+00:00,206.0,396.0
2017-01-13 12:00:00+00:00,202.5,435.5
2017-01-13 13:00:00+00:00,194.5,441.5
2017-01-13 14:00:00+00:00,173.5,412.75
2017-01-13 15:00:00+00:00,193.75,518.25
2017-01-13 16:00:00+00:00,209.75,500.75
2017-01-13 17:00:00+00:00,195.5,460.0
2017-01-13 18:00:00+00:00,193.75,586.0
2017-01-13 19:00:00+00:00,194.75,623.75
2017-01-13 20:00:00+00:00,207.25,623.25
2017-01-13 21:00:00+00:00,211.75,611.0
2017-01-13 22:00:00+00:00,213.0,574.0
2017-01-13 23:00:00+00:00,213.0,597.75
2017-01-14 00:00:00+00:00,213.0,582.25
2017-01-14 01:00:00+00:00,201.5,590.25
2017-01-14 02:00:00+00:00,210.0,554.0
2017-01-14 03:00:00+00:00,205.75,559.75
2017-01-14 04:00:00+00:00,208.25,527.5
2017-01-14 05:00:00+00:00,201.0,417.25
2017-01-14 06:00:00+00:00,179.5,452.0
2017-01-14 07:00:00+00:00,200.0,381.25
2017-01-14 08:00:00+00:00,201.0,260.25
2017-01-14 09:00:00+00:00,193.75,306.75
2017-01-14 10:00:00+00:00,169.75,279.25
2017-01-14 11:00:00+00:00,198.25,254.25
2017-01-14 12:00:00+00:00,210.25,150.25
2017-01-14 13:00:00+00:00,212.0,284.0
2017-01-14 14:00:00+00:00,211.75,368.75
2017-01-14 15:00:00+00:00,210.75,412.0
2017-01-14 16:00:00+00:00,206.0,437.0
2017-01-14 17:00:00+00:00,202.25,293.25
2017-01-14 18:00:00+00:00,192.5,355.25
2017-01-14 19:00:00+00:00,183.5,239.25
2017-01-14 20:00:00+00:00,184.25,277.0
2017-01-14 21:00:00+00:00,197.5,188.25
2017-01-14 22:00:00+00:00,161.25,249.0
2017-01-14 23:00:00+00:00,176.75,233.75
2017-01-15 00:00:00+00:00,155.0,223.75
2017-01-15 01:00:00+00:00,160.25,186.0
2017-01-15 02:00:00+00:00,156.75,180.0
2017-01-15 03:00:00+00:00,146.0,157.25
2017-01-15 04:00:00+00:00,78.25,178.0
2017-01-15 05:00:00+00:00,110.75,180.75
2017-01-15 06:00:00+00:00,47.0,135.25
2017-01-15 07:00:00+00:00,65.75,124.25
2017-01-15 08:00:00+00:00,26.25,150.25
2017-01-15 09:00:00+00:00,11.5,94.5
2017-01-15 10:00:00+00:00,5.75,56.75
2017-01-15 11:00:00+00:00,6.75,25.0
2017-01-15 12:00:00+00:00,6.0,31.0
2017-01-15 13:00:00+00:00,0.25,29.5
2017-01-15 14:00:00+00:00,1.0,6.75
2017-01-15 15:00:00+00:00,0.0,12.5
2017-01-15 16:00:00+00:00,1.25,13.25
2017-01-15 17:00:00+00:00,1.5,15.0
2017-01-15 18:00:00+00:00,0.25,5.25
2017-01-15 19:00:00+00:00,5.5,6.5
2017-01-15 20:00:00+00:00,2.5,2.0
2017-01-15 21:00:00+00:00,6.0,9.75
2017-01-15 22:00:00+00:00,3.0,2.5
2017-01-15 23:00:00+00:00,6.75,10.75
2017-01-16 00:00:00+00:00,2.25,9.25
2017-01-16 01:00:00+00:00,1.75,20.5
2017-01-16 02:00:00+00:00,2.5,19.25
2017-01-16 03:00:00+00:00,3.75,39.0
2017-01-16 04:00:00+00:00,11.25,19.25
2017-01-16 05:00:00+00:00,16.75,42.5
2017-01-16 06:00:00+00:00,50.0,37.75
2017-01-16 07:00:00+00:00,12.5,52.5
2017-01-16 08:00:00+00:00,8.0,37.25
2017-01-16 09:00:00+00:00,8.25,24.0
2017-01-16 10:00:00+00:00,14.25,13.5
2017-01-16 11:00:00+00:00,17.75,4.25
2017-01-16 12:00:00+00:00,15.75,0.75
2017-01-16 13:00:00+00:00,15.0,1.0
2017-01-16 14:00:00+00:00,10.0,0.5
2017-01-16 15:00:00+00:00,10.75,2.25
2017-01-16 16:00:00+00:00,20.5,4.0
2017-01-16 17:00:00+00:00,21.0,2.25
2017-01-16 18:00:00+00:00,18.0,1.0
2017-01-16 19:00:00+00:00,9.75,0.5
2017-01-16 20:00:00+00:00,6.25,1.0
2017-01-16 21:00:00+00:00,11.0,0.75
2017-01-16 22:00:00+00:00,6.25,1.0
2017-01-16 23:00:00+00:00,3.25,0.0
2017-01-17 00:00:00+00:00,7.25,0.25
2017-01-17 01:00:00+00:00,7.25,0.75
2017-01-17 02:00:00+00:00,8.0,0.25
2017-01-17 03:00:00+00:00,0.5,0.0
2017-01-17 04:00:00+00:00,2.5,0.0
2017-01-17 05:00:00+00:00,3.5,0.0
2017-01-17 06:00:00+00:00,7.5,0.0
2017-01-17 07:00:00+00:00,13.75,0.0
2017-01-17 08:00:00+00:00,14.0,0.5
2017-01-17 09:00:00+00:00,9.5,0.5
2017-01-17 10:00:00+00:00,8.5,0.25
2017-01-17 11:00:00+00:00,4.25,0.0
2017-01-17 12:00:00+00:00,9.5,0.0
2017-01-17 13:00:00+00:00,4.25,0.75
2017-01-17 14:00:00+00:00,0.75,0.75
2017-01-17 15:00:00+00:00,0.0,0.5
2017-01-17 16:00:00+00:00,0.0,1.0
2017-01-17 17:00:00+00:00,0.5,1.25
2017-01-17 18:00:00+00:00,0.25,1.25
2017-01-17 19:00:00+00:00,0.0,1.25
2017-01-17 20:00:00+00:00,6.0,3.25
2017-01-17 21:00:00+00:00,8.75,4.25
2017-01-17 22:00:00+00:00,6.5,5.5
2017-01-17 23:00:00+00:00,5.5,8.5
2017-01-18 00:00:00+00:00,0.25,7.0
2017-01-18 01:00:00+00:00,0.0,8.5
2017-01-18 02:00:00+00:00,0.0,9.25
2017-01-18 03:00:00+00:00,1.75,8.0
2017-01-18 04:00:00+00:00,3.25,8.25
2017-01-18 05:00:00+00:00,6.5,7.5
2017-01-18 06:00:00+00:00,15.25,5.5
2017-01-18 07:00:00+00:00,10.5,8.0
2017-01-18 08:00:00+00:00,5.75,7.0
2017-01-18 09:00:00+00:00,0.25,10.5
2017-01-18 10:00:00+00:00,2.75,6.75
2017-01-18 11:00:00+00:00,1.5,6.25
2017-01-18 12:00:00+00:00,0.0,3.25
2017-01-18 13:00:00+00:00,0.5,2.25
2017-01-18 14:00:00+00:00,0.0,3.25
2017-01-18 15:00:00+00:00,0.0,4.5
2017-01-18 16:00:00+00:00,0.0,4.0
2017-01-18 17:00:00+00:00,0.0,5.25
2017-01-18 18:00:00+00:00,0.0,6.75
2017-01-18 19:00:00+00:00,0.0,7.25
2017-01-18 20:00:00+00:00,0.0,6.0
2017-01-18 21:00:00+00:00,0.0,7.25
2017-01-18 22:00:00+00:00,0.0,9.75
2017-01-18 23:00:00+00:00,0.0,12.5
2017-01-19 00:00:00+00:00,0.0,9.25
2017-01-19 01:00:00+00:00,0.0,9.75
2017-01-19 02:00:00+00:00,0.0,6.75
2017-01-19 03:00:00+00:00,0.0,7.0
2017-01-19 04:00:00+00:00,0.0,8.0
2017-01-19 05:00:00+00:00,0.0,7.25
2017-01-19 06:00:00+00:00,1.0,7.75
2017-01-19 07:00:00+00:00,2.0,7.25
2017-01-19 08:00:00+00:00,1.5,5.0
2017-01-19 09:00:00+00:00,0.25,6.25
2017-01-19 10:00:00+00:00,0.0,4.0
2017-01-19 11:00:00+00:00,0.0,3.25
2017-01-19 12:00:00+00:00,0.0,2.0
2017-01-19 13:00:00+00:00,0.0,2.0
2017-01-19 14:00:00+00:00,0.0,2.25
2017-01-19 15:00:00+00:00,0.0,2.75
2017-01-19 16:00:00+00:00,0.0,2.75
2017-01-19 17:00:00+00:00,1.75,2.0
2017-01-19 18:00:00+00:00,3.5,3.0
2017-01-19 19:00:00+00:00,1.25,3.75
2017-01-19 20:00:00+00:00,3.25,4.75
2017-01-19 21:00:00+00:00,1.25,4.75
2017-01-19 22:00:00+00:00,0.0,4.75
2017-01-19 23:00:00+00:00,1.25,3.5
2017-01-20 00:00:00+00:00,2.0,3.25
2017-01-20 01:00:00+00:00,0.0,3.0
2017-01-20 02:00:00+00:00,1.25,2.75
2017-01-20 03:00:00+00:00,2.25,5.25
2017-01-20 04:00:00+00:00,4.25,6.75
2017-01-20 05:00:00+00:00,7.25,12.75
2017-01-20 06:00:00+00:00,14.25,15.25
2017-01-20 07:00:00+00:00,13.75,19.0
2017-01-20 08:00:00+00:00,12.75,24.5
2017-01-20 09:00:00+00:00,18.75,32.25
2017-01-20 10:00:00+00:00,24.25,35.0
2017-01-20 11:00:00+00:00,26.25,35.75
2017-01-20 12:00:00+00:00,20.25,28.75
2017-01-20 13:00:00+00:00,20.25,26.0
2017-01-20 14:00:00+00:00,25.5,38.5
2017-01-20 15:00:00+00:00,36.25,53.5
2017-01-20 16:00:00+00:00,58.25,69.5
2017-01-20 17:00:00+00:00,72.75,68.0
2017-01-20 18:00:00+00:00,66.75,68.0
2017-01-20 19:00:00+00:00,59.75,66.75
2017-01-20 20:00:00+00:00,52.75,61.75
2017-01-20 21:00:00+00:00,36.25,51.25
2017-01-20 22:00:00+00:00,45.25,57.0
2017-01-20 23:00:00+00:00,47.5,47.0
2017-01-21 00:00:00+00:00,39.0,53.0
2017-01-21 01:00:00+00:00,41.25,63.5
2017-01-21 02:00:00+00:00,50.25,84.25
2017-01-21 03:00:00+00:00,44.5,87.25
2017-01-21 04:00:00+00:00,45.25,97.0
2017-01-21 05:00:00+00:00,50.0,91.5
2017-01-21 06:00:00+00:00,51.25,104.0
2017-01-21 07:00:00+00:00,62.0,112.25
2017-01-21 08:00:00+00:00,81.25,117.25
2017-01-21 09:00:00+00:00,91.0,110.25
2017-01-21 10:00:00+00:00,96.0,68.0
2017-01-21 11:00:00+00:00,92.0,49.25
2017-01-21 12:00:00+00:00,63.25,60.25
2017-01-21 13:00:00+00:00,34.75,58.5
2017-01-21 14:00:00+00:00,38.5,67.0
2017-01-21 15:00:00+00:00,46.0,89.75
2017-01-21 16:00:00+00:00,53.75,109.75
2017-01-21 17:00:00+00:00,56.75,159.0
2017-01-21 18:00:00+00:00,48.5,188.25
2017-01-21 19:00:00+00:00,53.25,138.0
2017-01-21 20:00:00+00:00,47.0,119.75
2017-01-21 21:00:00+00:00,33.25,113.0
2017-01-21 22:00:00+00:00,17.25,78.5
2017-01-21 23:00:00+00:00,8.5,62.25
2017-01-22 00:00:00+00:00,2.5,51.75
2017-01-22 01:00:00+00:00,1.5,36.5
2017-01-22 02:00:00+00:00,0.0,26.75
2017-01-22 03:00:00+00:00,1.5,26.25
2017-01-22 04:00:00+00:00,0.25,19.0
2017-01-22 05:00:00+00:00,0.0,11.0
2017-01-22 06:00:00+00:00,0.0,5.0
2017-01-22 07:00:00+00:00,0.0,3.25
2017-01-22 08:00:00+00:00,0.0,2.75
2017-01-22 09:00:00+00:00,0.0,2.25
2017-01-22 10:00:00+00:00,0.0,0.5
2017-01-22 11:00:00+00:00,0.25,0.75
2017-01-22 12:00:00+00:00,2.25,0.0
2017-01-22 13:00:00+00:00,5.5,0.0
2017-01-22 14:00:00+00:00,6.5,0.0
2017-01-22 15:00:00+00:00,2.5,0.0
2017-01-22 16:00:00+00:00,3.75,3.5
2017-01-22 17:00:00+00:00,10.5,12.5
2017-01-22 18:00:00+00:00,15.0,17.75
2017-01-22 19:00:00+00:00,12.75,14.5
2017-01-22 20:00:00+00:00,13.5,10.0
2017-01-22 21:00:00+00:00,3.0,4.75
2017-01-22 22:00:00+00:00,0.0,2.0
2017-01-22 23:00:00+00:00,0.0,0.0
2017-01-23 00:00:00+00:00,0.0,0.0
2017-01-23 01:00:00+00:00,0.0,0.0
2017-01-23 02:00:00+00:00,0.0,1.0
2017-01-23 03:00:00+00:00,0.0,2.5
2017-01-23 04:00:00+00:00,0.0,2.25
2017-01-23 05:00:00+00:00,0.0,7.25
2017-01-23 06:00:00+00:00,0.0,13.5
2017-01-23 07:00:00+00:00,4.0,27.5
2017-01-23 08:00:00+00:00,6.25,39.0
2017-01-23 09:00:00+00:00,7.25,48.25
2017-01-23 10:00:00+00:00,5.0,79.25
2017-01-23 11:00:00+00:00,12.5,93.0
2017-01-23 12:00:00+00:00,13.0,89.5
2017-01-23 13:00:00+00:00,14.25,100.5
2017-01-23 14:00:00+00:00,7.0,109.25
2017-01-23 15:00:00+00:00,3.75,100.0
2017-01-23 16:00:00+00:00,4.5,99.0
2017-01-23 17:00:00+00:00,19.75,108.25
2017-01-23 18:00:00+00:00,12.25,101.5
2017-01-23 19:00:00+00:00,14.25,98.75
2017-01-23 20:00:00+00:00,12.75,83.0
2017-01-23 21:00:00+00:00,14.0,57.25
2017-01-23 22:00:00+00:00,31.75,33.0
2017-01-23 23:00:00+00:00,21.75,37.75
2017-01-24 00:00:00+00:00,46.5,25.25
2017-01-24 01:00:00+00:00,23.0,10.5
2017-01-24 02:00:00+00:00,37.0,12.25
2017-01-24 03:00:00+00:00,57.5,5.25
2017-01-24 04:00:00+00:00,42.75,1.25
2017-01-24 05:00:00+00:00,19.0,2.25
2017-01-24 06:00:00+00:00,7.5,2.5
2017-01-24 07:00:00+00:00,0.0,2.0
2017-01-24 08:00:00+00:00,0.25,2.0
2017-01-24 09:00:00+00:00,0.0,1.75
2017-01-24 10:00:00+00:00,0.0,1.75
2017-01-24 11:00:00+00:00,0.0,1.75
2017-01-24 12:00:00+00:00,0.0,0.75
2017-01-24 13:00:00+00:00,0.0,1.0
2017-01-24 14:00:00+00:00,0.0,1.0
2017-01-24 15:00:00+00:00,0.25,1.0
2017-01-24 16:00:00+00:00,4.25,0.75
2017-01-24 17:00:00+00:00,11.0,0.25
2017-01-24 18:00:00+00:00,11.75,1.0
2017-01-24 19:00:00+00:00,12.0,4.25
2017-01-24 20:00:00+00:00,17.0,6.75
2017-01-24 21:00:00+00:00,20.5,7.75
2017-01-24 22:00:00+00:00,28.5,4.5
2017-01-24 23:00:00+00:00,25.0,6.25
2017-01-25 00:00:00+00:00,17.75,6.25
2017-01-25 01:00:00+00:00,13.75,8.5
2017-01-25 02:00:00+00:00,7.0,9.0
2017-01-25 03:00:00+00:00,3.0,5.25
2017-01-25 04:00:00+00:00,2.75,4.25
2017-01-25 05:00:00+00:00,1.0,2.25
2017-01-25 06:00:00+00:00,0.0,0.5
2017-01-25 07:00:00+00:00,0.5,0.0
2017-01-25 08:00:00+00:00,6.25,2.0
2017-01-25 09:00:00+00:00,13.0,4.75
2017-01-25 10:00:00+00:00,18.0,7.5
2017-01-25 11:00:00+00:00,20.5,9.5
2017-01-25 12:00:00+00:00,13.5,21.5
2017-01-25 13:00:00+00:00,8.75,22.5
2017-01-25 14:00:00+00:00,6.25,16.75
2017-01-25 15:00:00+00:00,5.75,26.0
2017-01-25 16:00:00+00:00,14.0,35.0
2017-01-25 17:00:00+00:00,22.0,59.75
2017-01-25 18:00:00+00:00,38.75,84.75
2017-01-25 19:00:00+00:00,42.0,97.5
2017-01-25 20:00:00+00:00,40.0,89.75
2017-01-25 21:00:00+00:00,44.0,104.0
2017-01-25 22:00:00+00:00,53.0,125.5
2017-01-25 23:00:00+00:00,74.0,124.0
2017-01-26 00:00:00+00:00,113.5,116.75
2017-01-26 01:00:00+00:00,133.5,129.25
2017-01-26 02:00:00+00:00,120.5,128.75
2017-01-26 03:00:00+00:00,98.5,122.0
2017-01-26 04:00:00+00:00,95.25,132.0
2017-01-26 05:00:00+00:00,94.75,146.25
2017-01-26 06:00:00+00:00,90.5,140.25
2017-01-26 07:00:00+00:00,86.25,130.25
2017-01-26 08:00:00+00:00,72.5,109.75
2017-01-26 09:00:00+00:00,52.0,119.25
2017-01-26 10:00:00+00:00,47.75,151.25
2017-01-26 11:00:00+00:00,46.75,136.0
2017-01-26 12:00:00+00:00,31.75,116.25
2017-01-26 13:00:00+00:00,34.75,142.75
2017-01-26 14:00:00+00:00,65.0,114.5
2017-01-26 15:00:00+00:00,37.25,98.0
2017-01-26 16:00:00+00:00,87.75,107.75
2017-01-26 17:00:00+00:00,66.75,113.0
2017-01-26 18:00:00+00:00,55.5,118.25
2017-01-26 19:00:00+00:00,56.5,132.25
2017-01-26 20:00:00+00:00,61.75,150.25
2017-01-26 21:00:00+00:00,50.5,140.75
2017-01-26 22:00:00+00:00,51.0,152.0
2017-01-26 23:00:00+00:00,60.75,197.25
2017-01-27 00:00:00+00:00,82.25,215.0
2017-01-27 01:00:00+00:00,67.75,232.0
2017-01-27 02:00:00+00:00,72.5,232.75
2017-01-27 03:00:00+00:00,102.0,253.5
2017-01-27 04:00:00+00:00,129.75,285.25
2017-01-27 05:00:00+00:00,90.5,208.5
2017-01-27 06:00:00+00:00,128.25,244.5
2017-01-27 07:00:00+00:00,145.0,236.0
2017-01-27 08:00:00+00:00,156.5,259.0
2017-01-27 09:00:00+00:00,190.25,275.75
2017-01-27 10:00:00+00:00,193.25,281.5
2017-01-27 11:00:00+00:00,173.0,280.75
2017-01-27 12:00:00+00:00,139.0,221.5
2017-01-27 13:00:00+00:00,121.5,161.75
2017-01-27 14:00:00+00:00,94.5,135.75
2017-01-27 15:00:00+00:00,92.5,140.0
2017-01-27 16:00:00+00:00,129.0,152.75
2017-01-27 17:00:00+00:00,150.0,214.75
2017-01-27 18:00:00+00:00,137.0,277.25
2017-01-27 19:00:00+00:00,105.0,289.25
2017-01-27 20:00:00+00:00,141.0,337.75
2017-01-27 21:00:00+00:00,164.75,401.75
2017-01-27 22:00:00+00:00,188.75,426.5
2017-01-27 23:00:00+00:00,210.25,423.75
2017-01-28 00:00:00+00:00,215.25,456.5
2017-01-28 01:00:00+00:00,216.0,471.0
2017-01-28 02:00:00+00:00,207.75,420.75
2017-01-28 03:00:00+00:00,214.5,391.25
2017-01-28 04:00:00+00:00,213.25,363.5
2017-01-28 05:00:00+00:00,213.0,357.5
2017-01-28 06:00:00+00:00,205.25,347.0
2017-01-28 07:00:00+00:00,207.5,411.0
2017-01-28 08:00:00+00:00,211.5,426.75
2017-01-28 09:00:00+00:00,209.25,473.0
2017-01-28 10:00:00+00:00,202.75,378.25
2017-01-28 11:00:00+00:00,197.25,302.25
2017-01-28 12:00:00+00:00,196.25,210.0
2017-01-28 13:00:00+00:00,181.0,160.0
2017-01-28 14:00:00+00:00,179.75,173.25
2017-01-28 15:00:00+00:00,206.75,154.5
2017-01-28 16:00:00+00:00,196.25,170.0
2017-01-28 17:00:00+00:00,178.0,179.5
2017-01-28 18:00:00+00:00,185.75,206.0
2017-01-28 19:00:00+00:00,176.0,211.25
2017-01-28 20:00:00+00:00,185.75,228.25
2017-01-28 21:00:00+00:00,195.25,258.0
2017-01-28 22:00:00+00:00,199.0,312.75
2017-01-28 23:00:00+00:00,186.25,390.75
2017-01-29 00:00:00+00:00,155.25,410.5
2017-01-29 01:00:00+00:00,179.25,391.0
2017-01-29 02:00:00+00:00,172.25,400.75
2017-01-29 03:00:00+00:00,179.0,384.0
2017-01-29 04:00:00+00:00,176.25,322.5
2017-01-29 05:00:00+00:00,161.25,368.75
2017-01-29 06:00:00+00:00,183.0,329.0
2017-01-29 07:00:00+00:00,202.25,310.25
2017-01-29 08:00:00+00:00,206.75,385.0
2017-01-29 09:00:00+00:00,210.75,440.5
2017-01-29 10:00:00+00:00,208.75,414.5
2017-01-29 11:00:00+00:00,203.5,421.25
2017-01-29 12:00:00+00:00,192.5,410.0
2017-01-29 13:00:00+00:00,182.0,342.5
2017-01-29 14:00:00+00:00,152.25,307.0
2017-01-29 15:00:00+00:00,141.0,236.75
2017-01-29 16:00:00+00:00,122.75,180.5
2017-01-29 17:00:00+00:00,151.25,160.5
2017-01-29 18:00:00+00:00,186.0,205.25
2017-01-29 19:00:00+00:00,192.25,306.25
2017-01-29 20:00:00+00:00,201.75,318.25
2017-01-29 21:00:00+00:00,216.5,303.25
2017-01-29 22:00:00+00:00,205.5,264.5
2017-01-29 23:00:00+00:00,195.0,254.0
2017-01-30 00:00:00+00:00,203.0,227.0
2017-01-30 01:00:00+00:00,209.5,271.75
2017-01-30 02:00:00+00:00,203.75,289.75
2017-01-30 03:00:00+00:00,187.0,259.0
2017-01-30 04:00:00+00:00,166.25,193.0
2017-01-30 05:00:00+00:00,148.5,173.0
2017-01-30 06:00:00+00:00,60.5,136.5
2017-01-30 07:00:00+00:00,33.0,87.0
2017-01-30 08:00:00+00:00,42.5,67.5
2017-01-30 09:00:00+00:00,35.0,60.75
2017-01-30 10:00:00+00:00,64.5,48.0
2017-01-30 11:00:00+00:00,71.25,50.5
2017-01-30 12:00:00+00:00,85.25,73.25
2017-01-30 13:00:00+00:00,94.0,121.0
2017-01-30 14:00:00+00:00,92.75,163.25
2017-01-30 15:00:00+00:00,83.5,195.5
2017-01-30 16:00:00+00:00,102.75,212.5
2017-01-30 17:00:00+00:00,89.25,160.75
2017-01-30 18:00:00+00:00,60.5,155.5
2017-01-30 19:00:00+00:00,17.25,173.75
2017-01-30 20:00:00+00:00,1.5,174.25
2017-01-30 21:00:00+00:00,0.75,143.25
2017-01-30 22:00:00+00:00,30.0,96.25
2017-01-30 23:00:00+00:00,57.75,64.75
2017-01-31 00:00:00+00:00,38.5,104.75
2017-01-31 01:00:00+00:00,14.25,118.25
2017-01-31 02:00:00+00:00,42.0,133.0
2017-01-31 03:00:00+00:00,61.0,107.25
2017-01-31 04:00:00+00:00,56.25,92.0
2017-01-31 05:00:00+00:00,26.5,73.25
2017-01-31 06:00:00+00:00,15.25,26.75
2017-01-31 07:00:00+00:00,17.0,30.5
2017-01-31 08:00:00+00:00,7.75,35.75
2017-01-31 09:00:00+00:00,12.75,25.25
2017-01-31 10:00:00+00:00,8.0,30.25
2017-01-31 11:00:00+00:00,12.25,20.5
2017-01-31 12:00:00+00:00,11.0,7.5
2017-01-31 13:00:00+00:00,8.5,1.25
2017-01-31 14:00:00+00:00,2.5,5.0
2017-01-31 15:00:00+00:00,11.5,14.75
2017-01-31 16:00:00+00:00,33.5,31.0
2017-01-31 17:00:00+00:00,45.5,39.5
2017-01-31 18:00:00+00:00,53.0,45.0
2017-01-31 19:00:00+00:00,75.5,52.5
2017-01-31 20:00:00+00:00,106.0,70.5
2017-01-31 21:00:00+00:00,109.75,107.25
2017-01-31 22:00:00+00:00,126.75,103.5
2017-01-31 23:00:00+00:00,129.75,99.0
2017-02-01 00:00:00+00:00,132.25,122.0
2017-02-01 01:00:00+00:00,146.25,176.75
2017-02-01 02:00:00+00:00,157.75,119.5
2017-02-01 03:00:00+00:00,154.75,189.75
2017-02-01 04:00:00+00:00,176.25,239.25
2017-02-01 05:00:00+00:00,170.75,215.75
2017-02-01 06:00:00+00:00,149.75,277.5
2017-02-01 07:00:00+00:00,134.75,322.0
2017-02-01 08:00:00+00:00,149.25,359.25
2017-02-01 09:00:00+00:00,152.0,351.5
2017-02-01 10:00:00+00:00,162.75,341.0
2017-02-01 11:00:00+00:00,157.25,312.75
2017-02-01 12:00:00+00:00,149.25,263.5
2017-02-01 13:00:00+00:00,154.75,261.5
2017-02-01 14:00:00+00:00,170.75,301.0
2017-02-01 15:00:00+00:00,166.0,333.25
2017-02-01 16:00:00+00:00,186.25,350.75
2017-02-01 17:00:00+00:00,182.5,340.25
2017-02-01 18:00:00+00:00,182.75,347.25
2017-02-01 19:00:00+00:00,177.25,330.5
2017-02-01 20:00:00+00:00,180.75,312.5
2017-02-01 21:00:00+00:00,185.75,283.5
2017-02-01 22:00:00+00:00,185.5,267.5
2017-02-01 23:00:00+00:00,178.5,264.75
2017-02-02 00:00:00+00:00,179.5,248.25
2017-02-02 01:00:00+00:00,175.0,222.25
2017-02-02 02:00:00+00:00,176.0,213.25
2017-02-02 03:00:00+00:00,183.75,212.75
2017-02-02 04:00:00+00:00,160.75,254.75
2017-02-02 05:00:00+00:00,157.25,263.5
2017-02-02 06:00:00+00:00,172.5,257.0
2017-02-02 07:00:00+00:00,197.0,261.75
2017-02-02 08:00:00+00:00,202.5,285.5
2017-02-02 09:00:00+00:00,206.75,287.5
2017-02-02 10:00:00+00:00,202.0,303.75
2017-02-02 11:00:00+00:00,210.5,245.5
2017-02-02 12:00:00+00:00,209.25,193.5
2017-02-02 13:00:00+00:00,209.25,177.0
2017-02-02 14:00:00+00:00,213.75,246.75
2017-02-02 15:00:00+00:00,216.75,335.75
2017-02-02 16:00:00+00:00,213.5,431.75
2017-02-02 17:00:00+00:00,208.5,449.0
2017-02-02 18:00:00+00:00,212.0,435.75
2017-02-02 19:00:00+00:00,215.0,417.75
2017-02-02 20:00:00+00:00,208.5,356.0
2017-02-02 21:00:00+00:00,203.75,269.5
2017-02-02 22:00:00+00:00,180.0,221.5
2017-02-02 23:00:00+00:00,201.5,220.25
2017-02-03 00:00:00+00:00,163.25,233.25
2017-02-03 01:00:00+00:00,148.0,221.25
2017-02-03 02:00:00+00:00,162.25,212.5
2017-02-03 03:00:00+00:00,161.25,179.5
2017-02-03 04:00:00+00:00,164.25,136.0
2017-02-03 05:00:00+00:00,186.75,137.25
2017-02-03 06:00:00+00:00,185.0,122.25
2017-02-03 07:00:00+00:00,169.0,113.5
2017-02-03 08:00:00+00:00,163.75,105.5
2017-02-03 09:00:00+00:00,173.5,129.75
2017-02-03 10:00:00+00:00,157.0,134.5
2017-02-03 11:00:00+00:00,110.0,89.75
2017-02-03 12:00:00+00:00,103.0,49.75
2017-02-03 13:00:00+00:00,78.75,26.25
2017-02-03 14:00:00+00:00,57.0,33.0
2017-02-03 15:00:00+00:00,48.0,45.0
2017-02-03 16:00:00+00:00,79.5,86.0
2017-02-03 17:00:00+00:00,108.0,130.5
2017-02-03 18:00:00+00:00,156.5,185.75
2017-02-03 19:00:00+00:00,184.25,269.5
2017-02-03 20:00:00+00:00,191.5,322.0
2017-02-03 21:00:00+00:00,195.0,270.75
2017-02-03 22:00:00+00:00,190.5,257.75
2017-02-03 23:00:00+00:00,175.5,325.75
2017-02-04 00:00:00+00:00,177.25,257.5
2017-02-04 01:00:00+00:00,191.0,251.25
2017-02-04 02:00:00+00:00,192.25,269.25
2017-02-04 03:00:00+00:00,190.5,289.5
2017-02-04 04:00:00+00:00,179.0,297.75
2017-02-04 05:00:00+00:00,147.0,256.25
2017-02-04 06:00:00+00:00,115.75,208.75
2017-02-04 07:00:00+00:00,93.25,204.0
2017-02-04 08:00:00+00:00,74.0,133.25
2017-02-04 09:00:00+00:00,23.75,67.0
2017-02-04 10:00:00+00:00,17.5,22.5
2017-02-04 11:00:00+00:00,0.25,7.0
2017-02-04 12:00:00+00:00,0.25,10.75
2017-02-04 13:00:00+00:00,11.0,20.5
2017-02-04 14:00:00+00:00,24.0,41.25
2017-02-04 15:00:00+00:00,40.5,74.25
2017-02-04 16:00:00+00:00,35.75,94.75
2017-02-04 17:00:00+00:00,23.75,98.25
2017-02-04 18:00:00+00:00,19.0,93.25
2017-02-04 19:00:00+00:00,3.75,66.25
2017-02-04 20:00:00+00:00,0.0,64.0
2017-02-04 21:00:00+00:00,0.0,54.25
2017-02-04 22:00:00+00:00,0.0,48.75
2017-02-04 23:00:00+00:00,0.0,30.25
2017-02-05 00:00:00+00:00,0.0,18.5
2017-02-05 01:00:00+00:00,2.75,11.5
2017-02-05 02:00:00+00:00,0.75,19.5
2017-02-05 03:00:00+00:00,0.0,12.0
2017-02-05 04:00:00+00:00,0.0,18.75
2017-02-05 05:00:00+00:00,0.0,12.25
2017-02-05 06:00:00+00:00,0.0,8.25
2017-02-05 07:00:00+00:00,0.0,5.25
2017-02-05 08:00:00+00:00,1.0,11.5
2017-02-05 09:00:00+00:00,1.75,27.25
2017-02-05 10:00:00+00:00,1.0,21.0
2017-02-05 11:00:00+00:00,0.0,9.0
2017-02-05 12:00:00+00:00,0.75,9.0
2017-02-05 13:00:00+00:00,0.25,3.75
2017-02-05 14:00:00+00:00,0.0,2.5
2017-02-05 15:00:00+00:00,0.5,3.75
2017-02-05 16:00:00+00:00,2.25,10.75
2017-02-05 17:00:00+00:00,7.5,25.75
2017-02-05 18:00:00+00:00,0.75,16.0
2017-02-05 19:00:00+00:00,3.75,16.75
2017-02-05 20:00:00+00:00,3.5,19.0
2017-02-05 21:00:00+00:00,4.75,30.0
2017-02-05 22:00:00+00:00,5.75,22.0
2017-02-05 23:00:00+00:00,3.5,24.75
2017-02-06 00:00:00+00:00,1.5,24.0
2017-02-06 01:00:00+00:00,0.0,15.5
2017-02-06 02:00:00+00:00,0.0,15.5
2017-02-06 03:00:00+00:00,0.0,3.0
2017-02-06 04:00:00+00:00,0.0,10.5
2017-02-06 05:00:00+00:00,1.5,21.5
2017-02-06 06:00:00+00:00,2.0,11.75
2017-02-06 07:00:00+00:00,4.5,7.75
2017-02-06 08:00:00+00:00,5.25,5.25
2017-02-06 09:00:00+00:00,3.5,5.75
2017-02-06 10:00:00+00:00,1.0,7.0
2017-02-06 11:00:00+00:00,0.0,9.25
2017-02-06 12:00:00+00:00,0.0,11.75
2017-02-06 13:00:00+00:00,0.0,21.0
2017-02-06 14:00:00+00:00,1.0,15.75
2017-02-06 15:00:00+00:00,3.75,19.0
2017-02-06 16:00:00+00:00,8.5,41.75
2017-02-06 17:00:00+00:00,20.75,92.5
2017-02-06 18:00:00+00:00,33.25,128.75
2017-02-06 19:00:00+00:00,42.75,153.5
2017-02-06 20:00:00+00:00,76.25,157.75
2017-02-06 21:00:00+00:00,76.75,162.5
2017-02-06 22:00:00+00:00,72.25,155.25
2017-02-06 23:00:00+00:00,81.0,128.5
2017-02-07 00:00:00+00:00,86.5,149.75
2017-02-07 01:00:00+00:00,74.25,164.75
2017-02-07 02:00:00+00:00,89.5,186.5
2017-02-07 03:00:00+00:00,119.0,205.75
2017-02-07 04:00:00+00:00,140.75,251.75
2017-02-07 05:00:00+00:00,142.0,299.5
2017-02-07 06:00:00+00:00,123.25,255.0
2017-02-07 07:00:00+00:00,126.5,262.5
2017-02-07 08:00:00+00:00,157.0,265.75
2017-02-07 09:00:00+00:00,139.25,264.25
2017-02-07 10:00:00+00:00,115.0,259.5
2017-02-07 11:00:00+00:00,112.75,292.75
2017-02-07 12:00:00+00:00,112.0,258.0
2017-02-07 13:00:00+00:00,103.25,263.0
2017-02-07 14:00:00+00:00,107.25,222.75
2017-02-07 15:00:00+00:00,122.5,161.5
2017-02-07 16:00:00+00:00,136.75,144.25
2017-02-07 17:00:00+00:00,141.5,138.75
2017-02-07 18:00:00+00:00,143.0,151.25
2017-02-07 19:00:00+00:00,145.75,159.5
2017-02-07 20:00:00+00:00,139.5,151.75
2017-02-07 21:00:00+00:00,135.25,154.25
2017-02-07 22:00:00+00:00,131.0,180.0
2017-02-07 23:00:00+00:00,161.5,184.5
2017-02-08 00:00:00+00:00,156.75,201.0
2017-02-08 01:00:00+00:00,156.75,198.5
2017-02-08 02:00:00+00:00,154.75,200.0
2017-02-08 03:00:00+00:00,164.25,201.25
2017-02-08 04:00:00+00:00,170.5,210.0
2017-02-08 05:00:00+00:00,163.5,200.25
2017-02-08 06:00:00+00:00,171.0,188.0
2017-02-08 07:00:00+00:00,173.75,177.25
2017-02-08 08:00:00+00:00,177.5,165.75
2017-02-08 09:00:00+00:00,180.75,169.75
2017-02-08 10:00:00+00:00,172.5,185.75
2017-02-08 11:00:00+00:00,161.5,190.5
2017-02-08 12:00:00+00:00,142.5,175.75
2017-02-08 13:00:00+00:00,144.5,168.25
2017-02-08 14:00:00+00:00,157.5,170.25
2017-02-08 15:00:00+00:00,177.5,176.0
2017-02-08 16:00:00+00:00,181.5,184.25
2017-02-08 17:00:00+00:00,177.5,179.75
2017-02-08 18:00:00+00:00,174.25,182.5
2017-02-08 19:00:00+00:00,165.0,192.5
2017-02-08 20:00:00+00:00,149.75,170.75
2017-02-08 21:00:00+00:00,145.75,144.0
2017-02-08 22:00:00+00:00,159.0,139.0
2017-02-08 23:00:00+00:00,159.75,154.5
2017-02-09 00:00:00+00:00,143.5,167.75
2017-02-09 01:00:00+00:00,138.75,178.25
2017-02-09 02:00:00+00:00,139.75,149.5
2017-02-09 03:00:00+00:00,134.0,147.75
2017-02-09 04:00:00+00:00,132.75,155.0
2017-02-09 05:00:00+00:00,131.5,165.0
2017-02-09 06:00:00+00:00,150.75,163.5
2017-02-09 07:00:00+00:00,154.5,169.25
2017-02-09 08:00:00+00:00,145.25,168.0
2017-02-09 09:00:00+00:00,142.25,178.75
2017-02-09 10:00:00+00:00,134.0,189.25
2017-02-09 11:00:00+00:00,121.0,165.25
2017-02-09 12:00:00+00:00,109.5,148.25
2017-02-09 13:00:00+00:00,108.5,144.25
2017-02-09 14:00:00+00:00,106.25,146.0
2017-02-09 15:00:00+00:00,119.5,155.75
2017-02-09 16:00:00+00:00,131.5,178.0
2017-02-09 17:00:00+00:00,156.75,200.5
2017-02-09 18:00:00+00:00,171.0,187.25
2017-02-09 19:00:00+00:00,181.25,168.5
2017-02-09 20:00:00+00:00,169.75,162.25
2017-02-09 21:00:00+00:00,140.5,215.0
2017-02-09 22:00:00+00:00,110.25,218.25
2017-02-09 23:00:00+00:00,95.25,220.0
2017-02-10 00:00:00+00:00,86.75,251.0
2017-02-10 01:00:00+00:00,107.75,266.5
2017-02-10 02:00:00+00:00,131.0,265.25
2017-02-10 03:00:00+00:00,127.5,250.5
2017-02-10 04:00:00+00:00,134.5,221.25
2017-02-10 05:00:00+00:00,125.5,192.25
2017-02-10 06:00:00+00:00,136.5,187.0
2017-02-10 07:00:00+00:00,111.0,172.25
2017-02-10 08:00:00+00:00,100.0,165.75
2017-02-10 09:00:00+00:00,97.75,131.5
2017-02-10 10:00:00+00:00,77.75,131.5
2017-02-10 11:00:00+00:00,66.25,115.0
2017-02-10 12:00:00+00:00,57.25,101.0
2017-02-10 13:00:00+00:00,51.5,94.5
2017-02-10 14:00:00+00:00,61.5,96.25
2017-02-10 15:00:00+00:00,49.75,89.5
2017-02-10 16:00:00+00:00,44.25,93.25
2017-02-10 17:00:00+00:00,45.5,98.75
2017-02-10 18:00:00+00:00,43.0,108.5
2017-02-10 19:00:00+00:00,51.75,119.75
2017-02-10 20:00:00+00:00,64.0,115.75
2017-02-10 21:00:00+00:00,62.75,122.0
2017-02-10 22:00:00+00:00,56.0,117.75
2017-02-10 23:00:00+00:00,55.5,102.25
2017-02-11 00:00:00+00:00,54.0,95.75
2017-02-11 01:00:00+00:00,55.0,95.25
2017-02-11 02:00:00+00:00,56.5,97.25
2017-02-11 03:00:00+00:00,67.75,101.25
2017-02-11 04:00:00+00:00,56.0,113.25
2017-02-11 05:00:00+00:00,76.75,141.0
2017-02-11 06:00:00+00:00,71.75,182.25
2017-02-11 07:00:00+00:00,76.0,197.75
2017-02-11 08:00:00+00:00,68.25,190.75
2017-02-11 09:00:00+00:00,76.25,163.75
2017-02-11 10:00:00+00:00,110.5,182.25
2017-02-11 11:00:00+00:00,129.25,200.0
2017-02-11 12:00:00+00:00,136.5,201.0
2017-02-11 13:00:00+00:00,130.75,205.0
2017-02-11 14:00:00+00:00,141.5,184.5
2017-02-11 15:00:00+00:00,130.25,185.75
2017-02-11 16:00:00+00:00,154.75,224.0
2017-02-11 17:00:00+00:00,165.5,241.25
2017-02-11 18:00:00+00:00,178.75,300.5
2017-02-11 19:00:00+00:00,182.25,348.0
2017-02-11 20:00:00+00:00,185.75,394.0
2017-02-11 21:00:00+00:00,182.5,408.0
2017-02-11 22:00:00+00:00,197.75,439.0
2017-02-11 23:00:00+00:00,199.5,453.0
2017-02-12 00:00:00+00:00,201.25,471.75
2017-02-12 01:00:00+00:00,199.25,471.5
2017-02-12 02:00:00+00:00,188.75,467.25
2017-02-12 03:00:00+00:00,186.0,397.25
2017-02-12 04:00:00+00:00,191.25,392.25
2017-02-12 05:00:00+00:00,194.25,412.25
2017-02-12 06:00:00+00:00,198.5,388.75
2017-02-12 07:00:00+00:00,198.0,391.25
2017-02-12 08:00:00+00:00,196.0,393.25
2017-02-12 09:00:00+00:00,200.25,414.75
2017-02-12 10:00:00+00:00,200.75,353.5
2017-02-12 11:00:00+00:00,197.75,365.75
2017-02-12 12:00:00+00:00,195.75,376.5
2017-02-12 13:00:00+00:00,195.5,346.5
2017-02-12 14:00:00+00:00,192.5,353.75
2017-02-12 15:00:00+00:00,193.75,349.75
2017-02-12 16:00:00+00:00,192.75,385.25
2017-02-12 17:00:00+00:00,193.5,394.5
2017-02-12 18:00:00+00:00,197.75,414.75
2017-02-12 19:00:00+00:00,193.25,384.5
2017-02-12 20:00:00+00:00,170.75,362.75
2017-02-12 21:00:00+00:00,159.0,362.75
2017-02-12 22:00:00+00:00,181.5,355.25
2017-02-12 23:00:00+00:00,164.0,331.0
2017-02-13 00:00:00+00:00,167.75,349.25
2017-02-13 01:00:00+00:00,183.0,340.0
2017-02-13 02:00:00+00:00,176.0,324.75
2017-02-13 03:00:00+00:00,167.5,344.25
2017-02-13 04:00:00+00:00,171.5,389.25
2017-02-13 05:00:00+00:00,183.75,416.25
2017-02-13 06:00:00+00:00,192.5,406.5
2017-02-13 07:00:00+00:00,201.0,382.0
2017-02-13 08:00:00+00:00,198.0,375.75
2017-02-13 09:00:00+00:00,195.75,363.75
2017-02-13 10:00:00+00:00,177.5,358.5
2017-02-13 11:00:00+00:00,149.5,353.75
2017-02-13 12:00:00+00:00,160.25,373.25
2017-02-13 13:00:00+00:00,192.0,406.0
2017-02-13 14:00:00+00:00,203.5,427.5
2017-02-13 15:00:00+00:00,207.0,373.75
2017-02-13 16:00:00+00:00,194.75,454.0
2017-02-13 17:00:00+00:00,208.0,496.75
2017-02-13 18:00:00+00:00,210.0,525.0
2017-02-13 19:00:00+00:00,213.25,524.0
2017-02-13 20:00:00+00:00,213.5,481.5
2017-02-13 21:00:00+00:00,213.0,490.5
2017-02-13 22:00:00+00:00,211.25,489.75
2017-02-13 23:00:00+00:00,210.0,482.5
2017-02-14 00:00:00+00:00,208.5,442.0
2017-02-14 01:00:00+00:00,209.0,413.75
2017-02-14 02:00:00+00:00,209.75,425.75
2017-02-14 03:00:00+00:00,209.0,428.75
2017-02-14 04:00:00+00:00,202.0,461.25
2017-02-14 05:00:00+00:00,192.25,396.75
2017-02-14 06:00:00+00:00,181.25,342.25
2017-02-14 07:00:00+00:00,145.25,328.25
2017-02-14 08:00:00+00:00,124.0,262.25
2017-02-14 09:00:00+00:00,120.0,191.25
2017-02-14 10:00:00+00:00,75.0,160.0
2017-02-14 11:00:00+00:00,54.25,127.25
2017-02-14 12:00:00+00:00,50.75,111.25
2017-02-14 13:00:00+00:00,47.0,96.25
2017-02-14 14:00:00+00:00,54.75,92.25
2017-02-14 15:00:00+00:00,77.0,98.25
2017-02-14 16:00:00+00:00,74.25,102.25
2017-02-14 17:00:00+00:00,112.0,104.5
2017-02-14 18:00:00+00:00,131.25,129.5
2017-02-14 19:00:00+00:00,128.5,121.5
2017-02-14 20:00:00+00:00,115.5,115.0
2017-02-14 21:00:00+00:00,84.75,114.75
2017-02-14 22:00:00+00:00,91.0,112.0
2017-02-14 23:00:00+00:00,95.25,95.5
2017-02-15 00:00:00+00:00,93.75,68.25
2017-02-15 01:00:00+00:00,90.25,62.0
2017-02-15 02:00:00+00:00,88.25,58.5
2017-02-15 03:00:00+00:00,83.5,49.5
2017-02-15 04:00:00+00:00,69.25,38.0
2017-02-15 05:00:00+00:00,46.0,32.5
2017-02-15 06:00:00+00:00,44.0,49.5
2017-02-15 07:00:00+00:00,50.25,52.25
2017-02-15 08:00:00+00:00,59.0,73.75
2017-02-15 09:00:00+00:00,67.25,49.5
2017-02-15 10:00:00+00:00,69.0,46.75
2017-02-15 11:00:00+00:00,56.5,48.0
2017-02-15 12:00:00+00:00,52.0,52.75
2017-02-15 13:00:00+00:00,54.25,64.75
2017-02-15 14:00:00+00:00,85.5,81.5
2017-02-15 15:00:00+00:00,115.0,98.0
2017-02-15 16:00:00+00:00,125.5,97.25
2017-02-15 17:00:00+00:00,152.0,138.75
2017-02-15 18:00:00+00:00,164.5,235.5
2017-02-15 19:00:00+00:00,155.5,369.0
2017-02-15 20:00:00+00:00,195.0,415.5
2017-02-15 21:00:00+00:00,199.0,411.0
2017-02-15 22:00:00+00:00,201.75,402.25
2017-02-15 23:00:00+00:00,198.25,422.75
2017-02-16 00:00:00+00:00,202.5,436.5
2017-02-16 01:00:00+00:00,197.75,402.0
2017-02-16 02:00:00+00:00,200.5,429.0
2017-02-16 03:00:00+00:00,197.25,473.75
2017-02-16 04:00:00+00:00,188.75,496.25
2017-02-16 05:00:00+00:00,170.75,458.5
2017-02-16 06:00:00+00:00,157.5,389.25
2017-02-16 07:00:00+00:00,135.5,365.25
2017-02-16 08:00:00+00:00,161.5,359.5
2017-02-16 09:00:00+00:00,186.5,293.0
2017-02-16 10:00:00+00:00,184.0,289.0
2017-02-16 11:00:00+00:00,176.5,286.25
2017-02-16 12:00:00+00:00,162.25,307.0
2017-02-16 13:00:00+00:00,144.25,270.0
2017-02-16 14:00:00+00:00,136.75,260.75
2017-02-16 15:00:00+00:00,89.5,232.0
2017-02-16 16:00:00+00:00,104.25,297.25
2017-02-16 17:00:00+00:00,132.75,341.0
2017-02-16 18:00:00+00:00,175.75,318.25
2017-02-16 19:00:00+00:00,190.5,359.25
2017-02-16 20:00:00+00:00,193.25,401.25
2017-02-16 21:00:00+00:00,205.0,474.5
2017-02-16 22:00:00+00:00,194.25,496.25
2017-02-16 23:00:00+00:00,197.75,495.25
2017-02-17 00:00:00+00:00,202.25,477.0
2017-02-17 01:00:00+00:00,208.25,457.5
2017-02-17 02:00:00+00:00,205.5,472.25
2017-02-17 03:00:00+00:00,199.5,477.0
2017-02-17 04:00:00+00:00,197.0,474.5
2017-02-17 05:00:00+00:00,199.5,472.75
2017-02-17 06:00:00+00:00,191.75,457.0
2017-02-17 07:00:00+00:00,165.25,441.0
2017-02-17 08:00:00+00:00,156.25,428.0
2017-02-17 09:00:00+00:00,165.25,417.25
2017-02-17 10:00:00+00:00,147.0,378.25
2017-02-17 11:00:00+00:00,125.5,313.25
2017-02-17 12:00:00+00:00,95.75,298.5
2017-02-17 13:00:00+00:00,93.25,269.75
2017-02-17 14:00:00+00:00,75.5,195.25
2017-02-17 15:00:00+00:00,41.75,148.75
2017-02-17 16:00:00+00:00,29.0,96.75
2017-02-17 17:00:00+00:00,33.5,97.0
2017-02-17 18:00:00+00:00,17.75,64.25
2017-02-17 19:00:00+00:00,7.25,46.0
2017-02-17 20:00:00+00:00,0.5,25.25
2017-02-17 21:00:00+00:00,0.0,19.0
2017-02-17 22:00:00+00:00,0.0,14.5
2017-02-17 23:00:00+00:00,0.0,11.75
2017-02-18 00:00:00+00:00,0.0,7.25
2017-02-18 01:00:00+00:00,0.5,6.75
2017-02-18 02:00:00+00:00,0.25,6.25
2017-02-18 03:00:00+00:00,0.0,6.5
2017-02-18 04:00:00+00:00,2.25,6.0
2017-02-18 05:00:00+00:00,8.75,5.5
2017-02-18 06:00:00+00:00,21.75,3.25
2017-02-18 07:00:00+00:00,31.0,5.75
2017-02-18 08:00:00+00:00,32.5,16.25
2017-02-18 09:00:00+00:00,37.0,12.0
2017-02-18 10:00:00+00:00,46.75,14.5
2017-02-18 11:00:00+00:00,50.5,17.0
2017-02-18 12:00:00+00:00,39.0,37.25
2017-02-18 13:00:00+00:00,46.5,57.75
2017-02-18 14:00:00+00:00,62.75,49.25
2017-02-18 15:00:00+00:00,89.25,56.75
2017-02-18 16:00:00+00:00,85.0,83.25
2017-02-18 17:00:00+00:00,62.0,137.75
2017-02-18 18:00:00+00:00,71.75,204.5
2017-02-18 19:00:00+00:00,98.0,313.0
2017-02-18 20:00:00+00:00,138.25,377.0
2017-02-18 21:00:00+00:00,179.25,452.75
2017-02-18 22:00:00+00:00,177.5,484.0
2017-02-18 23:00:00+00:00,180.5,464.0
2017-02-19 00:00:00+00:00,201.0,461.25
2017-02-19 01:00:00+00:00,201.75,497.75
2017-02-19 02:00:00+00:00,198.25,514.0
2017-02-19 03:00:00+00:00,200.0,514.75
2017-02-19 04:00:00+00:00,199.25,521.25
2017-02-19 05:00:00+00:00,197.5,512.0
2017-02-19 06:00:00+00:00,202.0,509.0
2017-02-19 07:00:00+00:00,192.0,486.5
2017-02-19 08:00:00+00:00,171.75,447.0
2017-02-19 09:00:00+00:00,137.75,426.5
2017-02-19 10:00:00+00:00,136.0,348.0
2017-02-19 11:00:00+00:00,148.25,258.75
2017-02-19 12:00:00+00:00,108.25,187.5
2017-02-19 13:00:00+00:00,106.0,159.5
2017-02-19 14:00:00+00:00,101.75,220.5
2017-02-19 15:00:00+00:00,75.0,230.75
2017-02-19 16:00:00+00:00,49.75,137.75
2017-02-19 17:00:00+00:00,54.75,112.75
2017-02-19 18:00:00+00:00,47.25,128.25
2017-02-19 19:00:00+00:00,62.25,131.5
2017-02-19 20:00:00+00:00,103.0,166.5
2017-02-19 21:00:00+00:00,146.75,269.5
2017-02-19 22:00:00+00:00,164.0,335.0
2017-02-19 23:00:00+00:00,169.5,347.25
2017-02-20 00:00:00+00:00,180.0,429.5
2017-02-20 01:00:00+00:00,197.75,428.5
2017-02-20 02:00:00+00:00,185.25,451.25
2017-02-20 03:00:00+00:00,197.25,515.0
2017-02-20 04:00:00+00:00,200.25,542.5
2017-02-20 05:00:00+00:00,190.5,531.25
2017-02-20 06:00:00+00:00,196.25,540.25
2017-02-20 07:00:00+00:00,204.25,575.5
2017-02-20 08:00:00+00:00,206.5,586.0
2017-02-20 09:00:00+00:00,212.5,587.75
2017-02-20 10:00:00+00:00,212.75,586.25
2017-02-20 11:00:00+00:00,211.75,589.75
2017-02-20 12:00:00+00:00,211.75,570.75
2017-02-20 13:00:00+00:00,212.5,569.25
2017-02-20 14:00:00+00:00,215.0,579.75
2017-02-20 15:00:00+00:00,214.75,603.75
2017-02-20 16:00:00+00:00,212.75,602.0
2017-02-20 17:00:00+00:00,203.25,617.5
2017-02-20 18:00:00+00:00,203.25,581.5
2017-02-20 19:00:00+00:00,204.5,569.5
2017-02-20 20:00:00+00:00,206.25,564.25
2017-02-20 21:00:00+00:00,200.25,559.0
2017-02-20 22:00:00+00:00,201.0,556.25
2017-02-20 23:00:00+00:00,202.0,550.5
2017-02-21 00:00:00+00:00,199.75,511.5
2017-02-21 01:00:00+00:00,196.5,466.75
2017-02-21 02:00:00+00:00,196.75,502.25
2017-02-21 03:00:00+00:00,190.75,512.25
2017-02-21 04:00:00+00:00,185.75,511.5
2017-02-21 05:00:00+00:00,176.25,510.75
2017-02-21 06:00:00+00:00,185.5,460.25
2017-02-21 07:00:00+00:00,174.25,365.5
2017-02-21 08:00:00+00:00,136.75,388.5
2017-02-21 09:00:00+00:00,96.5,409.0
2017-02-21 10:00:00+00:00,115.25,344.75
2017-02-21 11:00:00+00:00,96.25,266.75
2017-02-21 12:00:00+00:00,90.5,246.5
2017-02-21 13:00:00+00:00,54.25,165.5
2017-02-21 14:00:00+00:00,68.0,92.0
2017-02-21 15:00:00+00:00,76.0,111.5
2017-02-21 16:00:00+00:00,95.25,172.75
2017-02-21 17:00:00+00:00,141.25,227.0
2017-02-21 18:00:00+00:00,198.0,247.0
2017-02-21 19:00:00+00:00,202.0,389.25
2017-02-21 20:00:00+00:00,206.5,498.5
2017-02-21 21:00:00+00:00,207.0,568.0
2017-02-21 22:00:00+00:00,199.25,605.75
2017-02-21 23:00:00+00:00,202.75,627.5
2017-02-22 00:00:00+00:00,203.75,640.0
2017-02-22 01:00:00+00:00,201.0,641.25
2017-02-22 02:00:00+00:00,201.0,640.5
2017-02-22 03:00:00+00:00,201.0,641.0
2017-02-22 04:00:00+00:00,201.0,641.0
2017-02-22 05:00:00+00:00,201.0,640.5
2017-02-22 06:00:00+00:00,208.25,636.5
2017-02-22 07:00:00+00:00,213.0,632.25
2017-02-22 08:00:00+00:00,210.0,627.25
2017-02-22 09:00:00+00:00,202.0,606.0
2017-02-22 10:00:00+00:00,199.5,608.0
2017-02-22 11:00:00+00:00,185.0,579.0
2017-02-22 12:00:00+00:00,176.75,535.0
2017-02-22 13:00:00+00:00,186.25,480.0
2017-02-22 14:00:00+00:00,174.0,550.5
2017-02-22 15:00:00+00:00,187.0,499.5
2017-02-22 16:00:00+00:00,193.0,551.5
2017-02-22 17:00:00+00:00,190.0,572.0
2017-02-22 18:00:00+00:00,196.5,567.25
2017-02-22 19:00:00+00:00,193.0,548.5
2017-02-22 20:00:00+00:00,194.0,534.5
2017-02-22 21:00:00+00:00,179.75,502.5
2017-02-22 22:00:00+00:00,171.25,450.25
2017-02-22 23:00:00+00:00,138.5,388.25
2017-02-23 00:00:00+00:00,88.5,300.25
2017-02-23 01:00:00+00:00,53.0,218.5
2017-02-23 02:00:00+00:00,15.75,187.75
2017-02-23 03:00:00+00:00,41.75,99.5
2017-02-23 04:00:00+00:00,159.25,72.25
2017-02-23 05:00:00+00:00,204.25,163.25
2017-02-23 06:00:00+00:00,207.75,369.75
2017-02-23 07:00:00+00:00,211.75,515.5
2017-02-23 08:00:00+00:00,210.0,542.0
2017-02-23 09:00:00+00:00,211.75,593.25
2017-02-23 10:00:00+00:00,195.75,616.0
2017-02-23 11:00:00+00:00,144.25,618.25
2017-02-23 12:00:00+00:00,175.0,538.5
2017-02-23 13:00:00+00:00,184.0,493.0
2017-02-23 14:00:00+00:00,31.5,449.0
2017-02-23 15:00:00+00:00,2.25,384.0
2017-02-23 16:00:00+00:00,3.5,298.5
2017-02-23 17:00:00+00:00,6.75,366.0
2017-02-23 18:00:00+00:00,18.5,494.5
2017-02-23 19:00:00+00:00,19.5,669.5
2017-02-23 20:00:00+00:00,60.75,644.75
2017-02-23 21:00:00+00:00,9.5,603.0
2017-02-23 22:00:00+00:00,177.0,623.0
2017-02-23 23:00:00+00:00,186.75,652.75
2017-02-24 00:00:00+00:00,182.0,653.0
2017-02-24 01:00:00+00:00,187.0,644.5
2017-02-24 02:00:00+00:00,185.25,628.75
2017-02-24 03:00:00+00:00,182.5,589.75
2017-02-24 04:00:00+00:00,167.5,517.25
2017-02-24 05:00:00+00:00,116.75,506.75
2017-02-24 06:00:00+00:00,111.5,420.0
2017-02-24 07:00:00+00:00,79.25,253.5
2017-02-24 08:00:00+00:00,57.75,216.25
2017-02-24 09:00:00+00:00,63.25,157.75
2017-02-24 10:00:00+00:00,43.25,159.0
2017-02-24 11:00:00+00:00,38.25,192.75
2017-02-24 12:00:00+00:00,37.0,241.75
2017-02-24 13:00:00+00:00,41.25,251.75
2017-02-24 14:00:00+00:00,31.25,230.25
2017-02-24 15:00:00+00:00,28.75,220.0
2017-02-24 16:00:00+00:00,33.5,185.5
2017-02-24 17:00:00+00:00,24.0,193.75
2017-02-24 18:00:00+00:00,10.0,139.5
2017-02-24 19:00:00+00:00,6.75,79.5
2017-02-24 20:00:00+00:00,7.5,83.0
2017-02-24 21:00:00+00:00,7.0,104.75
2017-02-24 22:00:00+00:00,20.25,137.0
2017-02-24 23:00:00+00:00,48.75,146.0
2017-02-25 00:00:00+00:00,81.75,233.25
2017-02-25 01:00:00+00:00,135.5,311.75
2017-02-25 02:00:00+00:00,165.75,350.25
2017-02-25 03:00:00+00:00,172.75,342.75
2017-02-25 04:00:00+00:00,171.5,320.25
2017-02-25 05:00:00+00:00,176.75,275.0
2017-02-25 06:00:00+00:00,181.5,308.5
2017-02-25 07:00:00+00:00,189.75,369.5
2017-02-25 08:00:00+00:00,189.5,437.25
2017-02-25 09:00:00+00:00,190.0,469.5
2017-02-25 10:00:00+00:00,190.0,507.25
2017-02-25 11:00:00+00:00,188.0,532.25
2017-02-25 12:00:00+00:00,187.0,550.5
2017-02-25 13:00:00+00:00,187.75,541.0
2017-02-25 14:00:00+00:00,190.0,584.25
2017-02-25 15:00:00+00:00,190.0,581.25
2017-02-25 16:00:00+00:00,190.0,602.75
2017-02-25 17:00:00+00:00,190.0,617.0
2017-02-25 18:00:00+00:00,190.0,634.5
2017-02-25 19:00:00+00:00,192.5,646.5
2017-02-25 20:00:00+00:00,193.0,643.75
2017-02-25 21:00:00+00:00,191.5,633.75
2017-02-25 22:00:00+00:00,190.0,614.25
2017-02-25 23:00:00+00:00,190.0,601.75
2017-02-26 00:00:00+00:00,189.75,610.0
2017-02-26 01:00:00+00:00,190.0,613.75
2017-02-26 02:00:00+00:00,190.0,594.5
2017-02-26 03:00:00+00:00,190.0,580.75
2017-02-26 04:00:00+00:00,190.0,576.5
2017-02-26 05:00:00+00:00,190.0,575.75
2017-02-26 06:00:00+00:00,192.0,590.5
2017-02-26 07:00:00+00:00,192.0,591.5
2017-02-26 08:00:00+00:00,190.0,590.75
2017-02-26 09:00:00+00:00,190.0,593.5
2017-02-26 10:00:00+00:00,190.0,584.0
2017-02-26 11:00:00+00:00,190.0,571.75
2017-02-26 12:00:00+00:00,190.0,518.5
2017-02-26 13:00:00+00:00,192.75,487.0
2017-02-26 14:00:00+00:00,191.25,482.25
2017-02-26 15:00:00+00:00,190.0,486.0
2017-02-26 16:00:00+00:00,190.0,489.5
2017-02-26 17:00:00+00:00,190.0,530.5
2017-02-26 18:00:00+00:00,190.0,540.25
2017-02-26 19:00:00+00:00,190.0,558.5
2017-02-26 20:00:00+00:00,190.0,561.75
2017-02-26 21:00:00+00:00,190.0,583.25
2017-02-26 22:00:00+00:00,192.75,553.0
2017-02-26 23:00:00+00:00,191.0,512.0
2017-02-27 00:00:00+00:00,187.25,499.5
2017-02-27 01:00:00+00:00,187.0,508.0
2017-02-27 02:00:00+00:00,184.0,465.25
2017-02-27 03:00:00+00:00,183.5,498.25
2017-02-27 04:00:00+00:00,183.75,483.75
2017-02-27 05:00:00+00:00,184.0,484.25
2017-02-27 06:00:00+00:00,185.0,495.25
2017-02-27 07:00:00+00:00,196.0,493.75
2017-02-27 08:00:00+00:00,196.25,493.0
2017-02-27 09:00:00+00:00,196.25,545.5
2017-02-27 10:00:00+00:00,198.0,517.25
2017-02-27 11:00:00+00:00,197.0,489.0
2017-02-27 12:00:00+00:00,201.75,449.5
2017-02-27 13:00:00+00:00,204.0,314.5
2017-02-27 14:00:00+00:00,201.75,399.5
2017-02-27 15:00:00+00:00,201.0,443.75
2017-02-27 16:00:00+00:00,201.0,528.5
2017-02-27 17:00:00+00:00,201.0,598.0
2017-02-27 18:00:00+00:00,201.75,627.25
2017-02-27 19:00:00+00:00,204.0,614.25
2017-02-27 20:00:00+00:00,201.75,608.75
2017-02-27 21:00:00+00:00,201.0,604.25
2017-02-27 22:00:00+00:00,199.5,606.75
2017-02-27 23:00:00+00:00,196.5,625.75
2017-02-28 00:00:00+00:00,195.5,594.0
2017-02-28 01:00:00+00:00,195.5,573.5
2017-02-28 02:00:00+00:00,190.75,610.5
2017-02-28 03:00:00+00:00,195.75,607.25
2017-02-28 04:00:00+00:00,198.0,596.0
2017-02-28 05:00:00+00:00,195.5,548.25
2017-02-28 06:00:00+00:00,198.0,522.75
2017-02-28 07:00:00+00:00,191.75,529.75
2017-02-28 08:00:00+00:00,187.75,548.25
2017-02-28 09:00:00+00:00,184.5,529.75
2017-02-28 10:00:00+00:00,176.5,531.25
2017-02-28 11:00:00+00:00,152.5,497.25
2017-02-28 12:00:00+00:00,165.75,482.5
2017-02-28 13:00:00+00:00,146.0,454.0
2017-02-28 14:00:00+00:00,153.5,364.5
2017-02-28 15:00:00+00:00,150.5,333.0
2017-02-28 16:00:00+00:00,148.75,332.25
2017-02-28 17:00:00+00:00,147.5,335.75
2017-02-28 18:00:00+00:00,147.25,326.5
2017-02-28 19:00:00+00:00,153.5,342.25
2017-02-28 20:00:00+00:00,156.75,401.25
2017-02-28 21:00:00+00:00,135.0,445.0
2017-02-28 22:00:00+00:00,130.0,348.75
2017-02-28 23:00:00+00:00,93.0,315.25
2017-03-01 00:00:00+00:00,75.5,266.75
2017-03-01 01:00:00+00:00,77.5,209.25
2017-03-01 02:00:00+00:00,55.25,145.25
2017-03-01 03:00:00+00:00,43.0,136.75
2017-03-01 04:00:00+00:00,88.75,97.75
2017-03-01 05:00:00+00:00,109.5,85.75
2017-03-01 06:00:00+00:00,34.5,90.25
2017-03-01 07:00:00+00:00,70.25,92.0
2017-03-01 08:00:00+00:00,100.5,135.75
2017-03-01 09:00:00+00:00,108.0,162.75
2017-03-01 10:00:00+00:00,82.75,180.5
2017-03-01 11:00:00+00:00,60.75,190.5
2017-03-01 12:00:00+00:00,62.75,253.25
2017-03-01 13:00:00+00:00,55.25,217.5
2017-03-01 14:00:00+00:00,69.75,216.25
2017-03-01 15:00:00+00:00,88.0,200.75
2017-03-01 16:00:00+00:00,63.0,136.0
2017-03-01 17:00:00+00:00,87.5,105.75
2017-03-01 18:00:00+00:00,137.5,139.25
2017-03-01 19:00:00+00:00,141.75,90.75
2017-03-01 20:00:00+00:00,115.5,107.25
2017-03-01 21:00:00+00:00,109.25,136.25
2017-03-01 22:00:00+00:00,109.25,148.25
2017-03-01 23:00:00+00:00,129.5,190.5
2017-03-02 00:00:00+00:00,110.75,241.25
2017-03-02 01:00:00+00:00,114.25,231.75
2017-03-02 02:00:00+00:00,170.0,186.25
2017-03-02 03:00:00+00:00,183.0,405.0
2017-03-02 04:00:00+00:00,172.0,477.0
2017-03-02 05:00:00+00:00,156.0,551.5
2017-03-02 06:00:00+00:00,175.0,571.75
2017-03-02 07:00:00+00:00,196.75,588.0
2017-03-02 08:00:00+00:00,196.0,587.25
2017-03-02 09:00:00+00:00,193.5,545.25
2017-03-02 10:00:00+00:00,186.75,497.5
2017-03-02 11:00:00+00:00,191.25,556.75
2017-03-02 12:00:00+00:00,189.75,592.5
2017-03-02 13:00:00+00:00,188.25,558.0
2017-03-02 14:00:00+00:00,183.0,569.75
2017-03-02 15:00:00+00:00,165.0,580.0
2017-03-02 16:00:00+00:00,111.75,552.5
2017-03-02 17:00:00+00:00,144.75,444.75
2017-03-02 18:00:00+00:00,167.75,394.25
2017-03-02 19:00:00+00:00,173.0,406.0
2017-03-02 20:00:00+00:00,175.5,450.5
2017-03-02 21:00:00+00:00,163.0,412.25
2017-03-02 22:00:00+00:00,138.25,449.0
2017-03-02 23:00:00+00:00,104.0,440.5
2017-03-03 00:00:00+00:00,116.5,405.0
2017-03-03 01:00:00+00:00,124.75,392.5
2017-03-03 02:00:00+00:00,106.25,332.0
2017-03-03 03:00:00+00:00,105.25,219.0
2017-03-03 04:00:00+00:00,109.25,197.5
2017-03-03 05:00:00+00:00,102.0,196.5
2017-03-03 06:00:00+00:00,122.0,236.0
2017-03-03 07:00:00+00:00,125.25,245.25
2017-03-03 08:00:00+00:00,116.0,190.5
2017-03-03 09:00:00+00:00,96.75,147.25
2017-03-03 10:00:00+00:00,99.75,105.0
2017-03-03 11:00:00+00:00,99.5,109.0
2017-03-03 12:00:00+00:00,83.0,83.5
2017-03-03 13:00:00+00:00,97.5,105.5
2017-03-03 14:00:00+00:00,123.5,217.75
2017-03-03 15:00:00+00:00,133.0,333.5
2017-03-03 16:00:00+00:00,141.0,272.25
2017-03-03 17:00:00+00:00,153.25,289.0
2017-03-03 18:00:00+00:00,154.0,294.25
2017-03-03 19:00:00+00:00,127.0,278.75
2017-03-03 20:00:00+00:00,108.0,279.75
2017-03-03 21:00:00+00:00,104.25,283.0
2017-03-03 22:00:00+00:00,116.25,250.75
2017-03-03 23:00:00+00:00,109.5,224.0
2017-03-04 00:00:00+00:00,103.25,185.25
2017-03-04 01:00:00+00:00,110.0,163.5
2017-03-04 02:00:00+00:00,67.5,174.0
2017-03-04 03:00:00+00:00,67.25,227.5
2017-03-04 04:00:00+00:00,80.0,232.75
2017-03-04 05:00:00+00:00,99.75,245.0
2017-03-04 06:00:00+00:00,160.25,224.5
2017-03-04 07:00:00+00:00,128.5,224.5
2017-03-04 08:00:00+00:00,133.25,197.0
2017-03-04 09:00:00+00:00,141.0,152.0
2017-03-04 10:00:00+00:00,164.5,98.25
2017-03-04 11:00:00+00:00,161.75,85.0
2017-03-04 12:00:00+00:00,149.5,72.5
2017-03-04 13:00:00+00:00,114.5,79.0
2017-03-04 14:00:00+00:00,73.0,76.5
2017-03-04 15:00:00+00:00,37.25,105.25
2017-03-04 16:00:00+00:00,16.25,85.0
2017-03-04 17:00:00+00:00,32.75,43.75
2017-03-04 18:00:00+00:00,38.0,25.75
2017-03-04 19:00:00+00:00,36.5,24.5
2017-03-04 20:00:00+00:00,91.75,31.0
2017-03-04 21:00:00+00:00,129.25,75.0
2017-03-04 22:00:00+00:00,140.5,157.0
2017-03-04 23:00:00+00:00,161.25,275.5
2017-03-05 00:00:00+00:00,171.5,182.75
2017-03-05 01:00:00+00:00,190.75,188.75
2017-03-05 02:00:00+00:00,195.25,293.25
2017-03-05 03:00:00+00:00,188.75,310.25
2017-03-05 04:00:00+00:00,182.75,363.75
2017-03-05 05:00:00+00:00,187.25,366.25
2017-03-05 06:00:00+00:00,187.0,450.0
2017-03-05 07:00:00+00:00,193.75,447.0
2017-03-05 08:00:00+00:00,195.75,438.5
2017-03-05 09:00:00+00:00,189.5,375.25
2017-03-05 10:00:00+00:00,179.75,361.75
2017-03-05 11:00:00+00:00,177.25,341.75
2017-03-05 12:00:00+00:00,175.25,309.75
2017-03-05 13:00:00+00:00,191.75,352.0
2017-03-05 14:00:00+00:00,188.0,384.5
2017-03-05 15:00:00+00:00,190.0,392.75
2017-03-05 16:00:00+00:00,186.5,386.75
2017-03-05 17:00:00+00:00,161.75,286.0
2017-03-05 18:00:00+00:00,149.75,225.75
2017-03-05 19:00:00+00:00,146.0,185.75
2017-03-05 20:00:00+00:00,135.5,145.5
2017-03-05 21:00:00+00:00,94.0,119.0
2017-03-05 22:00:00+00:00,74.5,100.0
2017-03-05 23:00:00+00:00,106.0,73.75
2017-03-06 00:00:00+00:00,60.25,67.25
2017-03-06 01:00:00+00:00,40.75,61.25
2017-03-06 02:00:00+00:00,22.0,49.25
2017-03-06 03:00:00+00:00,7.0,44.0
2017-03-06 04:00:00+00:00,2.0,29.0
2017-03-06 05:00:00+00:00,0.0,11.25
2017-03-06 06:00:00+00:00,0.5,6.75
2017-03-06 07:00:00+00:00,0.0,4.75
2017-03-06 08:00:00+00:00,0.0,4.0
2017-03-06 09:00:00+00:00,0.0,2.5
2017-03-06 10:00:00+00:00,0.0,2.25
2017-03-06 11:00:00+00:00,0.0,3.0
2017-03-06 12:00:00+00:00,0.25,8.5
2017-03-06 13:00:00+00:00,3.25,18.5
2017-03-06 14:00:00+00:00,6.5,60.75
2017-03-06 15:00:00+00:00,10.5,44.25
2017-03-06 16:00:00+00:00,3.25,29.0
2017-03-06 17:00:00+00:00,16.25,33.0
2017-03-06 18:00:00+00:00,8.75,28.25
2017-03-06 19:00:00+00:00,16.5,21.25
2017-03-06 20:00:00+00:00,25.75,26.5
2017-03-06 21:00:00+00:00,18.0,20.5
2017-03-06 22:00:00+00:00,20.75,20.0
2017-03-06 23:00:00+00:00,23.25,21.5
2017-03-07 00:00:00+00:00,19.0,19.0
2017-03-07 01:00:00+00:00,34.0,19.5
2017-03-07 02:00:00+00:00,45.25,19.5
2017-03-07 03:00:00+00:00,32.0,14.75
2017-03-07 04:00:00+00:00,23.5,15.25
2017-03-07 05:00:00+00:00,16.5,16.75
2017-03-07 06:00:00+00:00,16.0,8.25
2017-03-07 07:00:00+00:00,20.5,6.25
2017-03-07 08:00:00+00:00,10.75,5.25
2017-03-07 09:00:00+00:00,8.0,9.5
2017-03-07 10:00:00+00:00,16.5,5.5
2017-03-07 11:00:00+00:00,19.0,16.25
2017-03-07 12:00:00+00:00,28.0,34.25
2017-03-07 13:00:00+00:00,32.0,34.25
2017-03-07 14:00:00+00:00,35.5,16.5
2017-03-07 15:00:00+00:00,25.25,16.25
2017-03-07 16:00:00+00:00,17.0,10.5
2017-03-07 17:00:00+00:00,12.75,1.5
2017-03-07 18:00:00+00:00,16.0,1.25
2017-03-07 19:00:00+00:00,3.5,15.25
2017-03-07 20:00:00+00:00,0.75,14.25
2017-03-07 21:00:00+00:00,11.5,24.5
2017-03-07 22:00:00+00:00,37.0,31.5
2017-03-07 23:00:00+00:00,88.0,68.75
2017-03-08 00:00:00+00:00,119.5,99.75
2017-03-08 01:00:00+00:00,129.5,97.25
2017-03-08 02:00:00+00:00,152.25,145.75
2017-03-08 03:00:00+00:00,169.25,209.0
2017-03-08 04:00:00+00:00,162.0,215.25
2017-03-08 05:00:00+00:00,173.0,291.0
2017-03-08 06:00:00+00:00,193.75,328.75
2017-03-08 07:00:00+00:00,199.25,354.0
2017-03-08 08:00:00+00:00,205.75,521.25
2017-03-08 09:00:00+00:00,204.0,538.5
2017-03-08 10:00:00+00:00,199.5,517.75
2017-03-08 11:00:00+00:00,192.25,510.25
2017-03-08 12:00:00+00:00,186.0,471.0
2017-03-08 13:00:00+00:00,184.5,377.0
2017-03-08 14:00:00+00:00,172.75,300.25
2017-03-08 15:00:00+00:00,121.5,285.0
2017-03-08 16:00:00+00:00,128.75,250.0
2017-03-08 17:00:00+00:00,90.75,225.25
2017-03-08 18:00:00+00:00,48.75,233.25
2017-03-08 19:00:00+00:00,20.75,267.25
2017-03-08 20:00:00+00:00,7.0,165.75
2017-03-08 21:00:00+00:00,26.0,81.75
2017-03-08 22:00:00+00:00,53.75,68.0
2017-03-08 23:00:00+00:00,76.0,110.0
2017-03-09 00:00:00+00:00,91.0,165.0
2017-03-09 01:00:00+00:00,60.75,179.75
2017-03-09 02:00:00+00:00,46.75,219.5
2017-03-09 03:00:00+00:00,45.75,204.0
2017-03-09 04:00:00+00:00,48.0,177.5
2017-03-09 05:00:00+00:00,83.0,135.75
2017-03-09 06:00:00+00:00,90.25,101.5
2017-03-09 07:00:00+00:00,134.75,121.0
2017-03-09 08:00:00+00:00,159.0,157.0
2017-03-09 09:00:00+00:00,184.25,248.75
2017-03-09 10:00:00+00:00,185.75,391.75
2017-03-09 11:00:00+00:00,200.5,448.75
2017-03-09 12:00:00+00:00,202.25,501.25
2017-03-09 13:00:00+00:00,202.0,569.25
2017-03-09 14:00:00+00:00,203.25,592.5
2017-03-09 15:00:00+00:00,196.5,589.25
2017-03-09 16:00:00+00:00,197.75,525.25
2017-03-09 17:00:00+00:00,193.75,563.5
2017-03-09 18:00:00+00:00,187.75,568.75
2017-03-09 19:00:00+00:00,162.75,470.75
2017-03-09 20:00:00+00:00,104.25,380.75
2017-03-09 21:00:00+00:00,71.5,327.5
2017-03-09 22:00:00+00:00,60.25,276.0
2017-03-09 23:00:00+00:00,58.0,235.0
2017-03-10 00:00:00+00:00,39.75,198.75
2017-03-10 01:00:00+00:00,24.75,175.25
2017-03-10 02:00:00+00:00,9.25,126.5
2017-03-10 03:00:00+00:00,1.0,96.75
2017-03-10 04:00:00+00:00,0.75,86.75
2017-03-10 05:00:00+00:00,0.0,76.0
2017-03-10 06:00:00+00:00,0.25,71.75
2017-03-10 07:00:00+00:00,4.25,73.75
2017-03-10 08:00:00+00:00,9.0,59.25
2017-03-10 09:00:00+00:00,4.25,43.25
2017-03-10 10:00:00+00:00,4.0,38.5
2017-03-10 11:00:00+00:00,9.5,20.5
2017-03-10 12:00:00+00:00,10.0,11.25
2017-03-10 13:00:00+00:00,4.0,6.0
2017-03-10 14:00:00+00:00,0.0,5.5
2017-03-10 15:00:00+00:00,0.0,5.0
2017-03-10 16:00:00+00:00,0.0,1.25
2017-03-10 17:00:00+00:00,1.25,0.75
2017-03-10 18:00:00+00:00,22.25,7.25
2017-03-10 19:00:00+00:00,38.25,20.25
2017-03-10 20:00:00+00:00,48.25,41.25
2017-03-10 21:00:00+00:00,76.0,75.25
2017-03-10 22:00:00+00:00,88.75,92.25
2017-03-10 23:00:00+00:00,87.25,85.0
2017-03-11 00:00:00+00:00,97.5,109.5
2017-03-11 01:00:00+00:00,86.0,131.5
2017-03-11 02:00:00+00:00,62.25,118.5
2017-03-11 03:00:00+00:00,61.5,77.25
2017-03-11 04:00:00+00:00,56.0,66.5
2017-03-11 05:00:00+00:00,41.75,59.0
2017-03-11 06:00:00+00:00,25.0,64.75
2017-03-11 07:00:00+00:00,19.5,56.0
2017-03-11 08:00:00+00:00,14.0,32.25
2017-03-11 09:00:00+00:00,10.25,21.5
2017-03-11 10:00:00+00:00,4.25,17.25
2017-03-11 11:00:00+00:00,1.75,21.0
2017-03-11 12:00:00+00:00,3.25,23.75
2017-03-11 13:00:00+00:00,3.75,21.25
2017-03-11 14:00:00+00:00,6.0,16.5
2017-03-11 15:00:00+00:00,22.0,11.0
2017-03-11 16:00:00+00:00,19.75,10.0
2017-03-11 17:00:00+00:00,35.75,36.75
2017-03-11 18:00:00+00:00,48.25,96.5
2017-03-11 19:00:00+00:00,61.0,165.75
2017-03-11 20:00:00+00:00,65.75,278.75
2017-03-11 21:00:00+00:00,55.25,345.75
2017-03-11 22:00:00+00:00,32.0,287.5
2017-03-11 23:00:00+00:00,36.0,204.0
2017-03-12 00:00:00+00:00,35.5,182.75
2017-03-12 01:00:00+00:00,45.0,183.75
2017-03-12 02:00:00+00:00,64.5,230.5
2017-03-12 03:00:00+00:00,73.5,273.75
2017-03-12 04:00:00+00:00,70.5,319.5
2017-03-12 05:00:00+00:00,65.75,343.5
2017-03-12 06:00:00+00:00,62.0,316.0
2017-03-12 07:00:00+00:00,48.5,279.5
2017-03-12 08:00:00+00:00,45.25,225.25
2017-03-12 09:00:00+00:00,50.25,201.5
2017-03-12 10:00:00+00:00,38.5,197.0
2017-03-12 11:00:00+00:00,23.5,182.5
2017-03-12 12:00:00+00:00,9.0,176.0
2017-03-12 13:00:00+00:00,0.5,162.75
2017-03-12 14:00:00+00:00,0.0,137.25
2017-03-12 15:00:00+00:00,1.25,119.75
2017-03-12 16:00:00+00:00,3.0,94.0
2017-03-12 17:00:00+00:00,3.25,97.25
2017-03-12 18:00:00+00:00,4.5,128.5
2017-03-12 19:00:00+00:00,6.5,170.0
2017-03-12 20:00:00+00:00,8.25,186.25
2017-03-12 21:00:00+00:00,9.25,183.0
2017-03-12 22:00:00+00:00,4.75,157.75
2017-03-12 23:00:00+00:00,2.25,120.25
2017-03-13 00:00:00+00:00,0.0,93.0
2017-03-13 01:00:00+00:00,0.75,69.0
2017-03-13 02:00:00+00:00,0.0,48.0
2017-03-13 03:00:00+00:00,2.5,37.75
2017-03-13 04:00:00+00:00,21.75,41.0
2017-03-13 05:00:00+00:00,33.75,54.75
2017-03-13 06:00:00+00:00,64.75,51.75
2017-03-13 07:00:00+00:00,20.5,70.0
2017-03-13 08:00:00+00:00,28.75,21.0
2017-03-13 09:00:00+00:00,44.0,28.0
2017-03-13 10:00:00+00:00,28.0,62.0
2017-03-13 11:00:00+00:00,46.0,82.5
2017-03-13 12:00:00+00:00,49.5,119.75
2017-03-13 13:00:00+00:00,27.25,68.5
2017-03-13 14:00:00+00:00,29.25,84.0
2017-03-13 15:00:00+00:00,25.25,111.75
2017-03-13 16:00:00+00:00,18.25,91.25
2017-03-13 17:00:00+00:00,8.5,77.25
2017-03-13 18:00:00+00:00,0.75,75.25
2017-03-13 19:00:00+00:00,2.5,51.75
2017-03-13 20:00:00+00:00,15.5,44.75
2017-03-13 21:00:00+00:00,19.25,65.5
2017-03-13 22:00:00+00:00,30.75,93.0
2017-03-13 23:00:00+00:00,41.75,105.75
2017-03-14 00:00:00+00:00,82.0,157.0
2017-03-14 01:00:00+00:00,98.5,175.0
2017-03-14 02:00:00+00:00,120.75,175.0
2017-03-14 03:00:00+00:00,117.75,195.0
2017-03-14 04:00:00+00:00,130.75,238.5
2017-03-14 05:00:00+00:00,114.25,270.75
2017-03-14 06:00:00+00:00,100.75,321.5
2017-03-14 07:00:00+00:00,109.25,268.0
2017-03-14 08:00:00+00:00,134.25,222.75
2017-03-14 09:00:00+00:00,154.75,241.75
2017-03-14 10:00:00+00:00,148.5,280.0
2017-03-14 11:00:00+00:00,152.25,261.5
2017-03-14 12:00:00+00:00,150.75,280.0
2017-03-14 13:00:00+00:00,137.0,319.5
2017-03-14 14:00:00+00:00,108.0,344.75
2017-03-14 15:00:00+00:00,102.0,283.75
2017-03-14 16:00:00+00:00,118.75,249.5
2017-03-14 17:00:00+00:00,154.0,255.25
2017-03-14 18:00:00+00:00,158.75,298.75
2017-03-14 19:00:00+00:00,168.5,337.5
2017-03-14 20:00:00+00:00,163.0,378.75
2017-03-14 21:00:00+00:00,155.0,378.25
2017-03-14 22:00:00+00:00,133.25,315.25
2017-03-14 23:00:00+00:00,94.0,262.0
2017-03-15 00:00:00+00:00,51.0,225.75
2017-03-15 01:00:00+00:00,55.5,189.5
2017-03-15 02:00:00+00:00,66.5,198.25
2017-03-15 03:00:00+00:00,93.75,156.25
2017-03-15 04:00:00+00:00,52.0,119.5
2017-03-15 05:00:00+00:00,42.75,115.5
2017-03-15 06:00:00+00:00,15.75,75.75
2017-03-15 07:00:00+00:00,7.25,63.25
2017-03-15 08:00:00+00:00,5.0,73.75
2017-03-15 09:00:00+00:00,8.5,88.0
2017-03-15 10:00:00+00:00,9.25,89.25
2017-03-15 11:00:00+00:00,3.0,59.75
2017-03-15 12:00:00+00:00,0.0,35.75
2017-03-15 13:00:00+00:00,0.0,26.0
2017-03-15 14:00:00+00:00,0.0,11.25
2017-03-15 15:00:00+00:00,0.0,6.75
2017-03-15 16:00:00+00:00,0.0,7.5
2017-03-15 17:00:00+00:00,0.0,8.25
2017-03-15 18:00:00+00:00,0.0,11.75
2017-03-15 19:00:00+00:00,4.75,22.5
2017-03-15 20:00:00+00:00,13.0,29.75
2017-03-15 21:00:00+00:00,21.75,53.5
2017-03-15 22:00:00+00:00,16.25,102.5
2017-03-15 23:00:00+00:00,23.0,113.75
2017-03-16 00:00:00+00:00,32.0,113.75
2017-03-16 01:00:00+00:00,52.25,83.75
2017-03-16 02:00:00+00:00,72.75,83.25
2017-03-16 03:00:00+00:00,94.25,107.0
2017-03-16 04:00:00+00:00,96.25,141.5
2017-03-16 05:00:00+00:00,104.75,174.0
2017-03-16 06:00:00+00:00,97.75,152.5
2017-03-16 07:00:00+00:00,98.75,110.75
2017-03-16 08:00:00+00:00,100.0,113.75
2017-03-16 09:00:00+00:00,109.5,120.0
2017-03-16 10:00:00+00:00,134.75,136.5
2017-03-16 11:00:00+00:00,139.0,156.75
2017-03-16 12:00:00+00:00,133.25,239.5
2017-03-16 13:00:00+00:00,138.25,227.25
2017-03-16 14:00:00+00:00,159.5,233.0
2017-03-16 15:00:00+00:00,170.0,242.25
2017-03-16 16:00:00+00:00,142.0,215.0
2017-03-16 17:00:00+00:00,133.25,182.25
2017-03-16 18:00:00+00:00,158.75,142.0
2017-03-16 19:00:00+00:00,163.75,224.25
2017-03-16 20:00:00+00:00,114.0,368.0
2017-03-16 21:00:00+00:00,53.0,277.5
2017-03-16 22:00:00+00:00,108.0,124.75
2017-03-16 23:00:00+00:00,117.5,156.5
2017-03-17 00:00:00+00:00,155.25,218.5
2017-03-17 01:00:00+00:00,151.25,383.25
2017-03-17 02:00:00+00:00,104.25,294.75
2017-03-17 03:00:00+00:00,91.25,166.0
2017-03-17 04:00:00+00:00,87.5,253.5
2017-03-17 05:00:00+00:00,108.0,306.5
2017-03-17 06:00:00+00:00,156.75,331.0
2017-03-17 07:00:00+00:00,170.75,231.75
2017-03-17 08:00:00+00:00,178.5,313.0
2017-03-17 09:00:00+00:00,191.75,430.0
2017-03-17 10:00:00+00:00,177.25,490.5
2017-03-17 11:00:00+00:00,168.75,470.0
2017-03-17 12:00:00+00:00,182.0,506.0
2017-03-17 13:00:00+00:00,181.0,547.0
2017-03-17 14:00:00+00:00,184.0,573.0
2017-03-17 15:00:00+00:00,199.75,581.0
2017-03-17 16:00:00+00:00,205.25,582.75
2017-03-17 17:00:00+00:00,212.0,560.0
2017-03-17 18:00:00+00:00,208.25,574.25
2017-03-17 19:00:00+00:00,207.0,590.5
2017-03-17 20:00:00+00:00,210.0,563.5
2017-03-17 21:00:00+00:00,210.0,609.75
2017-03-17 22:00:00+00:00,210.0,598.0
2017-03-17 23:00:00+00:00,210.0,630.25
2017-03-18 00:00:00+00:00,210.0,615.0
2017-03-18 01:00:00+00:00,210.0,648.25
2017-03-18 02:00:00+00:00,210.0,651.5
2017-03-18 03:00:00+00:00,210.0,657.0
2017-03-18 04:00:00+00:00,208.5,661.0
2017-03-18 05:00:00+00:00,207.0,659.25
2017-03-18 06:00:00+00:00,207.0,628.25
2017-03-18 07:00:00+00:00,217.75,623.0
2017-03-18 08:00:00+00:00,191.5,476.0
2017-03-18 09:00:00+00:00,132.75,263.0
2017-03-18 10:00:00+00:00,23.0,128.0
2017-03-18 11:00:00+00:00,7.5,99.5
2017-03-18 12:00:00+00:00,9.75,90.75
2017-03-18 13:00:00+00:00,9.25,127.0
2017-03-18 14:00:00+00:00,2.5,111.5
2017-03-18 15:00:00+00:00,0.0,66.75
2017-03-18 16:00:00+00:00,0.0,54.75
2017-03-18 17:00:00+00:00,0.75,39.0
2017-03-18 18:00:00+00:00,4.0,32.0
2017-03-18 19:00:00+00:00,9.25,36.0
2017-03-18 20:00:00+00:00,33.5,15.25
2017-03-18 21:00:00+00:00,82.0,16.25
2017-03-18 22:00:00+00:00,121.75,28.25
2017-03-18 23:00:00+00:00,125.75,48.25
2017-03-19 00:00:00+00:00,152.0,107.0
2017-03-19 01:00:00+00:00,181.0,203.75
2017-03-19 02:00:00+00:00,197.0,335.0
2017-03-19 03:00:00+00:00,206.0,395.0
2017-03-19 04:00:00+00:00,210.0,465.0
2017-03-19 05:00:00+00:00,210.0,529.75
2017-03-19 06:00:00+00:00,210.0,561.75
2017-03-19 07:00:00+00:00,210.0,629.5
2017-03-19 08:00:00+00:00,210.0,636.0
2017-03-19 09:00:00+00:00,215.75,643.0
2017-03-19 10:00:00+00:00,215.5,643.5
2017-03-19 11:00:00+00:00,213.0,649.5
2017-03-19 12:00:00+00:00,214.5,648.5
2017-03-19 13:00:00+00:00,212.25,638.75
2017-03-19 14:00:00+00:00,211.0,645.25
2017-03-19 15:00:00+00:00,211.5,641.75
2017-03-19 16:00:00+00:00,214.25,626.75
2017-03-19 17:00:00+00:00,213.5,635.0
2017-03-19 18:00:00+00:00,213.0,639.75
2017-03-19 19:00:00+00:00,214.75,633.0
2017-03-19 20:00:00+00:00,215.75,601.25
2017-03-19 21:00:00+00:00,213.25,565.0
2017-03-19 22:00:00+00:00,204.5,545.75
2017-03-19 23:00:00+00:00,207.5,534.75
2017-03-20 00:00:00+00:00,206.75,497.75
2017-03-20 01:00:00+00:00,207.75,496.75
2017-03-20 02:00:00+00:00,206.25,483.0
2017-03-20 03:00:00+00:00,204.0,468.0
2017-03-20 04:00:00+00:00,209.75,416.75
2017-03-20 05:00:00+00:00,212.5,448.0
2017-03-20 06:00:00+00:00,210.5,474.5
2017-03-20 07:00:00+00:00,216.75,472.25
2017-03-20 08:00:00+00:00,218.25,464.5
2017-03-20 09:00:00+00:00,218.75,495.0
2017-03-20 10:00:00+00:00,219.0,505.25
2017-03-20 11:00:00+00:00,219.0,543.5
2017-03-20 12:00:00+00:00,219.0,568.5
2017-03-20 13:00:00+00:00,219.0,587.25
2017-03-20 14:00:00+00:00,219.5,596.75
2017-03-20 15:00:00+00:00,217.5,614.5
2017-03-20 16:00:00+00:00,216.5,603.75
2017-03-20 17:00:00+00:00,216.5,609.75
2017-03-20 18:00:00+00:00,216.0,641.25
2017-03-20 19:00:00+00:00,157.5,599.75
2017-03-20 20:00:00+00:00,109.5,493.75
2017-03-20 21:00:00+00:00,118.0,385.75
2017-03-20 22:00:00+00:00,132.5,311.75
2017-03-20 23:00:00+00:00,139.5,303.5
2017-03-21 00:00:00+00:00,152.5,309.5
2017-03-21 01:00:00+00:00,171.25,284.0
2017-03-21 02:00:00+00:00,174.25,276.5
2017-03-21 03:00:00+00:00,181.75,311.75
2017-03-21 04:00:00+00:00,200.25,351.5
2017-03-21 05:00:00+00:00,198.25,423.5
2017-03-21 06:00:00+00:00,210.5,432.5
2017-03-21 07:00:00+00:00,211.5,461.0
2017-03-21 08:00:00+00:00,214.75,516.5
2017-03-21 09:00:00+00:00,216.75,556.5
2017-03-21 10:00:00+00:00,207.75,551.0
2017-03-21 11:00:00+00:00,187.5,513.5
2017-03-21 12:00:00+00:00,160.25,474.75
2017-03-21 13:00:00+00:00,144.0,379.25
2017-03-21 14:00:00+00:00,139.5,397.5
2017-03-21 15:00:00+00:00,115.5,422.75
2017-03-21 16:00:00+00:00,105.75,371.5
2017-03-21 17:00:00+00:00,143.25,304.5
2017-03-21 18:00:00+00:00,178.75,274.25
2017-03-21 19:00:00+00:00,194.0,320.0
2017-03-21 20:00:00+00:00,195.0,269.25
2017-03-21 21:00:00+00:00,196.0,283.75
2017-03-21 22:00:00+00:00,176.0,319.25
2017-03-21 23:00:00+00:00,156.75,304.0
2017-03-22 00:00:00+00:00,96.75,228.5
2017-03-22 01:00:00+00:00,93.0,195.0
2017-03-22 02:00:00+00:00,89.25,215.75
2017-03-22 03:00:00+00:00,92.5,233.75
2017-03-22 04:00:00+00:00,63.75,195.75
2017-03-22 05:00:00+00:00,80.0,145.0
2017-03-22 06:00:00+00:00,108.75,134.25
2017-03-22 07:00:00+00:00,118.0,115.75
2017-03-22 08:00:00+00:00,134.5,88.0
2017-03-22 09:00:00+00:00,113.0,75.5
2017-03-22 10:00:00+00:00,87.75,110.5
2017-03-22 11:00:00+00:00,50.75,107.25
2017-03-22 12:00:00+00:00,66.0,72.75
2017-03-22 13:00:00+00:00,63.0,103.5
2017-03-22 14:00:00+00:00,61.0,136.25
2017-03-22 15:00:00+00:00,40.25,107.75
2017-03-22 16:00:00+00:00,53.25,75.0
2017-03-22 17:00:00+00:00,94.75,83.75
2017-03-22 18:00:00+00:00,92.75,140.5
2017-03-22 19:00:00+00:00,89.25,158.5
2017-03-22 20:00:00+00:00,66.75,172.0
2017-03-22 21:00:00+00:00,94.75,128.0
2017-03-22 22:00:00+00:00,61.25,141.25
2017-03-22 23:00:00+00:00,60.25,207.5
2017-03-23 00:00:00+00:00,71.25,198.0
2017-03-23 01:00:00+00:00,67.75,203.0
2017-03-23 02:00:00+00:00,39.75,223.25
2017-03-23 03:00:00+00:00,33.75,178.5
2017-03-23 04:00:00+00:00,39.0,150.25
2017-03-23 05:00:00+00:00,65.25,156.25
2017-03-23 06:00:00+00:00,77.0,223.5
2017-03-23 07:00:00+00:00,76.0,143.75
2017-03-23 08:00:00+00:00,72.75,86.5
2017-03-23 09:00:00+00:00,58.0,100.25
2017-03-23 10:00:00+00:00,83.25,183.25
2017-03-23 11:00:00+00:00,124.5,218.0
2017-03-23 12:00:00+00:00,118.0,246.25
2017-03-23 13:00:00+00:00,115.75,271.75
2017-03-23 14:00:00+00:00,128.0,259.75
2017-03-23 15:00:00+00:00,148.25,258.0
2017-03-23 16:00:00+00:00,165.0,235.0
2017-03-23 17:00:00+00:00,154.75,231.75
2017-03-23 18:00:00+00:00,182.75,290.5
2017-03-23 19:00:00+00:00,199.75,365.25
2017-03-23 20:00:00+00:00,204.0,369.25
2017-03-23 21:00:00+00:00,202.5,372.5
2017-03-23 22:00:00+00:00,195.75,380.75
2017-03-23 23:00:00+00:00,187.25,360.0
2017-03-24 00:00:00+00:00,165.0,306.25
2017-03-24 01:00:00+00:00,149.0,285.25
2017-03-24 02:00:00+00:00,149.25,319.0
2017-03-24 03:00:00+00:00,147.5,268.5
2017-03-24 04:00:00+00:00,191.0,317.75
2017-03-24 05:00:00+00:00,182.0,354.75
2017-03-24 06:00:00+00:00,188.0,322.0
2017-03-24 07:00:00+00:00,160.75,266.0
2017-03-24 08:00:00+00:00,122.25,225.0
2017-03-24 09:00:00+00:00,102.75,232.75
2017-03-24 10:00:00+00:00,114.75,174.25
2017-03-24 11:00:00+00:00,113.25,148.75
2017-03-24 12:00:00+00:00,119.25,149.5
2017-03-24 13:00:00+00:00,151.5,164.25
2017-03-24 14:00:00+00:00,160.5,238.0
2017-03-24 15:00:00+00:00,165.0,282.75
2017-03-24 16:00:00+00:00,170.25,226.0
2017-03-24 17:00:00+00:00,180.25,237.25
2017-03-24 18:00:00+00:00,184.0,268.0
2017-03-24 19:00:00+00:00,187.5,348.25
2017-03-24 20:00:00+00:00,196.0,339.0
2017-03-24 21:00:00+00:00,163.25,279.0
2017-03-24 22:00:00+00:00,115.5,298.75
2017-03-24 23:00:00+00:00,102.75,282.75
2017-03-25 00:00:00+00:00,109.75,265.5
2017-03-25 01:00:00+00:00,96.25,261.25
2017-03-25 02:00:00+00:00,91.0,211.5
2017-03-25 03:00:00+00:00,74.25,161.75
2017-03-25 04:00:00+00:00,52.75,141.75
2017-03-25 05:00:00+00:00,54.5,131.0
2017-03-25 06:00:00+00:00,58.0,105.25
2017-03-25 07:00:00+00:00,46.75,70.0
2017-03-25 08:00:00+00:00,43.75,42.0
2017-03-25 09:00:00+00:00,50.5,35.5
2017-03-25 10:00:00+00:00,54.5,52.75
2017-03-25 11:00:00+00:00,82.5,84.0
2017-03-25 12:00:00+00:00,124.5,107.5
2017-03-25 13:00:00+00:00,162.75,130.75
2017-03-25 14:00:00+00:00,169.0,153.75
2017-03-25 15:00:00+00:00,169.75,147.0
2017-03-25 16:00:00+00:00,172.25,135.0
2017-03-25 17:00:00+00:00,185.5,165.75
2017-03-25 18:00:00+00:00,179.0,192.25
2017-03-25 19:00:00+00:00,156.0,188.75
2017-03-25 20:00:00+00:00,146.0,250.0
2017-03-25 21:00:00+00:00,154.5,259.75
2017-03-25 22:00:00+00:00,156.5,190.5
2017-03-25 23:00:00+00:00,109.5,167.25
2017-03-26 00:00:00+00:00,101.5,227.75
2017-03-26 01:00:00+00:00,110.75,267.25
2017-03-26 02:00:00+00:00,107.5,294.0
2017-03-26 03:00:00+00:00,97.0,288.5
2017-03-26 04:00:00+00:00,74.5,264.75
2017-03-26 05:00:00+00:00,58.5,184.75
2017-03-26 06:00:00+00:00,45.5,129.0
2017-03-26 07:00:00+00:00,37.75,40.25
2017-03-26 08:00:00+00:00,28.5,18.25
2017-03-26 09:00:00+00:00,24.75,18.25
2017-03-26 10:00:00+00:00,36.0,20.0
2017-03-26 11:00:00+00:00,38.75,29.25
2017-03-26 12:00:00+00:00,32.5,45.5
2017-03-26 13:00:00+00:00,41.0,59.25
2017-03-26 14:00:00+00:00,38.75,73.0
2017-03-26 15:00:00+00:00,36.25,58.0
2017-03-26 16:00:00+00:00,37.0,69.25
2017-03-26 17:00:00+00:00,38.0,94.0
2017-03-26 18:00:00+00:00,43.0,156.25
2017-03-26 19:00:00+00:00,44.75,222.5
2017-03-26 20:00:00+00:00,85.25,220.5
2017-03-26 21:00:00+00:00,92.0,179.5
2017-03-26 22:00:00+00:00,79.25,195.25
2017-03-26 23:00:00+00:00,76.75,207.25
2017-03-27 00:00:00+00:00,69.25,196.0
2017-03-27 01:00:00+00:00,46.0,158.25
2017-03-27 02:00:00+00:00,30.75,134.25
2017-03-27 03:00:00+00:00,33.75,119.25
2017-03-27 04:00:00+00:00,26.5,127.75
2017-03-27 05:00:00+00:00,29.75,80.25
2017-03-27 06:00:00+00:00,31.5,69.5
2017-03-27 07:00:00+00:00,12.25,43.25
2017-03-27 08:00:00+00:00,9.75,17.75
2017-03-27 09:00:00+00:00,6.75,8.0
2017-03-27 10:00:00+00:00,11.75,3.75
2017-03-27 11:00:00+00:00,10.5,17.0
2017-03-27 12:00:00+00:00,8.25,25.25
2017-03-27 13:00:00+00:00,4.75,39.0
2017-03-27 14:00:00+00:00,7.5,37.25
2017-03-27 15:00:00+00:00,10.25,50.75
2017-03-27 16:00:00+00:00,9.0,51.75
2017-03-27 17:00:00+00:00,5.25,55.25
2017-03-27 18:00:00+00:00,0.75,39.75
2017-03-27 19:00:00+00:00,2.0,40.5
2017-03-27 20:00:00+00:00,1.25,44.25
2017-03-27 21:00:00+00:00,0.25,33.0
2017-03-27 22:00:00+00:00,0.0,26.0
2017-03-27 23:00:00+00:00,0.0,18.25
2017-03-28 00:00:00+00:00,0.0,30.0
2017-03-28 01:00:00+00:00,0.0,39.5
2017-03-28 02:00:00+00:00,0.0,31.0
2017-03-28 03:00:00+00:00,2.25,28.0
2017-03-28 04:00:00+00:00,5.0,34.25
2017-03-28 05:00:00+00:00,7.0,34.0
2017-03-28 06:00:00+00:00,11.0,34.75
2017-03-28 07:00:00+00:00,12.75,31.0
2017-03-28 08:00:00+00:00,5.75,29.25
2017-03-28 09:00:00+00:00,5.25,16.75
2017-03-28 10:00:00+00:00,10.75,1.75
2017-03-28 11:00:00+00:00,22.5,4.5
2017-03-28 12:00:00+00:00,26.25,13.25
2017-03-28 13:00:00+00:00,48.0,33.25
2017-03-28 14:00:00+00:00,83.5,67.5
2017-03-28 15:00:00+00:00,122.25,86.25
2017-03-28 16:00:00+00:00,157.0,217.0
2017-03-28 17:00:00+00:00,169.0,288.5
2017-03-28 18:00:00+00:00,182.75,355.0
2017-03-28 19:00:00+00:00,188.0,310.25
2017-03-28 20:00:00+00:00,194.75,383.75
2017-03-28 21:00:00+00:00,204.0,423.75
2017-03-28 22:00:00+00:00,202.5,426.25
2017-03-28 23:00:00+00:00,194.75,423.5
2017-03-29 00:00:00+00:00,202.5,434.75
2017-03-29 01:00:00+00:00,207.0,469.0
2017-03-29 02:00:00+00:00,198.5,468.5
2017-03-29 03:00:00+00:00,158.5,464.75
2017-03-29 04:00:00+00:00,179.25,416.5
2017-03-29 05:00:00+00:00,200.5,274.0
2017-03-29 06:00:00+00:00,202.5,340.0
2017-03-29 07:00:00+00:00,205.5,399.75
2017-03-29 08:00:00+00:00,205.5,434.0
2017-03-29 09:00:00+00:00,201.25,487.75
2017-03-29 10:00:00+00:00,195.75,488.5
2017-03-29 11:00:00+00:00,196.0,451.25
2017-03-29 12:00:00+00:00,187.25,377.5
2017-03-29 13:00:00+00:00,180.75,366.5
2017-03-29 14:00:00+00:00,179.5,343.5
2017-03-29 15:00:00+00:00,187.0,288.5
2017-03-29 16:00:00+00:00,181.75,259.5
2017-03-29 17:00:00+00:00,191.0,221.75
2017-03-29 18:00:00+00:00,176.75,208.75
2017-03-29 19:00:00+00:00,158.25,204.0
2017-03-29 20:00:00+00:00,155.0,221.75
2017-03-29 21:00:00+00:00,150.5,282.0
2017-03-29 22:00:00+00:00,155.5,294.25
2017-03-29 23:00:00+00:00,181.25,267.75
2017-03-30 00:00:00+00:00,165.25,234.75
2017-03-30 01:00:00+00:00,140.0,259.0
2017-03-30 02:00:00+00:00,171.5,200.0
2017-03-30 03:00:00+00:00,191.5,225.0
2017-03-30 04:00:00+00:00,204.75,357.5
2017-03-30 05:00:00+00:00,211.5,434.0
2017-03-30 06:00:00+00:00,207.75,411.5
2017-03-30 07:00:00+00:00,196.0,380.75
2017-03-30 08:00:00+00:00,183.5,334.5
2017-03-30 09:00:00+00:00,192.0,261.75
2017-03-30 10:00:00+00:00,197.0,257.0
2017-03-30 11:00:00+00:00,183.5,269.0
2017-03-30 12:00:00+00:00,177.25,311.25
2017-03-30 13:00:00+00:00,135.75,277.0
2017-03-30 14:00:00+00:00,94.0,160.5
2017-03-30 15:00:00+00:00,60.5,140.25
2017-03-30 16:00:00+00:00,47.0,111.5
2017-03-30 17:00:00+00:00,63.75,55.0
2017-03-30 18:00:00+00:00,69.25,36.75
2017-03-30 19:00:00+00:00,78.5,53.5
2017-03-30 20:00:00+00:00,83.0,141.25
2017-03-30 21:00:00+00:00,78.5,189.75
2017-03-30 22:00:00+00:00,129.25,291.5
2017-03-30 23:00:00+00:00,169.25,360.5
2017-03-31 00:00:00+00:00,184.5,329.5
2017-03-31 01:00:00+00:00,183.0,306.0
2017-03-31 02:00:00+00:00,188.25,322.0
2017-03-31 03:00:00+00:00,191.0,342.5
2017-03-31 04:00:00+00:00,188.5,330.25
2017-03-31 05:00:00+00:00,192.0,308.5
2017-03-31 06:00:00+00:00,196.0,253.0
2017-03-31 07:00:00+00:00,176.0,174.75
2017-03-31 08:00:00+00:00,183.0,110.25
2017-03-31 09:00:00+00:00,183.5,99.5
2017-03-31 10:00:00+00:00,178.25,96.0
2017-03-31 11:00:00+00:00,193.5,91.0
2017-03-31 12:00:00+00:00,198.75,126.25
2017-03-31 13:00:00+00:00,192.25,391.5
2017-03-31 14:00:00+00:00,175.0,523.25
2017-03-31 15:00:00+00:00,183.25,499.5
2017-03-31 16:00:00+00:00,188.0,373.25
2017-03-31 17:00:00+00:00,197.0,267.75
2017-03-31 18:00:00+00:00,192.25,180.0
2017-03-31 19:00:00+00:00,179.0,188.5
2017-03-31 20:00:00+00:00,146.75,182.5
2017-03-31 21:00:00+00:00,136.0,159.75
2017-03-31 22:00:00+00:00,82.25,171.5
2017-03-31 23:00:00+00:00,35.5,147.75
2017-04-01 00:00:00+00:00,43.0,96.25
2017-04-01 01:00:00+00:00,37.75,73.75
2017-04-01 02:00:00+00:00,31.25,57.0
2017-04-01 03:00:00+00:00,68.25,40.25
2017-04-01 04:00:00+00:00,112.25,33.25
2017-04-01 05:00:00+00:00,105.0,39.0
2017-04-01 06:00:00+00:00,116.5,49.0
2017-04-01 07:00:00+00:00,83.0,55.25
2017-04-01 08:00:00+00:00,73.25,65.5
2017-04-01 09:00:00+00:00,50.0,52.0
2017-04-01 10:00:00+00:00,55.0,29.5
2017-04-01 11:00:00+00:00,52.5,21.0
2017-04-01 12:00:00+00:00,48.0,61.75
2017-04-01 13:00:00+00:00,52.5,37.5
2017-04-01 14:00:00+00:00,39.0,43.75
2017-04-01 15:00:00+00:00,37.0,23.25
2017-04-01 16:00:00+00:00,43.0,21.5
2017-04-01 17:00:00+00:00,47.75,21.5
2017-04-01 18:00:00+00:00,42.0,16.5
2017-04-01 19:00:00+00:00,55.25,13.0
2017-04-01 20:00:00+00:00,70.75,14.5
2017-04-01 21:00:00+00:00,83.75,31.0
2017-04-01 22:00:00+00:00,100.0,35.0
2017-04-01 23:00:00+00:00,93.25,60.75
2017-04-02 00:00:00+00:00,87.25,81.25
2017-04-02 01:00:00+00:00,61.5,87.25
2017-04-02 02:00:00+00:00,45.75,102.75
2017-04-02 03:00:00+00:00,19.25,97.75
2017-04-02 04:00:00+00:00,1.25,90.5
2017-04-02 05:00:00+00:00,1.5,65.0
2017-04-02 06:00:00+00:00,6.25,47.0
2017-04-02 07:00:00+00:00,9.75,32.75
2017-04-02 08:00:00+00:00,6.25,28.5
2017-04-02 09:00:00+00:00,1.0,22.25
2017-04-02 10:00:00+00:00,1.5,37.5
2017-04-02 11:00:00+00:00,4.0,40.0
2017-04-02 12:00:00+00:00,16.5,56.5
2017-04-02 13:00:00+00:00,12.5,95.5
2017-04-02 14:00:00+00:00,8.75,108.0
2017-04-02 15:00:00+00:00,15.5,71.5
2017-04-02 16:00:00+00:00,20.75,65.5
2017-04-02 17:00:00+00:00,15.75,60.75
2017-04-02 18:00:00+00:00,12.5,48.75
2017-04-02 19:00:00+00:00,10.5,44.5
2017-04-02 20:00:00+00:00,7.75,38.25
2017-04-02 21:00:00+00:00,7.0,24.75
2017-04-02 22:00:00+00:00,3.0,13.5
2017-04-02 23:00:00+00:00,0.0,3.25
2017-04-03 00:00:00+00:00,0.0,1.25
2017-04-03 01:00:00+00:00,0.0,1.0
2017-04-03 02:00:00+00:00,0.0,1.25
2017-04-03 03:00:00+00:00,0.0,0.5
2017-04-03 04:00:00+00:00,0.0,0.0
2017-04-03 05:00:00+00:00,0.0,0.0
2017-04-03 06:00:00+00:00,0.0,0.0
2017-04-03 07:00:00+00:00,0.0,0.25
2017-04-03 08:00:00+00:00,0.0,1.0
2017-04-03 09:00:00+00:00,0.25,0.25
2017-04-03 10:00:00+00:00,0.0,1.0
2017-04-03 11:00:00+00:00,0.25,1.25
2017-04-03 12:00:00+00:00,0.25,1.0
2017-04-03 13:00:00+00:00,0.0,2.0
2017-04-03 14:00:00+00:00,0.0,3.5
2017-04-03 15:00:00+00:00,0.0,2.75
2017-04-03 16:00:00+00:00,0.0,5.25
2017-04-03 17:00:00+00:00,0.0,5.0
2017-04-03 18:00:00+00:00,0.0,4.0
2017-04-03 19:00:00+00:00,0.5,3.25
2017-04-03 20:00:00+00:00,6.5,6.5
2017-04-03 21:00:00+00:00,20.5,13.25
2017-04-03 22:00:00+00:00,28.5,33.25
2017-04-03 23:00:00+00:00,33.25,42.25
2017-04-04 00:00:00+00:00,33.0,39.25
2017-04-04 01:00:00+00:00,34.75,41.5
2017-04-04 02:00:00+00:00,33.5,54.75
2017-04-04 03:00:00+00:00,32.25,48.5
2017-04-04 04:00:00+00:00,20.25,45.25
2017-04-04 05:00:00+00:00,7.75,48.5
2017-04-04 06:00:00+00:00,6.5,38.75
2017-04-04 07:00:00+00:00,1.25,21.75
2017-04-04 08:00:00+00:00,0.25,3.75
2017-04-04 09:00:00+00:00,0.0,2.5
2017-04-04 10:00:00+00:00,0.0,2.0
2017-04-04 11:00:00+00:00,0.0,1.0
2017-04-04 12:00:00+00:00,0.0,0.75
2017-04-04 13:00:00+00:00,4.25,2.25
2017-04-04 14:00:00+00:00,8.0,3.25
2017-04-04 15:00:00+00:00,6.75,4.5
2017-04-04 16:00:00+00:00,12.5,23.75
2017-04-04 17:00:00+00:00,10.75,103.25
2017-04-04 18:00:00+00:00,12.0,97.5
2017-04-04 19:00:00+00:00,21.5,36.5
2017-04-04 20:00:00+00:00,31.75,30.25
2017-04-04 21:00:00+00:00,27.25,49.75
2017-04-04 22:00:00+00:00,35.5,25.0
2017-04-04 23:00:00+00:00,57.0,11.0
2017-04-05 00:00:00+00:00,66.5,39.75
2017-04-05 01:00:00+00:00,50.25,60.5
2017-04-05 02:00:00+00:00,36.25,77.5
2017-04-05 03:00:00+00:00,48.75,73.25
2017-04-05 04:00:00+00:00,61.0,81.0
2017-04-05 05:00:00+00:00,52.25,114.75
2017-04-05 06:00:00+00:00,41.25,132.75
2017-04-05 07:00:00+00:00,56.0,146.5
2017-04-05 08:00:00+00:00,56.5,156.5
2017-04-05 09:00:00+00:00,52.75,169.75
2017-04-05 10:00:00+00:00,65.75,223.5
2017-04-05 11:00:00+00:00,77.5,249.5
2017-04-05 12:00:00+00:00,85.5,261.75
2017-04-05 13:00:00+00:00,100.75,254.5
2017-04-05 14:00:00+00:00,136.5,282.75
2017-04-05 15:00:00+00:00,114.25,289.5
2017-04-05 16:00:00+00:00,117.75,274.5
2017-04-05 17:00:00+00:00,120.75,286.0
2017-04-05 18:00:00+00:00,88.0,352.25
2017-04-05 19:00:00+00:00,89.75,407.0
2017-04-05 20:00:00+00:00,84.25,450.75
2017-04-05 21:00:00+00:00,100.5,439.5
2017-04-05 22:00:00+00:00,128.75,400.0
2017-04-05 23:00:00+00:00,176.0,406.75
2017-04-06 00:00:00+00:00,187.75,402.25
2017-04-06 01:00:00+00:00,196.25,340.75
2017-04-06 02:00:00+00:00,182.5,336.5
2017-04-06 03:00:00+00:00,148.5,312.0
2017-04-06 04:00:00+00:00,115.5,217.25
2017-04-06 05:00:00+00:00,90.0,161.75
2017-04-06 06:00:00+00:00,93.5,109.0
2017-04-06 07:00:00+00:00,63.75,141.25
2017-04-06 08:00:00+00:00,38.75,109.0
2017-04-06 09:00:00+00:00,41.25,132.75
2017-04-06 10:00:00+00:00,33.25,136.0
2017-04-06 11:00:00+00:00,19.0,125.75
2017-04-06 12:00:00+00:00,10.75,106.5
2017-04-06 13:00:00+00:00,15.5,96.5
2017-04-06 14:00:00+00:00,14.25,115.5
2017-04-06 15:00:00+00:00,11.5,109.25
2017-04-06 16:00:00+00:00,4.75,94.25
2017-04-06 17:00:00+00:00,0.75,83.5
2017-04-06 18:00:00+00:00,0.0,65.25
2017-04-06 19:00:00+00:00,2.5,62.75
2017-04-06 20:00:00+00:00,17.5,66.75
2017-04-06 21:00:00+00:00,37.5,121.75
2017-04-06 22:00:00+00:00,54.25,216.75
2017-04-06 23:00:00+00:00,81.0,252.25
2017-04-07 00:00:00+00:00,97.25,255.5
2017-04-07 01:00:00+00:00,93.75,267.0
2017-04-07 02:00:00+00:00,73.0,259.75
2017-04-07 03:00:00+00:00,46.75,254.0
2017-04-07 04:00:00+00:00,36.25,221.0
2017-04-07 05:00:00+00:00,37.75,175.0
2017-04-07 06:00:00+00:00,25.0,125.0
2017-04-07 07:00:00+00:00,26.5,118.0
2017-04-07 08:00:00+00:00,25.5,105.0
2017-04-07 09:00:00+00:00,21.0,103.0
2017-04-07 10:00:00+00:00,21.5,106.25
2017-04-07 11:00:00+00:00,26.25,103.5
2017-04-07 12:00:00+00:00,27.75,139.5
2017-04-07 13:00:00+00:00,21.5,139.25
2017-04-07 14:00:00+00:00,16.75,122.25
2017-04-07 15:00:00+00:00,14.25,101.5
2017-04-07 16:00:00+00:00,11.25,80.0
2017-04-07 17:00:00+00:00,10.25,75.25
2017-04-07 18:00:00+00:00,3.0,60.0
2017-04-07 19:00:00+00:00,0.25,32.75
2017-04-07 20:00:00+00:00,0.0,20.0
2017-04-07 21:00:00+00:00,0.25,21.25
2017-04-07 22:00:00+00:00,1.75,20.5
2017-04-07 23:00:00+00:00,1.25,17.75
2017-04-08 00:00:00+00:00,0.5,9.5
2017-04-08 01:00:00+00:00,0.0,5.25
2017-04-08 02:00:00+00:00,0.0,7.75
2017-04-08 03:00:00+00:00,0.0,10.75
2017-04-08 04:00:00+00:00,0.0,7.75
2017-04-08 05:00:00+00:00,1.75,10.25
2017-04-08 06:00:00+00:00,1.0,12.75
2017-04-08 07:00:00+00:00,0.0,13.0
2017-04-08 08:00:00+00:00,0.0,10.75
2017-04-08 09:00:00+00:00,0.0,5.75
2017-04-08 10:00:00+00:00,0.0,2.75
2017-04-08 11:00:00+00:00,0.0,2.0
2017-04-08 12:00:00+00:00,0.0,2.0
2017-04-08 13:00:00+00:00,0.0,3.0
2017-04-08 14:00:00+00:00,0.0,2.25
2017-04-08 15:00:00+00:00,0.0,2.25
2017-04-08 16:00:00+00:00,0.0,1.0
2017-04-08 17:00:00+00:00,0.0,1.75
2017-04-08 18:00:00+00:00,0.0,1.75
2017-04-08 19:00:00+00:00,0.0,4.25
2017-04-08 20:00:00+00:00,0.0,11.75
2017-04-08 21:00:00+00:00,0.75,12.25
2017-04-08 22:00:00+00:00,5.25,8.75
2017-04-08 23:00:00+00:00,12.5,11.0
2017-04-09 00:00:00+00:00,23.0,21.25
2017-04-09 01:00:00+00:00,37.75,41.25
2017-04-09 02:00:00+00:00,63.0,46.5
2017-04-09 03:00:00+00:00,57.5,47.0
2017-04-09 04:00:00+00:00,52.75,49.5
2017-04-09 05:00:00+00:00,41.5,52.5
2017-04-09 06:00:00+00:00,34.5,38.25
2017-04-09 07:00:00+00:00,29.75,19.0
2017-04-09 08:00:00+00:00,23.75,4.75
2017-04-09 09:00:00+00:00,27.75,5.0
2017-04-09 10:00:00+00:00,23.75,4.5
2017-04-09 11:00:00+00:00,10.25,4.25
2017-04-09 12:00:00+00:00,6.5,6.75
2017-04-09 13:00:00+00:00,6.75,10.0
2017-04-09 14:00:00+00:00,23.25,16.0
2017-04-09 15:00:00+00:00,38.25,21.25
2017-04-09 16:00:00+00:00,48.25,33.5
2017-04-09 17:00:00+00:00,66.0,52.5
2017-04-09 18:00:00+00:00,81.75,67.75
2017-04-09 19:00:00+00:00,115.75,150.0
2017-04-09 20:00:00+00:00,172.5,257.0
2017-04-09 21:00:00+00:00,201.75,382.75
2017-04-09 22:00:00+00:00,208.25,532.25
2017-04-09 23:00:00+00:00,192.0,549.0
2017-04-10 00:00:00+00:00,180.25,530.25
2017-04-10 01:00:00+00:00,151.5,354.5
2017-04-10 02:00:00+00:00,169.75,338.25
2017-04-10 03:00:00+00:00,193.75,400.0
2017-04-10 04:00:00+00:00,167.75,409.5
2017-04-10 05:00:00+00:00,97.0,347.0
2017-04-10 06:00:00+00:00,100.5,250.75
2017-04-10 07:00:00+00:00,128.25,307.25
2017-04-10 08:00:00+00:00,83.25,297.5
2017-04-10 09:00:00+00:00,38.0,214.0
2017-04-10 10:00:00+00:00,35.0,170.75
2017-04-10 11:00:00+00:00,53.25,160.25
2017-04-10 12:00:00+00:00,70.25,239.25
2017-04-10 13:00:00+00:00,91.75,280.0
2017-04-10 14:00:00+00:00,75.5,305.75
2017-04-10 15:00:00+00:00,75.25,327.0
2017-04-10 16:00:00+00:00,81.25,312.75
2017-04-10 17:00:00+00:00,55.25,293.25
2017-04-10 18:00:00+00:00,52.25,270.0
2017-04-10 19:00:00+00:00,58.25,243.0
2017-04-10 20:00:00+00:00,85.75,294.0
2017-04-10 21:00:00+00:00,61.25,254.75
2017-04-10 22:00:00+00:00,25.25,195.5
2017-04-10 23:00:00+00:00,14.5,130.25
2017-04-11 00:00:00+00:00,13.5,128.5
2017-04-11 01:00:00+00:00,22.0,160.25
2017-04-11 02:00:00+00:00,40.75,173.25
2017-04-11 03:00:00+00:00,89.0,200.5
2017-04-11 04:00:00+00:00,15.75,170.0
2017-04-11 05:00:00+00:00,30.5,138.75
2017-04-11 06:00:00+00:00,50.0,136.5
2017-04-11 07:00:00+00:00,55.75,164.25
2017-04-11 08:00:00+00:00,46.0,167.5
2017-04-11 09:00:00+00:00,41.25,148.25
2017-04-11 10:00:00+00:00,50.75,172.0
2017-04-11 11:00:00+00:00,46.25,176.0
2017-04-11 12:00:00+00:00,55.75,166.0
2017-04-11 13:00:00+00:00,64.0,208.75
2017-04-11 14:00:00+00:00,63.0,242.75
2017-04-11 15:00:00+00:00,50.5,242.5
2017-04-11 16:00:00+00:00,87.5,219.0
2017-04-11 17:00:00+00:00,120.25,232.0
2017-04-11 18:00:00+00:00,138.75,216.75
2017-04-11 19:00:00+00:00,165.5,247.25
2017-04-11 20:00:00+00:00,178.5,290.25
2017-04-11 21:00:00+00:00,165.5,355.25
2017-04-11 22:00:00+00:00,181.75,423.0
2017-04-11 23:00:00+00:00,160.5,460.75
2017-04-12 00:00:00+00:00,163.0,446.75
2017-04-12 01:00:00+00:00,180.75,437.25
2017-04-12 02:00:00+00:00,183.25,450.5
2017-04-12 03:00:00+00:00,169.0,398.0
2017-04-12 04:00:00+00:00,148.75,361.25
2017-04-12 05:00:00+00:00,162.5,343.0
2017-04-12 06:00:00+00:00,166.5,350.0
2017-04-12 07:00:00+00:00,182.25,380.75
2017-04-12 08:00:00+00:00,185.25,403.25
2017-04-12 09:00:00+00:00,180.0,447.25
2017-04-12 10:00:00+00:00,186.5,460.25
2017-04-12 11:00:00+00:00,189.0,525.0
2017-04-12 12:00:00+00:00,189.5,515.5
2017-04-12 13:00:00+00:00,200.0,564.5
2017-04-12 14:00:00+00:00,196.75,581.25
2017-04-12 15:00:00+00:00,191.5,566.75
2017-04-12 16:00:00+00:00,145.5,510.25
2017-04-12 17:00:00+00:00,148.0,430.75
2017-04-12 18:00:00+00:00,164.25,456.0
2017-04-12 19:00:00+00:00,170.0,381.5
2017-04-12 20:00:00+00:00,161.0,215.75
2017-04-12 21:00:00+00:00,55.0,165.0
2017-04-12 22:00:00+00:00,54.75,175.5
2017-04-12 23:00:00+00:00,88.25,180.75
2017-04-13 00:00:00+00:00,143.25,180.25
2017-04-13 01:00:00+00:00,162.5,232.75
2017-04-13 02:00:00+00:00,173.75,362.75
2017-04-13 03:00:00+00:00,192.5,355.5
2017-04-13 04:00:00+00:00,186.0,304.0
2017-04-13 05:00:00+00:00,167.75,337.5
2017-04-13 06:00:00+00:00,132.75,319.5
2017-04-13 07:00:00+00:00,98.0,257.25
2017-04-13 08:00:00+00:00,68.75,238.25
2017-04-13 09:00:00+00:00,43.0,241.25
2017-04-13 10:00:00+00:00,29.0,190.25
2017-04-13 11:00:00+00:00,31.0,225.0
2017-04-13 12:00:00+00:00,48.75,206.25
2017-04-13 13:00:00+00:00,57.0,251.25
2017-04-13 14:00:00+00:00,75.75,320.5
2017-04-13 15:00:00+00:00,55.75,339.5
2017-04-13 16:00:00+00:00,45.75,289.5
2017-04-13 17:00:00+00:00,56.25,180.25
2017-04-13 18:00:00+00:00,54.75,171.25
2017-04-13 19:00:00+00:00,38.75,169.0
2017-04-13 20:00:00+00:00,28.5,167.0
2017-04-13 21:00:00+00:00,29.5,150.75
2017-04-13 22:00:00+00:00,28.25,114.0
2017-04-13 23:00:00+00:00,31.25,113.5
2017-04-14 00:00:00+00:00,34.5,151.5
2017-04-14 01:00:00+00:00,53.5,153.75
2017-04-14 02:00:00+00:00,39.75,127.0
2017-04-14 03:00:00+00:00,37.25,181.5
2017-04-14 04:00:00+00:00,45.25,202.75
2017-04-14 05:00:00+00:00,38.75,191.0
2017-04-14 06:00:00+00:00,39.0,167.25
2017-04-14 07:00:00+00:00,65.0,153.0
2017-04-14 08:00:00+00:00,75.25,154.25
2017-04-14 09:00:00+00:00,57.0,212.25
2017-04-14 10:00:00+00:00,66.75,200.75
2017-04-14 11:00:00+00:00,61.25,183.25
2017-04-14 12:00:00+00:00,61.0,177.5
2017-04-14 13:00:00+00:00,68.75,232.25
2017-04-14 14:00:00+00:00,79.5,288.5
2017-04-14 15:00:00+00:00,88.5,227.5
2017-04-14 16:00:00+00:00,84.0,198.25
2017-04-14 17:00:00+00:00,101.5,227.75
2017-04-14 18:00:00+00:00,125.75,158.25
2017-04-14 19:00:00+00:00,175.5,158.5
2017-04-14 20:00:00+00:00,195.25,238.25
2017-04-14 21:00:00+00:00,200.25,258.5
2017-04-14 22:00:00+00:00,203.0,360.25
2017-04-14 23:00:00+00:00,197.75,491.0
2017-04-15 00:00:00+00:00,197.5,506.5
2017-04-15 01:00:00+00:00,153.0,349.75
2017-04-15 02:00:00+00:00,179.75,283.75
2017-04-15 03:00:00+00:00,197.25,360.5
2017-04-15 04:00:00+00:00,181.25,500.0
2017-04-15 05:00:00+00:00,161.5,453.75
2017-04-15 06:00:00+00:00,151.5,477.25
2017-04-15 07:00:00+00:00,159.5,470.25
2017-04-15 08:00:00+00:00,172.75,517.25
2017-04-15 09:00:00+00:00,176.75,534.25
2017-04-15 10:00:00+00:00,187.75,514.0
2017-04-15 11:00:00+00:00,184.5,555.5
2017-04-15 12:00:00+00:00,178.5,559.25
2017-04-15 13:00:00+00:00,169.5,534.5
2017-04-15 14:00:00+00:00,150.75,516.5
2017-04-15 15:00:00+00:00,144.5,526.75
2017-04-15 16:00:00+00:00,99.25,530.25
2017-04-15 17:00:00+00:00,64.75,403.75
2017-04-15 18:00:00+00:00,94.75,441.5
2017-04-15 19:00:00+00:00,124.5,434.75
2017-04-15 20:00:00+00:00,107.5,451.25
2017-04-15 21:00:00+00:00,109.0,372.75
2017-04-15 22:00:00+00:00,52.25,377.0
2017-04-15 23:00:00+00:00,66.0,354.0
2017-04-16 00:00:00+00:00,118.25,365.75
2017-04-16 01:00:00+00:00,122.5,331.75
2017-04-16 02:00:00+00:00,136.5,288.5
2017-04-16 03:00:00+00:00,105.0,255.0
2017-04-16 04:00:00+00:00,116.75,209.0
2017-04-16 05:00:00+00:00,100.0,120.75
2017-04-16 06:00:00+00:00,92.25,98.75
2017-04-16 07:00:00+00:00,92.0,123.0
2017-04-16 08:00:00+00:00,34.25,125.25
2017-04-16 09:00:00+00:00,76.5,111.5
2017-04-16 10:00:00+00:00,74.25,156.75
2017-04-16 11:00:00+00:00,84.0,206.5
2017-04-16 12:00:00+00:00,88.5,250.5
2017-04-16 13:00:00+00:00,80.25,307.5
2017-04-16 14:00:00+00:00,64.5,334.25
2017-04-16 15:00:00+00:00,49.0,322.25
2017-04-16 16:00:00+00:00,36.75,270.0
2017-04-16 17:00:00+00:00,33.0,180.5
2017-04-16 18:00:00+00:00,21.0,155.5
2017-04-16 19:00:00+00:00,3.25,126.5
2017-04-16 20:00:00+00:00,0.25,73.25
2017-04-16 21:00:00+00:00,0.0,52.75
2017-04-16 22:00:00+00:00,1.0,45.0
2017-04-16 23:00:00+00:00,14.25,59.5
2017-04-17 00:00:00+00:00,10.0,25.75
2017-04-17 01:00:00+00:00,8.25,31.25
2017-04-17 02:00:00+00:00,13.0,27.5
2017-04-17 03:00:00+00:00,24.0,41.25
2017-04-17 04:00:00+00:00,62.25,78.75
2017-04-17 05:00:00+00:00,104.0,99.5
2017-04-17 06:00:00+00:00,139.75,91.5
2017-04-17 07:00:00+00:00,136.5,115.5
2017-04-17 08:00:00+00:00,108.75,173.0
2017-04-17 09:00:00+00:00,114.75,215.0
2017-04-17 10:00:00+00:00,123.5,299.5
2017-04-17 11:00:00+00:00,132.75,402.75
2017-04-17 12:00:00+00:00,137.5,408.25
2017-04-17 13:00:00+00:00,172.25,397.25
2017-04-17 14:00:00+00:00,167.25,399.25
2017-04-17 15:00:00+00:00,180.0,359.75
2017-04-17 16:00:00+00:00,173.0,425.0
2017-04-17 17:00:00+00:00,181.25,377.5
2017-04-17 18:00:00+00:00,189.25,295.75
2017-04-17 19:00:00+00:00,168.0,423.75
2017-04-17 20:00:00+00:00,177.25,353.5
2017-04-17 21:00:00+00:00,159.0,296.75
2017-04-17 22:00:00+00:00,157.75,216.25
2017-04-17 23:00:00+00:00,106.0,185.5
2017-04-18 00:00:00+00:00,74.25,138.0
2017-04-18 01:00:00+00:00,92.75,132.75
2017-04-18 02:00:00+00:00,43.5,99.75
2017-04-18 03:00:00+00:00,20.75,91.25
2017-04-18 04:00:00+00:00,37.0,98.5
2017-04-18 05:00:00+00:00,40.0,62.25
2017-04-18 06:00:00+00:00,30.5,49.25
2017-04-18 07:00:00+00:00,40.0,27.5
2017-04-18 08:00:00+00:00,60.0,42.25
2017-04-18 09:00:00+00:00,51.25,55.75
2017-04-18 10:00:00+00:00,32.5,66.25
2017-04-18 11:00:00+00:00,10.5,96.0
2017-04-18 12:00:00+00:00,27.0,154.25
2017-04-18 13:00:00+00:00,31.5,159.25
2017-04-18 14:00:00+00:00,67.5,268.25
2017-04-18 15:00:00+00:00,168.75,288.5
2017-04-18 16:00:00+00:00,196.5,312.5
2017-04-18 17:00:00+00:00,189.75,271.5
2017-04-18 18:00:00+00:00,177.25,301.25
2017-04-18 19:00:00+00:00,178.25,282.75
2017-04-18 20:00:00+00:00,179.5,248.25
2017-04-18 21:00:00+00:00,152.0,191.5
2017-04-18 22:00:00+00:00,112.25,136.5
2017-04-18 23:00:00+00:00,91.75,119.75
2017-04-19 00:00:00+00:00,70.5,90.0
2017-04-19 01:00:00+00:00,41.25,52.25
2017-04-19 02:00:00+00:00,24.5,36.25
2017-04-19 03:00:00+00:00,11.0,40.0
2017-04-19 04:00:00+00:00,8.25,8.0
2017-04-19 05:00:00+00:00,12.75,2.75
2017-04-19 06:00:00+00:00,0.75,3.75
2017-04-19 07:00:00+00:00,0.0,8.25
2017-04-19 08:00:00+00:00,0.0,17.75
2017-04-19 09:00:00+00:00,0.0,17.25
2017-04-19 10:00:00+00:00,0.0,13.0
2017-04-19 11:00:00+00:00,0.0,15.0
2017-04-19 12:00:00+00:00,0.0,20.5
2017-04-19 13:00:00+00:00,0.0,18.75
2017-04-19 14:00:00+00:00,0.0,19.25
2017-04-19 15:00:00+00:00,2.25,33.5
2017-04-19 16:00:00+00:00,2.25,19.0
2017-04-19 17:00:00+00:00,6.25,9.5
2017-04-19 18:00:00+00:00,4.5,10.0
2017-04-19 19:00:00+00:00,2.5,17.5
2017-04-19 20:00:00+00:00,3.0,31.75
2017-04-19 21:00:00+00:00,2.75,47.5
2017-04-19 22:00:00+00:00,3.25,43.0
2017-04-19 23:00:00+00:00,4.25,52.0
2017-04-20 00:00:00+00:00,2.5,46.75
2017-04-20 01:00:00+00:00,0.25,29.5
2017-04-20 02:00:00+00:00,1.5,17.0
2017-04-20 03:00:00+00:00,6.75,8.25
2017-04-20 04:00:00+00:00,10.25,12.0
2017-04-20 05:00:00+00:00,17.25,32.25
2017-04-20 06:00:00+00:00,24.75,47.0
2017-04-20 07:00:00+00:00,31.0,43.0
2017-04-20 08:00:00+00:00,32.75,61.25
2017-04-20 09:00:00+00:00,47.25,65.5
2017-04-20 10:00:00+00:00,54.25,66.0
2017-04-20 11:00:00+00:00,72.0,76.25
2017-04-20 12:00:00+00:00,89.5,84.25
2017-04-20 13:00:00+00:00,106.0,89.75
2017-04-20 14:00:00+00:00,110.25,134.25
2017-04-20 15:00:00+00:00,103.0,135.25
2017-04-20 16:00:00+00:00,90.0,132.0
2017-04-20 17:00:00+00:00,78.25,133.75
2017-04-20 18:00:00+00:00,65.75,131.5
2017-04-20 19:00:00+00:00,48.75,124.5
2017-04-20 20:00:00+00:00,60.25,121.5
2017-04-20 21:00:00+00:00,68.25,143.5
2017-04-20 22:00:00+00:00,65.75,102.75
2017-04-20 23:00:00+00:00,60.75,122.0
2017-04-21 00:00:00+00:00,52.25,128.75
2017-04-21 01:00:00+00:00,54.5,114.0
2017-04-21 02:00:00+00:00,43.25,95.5
2017-04-21 03:00:00+00:00,47.75,97.0
2017-04-21 04:00:00+00:00,55.5,129.0
2017-04-21 05:00:00+00:00,54.25,114.5
2017-04-21 06:00:00+00:00,52.5,111.0
2017-04-21 07:00:00+00:00,36.25,151.5
2017-04-21 08:00:00+00:00,47.0,162.0
2017-04-21 09:00:00+00:00,65.25,182.0
2017-04-21 10:00:00+00:00,71.75,182.5
2017-04-21 11:00:00+00:00,68.25,246.25
2017-04-21 12:00:00+00:00,89.5,356.0
2017-04-21 13:00:00+00:00,108.0,365.75
2017-04-21 14:00:00+00:00,122.75,424.0
2017-04-21 15:00:00+00:00,137.5,455.5
2017-04-21 16:00:00+00:00,127.5,410.0
2017-04-21 17:00:00+00:00,130.0,386.25
2017-04-21 18:00:00+00:00,136.75,416.25
2017-04-21 19:00:00+00:00,115.25,369.75
2017-04-21 20:00:00+00:00,100.25,284.75
2017-04-21 21:00:00+00:00,68.75,209.75
2017-04-21 22:00:00+00:00,66.25,167.0
2017-04-21 23:00:00+00:00,72.5,146.25
2017-04-22 00:00:00+00:00,42.5,204.25
2017-04-22 01:00:00+00:00,36.25,250.75
2017-04-22 02:00:00+00:00,61.5,298.75
2017-04-22 03:00:00+00:00,96.75,287.25
2017-04-22 04:00:00+00:00,108.25,292.5
2017-04-22 05:00:00+00:00,113.25,283.25
2017-04-22 06:00:00+00:00,99.75,275.25
2017-04-22 07:00:00+00:00,79.5,374.5
2017-04-22 08:00:00+00:00,97.25,440.25
2017-04-22 09:00:00+00:00,96.0,380.25
2017-04-22 10:00:00+00:00,116.75,387.25
2017-04-22 11:00:00+00:00,120.75,404.75
2017-04-22 12:00:00+00:00,109.5,366.25
2017-04-22 13:00:00+00:00,153.5,417.0
2017-04-22 14:00:00+00:00,172.0,462.0
2017-04-22 15:00:00+00:00,144.25,431.5
2017-04-22 16:00:00+00:00,154.25,383.5
2017-04-22 17:00:00+00:00,157.25,403.0
2017-04-22 18:00:00+00:00,144.75,340.75
2017-04-22 19:00:00+00:00,165.75,282.5
2017-04-22 20:00:00+00:00,129.75,265.0
2017-04-22 21:00:00+00:00,138.25,257.0
2017-04-22 22:00:00+00:00,131.75,242.5
2017-04-22 23:00:00+00:00,108.5,195.75
2017-04-23 00:00:00+00:00,108.25,240.25
2017-04-23 01:00:00+00:00,100.0,192.25
2017-04-23 02:00:00+00:00,69.5,257.0
2017-04-23 03:00:00+00:00,54.25,216.25
2017-04-23 04:00:00+00:00,54.5,257.0
2017-04-23 05:00:00+00:00,67.5,261.25
2017-04-23 06:00:00+00:00,79.5,262.25
2017-04-23 07:00:00+00:00,74.5,354.0
2017-04-23 08:00:00+00:00,45.0,284.5
2017-04-23 09:00:00+00:00,41.75,210.5
2017-04-23 10:00:00+00:00,38.5,215.0
2017-04-23 11:00:00+00:00,28.5,216.25
2017-04-23 12:00:00+00:00,9.75,205.0
2017-04-23 13:00:00+00:00,8.25,204.75
2017-04-23 14:00:00+00:00,4.5,159.25
2017-04-23 15:00:00+00:00,7.75,106.75
2017-04-23 16:00:00+00:00,4.0,59.75
2017-04-23 17:00:00+00:00,14.5,30.0
2017-04-23 18:00:00+00:00,21.75,27.5
2017-04-23 19:00:00+00:00,33.25,45.0
2017-04-23 20:00:00+00:00,56.0,76.0
2017-04-23 21:00:00+00:00,90.0,133.75
2017-04-23 22:00:00+00:00,121.0,218.0
2017-04-23 23:00:00+00:00,151.0,274.0
2017-04-24 00:00:00+00:00,174.25,375.25
2017-04-24 01:00:00+00:00,200.25,423.0
2017-04-24 02:00:00+00:00,207.75,489.25
2017-04-24 03:00:00+00:00,208.75,513.25
2017-04-24 04:00:00+00:00,202.75,552.25
2017-04-24 05:00:00+00:00,165.5,547.75
2017-04-24 06:00:00+00:00,119.75,533.75
2017-04-24 07:00:00+00:00,129.75,489.0
2017-04-24 08:00:00+00:00,157.75,398.75
2017-04-24 09:00:00+00:00,134.75,416.5
2017-04-24 10:00:00+00:00,134.0,374.5
2017-04-24 11:00:00+00:00,157.5,340.5
2017-04-24 12:00:00+00:00,155.0,346.75
2017-04-24 13:00:00+00:00,121.75,348.25
2017-04-24 14:00:00+00:00,118.0,274.0
2017-04-24 15:00:00+00:00,134.75,171.5
2017-04-24 16:00:00+00:00,120.75,160.75
2017-04-24 17:00:00+00:00,33.75,118.0
2017-04-24 18:00:00+00:00,13.5,81.25
2017-04-24 19:00:00+00:00,7.25,26.5
2017-04-24 20:00:00+00:00,13.0,37.5
2017-04-24 21:00:00+00:00,39.5,42.25
2017-04-24 22:00:00+00:00,63.75,55.25
2017-04-24 23:00:00+00:00,127.25,102.25
2017-04-25 00:00:00+00:00,165.75,314.75
2017-04-25 01:00:00+00:00,194.0,238.5
2017-04-25 02:00:00+00:00,204.5,259.75
2017-04-25 03:00:00+00:00,212.0,292.25
2017-04-25 04:00:00+00:00,210.0,428.5
2017-04-25 05:00:00+00:00,209.25,331.25
2017-04-25 06:00:00+00:00,208.25,234.0
2017-04-25 07:00:00+00:00,211.5,247.0
2017-04-25 08:00:00+00:00,202.75,390.75
2017-04-25 09:00:00+00:00,175.75,426.0
2017-04-25 10:00:00+00:00,133.5,273.75
2017-04-25 11:00:00+00:00,120.5,180.25
2017-04-25 12:00:00+00:00,151.5,160.75
2017-04-25 13:00:00+00:00,183.0,307.75
2017-04-25 14:00:00+00:00,152.75,367.75
2017-04-25 15:00:00+00:00,168.25,321.0
2017-04-25 16:00:00+00:00,175.5,342.5
2017-04-25 17:00:00+00:00,139.25,168.5
2017-04-25 18:00:00+00:00,142.0,220.0
2017-04-25 19:00:00+00:00,120.75,159.0
2017-04-25 20:00:00+00:00,111.0,125.25
2017-04-25 21:00:00+00:00,98.75,58.25
2017-04-25 22:00:00+00:00,80.5,30.5
2017-04-25 23:00:00+00:00,72.75,45.0
2017-04-26 00:00:00+00:00,52.25,13.25
2017-04-26 01:00:00+00:00,48.5,9.5
2017-04-26 02:00:00+00:00,46.75,5.75
2017-04-26 03:00:00+00:00,32.75,1.25
2017-04-26 04:00:00+00:00,78.5,1.75
2017-04-26 05:00:00+00:00,11.75,10.25
2017-04-26 06:00:00+00:00,35.75,9.75
2017-04-26 07:00:00+00:00,24.25,20.5
2017-04-26 08:00:00+00:00,27.0,11.75
2017-04-26 09:00:00+00:00,22.0,27.75
2017-04-26 10:00:00+00:00,7.5,47.25
2017-04-26 11:00:00+00:00,81.75,78.0
2017-04-26 12:00:00+00:00,77.75,123.0
2017-04-26 13:00:00+00:00,79.25,95.5
2017-04-26 14:00:00+00:00,92.5,87.0
2017-04-26 15:00:00+00:00,113.75,123.75
2017-04-26 16:00:00+00:00,111.5,133.75
2017-04-26 17:00:00+00:00,103.0,112.25
2017-04-26 18:00:00+00:00,89.5,122.25
2017-04-26 19:00:00+00:00,90.75,70.5
2017-04-26 20:00:00+00:00,59.5,51.25
2017-04-26 21:00:00+00:00,51.25,38.75
2017-04-26 22:00:00+00:00,46.75,29.75
2017-04-26 23:00:00+00:00,44.0,47.25
2017-04-27 00:00:00+00:00,34.75,36.75
2017-04-27 01:00:00+00:00,15.75,26.25
2017-04-27 02:00:00+00:00,23.75,21.5
2017-04-27 03:00:00+00:00,20.0,18.5
2017-04-27 04:00:00+00:00,21.0,5.75
2017-04-27 05:00:00+00:00,12.75,29.75
2017-04-27 06:00:00+00:00,48.0,2.0
2017-04-27 07:00:00+00:00,20.75,13.5
2017-04-27 08:00:00+00:00,25.25,105.0
2017-04-27 09:00:00+00:00,39.5,72.0
2017-04-27 10:00:00+00:00,43.5,66.25
2017-04-27 11:00:00+00:00,73.25,113.0
2017-04-27 12:00:00+00:00,81.5,167.25
2017-04-27 13:00:00+00:00,70.25,254.0
2017-04-27 14:00:00+00:00,82.75,286.25
2017-04-27 15:00:00+00:00,97.25,261.75
2017-04-27 16:00:00+00:00,109.0,285.0
2017-04-27 17:00:00+00:00,122.0,279.25
2017-04-27 18:00:00+00:00,115.75,282.0
2017-04-27 19:00:00+00:00,96.25,305.25
2017-04-27 20:00:00+00:00,84.75,311.75
2017-04-27 21:00:00+00:00,86.5,270.75
2017-04-27 22:00:00+00:00,72.5,243.0
2017-04-27 23:00:00+00:00,46.25,183.5
2017-04-28 00:00:00+00:00,63.25,129.75
2017-04-28 01:00:00+00:00,43.25,80.0
2017-04-28 02:00:00+00:00,11.75,40.25
2017-04-28 03:00:00+00:00,30.75,27.0
2017-04-28 04:00:00+00:00,31.25,37.5
2017-04-28 05:00:00+00:00,29.5,24.0
2017-04-28 06:00:00+00:00,25.25,21.75
2017-04-28 07:00:00+00:00,33.5,18.25
2017-04-28 08:00:00+00:00,34.5,36.25
2017-04-28 09:00:00+00:00,28.5,30.25
2017-04-28 10:00:00+00:00,26.75,68.0
2017-04-28 11:00:00+00:00,31.25,58.0
2017-04-28 12:00:00+00:00,43.5,78.75
2017-04-28 13:00:00+00:00,43.75,118.75
2017-04-28 14:00:00+00:00,41.75,133.5
2017-04-28 15:00:00+00:00,29.75,147.75
2017-04-28 16:00:00+00:00,27.75,114.0
2017-04-28 17:00:00+00:00,20.5,81.0
2017-04-28 18:00:00+00:00,22.25,98.5
2017-04-28 19:00:00+00:00,22.0,87.0
2017-04-28 20:00:00+00:00,25.25,68.0
2017-04-28 21:00:00+00:00,21.25,63.25
2017-04-28 22:00:00+00:00,7.5,48.75
2017-04-28 23:00:00+00:00,5.5,41.75
2017-04-29 00:00:00+00:00,8.5,47.75
2017-04-29 01:00:00+00:00,9.75,46.75
2017-04-29 02:00:00+00:00,10.0,47.0
2017-04-29 03:00:00+00:00,1.5,64.0
2017-04-29 04:00:00+00:00,0.0,37.0
2017-04-29 05:00:00+00:00,0.0,42.0
2017-04-29 06:00:00+00:00,0.0,24.75
2017-04-29 07:00:00+00:00,0.0,11.5
2017-04-29 08:00:00+00:00,0.0,13.5
2017-04-29 09:00:00+00:00,0.0,15.0
2017-04-29 10:00:00+00:00,0.0,12.5
2017-04-29 11:00:00+00:00,0.0,11.25
2017-04-29 12:00:00+00:00,0.0,10.5
2017-04-29 13:00:00+00:00,0.0,8.25
2017-04-29 14:00:00+00:00,0.0,5.25
2017-04-29 15:00:00+00:00,1.25,4.25
2017-04-29 16:00:00+00:00,14.0,8.0
2017-04-29 17:00:00+00:00,14.75,8.5
2017-04-29 18:00:00+00:00,43.0,13.25
2017-04-29 19:00:00+00:00,79.75,53.75
2017-04-29 20:00:00+00:00,93.25,150.0
2017-04-29 21:00:00+00:00,104.5,240.0
2017-04-29 22:00:00+00:00,123.25,273.0
2017-04-29 23:00:00+00:00,128.25,275.75
2017-04-30 00:00:00+00:00,111.25,277.75
2017-04-30 01:00:00+00:00,99.25,284.25
2017-04-30 02:00:00+00:00,128.25,300.5
2017-04-30 03:00:00+00:00,147.25,357.75
2017-04-30 04:00:00+00:00,173.5,413.75
2017-04-30 05:00:00+00:00,179.5,351.0
2017-04-30 06:00:00+00:00,165.5,262.25
2017-04-30 07:00:00+00:00,131.5,261.0
2017-04-30 08:00:00+00:00,119.75,322.75
2017-04-30 09:00:00+00:00,166.5,373.0
2017-04-30 10:00:00+00:00,172.25,446.25
2017-04-30 11:00:00+00:00,175.0,487.5
2017-04-30 12:00:00+00:00,194.75,503.75
2017-04-30 13:00:00+00:00,201.0,508.75
2017-04-30 14:00:00+00:00,201.0,520.5
2017-04-30 15:00:00+00:00,196.5,507.75
2017-04-30 16:00:00+00:00,189.0,490.75
2017-04-30 17:00:00+00:00,190.25,362.25
2017-04-30 18:00:00+00:00,188.25,417.0
2017-04-30 19:00:00+00:00,201.75,454.25
2017-04-30 20:00:00+00:00,203.0,530.75
2017-04-30 21:00:00+00:00,203.5,539.25
2017-04-30 22:00:00+00:00,202.25,526.25
2017-04-30 23:00:00+00:00,199.25,549.25
2017-05-01 00:00:00+00:00,196.25,550.5
2017-05-01 01:00:00+00:00,196.5,547.0
2017-05-01 02:00:00+00:00,183.75,524.75
2017-05-01 03:00:00+00:00,119.75,456.5
2017-05-01 04:00:00+00:00,46.5,356.75
2017-05-01 05:00:00+00:00,48.25,279.5
2017-05-01 06:00:00+00:00,18.5,185.75
2017-05-01 07:00:00+00:00,28.75,105.5
2017-05-01 08:00:00+00:00,30.5,80.5
2017-05-01 09:00:00+00:00,14.0,51.75
2017-05-01 10:00:00+00:00,2.75,36.0
2017-05-01 11:00:00+00:00,0.25,34.0
2017-05-01 12:00:00+00:00,2.5,33.75
2017-05-01 13:00:00+00:00,15.5,42.0
2017-05-01 14:00:00+00:00,27.25,31.75
2017-05-01 15:00:00+00:00,13.75,18.75
2017-05-01 16:00:00+00:00,9.25,9.75
2017-05-01 17:00:00+00:00,1.75,4.75
2017-05-01 18:00:00+00:00,0.0,5.5
2017-05-01 19:00:00+00:00,1.0,21.75
2017-05-01 20:00:00+00:00,4.5,12.25
2017-05-01 21:00:00+00:00,10.0,4.25
2017-05-01 22:00:00+00:00,12.75,12.25
2017-05-01 23:00:00+00:00,7.25,15.5
2017-05-02 00:00:00+00:00,5.5,25.5
2017-05-02 01:00:00+00:00,1.0,23.25
2017-05-02 02:00:00+00:00,0.0,23.25
2017-05-02 03:00:00+00:00,0.0,31.75
2017-05-02 04:00:00+00:00,0.0,48.0
2017-05-02 05:00:00+00:00,3.5,52.0
2017-05-02 06:00:00+00:00,12.5,42.25
2017-05-02 07:00:00+00:00,22.5,46.0
2017-05-02 08:00:00+00:00,21.25,45.5
2017-05-02 09:00:00+00:00,11.5,46.5
2017-05-02 10:00:00+00:00,3.75,70.75
2017-05-02 11:00:00+00:00,10.25,137.0
2017-05-02 12:00:00+00:00,20.75,176.5
2017-05-02 13:00:00+00:00,55.5,243.0
2017-05-02 14:00:00+00:00,70.5,190.0
2017-05-02 15:00:00+00:00,101.75,173.25
2017-05-02 16:00:00+00:00,113.0,186.0
2017-05-02 17:00:00+00:00,72.0,191.5
2017-05-02 18:00:00+00:00,73.25,153.5
2017-05-02 19:00:00+00:00,73.75,174.5
2017-05-02 20:00:00+00:00,59.25,201.5
2017-05-02 21:00:00+00:00,74.25,170.75
2017-05-02 22:00:00+00:00,78.5,155.25
2017-05-02 23:00:00+00:00,92.75,176.0
2017-05-03 00:00:00+00:00,50.5,179.25
2017-05-03 01:00:00+00:00,75.5,215.75
2017-05-03 02:00:00+00:00,116.0,200.0
2017-05-03 03:00:00+00:00,104.5,197.75
2017-05-03 04:00:00+00:00,110.5,202.75
2017-05-03 05:00:00+00:00,108.5,199.75
2017-05-03 06:00:00+00:00,85.25,175.0
2017-05-03 07:00:00+00:00,90.5,142.25
2017-05-03 08:00:00+00:00,83.25,118.75
2017-05-03 09:00:00+00:00,62.75,127.5
2017-05-03 10:00:00+00:00,51.75,109.75
2017-05-03 11:00:00+00:00,55.5,110.5
2017-05-03 12:00:00+00:00,61.5,112.75
2017-05-03 13:00:00+00:00,55.5,104.25
2017-05-03 14:00:00+00:00,84.75,98.0
2017-05-03 15:00:00+00:00,81.5,79.5
2017-05-03 16:00:00+00:00,73.75,78.5
2017-05-03 17:00:00+00:00,56.0,94.75
2017-05-03 18:00:00+00:00,70.0,177.0
2017-05-03 19:00:00+00:00,103.5,270.0
2017-05-03 20:00:00+00:00,122.75,313.25
2017-05-03 21:00:00+00:00,137.0,277.75
2017-05-03 22:00:00+00:00,119.0,229.25
2017-05-03 23:00:00+00:00,76.5,255.25
2017-05-04 00:00:00+00:00,69.75,254.5
2017-05-04 01:00:00+00:00,82.25,283.5
2017-05-04 02:00:00+00:00,95.75,302.25
2017-05-04 03:00:00+00:00,130.5,303.0
2017-05-04 04:00:00+00:00,148.25,333.5
2017-05-04 05:00:00+00:00,167.5,346.75
2017-05-04 06:00:00+00:00,176.0,282.25
2017-05-04 07:00:00+00:00,153.25,308.75
2017-05-04 08:00:00+00:00,149.5,331.5
2017-05-04 09:00:00+00:00,169.5,320.25
2017-05-04 10:00:00+00:00,188.75,315.0
2017-05-04 11:00:00+00:00,180.25,388.5
2017-05-04 12:00:00+00:00,181.0,418.75
2017-05-04 13:00:00+00:00,194.25,436.0
2017-05-04 14:00:00+00:00,194.5,426.75
2017-05-04 15:00:00+00:00,197.0,409.25
2017-05-04 16:00:00+00:00,188.75,415.75
2017-05-04 17:00:00+00:00,193.0,421.25
2017-05-04 18:00:00+00:00,182.75,351.75
2017-05-04 19:00:00+00:00,181.25,414.0
2017-05-04 20:00:00+00:00,184.25,450.0
2017-05-04 21:00:00+00:00,208.5,484.5
2017-05-04 22:00:00+00:00,198.0,431.75
2017-05-04 23:00:00+00:00,178.0,413.75
2017-05-05 00:00:00+00:00,178.25,406.25
2017-05-05 01:00:00+00:00,172.75,439.5
2017-05-05 02:00:00+00:00,192.25,437.5
2017-05-05 03:00:00+00:00,194.75,408.5
2017-05-05 04:00:00+00:00,188.5,423.25
2017-05-05 05:00:00+00:00,196.25,409.5
2017-05-05 06:00:00+00:00,153.5,289.5
2017-05-05 07:00:00+00:00,114.5,240.5
2017-05-05 08:00:00+00:00,114.75,145.5
2017-05-05 09:00:00+00:00,101.0,87.75
2017-05-05 10:00:00+00:00,72.75,79.75
2017-05-05 11:00:00+00:00,53.5,85.5
2017-05-05 12:00:00+00:00,46.0,91.0
2017-05-05 13:00:00+00:00,43.75,95.25
2017-05-05 14:00:00+00:00,41.5,101.0
2017-05-05 15:00:00+00:00,55.0,118.5
2017-05-05 16:00:00+00:00,66.0,106.5
2017-05-05 17:00:00+00:00,62.0,82.0
2017-05-05 18:00:00+00:00,57.5,59.5
2017-05-05 19:00:00+00:00,48.25,57.75
2017-05-05 20:00:00+00:00,39.25,65.0
2017-05-05 21:00:00+00:00,47.25,39.0
2017-05-05 22:00:00+00:00,42.5,32.25
2017-05-05 23:00:00+00:00,40.5,40.5
2017-05-06 00:00:00+00:00,48.0,39.75
2017-05-06 01:00:00+00:00,51.0,77.75
2017-05-06 02:00:00+00:00,45.5,90.0
2017-05-06 03:00:00+00:00,66.75,104.5
2017-05-06 04:00:00+00:00,67.25,96.5
2017-05-06 05:00:00+00:00,75.75,91.0
2017-05-06 06:00:00+00:00,113.0,87.25
2017-05-06 07:00:00+00:00,99.75,90.25
2017-05-06 08:00:00+00:00,85.25,102.25
2017-05-06 09:00:00+00:00,102.25,115.0
2017-05-06 10:00:00+00:00,131.5,126.25
2017-05-06 11:00:00+00:00,120.25,161.0
2017-05-06 12:00:00+00:00,106.5,133.5
2017-05-06 13:00:00+00:00,76.5,158.25
2017-05-06 14:00:00+00:00,58.75,156.25
2017-05-06 15:00:00+00:00,62.5,170.5
2017-05-06 16:00:00+00:00,82.5,153.5
2017-05-06 17:00:00+00:00,90.0,146.75
2017-05-06 18:00:00+00:00,111.25,157.25
2017-05-06 19:00:00+00:00,143.75,187.75
2017-05-06 20:00:00+00:00,163.0,194.25
2017-05-06 21:00:00+00:00,152.5,205.25
2017-05-06 22:00:00+00:00,123.5,181.25
2017-05-06 23:00:00+00:00,81.25,121.0
2017-05-07 00:00:00+00:00,55.0,90.25
2017-05-07 01:00:00+00:00,54.5,77.5
2017-05-07 02:00:00+00:00,55.5,55.75
2017-05-07 03:00:00+00:00,53.75,51.5
2017-05-07 04:00:00+00:00,61.75,48.5
2017-05-07 05:00:00+00:00,78.75,51.25
2017-05-07 06:00:00+00:00,86.75,55.25
2017-05-07 07:00:00+00:00,86.0,48.75
2017-05-07 08:00:00+00:00,86.5,47.25
2017-05-07 09:00:00+00:00,68.0,44.75
2017-05-07 10:00:00+00:00,51.5,66.25
2017-05-07 11:00:00+00:00,38.0,106.25
2017-05-07 12:00:00+00:00,56.25,116.0
2017-05-07 13:00:00+00:00,59.75,124.0
2017-05-07 14:00:00+00:00,76.25,121.75
2017-05-07 15:00:00+00:00,91.25,173.25
2017-05-07 16:00:00+00:00,113.25,177.0
2017-05-07 17:00:00+00:00,121.5,162.0
2017-05-07 18:00:00+00:00,117.5,165.5
2017-05-07 19:00:00+00:00,113.5,158.25
2017-05-07 20:00:00+00:00,112.5,158.5
2017-05-07 21:00:00+00:00,116.0,167.75
2017-05-07 22:00:00+00:00,346.5,161.75
2017-05-07 23:00:00+00:00,298.0,188.25
2017-05-08 00:00:00+00:00,279.75,185.75
2017-05-08 01:00:00+00:00,217.5,168.0
2017-05-08 02:00:00+00:00,200.0,141.25
2017-05-08 03:00:00+00:00,147.75,142.5
2017-05-08 04:00:00+00:00,198.75,86.75
2017-05-08 05:00:00+00:00,391.25,55.0
2017-05-08 06:00:00+00:00,611.75,46.25
2017-05-08 07:00:00+00:00,622.25,74.0
2017-05-08 08:00:00+00:00,595.0,144.5
2017-05-08 09:00:00+00:00,675.75,150.5
2017-05-08 10:00:00+00:00,656.5,195.0
2017-05-08 11:00:00+00:00,630.75,256.25
2017-05-08 12:00:00+00:00,591.25,288.5
2017-05-08 13:00:00+00:00,575.25,378.5
2017-05-08 14:00:00+00:00,577.75,430.25
2017-05-08 15:00:00+00:00,607.75,461.25
2017-05-08 16:00:00+00:00,605.5,421.0
2017-05-08 17:00:00+00:00,594.75,360.25
2017-05-08 18:00:00+00:00,605.75,276.0
2017-05-08 19:00:00+00:00,579.25,221.5
2017-05-08 20:00:00+00:00,603.0,177.75
2017-05-08 21:00:00+00:00,431.25,149.5
2017-05-08 22:00:00+00:00,309.25,127.5
2017-05-08 23:00:00+00:00,200.25,103.75
2017-05-09 00:00:00+00:00,145.75,69.5
2017-05-09 01:00:00+00:00,110.75,62.5
2017-05-09 02:00:00+00:00,74.25,55.25
2017-05-09 03:00:00+00:00,28.25,48.25
2017-05-09 04:00:00+00:00,12.25,36.5
2017-05-09 05:00:00+00:00,48.75,23.5
2017-05-09 06:00:00+00:00,79.0,9.5
2017-05-09 07:00:00+00:00,71.5,12.0
2017-05-09 08:00:00+00:00,104.25,8.0
2017-05-09 09:00:00+00:00,93.0,11.25
2017-05-09 10:00:00+00:00,88.0,30.5
2017-05-09 11:00:00+00:00,96.5,39.5
2017-05-09 12:00:00+00:00,104.0,52.25
2017-05-09 13:00:00+00:00,102.25,63.0
2017-05-09 14:00:00+00:00,125.25,82.75
2017-05-09 15:00:00+00:00,101.75,68.0
2017-05-09 16:00:00+00:00,109.25,56.0
2017-05-09 17:00:00+00:00,84.5,48.25
2017-05-09 18:00:00+00:00,78.5,37.75
2017-05-09 19:00:00+00:00,118.0,27.0
2017-05-09 20:00:00+00:00,65.25,13.25
2017-05-09 21:00:00+00:00,59.75,8.0
2017-05-09 22:00:00+00:00,47.5,4.5
2017-05-09 23:00:00+00:00,100.5,4.5
2017-05-10 00:00:00+00:00,87.5,11.75
2017-05-10 01:00:00+00:00,134.75,16.0
2017-05-10 02:00:00+00:00,128.75,13.25
2017-05-10 03:00:00+00:00,164.75,17.5
2017-05-10 04:00:00+00:00,178.75,17.75
2017-05-10 05:00:00+00:00,150.0,25.25
2017-05-10 06:00:00+00:00,117.25,14.5
2017-05-10 07:00:00+00:00,89.0,15.0
2017-05-10 08:00:00+00:00,99.75,7.75
2017-05-10 09:00:00+00:00,87.75,7.5
2017-05-10 10:00:00+00:00,73.5,4.0
2017-05-10 11:00:00+00:00,118.0,5.5
2017-05-10 12:00:00+00:00,131.25,5.25
2017-05-10 13:00:00+00:00,123.75,3.5
2017-05-10 14:00:00+00:00,85.75,4.25
2017-05-10 15:00:00+00:00,80.5,4.0
2017-05-10 16:00:00+00:00,66.25,3.0
2017-05-10 17:00:00+00:00,42.0,6.25
2017-05-10 18:00:00+00:00,35.5,13.25
2017-05-10 19:00:00+00:00,30.0,28.0
2017-05-10 20:00:00+00:00,46.0,66.0
2017-05-10 21:00:00+00:00,74.5,82.25
2017-05-10 22:00:00+00:00,78.25,109.0
2017-05-10 23:00:00+00:00,58.0,169.0
2017-05-11 00:00:00+00:00,94.75,211.75
2017-05-11 01:00:00+00:00,103.75,239.25
2017-05-11 02:00:00+00:00,128.75,237.25
2017-05-11 03:00:00+00:00,133.5,245.25
2017-05-11 04:00:00+00:00,126.25,278.5
2017-05-11 05:00:00+00:00,142.25,219.5
2017-05-11 06:00:00+00:00,119.75,115.75
2017-05-11 07:00:00+00:00,114.5,70.5
2017-05-11 08:00:00+00:00,156.25,81.0
2017-05-11 09:00:00+00:00,172.75,98.25
2017-05-11 10:00:00+00:00,212.25,108.0
2017-05-11 11:00:00+00:00,282.5,97.75
2017-05-11 12:00:00+00:00,389.75,96.0
2017-05-11 13:00:00+00:00,467.25,77.75
2017-05-11 14:00:00+00:00,462.75,62.25
2017-05-11 15:00:00+00:00,506.25,51.75
2017-05-11 16:00:00+00:00,542.0,62.75
2017-05-11 17:00:00+00:00,566.0,65.75
2017-05-11 18:00:00+00:00,570.0,144.5
2017-05-11 19:00:00+00:00,607.0,211.0
2017-05-11 20:00:00+00:00,612.25,229.75
2017-05-11 21:00:00+00:00,570.75,127.5
2017-05-11 22:00:00+00:00,557.0,58.25
2017-05-11 23:00:00+00:00,560.5,98.75
2017-05-12 00:00:00+00:00,513.5,123.75
2017-05-12 01:00:00+00:00,488.5,187.0
2017-05-12 02:00:00+00:00,480.0,186.25
2017-05-12 03:00:00+00:00,505.25,170.0
2017-05-12 04:00:00+00:00,485.0,129.75
2017-05-12 05:00:00+00:00,325.5,125.25
2017-05-12 06:00:00+00:00,312.0,91.25
2017-05-12 07:00:00+00:00,322.0,74.0
2017-05-12 08:00:00+00:00,320.5,72.25
2017-05-12 09:00:00+00:00,401.75,77.75
2017-05-12 10:00:00+00:00,389.5,83.5
2017-05-12 11:00:00+00:00,441.0,124.0
2017-05-12 12:00:00+00:00,456.5,133.75
2017-05-12 13:00:00+00:00,332.75,50.25
2017-05-12 14:00:00+00:00,89.75,28.0
2017-05-12 15:00:00+00:00,11.0,5.5
2017-05-12 16:00:00+00:00,2.25,4.75
2017-05-12 17:00:00+00:00,8.25,3.75
2017-05-12 18:00:00+00:00,14.75,17.5
2017-05-12 19:00:00+00:00,70.75,163.5
2017-05-12 20:00:00+00:00,168.5,102.75
2017-05-12 21:00:00+00:00,202.75,26.0
2017-05-12 22:00:00+00:00,284.75,27.25
2017-05-12 23:00:00+00:00,400.0,71.5
2017-05-13 00:00:00+00:00,253.25,129.0
2017-05-13 01:00:00+00:00,253.25,138.0
2017-05-13 02:00:00+00:00,312.5,160.0
2017-05-13 03:00:00+00:00,291.75,58.5
2017-05-13 04:00:00+00:00,274.25,46.25
2017-05-13 05:00:00+00:00,388.25,54.0
2017-05-13 06:00:00+00:00,278.25,41.0
2017-05-13 07:00:00+00:00,149.25,49.5
2017-05-13 08:00:00+00:00,129.25,37.25
2017-05-13 09:00:00+00:00,170.25,39.0
2017-05-13 10:00:00+00:00,136.5,39.75
2017-05-13 11:00:00+00:00,106.5,51.0
2017-05-13 12:00:00+00:00,144.0,45.0
2017-05-13 13:00:00+00:00,137.75,91.5
2017-05-13 14:00:00+00:00,152.75,49.0
2017-05-13 15:00:00+00:00,144.25,54.5
2017-05-13 16:00:00+00:00,119.5,63.0
2017-05-13 17:00:00+00:00,97.0,86.0
2017-05-13 18:00:00+00:00,99.5,82.5
2017-05-13 19:00:00+00:00,174.25,88.0
2017-05-13 20:00:00+00:00,198.75,48.5
2017-05-13 21:00:00+00:00,267.75,56.75
2017-05-13 22:00:00+00:00,309.0,82.0
2017-05-13 23:00:00+00:00,393.5,124.25
2017-05-14 00:00:00+00:00,308.25,157.75
2017-05-14 01:00:00+00:00,317.5,184.75
2017-05-14 02:00:00+00:00,349.0,173.0
2017-05-14 03:00:00+00:00,373.0,187.25
2017-05-14 04:00:00+00:00,465.25,210.75
2017-05-14 05:00:00+00:00,438.0,188.75
2017-05-14 06:00:00+00:00,362.0,123.0
2017-05-14 07:00:00+00:00,289.75,63.0
2017-05-14 08:00:00+00:00,270.0,72.25
2017-05-14 09:00:00+00:00,269.5,92.25
2017-05-14 10:00:00+00:00,199.75,116.5
2017-05-14 11:00:00+00:00,195.5,186.75
2017-05-14 12:00:00+00:00,183.0,270.25
2017-05-14 13:00:00+00:00,263.25,154.5
2017-05-14 14:00:00+00:00,332.0,170.5
2017-05-14 15:00:00+00:00,310.25,135.75
2017-05-14 16:00:00+00:00,199.0,273.75
2017-05-14 17:00:00+00:00,179.75,201.0
2017-05-14 18:00:00+00:00,110.75,119.25
2017-05-14 19:00:00+00:00,108.25,47.25
2017-05-14 20:00:00+00:00,127.25,62.0
2017-05-14 21:00:00+00:00,133.25,80.25
2017-05-14 22:00:00+00:00,87.25,70.25
2017-05-14 23:00:00+00:00,104.25,64.5
2017-05-15 00:00:00+00:00,82.0,55.75
2017-05-15 01:00:00+00:00,53.5,50.25
2017-05-15 02:00:00+00:00,46.5,44.0
2017-05-15 03:00:00+00:00,56.25,39.0
2017-05-15 04:00:00+00:00,56.75,57.5
2017-05-15 05:00:00+00:00,50.25,47.5
2017-05-15 06:00:00+00:00,43.75,23.25
2017-05-15 07:00:00+00:00,81.0,29.75
2017-05-15 08:00:00+00:00,94.25,28.0
2017-05-15 09:00:00+00:00,108.25,22.25
2017-05-15 10:00:00+00:00,142.0,27.25
2017-05-15 11:00:00+00:00,129.75,42.75
2017-05-15 12:00:00+00:00,143.25,57.0
2017-05-15 13:00:00+00:00,158.25,46.0
2017-05-15 14:00:00+00:00,198.75,31.0
2017-05-15 15:00:00+00:00,195.0,29.5
2017-05-15 16:00:00+00:00,219.0,56.0
2017-05-15 17:00:00+00:00,375.0,99.5
2017-05-15 18:00:00+00:00,375.75,101.5
2017-05-15 19:00:00+00:00,394.75,112.5
2017-05-15 20:00:00+00:00,392.25,146.0
2017-05-15 21:00:00+00:00,587.5,182.0
2017-05-15 22:00:00+00:00,681.0,189.0
2017-05-15 23:00:00+00:00,676.5,195.75
2017-05-16 00:00:00+00:00,654.75,224.25
2017-05-16 01:00:00+00:00,737.75,258.75
2017-05-16 02:00:00+00:00,739.0,284.25
2017-05-16 03:00:00+00:00,745.0,297.5
2017-05-16 04:00:00+00:00,733.0,268.0
2017-05-16 05:00:00+00:00,684.75,254.75
2017-05-16 06:00:00+00:00,490.25,194.5
2017-05-16 07:00:00+00:00,552.0,172.0
2017-05-16 08:00:00+00:00,635.25,127.0
2017-05-16 09:00:00+00:00,669.5,79.0
2017-05-16 10:00:00+00:00,650.75,71.25
2017-05-16 11:00:00+00:00,631.25,67.5
2017-05-16 12:00:00+00:00,590.5,83.25
2017-05-16 13:00:00+00:00,469.0,110.5
2017-05-16 14:00:00+00:00,435.75,109.75
2017-05-16 15:00:00+00:00,482.25,105.75
2017-05-16 16:00:00+00:00,567.0,80.25
2017-05-16 17:00:00+00:00,667.5,86.5
2017-05-16 18:00:00+00:00,679.25,115.25
2017-05-16 19:00:00+00:00,511.75,97.25
2017-05-16 20:00:00+00:00,338.75,89.0
2017-05-16 21:00:00+00:00,206.5,62.75
2017-05-16 22:00:00+00:00,85.0,43.5
2017-05-16 23:00:00+00:00,7.25,18.5
2017-05-17 00:00:00+00:00,4.5,6.75
2017-05-17 01:00:00+00:00,1.5,2.5
2017-05-17 02:00:00+00:00,0.0,0.75
2017-05-17 03:00:00+00:00,0.0,0.25
2017-05-17 04:00:00+00:00,0.0,0.5
2017-05-17 05:00:00+00:00,1.75,2.25
2017-05-17 06:00:00+00:00,43.25,4.75
2017-05-17 07:00:00+00:00,55.25,7.5
2017-05-17 08:00:00+00:00,29.0,12.25
2017-05-17 09:00:00+00:00,9.5,20.25
2017-05-17 10:00:00+00:00,52.0,23.75
2017-05-17 11:00:00+00:00,121.0,36.0
2017-05-17 12:00:00+00:00,132.5,55.5
2017-05-17 13:00:00+00:00,90.0,47.0
2017-05-17 14:00:00+00:00,154.75,44.25
2017-05-17 15:00:00+00:00,177.0,136.5
2017-05-17 16:00:00+00:00,187.75,187.0
2017-05-17 17:00:00+00:00,87.5,192.75
2017-05-17 18:00:00+00:00,100.0,209.25
2017-05-17 19:00:00+00:00,283.0,256.25
2017-05-17 20:00:00+00:00,409.25,354.5
2017-05-17 21:00:00+00:00,536.75,408.0
2017-05-17 22:00:00+00:00,616.75,373.0
2017-05-17 23:00:00+00:00,646.25,299.0
2017-05-18 00:00:00+00:00,616.5,322.5
2017-05-18 01:00:00+00:00,549.0,241.75
2017-05-18 02:00:00+00:00,460.75,218.25
2017-05-18 03:00:00+00:00,147.75,275.5
2017-05-18 04:00:00+00:00,188.25,121.5
2017-05-18 05:00:00+00:00,196.25,105.75
2017-05-18 06:00:00+00:00,221.25,118.0
2017-05-18 07:00:00+00:00,276.25,86.5
2017-05-18 08:00:00+00:00,250.25,58.0
2017-05-18 09:00:00+00:00,165.0,26.5
2017-05-18 10:00:00+00:00,115.5,29.5
2017-05-18 11:00:00+00:00,66.0,31.75
2017-05-18 12:00:00+00:00,22.75,13.0
2017-05-18 13:00:00+00:00,18.25,6.0
2017-05-18 14:00:00+00:00,17.5,7.25
2017-05-18 15:00:00+00:00,39.0,12.75
2017-05-18 16:00:00+00:00,59.25,31.75
2017-05-18 17:00:00+00:00,108.5,62.0
2017-05-18 18:00:00+00:00,125.25,109.5
2017-05-18 19:00:00+00:00,147.0,149.25
2017-05-18 20:00:00+00:00,126.25,181.25
2017-05-18 21:00:00+00:00,182.75,168.5
2017-05-18 22:00:00+00:00,251.75,170.5
2017-05-18 23:00:00+00:00,322.25,220.0
2017-05-19 00:00:00+00:00,388.75,280.75
2017-05-19 01:00:00+00:00,470.0,253.5
2017-05-19 02:00:00+00:00,481.25,291.25
2017-05-19 03:00:00+00:00,452.5,256.25
2017-05-19 04:00:00+00:00,543.5,258.5
2017-05-19 05:00:00+00:00,628.25,337.0
2017-05-19 06:00:00+00:00,596.0,434.0
2017-05-19 07:00:00+00:00,647.5,436.75
2017-05-19 08:00:00+00:00,577.5,435.25
2017-05-19 09:00:00+00:00,655.75,455.75
2017-05-19 10:00:00+00:00,741.25,445.75
2017-05-19 11:00:00+00:00,683.25,439.25
2017-05-19 12:00:00+00:00,616.25,427.5
2017-05-19 13:00:00+00:00,663.75,406.75
2017-05-19 14:00:00+00:00,655.5,414.25
2017-05-19 15:00:00+00:00,598.0,289.0
2017-05-19 16:00:00+00:00,469.75,173.25
2017-05-19 17:00:00+00:00,420.5,120.5
2017-05-19 18:00:00+00:00,414.75,83.0
2017-05-19 19:00:00+00:00,342.75,60.0
2017-05-19 20:00:00+00:00,320.0,68.25
2017-05-19 21:00:00+00:00,261.0,66.5
2017-05-19 22:00:00+00:00,201.5,59.75
2017-05-19 23:00:00+00:00,265.75,72.0
2017-05-20 00:00:00+00:00,270.25,133.0
2017-05-20 01:00:00+00:00,188.0,138.75
2017-05-20 02:00:00+00:00,183.0,143.0
2017-05-20 03:00:00+00:00,122.0,133.25
2017-05-20 04:00:00+00:00,128.25,119.0
2017-05-20 05:00:00+00:00,147.0,99.75
2017-05-20 06:00:00+00:00,145.0,76.0
2017-05-20 07:00:00+00:00,147.25,80.75
2017-05-20 08:00:00+00:00,144.5,100.0
2017-05-20 09:00:00+00:00,160.25,76.0
2017-05-20 10:00:00+00:00,178.0,71.25
2017-05-20 11:00:00+00:00,149.5,136.0
2017-05-20 12:00:00+00:00,174.75,60.0
2017-05-20 13:00:00+00:00,199.25,44.0
2017-05-20 14:00:00+00:00,158.75,50.5
2017-05-20 15:00:00+00:00,124.25,48.0
2017-05-20 16:00:00+00:00,68.0,43.0
2017-05-20 17:00:00+00:00,64.5,15.0
2017-05-20 18:00:00+00:00,83.5,0.75
2017-05-20 19:00:00+00:00,102.0,0.5
2017-05-20 20:00:00+00:00,157.5,3.25
2017-05-20 21:00:00+00:00,166.75,26.25
2017-05-20 22:00:00+00:00,186.0,34.0
2017-05-20 23:00:00+00:00,218.0,7.5
2017-05-21 00:00:00+00:00,282.75,6.25
2017-05-21 01:00:00+00:00,369.0,22.5
2017-05-21 02:00:00+00:00,330.0,53.0
2017-05-21 03:00:00+00:00,340.25,59.25
2017-05-21 04:00:00+00:00,296.75,44.0
2017-05-21 05:00:00+00:00,275.25,36.0
2017-05-21 06:00:00+00:00,218.0,29.0
2017-05-21 07:00:00+00:00,202.5,23.0
2017-05-21 08:00:00+00:00,180.75,37.25
2017-05-21 09:00:00+00:00,173.0,37.25
2017-05-21 10:00:00+00:00,128.5,30.0
2017-05-21 11:00:00+00:00,87.75,22.5
2017-05-21 12:00:00+00:00,56.25,12.75
2017-05-21 13:00:00+00:00,10.5,10.25
2017-05-21 14:00:00+00:00,0.25,8.75
2017-05-21 15:00:00+00:00,1.0,6.0
2017-05-21 16:00:00+00:00,2.75,5.0
2017-05-21 17:00:00+00:00,12.25,7.5
2017-05-21 18:00:00+00:00,20.25,23.5
2017-05-21 19:00:00+00:00,30.0,48.5
2017-05-21 20:00:00+00:00,39.5,108.0
2017-05-21 21:00:00+00:00,41.5,172.25
2017-05-21 22:00:00+00:00,86.5,216.0
2017-05-21 23:00:00+00:00,106.25,174.75
2017-05-22 00:00:00+00:00,97.0,192.0
2017-05-22 01:00:00+00:00,120.0,159.0
2017-05-22 02:00:00+00:00,117.0,165.75
2017-05-22 03:00:00+00:00,111.5,132.25
2017-05-22 04:00:00+00:00,175.25,149.75
2017-05-22 05:00:00+00:00,199.0,139.0
2017-05-22 06:00:00+00:00,193.25,60.5
2017-05-22 07:00:00+00:00,140.75,18.5
2017-05-22 08:00:00+00:00,73.25,7.75
2017-05-22 09:00:00+00:00,48.25,7.75
2017-05-22 10:00:00+00:00,25.75,26.5
2017-05-22 11:00:00+00:00,28.5,25.75
2017-05-22 12:00:00+00:00,31.0,20.25
2017-05-22 13:00:00+00:00,35.5,16.25
2017-05-22 14:00:00+00:00,70.0,10.75
2017-05-22 15:00:00+00:00,118.25,9.5
2017-05-22 16:00:00+00:00,140.5,7.25
2017-05-22 17:00:00+00:00,127.0,7.0
2017-05-22 18:00:00+00:00,121.5,11.5
2017-05-22 19:00:00+00:00,127.5,17.75
2017-05-22 20:00:00+00:00,264.5,15.5
2017-05-22 21:00:00+00:00,415.75,41.75
2017-05-22 22:00:00+00:00,377.75,122.0
2017-05-22 23:00:00+00:00,367.25,135.25
2017-05-23 00:00:00+00:00,357.5,125.0
2017-05-23 01:00:00+00:00,519.5,98.5
2017-05-23 02:00:00+00:00,489.75,120.25
2017-05-23 03:00:00+00:00,319.25,157.0
2017-05-23 04:00:00+00:00,239.25,128.0
2017-05-23 05:00:00+00:00,229.25,135.0
2017-05-23 06:00:00+00:00,173.0,100.5
2017-05-23 07:00:00+00:00,112.0,27.25
2017-05-23 08:00:00+00:00,312.75,53.75
2017-05-23 09:00:00+00:00,397.75,151.25
2017-05-23 10:00:00+00:00,450.0,236.25
2017-05-23 11:00:00+00:00,414.0,275.5
2017-05-23 12:00:00+00:00,385.0,298.75
2017-05-23 13:00:00+00:00,391.5,302.75
2017-05-23 14:00:00+00:00,361.75,298.75
2017-05-23 15:00:00+00:00,300.75,241.25
2017-05-23 16:00:00+00:00,253.25,212.25
2017-05-23 17:00:00+00:00,269.0,142.25
2017-05-23 18:00:00+00:00,194.5,76.25
2017-05-23 19:00:00+00:00,149.5,60.75
2017-05-23 20:00:00+00:00,151.5,59.0
2017-05-23 21:00:00+00:00,182.75,67.25
2017-05-23 22:00:00+00:00,152.25,60.25
2017-05-23 23:00:00+00:00,163.0,50.25
2017-05-24 00:00:00+00:00,158.75,42.25
2017-05-24 01:00:00+00:00,127.5,46.25
2017-05-24 02:00:00+00:00,119.75,38.0
2017-05-24 03:00:00+00:00,102.75,25.75
2017-05-24 04:00:00+00:00,81.75,13.5
2017-05-24 05:00:00+00:00,87.25,7.5
2017-05-24 06:00:00+00:00,35.75,3.25
2017-05-24 07:00:00+00:00,14.0,1.25
2017-05-24 08:00:00+00:00,28.0,1.25
2017-05-24 09:00:00+00:00,27.75,3.5
2017-05-24 10:00:00+00:00,61.0,12.5
2017-05-24 11:00:00+00:00,77.0,42.0
2017-05-24 12:00:00+00:00,147.0,73.5
2017-05-24 13:00:00+00:00,185.5,179.75
2017-05-24 14:00:00+00:00,175.25,186.5
2017-05-24 15:00:00+00:00,143.75,190.5
2017-05-24 16:00:00+00:00,166.5,232.0
2017-05-24 17:00:00+00:00,127.75,162.75
2017-05-24 18:00:00+00:00,130.0,111.5
2017-05-24 19:00:00+00:00,107.0,71.25
2017-05-24 20:00:00+00:00,76.75,46.25
2017-05-24 21:00:00+00:00,38.25,33.5
2017-05-24 22:00:00+00:00,27.75,26.5
2017-05-24 23:00:00+00:00,9.25,24.5
2017-05-25 00:00:00+00:00,21.5,21.75
2017-05-25 01:00:00+00:00,38.25,12.5
2017-05-25 02:00:00+00:00,55.75,10.75
2017-05-25 03:00:00+00:00,74.75,10.75
2017-05-25 04:00:00+00:00,41.25,11.75
2017-05-25 05:00:00+00:00,94.0,7.0
2017-05-25 06:00:00+00:00,119.5,4.25
2017-05-25 07:00:00+00:00,103.75,9.5
2017-05-25 08:00:00+00:00,82.25,8.5
2017-05-25 09:00:00+00:00,63.75,9.5
2017-05-25 10:00:00+00:00,48.5,13.0
2017-05-25 11:00:00+00:00,14.25,15.75
2017-05-25 12:00:00+00:00,13.25,15.75
2017-05-25 13:00:00+00:00,18.25,27.5
2017-05-25 14:00:00+00:00,35.25,31.5
2017-05-25 15:00:00+00:00,37.5,34.75
2017-05-25 16:00:00+00:00,53.0,36.75
2017-05-25 17:00:00+00:00,74.5,33.75
2017-05-25 18:00:00+00:00,101.75,42.5
2017-05-25 19:00:00+00:00,111.25,59.5
2017-05-25 20:00:00+00:00,81.75,81.25
2017-05-25 21:00:00+00:00,93.75,87.0
2017-05-25 22:00:00+00:00,102.25,90.5
2017-05-25 23:00:00+00:00,88.75,77.25
2017-05-26 00:00:00+00:00,90.5,66.5
2017-05-26 01:00:00+00:00,70.0,73.0
2017-05-26 02:00:00+00:00,46.5,74.5
2017-05-26 03:00:00+00:00,38.5,59.5
2017-05-26 04:00:00+00:00,50.75,63.75
2017-05-26 05:00:00+00:00,41.0,25.25
2017-05-26 06:00:00+00:00,23.75,6.75
2017-05-26 07:00:00+00:00,12.0,3.5
2017-05-26 08:00:00+00:00,8.5,6.0
2017-05-26 09:00:00+00:00,9.5,5.25
2017-05-26 10:00:00+00:00,10.0,9.0
2017-05-26 11:00:00+00:00,11.0,20.75
2017-05-26 12:00:00+00:00,21.5,34.75
2017-05-26 13:00:00+00:00,37.25,48.25
2017-05-26 14:00:00+00:00,106.0,60.75
2017-05-26 15:00:00+00:00,154.0,86.0
2017-05-26 16:00:00+00:00,167.5,136.5
2017-05-26 17:00:00+00:00,191.0,163.5
2017-05-26 18:00:00+00:00,171.25,233.75
2017-05-26 19:00:00+00:00,174.0,301.5
2017-05-26 20:00:00+00:00,211.0,334.25
2017-05-26 21:00:00+00:00,266.75,378.75
2017-05-26 22:00:00+00:00,304.5,306.75
2017-05-26 23:00:00+00:00,325.75,252.75
2017-05-27 00:00:00+00:00,366.5,233.25
2017-05-27 01:00:00+00:00,402.0,235.0
2017-05-27 02:00:00+00:00,472.0,260.5
2017-05-27 03:00:00+00:00,465.5,294.5
2017-05-27 04:00:00+00:00,496.25,278.25
2017-05-27 05:00:00+00:00,515.25,222.5
2017-05-27 06:00:00+00:00,500.25,149.0
2017-05-27 07:00:00+00:00,505.0,141.0
2017-05-27 08:00:00+00:00,449.25,168.75
2017-05-27 09:00:00+00:00,401.75,223.75
2017-05-27 10:00:00+00:00,483.25,242.25
2017-05-27 11:00:00+00:00,541.0,263.75
2017-05-27 12:00:00+00:00,493.0,224.5
2017-05-27 13:00:00+00:00,493.0,168.5
2017-05-27 14:00:00+00:00,465.75,133.5
2017-05-27 15:00:00+00:00,582.0,115.75
2017-05-27 16:00:00+00:00,607.0,100.25
2017-05-27 17:00:00+00:00,601.5,84.75
2017-05-27 18:00:00+00:00,487.75,295.5
2017-05-27 19:00:00+00:00,398.25,127.25
2017-05-27 20:00:00+00:00,276.75,81.25
2017-05-27 21:00:00+00:00,272.5,74.25
2017-05-27 22:00:00+00:00,264.75,54.0
2017-05-27 23:00:00+00:00,281.5,53.75
2017-05-28 00:00:00+00:00,243.0,51.5
2017-05-28 01:00:00+00:00,206.75,42.0
2017-05-28 02:00:00+00:00,203.75,36.25
2017-05-28 03:00:00+00:00,180.0,31.5
2017-05-28 04:00:00+00:00,138.5,34.75
2017-05-28 05:00:00+00:00,176.0,55.5
2017-05-28 06:00:00+00:00,254.75,62.5
2017-05-28 07:00:00+00:00,336.25,53.5
2017-05-28 08:00:00+00:00,333.5,74.0
2017-05-28 09:00:00+00:00,419.75,100.5
2017-05-28 10:00:00+00:00,386.75,102.25
2017-05-28 11:00:00+00:00,407.5,49.5
2017-05-28 12:00:00+00:00,362.5,46.0
2017-05-28 13:00:00+00:00,246.5,60.0
2017-05-28 14:00:00+00:00,226.75,56.75
2017-05-28 15:00:00+00:00,166.75,79.5
2017-05-28 16:00:00+00:00,144.0,96.0
2017-05-28 17:00:00+00:00,74.75,74.75
2017-05-28 18:00:00+00:00,46.25,49.5
2017-05-28 19:00:00+00:00,47.5,26.5
2017-05-28 20:00:00+00:00,64.25,26.0
2017-05-28 21:00:00+00:00,55.0,18.25
2017-05-28 22:00:00+00:00,45.0,14.75
2017-05-28 23:00:00+00:00,69.75,14.0
2017-05-29 00:00:00+00:00,35.0,16.5
2017-05-29 01:00:00+00:00,38.75,16.5
2017-05-29 02:00:00+00:00,46.75,20.75
2017-05-29 03:00:00+00:00,68.25,50.25
2017-05-29 04:00:00+00:00,57.5,58.75
2017-05-29 05:00:00+00:00,146.0,88.0
2017-05-29 06:00:00+00:00,160.0,253.25
2017-05-29 07:00:00+00:00,131.75,132.25
2017-05-29 08:00:00+00:00,83.5,94.5
2017-05-29 09:00:00+00:00,26.75,47.25
2017-05-29 10:00:00+00:00,9.0,41.5
2017-05-29 11:00:00+00:00,32.25,23.5
2017-05-29 12:00:00+00:00,45.0,28.5
2017-05-29 13:00:00+00:00,75.5,51.5
2017-05-29 14:00:00+00:00,112.0,52.5
2017-05-29 15:00:00+00:00,75.0,79.25
2017-05-29 16:00:00+00:00,63.25,53.75
2017-05-29 17:00:00+00:00,86.75,35.25
2017-05-29 18:00:00+00:00,75.75,18.75
2017-05-29 19:00:00+00:00,76.5,7.0
2017-05-29 20:00:00+00:00,70.0,4.0
2017-05-29 21:00:00+00:00,52.25,8.0
2017-05-29 22:00:00+00:00,71.25,41.25
2017-05-29 23:00:00+00:00,39.75,138.5
2017-05-30 00:00:00+00:00,34.5,20.25
2017-05-30 01:00:00+00:00,111.5,85.75
2017-05-30 02:00:00+00:00,168.75,86.75
2017-05-30 03:00:00+00:00,139.0,129.75
2017-05-30 04:00:00+00:00,123.25,186.0
2017-05-30 05:00:00+00:00,148.75,191.75
2017-05-30 06:00:00+00:00,136.5,212.0
2017-05-30 07:00:00+00:00,129.5,280.5
2017-05-30 08:00:00+00:00,167.75,281.5
2017-05-30 09:00:00+00:00,213.75,299.0
2017-05-30 10:00:00+00:00,232.5,275.75
2017-05-30 11:00:00+00:00,256.75,285.5
2017-05-30 12:00:00+00:00,217.75,304.5
2017-05-30 13:00:00+00:00,237.25,299.75
2017-05-30 14:00:00+00:00,250.0,359.0
2017-05-30 15:00:00+00:00,295.25,398.0
2017-05-30 16:00:00+00:00,354.5,327.25
2017-05-30 17:00:00+00:00,431.0,369.25
2017-05-30 18:00:00+00:00,478.5,389.75
2017-05-30 19:00:00+00:00,517.5,324.5
2017-05-30 20:00:00+00:00,424.75,342.75
2017-05-30 21:00:00+00:00,430.25,282.5
2017-05-30 22:00:00+00:00,455.75,228.5
2017-05-30 23:00:00+00:00,516.25,231.75
2017-05-31 00:00:00+00:00,402.75,214.75
2017-05-31 01:00:00+00:00,333.25,173.75
2017-05-31 02:00:00+00:00,369.5,145.25
2017-05-31 03:00:00+00:00,414.75,122.75
2017-05-31 04:00:00+00:00,373.5,76.25
2017-05-31 05:00:00+00:00,220.75,45.0
2017-05-31 06:00:00+00:00,182.25,22.75
2017-05-31 07:00:00+00:00,148.5,17.5
2017-05-31 08:00:00+00:00,125.5,16.0
2017-05-31 09:00:00+00:00,99.25,29.5
2017-05-31 10:00:00+00:00,66.75,30.5
2017-05-31 11:00:00+00:00,67.25,27.75
2017-05-31 12:00:00+00:00,51.0,29.25
2017-05-31 13:00:00+00:00,61.0,46.25
2017-05-31 14:00:00+00:00,72.25,66.75
2017-05-31 15:00:00+00:00,83.75,96.0
2017-05-31 16:00:00+00:00,118.0,86.0
2017-05-31 17:00:00+00:00,94.75,59.75
2017-05-31 18:00:00+00:00,93.0,50.5
2017-05-31 19:00:00+00:00,63.5,57.0
2017-05-31 20:00:00+00:00,52.75,57.5
2017-05-31 21:00:00+00:00,22.5,60.75
2017-05-31 22:00:00+00:00,13.75,38.5
2017-05-31 23:00:00+00:00,3.25,23.75
2017-06-01 00:00:00+00:00,4.0,15.25
2017-06-01 01:00:00+00:00,0.0,11.0
2017-06-01 02:00:00+00:00,2.25,7.25
2017-06-01 03:00:00+00:00,3.75,6.25
2017-06-01 04:00:00+00:00,4.25,7.5
2017-06-01 05:00:00+00:00,7.75,4.5
2017-06-01 06:00:00+00:00,6.25,0.0
2017-06-01 07:00:00+00:00,5.25,0.0
2017-06-01 08:00:00+00:00,0.0,0.75
2017-06-01 09:00:00+00:00,0.0,1.0
2017-06-01 10:00:00+00:00,0.0,1.5
2017-06-01 11:00:00+00:00,0.0,1.25
2017-06-01 12:00:00+00:00,0.0,1.25
2017-06-01 13:00:00+00:00,0.0,2.25
2017-06-01 14:00:00+00:00,0.0,4.5
2017-06-01 15:00:00+00:00,0.0,9.5
2017-06-01 16:00:00+00:00,0.0,15.0
2017-06-01 17:00:00+00:00,0.0,10.25
2017-06-01 18:00:00+00:00,0.0,16.75
2017-06-01 19:00:00+00:00,0.25,33.0
2017-06-01 20:00:00+00:00,9.75,51.75
2017-06-01 21:00:00+00:00,34.25,75.0
2017-06-01 22:00:00+00:00,33.5,91.5
2017-06-01 23:00:00+00:00,25.0,93.75
2017-06-02 00:00:00+00:00,35.25,70.25
2017-06-02 01:00:00+00:00,27.75,40.25
2017-06-02 02:00:00+00:00,34.0,14.25
2017-06-02 03:00:00+00:00,35.5,7.0
2017-06-02 04:00:00+00:00,18.25,8.25
2017-06-02 05:00:00+00:00,7.25,9.25
2017-06-02 06:00:00+00:00,6.5,6.0
2017-06-02 07:00:00+00:00,18.0,1.75
2017-06-02 08:00:00+00:00,11.75,0.0
2017-06-02 09:00:00+00:00,13.75,0.0
2017-06-02 10:00:00+00:00,14.25,0.5
2017-06-02 11:00:00+00:00,26.75,2.0
2017-06-02 12:00:00+00:00,15.5,13.25
2017-06-02 13:00:00+00:00,13.0,31.75
2017-06-02 14:00:00+00:00,12.0,48.75
2017-06-02 15:00:00+00:00,3.75,64.75
2017-06-02 16:00:00+00:00,3.0,63.25
2017-06-02 17:00:00+00:00,3.5,56.75
2017-06-02 18:00:00+00:00,18.75,43.25
2017-06-02 19:00:00+00:00,38.75,60.5
2017-06-02 20:00:00+00:00,47.5,47.75
2017-06-02 21:00:00+00:00,64.25,62.0
2017-06-02 22:00:00+00:00,25.5,71.5
2017-06-02 23:00:00+00:00,1.5,79.5
2017-06-03 00:00:00+00:00,3.0,65.0
2017-06-03 01:00:00+00:00,63.75,47.25
2017-06-03 02:00:00+00:00,54.0,32.0
2017-06-03 03:00:00+00:00,85.0,13.25
2017-06-03 04:00:00+00:00,105.0,7.5
2017-06-03 05:00:00+00:00,100.0,1.5
2017-06-03 06:00:00+00:00,31.75,0.75
2017-06-03 07:00:00+00:00,92.25,1.0
2017-06-03 08:00:00+00:00,27.5,6.75
2017-06-03 09:00:00+00:00,16.25,19.5
2017-06-03 10:00:00+00:00,29.75,7.0
2017-06-03 11:00:00+00:00,45.75,8.5
2017-06-03 12:00:00+00:00,28.5,32.25
2017-06-03 13:00:00+00:00,23.25,55.75
2017-06-03 14:00:00+00:00,28.75,125.0
2017-06-03 15:00:00+00:00,19.5,141.75
2017-06-03 16:00:00+00:00,11.5,137.0
2017-06-03 17:00:00+00:00,2.75,121.75
2017-06-03 18:00:00+00:00,1.0,62.75
2017-06-03 19:00:00+00:00,0.75,50.25
2017-06-03 20:00:00+00:00,64.25,85.25
2017-06-03 21:00:00+00:00,53.25,74.75
2017-06-03 22:00:00+00:00,87.0,86.25
2017-06-03 23:00:00+00:00,121.5,109.5
2017-06-04 00:00:00+00:00,149.25,106.75
2017-06-04 01:00:00+00:00,122.5,96.75
2017-06-04 02:00:00+00:00,96.0,107.25
2017-06-04 03:00:00+00:00,89.5,118.0
2017-06-04 04:00:00+00:00,105.75,150.5
2017-06-04 05:00:00+00:00,95.75,171.25
2017-06-04 06:00:00+00:00,62.25,186.75
2017-06-04 07:00:00+00:00,55.25,124.5
2017-06-04 08:00:00+00:00,57.75,77.25
2017-06-04 09:00:00+00:00,93.25,80.25
2017-06-04 10:00:00+00:00,102.25,183.5
2017-06-04 11:00:00+00:00,164.0,274.0
2017-06-04 12:00:00+00:00,200.0,330.0
2017-06-04 13:00:00+00:00,215.25,300.75
2017-06-04 14:00:00+00:00,256.0,279.0
2017-06-04 15:00:00+00:00,312.75,263.75
2017-06-04 16:00:00+00:00,310.75,198.75
2017-06-04 17:00:00+00:00,257.75,146.5
2017-06-04 18:00:00+00:00,251.5,91.5
2017-06-04 19:00:00+00:00,229.25,60.0
2017-06-04 20:00:00+00:00,225.5,64.25
2017-06-04 21:00:00+00:00,199.75,83.0
2017-06-04 22:00:00+00:00,204.0,90.0
2017-06-04 23:00:00+00:00,196.25,142.25
2017-06-05 00:00:00+00:00,206.75,161.0
2017-06-05 01:00:00+00:00,265.25,144.0
2017-06-05 02:00:00+00:00,302.25,176.5
2017-06-05 03:00:00+00:00,386.5,213.0
2017-06-05 04:00:00+00:00,459.75,225.75
2017-06-05 05:00:00+00:00,503.25,191.0
2017-06-05 06:00:00+00:00,444.5,189.5
2017-06-05 07:00:00+00:00,403.25,194.25
2017-06-05 08:00:00+00:00,418.75,199.0
2017-06-05 09:00:00+00:00,477.75,238.0
2017-06-05 10:00:00+00:00,468.0,256.75
2017-06-05 11:00:00+00:00,509.0,266.75
2017-06-05 12:00:00+00:00,489.0,298.75
2017-06-05 13:00:00+00:00,413.75,163.5
2017-06-05 14:00:00+00:00,338.25,111.25
2017-06-05 15:00:00+00:00,449.25,127.5
2017-06-05 16:00:00+00:00,456.0,96.75
2017-06-05 17:00:00+00:00,378.5,59.5
2017-06-05 18:00:00+00:00,321.5,25.5
2017-06-05 19:00:00+00:00,212.5,38.5
2017-06-05 20:00:00+00:00,92.5,81.5
2017-06-05 21:00:00+00:00,185.75,252.0
2017-06-05 22:00:00+00:00,335.25,362.75
2017-06-05 23:00:00+00:00,560.25,413.75
2017-06-06 00:00:00+00:00,721.5,385.5
2017-06-06 01:00:00+00:00,676.0,352.25
2017-06-06 02:00:00+00:00,668.25,358.5
2017-06-06 03:00:00+00:00,707.5,349.5
2017-06-06 04:00:00+00:00,725.0,390.0
2017-06-06 05:00:00+00:00,682.75,424.25
2017-06-06 06:00:00+00:00,705.75,433.0
2017-06-06 07:00:00+00:00,719.75,523.75
2017-06-06 08:00:00+00:00,689.25,543.5
2017-06-06 09:00:00+00:00,686.75,525.75
2017-06-06 10:00:00+00:00,729.75,567.25
2017-06-06 11:00:00+00:00,692.5,561.5
2017-06-06 12:00:00+00:00,632.75,617.0
2017-06-06 13:00:00+00:00,695.25,634.0
2017-06-06 14:00:00+00:00,643.5,645.0
2017-06-06 15:00:00+00:00,605.0,615.5
2017-06-06 16:00:00+00:00,670.25,603.25
2017-06-06 17:00:00+00:00,747.0,599.25
2017-06-06 18:00:00+00:00,763.75,577.0
2017-06-06 19:00:00+00:00,759.75,587.75
2017-06-06 20:00:00+00:00,758.0,615.25
2017-06-06 21:00:00+00:00,761.5,635.75
2017-06-06 22:00:00+00:00,764.25,622.5
2017-06-06 23:00:00+00:00,758.75,622.75
2017-06-07 00:00:00+00:00,752.0,630.25
2017-06-07 01:00:00+00:00,755.75,624.75
2017-06-07 02:00:00+00:00,761.0,621.25
2017-06-07 03:00:00+00:00,760.75,628.75
2017-06-07 04:00:00+00:00,764.0,620.5
2017-06-07 05:00:00+00:00,760.0,623.25
2017-06-07 06:00:00+00:00,764.5,617.25
2017-06-07 07:00:00+00:00,768.75,625.75
2017-06-07 08:00:00+00:00,769.75,630.0
2017-06-07 09:00:00+00:00,769.5,638.75
2017-06-07 10:00:00+00:00,769.75,645.75
2017-06-07 11:00:00+00:00,768.25,625.25
2017-06-07 12:00:00+00:00,765.0,638.25
2017-06-07 13:00:00+00:00,766.0,646.5
2017-06-07 14:00:00+00:00,762.5,637.0
2017-06-07 15:00:00+00:00,751.5,630.5
2017-06-07 16:00:00+00:00,752.0,609.0
2017-06-07 17:00:00+00:00,760.5,577.5
2017-06-07 18:00:00+00:00,761.0,545.25
2017-06-07 19:00:00+00:00,758.25,559.75
2017-06-07 20:00:00+00:00,754.25,570.75
2017-06-07 21:00:00+00:00,750.5,573.25
2017-06-07 22:00:00+00:00,692.75,543.0
2017-06-07 23:00:00+00:00,739.5,520.75
2017-06-08 00:00:00+00:00,717.25,483.5
2017-06-08 01:00:00+00:00,646.0,460.75
2017-06-08 02:00:00+00:00,540.0,411.75
2017-06-08 03:00:00+00:00,467.5,379.75
2017-06-08 04:00:00+00:00,315.5,316.0
2017-06-08 05:00:00+00:00,396.0,329.5
2017-06-08 06:00:00+00:00,366.25,338.0
2017-06-08 07:00:00+00:00,585.25,286.5
2017-06-08 08:00:00+00:00,615.25,297.75
2017-06-08 09:00:00+00:00,694.0,344.25
2017-06-08 10:00:00+00:00,679.5,254.75
2017-06-08 11:00:00+00:00,624.25,195.0
2017-06-08 12:00:00+00:00,596.0,189.25
2017-06-08 13:00:00+00:00,598.0,190.75
2017-06-08 14:00:00+00:00,547.5,152.0
2017-06-08 15:00:00+00:00,438.75,160.5
2017-06-08 16:00:00+00:00,421.25,238.5
2017-06-08 17:00:00+00:00,558.25,149.0
2017-06-08 18:00:00+00:00,555.75,97.5
2017-06-08 19:00:00+00:00,498.25,60.25
2017-06-08 20:00:00+00:00,473.0,55.75
2017-06-08 21:00:00+00:00,447.0,69.75
2017-06-08 22:00:00+00:00,466.5,39.25
2017-06-08 23:00:00+00:00,338.25,16.25
2017-06-09 00:00:00+00:00,432.75,33.0
2017-06-09 01:00:00+00:00,430.5,126.5
2017-06-09 02:00:00+00:00,196.25,257.75
2017-06-09 03:00:00+00:00,143.25,352.25
2017-06-09 04:00:00+00:00,153.75,116.75
2017-06-09 05:00:00+00:00,106.25,25.75
2017-06-09 06:00:00+00:00,101.0,51.5
2017-06-09 07:00:00+00:00,173.0,74.0
2017-06-09 08:00:00+00:00,183.0,136.0
2017-06-09 09:00:00+00:00,336.25,127.75
2017-06-09 10:00:00+00:00,419.5,97.5
2017-06-09 11:00:00+00:00,284.25,276.5
2017-06-09 12:00:00+00:00,361.75,328.0
2017-06-09 13:00:00+00:00,311.25,373.25
2017-06-09 14:00:00+00:00,362.75,406.5
2017-06-09 15:00:00+00:00,388.25,380.25
2017-06-09 16:00:00+00:00,365.0,346.0
2017-06-09 17:00:00+00:00,397.5,258.25
2017-06-09 18:00:00+00:00,265.25,210.25
2017-06-09 19:00:00+00:00,215.25,231.75
2017-06-09 20:00:00+00:00,216.75,166.5
2017-06-09 21:00:00+00:00,167.25,153.0
2017-06-09 22:00:00+00:00,125.25,159.75
2017-06-09 23:00:00+00:00,131.5,158.75
2017-06-10 00:00:00+00:00,138.0,157.5
2017-06-10 01:00:00+00:00,128.25,151.0
2017-06-10 02:00:00+00:00,113.0,105.5
2017-06-10 03:00:00+00:00,74.25,96.0
2017-06-10 04:00:00+00:00,65.5,93.5
2017-06-10 05:00:00+00:00,97.5,66.5
2017-06-10 06:00:00+00:00,139.5,55.75
2017-06-10 07:00:00+00:00,181.5,52.25
2017-06-10 08:00:00+00:00,200.0,75.0
2017-06-10 09:00:00+00:00,286.0,65.5
2017-06-10 10:00:00+00:00,349.25,98.25
2017-06-10 11:00:00+00:00,403.0,123.75
2017-06-10 12:00:00+00:00,298.25,123.0
2017-06-10 13:00:00+00:00,169.5,102.25
2017-06-10 14:00:00+00:00,94.0,45.25
2017-06-10 15:00:00+00:00,122.0,18.0
2017-06-10 16:00:00+00:00,109.0,21.5
2017-06-10 17:00:00+00:00,191.0,18.75
2017-06-10 18:00:00+00:00,287.25,19.75
2017-06-10 19:00:00+00:00,367.5,51.0
2017-06-10 20:00:00+00:00,458.25,89.0
2017-06-10 21:00:00+00:00,630.0,105.75
2017-06-10 22:00:00+00:00,623.75,156.25
2017-06-10 23:00:00+00:00,609.5,181.25
2017-06-11 00:00:00+00:00,610.0,187.75
2017-06-11 01:00:00+00:00,619.75,165.5
2017-06-11 02:00:00+00:00,561.5,150.75
2017-06-11 03:00:00+00:00,523.5,148.75
2017-06-11 04:00:00+00:00,493.25,124.0
2017-06-11 05:00:00+00:00,445.5,97.5
2017-06-11 06:00:00+00:00,498.75,67.0
2017-06-11 07:00:00+00:00,521.25,43.25
2017-06-11 08:00:00+00:00,477.25,32.75
2017-06-11 09:00:00+00:00,514.75,32.25
2017-06-11 10:00:00+00:00,497.5,54.75
2017-06-11 11:00:00+00:00,589.25,101.0
2017-06-11 12:00:00+00:00,597.25,128.0
2017-06-11 13:00:00+00:00,570.5,244.5
2017-06-11 14:00:00+00:00,541.75,199.5
2017-06-11 15:00:00+00:00,587.0,185.5
2017-06-11 16:00:00+00:00,650.75,334.5
2017-06-11 17:00:00+00:00,655.0,317.5
2017-06-11 18:00:00+00:00,708.25,372.0
2017-06-11 19:00:00+00:00,381.75,361.5
2017-06-11 20:00:00+00:00,374.0,347.0
2017-06-11 21:00:00+00:00,295.75,443.5
2017-06-11 22:00:00+00:00,371.75,486.0
2017-06-11 23:00:00+00:00,490.75,478.75
2017-06-12 00:00:00+00:00,569.0,457.75
2017-06-12 01:00:00+00:00,696.75,406.5
2017-06-12 02:00:00+00:00,739.0,401.0
2017-06-12 03:00:00+00:00,737.0,432.25
2017-06-12 04:00:00+00:00,731.0,412.0
2017-06-12 05:00:00+00:00,739.0,422.75
2017-06-12 06:00:00+00:00,743.5,472.75
2017-06-12 07:00:00+00:00,741.0,485.0
2017-06-12 08:00:00+00:00,736.75,475.25
2017-06-12 09:00:00+00:00,732.75,479.25
2017-06-12 10:00:00+00:00,735.5,496.5
2017-06-12 11:00:00+00:00,729.5,499.5
2017-06-12 12:00:00+00:00,707.25,505.75
2017-06-12 13:00:00+00:00,712.5,532.0
2017-06-12 14:00:00+00:00,747.75,527.75
2017-06-12 15:00:00+00:00,755.75,555.0
2017-06-12 16:00:00+00:00,754.25,549.0
2017-06-12 17:00:00+00:00,743.25,507.5
2017-06-12 18:00:00+00:00,740.75,418.0
2017-06-12 19:00:00+00:00,707.0,394.25
2017-06-12 20:00:00+00:00,651.0,338.25
2017-06-12 21:00:00+00:00,607.75,288.0
2017-06-12 22:00:00+00:00,603.75,269.0
2017-06-12 23:00:00+00:00,598.5,223.0
2017-06-13 00:00:00+00:00,587.25,228.75
2017-06-13 01:00:00+00:00,565.75,229.25
2017-06-13 02:00:00+00:00,546.5,184.0
2017-06-13 03:00:00+00:00,478.0,178.0
2017-06-13 04:00:00+00:00,417.5,179.75
2017-06-13 05:00:00+00:00,381.5,174.25
2017-06-13 06:00:00+00:00,358.5,117.0
2017-06-13 07:00:00+00:00,291.0,89.75
2017-06-13 08:00:00+00:00,273.5,69.0
2017-06-13 09:00:00+00:00,286.75,80.25
2017-06-13 10:00:00+00:00,229.25,95.0
2017-06-13 11:00:00+00:00,156.0,110.5
2017-06-13 12:00:00+00:00,138.0,108.0
2017-06-13 13:00:00+00:00,162.0,103.0
2017-06-13 14:00:00+00:00,133.0,108.0
2017-06-13 15:00:00+00:00,143.75,90.25
2017-06-13 16:00:00+00:00,94.0,78.75
2017-06-13 17:00:00+00:00,86.5,66.5
2017-06-13 18:00:00+00:00,70.25,37.25
2017-06-13 19:00:00+00:00,52.5,16.5
2017-06-13 20:00:00+00:00,39.5,7.0
2017-06-13 21:00:00+00:00,21.25,8.75
2017-06-13 22:00:00+00:00,10.0,5.25
2017-06-13 23:00:00+00:00,24.0,3.25
2017-06-14 00:00:00+00:00,12.75,3.75
2017-06-14 01:00:00+00:00,14.5,3.0
2017-06-14 02:00:00+00:00,34.5,3.75
2017-06-14 03:00:00+00:00,25.5,2.5
2017-06-14 04:00:00+00:00,3.5,2.75
2017-06-14 05:00:00+00:00,4.0,1.25
2017-06-14 06:00:00+00:00,3.0,0.25
2017-06-14 07:00:00+00:00,0.0,0.25
2017-06-14 08:00:00+00:00,0.0,0.75
2017-06-14 09:00:00+00:00,0.0,1.0
2017-06-14 10:00:00+00:00,0.0,2.5
2017-06-14 11:00:00+00:00,0.0,2.25
2017-06-14 12:00:00+00:00,0.25,2.0
2017-06-14 13:00:00+00:00,8.25,2.75
2017-06-14 14:00:00+00:00,27.75,3.5
2017-06-14 15:00:00+00:00,40.0,7.75
2017-06-14 16:00:00+00:00,46.25,20.75
2017-06-14 17:00:00+00:00,27.25,19.5
2017-06-14 18:00:00+00:00,19.5,20.25
2017-06-14 19:00:00+00:00,43.75,44.0
2017-06-14 20:00:00+00:00,63.25,99.5
2017-06-14 21:00:00+00:00,80.0,152.0
2017-06-14 22:00:00+00:00,130.0,209.75
2017-06-14 23:00:00+00:00,158.5,238.25
2017-06-15 00:00:00+00:00,199.25,243.25
2017-06-15 01:00:00+00:00,248.75,244.75
2017-06-15 02:00:00+00:00,289.0,227.75
2017-06-15 03:00:00+00:00,319.0,189.5
2017-06-15 04:00:00+00:00,329.25,147.0
2017-06-15 05:00:00+00:00,270.0,93.5
2017-06-15 06:00:00+00:00,296.25,35.5
2017-06-15 07:00:00+00:00,378.75,19.75
2017-06-15 08:00:00+00:00,260.0,17.75
2017-06-15 09:00:00+00:00,205.5,27.5
2017-06-15 10:00:00+00:00,174.25,39.0
2017-06-15 11:00:00+00:00,225.25,132.5
2017-06-15 12:00:00+00:00,212.5,410.75
2017-06-15 13:00:00+00:00,205.25,464.25
2017-06-15 14:00:00+00:00,472.75,375.0
2017-06-15 15:00:00+00:00,533.0,327.5
2017-06-15 16:00:00+00:00,574.0,228.5
2017-06-15 17:00:00+00:00,422.25,234.5
2017-06-15 18:00:00+00:00,406.25,231.5
2017-06-15 19:00:00+00:00,311.75,270.25
2017-06-15 20:00:00+00:00,175.5,238.0
2017-06-15 21:00:00+00:00,183.0,201.25
2017-06-15 22:00:00+00:00,270.5,109.5
2017-06-15 23:00:00+00:00,247.25,143.25
2017-06-16 00:00:00+00:00,386.0,136.0
2017-06-16 01:00:00+00:00,544.25,158.0
2017-06-16 02:00:00+00:00,522.25,168.75
2017-06-16 03:00:00+00:00,570.75,156.25
2017-06-16 04:00:00+00:00,556.0,318.0
2017-06-16 05:00:00+00:00,596.25,398.0
2017-06-16 06:00:00+00:00,620.5,381.75
2017-06-16 07:00:00+00:00,618.5,274.0
2017-06-16 08:00:00+00:00,680.0,317.5
2017-06-16 09:00:00+00:00,666.5,373.75
2017-06-16 10:00:00+00:00,673.5,408.75
2017-06-16 11:00:00+00:00,691.0,420.0
2017-06-16 12:00:00+00:00,676.0,441.25
2017-06-16 13:00:00+00:00,649.25,431.5
2017-06-16 14:00:00+00:00,643.25,414.25
2017-06-16 15:00:00+00:00,591.5,412.75
2017-06-16 16:00:00+00:00,564.0,399.25
2017-06-16 17:00:00+00:00,462.5,338.75
2017-06-16 18:00:00+00:00,345.5,262.25
2017-06-16 19:00:00+00:00,322.0,221.0
2017-06-16 20:00:00+00:00,240.0,188.0
2017-06-16 21:00:00+00:00,329.75,150.75
2017-06-16 22:00:00+00:00,341.25,210.25
2017-06-16 23:00:00+00:00,436.25,197.0
2017-06-17 00:00:00+00:00,303.5,184.25
2017-06-17 01:00:00+00:00,279.75,164.5
2017-06-17 02:00:00+00:00,228.75,245.25
2017-06-17 03:00:00+00:00,174.0,141.0
2017-06-17 04:00:00+00:00,160.5,134.75
2017-06-17 05:00:00+00:00,125.75,93.75
2017-06-17 06:00:00+00:00,110.0,49.0
2017-06-17 07:00:00+00:00,82.25,47.25
2017-06-17 08:00:00+00:00,105.5,57.5
2017-06-17 09:00:00+00:00,137.5,53.5
2017-06-17 10:00:00+00:00,109.25,66.75
2017-06-17 11:00:00+00:00,82.25,47.5
2017-06-17 12:00:00+00:00,134.25,48.0
2017-06-17 13:00:00+00:00,154.75,57.75
2017-06-17 14:00:00+00:00,73.75,89.5
2017-06-17 15:00:00+00:00,50.5,98.75
2017-06-17 16:00:00+00:00,39.5,81.0
2017-06-17 17:00:00+00:00,17.25,39.25
2017-06-17 18:00:00+00:00,0.25,18.0
2017-06-17 19:00:00+00:00,1.0,1.75
2017-06-17 20:00:00+00:00,1.0,0.5
2017-06-17 21:00:00+00:00,7.5,1.5
2017-06-17 22:00:00+00:00,3.0,1.25
2017-06-17 23:00:00+00:00,20.25,2.75
2017-06-18 00:00:00+00:00,23.5,4.0
2017-06-18 01:00:00+00:00,26.0,3.75
2017-06-18 02:00:00+00:00,27.75,1.75
2017-06-18 03:00:00+00:00,9.25,1.5
2017-06-18 04:00:00+00:00,2.75,1.75
2017-06-18 05:00:00+00:00,2.5,1.25
2017-06-18 06:00:00+00:00,5.25,0.25
2017-06-18 07:00:00+00:00,6.25,0.75
2017-06-18 08:00:00+00:00,3.0,0.25
2017-06-18 09:00:00+00:00,2.5,0.25
2017-06-18 10:00:00+00:00,20.25,0.75
2017-06-18 11:00:00+00:00,21.25,1.5
2017-06-18 12:00:00+00:00,8.5,1.75
2017-06-18 13:00:00+00:00,2.75,2.0
2017-06-18 14:00:00+00:00,1.0,1.5
2017-06-18 15:00:00+00:00,0.0,7.0
2017-06-18 16:00:00+00:00,0.5,10.25
2017-06-18 17:00:00+00:00,6.0,10.25
2017-06-18 18:00:00+00:00,12.0,16.5
2017-06-18 19:00:00+00:00,18.25,49.0
2017-06-18 20:00:00+00:00,23.0,84.0
2017-06-18 21:00:00+00:00,18.25,88.5
2017-06-18 22:00:00+00:00,22.0,102.75
2017-06-18 23:00:00+00:00,38.5,79.75
2017-06-19 00:00:00+00:00,49.0,59.0
2017-06-19 01:00:00+00:00,30.0,32.0
2017-06-19 02:00:00+00:00,17.0,23.0
2017-06-19 03:00:00+00:00,13.0,21.5
2017-06-19 04:00:00+00:00,5.75,17.5
2017-06-19 05:00:00+00:00,3.0,17.5
2017-06-19 06:00:00+00:00,0.0,2.75
2017-06-19 07:00:00+00:00,0.0,0.0
2017-06-19 08:00:00+00:00,0.0,0.0
2017-06-19 09:00:00+00:00,0.0,0.0
2017-06-19 10:00:00+00:00,1.25,0.5
2017-06-19 11:00:00+00:00,5.25,1.25
2017-06-19 12:00:00+00:00,15.0,2.0
2017-06-19 13:00:00+00:00,20.0,5.5
2017-06-19 14:00:00+00:00,23.25,11.25
2017-06-19 15:00:00+00:00,28.0,20.5
2017-06-19 16:00:00+00:00,33.25,31.75
2017-06-19 17:00:00+00:00,27.75,40.0
2017-06-19 18:00:00+00:00,20.25,57.75
2017-06-19 19:00:00+00:00,19.75,58.5
2017-06-19 20:00:00+00:00,33.0,55.5
2017-06-19 21:00:00+00:00,44.75,55.0
2017-06-19 22:00:00+00:00,28.75,69.25
2017-06-19 23:00:00+00:00,23.5,72.5
2017-06-20 00:00:00+00:00,27.5,62.5
2017-06-20 01:00:00+00:00,55.25,67.25
2017-06-20 02:00:00+00:00,215.75,66.25
2017-06-20 03:00:00+00:00,258.25,80.25
2017-06-20 04:00:00+00:00,193.0,98.5
2017-06-20 05:00:00+00:00,171.0,92.75
2017-06-20 06:00:00+00:00,235.0,58.5
2017-06-20 07:00:00+00:00,210.75,50.75
2017-06-20 08:00:00+00:00,178.75,54.0
2017-06-20 09:00:00+00:00,178.5,62.25
2017-06-20 10:00:00+00:00,219.75,90.5
2017-06-20 11:00:00+00:00,268.25,110.75
2017-06-20 12:00:00+00:00,260.75,124.25
2017-06-20 13:00:00+00:00,260.0,136.5
2017-06-20 14:00:00+00:00,262.0,149.0
2017-06-20 15:00:00+00:00,297.75,168.75
2017-06-20 16:00:00+00:00,312.5,180.5
2017-06-20 17:00:00+00:00,369.25,205.75
2017-06-20 18:00:00+00:00,370.5,184.0
2017-06-20 19:00:00+00:00,331.75,178.75
2017-06-20 20:00:00+00:00,294.0,223.75
2017-06-20 21:00:00+00:00,251.5,190.5
2017-06-20 22:00:00+00:00,201.75,179.5
2017-06-20 23:00:00+00:00,155.25,188.25
2017-06-21 00:00:00+00:00,129.0,196.25
2017-06-21 01:00:00+00:00,114.5,157.5
2017-06-21 02:00:00+00:00,125.5,134.25
2017-06-21 03:00:00+00:00,113.25,141.75
2017-06-21 04:00:00+00:00,97.5,141.25
2017-06-21 05:00:00+00:00,69.75,83.0
2017-06-21 06:00:00+00:00,59.0,45.25
2017-06-21 07:00:00+00:00,60.75,39.0
2017-06-21 08:00:00+00:00,53.25,20.5
2017-06-21 09:00:00+00:00,50.0,13.0
2017-06-21 10:00:00+00:00,41.75,7.0
2017-06-21 11:00:00+00:00,44.5,4.5
2017-06-21 12:00:00+00:00,60.75,4.25
2017-06-21 13:00:00+00:00,33.75,2.25
2017-06-21 14:00:00+00:00,20.75,1.5
2017-06-21 15:00:00+00:00,28.75,11.5
2017-06-21 16:00:00+00:00,50.5,22.0
2017-06-21 17:00:00+00:00,69.75,30.5
2017-06-21 18:00:00+00:00,58.5,23.5
2017-06-21 19:00:00+00:00,72.5,17.5
2017-06-21 20:00:00+00:00,118.25,50.5
2017-06-21 21:00:00+00:00,271.25,117.5
2017-06-21 22:00:00+00:00,360.25,228.5
2017-06-21 23:00:00+00:00,340.75,163.0
2017-06-22 00:00:00+00:00,367.25,145.25
2017-06-22 01:00:00+00:00,403.25,189.0
2017-06-22 02:00:00+00:00,478.5,241.5
2017-06-22 03:00:00+00:00,470.0,284.0
2017-06-22 04:00:00+00:00,505.5,298.0
2017-06-22 05:00:00+00:00,562.0,341.0
2017-06-22 06:00:00+00:00,630.75,325.25
2017-06-22 07:00:00+00:00,316.0,339.75
2017-06-22 08:00:00+00:00,184.5,203.5
2017-06-22 09:00:00+00:00,159.25,162.75
2017-06-22 10:00:00+00:00,126.0,166.5
2017-06-22 11:00:00+00:00,269.5,171.0
2017-06-22 12:00:00+00:00,376.5,253.75
2017-06-22 13:00:00+00:00,521.5,355.0
2017-06-22 14:00:00+00:00,562.25,196.75
2017-06-22 15:00:00+00:00,488.75,301.0
2017-06-22 16:00:00+00:00,411.75,463.5
2017-06-22 17:00:00+00:00,396.0,486.5
2017-06-22 18:00:00+00:00,626.25,458.25
2017-06-22 19:00:00+00:00,692.5,520.5
2017-06-22 20:00:00+00:00,698.75,554.75
2017-06-22 21:00:00+00:00,677.25,541.75
2017-06-22 22:00:00+00:00,679.0,459.75
2017-06-22 23:00:00+00:00,624.25,418.75
2017-06-23 00:00:00+00:00,602.75,389.0
2017-06-23 01:00:00+00:00,587.25,313.75
2017-06-23 02:00:00+00:00,547.0,256.5
2017-06-23 03:00:00+00:00,572.5,245.5
2017-06-23 04:00:00+00:00,493.5,191.25
2017-06-23 05:00:00+00:00,307.0,159.5
2017-06-23 06:00:00+00:00,229.0,155.0
2017-06-23 07:00:00+00:00,249.75,168.0
2017-06-23 08:00:00+00:00,342.0,157.0
2017-06-23 09:00:00+00:00,468.25,234.0
2017-06-23 10:00:00+00:00,570.0,300.0
2017-06-23 11:00:00+00:00,666.5,321.0
2017-06-23 12:00:00+00:00,708.5,429.75
2017-06-23 13:00:00+00:00,738.5,495.5
2017-06-23 14:00:00+00:00,732.75,531.5
2017-06-23 15:00:00+00:00,715.0,483.0
2017-06-23 16:00:00+00:00,746.75,388.0
2017-06-23 17:00:00+00:00,736.5,312.75
2017-06-23 18:00:00+00:00,717.0,313.75
2017-06-23 19:00:00+00:00,753.0,307.25
2017-06-23 20:00:00+00:00,758.25,335.25
2017-06-23 21:00:00+00:00,735.0,408.5
2017-06-23 22:00:00+00:00,685.25,441.25
2017-06-23 23:00:00+00:00,674.5,427.75
2017-06-24 00:00:00+00:00,680.25,407.25
2017-06-24 01:00:00+00:00,685.0,423.75
2017-06-24 02:00:00+00:00,691.75,425.75
2017-06-24 03:00:00+00:00,698.5,436.75
2017-06-24 04:00:00+00:00,723.75,441.0
2017-06-24 05:00:00+00:00,740.5,441.0
2017-06-24 06:00:00+00:00,729.25,427.75
2017-06-24 07:00:00+00:00,722.25,461.0
2017-06-24 08:00:00+00:00,722.25,461.5
2017-06-24 09:00:00+00:00,697.75,460.75
2017-06-24 10:00:00+00:00,545.75,460.0
2017-06-24 11:00:00+00:00,406.5,428.0
2017-06-24 12:00:00+00:00,434.0,365.75
2017-06-24 13:00:00+00:00,552.25,310.0
2017-06-24 14:00:00+00:00,437.0,262.25
2017-06-24 15:00:00+00:00,368.25,226.0
2017-06-24 16:00:00+00:00,440.25,274.5
2017-06-24 17:00:00+00:00,471.5,284.0
2017-06-24 18:00:00+00:00,432.75,267.25
2017-06-24 19:00:00+00:00,365.0,312.5
2017-06-24 20:00:00+00:00,347.75,323.5
2017-06-24 21:00:00+00:00,487.0,370.5
2017-06-24 22:00:00+00:00,449.75,429.75
2017-06-24 23:00:00+00:00,419.75,462.25
2017-06-25 00:00:00+00:00,324.75,474.75
2017-06-25 01:00:00+00:00,327.25,428.5
2017-06-25 02:00:00+00:00,471.0,187.75
2017-06-25 03:00:00+00:00,563.0,143.5
2017-06-25 04:00:00+00:00,407.0,217.5
2017-06-25 05:00:00+00:00,301.75,244.0
2017-06-25 06:00:00+00:00,346.0,219.75
2017-06-25 07:00:00+00:00,493.25,195.0
2017-06-25 08:00:00+00:00,582.25,142.5
2017-06-25 09:00:00+00:00,552.5,155.75
2017-06-25 10:00:00+00:00,416.75,183.75
2017-06-25 11:00:00+00:00,404.75,275.5
2017-06-25 12:00:00+00:00,235.0,318.75
2017-06-25 13:00:00+00:00,262.75,290.5
2017-06-25 14:00:00+00:00,407.25,192.25
2017-06-25 15:00:00+00:00,476.0,159.75
2017-06-25 16:00:00+00:00,527.5,145.75
2017-06-25 17:00:00+00:00,509.75,149.25
2017-06-25 18:00:00+00:00,527.25,250.0
2017-06-25 19:00:00+00:00,413.5,326.25
2017-06-25 20:00:00+00:00,328.25,368.25
2017-06-25 21:00:00+00:00,311.0,228.5
2017-06-25 22:00:00+00:00,222.25,185.5
2017-06-25 23:00:00+00:00,233.25,153.0
2017-06-26 00:00:00+00:00,340.5,154.5
2017-06-26 01:00:00+00:00,360.75,167.75
2017-06-26 02:00:00+00:00,300.75,174.75
2017-06-26 03:00:00+00:00,329.5,182.25
2017-06-26 04:00:00+00:00,431.0,127.75
2017-06-26 05:00:00+00:00,370.0,102.25
2017-06-26 06:00:00+00:00,261.0,106.5
2017-06-26 07:00:00+00:00,232.0,102.75
2017-06-26 08:00:00+00:00,195.25,85.75
2017-06-26 09:00:00+00:00,212.0,80.5
2017-06-26 10:00:00+00:00,233.75,84.25
2017-06-26 11:00:00+00:00,197.75,80.0
2017-06-26 12:00:00+00:00,198.5,62.25
2017-06-26 13:00:00+00:00,192.0,46.75
2017-06-26 14:00:00+00:00,167.25,45.5
2017-06-26 15:00:00+00:00,132.25,39.25
2017-06-26 16:00:00+00:00,106.5,49.5
2017-06-26 17:00:00+00:00,72.75,51.25
2017-06-26 18:00:00+00:00,46.5,52.0
2017-06-26 19:00:00+00:00,62.5,68.0
2017-06-26 20:00:00+00:00,69.75,72.75
2017-06-26 21:00:00+00:00,55.75,74.75
2017-06-26 22:00:00+00:00,32.75,79.5
2017-06-26 23:00:00+00:00,39.0,88.25
2017-06-27 00:00:00+00:00,49.0,96.0
2017-06-27 01:00:00+00:00,63.75,101.5
2017-06-27 02:00:00+00:00,64.5,100.5
2017-06-27 03:00:00+00:00,76.25,106.25
2017-06-27 04:00:00+00:00,81.5,127.0
2017-06-27 05:00:00+00:00,83.5,106.0
2017-06-27 06:00:00+00:00,66.5,66.0
2017-06-27 07:00:00+00:00,79.75,63.75
2017-06-27 08:00:00+00:00,107.0,74.5
2017-06-27 09:00:00+00:00,113.5,69.0
2017-06-27 10:00:00+00:00,129.5,73.0
2017-06-27 11:00:00+00:00,125.25,64.0
2017-06-27 12:00:00+00:00,121.0,66.5
2017-06-27 13:00:00+00:00,159.25,78.0
2017-06-27 14:00:00+00:00,211.0,105.25
2017-06-27 15:00:00+00:00,271.0,112.0
2017-06-27 16:00:00+00:00,330.25,108.75
2017-06-27 17:00:00+00:00,325.25,123.0
2017-06-27 18:00:00+00:00,338.0,163.5
2017-06-27 19:00:00+00:00,392.0,211.25
2017-06-27 20:00:00+00:00,422.25,264.75
2017-06-27 21:00:00+00:00,424.75,272.5
2017-06-27 22:00:00+00:00,454.75,269.0
2017-06-27 23:00:00+00:00,462.5,307.5
2017-06-28 00:00:00+00:00,464.5,310.0
2017-06-28 01:00:00+00:00,476.25,299.75
2017-06-28 02:00:00+00:00,479.0,300.25
2017-06-28 03:00:00+00:00,469.25,264.5
2017-06-28 04:00:00+00:00,432.5,231.75
2017-06-28 05:00:00+00:00,381.75,207.75
2017-06-28 06:00:00+00:00,370.75,178.25
2017-06-28 07:00:00+00:00,352.25,150.5
2017-06-28 08:00:00+00:00,341.0,110.0
2017-06-28 09:00:00+00:00,324.0,88.5
2017-06-28 10:00:00+00:00,337.5,63.75
2017-06-28 11:00:00+00:00,376.5,46.5
2017-06-28 12:00:00+00:00,411.5,54.0
2017-06-28 13:00:00+00:00,418.0,66.25
2017-06-28 14:00:00+00:00,435.0,56.5
2017-06-28 15:00:00+00:00,438.75,88.75
2017-06-28 16:00:00+00:00,437.0,99.5
2017-06-28 17:00:00+00:00,370.5,88.5
2017-06-28 18:00:00+00:00,406.75,75.25
2017-06-28 19:00:00+00:00,410.5,55.75
2017-06-28 20:00:00+00:00,237.25,41.75
2017-06-28 21:00:00+00:00,173.75,36.75
2017-06-28 22:00:00+00:00,174.0,57.25
2017-06-28 23:00:00+00:00,188.25,46.75
2017-06-29 00:00:00+00:00,183.25,30.5
2017-06-29 01:00:00+00:00,162.25,43.0
2017-06-29 02:00:00+00:00,157.5,43.75
2017-06-29 03:00:00+00:00,152.0,25.0
2017-06-29 04:00:00+00:00,168.25,16.75
2017-06-29 05:00:00+00:00,188.75,21.75
2017-06-29 06:00:00+00:00,163.25,36.0
2017-06-29 07:00:00+00:00,108.0,23.5
2017-06-29 08:00:00+00:00,115.5,20.0
2017-06-29 09:00:00+00:00,78.5,12.25
2017-06-29 10:00:00+00:00,56.0,12.75
2017-06-29 11:00:00+00:00,39.25,13.5
2017-06-29 12:00:00+00:00,30.0,14.0
2017-06-29 13:00:00+00:00,26.25,47.25
2017-06-29 14:00:00+00:00,20.5,32.5
2017-06-29 15:00:00+00:00,2.25,14.5
2017-06-29 16:00:00+00:00,0.5,10.5
2017-06-29 17:00:00+00:00,8.5,2.0
2017-06-29 18:00:00+00:00,63.0,6.5
2017-06-29 19:00:00+00:00,48.75,13.0
2017-06-29 20:00:00+00:00,16.25,7.0
2017-06-29 21:00:00+00:00,5.25,0.75
2017-06-29 22:00:00+00:00,4.0,6.5
2017-06-29 23:00:00+00:00,2.75,33.25
2017-06-30 00:00:00+00:00,0.75,59.75
2017-06-30 01:00:00+00:00,0.0,58.25
2017-06-30 02:00:00+00:00,0.0,35.0
2017-06-30 03:00:00+00:00,20.5,35.25
2017-06-30 04:00:00+00:00,41.0,42.75
2017-06-30 05:00:00+00:00,57.0,42.5
2017-06-30 06:00:00+00:00,81.5,44.0
2017-06-30 07:00:00+00:00,76.5,41.25
2017-06-30 08:00:00+00:00,101.25,43.75
2017-06-30 09:00:00+00:00,113.5,49.75
2017-06-30 10:00:00+00:00,190.25,57.25
2017-06-30 11:00:00+00:00,194.75,67.5
2017-06-30 12:00:00+00:00,157.25,99.0
2017-06-30 13:00:00+00:00,185.25,123.0
2017-06-30 14:00:00+00:00,219.25,136.5
2017-06-30 15:00:00+00:00,259.0,144.75
2017-06-30 16:00:00+00:00,289.75,134.25
2017-06-30 17:00:00+00:00,234.0,123.75
2017-06-30 18:00:00+00:00,138.5,175.75
2017-06-30 19:00:00+00:00,172.0,181.5
2017-06-30 20:00:00+00:00,220.75,155.75
2017-06-30 21:00:00+00:00,194.25,176.5
2017-06-30 22:00:00+00:00,153.75,186.5
2017-06-30 23:00:00+00:00,250.75,211.75
2017-07-01 00:00:00+00:00,374.25,167.0
2017-07-01 01:00:00+00:00,359.25,116.25
2017-07-01 02:00:00+00:00,330.0,65.75
2017-07-01 03:00:00+00:00,368.75,83.25
2017-07-01 04:00:00+00:00,418.75,122.5
2017-07-01 05:00:00+00:00,435.5,146.25
2017-07-01 06:00:00+00:00,446.75,167.75
2017-07-01 07:00:00+00:00,494.5,155.25
2017-07-01 08:00:00+00:00,490.0,211.25
2017-07-01 09:00:00+00:00,467.5,248.75
2017-07-01 10:00:00+00:00,459.75,241.25
2017-07-01 11:00:00+00:00,421.75,256.0
2017-07-01 12:00:00+00:00,410.0,208.25
2017-07-01 13:00:00+00:00,445.0,199.5
2017-07-01 14:00:00+00:00,463.25,275.5
2017-07-01 15:00:00+00:00,418.25,265.0
2017-07-01 16:00:00+00:00,293.5,166.5
2017-07-01 17:00:00+00:00,285.5,143.25
2017-07-01 18:00:00+00:00,318.75,144.0
2017-07-01 19:00:00+00:00,241.5,150.0
2017-07-01 20:00:00+00:00,129.5,136.0
2017-07-01 21:00:00+00:00,100.75,87.5
2017-07-01 22:00:00+00:00,116.0,39.75
2017-07-01 23:00:00+00:00,219.0,67.75
2017-07-02 00:00:00+00:00,296.75,132.5
2017-07-02 01:00:00+00:00,330.5,166.5
2017-07-02 02:00:00+00:00,409.0,265.5
2017-07-02 03:00:00+00:00,307.25,291.5
2017-07-02 04:00:00+00:00,180.75,295.25
2017-07-02 05:00:00+00:00,270.0,189.25
2017-07-02 06:00:00+00:00,298.75,181.5
2017-07-02 07:00:00+00:00,218.5,158.75
2017-07-02 08:00:00+00:00,339.75,168.25
2017-07-02 09:00:00+00:00,351.25,197.75
2017-07-02 10:00:00+00:00,293.75,221.0
2017-07-02 11:00:00+00:00,267.5,259.0
2017-07-02 12:00:00+00:00,245.0,252.5
2017-07-02 13:00:00+00:00,283.5,204.0
2017-07-02 14:00:00+00:00,207.5,180.5
2017-07-02 15:00:00+00:00,290.0,161.75
2017-07-02 16:00:00+00:00,324.5,175.5
2017-07-02 17:00:00+00:00,292.25,181.75
2017-07-02 18:00:00+00:00,182.5,152.25
2017-07-02 19:00:00+00:00,215.5,106.25
2017-07-02 20:00:00+00:00,250.75,85.0
2017-07-02 21:00:00+00:00,268.0,100.0
2017-07-02 22:00:00+00:00,219.5,64.5
2017-07-02 23:00:00+00:00,315.5,83.5
2017-07-03 00:00:00+00:00,326.0,106.0
2017-07-03 01:00:00+00:00,330.5,108.25
2017-07-03 02:00:00+00:00,368.75,133.0
2017-07-03 03:00:00+00:00,429.0,172.75
2017-07-03 04:00:00+00:00,462.25,183.0
2017-07-03 05:00:00+00:00,472.25,202.75
2017-07-03 06:00:00+00:00,480.25,201.75
2017-07-03 07:00:00+00:00,497.5,296.25
2017-07-03 08:00:00+00:00,484.0,370.0
2017-07-03 09:00:00+00:00,497.25,419.0
2017-07-03 10:00:00+00:00,496.75,421.75
2017-07-03 11:00:00+00:00,485.25,430.5
2017-07-03 12:00:00+00:00,493.25,504.0
2017-07-03 13:00:00+00:00,486.0,504.0
2017-07-03 14:00:00+00:00,473.0,577.75
2017-07-03 15:00:00+00:00,443.75,506.25
2017-07-03 16:00:00+00:00,420.0,362.5
2017-07-03 17:00:00+00:00,383.75,281.0
2017-07-03 18:00:00+00:00,327.5,210.75
2017-07-03 19:00:00+00:00,297.25,205.0
2017-07-03 20:00:00+00:00,345.75,197.0
2017-07-03 21:00:00+00:00,334.5,177.75
2017-07-03 22:00:00+00:00,320.75,166.0
2017-07-03 23:00:00+00:00,304.5,80.5
2017-07-04 00:00:00+00:00,289.0,52.25
2017-07-04 01:00:00+00:00,292.25,54.25
2017-07-04 02:00:00+00:00,291.75,52.0
2017-07-04 03:00:00+00:00,289.75,45.75
2017-07-04 04:00:00+00:00,289.25,26.25
2017-07-04 05:00:00+00:00,284.75,19.0
2017-07-04 06:00:00+00:00,182.75,14.75
2017-07-04 07:00:00+00:00,139.5,17.5
2017-07-04 08:00:00+00:00,118.0,16.75
2017-07-04 09:00:00+00:00,93.5,15.25
2017-07-04 10:00:00+00:00,77.0,11.75
2017-07-04 11:00:00+00:00,59.25,9.5
2017-07-04 12:00:00+00:00,38.25,11.5
2017-07-04 13:00:00+00:00,27.25,11.25
2017-07-04 14:00:00+00:00,12.75,8.25
2017-07-04 15:00:00+00:00,11.5,6.5
2017-07-04 16:00:00+00:00,1.75,6.5
2017-07-04 17:00:00+00:00,0.0,3.25
2017-07-04 18:00:00+00:00,4.0,11.25
2017-07-04 19:00:00+00:00,16.75,32.5
2017-07-04 20:00:00+00:00,11.0,53.25
2017-07-04 21:00:00+00:00,9.75,68.25
2017-07-04 22:00:00+00:00,3.75,73.0
2017-07-04 23:00:00+00:00,0.5,59.75
2017-07-05 00:00:00+00:00,1.25,53.75
2017-07-05 01:00:00+00:00,0.0,36.75
2017-07-05 02:00:00+00:00,1.25,45.25
2017-07-05 03:00:00+00:00,5.25,48.75
2017-07-05 04:00:00+00:00,7.25,39.25
2017-07-05 05:00:00+00:00,1.5,28.5
2017-07-05 06:00:00+00:00,4.75,20.25
2017-07-05 07:00:00+00:00,9.0,7.25
2017-07-05 08:00:00+00:00,3.5,1.5
2017-07-05 09:00:00+00:00,9.75,1.25
2017-07-05 10:00:00+00:00,20.25,1.25
2017-07-05 11:00:00+00:00,23.25,1.75
2017-07-05 12:00:00+00:00,19.25,2.0
2017-07-05 13:00:00+00:00,19.0,3.25
2017-07-05 14:00:00+00:00,22.25,13.0
2017-07-05 15:00:00+00:00,27.5,16.25
2017-07-05 16:00:00+00:00,51.75,27.75
2017-07-05 17:00:00+00:00,57.75,56.75
2017-07-05 18:00:00+00:00,57.75,29.5
2017-07-05 19:00:00+00:00,39.5,25.0
2017-07-05 20:00:00+00:00,37.75,49.5
2017-07-05 21:00:00+00:00,17.5,59.0
2017-07-05 22:00:00+00:00,9.75,59.5
2017-07-05 23:00:00+00:00,2.75,55.25
2017-07-06 00:00:00+00:00,0.0,65.75
2017-07-06 01:00:00+00:00,0.0,62.0
2017-07-06 02:00:00+00:00,0.75,77.25
2017-07-06 03:00:00+00:00,5.25,94.75
2017-07-06 04:00:00+00:00,8.0,97.25
2017-07-06 05:00:00+00:00,10.25,62.75
2017-07-06 06:00:00+00:00,7.25,23.25
2017-07-06 07:00:00+00:00,5.75,8.0
2017-07-06 08:00:00+00:00,16.0,17.0
2017-07-06 09:00:00+00:00,34.5,10.25
2017-07-06 10:00:00+00:00,54.0,4.5
2017-07-06 11:00:00+00:00,65.25,5.25
2017-07-06 12:00:00+00:00,69.5,14.25
2017-07-06 13:00:00+00:00,130.0,17.75
2017-07-06 14:00:00+00:00,131.5,6.5
2017-07-06 15:00:00+00:00,105.75,8.5
2017-07-06 16:00:00+00:00,116.5,21.0
2017-07-06 17:00:00+00:00,82.75,36.0
2017-07-06 18:00:00+00:00,121.25,31.5
2017-07-06 19:00:00+00:00,151.5,32.25
2017-07-06 20:00:00+00:00,216.0,64.5
2017-07-06 21:00:00+00:00,234.75,105.5
2017-07-06 22:00:00+00:00,217.25,171.5
2017-07-06 23:00:00+00:00,141.5,118.75
2017-07-07 00:00:00+00:00,122.25,79.0
2017-07-07 01:00:00+00:00,137.5,104.5
2017-07-07 02:00:00+00:00,62.5,48.5
2017-07-07 03:00:00+00:00,75.0,25.25
2017-07-07 04:00:00+00:00,45.0,18.25
2017-07-07 05:00:00+00:00,16.25,13.25
2017-07-07 06:00:00+00:00,5.75,6.5
2017-07-07 07:00:00+00:00,5.25,13.25
2017-07-07 08:00:00+00:00,0.0,5.5
2017-07-07 09:00:00+00:00,0.0,3.25
2017-07-07 10:00:00+00:00,23.75,3.0
2017-07-07 11:00:00+00:00,39.5,11.0
2017-07-07 12:00:00+00:00,79.5,34.5
2017-07-07 13:00:00+00:00,46.25,48.75
2017-07-07 14:00:00+00:00,25.5,112.25
2017-07-07 15:00:00+00:00,36.0,108.5
2017-07-07 16:00:00+00:00,20.75,122.25
2017-07-07 17:00:00+00:00,48.0,141.75
2017-07-07 18:00:00+00:00,104.5,80.25
2017-07-07 19:00:00+00:00,129.0,57.25
2017-07-07 20:00:00+00:00,109.5,37.75
2017-07-07 21:00:00+00:00,33.0,21.0
2017-07-07 22:00:00+00:00,31.0,13.75
2017-07-07 23:00:00+00:00,21.25,15.5
2017-07-08 00:00:00+00:00,29.5,9.25
2017-07-08 01:00:00+00:00,63.5,4.0
2017-07-08 02:00:00+00:00,112.25,2.75
2017-07-08 03:00:00+00:00,109.75,4.25
2017-07-08 04:00:00+00:00,144.5,8.75
2017-07-08 05:00:00+00:00,99.5,8.25
2017-07-08 06:00:00+00:00,119.25,14.5
2017-07-08 07:00:00+00:00,169.0,27.75
2017-07-08 08:00:00+00:00,141.5,19.75
2017-07-08 09:00:00+00:00,196.75,18.25
2017-07-08 10:00:00+00:00,145.5,29.25
2017-07-08 11:00:00+00:00,125.0,40.0
2017-07-08 12:00:00+00:00,153.25,44.25
2017-07-08 13:00:00+00:00,149.0,72.75
2017-07-08 14:00:00+00:00,94.0,76.5
2017-07-08 15:00:00+00:00,84.5,109.5
2017-07-08 16:00:00+00:00,61.25,103.25
2017-07-08 17:00:00+00:00,44.25,60.5
2017-07-08 18:00:00+00:00,8.25,28.0
2017-07-08 19:00:00+00:00,2.5,22.5
2017-07-08 20:00:00+00:00,7.25,9.0
2017-07-08 21:00:00+00:00,4.0,5.5
2017-07-08 22:00:00+00:00,0.0,3.5
2017-07-08 23:00:00+00:00,0.0,7.0
2017-07-09 00:00:00+00:00,0.5,5.0
2017-07-09 01:00:00+00:00,4.25,5.5
2017-07-09 02:00:00+00:00,13.25,2.0
2017-07-09 03:00:00+00:00,4.5,5.5
2017-07-09 04:00:00+00:00,0.5,9.5
2017-07-09 05:00:00+00:00,0.75,17.25
2017-07-09 06:00:00+00:00,21.5,7.5
2017-07-09 07:00:00+00:00,25.25,1.0
2017-07-09 08:00:00+00:00,27.75,0.0
2017-07-09 09:00:00+00:00,36.0,0.25
2017-07-09 10:00:00+00:00,24.75,2.5
2017-07-09 11:00:00+00:00,19.0,1.0
2017-07-09 12:00:00+00:00,28.0,1.25
2017-07-09 13:00:00+00:00,30.75,1.5
2017-07-09 14:00:00+00:00,16.0,6.75
2017-07-09 15:00:00+00:00,6.0,9.25
2017-07-09 16:00:00+00:00,2.5,12.25
2017-07-09 17:00:00+00:00,0.0,16.5
2017-07-09 18:00:00+00:00,0.5,14.0
2017-07-09 19:00:00+00:00,2.75,19.75
2017-07-09 20:00:00+00:00,5.5,16.0
2017-07-09 21:00:00+00:00,15.75,31.75
2017-07-09 22:00:00+00:00,23.25,84.25
2017-07-09 23:00:00+00:00,26.75,129.5
2017-07-10 00:00:00+00:00,25.5,122.0
2017-07-10 01:00:00+00:00,37.0,144.0
2017-07-10 02:00:00+00:00,92.25,138.0
2017-07-10 03:00:00+00:00,88.0,102.25
2017-07-10 04:00:00+00:00,107.5,78.0
2017-07-10 05:00:00+00:00,76.25,102.75
2017-07-10 06:00:00+00:00,85.0,60.25
2017-07-10 07:00:00+00:00,47.25,27.25
2017-07-10 08:00:00+00:00,1.0,12.75
2017-07-10 09:00:00+00:00,0.0,3.5
2017-07-10 10:00:00+00:00,0.0,6.5
2017-07-10 11:00:00+00:00,3.75,8.25
2017-07-10 12:00:00+00:00,40.5,10.0
2017-07-10 13:00:00+00:00,67.0,6.5
2017-07-10 14:00:00+00:00,85.5,29.25
2017-07-10 15:00:00+00:00,103.75,44.75
2017-07-10 16:00:00+00:00,80.75,107.5
2017-07-10 17:00:00+00:00,65.75,147.5
2017-07-10 18:00:00+00:00,82.25,40.75
2017-07-10 19:00:00+00:00,149.25,76.75
2017-07-10 20:00:00+00:00,160.75,96.5
2017-07-10 21:00:00+00:00,163.25,89.25
2017-07-10 22:00:00+00:00,159.75,119.75
2017-07-10 23:00:00+00:00,182.5,137.75
2017-07-11 00:00:00+00:00,191.5,163.75
2017-07-11 01:00:00+00:00,172.5,172.25
2017-07-11 02:00:00+00:00,155.0,146.0
2017-07-11 03:00:00+00:00,119.25,129.25
2017-07-11 04:00:00+00:00,71.5,178.75
2017-07-11 05:00:00+00:00,73.75,93.5
2017-07-11 06:00:00+00:00,99.5,111.5
2017-07-11 07:00:00+00:00,79.25,106.75
2017-07-11 08:00:00+00:00,110.0,113.75
2017-07-11 09:00:00+00:00,218.5,141.25
2017-07-11 10:00:00+00:00,305.25,138.25
2017-07-11 11:00:00+00:00,310.0,169.5
2017-07-11 12:00:00+00:00,310.5,213.5
2017-07-11 13:00:00+00:00,330.25,157.0
2017-07-11 14:00:00+00:00,340.75,103.25
2017-07-11 15:00:00+00:00,252.5,108.0
2017-07-11 16:00:00+00:00,245.25,129.25
2017-07-11 17:00:00+00:00,255.0,70.5
2017-07-11 18:00:00+00:00,191.5,60.25
2017-07-11 19:00:00+00:00,211.25,60.5
2017-07-11 20:00:00+00:00,201.75,81.25
2017-07-11 21:00:00+00:00,173.5,59.0
2017-07-11 22:00:00+00:00,146.5,112.5
2017-07-11 23:00:00+00:00,173.0,189.25
2017-07-12 00:00:00+00:00,213.0,247.5
2017-07-12 01:00:00+00:00,246.0,226.75
2017-07-12 02:00:00+00:00,140.5,115.75
2017-07-12 03:00:00+00:00,136.0,74.25
2017-07-12 04:00:00+00:00,270.25,67.5
2017-07-12 05:00:00+00:00,316.25,33.75
2017-07-12 06:00:00+00:00,343.5,19.75
2017-07-12 07:00:00+00:00,409.75,16.0
2017-07-12 08:00:00+00:00,492.5,44.25
2017-07-12 09:00:00+00:00,499.25,270.0
2017-07-12 10:00:00+00:00,490.5,464.75
2017-07-12 11:00:00+00:00,494.25,553.75
2017-07-12 12:00:00+00:00,486.25,542.25
2017-07-12 13:00:00+00:00,491.75,491.75
2017-07-12 14:00:00+00:00,487.5,519.75
2017-07-12 15:00:00+00:00,484.5,510.0
2017-07-12 16:00:00+00:00,457.75,449.5
2017-07-12 17:00:00+00:00,428.5,376.5
2017-07-12 18:00:00+00:00,410.25,276.5
2017-07-12 19:00:00+00:00,396.5,229.25
2017-07-12 20:00:00+00:00,371.75,221.0
2017-07-12 21:00:00+00:00,351.25,190.5
2017-07-12 22:00:00+00:00,319.0,152.25
2017-07-12 23:00:00+00:00,302.0,95.75
2017-07-13 00:00:00+00:00,289.25,70.0
2017-07-13 01:00:00+00:00,232.75,59.0
2017-07-13 02:00:00+00:00,260.0,51.0
2017-07-13 03:00:00+00:00,238.5,55.75
2017-07-13 04:00:00+00:00,161.5,24.25
2017-07-13 05:00:00+00:00,159.5,29.0
2017-07-13 06:00:00+00:00,136.25,20.75
2017-07-13 07:00:00+00:00,109.75,10.0
2017-07-13 08:00:00+00:00,72.75,4.75
2017-07-13 09:00:00+00:00,51.75,9.75
2017-07-13 10:00:00+00:00,55.0,8.25
2017-07-13 11:00:00+00:00,38.5,7.75
2017-07-13 12:00:00+00:00,40.0,9.0
2017-07-13 13:00:00+00:00,29.75,9.25
2017-07-13 14:00:00+00:00,24.0,6.5
2017-07-13 15:00:00+00:00,15.0,4.25
2017-07-13 16:00:00+00:00,11.0,4.0
2017-07-13 17:00:00+00:00,3.25,3.25
2017-07-13 18:00:00+00:00,0.0,1.75
2017-07-13 19:00:00+00:00,0.0,1.0
2017-07-13 20:00:00+00:00,0.0,6.25
2017-07-13 21:00:00+00:00,0.0,44.0
2017-07-13 22:00:00+00:00,1.0,57.0
2017-07-13 23:00:00+00:00,19.75,60.5
2017-07-14 00:00:00+00:00,31.0,55.0
2017-07-14 01:00:00+00:00,48.25,59.75
2017-07-14 02:00:00+00:00,79.5,42.25
2017-07-14 03:00:00+00:00,114.25,32.25
2017-07-14 04:00:00+00:00,164.5,37.5
2017-07-14 05:00:00+00:00,181.5,26.75
2017-07-14 06:00:00+00:00,201.75,41.5
2017-07-14 07:00:00+00:00,229.75,68.0
2017-07-14 08:00:00+00:00,198.5,102.25
2017-07-14 09:00:00+00:00,166.0,158.5
2017-07-14 10:00:00+00:00,217.0,210.5
2017-07-14 11:00:00+00:00,357.25,222.0
2017-07-14 12:00:00+00:00,277.25,367.75
2017-07-14 13:00:00+00:00,271.5,395.5
2017-07-14 14:00:00+00:00,395.25,426.75
2017-07-14 15:00:00+00:00,476.25,449.25
2017-07-14 16:00:00+00:00,409.75,429.75
2017-07-14 17:00:00+00:00,275.75,452.25
2017-07-14 18:00:00+00:00,245.0,376.75
2017-07-14 19:00:00+00:00,256.25,436.25
2017-07-14 20:00:00+00:00,411.75,417.25
2017-07-14 21:00:00+00:00,508.0,375.25
2017-07-14 22:00:00+00:00,458.0,365.75
2017-07-14 23:00:00+00:00,299.75,364.25
2017-07-15 00:00:00+00:00,233.0,300.0
2017-07-15 01:00:00+00:00,177.25,308.5
2017-07-15 02:00:00+00:00,184.75,252.5
2017-07-15 03:00:00+00:00,148.25,213.0
2017-07-15 04:00:00+00:00,139.0,160.75
2017-07-15 05:00:00+00:00,134.5,124.0
2017-07-15 06:00:00+00:00,91.0,118.75
2017-07-15 07:00:00+00:00,56.75,65.25
2017-07-15 08:00:00+00:00,66.75,43.25
2017-07-15 09:00:00+00:00,49.0,26.75
2017-07-15 10:00:00+00:00,43.5,9.5
2017-07-15 11:00:00+00:00,58.25,13.75
2017-07-15 12:00:00+00:00,97.5,33.5
2017-07-15 13:00:00+00:00,114.5,37.25
2017-07-15 14:00:00+00:00,129.75,47.75
2017-07-15 15:00:00+00:00,120.0,45.0
2017-07-15 16:00:00+00:00,211.0,44.25
2017-07-15 17:00:00+00:00,243.5,20.5
2017-07-15 18:00:00+00:00,181.5,12.75
2017-07-15 19:00:00+00:00,183.0,51.0
2017-07-15 20:00:00+00:00,270.75,179.5
2017-07-15 21:00:00+00:00,387.25,132.0
2017-07-15 22:00:00+00:00,380.5,142.75
2017-07-15 23:00:00+00:00,432.0,187.75
2017-07-16 00:00:00+00:00,422.75,199.5
2017-07-16 01:00:00+00:00,427.25,170.0
2017-07-16 02:00:00+00:00,450.25,206.0
2017-07-16 03:00:00+00:00,424.25,187.5
2017-07-16 04:00:00+00:00,432.75,176.5
2017-07-16 05:00:00+00:00,378.5,179.0
2017-07-16 06:00:00+00:00,375.0,179.75
2017-07-16 07:00:00+00:00,389.5,196.75
2017-07-16 08:00:00+00:00,345.5,171.75
2017-07-16 09:00:00+00:00,227.5,133.0
2017-07-16 10:00:00+00:00,135.5,105.75
2017-07-16 11:00:00+00:00,104.5,124.5
2017-07-16 12:00:00+00:00,129.5,160.75
2017-07-16 13:00:00+00:00,123.25,125.25
2017-07-16 14:00:00+00:00,127.75,79.75
2017-07-16 15:00:00+00:00,110.75,48.25
2017-07-16 16:00:00+00:00,118.0,43.0
2017-07-16 17:00:00+00:00,95.5,36.25
2017-07-16 18:00:00+00:00,104.0,43.25
2017-07-16 19:00:00+00:00,72.0,61.0
2017-07-16 20:00:00+00:00,67.75,56.25
2017-07-16 21:00:00+00:00,116.0,30.5
2017-07-16 22:00:00+00:00,80.25,31.25
2017-07-16 23:00:00+00:00,75.75,48.25
2017-07-17 00:00:00+00:00,97.75,42.75
2017-07-17 01:00:00+00:00,120.75,38.25
2017-07-17 02:00:00+00:00,120.25,36.0
2017-07-17 03:00:00+00:00,142.25,38.75
2017-07-17 04:00:00+00:00,142.5,32.0
2017-07-17 05:00:00+00:00,112.75,18.0
2017-07-17 06:00:00+00:00,96.75,9.75
2017-07-17 07:00:00+00:00,140.75,6.75
2017-07-17 08:00:00+00:00,144.75,7.0
2017-07-17 09:00:00+00:00,138.5,10.75
2017-07-17 10:00:00+00:00,152.5,17.25
2017-07-17 11:00:00+00:00,189.0,19.5
2017-07-17 12:00:00+00:00,125.5,20.0
2017-07-17 13:00:00+00:00,87.75,20.25
2017-07-17 14:00:00+00:00,73.25,16.25
2017-07-17 15:00:00+00:00,44.75,12.75
2017-07-17 16:00:00+00:00,23.25,14.0
2017-07-17 17:00:00+00:00,10.0,13.75
2017-07-17 18:00:00+00:00,1.25,13.0
2017-07-17 19:00:00+00:00,0.0,17.25
2017-07-17 20:00:00+00:00,1.0,16.75
2017-07-17 21:00:00+00:00,1.5,13.5
2017-07-17 22:00:00+00:00,2.0,32.25
2017-07-17 23:00:00+00:00,4.75,58.5
2017-07-18 00:00:00+00:00,4.0,68.75
2017-07-18 01:00:00+00:00,5.75,81.25
2017-07-18 02:00:00+00:00,15.5,79.25
2017-07-18 03:00:00+00:00,26.75,73.5
2017-07-18 04:00:00+00:00,30.25,88.75
2017-07-18 05:00:00+00:00,30.5,95.5
2017-07-18 06:00:00+00:00,31.25,38.0
2017-07-18 07:00:00+00:00,23.75,28.25
2017-07-18 08:00:00+00:00,21.25,25.0
2017-07-18 09:00:00+00:00,23.5,33.25
2017-07-18 10:00:00+00:00,33.25,32.0
2017-07-18 11:00:00+00:00,43.75,41.5
2017-07-18 12:00:00+00:00,43.0,46.25
2017-07-18 13:00:00+00:00,58.0,57.25
2017-07-18 14:00:00+00:00,96.25,94.25
2017-07-18 15:00:00+00:00,152.25,116.0
2017-07-18 16:00:00+00:00,192.0,126.25
2017-07-18 17:00:00+00:00,242.25,116.5
2017-07-18 18:00:00+00:00,304.75,131.25
2017-07-18 19:00:00+00:00,343.0,240.75
2017-07-18 20:00:00+00:00,386.5,323.5
2017-07-18 21:00:00+00:00,433.0,368.75
2017-07-18 22:00:00+00:00,449.5,374.0
2017-07-18 23:00:00+00:00,492.5,354.75
2017-07-19 00:00:00+00:00,555.25,349.0
2017-07-19 01:00:00+00:00,512.0,315.0
2017-07-19 02:00:00+00:00,520.5,326.5
2017-07-19 03:00:00+00:00,469.5,300.75
2017-07-19 04:00:00+00:00,466.0,284.5
2017-07-19 05:00:00+00:00,554.0,263.0
2017-07-19 06:00:00+00:00,600.25,202.75
2017-07-19 07:00:00+00:00,654.5,159.5
2017-07-19 08:00:00+00:00,651.0,169.75
2017-07-19 09:00:00+00:00,636.25,206.0
2017-07-19 10:00:00+00:00,614.5,214.5
2017-07-19 11:00:00+00:00,674.25,252.25
2017-07-19 12:00:00+00:00,580.5,176.5
2017-07-19 13:00:00+00:00,618.5,162.75
2017-07-19 14:00:00+00:00,582.5,243.0
2017-07-19 15:00:00+00:00,584.25,232.0
2017-07-19 16:00:00+00:00,569.5,245.5
2017-07-19 17:00:00+00:00,558.75,130.0
2017-07-19 18:00:00+00:00,551.25,78.5
2017-07-19 19:00:00+00:00,568.75,61.75
2017-07-19 20:00:00+00:00,570.75,45.25
2017-07-19 21:00:00+00:00,528.0,38.25
2017-07-19 22:00:00+00:00,565.25,56.75
2017-07-19 23:00:00+00:00,483.0,88.25
2017-07-20 00:00:00+00:00,492.0,96.75
2017-07-20 01:00:00+00:00,479.25,54.25
2017-07-20 02:00:00+00:00,332.75,62.25
2017-07-20 03:00:00+00:00,124.75,36.5
2017-07-20 04:00:00+00:00,68.25,26.75
2017-07-20 05:00:00+00:00,73.5,30.75
2017-07-20 06:00:00+00:00,71.25,21.0
2017-07-20 07:00:00+00:00,34.5,38.5
2017-07-20 08:00:00+00:00,57.5,45.75
2017-07-20 09:00:00+00:00,84.25,45.5
2017-07-20 10:00:00+00:00,77.0,53.25
2017-07-20 11:00:00+00:00,100.5,53.25
2017-07-20 12:00:00+00:00,119.0,79.5
2017-07-20 13:00:00+00:00,72.0,95.5
2017-07-20 14:00:00+00:00,99.5,58.5
2017-07-20 15:00:00+00:00,246.0,79.25
2017-07-20 16:00:00+00:00,307.0,169.0
2017-07-20 17:00:00+00:00,325.75,440.25
2017-07-20 18:00:00+00:00,352.0,438.5
2017-07-20 19:00:00+00:00,452.5,387.5
2017-07-20 20:00:00+00:00,466.75,260.5
2017-07-20 21:00:00+00:00,457.0,210.0
2017-07-20 22:00:00+00:00,390.0,140.75
2017-07-20 23:00:00+00:00,256.75,56.25
2017-07-21 00:00:00+00:00,296.25,46.75
2017-07-21 01:00:00+00:00,369.5,40.75
2017-07-21 02:00:00+00:00,227.25,68.5
2017-07-21 03:00:00+00:00,105.0,53.5
2017-07-21 04:00:00+00:00,47.75,47.0
2017-07-21 05:00:00+00:00,32.5,41.5
2017-07-21 06:00:00+00:00,23.5,29.0
2017-07-21 07:00:00+00:00,29.75,13.0
2017-07-21 08:00:00+00:00,41.75,9.5
2017-07-21 09:00:00+00:00,27.5,18.25
2017-07-21 10:00:00+00:00,53.75,18.0
2017-07-21 11:00:00+00:00,71.75,18.5
2017-07-21 12:00:00+00:00,70.75,14.75
2017-07-21 13:00:00+00:00,67.25,10.5
2017-07-21 14:00:00+00:00,79.0,15.5
2017-07-21 15:00:00+00:00,129.5,14.5
2017-07-21 16:00:00+00:00,200.25,19.0
2017-07-21 17:00:00+00:00,291.25,37.5
2017-07-21 18:00:00+00:00,317.75,34.5
2017-07-21 19:00:00+00:00,371.75,79.75
2017-07-21 20:00:00+00:00,436.25,159.75
2017-07-21 21:00:00+00:00,424.75,269.0
2017-07-21 22:00:00+00:00,462.25,356.5
2017-07-21 23:00:00+00:00,476.75,338.5
2017-07-22 00:00:00+00:00,533.75,310.0
2017-07-22 01:00:00+00:00,544.5,257.5
2017-07-22 02:00:00+00:00,550.75,210.0
2017-07-22 03:00:00+00:00,548.0,172.75
2017-07-22 04:00:00+00:00,482.75,165.5
2017-07-22 05:00:00+00:00,434.75,131.0
2017-07-22 06:00:00+00:00,412.5,67.0
2017-07-22 07:00:00+00:00,186.0,34.0
2017-07-22 08:00:00+00:00,103.5,16.25
2017-07-22 09:00:00+00:00,89.75,41.25
2017-07-22 10:00:00+00:00,152.0,62.75
2017-07-22 11:00:00+00:00,212.0,88.25
2017-07-22 12:00:00+00:00,240.0,110.75
2017-07-22 13:00:00+00:00,254.5,86.0
2017-07-22 14:00:00+00:00,245.0,61.25
2017-07-22 15:00:00+00:00,252.0,50.25
2017-07-22 16:00:00+00:00,207.75,52.25
2017-07-22 17:00:00+00:00,103.0,38.0
2017-07-22 18:00:00+00:00,35.0,13.0
2017-07-22 19:00:00+00:00,29.25,5.25
2017-07-22 20:00:00+00:00,6.75,14.5
2017-07-22 21:00:00+00:00,12.0,29.5
2017-07-22 22:00:00+00:00,162.75,55.25
2017-07-22 23:00:00+00:00,114.0,42.25
2017-07-23 00:00:00+00:00,43.25,12.0
2017-07-23 01:00:00+00:00,28.5,28.25
2017-07-23 02:00:00+00:00,33.25,37.5
2017-07-23 03:00:00+00:00,57.0,63.25
2017-07-23 04:00:00+00:00,59.25,93.75
2017-07-23 05:00:00+00:00,107.75,128.5
2017-07-23 06:00:00+00:00,188.75,180.75
2017-07-23 07:00:00+00:00,248.0,165.5
2017-07-23 08:00:00+00:00,317.0,120.5
2017-07-23 09:00:00+00:00,322.0,157.75
2017-07-23 10:00:00+00:00,244.0,151.25
2017-07-23 11:00:00+00:00,197.0,196.75
2017-07-23 12:00:00+00:00,161.75,248.75
2017-07-23 13:00:00+00:00,141.25,268.0
2017-07-23 14:00:00+00:00,161.5,164.25
2017-07-23 15:00:00+00:00,178.5,177.25
2017-07-23 16:00:00+00:00,169.0,157.5
2017-07-23 17:00:00+00:00,114.75,111.75
2017-07-23 18:00:00+00:00,58.5,75.75
2017-07-23 19:00:00+00:00,105.75,99.0
2017-07-23 20:00:00+00:00,114.5,115.25
2017-07-23 21:00:00+00:00,54.5,84.25
2017-07-23 22:00:00+00:00,63.0,159.0
2017-07-23 23:00:00+00:00,97.25,115.5
2017-07-24 00:00:00+00:00,100.75,118.75
2017-07-24 01:00:00+00:00,106.0,118.5
2017-07-24 02:00:00+00:00,76.0,53.0
2017-07-24 03:00:00+00:00,61.0,39.25
2017-07-24 04:00:00+00:00,10.0,28.5
2017-07-24 05:00:00+00:00,8.5,12.75
2017-07-24 06:00:00+00:00,27.5,0.75
2017-07-24 07:00:00+00:00,19.25,0.75
2017-07-24 08:00:00+00:00,29.75,0.5
2017-07-24 09:00:00+00:00,37.5,2.0
2017-07-24 10:00:00+00:00,32.5,6.0
2017-07-24 11:00:00+00:00,34.0,7.0
2017-07-24 12:00:00+00:00,69.0,6.0
2017-07-24 13:00:00+00:00,73.0,16.5
2017-07-24 14:00:00+00:00,97.5,13.75
2017-07-24 15:00:00+00:00,163.75,46.25
2017-07-24 16:00:00+00:00,164.75,86.0
2017-07-24 17:00:00+00:00,125.25,107.5
2017-07-24 18:00:00+00:00,153.5,64.25
2017-07-24 19:00:00+00:00,184.25,81.25
2017-07-24 20:00:00+00:00,257.75,68.75
2017-07-24 21:00:00+00:00,271.5,81.0
2017-07-24 22:00:00+00:00,289.25,97.5
2017-07-24 23:00:00+00:00,316.0,98.5
2017-07-25 00:00:00+00:00,328.75,88.75
2017-07-25 01:00:00+00:00,307.25,121.5
2017-07-25 02:00:00+00:00,320.5,181.25
2017-07-25 03:00:00+00:00,370.5,216.25
2017-07-25 04:00:00+00:00,463.25,201.25
2017-07-25 05:00:00+00:00,581.0,140.5
2017-07-25 06:00:00+00:00,573.75,165.5
2017-07-25 07:00:00+00:00,531.5,220.75
2017-07-25 08:00:00+00:00,612.75,225.0
2017-07-25 09:00:00+00:00,525.25,244.0
2017-07-25 10:00:00+00:00,457.0,280.75
2017-07-25 11:00:00+00:00,478.5,321.0
2017-07-25 12:00:00+00:00,509.5,334.5
2017-07-25 13:00:00+00:00,466.75,311.25
2017-07-25 14:00:00+00:00,438.5,258.25
2017-07-25 15:00:00+00:00,472.75,218.75
2017-07-25 16:00:00+00:00,532.0,176.75
2017-07-25 17:00:00+00:00,518.5,150.0
2017-07-25 18:00:00+00:00,461.75,102.25
2017-07-25 19:00:00+00:00,345.75,139.5
2017-07-25 20:00:00+00:00,275.75,139.25
2017-07-25 21:00:00+00:00,224.5,129.25
2017-07-25 22:00:00+00:00,195.0,153.75
2017-07-25 23:00:00+00:00,195.25,151.5
2017-07-26 00:00:00+00:00,185.75,137.5
2017-07-26 01:00:00+00:00,179.25,121.0
2017-07-26 02:00:00+00:00,166.75,138.75
2017-07-26 03:00:00+00:00,99.25,132.25
2017-07-26 04:00:00+00:00,76.25,100.0
2017-07-26 05:00:00+00:00,50.5,57.0
2017-07-26 06:00:00+00:00,25.0,35.25
2017-07-26 07:00:00+00:00,9.5,17.75
2017-07-26 08:00:00+00:00,1.5,26.75
2017-07-26 09:00:00+00:00,8.5,16.25
2017-07-26 10:00:00+00:00,44.0,14.0
2017-07-26 11:00:00+00:00,23.25,9.0
2017-07-26 12:00:00+00:00,36.0,11.75
2017-07-26 13:00:00+00:00,50.0,18.0
2017-07-26 14:00:00+00:00,37.25,28.75
2017-07-26 15:00:00+00:00,33.75,20.0
2017-07-26 16:00:00+00:00,45.25,14.75
2017-07-26 17:00:00+00:00,135.25,20.5
2017-07-26 18:00:00+00:00,204.0,64.25
2017-07-26 19:00:00+00:00,285.5,137.0
2017-07-26 20:00:00+00:00,391.5,232.25
2017-07-26 21:00:00+00:00,603.25,220.25
2017-07-26 22:00:00+00:00,672.5,220.0
2017-07-26 23:00:00+00:00,723.75,284.5
2017-07-27 00:00:00+00:00,698.5,325.25
2017-07-27 01:00:00+00:00,725.75,347.5
2017-07-27 02:00:00+00:00,679.0,376.75
2017-07-27 03:00:00+00:00,509.25,324.0
2017-07-27 04:00:00+00:00,438.25,200.0
2017-07-27 05:00:00+00:00,419.0,240.0
2017-07-27 06:00:00+00:00,337.0,220.0
2017-07-27 07:00:00+00:00,260.25,121.5
2017-07-27 08:00:00+00:00,251.5,151.25
2017-07-27 09:00:00+00:00,227.0,64.25
2017-07-27 10:00:00+00:00,267.5,79.5
2017-07-27 11:00:00+00:00,309.5,135.0
2017-07-27 12:00:00+00:00,247.5,116.75
2017-07-27 13:00:00+00:00,312.5,140.75
2017-07-27 14:00:00+00:00,439.75,156.25
2017-07-27 15:00:00+00:00,356.75,254.5
2017-07-27 16:00:00+00:00,299.75,265.75
2017-07-27 17:00:00+00:00,366.75,189.5
2017-07-27 18:00:00+00:00,303.5,190.75
2017-07-27 19:00:00+00:00,284.25,164.5
2017-07-27 20:00:00+00:00,299.25,202.0
2017-07-27 21:00:00+00:00,330.5,292.0
2017-07-27 22:00:00+00:00,407.75,295.5
2017-07-27 23:00:00+00:00,390.0,280.25
2017-07-28 00:00:00+00:00,237.0,310.5
2017-07-28 01:00:00+00:00,377.0,315.25
2017-07-28 02:00:00+00:00,356.0,331.25
2017-07-28 03:00:00+00:00,266.0,315.0
2017-07-28 04:00:00+00:00,354.5,317.5
2017-07-28 05:00:00+00:00,411.75,311.75
2017-07-28 06:00:00+00:00,602.75,386.25
2017-07-28 07:00:00+00:00,634.25,395.5
2017-07-28 08:00:00+00:00,730.0,411.25
2017-07-28 09:00:00+00:00,735.75,517.75
2017-07-28 10:00:00+00:00,735.25,433.25
2017-07-28 11:00:00+00:00,717.25,462.25
2017-07-28 12:00:00+00:00,702.5,581.25
2017-07-28 13:00:00+00:00,679.25,567.0
2017-07-28 14:00:00+00:00,699.0,537.0
2017-07-28 15:00:00+00:00,676.25,507.75
2017-07-28 16:00:00+00:00,669.75,476.0
2017-07-28 17:00:00+00:00,719.75,467.25
2017-07-28 18:00:00+00:00,726.25,457.0
2017-07-28 19:00:00+00:00,710.5,482.0
2017-07-28 20:00:00+00:00,730.0,433.25
2017-07-28 21:00:00+00:00,732.5,363.75
2017-07-28 22:00:00+00:00,736.75,428.5
2017-07-28 23:00:00+00:00,738.5,419.0
2017-07-29 00:00:00+00:00,742.25,451.75
2017-07-29 01:00:00+00:00,733.75,491.75
2017-07-29 02:00:00+00:00,734.0,533.25
2017-07-29 03:00:00+00:00,729.5,535.5
2017-07-29 04:00:00+00:00,736.0,556.5
2017-07-29 05:00:00+00:00,733.25,560.25
2017-07-29 06:00:00+00:00,720.0,559.0
2017-07-29 07:00:00+00:00,683.75,440.0
2017-07-29 08:00:00+00:00,651.5,307.0
2017-07-29 09:00:00+00:00,620.5,231.0
2017-07-29 10:00:00+00:00,602.0,246.75
2017-07-29 11:00:00+00:00,527.25,260.75
2017-07-29 12:00:00+00:00,405.25,223.25
2017-07-29 13:00:00+00:00,282.75,198.25
2017-07-29 14:00:00+00:00,212.5,198.25
2017-07-29 15:00:00+00:00,175.75,122.0
2017-07-29 16:00:00+00:00,157.25,70.25
2017-07-29 17:00:00+00:00,82.0,62.25
2017-07-29 18:00:00+00:00,40.25,12.75
2017-07-29 19:00:00+00:00,7.5,2.5
2017-07-29 20:00:00+00:00,12.5,5.5
2017-07-29 21:00:00+00:00,21.25,5.0
2017-07-29 22:00:00+00:00,18.75,3.25
2017-07-29 23:00:00+00:00,62.25,25.5
2017-07-30 00:00:00+00:00,107.75,48.75
2017-07-30 01:00:00+00:00,108.75,85.0
2017-07-30 02:00:00+00:00,192.75,121.75
2017-07-30 03:00:00+00:00,249.75,183.75
2017-07-30 04:00:00+00:00,383.25,255.75
2017-07-30 05:00:00+00:00,481.25,334.5
2017-07-30 06:00:00+00:00,666.75,382.0
2017-07-30 07:00:00+00:00,643.75,407.0
2017-07-30 08:00:00+00:00,712.75,422.5
2017-07-30 09:00:00+00:00,735.25,448.0
2017-07-30 10:00:00+00:00,644.5,547.25
2017-07-30 11:00:00+00:00,624.0,506.25
2017-07-30 12:00:00+00:00,578.25,468.0
2017-07-30 13:00:00+00:00,569.25,461.75
2017-07-30 14:00:00+00:00,392.75,360.25
2017-07-30 15:00:00+00:00,567.75,300.25
2017-07-30 16:00:00+00:00,486.25,243.5
2017-07-30 17:00:00+00:00,388.0,220.5
2017-07-30 18:00:00+00:00,435.25,156.5
2017-07-30 19:00:00+00:00,465.0,220.5
2017-07-30 20:00:00+00:00,336.75,244.25
2017-07-30 21:00:00+00:00,341.75,227.5
2017-07-30 22:00:00+00:00,389.0,182.25
2017-07-30 23:00:00+00:00,465.0,210.5
2017-07-31 00:00:00+00:00,469.75,250.5
2017-07-31 01:00:00+00:00,454.0,204.75
2017-07-31 02:00:00+00:00,499.5,193.0
2017-07-31 03:00:00+00:00,557.0,177.5
2017-07-31 04:00:00+00:00,533.75,205.75
2017-07-31 05:00:00+00:00,463.75,146.5
2017-07-31 06:00:00+00:00,403.5,75.5
2017-07-31 07:00:00+00:00,430.75,70.5
2017-07-31 08:00:00+00:00,442.75,99.75
2017-07-31 09:00:00+00:00,417.5,155.5
2017-07-31 10:00:00+00:00,415.5,199.5
2017-07-31 11:00:00+00:00,404.25,157.25
2017-07-31 12:00:00+00:00,342.25,160.5
2017-07-31 13:00:00+00:00,347.5,122.25
2017-07-31 14:00:00+00:00,358.25,57.5
2017-07-31 15:00:00+00:00,332.25,49.25
2017-07-31 16:00:00+00:00,300.0,35.25
2017-07-31 17:00:00+00:00,180.75,16.0
2017-07-31 18:00:00+00:00,108.25,9.5
2017-07-31 19:00:00+00:00,63.0,3.5
2017-07-31 20:00:00+00:00,56.0,1.75
2017-07-31 21:00:00+00:00,47.0,0.0
2017-07-31 22:00:00+00:00,39.5,0.75
2017-07-31 23:00:00+00:00,26.25,4.0
2017-08-01 00:00:00+00:00,14.75,5.0
2017-08-01 01:00:00+00:00,26.25,7.25
2017-08-01 02:00:00+00:00,53.25,5.5
2017-08-01 03:00:00+00:00,68.75,3.5
2017-08-01 04:00:00+00:00,77.0,3.75
2017-08-01 05:00:00+00:00,56.5,2.75
2017-08-01 06:00:00+00:00,50.5,3.0
2017-08-01 07:00:00+00:00,30.25,7.75
2017-08-01 08:00:00+00:00,29.0,21.5
2017-08-01 09:00:00+00:00,30.5,32.5
2017-08-01 10:00:00+00:00,73.75,35.25
2017-08-01 11:00:00+00:00,156.75,26.75
2017-08-01 12:00:00+00:00,229.5,17.25
2017-08-01 13:00:00+00:00,144.0,24.75
2017-08-01 14:00:00+00:00,125.5,19.75
2017-08-01 15:00:00+00:00,119.0,18.75
2017-08-01 16:00:00+00:00,167.25,12.25
2017-08-01 17:00:00+00:00,157.25,9.75
2017-08-01 18:00:00+00:00,131.5,9.75
2017-08-01 19:00:00+00:00,174.75,27.5
2017-08-01 20:00:00+00:00,176.0,31.5
2017-08-01 21:00:00+00:00,179.25,32.25
2017-08-01 22:00:00+00:00,189.25,37.75
2017-08-01 23:00:00+00:00,170.5,40.75
2017-08-02 00:00:00+00:00,284.0,56.75
2017-08-02 01:00:00+00:00,384.0,95.0
2017-08-02 02:00:00+00:00,296.0,136.25
2017-08-02 03:00:00+00:00,239.5,108.75
2017-08-02 04:00:00+00:00,231.25,77.0
2017-08-02 05:00:00+00:00,241.25,69.5
2017-08-02 06:00:00+00:00,258.0,81.0
2017-08-02 07:00:00+00:00,294.25,90.0
2017-08-02 08:00:00+00:00,296.0,114.25
2017-08-02 09:00:00+00:00,272.0,119.25
2017-08-02 10:00:00+00:00,393.0,108.25
2017-08-02 11:00:00+00:00,309.0,92.25
2017-08-02 12:00:00+00:00,293.75,84.0
2017-08-02 13:00:00+00:00,243.75,67.75
2017-08-02 14:00:00+00:00,241.5,70.5
2017-08-02 15:00:00+00:00,285.0,98.5
2017-08-02 16:00:00+00:00,265.75,152.25
2017-08-02 17:00:00+00:00,200.0,252.75
2017-08-02 18:00:00+00:00,177.25,306.75
2017-08-02 19:00:00+00:00,291.5,180.25
2017-08-02 20:00:00+00:00,614.25,98.75
2017-08-02 21:00:00+00:00,718.75,185.0
2017-08-02 22:00:00+00:00,572.0,227.0
2017-08-02 23:00:00+00:00,626.5,281.0
2017-08-03 00:00:00+00:00,752.0,275.5
2017-08-03 01:00:00+00:00,738.75,285.75
2017-08-03 02:00:00+00:00,748.75,289.75
2017-08-03 03:00:00+00:00,721.25,305.75
2017-08-03 04:00:00+00:00,752.25,286.5
2017-08-03 05:00:00+00:00,759.75,219.5
2017-08-03 06:00:00+00:00,757.25,217.25
2017-08-03 07:00:00+00:00,762.0,266.0
2017-08-03 08:00:00+00:00,748.75,354.25
2017-08-03 09:00:00+00:00,727.5,458.5
2017-08-03 10:00:00+00:00,730.75,481.0
2017-08-03 11:00:00+00:00,659.0,545.5
2017-08-03 12:00:00+00:00,676.5,585.0
2017-08-03 13:00:00+00:00,731.5,589.0
2017-08-03 14:00:00+00:00,723.75,609.25
2017-08-03 15:00:00+00:00,737.0,642.0
2017-08-03 16:00:00+00:00,734.75,644.75
2017-08-03 17:00:00+00:00,739.75,595.25
2017-08-03 18:00:00+00:00,731.25,598.25
2017-08-03 19:00:00+00:00,731.5,624.75
2017-08-03 20:00:00+00:00,732.0,619.75
2017-08-03 21:00:00+00:00,735.75,608.0
2017-08-03 22:00:00+00:00,733.0,579.0
2017-08-03 23:00:00+00:00,727.5,540.5
2017-08-04 00:00:00+00:00,729.0,511.75
2017-08-04 01:00:00+00:00,723.0,465.0
2017-08-04 02:00:00+00:00,705.75,444.25
2017-08-04 03:00:00+00:00,695.0,470.25
2017-08-04 04:00:00+00:00,725.25,462.0
2017-08-04 05:00:00+00:00,723.5,479.0
2017-08-04 06:00:00+00:00,725.25,465.0
2017-08-04 07:00:00+00:00,725.5,447.5
2017-08-04 08:00:00+00:00,722.0,518.0
2017-08-04 09:00:00+00:00,716.5,504.5
2017-08-04 10:00:00+00:00,725.5,575.75
2017-08-04 11:00:00+00:00,729.5,580.5
2017-08-04 12:00:00+00:00,730.0,591.5
2017-08-04 13:00:00+00:00,727.5,599.0
2017-08-04 14:00:00+00:00,722.25,566.25
2017-08-04 15:00:00+00:00,727.25,493.75
2017-08-04 16:00:00+00:00,724.25,479.0
2017-08-04 17:00:00+00:00,718.25,430.25
2017-08-04 18:00:00+00:00,702.25,401.5
2017-08-04 19:00:00+00:00,679.0,356.0
2017-08-04 20:00:00+00:00,665.5,274.5
2017-08-04 21:00:00+00:00,630.0,226.25
2017-08-04 22:00:00+00:00,576.75,227.25
2017-08-04 23:00:00+00:00,413.25,144.5
2017-08-05 00:00:00+00:00,298.5,89.5
2017-08-05 01:00:00+00:00,236.5,58.5
2017-08-05 02:00:00+00:00,218.0,33.5
2017-08-05 03:00:00+00:00,182.5,24.0
2017-08-05 04:00:00+00:00,143.0,26.25
2017-08-05 05:00:00+00:00,118.75,20.0
2017-08-05 06:00:00+00:00,120.5,14.0
2017-08-05 07:00:00+00:00,161.25,12.25
2017-08-05 08:00:00+00:00,160.5,18.0
2017-08-05 09:00:00+00:00,206.75,47.5
2017-08-05 10:00:00+00:00,290.5,73.75
2017-08-05 11:00:00+00:00,316.0,92.5
2017-08-05 12:00:00+00:00,395.25,113.5
2017-08-05 13:00:00+00:00,445.5,149.75
2017-08-05 14:00:00+00:00,509.75,148.5
2017-08-05 15:00:00+00:00,514.25,215.75
2017-08-05 16:00:00+00:00,528.0,264.25
2017-08-05 17:00:00+00:00,442.75,238.0
2017-08-05 18:00:00+00:00,286.25,243.0
2017-08-05 19:00:00+00:00,274.75,242.25
2017-08-05 20:00:00+00:00,274.25,210.75
2017-08-05 21:00:00+00:00,378.0,230.5
2017-08-05 22:00:00+00:00,434.25,273.5
2017-08-05 23:00:00+00:00,424.25,243.25
2017-08-06 00:00:00+00:00,499.25,234.75
2017-08-06 01:00:00+00:00,460.25,202.25
2017-08-06 02:00:00+00:00,397.0,104.5
2017-08-06 03:00:00+00:00,330.5,125.0
2017-08-06 04:00:00+00:00,216.75,107.0
2017-08-06 05:00:00+00:00,213.25,97.0
2017-08-06 06:00:00+00:00,198.0,61.0
2017-08-06 07:00:00+00:00,204.75,62.25
2017-08-06 08:00:00+00:00,262.5,79.5
2017-08-06 09:00:00+00:00,340.75,116.25
2017-08-06 10:00:00+00:00,389.0,119.75
2017-08-06 11:00:00+00:00,373.5,105.75
2017-08-06 12:00:00+00:00,313.75,127.5
2017-08-06 13:00:00+00:00,294.0,112.5
2017-08-06 14:00:00+00:00,211.75,87.75
2017-08-06 15:00:00+00:00,140.5,50.5
2017-08-06 16:00:00+00:00,98.0,33.75
2017-08-06 17:00:00+00:00,81.5,32.75
2017-08-06 18:00:00+00:00,73.0,22.75
2017-08-06 19:00:00+00:00,78.25,20.5
2017-08-06 20:00:00+00:00,110.0,19.5
2017-08-06 21:00:00+00:00,145.5,22.5
2017-08-06 22:00:00+00:00,226.5,19.5
2017-08-06 23:00:00+00:00,324.75,22.5
2017-08-07 00:00:00+00:00,393.0,34.0
2017-08-07 01:00:00+00:00,379.5,50.5
2017-08-07 02:00:00+00:00,388.0,57.75
2017-08-07 03:00:00+00:00,465.0,68.25
2017-08-07 04:00:00+00:00,521.0,85.0
2017-08-07 05:00:00+00:00,512.0,84.75
2017-08-07 06:00:00+00:00,534.0,76.75
2017-08-07 07:00:00+00:00,562.75,70.25
2017-08-07 08:00:00+00:00,563.0,86.25
2017-08-07 09:00:00+00:00,529.0,99.75
2017-08-07 10:00:00+00:00,531.75,118.0
2017-08-07 11:00:00+00:00,457.5,91.5
2017-08-07 12:00:00+00:00,437.5,67.25
2017-08-07 13:00:00+00:00,356.5,39.75
2017-08-07 14:00:00+00:00,237.75,17.5
2017-08-07 15:00:00+00:00,172.75,7.75
2017-08-07 16:00:00+00:00,115.5,5.0
2017-08-07 17:00:00+00:00,53.0,5.0
2017-08-07 18:00:00+00:00,11.25,15.5
2017-08-07 19:00:00+00:00,0.0,23.0
2017-08-07 20:00:00+00:00,0.0,34.0
2017-08-07 21:00:00+00:00,2.5,35.75
2017-08-07 22:00:00+00:00,17.75,56.25
2017-08-07 23:00:00+00:00,22.5,111.25
2017-08-08 00:00:00+00:00,36.5,167.5
2017-08-08 01:00:00+00:00,69.75,188.5
2017-08-08 02:00:00+00:00,72.0,167.5
2017-08-08 03:00:00+00:00,70.5,145.75
2017-08-08 04:00:00+00:00,107.5,167.75
2017-08-08 05:00:00+00:00,166.5,150.0
2017-08-08 06:00:00+00:00,258.25,76.25
2017-08-08 07:00:00+00:00,267.5,32.5
2017-08-08 08:00:00+00:00,332.75,13.25
2017-08-08 09:00:00+00:00,364.0,23.0
2017-08-08 10:00:00+00:00,368.0,18.0
2017-08-08 11:00:00+00:00,381.0,14.0
2017-08-08 12:00:00+00:00,459.5,17.5
2017-08-08 13:00:00+00:00,399.5,14.75
2017-08-08 14:00:00+00:00,350.0,40.5
2017-08-08 15:00:00+00:00,332.5,31.5
2017-08-08 16:00:00+00:00,352.5,25.0
2017-08-08 17:00:00+00:00,178.0,84.75
2017-08-08 18:00:00+00:00,140.5,88.0
2017-08-08 19:00:00+00:00,127.5,224.5
2017-08-08 20:00:00+00:00,123.25,349.25
2017-08-08 21:00:00+00:00,322.5,434.0
2017-08-08 22:00:00+00:00,179.5,442.0
2017-08-08 23:00:00+00:00,127.25,390.5
2017-08-09 00:00:00+00:00,173.75,390.5
2017-08-09 01:00:00+00:00,219.5,364.5
2017-08-09 02:00:00+00:00,438.5,323.0
2017-08-09 03:00:00+00:00,497.5,303.25
2017-08-09 04:00:00+00:00,460.0,217.5
2017-08-09 05:00:00+00:00,576.0,251.75
2017-08-09 06:00:00+00:00,690.5,296.25
2017-08-09 07:00:00+00:00,688.25,326.0
2017-08-09 08:00:00+00:00,559.25,336.5
2017-08-09 09:00:00+00:00,488.5,284.75
2017-08-09 10:00:00+00:00,400.5,248.0
2017-08-09 11:00:00+00:00,277.75,190.5
2017-08-09 12:00:00+00:00,378.25,166.0
2017-08-09 13:00:00+00:00,403.25,147.75
2017-08-09 14:00:00+00:00,361.75,109.0
2017-08-09 15:00:00+00:00,293.75,69.0
2017-08-09 16:00:00+00:00,163.75,48.75
2017-08-09 17:00:00+00:00,18.0,28.25
2017-08-09 18:00:00+00:00,1.25,22.5
2017-08-09 19:00:00+00:00,5.5,28.75
2017-08-09 20:00:00+00:00,16.25,19.75
2017-08-09 21:00:00+00:00,15.75,6.25
2017-08-09 22:00:00+00:00,21.5,4.0
2017-08-09 23:00:00+00:00,22.0,4.75
2017-08-10 00:00:00+00:00,60.75,4.5
2017-08-10 01:00:00+00:00,129.5,3.25
2017-08-10 02:00:00+00:00,149.25,5.0
2017-08-10 03:00:00+00:00,148.75,11.5
2017-08-10 04:00:00+00:00,134.75,11.25
2017-08-10 05:00:00+00:00,168.0,12.75
2017-08-10 06:00:00+00:00,142.25,16.75
2017-08-10 07:00:00+00:00,171.0,18.25
2017-08-10 08:00:00+00:00,111.25,16.5
2017-08-10 09:00:00+00:00,78.0,35.25
2017-08-10 10:00:00+00:00,92.5,44.25
2017-08-10 11:00:00+00:00,90.75,51.75
2017-08-10 12:00:00+00:00,48.0,56.0
2017-08-10 13:00:00+00:00,72.0,56.25
2017-08-10 14:00:00+00:00,127.5,65.0
2017-08-10 15:00:00+00:00,120.75,95.0
2017-08-10 16:00:00+00:00,133.75,144.75
2017-08-10 17:00:00+00:00,101.75,88.25
2017-08-10 18:00:00+00:00,50.5,47.25
2017-08-10 19:00:00+00:00,54.25,49.25
2017-08-10 20:00:00+00:00,74.75,46.0
2017-08-10 21:00:00+00:00,56.75,43.75
2017-08-10 22:00:00+00:00,32.5,42.0
2017-08-10 23:00:00+00:00,23.5,47.0
2017-08-11 00:00:00+00:00,5.0,32.5
2017-08-11 01:00:00+00:00,0.0,18.25
2017-08-11 02:00:00+00:00,11.5,10.0
2017-08-11 03:00:00+00:00,7.0,7.25
2017-08-11 04:00:00+00:00,5.0,4.75
2017-08-11 05:00:00+00:00,0.0,4.5
2017-08-11 06:00:00+00:00,0.0,2.5
2017-08-11 07:00:00+00:00,1.5,2.75
2017-08-11 08:00:00+00:00,0.5,1.0
2017-08-11 09:00:00+00:00,0.0,2.0
2017-08-11 10:00:00+00:00,13.25,5.75
2017-08-11 11:00:00+00:00,14.5,3.75
2017-08-11 12:00:00+00:00,8.75,19.5
2017-08-11 13:00:00+00:00,39.0,20.5
2017-08-11 14:00:00+00:00,66.0,14.25
2017-08-11 15:00:00+00:00,43.25,17.0
2017-08-11 16:00:00+00:00,51.0,20.5
2017-08-11 17:00:00+00:00,100.0,20.0
2017-08-11 18:00:00+00:00,175.5,60.5
2017-08-11 19:00:00+00:00,276.0,120.25
2017-08-11 20:00:00+00:00,362.75,168.25
2017-08-11 21:00:00+00:00,399.0,163.75
2017-08-11 22:00:00+00:00,339.75,199.25
2017-08-11 23:00:00+00:00,248.25,179.0
2017-08-12 00:00:00+00:00,252.25,191.5
2017-08-12 01:00:00+00:00,217.25,209.75
2017-08-12 02:00:00+00:00,153.5,191.5
2017-08-12 03:00:00+00:00,204.0,192.5
2017-08-12 04:00:00+00:00,212.75,151.5
2017-08-12 05:00:00+00:00,193.0,159.25
2017-08-12 06:00:00+00:00,185.5,149.0
2017-08-12 07:00:00+00:00,162.0,132.75
2017-08-12 08:00:00+00:00,137.25,166.75
2017-08-12 09:00:00+00:00,232.25,144.25
2017-08-12 10:00:00+00:00,302.25,137.5
2017-08-12 11:00:00+00:00,344.5,161.25
2017-08-12 12:00:00+00:00,327.75,211.25
2017-08-12 13:00:00+00:00,257.5,244.5
2017-08-12 14:00:00+00:00,294.75,223.75
2017-08-12 15:00:00+00:00,405.75,196.75
2017-08-12 16:00:00+00:00,341.0,139.5
2017-08-12 17:00:00+00:00,347.5,109.25
2017-08-12 18:00:00+00:00,373.5,136.5
2017-08-12 19:00:00+00:00,368.75,159.25
2017-08-12 20:00:00+00:00,329.5,140.0
2017-08-12 21:00:00+00:00,254.0,86.0
2017-08-12 22:00:00+00:00,189.5,79.0
2017-08-12 23:00:00+00:00,185.0,58.75
2017-08-13 00:00:00+00:00,179.5,54.25
2017-08-13 01:00:00+00:00,211.25,60.5
2017-08-13 02:00:00+00:00,189.5,44.0
2017-08-13 03:00:00+00:00,184.5,52.75
2017-08-13 04:00:00+00:00,133.75,87.75
2017-08-13 05:00:00+00:00,103.0,25.25
2017-08-13 06:00:00+00:00,123.0,7.25
2017-08-13 07:00:00+00:00,137.25,6.25
2017-08-13 08:00:00+00:00,82.0,8.75
2017-08-13 09:00:00+00:00,88.25,4.5
2017-08-13 10:00:00+00:00,67.0,10.5
2017-08-13 11:00:00+00:00,65.75,12.5
2017-08-13 12:00:00+00:00,28.25,13.25
2017-08-13 13:00:00+00:00,14.75,13.5
2017-08-13 14:00:00+00:00,6.0,10.0
2017-08-13 15:00:00+00:00,0.75,8.25
2017-08-13 16:00:00+00:00,1.5,7.0
2017-08-13 17:00:00+00:00,0.0,8.75
2017-08-13 18:00:00+00:00,0.0,29.75
2017-08-13 19:00:00+00:00,1.75,79.0
2017-08-13 20:00:00+00:00,2.5,108.5
2017-08-13 21:00:00+00:00,1.25,123.5
2017-08-13 22:00:00+00:00,1.25,177.25
2017-08-13 23:00:00+00:00,15.5,224.5
2017-08-14 00:00:00+00:00,50.0,252.0
2017-08-14 01:00:00+00:00,55.0,256.25
2017-08-14 02:00:00+00:00,98.75,256.25
2017-08-14 03:00:00+00:00,98.75,274.0
2017-08-14 04:00:00+00:00,144.5,232.5
2017-08-14 05:00:00+00:00,217.75,162.75
2017-08-14 06:00:00+00:00,315.0,105.75
2017-08-14 07:00:00+00:00,312.0,81.75
2017-08-14 08:00:00+00:00,312.75,51.0
2017-08-14 09:00:00+00:00,279.0,35.75
2017-08-14 10:00:00+00:00,284.0,32.5
2017-08-14 11:00:00+00:00,265.0,35.5
2017-08-14 12:00:00+00:00,264.75,36.0
2017-08-14 13:00:00+00:00,307.75,39.0
2017-08-14 14:00:00+00:00,331.5,54.75
2017-08-14 15:00:00+00:00,384.75,60.75
2017-08-14 16:00:00+00:00,396.0,58.0
2017-08-14 17:00:00+00:00,397.5,47.0
2017-08-14 18:00:00+00:00,388.5,48.25
2017-08-14 19:00:00+00:00,390.5,72.5
2017-08-14 20:00:00+00:00,386.75,126.75
2017-08-14 21:00:00+00:00,417.75,168.0
2017-08-14 22:00:00+00:00,441.0,181.5
2017-08-14 23:00:00+00:00,356.0,173.5
2017-08-15 00:00:00+00:00,293.75,139.75
2017-08-15 01:00:00+00:00,242.25,99.0
2017-08-15 02:00:00+00:00,153.5,74.75
2017-08-15 03:00:00+00:00,143.75,66.75
2017-08-15 04:00:00+00:00,138.0,54.75
2017-08-15 05:00:00+00:00,112.0,32.0
2017-08-15 06:00:00+00:00,71.75,33.5
2017-08-15 07:00:00+00:00,86.25,62.0
2017-08-15 08:00:00+00:00,72.5,93.25
2017-08-15 09:00:00+00:00,55.75,30.0
2017-08-15 10:00:00+00:00,40.0,18.0
2017-08-15 11:00:00+00:00,53.75,4.0
2017-08-15 12:00:00+00:00,30.0,10.5
2017-08-15 13:00:00+00:00,10.75,13.5
2017-08-15 14:00:00+00:00,0.0,13.25
2017-08-15 15:00:00+00:00,0.0,5.0
2017-08-15 16:00:00+00:00,0.0,6.0
2017-08-15 17:00:00+00:00,7.5,22.5
2017-08-15 18:00:00+00:00,15.25,29.25
2017-08-15 19:00:00+00:00,26.5,23.25
2017-08-15 20:00:00+00:00,52.5,78.75
2017-08-15 21:00:00+00:00,86.5,64.0
2017-08-15 22:00:00+00:00,123.5,42.75
2017-08-15 23:00:00+00:00,125.75,53.0
2017-08-16 00:00:00+00:00,116.75,44.75
2017-08-16 01:00:00+00:00,131.5,33.25
2017-08-16 02:00:00+00:00,84.0,15.5
2017-08-16 03:00:00+00:00,97.5,8.75
2017-08-16 04:00:00+00:00,111.25,4.5
2017-08-16 05:00:00+00:00,46.25,1.5
2017-08-16 06:00:00+00:00,3.25,0.5
2017-08-16 07:00:00+00:00,8.5,0.5
2017-08-16 08:00:00+00:00,11.25,1.0
2017-08-16 09:00:00+00:00,6.75,3.0
2017-08-16 10:00:00+00:00,7.5,11.0
2017-08-16 11:00:00+00:00,15.25,13.25
2017-08-16 12:00:00+00:00,11.5,12.5
2017-08-16 13:00:00+00:00,16.25,21.25
2017-08-16 14:00:00+00:00,24.5,26.25
2017-08-16 15:00:00+00:00,24.75,38.0
2017-08-16 16:00:00+00:00,89.25,25.25
2017-08-16 17:00:00+00:00,136.0,20.5
2017-08-16 18:00:00+00:00,213.0,13.75
2017-08-16 19:00:00+00:00,403.25,15.5
2017-08-16 20:00:00+00:00,532.5,22.5
2017-08-16 21:00:00+00:00,473.0,26.0
2017-08-16 22:00:00+00:00,324.25,33.25
2017-08-16 23:00:00+00:00,269.5,39.0
2017-08-17 00:00:00+00:00,283.5,46.75
2017-08-17 01:00:00+00:00,281.75,46.75
2017-08-17 02:00:00+00:00,344.5,79.25
2017-08-17 03:00:00+00:00,373.75,121.0
2017-08-17 04:00:00+00:00,372.0,193.25
2017-08-17 05:00:00+00:00,387.75,249.0
2017-08-17 06:00:00+00:00,393.0,226.75
2017-08-17 07:00:00+00:00,405.25,224.5
2017-08-17 08:00:00+00:00,379.25,183.5
2017-08-17 09:00:00+00:00,520.0,177.0
2017-08-17 10:00:00+00:00,476.0,233.75
2017-08-17 11:00:00+00:00,562.75,264.75
2017-08-17 12:00:00+00:00,682.25,239.75
2017-08-17 13:00:00+00:00,717.25,281.0
2017-08-17 14:00:00+00:00,705.0,251.5
2017-08-17 15:00:00+00:00,657.75,244.5
2017-08-17 16:00:00+00:00,642.75,242.25
2017-08-17 17:00:00+00:00,611.25,192.25
2017-08-17 18:00:00+00:00,545.25,222.25
2017-08-17 19:00:00+00:00,672.0,212.0
2017-08-17 20:00:00+00:00,524.5,258.75
2017-08-17 21:00:00+00:00,521.75,312.0
2017-08-17 22:00:00+00:00,618.25,351.0
2017-08-17 23:00:00+00:00,616.5,312.0
2017-08-18 00:00:00+00:00,572.5,234.25
2017-08-18 01:00:00+00:00,557.75,197.0
2017-08-18 02:00:00+00:00,421.5,204.5
2017-08-18 03:00:00+00:00,454.25,228.25
2017-08-18 04:00:00+00:00,560.0,234.25
2017-08-18 05:00:00+00:00,599.25,163.75
2017-08-18 06:00:00+00:00,600.25,203.25
2017-08-18 07:00:00+00:00,607.25,206.75
2017-08-18 08:00:00+00:00,599.25,174.0
2017-08-18 09:00:00+00:00,597.0,201.75
2017-08-18 10:00:00+00:00,535.75,222.0
2017-08-18 11:00:00+00:00,517.5,267.25
2017-08-18 12:00:00+00:00,585.0,266.5
2017-08-18 13:00:00+00:00,448.75,337.75
2017-08-18 14:00:00+00:00,355.25,300.5
2017-08-18 15:00:00+00:00,335.0,255.5
2017-08-18 16:00:00+00:00,334.5,293.5
2017-08-18 17:00:00+00:00,284.75,225.25
2017-08-18 18:00:00+00:00,268.75,295.0
2017-08-18 19:00:00+00:00,206.5,369.25
2017-08-18 20:00:00+00:00,370.75,250.25
2017-08-18 21:00:00+00:00,354.25,137.5
2017-08-18 22:00:00+00:00,385.5,337.75
2017-08-18 23:00:00+00:00,556.25,279.25
2017-08-19 00:00:00+00:00,505.0,206.75
2017-08-19 01:00:00+00:00,430.0,238.25
2017-08-19 02:00:00+00:00,492.0,358.5
2017-08-19 03:00:00+00:00,323.0,352.25
2017-08-19 04:00:00+00:00,339.25,281.75
2017-08-19 05:00:00+00:00,332.25,284.0
2017-08-19 06:00:00+00:00,494.0,184.75
2017-08-19 07:00:00+00:00,591.0,196.5
2017-08-19 08:00:00+00:00,634.5,281.75
2017-08-19 09:00:00+00:00,659.5,428.5
2017-08-19 10:00:00+00:00,666.0,378.5
2017-08-19 11:00:00+00:00,640.0,378.5
2017-08-19 12:00:00+00:00,658.25,396.75
2017-08-19 13:00:00+00:00,681.75,488.5
2017-08-19 14:00:00+00:00,681.75,445.0
2017-08-19 15:00:00+00:00,678.0,458.0
2017-08-19 16:00:00+00:00,672.25,424.5
2017-08-19 17:00:00+00:00,698.5,373.5
2017-08-19 18:00:00+00:00,578.5,431.75
2017-08-19 19:00:00+00:00,635.5,417.25
2017-08-19 20:00:00+00:00,665.25,258.25
2017-08-19 21:00:00+00:00,648.25,301.5
2017-08-19 22:00:00+00:00,651.0,180.5
2017-08-19 23:00:00+00:00,651.75,180.25
2017-08-20 00:00:00+00:00,674.0,212.25
2017-08-20 01:00:00+00:00,693.25,233.0
2017-08-20 02:00:00+00:00,698.25,273.0
2017-08-20 03:00:00+00:00,685.5,292.0
2017-08-20 04:00:00+00:00,662.5,277.75
2017-08-20 05:00:00+00:00,652.5,268.25
2017-08-20 06:00:00+00:00,633.0,286.75
2017-08-20 07:00:00+00:00,439.75,292.0
2017-08-20 08:00:00+00:00,434.0,354.25
2017-08-20 09:00:00+00:00,590.0,406.0
2017-08-20 10:00:00+00:00,564.75,416.25
2017-08-20 11:00:00+00:00,519.5,466.0
2017-08-20 12:00:00+00:00,551.25,454.0
2017-08-20 13:00:00+00:00,584.25,462.5
2017-08-20 14:00:00+00:00,587.25,446.75
2017-08-20 15:00:00+00:00,567.5,425.0
2017-08-20 16:00:00+00:00,540.25,324.0
2017-08-20 17:00:00+00:00,561.75,311.25
2017-08-20 18:00:00+00:00,505.75,257.0
2017-08-20 19:00:00+00:00,519.25,192.25
2017-08-20 20:00:00+00:00,487.5,120.25
2017-08-20 21:00:00+00:00,409.75,92.5
2017-08-20 22:00:00+00:00,329.0,61.25
2017-08-20 23:00:00+00:00,327.75,62.25
2017-08-21 00:00:00+00:00,291.5,56.75
2017-08-21 01:00:00+00:00,333.0,52.5
2017-08-21 02:00:00+00:00,353.0,43.75
2017-08-21 03:00:00+00:00,269.25,28.0
2017-08-21 04:00:00+00:00,211.25,17.25
2017-08-21 05:00:00+00:00,185.25,11.25
2017-08-21 06:00:00+00:00,125.5,7.25
2017-08-21 07:00:00+00:00,100.5,11.0
2017-08-21 08:00:00+00:00,91.75,10.75
2017-08-21 09:00:00+00:00,56.5,8.5
2017-08-21 10:00:00+00:00,33.25,15.5
2017-08-21 11:00:00+00:00,38.25,6.0
2017-08-21 12:00:00+00:00,60.0,6.5
2017-08-21 13:00:00+00:00,45.5,9.0
2017-08-21 14:00:00+00:00,29.5,7.75
2017-08-21 15:00:00+00:00,22.0,8.0
2017-08-21 16:00:00+00:00,18.5,6.5
2017-08-21 17:00:00+00:00,6.25,6.75
2017-08-21 18:00:00+00:00,1.0,16.25
2017-08-21 19:00:00+00:00,6.5,32.0
2017-08-21 20:00:00+00:00,15.75,52.75
2017-08-21 21:00:00+00:00,20.25,59.75
2017-08-21 22:00:00+00:00,24.0,61.0
2017-08-21 23:00:00+00:00,30.75,62.75
2017-08-22 00:00:00+00:00,24.75,76.5
2017-08-22 01:00:00+00:00,28.75,65.25
2017-08-22 02:00:00+00:00,27.25,59.0
2017-08-22 03:00:00+00:00,24.0,58.75
2017-08-22 04:00:00+00:00,12.75,57.5
2017-08-22 05:00:00+00:00,10.0,50.75
2017-08-22 06:00:00+00:00,8.25,41.25
2017-08-22 07:00:00+00:00,4.25,15.25
2017-08-22 08:00:00+00:00,0.25,7.0
2017-08-22 09:00:00+00:00,0.0,4.5
2017-08-22 10:00:00+00:00,0.0,1.5
2017-08-22 11:00:00+00:00,0.0,1.75
2017-08-22 12:00:00+00:00,0.0,4.25
2017-08-22 13:00:00+00:00,0.0,7.0
2017-08-22 14:00:00+00:00,6.0,9.75
2017-08-22 15:00:00+00:00,14.25,16.0
2017-08-22 16:00:00+00:00,20.0,38.0
2017-08-22 17:00:00+00:00,41.0,60.0
2017-08-22 18:00:00+00:00,81.0,114.25
2017-08-22 19:00:00+00:00,96.25,189.0
2017-08-22 20:00:00+00:00,111.25,212.25
2017-08-22 21:00:00+00:00,95.0,214.5
2017-08-22 22:00:00+00:00,114.0,219.75
2017-08-22 23:00:00+00:00,129.0,212.25
2017-08-23 00:00:00+00:00,112.0,208.75
2017-08-23 01:00:00+00:00,82.0,209.75
2017-08-23 02:00:00+00:00,84.75,193.75
2017-08-23 03:00:00+00:00,90.5,197.0
2017-08-23 04:00:00+00:00,105.25,201.25
2017-08-23 05:00:00+00:00,129.25,156.75
2017-08-23 06:00:00+00:00,146.0,89.0
2017-08-23 07:00:00+00:00,136.25,69.75
2017-08-23 08:00:00+00:00,163.25,64.75
2017-08-23 09:00:00+00:00,149.75,71.25
2017-08-23 10:00:00+00:00,163.0,82.0
2017-08-23 11:00:00+00:00,179.0,80.0
2017-08-23 12:00:00+00:00,205.25,84.25
2017-08-23 13:00:00+00:00,228.75,88.75
2017-08-23 14:00:00+00:00,286.0,86.0
2017-08-23 15:00:00+00:00,330.0,82.75
2017-08-23 16:00:00+00:00,336.5,95.0
2017-08-23 17:00:00+00:00,384.25,111.75
2017-08-23 18:00:00+00:00,458.5,156.0
2017-08-23 19:00:00+00:00,491.5,196.25
2017-08-23 20:00:00+00:00,482.75,178.75
2017-08-23 21:00:00+00:00,507.0,108.75
2017-08-23 22:00:00+00:00,463.5,182.0
2017-08-23 23:00:00+00:00,378.25,188.75
2017-08-24 00:00:00+00:00,393.75,210.5
2017-08-24 01:00:00+00:00,206.75,183.0
2017-08-24 02:00:00+00:00,145.0,116.0
2017-08-24 03:00:00+00:00,167.25,86.25
2017-08-24 04:00:00+00:00,250.0,73.25
2017-08-24 05:00:00+00:00,236.75,74.0
2017-08-24 06:00:00+00:00,152.75,43.75
2017-08-24 07:00:00+00:00,202.0,31.0
2017-08-24 08:00:00+00:00,332.25,28.5
2017-08-24 09:00:00+00:00,330.5,31.25
2017-08-24 10:00:00+00:00,399.75,63.75
2017-08-24 11:00:00+00:00,379.0,98.75
2017-08-24 12:00:00+00:00,365.75,169.5
2017-08-24 13:00:00+00:00,355.0,209.25
2017-08-24 14:00:00+00:00,337.5,203.25
2017-08-24 15:00:00+00:00,340.0,183.0
2017-08-24 16:00:00+00:00,321.25,150.75
2017-08-24 17:00:00+00:00,382.5,115.5
2017-08-24 18:00:00+00:00,398.25,110.5
2017-08-24 19:00:00+00:00,379.75,134.5
2017-08-24 20:00:00+00:00,351.25,124.0
2017-08-24 21:00:00+00:00,264.75,113.0
2017-08-24 22:00:00+00:00,203.25,115.5
2017-08-24 23:00:00+00:00,188.25,119.0
2017-08-25 00:00:00+00:00,154.0,98.75
2017-08-25 01:00:00+00:00,202.75,73.0
2017-08-25 02:00:00+00:00,207.75,52.25
2017-08-25 03:00:00+00:00,168.5,45.0
2017-08-25 04:00:00+00:00,101.75,32.75
2017-08-25 05:00:00+00:00,63.75,34.25
2017-08-25 06:00:00+00:00,53.25,28.0
2017-08-25 07:00:00+00:00,65.25,8.75
2017-08-25 08:00:00+00:00,81.5,14.25
2017-08-25 09:00:00+00:00,102.5,8.5
2017-08-25 10:00:00+00:00,76.25,5.75
2017-08-25 11:00:00+00:00,49.75,2.5
2017-08-25 12:00:00+00:00,17.25,2.25
2017-08-25 13:00:00+00:00,5.0,3.25
2017-08-25 14:00:00+00:00,0.0,2.25
2017-08-25 15:00:00+00:00,0.0,2.25
2017-08-25 16:00:00+00:00,0.25,3.75
2017-08-25 17:00:00+00:00,0.25,7.5
2017-08-25 18:00:00+00:00,1.0,16.25
2017-08-25 19:00:00+00:00,4.0,20.0
2017-08-25 20:00:00+00:00,7.5,45.25
2017-08-25 21:00:00+00:00,7.75,117.0
2017-08-25 22:00:00+00:00,8.0,103.25
2017-08-25 23:00:00+00:00,14.75,55.0
2017-08-26 00:00:00+00:00,32.25,51.25
2017-08-26 01:00:00+00:00,35.5,61.5
2017-08-26 02:00:00+00:00,28.5,73.25
2017-08-26 03:00:00+00:00,22.5,77.25
2017-08-26 04:00:00+00:00,23.25,78.25
2017-08-26 05:00:00+00:00,36.25,44.25
2017-08-26 06:00:00+00:00,24.25,26.0
2017-08-26 07:00:00+00:00,3.75,7.0
2017-08-26 08:00:00+00:00,0.0,0.25
2017-08-26 09:00:00+00:00,0.5,0.75
2017-08-26 10:00:00+00:00,0.0,1.0
2017-08-26 11:00:00+00:00,0.0,1.0
2017-08-26 12:00:00+00:00,0.0,3.75
2017-08-26 13:00:00+00:00,1.0,4.5
2017-08-26 14:00:00+00:00,11.25,3.75
2017-08-26 15:00:00+00:00,30.75,2.75
2017-08-26 16:00:00+00:00,14.25,4.5
2017-08-26 17:00:00+00:00,13.0,8.0
2017-08-26 18:00:00+00:00,21.25,14.0
2017-08-26 19:00:00+00:00,36.75,18.0
2017-08-26 20:00:00+00:00,85.75,17.75
2017-08-26 21:00:00+00:00,128.5,32.75
2017-08-26 22:00:00+00:00,163.5,47.5
2017-08-26 23:00:00+00:00,245.25,54.5
2017-08-27 00:00:00+00:00,264.0,54.75
2017-08-27 01:00:00+00:00,316.5,44.5
2017-08-27 02:00:00+00:00,266.25,35.75
2017-08-27 03:00:00+00:00,270.5,39.25
2017-08-27 04:00:00+00:00,213.0,37.25
2017-08-27 05:00:00+00:00,154.25,23.0
2017-08-27 06:00:00+00:00,119.75,12.25
2017-08-27 07:00:00+00:00,79.25,10.5
2017-08-27 08:00:00+00:00,42.0,10.0
2017-08-27 09:00:00+00:00,29.5,7.5
2017-08-27 10:00:00+00:00,16.5,6.25
2017-08-27 11:00:00+00:00,2.5,4.5
2017-08-27 12:00:00+00:00,0.0,3.75
2017-08-27 13:00:00+00:00,0.0,2.5
2017-08-27 14:00:00+00:00,0.75,1.5
2017-08-27 15:00:00+00:00,3.0,1.0
2017-08-27 16:00:00+00:00,2.75,1.0
2017-08-27 17:00:00+00:00,2.25,2.25
2017-08-27 18:00:00+00:00,2.0,4.75
2017-08-27 19:00:00+00:00,0.0,1.75
2017-08-27 20:00:00+00:00,2.0,1.75
2017-08-27 21:00:00+00:00,5.25,4.25
2017-08-27 22:00:00+00:00,7.75,6.25
2017-08-27 23:00:00+00:00,0.25,7.5
2017-08-28 00:00:00+00:00,17.0,9.75
2017-08-28 01:00:00+00:00,20.0,14.0
2017-08-28 02:00:00+00:00,9.25,12.25
2017-08-28 03:00:00+00:00,0.75,7.25
2017-08-28 04:00:00+00:00,0.0,6.75
2017-08-28 05:00:00+00:00,1.25,10.25
2017-08-28 06:00:00+00:00,4.75,1.75
2017-08-28 07:00:00+00:00,2.75,0.0
2017-08-28 08:00:00+00:00,0.0,0.0
2017-08-28 09:00:00+00:00,0.0,0.0
2017-08-28 10:00:00+00:00,0.0,0.0
2017-08-28 11:00:00+00:00,0.0,1.25
2017-08-28 12:00:00+00:00,0.0,3.0
2017-08-28 13:00:00+00:00,0.0,2.0
2017-08-28 14:00:00+00:00,0.0,1.5
2017-08-28 15:00:00+00:00,0.0,1.25
2017-08-28 16:00:00+00:00,0.0,1.25
2017-08-28 17:00:00+00:00,0.0,3.75
2017-08-28 18:00:00+00:00,0.0,5.25
2017-08-28 19:00:00+00:00,21.5,2.5
2017-08-28 20:00:00+00:00,14.75,5.0
2017-08-28 21:00:00+00:00,39.75,23.25
2017-08-28 22:00:00+00:00,28.75,38.0
2017-08-28 23:00:00+00:00,26.5,51.0
2017-08-29 00:00:00+00:00,41.75,73.5
2017-08-29 01:00:00+00:00,52.5,68.0
2017-08-29 02:00:00+00:00,59.0,77.5
2017-08-29 03:00:00+00:00,75.5,62.5
2017-08-29 04:00:00+00:00,132.5,65.5
2017-08-29 05:00:00+00:00,115.75,56.25
2017-08-29 06:00:00+00:00,120.5,36.75
2017-08-29 07:00:00+00:00,138.25,17.25
2017-08-29 08:00:00+00:00,134.75,8.75
2017-08-29 09:00:00+00:00,186.75,12.5
2017-08-29 10:00:00+00:00,271.0,21.0
2017-08-29 11:00:00+00:00,264.0,54.75
2017-08-29 12:00:00+00:00,269.75,76.25
2017-08-29 13:00:00+00:00,196.25,62.5
2017-08-29 14:00:00+00:00,123.25,31.0
2017-08-29 15:00:00+00:00,60.75,40.0
2017-08-29 16:00:00+00:00,61.0,19.75
2017-08-29 17:00:00+00:00,75.5,12.25
2017-08-29 18:00:00+00:00,60.75,22.75
2017-08-29 19:00:00+00:00,57.25,41.25
2017-08-29 20:00:00+00:00,54.0,55.0
2017-08-29 21:00:00+00:00,64.25,62.0
2017-08-29 22:00:00+00:00,59.0,115.75
2017-08-29 23:00:00+00:00,58.0,78.5
2017-08-30 00:00:00+00:00,34.25,140.75
2017-08-30 01:00:00+00:00,28.75,89.75
2017-08-30 02:00:00+00:00,110.75,104.5
2017-08-30 03:00:00+00:00,49.0,161.25
2017-08-30 04:00:00+00:00,107.25,43.5
2017-08-30 05:00:00+00:00,137.5,33.0
2017-08-30 06:00:00+00:00,136.25,34.5
2017-08-30 07:00:00+00:00,255.75,51.0
2017-08-30 08:00:00+00:00,258.5,103.0
2017-08-30 09:00:00+00:00,483.0,55.0
2017-08-30 10:00:00+00:00,498.75,28.0
2017-08-30 11:00:00+00:00,490.75,15.0
2017-08-30 12:00:00+00:00,480.75,4.0
2017-08-30 13:00:00+00:00,492.25,20.75
2017-08-30 14:00:00+00:00,495.5,58.0
2017-08-30 15:00:00+00:00,496.5,112.75
2017-08-30 16:00:00+00:00,491.0,156.25
2017-08-30 17:00:00+00:00,495.25,252.25
2017-08-30 18:00:00+00:00,492.75,348.75
2017-08-30 19:00:00+00:00,445.0,445.25
2017-08-30 20:00:00+00:00,443.0,463.25
2017-08-30 21:00:00+00:00,413.0,498.25
2017-08-30 22:00:00+00:00,404.25,451.75
2017-08-30 23:00:00+00:00,431.25,251.0
2017-08-31 00:00:00+00:00,450.25,188.0
2017-08-31 01:00:00+00:00,420.25,163.25
2017-08-31 02:00:00+00:00,391.5,176.25
2017-08-31 03:00:00+00:00,412.25,138.75
2017-08-31 04:00:00+00:00,423.0,195.75
2017-08-31 05:00:00+00:00,346.25,176.0
2017-08-31 06:00:00+00:00,327.5,175.75
2017-08-31 07:00:00+00:00,344.25,198.5
2017-08-31 08:00:00+00:00,182.5,151.25
2017-08-31 09:00:00+00:00,140.0,129.5
2017-08-31 10:00:00+00:00,134.0,101.25
2017-08-31 11:00:00+00:00,120.75,109.5
2017-08-31 12:00:00+00:00,156.5,122.25
2017-08-31 13:00:00+00:00,181.5,66.0
2017-08-31 14:00:00+00:00,147.5,24.5
2017-08-31 15:00:00+00:00,128.75,29.75
2017-08-31 16:00:00+00:00,100.25,62.25
2017-08-31 17:00:00+00:00,213.0,30.25
2017-08-31 18:00:00+00:00,114.0,21.25
2017-08-31 19:00:00+00:00,107.0,27.75
2017-08-31 20:00:00+00:00,92.75,31.25
2017-08-31 21:00:00+00:00,88.25,20.75
2017-08-31 22:00:00+00:00,91.25,15.25
2017-08-31 23:00:00+00:00,58.5,14.5
2017-09-01 00:00:00+00:00,66.0,11.25
2017-09-01 01:00:00+00:00,30.5,11.0
2017-09-01 02:00:00+00:00,81.25,14.0
2017-09-01 03:00:00+00:00,83.25,11.25
2017-09-01 04:00:00+00:00,80.5,11.5
2017-09-01 05:00:00+00:00,31.5,11.75
2017-09-01 06:00:00+00:00,6.75,8.25
2017-09-01 07:00:00+00:00,22.5,2.25
2017-09-01 08:00:00+00:00,7.25,1.0
2017-09-01 09:00:00+00:00,0.0,1.75
2017-09-01 10:00:00+00:00,0.0,4.5
2017-09-01 11:00:00+00:00,0.0,4.0
2017-09-01 12:00:00+00:00,0.0,7.5
2017-09-01 13:00:00+00:00,1.25,13.25
2017-09-01 14:00:00+00:00,5.0,26.25
2017-09-01 15:00:00+00:00,13.75,37.5
2017-09-01 16:00:00+00:00,74.0,61.0
2017-09-01 17:00:00+00:00,111.5,71.0
2017-09-01 18:00:00+00:00,72.75,77.0
2017-09-01 19:00:00+00:00,57.5,73.0
2017-09-01 20:00:00+00:00,40.0,59.0
2017-09-01 21:00:00+00:00,27.75,32.25
2017-09-01 22:00:00+00:00,20.5,19.5
2017-09-01 23:00:00+00:00,13.0,12.5
2017-09-02 00:00:00+00:00,18.25,7.0
2017-09-02 01:00:00+00:00,15.5,8.5
2017-09-02 02:00:00+00:00,19.25,10.0
2017-09-02 03:00:00+00:00,42.75,0.75
2017-09-02 04:00:00+00:00,51.0,1.0
2017-09-02 05:00:00+00:00,15.75,38.75
2017-09-02 06:00:00+00:00,3.0,3.75
2017-09-02 07:00:00+00:00,0.25,1.5
2017-09-02 08:00:00+00:00,2.25,3.5
2017-09-02 09:00:00+00:00,38.0,3.5
2017-09-02 10:00:00+00:00,18.0,9.0
2017-09-02 11:00:00+00:00,113.5,11.75
2017-09-02 12:00:00+00:00,178.5,8.0
2017-09-02 13:00:00+00:00,89.5,25.0
2017-09-02 14:00:00+00:00,42.0,32.75
2017-09-02 15:00:00+00:00,53.75,20.5
2017-09-02 16:00:00+00:00,64.75,32.25
2017-09-02 17:00:00+00:00,45.75,30.5
2017-09-02 18:00:00+00:00,23.75,19.0
2017-09-02 19:00:00+00:00,13.25,9.0
2017-09-02 20:00:00+00:00,2.0,5.0
2017-09-02 21:00:00+00:00,0.0,5.75
2017-09-02 22:00:00+00:00,0.0,2.25
2017-09-02 23:00:00+00:00,0.0,0.75
2017-09-03 00:00:00+00:00,0.0,0.0
2017-09-03 01:00:00+00:00,0.0,0.0
2017-09-03 02:00:00+00:00,0.0,0.0
2017-09-03 03:00:00+00:00,0.0,0.0
2017-09-03 04:00:00+00:00,0.0,0.5
2017-09-03 05:00:00+00:00,0.25,1.0
2017-09-03 06:00:00+00:00,1.25,2.0
2017-09-03 07:00:00+00:00,4.0,2.0
2017-09-03 08:00:00+00:00,3.25,0.5
2017-09-03 09:00:00+00:00,1.75,1.5
2017-09-03 10:00:00+00:00,2.25,1.5
2017-09-03 11:00:00+00:00,1.0,3.75
2017-09-03 12:00:00+00:00,0.25,2.75
2017-09-03 13:00:00+00:00,0.0,2.0
2017-09-03 14:00:00+00:00,0.0,2.0
2017-09-03 15:00:00+00:00,0.0,1.75
2017-09-03 16:00:00+00:00,0.0,2.5
2017-09-03 17:00:00+00:00,0.0,7.0
2017-09-03 18:00:00+00:00,4.0,10.25
2017-09-03 19:00:00+00:00,29.5,19.5
2017-09-03 20:00:00+00:00,36.0,23.75
2017-09-03 21:00:00+00:00,59.75,36.25
2017-09-03 22:00:00+00:00,92.25,82.0
2017-09-03 23:00:00+00:00,127.0,84.25
2017-09-04 00:00:00+00:00,93.75,81.0
2017-09-04 01:00:00+00:00,53.5,81.0
2017-09-04 02:00:00+00:00,35.5,61.5
2017-09-04 03:00:00+00:00,29.75,55.0
2017-09-04 04:00:00+00:00,28.5,54.75
2017-09-04 05:00:00+00:00,36.75,23.75
2017-09-04 06:00:00+00:00,33.75,14.0
2017-09-04 07:00:00+00:00,20.25,9.5
2017-09-04 08:00:00+00:00,18.5,5.25
2017-09-04 09:00:00+00:00,35.5,6.5
2017-09-04 10:00:00+00:00,38.0,26.75
2017-09-04 11:00:00+00:00,31.25,33.0
2017-09-04 12:00:00+00:00,37.0,32.25
2017-09-04 13:00:00+00:00,49.0,19.5
2017-09-04 14:00:00+00:00,85.25,27.25
2017-09-04 15:00:00+00:00,95.5,22.25
2017-09-04 16:00:00+00:00,90.75,29.0
2017-09-04 17:00:00+00:00,100.5,56.75
2017-09-04 18:00:00+00:00,113.5,63.5
2017-09-04 19:00:00+00:00,111.25,54.0
2017-09-04 20:00:00+00:00,135.75,77.25
2017-09-04 21:00:00+00:00,143.5,68.0
2017-09-04 22:00:00+00:00,152.5,47.25
2017-09-04 23:00:00+00:00,120.5,49.5
2017-09-05 00:00:00+00:00,185.0,48.75
2017-09-05 01:00:00+00:00,269.25,66.75
2017-09-05 02:00:00+00:00,226.5,64.5
2017-09-05 03:00:00+00:00,277.25,83.5
2017-09-05 04:00:00+00:00,269.0,92.5
2017-09-05 05:00:00+00:00,278.5,91.25
2017-09-05 06:00:00+00:00,298.75,100.25
2017-09-05 07:00:00+00:00,348.0,116.0
2017-09-05 08:00:00+00:00,394.25,124.75
2017-09-05 09:00:00+00:00,416.75,142.5
2017-09-05 10:00:00+00:00,473.5,161.0
2017-09-05 11:00:00+00:00,515.5,129.25
2017-09-05 12:00:00+00:00,515.25,95.25
2017-09-05 13:00:00+00:00,460.0,80.5
2017-09-05 14:00:00+00:00,495.0,82.5
2017-09-05 15:00:00+00:00,475.5,71.0
2017-09-05 16:00:00+00:00,610.25,57.25
2017-09-05 17:00:00+00:00,553.75,57.5
2017-09-05 18:00:00+00:00,633.0,161.25
2017-09-05 19:00:00+00:00,461.5,101.25
2017-09-05 20:00:00+00:00,373.5,154.0
2017-09-05 21:00:00+00:00,343.5,148.75
2017-09-05 22:00:00+00:00,214.25,140.0
2017-09-05 23:00:00+00:00,177.5,118.25
2017-09-06 00:00:00+00:00,100.25,89.75
2017-09-06 01:00:00+00:00,97.25,82.75
2017-09-06 02:00:00+00:00,147.75,136.75
2017-09-06 03:00:00+00:00,223.0,152.5
2017-09-06 04:00:00+00:00,220.75,106.0
2017-09-06 05:00:00+00:00,292.5,331.75
2017-09-06 06:00:00+00:00,667.5,507.0
2017-09-06 07:00:00+00:00,685.0,476.25
2017-09-06 08:00:00+00:00,743.75,424.5
2017-09-06 09:00:00+00:00,684.75,430.25
2017-09-06 10:00:00+00:00,652.0,404.5
2017-09-06 11:00:00+00:00,667.75,426.0
2017-09-06 12:00:00+00:00,643.0,478.0
2017-09-06 13:00:00+00:00,691.0,527.0
2017-09-06 14:00:00+00:00,669.75,391.25
2017-09-06 15:00:00+00:00,660.5,415.25
2017-09-06 16:00:00+00:00,690.75,434.25
2017-09-06 17:00:00+00:00,567.75,395.25
2017-09-06 18:00:00+00:00,610.5,411.5
2017-09-06 19:00:00+00:00,651.75,354.0
2017-09-06 20:00:00+00:00,582.5,336.25
2017-09-06 21:00:00+00:00,555.0,273.5
2017-09-06 22:00:00+00:00,568.75,312.25
2017-09-06 23:00:00+00:00,505.75,243.25
2017-09-07 00:00:00+00:00,424.0,280.0
2017-09-07 01:00:00+00:00,265.25,158.0
2017-09-07 02:00:00+00:00,366.5,165.75
2017-09-07 03:00:00+00:00,364.0,191.0
2017-09-07 04:00:00+00:00,378.75,219.5
2017-09-07 05:00:00+00:00,393.0,164.0
2017-09-07 06:00:00+00:00,438.25,167.0
2017-09-07 07:00:00+00:00,349.25,129.0
2017-09-07 08:00:00+00:00,260.5,92.25
2017-09-07 09:00:00+00:00,352.0,132.25
2017-09-07 10:00:00+00:00,311.25,165.75
2017-09-07 11:00:00+00:00,260.5,218.25
2017-09-07 12:00:00+00:00,327.0,182.0
2017-09-07 13:00:00+00:00,407.5,155.0
2017-09-07 14:00:00+00:00,355.5,164.25
2017-09-07 15:00:00+00:00,381.75,172.5
2017-09-07 16:00:00+00:00,390.75,219.25
2017-09-07 17:00:00+00:00,426.75,277.0
2017-09-07 18:00:00+00:00,442.75,279.5
2017-09-07 19:00:00+00:00,487.0,189.25
2017-09-07 20:00:00+00:00,459.25,244.0
2017-09-07 21:00:00+00:00,517.0,367.5
2017-09-07 22:00:00+00:00,579.25,418.25
2017-09-07 23:00:00+00:00,593.75,382.5
2017-09-08 00:00:00+00:00,533.25,423.5
2017-09-08 01:00:00+00:00,613.5,443.25
2017-09-08 02:00:00+00:00,709.25,469.25
2017-09-08 03:00:00+00:00,748.75,534.5
2017-09-08 04:00:00+00:00,732.5,596.0
2017-09-08 05:00:00+00:00,622.5,577.0
2017-09-08 06:00:00+00:00,669.75,588.0
2017-09-08 07:00:00+00:00,559.5,578.0
2017-09-08 08:00:00+00:00,642.0,572.5
2017-09-08 09:00:00+00:00,686.5,517.75
2017-09-08 10:00:00+00:00,697.5,382.5
2017-09-08 11:00:00+00:00,671.25,325.75
2017-09-08 12:00:00+00:00,610.5,321.5
2017-09-08 13:00:00+00:00,427.25,252.75
2017-09-08 14:00:00+00:00,321.0,265.5
2017-09-08 15:00:00+00:00,308.25,308.5
2017-09-08 16:00:00+00:00,305.5,274.25
2017-09-08 17:00:00+00:00,244.5,438.0
2017-09-08 18:00:00+00:00,211.75,256.5
2017-09-08 19:00:00+00:00,139.5,149.5
2017-09-08 20:00:00+00:00,260.0,72.75
2017-09-08 21:00:00+00:00,228.0,62.25
2017-09-08 22:00:00+00:00,176.0,114.25
2017-09-08 23:00:00+00:00,88.5,113.5
2017-09-09 00:00:00+00:00,43.0,88.75
2017-09-09 01:00:00+00:00,23.0,83.25
2017-09-09 02:00:00+00:00,8.5,134.75
2017-09-09 03:00:00+00:00,3.25,111.25
2017-09-09 04:00:00+00:00,3.75,117.5
2017-09-09 05:00:00+00:00,9.75,58.25
2017-09-09 06:00:00+00:00,42.75,46.5
2017-09-09 07:00:00+00:00,44.75,59.5
2017-09-09 08:00:00+00:00,50.75,110.75
2017-09-09 09:00:00+00:00,87.5,116.5
2017-09-09 10:00:00+00:00,119.5,97.75
2017-09-09 11:00:00+00:00,131.5,76.75
2017-09-09 12:00:00+00:00,123.25,59.0
2017-09-09 13:00:00+00:00,130.5,50.0
2017-09-09 14:00:00+00:00,130.5,24.75
2017-09-09 15:00:00+00:00,116.25,26.75
2017-09-09 16:00:00+00:00,86.5,50.75
2017-09-09 17:00:00+00:00,91.0,48.75
2017-09-09 18:00:00+00:00,67.5,57.25
2017-09-09 19:00:00+00:00,56.75,44.25
2017-09-09 20:00:00+00:00,96.0,53.25
2017-09-09 21:00:00+00:00,155.5,83.0
2017-09-09 22:00:00+00:00,132.5,104.5
2017-09-09 23:00:00+00:00,156.75,122.5
2017-09-10 00:00:00+00:00,192.5,173.75
2017-09-10 01:00:00+00:00,216.5,194.0
2017-09-10 02:00:00+00:00,190.75,178.0
2017-09-10 03:00:00+00:00,329.75,193.0
2017-09-10 04:00:00+00:00,325.25,203.75
2017-09-10 05:00:00+00:00,228.0,194.25
2017-09-10 06:00:00+00:00,188.0,166.75
2017-09-10 07:00:00+00:00,260.25,145.0
2017-09-10 08:00:00+00:00,333.75,172.0
2017-09-10 09:00:00+00:00,457.75,208.0
2017-09-10 10:00:00+00:00,598.75,267.75
2017-09-10 11:00:00+00:00,712.5,360.25
2017-09-10 12:00:00+00:00,716.0,435.5
2017-09-10 13:00:00+00:00,737.0,479.25
2017-09-10 14:00:00+00:00,732.5,482.0
2017-09-10 15:00:00+00:00,735.0,449.0
2017-09-10 16:00:00+00:00,743.75,406.5
2017-09-10 17:00:00+00:00,747.5,461.25
2017-09-10 18:00:00+00:00,747.5,546.0
2017-09-10 19:00:00+00:00,741.0,579.5
2017-09-10 20:00:00+00:00,738.5,638.25
2017-09-10 21:00:00+00:00,738.25,647.75
2017-09-10 22:00:00+00:00,686.25,642.0
2017-09-10 23:00:00+00:00,736.5,624.25
2017-09-11 00:00:00+00:00,751.0,645.75
2017-09-11 01:00:00+00:00,751.0,618.0
2017-09-11 02:00:00+00:00,750.0,601.0
2017-09-11 03:00:00+00:00,745.25,582.0
2017-09-11 04:00:00+00:00,734.5,481.5
2017-09-11 05:00:00+00:00,750.25,501.25
2017-09-11 06:00:00+00:00,757.5,473.75
2017-09-11 07:00:00+00:00,752.75,497.25
2017-09-11 08:00:00+00:00,745.75,522.0
2017-09-11 09:00:00+00:00,748.0,563.25
2017-09-11 10:00:00+00:00,734.5,572.75
2017-09-11 11:00:00+00:00,737.5,568.25
2017-09-11 12:00:00+00:00,746.75,592.75
2017-09-11 13:00:00+00:00,744.75,586.25
2017-09-11 14:00:00+00:00,747.25,591.75
2017-09-11 15:00:00+00:00,745.5,595.25
2017-09-11 16:00:00+00:00,729.75,601.25
2017-09-11 17:00:00+00:00,719.75,595.5
2017-09-11 18:00:00+00:00,741.5,489.5
2017-09-11 19:00:00+00:00,735.0,531.25
2017-09-11 20:00:00+00:00,683.75,511.5
2017-09-11 21:00:00+00:00,561.5,534.25
2017-09-11 22:00:00+00:00,573.75,498.25
2017-09-11 23:00:00+00:00,629.0,467.0
2017-09-12 00:00:00+00:00,495.0,423.75
2017-09-12 01:00:00+00:00,501.5,309.0
2017-09-12 02:00:00+00:00,497.5,413.5
2017-09-12 03:00:00+00:00,314.0,279.25
2017-09-12 04:00:00+00:00,538.5,304.0
2017-09-12 05:00:00+00:00,624.0,336.75
2017-09-12 06:00:00+00:00,744.5,325.5
2017-09-12 07:00:00+00:00,734.5,360.5
2017-09-12 08:00:00+00:00,728.0,389.75
2017-09-12 09:00:00+00:00,646.75,430.5
2017-09-12 10:00:00+00:00,738.5,428.75
2017-09-12 11:00:00+00:00,734.25,509.0
2017-09-12 12:00:00+00:00,728.25,504.25
2017-09-12 13:00:00+00:00,721.0,493.5
2017-09-12 14:00:00+00:00,740.75,481.0
2017-09-12 15:00:00+00:00,737.0,470.5
2017-09-12 16:00:00+00:00,748.0,359.25
2017-09-12 17:00:00+00:00,731.25,272.5
2017-09-12 18:00:00+00:00,691.0,225.25
2017-09-12 19:00:00+00:00,496.75,344.75
2017-09-12 20:00:00+00:00,442.25,398.5
2017-09-12 21:00:00+00:00,682.25,426.75
2017-09-12 22:00:00+00:00,714.0,484.5
2017-09-12 23:00:00+00:00,741.5,536.0
2017-09-13 00:00:00+00:00,764.0,511.75
2017-09-13 01:00:00+00:00,768.0,516.0
2017-09-13 02:00:00+00:00,767.0,596.5
2017-09-13 03:00:00+00:00,687.0,639.25
2017-09-13 04:00:00+00:00,617.75,656.0
2017-09-13 05:00:00+00:00,558.0,591.0
2017-09-13 06:00:00+00:00,559.0,604.75
2017-09-13 07:00:00+00:00,552.25,454.75
2017-09-13 08:00:00+00:00,395.0,419.25
2017-09-13 09:00:00+00:00,74.25,440.75
2017-09-13 10:00:00+00:00,111.5,464.75
2017-09-13 11:00:00+00:00,152.25,481.0
2017-09-13 12:00:00+00:00,217.0,538.75
2017-09-13 13:00:00+00:00,475.0,572.25
2017-09-13 14:00:00+00:00,555.0,607.75
2017-09-13 15:00:00+00:00,638.75,603.5
2017-09-13 16:00:00+00:00,707.25,513.75
2017-09-13 17:00:00+00:00,703.0,501.0
2017-09-13 18:00:00+00:00,727.25,503.5
2017-09-13 19:00:00+00:00,726.25,462.0
2017-09-13 20:00:00+00:00,734.75,391.25
2017-09-13 21:00:00+00:00,741.75,348.0
2017-09-13 22:00:00+00:00,741.0,353.25
2017-09-13 23:00:00+00:00,742.25,377.0
2017-09-14 00:00:00+00:00,740.5,383.5
2017-09-14 01:00:00+00:00,738.25,406.75
2017-09-14 02:00:00+00:00,737.5,416.25
2017-09-14 03:00:00+00:00,730.75,430.5
2017-09-14 04:00:00+00:00,727.75,386.5
2017-09-14 05:00:00+00:00,742.0,382.0
2017-09-14 06:00:00+00:00,749.5,377.0
2017-09-14 07:00:00+00:00,745.5,372.0
2017-09-14 08:00:00+00:00,639.75,441.25
2017-09-14 09:00:00+00:00,326.5,517.25
2017-09-14 10:00:00+00:00,271.0,510.5
2017-09-14 11:00:00+00:00,436.5,477.25
2017-09-14 12:00:00+00:00,726.5,517.0
2017-09-14 13:00:00+00:00,708.5,330.25
2017-09-14 14:00:00+00:00,730.25,335.75
2017-09-14 15:00:00+00:00,734.0,501.5
2017-09-14 16:00:00+00:00,736.75,518.5
2017-09-14 17:00:00+00:00,741.0,517.5
2017-09-14 18:00:00+00:00,737.75,477.5
2017-09-14 19:00:00+00:00,731.25,441.25
2017-09-14 20:00:00+00:00,701.5,355.25
2017-09-14 21:00:00+00:00,665.0,269.0
2017-09-14 22:00:00+00:00,647.75,185.0
2017-09-14 23:00:00+00:00,605.5,166.0
2017-09-15 00:00:00+00:00,550.75,204.5
2017-09-15 01:00:00+00:00,560.5,194.5
2017-09-15 02:00:00+00:00,562.5,170.75
2017-09-15 03:00:00+00:00,505.75,202.5
2017-09-15 04:00:00+00:00,561.25,274.5
2017-09-15 05:00:00+00:00,592.75,313.0
2017-09-15 06:00:00+00:00,565.75,160.75
2017-09-15 07:00:00+00:00,558.25,169.5
2017-09-15 08:00:00+00:00,569.75,134.75
2017-09-15 09:00:00+00:00,563.75,137.0
2017-09-15 10:00:00+00:00,515.75,155.75
2017-09-15 11:00:00+00:00,523.0,162.25
2017-09-15 12:00:00+00:00,413.0,141.75
2017-09-15 13:00:00+00:00,272.25,168.25
2017-09-15 14:00:00+00:00,225.75,290.0
2017-09-15 15:00:00+00:00,169.75,373.0
2017-09-15 16:00:00+00:00,104.0,302.5
2017-09-15 17:00:00+00:00,108.75,280.25
2017-09-15 18:00:00+00:00,125.5,259.5
2017-09-15 19:00:00+00:00,187.75,160.75
2017-09-15 20:00:00+00:00,152.25,173.5
2017-09-15 21:00:00+00:00,179.75,118.0
2017-09-15 22:00:00+00:00,173.5,114.5
2017-09-15 23:00:00+00:00,127.5,107.5
2017-09-16 00:00:00+00:00,68.0,215.25
2017-09-16 01:00:00+00:00,86.0,199.25
2017-09-16 02:00:00+00:00,78.5,194.5
2017-09-16 03:00:00+00:00,82.5,194.5
2017-09-16 04:00:00+00:00,58.5,138.0
2017-09-16 05:00:00+00:00,45.5,92.75
2017-09-16 06:00:00+00:00,9.25,139.25
2017-09-16 07:00:00+00:00,33.25,140.75
2017-09-16 08:00:00+00:00,35.25,117.75
2017-09-16 09:00:00+00:00,35.75,104.5
2017-09-16 10:00:00+00:00,26.75,90.25
2017-09-16 11:00:00+00:00,43.75,96.5
2017-09-16 12:00:00+00:00,39.25,102.25
2017-09-16 13:00:00+00:00,32.25,93.25
2017-09-16 14:00:00+00:00,50.75,72.75
2017-09-16 15:00:00+00:00,40.25,46.0
2017-09-16 16:00:00+00:00,29.0,27.75
2017-09-16 17:00:00+00:00,28.75,11.5
2017-09-16 18:00:00+00:00,24.25,12.5
2017-09-16 19:00:00+00:00,48.0,4.25
2017-09-16 20:00:00+00:00,46.0,7.25
2017-09-16 21:00:00+00:00,36.0,18.0
2017-09-16 22:00:00+00:00,40.75,18.25
2017-09-16 23:00:00+00:00,43.5,25.5
2017-09-17 00:00:00+00:00,29.75,33.5
2017-09-17 01:00:00+00:00,57.75,31.5
2017-09-17 02:00:00+00:00,22.75,24.25
2017-09-17 03:00:00+00:00,27.75,17.75
2017-09-17 04:00:00+00:00,17.0,6.25
2017-09-17 05:00:00+00:00,9.75,5.0
2017-09-17 06:00:00+00:00,24.75,7.25
2017-09-17 07:00:00+00:00,38.5,3.5
2017-09-17 08:00:00+00:00,54.75,3.5
2017-09-17 09:00:00+00:00,59.25,5.5
2017-09-17 10:00:00+00:00,51.75,7.5
2017-09-17 11:00:00+00:00,71.75,6.75
2017-09-17 12:00:00+00:00,66.75,9.25
2017-09-17 13:00:00+00:00,70.0,11.75
2017-09-17 14:00:00+00:00,64.5,40.5
2017-09-17 15:00:00+00:00,68.25,19.75
2017-09-17 16:00:00+00:00,32.0,2.5
2017-09-17 17:00:00+00:00,3.5,0.75
2017-09-17 18:00:00+00:00,4.0,0.0
2017-09-17 19:00:00+00:00,10.0,0.75
2017-09-17 20:00:00+00:00,31.0,1.25
2017-09-17 21:00:00+00:00,73.0,19.25
2017-09-17 22:00:00+00:00,165.25,37.25
2017-09-17 23:00:00+00:00,216.5,33.25
2017-09-18 00:00:00+00:00,190.25,21.5
2017-09-18 01:00:00+00:00,126.0,25.0
2017-09-18 02:00:00+00:00,150.25,30.5
2017-09-18 03:00:00+00:00,118.0,24.75
2017-09-18 04:00:00+00:00,89.0,25.0
2017-09-18 05:00:00+00:00,94.25,39.25
2017-09-18 06:00:00+00:00,79.5,35.5
2017-09-18 07:00:00+00:00,94.0,18.5
2017-09-18 08:00:00+00:00,97.75,24.75
2017-09-18 09:00:00+00:00,68.75,36.25
2017-09-18 10:00:00+00:00,58.75,59.0
2017-09-18 11:00:00+00:00,44.5,44.25
2017-09-18 12:00:00+00:00,50.75,27.75
2017-09-18 13:00:00+00:00,66.0,15.0
2017-09-18 14:00:00+00:00,50.5,10.5
2017-09-18 15:00:00+00:00,32.0,8.75
2017-09-18 16:00:00+00:00,30.25,7.25
2017-09-18 17:00:00+00:00,69.25,17.25
2017-09-18 18:00:00+00:00,73.75,24.0
2017-09-18 19:00:00+00:00,64.75,10.75
2017-09-18 20:00:00+00:00,62.25,1.5
2017-09-18 21:00:00+00:00,48.75,1.0
2017-09-18 22:00:00+00:00,49.75,2.25
2017-09-18 23:00:00+00:00,50.25,4.25
2017-09-19 00:00:00+00:00,46.25,1.75
2017-09-19 01:00:00+00:00,27.25,3.0
2017-09-19 02:00:00+00:00,30.5,5.5
2017-09-19 03:00:00+00:00,16.75,1.75
2017-09-19 04:00:00+00:00,3.0,1.5
2017-09-19 05:00:00+00:00,18.75,1.5
2017-09-19 06:00:00+00:00,49.5,1.0
2017-09-19 07:00:00+00:00,20.5,1.25
2017-09-19 08:00:00+00:00,58.75,1.0
2017-09-19 09:00:00+00:00,55.0,2.75
2017-09-19 10:00:00+00:00,73.0,2.75
2017-09-19 11:00:00+00:00,118.75,8.5
2017-09-19 12:00:00+00:00,74.25,23.5
2017-09-19 13:00:00+00:00,103.5,43.0
2017-09-19 14:00:00+00:00,224.5,50.0
2017-09-19 15:00:00+00:00,195.25,70.5
2017-09-19 16:00:00+00:00,305.0,101.0
2017-09-19 17:00:00+00:00,332.75,112.75
2017-09-19 18:00:00+00:00,426.25,95.25
2017-09-19 19:00:00+00:00,474.0,79.75
2017-09-19 20:00:00+00:00,411.25,98.25
2017-09-19 21:00:00+00:00,308.75,68.0
2017-09-19 22:00:00+00:00,385.75,56.0
2017-09-19 23:00:00+00:00,435.5,44.75
2017-09-20 00:00:00+00:00,510.0,94.0
2017-09-20 01:00:00+00:00,469.25,101.25
2017-09-20 02:00:00+00:00,412.75,100.0
2017-09-20 03:00:00+00:00,365.0,110.75
2017-09-20 04:00:00+00:00,386.0,118.0
2017-09-20 05:00:00+00:00,295.25,93.75
2017-09-20 06:00:00+00:00,234.5,55.0
2017-09-20 07:00:00+00:00,184.5,52.25
2017-09-20 08:00:00+00:00,187.5,69.5
2017-09-20 09:00:00+00:00,141.0,67.25
2017-09-20 10:00:00+00:00,117.75,64.0
2017-09-20 11:00:00+00:00,134.25,74.5
2017-09-20 12:00:00+00:00,144.75,66.25
2017-09-20 13:00:00+00:00,217.75,61.75
2017-09-20 14:00:00+00:00,300.25,63.25
2017-09-20 15:00:00+00:00,317.75,47.5
2017-09-20 16:00:00+00:00,303.0,61.25
2017-09-20 17:00:00+00:00,347.25,56.5
2017-09-20 18:00:00+00:00,281.75,57.25
2017-09-20 19:00:00+00:00,292.5,66.5
2017-09-20 20:00:00+00:00,288.25,89.5
2017-09-20 21:00:00+00:00,225.5,139.75
2017-09-20 22:00:00+00:00,301.75,154.25
2017-09-20 23:00:00+00:00,377.75,123.75
2017-09-21 00:00:00+00:00,386.25,133.0
2017-09-21 01:00:00+00:00,375.75,140.25
2017-09-21 02:00:00+00:00,355.25,138.5
2017-09-21 03:00:00+00:00,372.25,117.5
2017-09-21 04:00:00+00:00,331.75,99.25
2017-09-21 05:00:00+00:00,313.5,100.75
2017-09-21 06:00:00+00:00,408.75,87.0
2017-09-21 07:00:00+00:00,392.5,58.25
2017-09-21 08:00:00+00:00,345.25,41.75
2017-09-21 09:00:00+00:00,354.5,47.25
2017-09-21 10:00:00+00:00,376.0,57.5
2017-09-21 11:00:00+00:00,409.25,70.75
2017-09-21 12:00:00+00:00,424.25,59.25
2017-09-21 13:00:00+00:00,397.25,45.0
2017-09-21 14:00:00+00:00,336.25,32.0
2017-09-21 15:00:00+00:00,284.75,35.5
2017-09-21 16:00:00+00:00,239.25,24.0
2017-09-21 17:00:00+00:00,184.75,18.75
2017-09-21 18:00:00+00:00,171.0,51.75
2017-09-21 19:00:00+00:00,173.0,59.0
2017-09-21 20:00:00+00:00,168.75,46.0
2017-09-21 21:00:00+00:00,168.75,34.25
2017-09-21 22:00:00+00:00,144.75,41.75
2017-09-21 23:00:00+00:00,112.5,49.25
2017-09-22 00:00:00+00:00,93.5,37.75
2017-09-22 01:00:00+00:00,83.5,32.0
2017-09-22 02:00:00+00:00,59.0,23.0
2017-09-22 03:00:00+00:00,40.25,21.25
2017-09-22 04:00:00+00:00,26.75,12.75
2017-09-22 05:00:00+00:00,20.25,6.5
2017-09-22 06:00:00+00:00,13.75,3.25
2017-09-22 07:00:00+00:00,24.25,3.75
2017-09-22 08:00:00+00:00,47.25,2.5
2017-09-22 09:00:00+00:00,43.25,1.5
2017-09-22 10:00:00+00:00,47.75,1.25
2017-09-22 11:00:00+00:00,42.0,1.0
2017-09-22 12:00:00+00:00,33.25,3.5
2017-09-22 13:00:00+00:00,30.0,2.5
2017-09-22 14:00:00+00:00,77.5,1.5
2017-09-22 15:00:00+00:00,66.0,1.5
2017-09-22 16:00:00+00:00,34.0,3.5
2017-09-22 17:00:00+00:00,19.25,7.5
2017-09-22 18:00:00+00:00,45.0,14.5
2017-09-22 19:00:00+00:00,20.0,14.0
2017-09-22 20:00:00+00:00,41.75,18.25
2017-09-22 21:00:00+00:00,65.25,16.0
2017-09-22 22:00:00+00:00,40.0,7.75
2017-09-22 23:00:00+00:00,25.0,6.0
2017-09-23 00:00:00+00:00,20.75,9.5
2017-09-23 01:00:00+00:00,14.25,6.0
2017-09-23 02:00:00+00:00,8.75,3.75
2017-09-23 03:00:00+00:00,8.5,4.25
2017-09-23 04:00:00+00:00,2.25,3.25
2017-09-23 05:00:00+00:00,12.25,1.5
2017-09-23 06:00:00+00:00,16.0,0.75
2017-09-23 07:00:00+00:00,11.0,0.25
2017-09-23 08:00:00+00:00,9.5,0.0
2017-09-23 09:00:00+00:00,6.0,0.0
2017-09-23 10:00:00+00:00,3.5,0.25
2017-09-23 11:00:00+00:00,0.5,1.0
2017-09-23 12:00:00+00:00,0.0,2.0
2017-09-23 13:00:00+00:00,0.0,2.0
2017-09-23 14:00:00+00:00,0.0,2.0
2017-09-23 15:00:00+00:00,0.0,2.0
2017-09-23 16:00:00+00:00,0.0,3.25
2017-09-23 17:00:00+00:00,2.0,8.5
2017-09-23 18:00:00+00:00,14.75,17.5
2017-09-23 19:00:00+00:00,21.75,60.25
2017-09-23 20:00:00+00:00,29.75,93.0
2017-09-23 21:00:00+00:00,37.75,89.25
2017-09-23 22:00:00+00:00,41.0,91.75
2017-09-23 23:00:00+00:00,30.0,99.5
2017-09-24 00:00:00+00:00,24.0,92.75
2017-09-24 01:00:00+00:00,22.75,97.0
2017-09-24 02:00:00+00:00,14.75,77.75
2017-09-24 03:00:00+00:00,22.5,47.0
2017-09-24 04:00:00+00:00,29.25,42.75
2017-09-24 05:00:00+00:00,15.75,20.5
2017-09-24 06:00:00+00:00,13.5,5.25
2017-09-24 07:00:00+00:00,16.5,3.25
2017-09-24 08:00:00+00:00,28.5,16.25
2017-09-24 09:00:00+00:00,13.25,9.25
2017-09-24 10:00:00+00:00,17.5,4.5
2017-09-24 11:00:00+00:00,23.25,22.0
2017-09-24 12:00:00+00:00,31.75,28.5
2017-09-24 13:00:00+00:00,45.75,22.75
2017-09-24 14:00:00+00:00,57.0,24.75
2017-09-24 15:00:00+00:00,57.25,43.25
2017-09-24 16:00:00+00:00,91.5,34.75
2017-09-24 17:00:00+00:00,125.75,51.25
2017-09-24 18:00:00+00:00,122.75,108.0
2017-09-24 19:00:00+00:00,124.5,129.25
2017-09-24 20:00:00+00:00,106.0,127.0
2017-09-24 21:00:00+00:00,137.25,140.75
2017-09-24 22:00:00+00:00,209.0,117.5
2017-09-24 23:00:00+00:00,171.75,100.75
2017-09-25 00:00:00+00:00,124.25,102.25
2017-09-25 01:00:00+00:00,98.25,142.0
2017-09-25 02:00:00+00:00,165.5,41.25
2017-09-25 03:00:00+00:00,166.5,35.0
2017-09-25 04:00:00+00:00,92.0,83.5
2017-09-25 05:00:00+00:00,61.75,81.25
2017-09-25 06:00:00+00:00,87.25,82.0
2017-09-25 07:00:00+00:00,83.25,48.5
2017-09-25 08:00:00+00:00,126.75,53.25
2017-09-25 09:00:00+00:00,150.0,63.5
2017-09-25 10:00:00+00:00,201.75,48.75
2017-09-25 11:00:00+00:00,175.25,38.75
2017-09-25 12:00:00+00:00,133.25,44.5
2017-09-25 13:00:00+00:00,114.0,20.25
2017-09-25 14:00:00+00:00,111.5,18.0
2017-09-25 15:00:00+00:00,111.5,21.25
2017-09-25 16:00:00+00:00,146.75,34.0
2017-09-25 17:00:00+00:00,149.5,69.0
2017-09-25 18:00:00+00:00,192.5,98.0
2017-09-25 19:00:00+00:00,295.5,135.25
2017-09-25 20:00:00+00:00,285.0,140.75
2017-09-25 21:00:00+00:00,213.25,94.75
2017-09-25 22:00:00+00:00,123.5,64.0
2017-09-25 23:00:00+00:00,91.5,34.75
2017-09-26 00:00:00+00:00,93.75,56.5
2017-09-26 01:00:00+00:00,95.5,29.25
2017-09-26 02:00:00+00:00,110.5,23.5
2017-09-26 03:00:00+00:00,109.0,33.0
2017-09-26 04:00:00+00:00,106.5,61.0
2017-09-26 05:00:00+00:00,103.25,46.5
2017-09-26 06:00:00+00:00,92.25,21.75
2017-09-26 07:00:00+00:00,119.5,21.75
2017-09-26 08:00:00+00:00,133.25,39.25
2017-09-26 09:00:00+00:00,164.25,47.0
2017-09-26 10:00:00+00:00,166.25,35.75
2017-09-26 11:00:00+00:00,178.5,20.5
2017-09-26 12:00:00+00:00,178.0,21.0
2017-09-26 13:00:00+00:00,168.5,19.5
2017-09-26 14:00:00+00:00,61.25,14.0
2017-09-26 15:00:00+00:00,47.75,32.5
2017-09-26 16:00:00+00:00,68.25,42.0
2017-09-26 17:00:00+00:00,146.5,54.5
2017-09-26 18:00:00+00:00,186.5,70.0
2017-09-26 19:00:00+00:00,222.25,109.5
2017-09-26 20:00:00+00:00,211.75,168.0
2017-09-26 21:00:00+00:00,224.0,150.0
2017-09-26 22:00:00+00:00,264.75,130.5
2017-09-26 23:00:00+00:00,190.5,100.0
2017-09-27 00:00:00+00:00,217.25,115.75
2017-09-27 01:00:00+00:00,188.5,106.5
2017-09-27 02:00:00+00:00,165.5,74.0
2017-09-27 03:00:00+00:00,236.5,42.25
2017-09-27 04:00:00+00:00,220.0,32.75
2017-09-27 05:00:00+00:00,248.5,34.5
2017-09-27 06:00:00+00:00,248.25,37.0
2017-09-27 07:00:00+00:00,270.5,31.75
2017-09-27 08:00:00+00:00,237.0,52.5
2017-09-27 09:00:00+00:00,239.5,53.5
2017-09-27 10:00:00+00:00,226.75,53.5
2017-09-27 11:00:00+00:00,213.75,47.0
2017-09-27 12:00:00+00:00,246.25,46.25
2017-09-27 13:00:00+00:00,243.0,45.5
2017-09-27 14:00:00+00:00,273.0,45.75
2017-09-27 15:00:00+00:00,279.25,41.25
2017-09-27 16:00:00+00:00,291.75,49.25
2017-09-27 17:00:00+00:00,365.75,92.25
2017-09-27 18:00:00+00:00,380.5,184.5
2017-09-27 19:00:00+00:00,337.5,244.0
2017-09-27 20:00:00+00:00,381.75,227.25
2017-09-27 21:00:00+00:00,332.75,194.0
2017-09-27 22:00:00+00:00,283.25,190.25
2017-09-27 23:00:00+00:00,234.25,189.75
2017-09-28 00:00:00+00:00,195.5,171.0
2017-09-28 01:00:00+00:00,164.5,145.25
2017-09-28 02:00:00+00:00,175.5,137.0
2017-09-28 03:00:00+00:00,221.25,124.75
2017-09-28 04:00:00+00:00,222.5,109.75
2017-09-28 05:00:00+00:00,210.25,95.5
2017-09-28 06:00:00+00:00,270.5,56.5
2017-09-28 07:00:00+00:00,281.75,62.0
2017-09-28 08:00:00+00:00,239.5,42.25
2017-09-28 09:00:00+00:00,160.25,51.75
2017-09-28 10:00:00+00:00,153.5,43.5
2017-09-28 11:00:00+00:00,147.25,50.5
2017-09-28 12:00:00+00:00,139.5,54.0
2017-09-28 13:00:00+00:00,98.5,75.25
2017-09-28 14:00:00+00:00,70.75,63.25
2017-09-28 15:00:00+00:00,165.0,58.0
2017-09-28 16:00:00+00:00,210.0,68.0
2017-09-28 17:00:00+00:00,221.0,91.25
2017-09-28 18:00:00+00:00,255.5,123.5
2017-09-28 19:00:00+00:00,261.0,116.5
2017-09-28 20:00:00+00:00,269.75,51.75
2017-09-28 21:00:00+00:00,325.75,30.0
2017-09-28 22:00:00+00:00,269.25,35.0
2017-09-28 23:00:00+00:00,207.0,37.75
2017-09-29 00:00:00+00:00,114.0,31.0
2017-09-29 01:00:00+00:00,87.0,36.25
2017-09-29 02:00:00+00:00,90.25,29.25
2017-09-29 03:00:00+00:00,68.0,27.75
2017-09-29 04:00:00+00:00,98.0,39.25
2017-09-29 05:00:00+00:00,146.0,40.5
2017-09-29 06:00:00+00:00,154.75,37.25
2017-09-29 07:00:00+00:00,134.0,37.75
2017-09-29 08:00:00+00:00,134.25,41.25
2017-09-29 09:00:00+00:00,152.0,55.5
2017-09-29 10:00:00+00:00,197.75,63.0
2017-09-29 11:00:00+00:00,257.0,55.25
2017-09-29 12:00:00+00:00,261.75,70.25
2017-09-29 13:00:00+00:00,316.75,91.25
2017-09-29 14:00:00+00:00,358.0,134.5
2017-09-29 15:00:00+00:00,371.5,179.25
2017-09-29 16:00:00+00:00,455.25,256.0
2017-09-29 17:00:00+00:00,586.75,269.0
2017-09-29 18:00:00+00:00,638.25,210.25
2017-09-29 19:00:00+00:00,652.25,113.25
2017-09-29 20:00:00+00:00,651.5,103.5
2017-09-29 21:00:00+00:00,387.25,151.25
2017-09-29 22:00:00+00:00,224.0,98.0
2017-09-29 23:00:00+00:00,125.5,67.25
2017-09-30 00:00:00+00:00,63.75,56.75
2017-09-30 01:00:00+00:00,14.0,121.25
2017-09-30 02:00:00+00:00,10.0,78.5
2017-09-30 03:00:00+00:00,6.25,15.75
2017-09-30 04:00:00+00:00,12.0,11.5
2017-09-30 05:00:00+00:00,6.25,5.75
2017-09-30 06:00:00+00:00,10.5,11.5
2017-09-30 07:00:00+00:00,22.5,7.25
2017-09-30 08:00:00+00:00,65.5,12.5
2017-09-30 09:00:00+00:00,56.5,11.25
2017-09-30 10:00:00+00:00,51.75,10.5
2017-09-30 11:00:00+00:00,77.25,120.75
2017-09-30 12:00:00+00:00,72.0,72.5
2017-09-30 13:00:00+00:00,142.75,77.0
2017-09-30 14:00:00+00:00,449.25,76.25
2017-09-30 15:00:00+00:00,456.25,66.75
2017-09-30 16:00:00+00:00,358.25,41.5
2017-09-30 17:00:00+00:00,175.5,42.5
2017-09-30 18:00:00+00:00,59.5,44.25
2017-09-30 19:00:00+00:00,59.5,62.5
2017-09-30 20:00:00+00:00,112.25,63.25
2017-09-30 21:00:00+00:00,152.0,74.25
2017-09-30 22:00:00+00:00,239.5,100.25
2017-09-30 23:00:00+00:00,250.0,113.0
2017-10-01 00:00:00+00:00,297.25,145.75
2017-10-01 01:00:00+00:00,297.75,164.25
2017-10-01 02:00:00+00:00,325.0,125.75
2017-10-01 03:00:00+00:00,436.75,123.5
2017-10-01 04:00:00+00:00,390.75,159.0
2017-10-01 05:00:00+00:00,411.5,218.75
2017-10-01 06:00:00+00:00,438.0,206.0
2017-10-01 07:00:00+00:00,440.0,152.75
2017-10-01 08:00:00+00:00,547.0,139.75
2017-10-01 09:00:00+00:00,572.75,168.25
2017-10-01 10:00:00+00:00,697.5,200.0
2017-10-01 11:00:00+00:00,759.5,282.75
2017-10-01 12:00:00+00:00,768.5,345.0
2017-10-01 13:00:00+00:00,766.0,405.25
2017-10-01 14:00:00+00:00,771.25,403.0
2017-10-01 15:00:00+00:00,776.0,414.75
2017-10-01 16:00:00+00:00,779.0,420.0
2017-10-01 17:00:00+00:00,768.25,397.5
2017-10-01 18:00:00+00:00,765.25,373.5
2017-10-01 19:00:00+00:00,770.75,423.75
2017-10-01 20:00:00+00:00,772.5,467.5
2017-10-01 21:00:00+00:00,771.0,546.25
2017-10-01 22:00:00+00:00,767.5,581.75
2017-10-01 23:00:00+00:00,772.5,587.0
2017-10-02 00:00:00+00:00,767.0,604.5
2017-10-02 01:00:00+00:00,770.25,605.0
2017-10-02 02:00:00+00:00,767.25,587.0
2017-10-02 03:00:00+00:00,756.5,547.5
2017-10-02 04:00:00+00:00,751.75,569.5
2017-10-02 05:00:00+00:00,753.0,591.25
2017-10-02 06:00:00+00:00,761.75,527.0
2017-10-02 07:00:00+00:00,754.0,458.0
2017-10-02 08:00:00+00:00,771.75,454.75
2017-10-02 09:00:00+00:00,767.5,506.75
2017-10-02 10:00:00+00:00,767.5,510.5
2017-10-02 11:00:00+00:00,763.75,507.25
2017-10-02 12:00:00+00:00,769.25,492.75
2017-10-02 13:00:00+00:00,775.75,494.75
2017-10-02 14:00:00+00:00,770.0,559.5
2017-10-02 15:00:00+00:00,768.25,545.0
2017-10-02 16:00:00+00:00,766.0,494.5
2017-10-02 17:00:00+00:00,761.25,471.25
2017-10-02 18:00:00+00:00,761.0,470.75
2017-10-02 19:00:00+00:00,767.25,472.5
2017-10-02 20:00:00+00:00,762.25,463.5
2017-10-02 21:00:00+00:00,760.5,386.0
2017-10-02 22:00:00+00:00,765.75,389.0
2017-10-02 23:00:00+00:00,772.25,419.0
2017-10-03 00:00:00+00:00,767.25,411.75
2017-10-03 01:00:00+00:00,759.0,399.75
2017-10-03 02:00:00+00:00,755.0,328.25
2017-10-03 03:00:00+00:00,754.5,323.5
2017-10-03 04:00:00+00:00,752.0,324.75
2017-10-03 05:00:00+00:00,749.0,335.0
2017-10-03 06:00:00+00:00,747.5,348.25
2017-10-03 07:00:00+00:00,738.75,353.5
2017-10-03 08:00:00+00:00,724.5,349.25
2017-10-03 09:00:00+00:00,723.0,355.75
2017-10-03 10:00:00+00:00,715.5,398.0
2017-10-03 11:00:00+00:00,718.0,409.0
2017-10-03 12:00:00+00:00,704.5,402.5
2017-10-03 13:00:00+00:00,695.75,379.0
2017-10-03 14:00:00+00:00,685.5,386.25
2017-10-03 15:00:00+00:00,701.25,362.0
2017-10-03 16:00:00+00:00,692.25,349.5
2017-10-03 17:00:00+00:00,679.25,337.75
2017-10-03 18:00:00+00:00,683.25,277.25
2017-10-03 19:00:00+00:00,728.25,247.0
2017-10-03 20:00:00+00:00,740.0,203.0
2017-10-03 21:00:00+00:00,734.75,218.5
2017-10-03 22:00:00+00:00,734.25,202.5
2017-10-03 23:00:00+00:00,743.75,313.5
2017-10-04 00:00:00+00:00,749.5,314.0
2017-10-04 01:00:00+00:00,744.25,343.0
2017-10-04 02:00:00+00:00,750.5,348.5
2017-10-04 03:00:00+00:00,749.25,383.5
2017-10-04 04:00:00+00:00,761.0,398.5
2017-10-04 05:00:00+00:00,749.0,413.5
2017-10-04 06:00:00+00:00,762.75,378.5
2017-10-04 07:00:00+00:00,765.75,401.0
2017-10-04 08:00:00+00:00,756.0,434.0
2017-10-04 09:00:00+00:00,755.0,498.0
2017-10-04 10:00:00+00:00,751.5,563.25
2017-10-04 11:00:00+00:00,759.25,592.75
2017-10-04 12:00:00+00:00,763.75,603.5
2017-10-04 13:00:00+00:00,763.5,605.0
2017-10-04 14:00:00+00:00,762.5,605.75
2017-10-04 15:00:00+00:00,759.5,593.25
2017-10-04 16:00:00+00:00,755.75,573.5
2017-10-04 17:00:00+00:00,759.0,561.5
2017-10-04 18:00:00+00:00,755.5,541.5
2017-10-04 19:00:00+00:00,747.0,535.25
2017-10-04 20:00:00+00:00,760.25,532.5
2017-10-04 21:00:00+00:00,758.75,501.5
2017-10-04 22:00:00+00:00,762.75,525.75
2017-10-04 23:00:00+00:00,763.0,478.5
2017-10-05 00:00:00+00:00,763.25,498.25
2017-10-05 01:00:00+00:00,757.25,525.75
2017-10-05 02:00:00+00:00,757.5,495.75
2017-10-05 03:00:00+00:00,755.5,563.75
2017-10-05 04:00:00+00:00,761.5,615.25
2017-10-05 05:00:00+00:00,763.5,648.25
2017-10-05 06:00:00+00:00,744.5,665.0
2017-10-05 07:00:00+00:00,649.0,648.0
2017-10-05 08:00:00+00:00,555.5,463.75
2017-10-05 09:00:00+00:00,707.25,489.0
2017-10-05 10:00:00+00:00,748.5,592.0
2017-10-05 11:00:00+00:00,754.75,608.0
2017-10-05 12:00:00+00:00,746.25,621.25
2017-10-05 13:00:00+00:00,738.5,607.0
2017-10-05 14:00:00+00:00,739.0,600.0
2017-10-05 15:00:00+00:00,751.5,560.5
2017-10-05 16:00:00+00:00,744.0,573.0
2017-10-05 17:00:00+00:00,744.75,569.75
2017-10-05 18:00:00+00:00,751.0,570.25
2017-10-05 19:00:00+00:00,751.25,576.0
2017-10-05 20:00:00+00:00,750.0,585.75
2017-10-05 21:00:00+00:00,748.0,552.5
2017-10-05 22:00:00+00:00,743.0,543.25
2017-10-05 23:00:00+00:00,746.25,534.0
2017-10-06 00:00:00+00:00,742.75,513.0
2017-10-06 01:00:00+00:00,742.0,537.0
2017-10-06 02:00:00+00:00,751.0,543.0
2017-10-06 03:00:00+00:00,739.25,550.25
2017-10-06 04:00:00+00:00,743.5,528.25
2017-10-06 05:00:00+00:00,749.75,468.25
2017-10-06 06:00:00+00:00,751.5,335.75
2017-10-06 07:00:00+00:00,751.25,490.5
2017-10-06 08:00:00+00:00,747.5,472.75
2017-10-06 09:00:00+00:00,751.5,503.5
2017-10-06 10:00:00+00:00,745.25,542.5
2017-10-06 11:00:00+00:00,741.75,542.5
2017-10-06 12:00:00+00:00,748.0,559.5
2017-10-06 13:00:00+00:00,734.75,518.0
2017-10-06 14:00:00+00:00,730.5,502.75
2017-10-06 15:00:00+00:00,730.5,439.5
2017-10-06 16:00:00+00:00,726.5,454.25
2017-10-06 17:00:00+00:00,704.0,389.0
2017-10-06 18:00:00+00:00,670.25,328.75
2017-10-06 19:00:00+00:00,663.25,235.5
2017-10-06 20:00:00+00:00,669.0,302.0
2017-10-06 21:00:00+00:00,681.25,265.75
2017-10-06 22:00:00+00:00,617.75,296.75
2017-10-06 23:00:00+00:00,601.0,217.5
2017-10-07 00:00:00+00:00,655.75,218.0
2017-10-07 01:00:00+00:00,696.5,297.25
2017-10-07 02:00:00+00:00,705.25,327.25
2017-10-07 03:00:00+00:00,741.25,341.25
2017-10-07 04:00:00+00:00,746.0,382.75
2017-10-07 05:00:00+00:00,749.75,474.75
2017-10-07 06:00:00+00:00,748.5,508.75
2017-10-07 07:00:00+00:00,739.75,530.75
2017-10-07 08:00:00+00:00,740.0,581.0
2017-10-07 09:00:00+00:00,739.75,616.75
2017-10-07 10:00:00+00:00,741.0,606.0
2017-10-07 11:00:00+00:00,740.25,592.5
2017-10-07 12:00:00+00:00,736.75,568.5
2017-10-07 13:00:00+00:00,738.75,567.25
2017-10-07 14:00:00+00:00,734.75,568.75
2017-10-07 15:00:00+00:00,744.0,509.75
2017-10-07 16:00:00+00:00,733.5,476.0
2017-10-07 17:00:00+00:00,730.0,451.0
2017-10-07 18:00:00+00:00,737.5,399.75
2017-10-07 19:00:00+00:00,737.25,397.25
2017-10-07 20:00:00+00:00,720.0,349.0
2017-10-07 21:00:00+00:00,743.5,319.75
2017-10-07 22:00:00+00:00,719.25,333.25
2017-10-07 23:00:00+00:00,694.25,395.75
2017-10-08 00:00:00+00:00,601.0,352.5
2017-10-08 01:00:00+00:00,702.25,317.75
2017-10-08 02:00:00+00:00,653.25,298.0
2017-10-08 03:00:00+00:00,613.25,290.5
2017-10-08 04:00:00+00:00,529.5,185.5
2017-10-08 05:00:00+00:00,430.5,144.25
2017-10-08 06:00:00+00:00,379.5,120.5
2017-10-08 07:00:00+00:00,337.75,99.5
2017-10-08 08:00:00+00:00,262.25,94.5
2017-10-08 09:00:00+00:00,194.5,74.75
2017-10-08 10:00:00+00:00,218.0,79.25
2017-10-08 11:00:00+00:00,190.0,99.25
2017-10-08 12:00:00+00:00,188.5,78.25
2017-10-08 13:00:00+00:00,141.5,72.25
2017-10-08 14:00:00+00:00,134.0,64.25
2017-10-08 15:00:00+00:00,152.5,91.75
2017-10-08 16:00:00+00:00,119.5,72.0
2017-10-08 17:00:00+00:00,101.75,55.0
2017-10-08 18:00:00+00:00,118.75,55.25
2017-10-08 19:00:00+00:00,62.75,70.0
2017-10-08 20:00:00+00:00,37.5,48.75
2017-10-08 21:00:00+00:00,30.0,26.0
2017-10-08 22:00:00+00:00,38.25,13.5
2017-10-08 23:00:00+00:00,33.5,7.5
2017-10-09 00:00:00+00:00,18.0,10.25
2017-10-09 01:00:00+00:00,28.75,20.25
2017-10-09 02:00:00+00:00,28.75,34.5
2017-10-09 03:00:00+00:00,15.75,29.0
2017-10-09 04:00:00+00:00,31.25,52.25
2017-10-09 05:00:00+00:00,55.5,69.0
2017-10-09 06:00:00+00:00,62.25,87.5
2017-10-09 07:00:00+00:00,44.25,86.5
2017-10-09 08:00:00+00:00,12.75,92.0
2017-10-09 09:00:00+00:00,71.75,173.0
2017-10-09 10:00:00+00:00,108.5,169.5
2017-10-09 11:00:00+00:00,121.75,157.25
2017-10-09 12:00:00+00:00,96.75,120.5
2017-10-09 13:00:00+00:00,41.75,85.5
2017-10-09 14:00:00+00:00,74.5,83.75
2017-10-09 15:00:00+00:00,114.75,75.75
2017-10-09 16:00:00+00:00,99.75,84.25
2017-10-09 17:00:00+00:00,91.5,92.5
2017-10-09 18:00:00+00:00,239.5,114.0
2017-10-09 19:00:00+00:00,276.5,77.25
2017-10-09 20:00:00+00:00,284.5,59.75
2017-10-09 21:00:00+00:00,240.75,97.0
2017-10-09 22:00:00+00:00,156.0,180.0
2017-10-09 23:00:00+00:00,133.25,230.5
2017-10-10 00:00:00+00:00,136.25,255.75
2017-10-10 01:00:00+00:00,139.75,146.75
2017-10-10 02:00:00+00:00,158.5,116.0
2017-10-10 03:00:00+00:00,154.0,128.25
2017-10-10 04:00:00+00:00,159.5,131.75
2017-10-10 05:00:00+00:00,211.25,124.5
2017-10-10 06:00:00+00:00,328.75,130.75
2017-10-10 07:00:00+00:00,477.25,190.25
2017-10-10 08:00:00+00:00,602.5,267.5
2017-10-10 09:00:00+00:00,592.75,375.25
2017-10-10 10:00:00+00:00,665.25,404.5
2017-10-10 11:00:00+00:00,693.5,429.5
2017-10-10 12:00:00+00:00,704.75,386.5
2017-10-10 13:00:00+00:00,720.0,404.75
2017-10-10 14:00:00+00:00,705.75,399.25
2017-10-10 15:00:00+00:00,653.5,434.25
2017-10-10 16:00:00+00:00,648.25,369.0
2017-10-10 17:00:00+00:00,674.25,386.25
2017-10-10 18:00:00+00:00,587.0,379.0
2017-10-10 19:00:00+00:00,586.25,402.5
2017-10-10 20:00:00+00:00,633.25,415.0
2017-10-10 21:00:00+00:00,659.25,460.0
2017-10-10 22:00:00+00:00,711.75,512.0
2017-10-10 23:00:00+00:00,749.25,533.5
2017-10-11 00:00:00+00:00,754.0,544.75
2017-10-11 01:00:00+00:00,759.0,547.5
2017-10-11 02:00:00+00:00,756.0,516.25
2017-10-11 03:00:00+00:00,742.5,556.25
2017-10-11 04:00:00+00:00,744.25,554.0
2017-10-11 05:00:00+00:00,755.0,527.25
2017-10-11 06:00:00+00:00,744.25,535.5
2017-10-11 07:00:00+00:00,694.5,540.0
2017-10-11 08:00:00+00:00,738.75,539.5
2017-10-11 09:00:00+00:00,755.75,509.5
2017-10-11 10:00:00+00:00,761.75,501.5
2017-10-11 11:00:00+00:00,758.0,538.75
2017-10-11 12:00:00+00:00,755.0,527.5
2017-10-11 13:00:00+00:00,761.0,512.75
2017-10-11 14:00:00+00:00,761.25,476.75
2017-10-11 15:00:00+00:00,765.5,525.5
2017-10-11 16:00:00+00:00,764.25,549.75
2017-10-11 17:00:00+00:00,765.0,564.0
2017-10-11 18:00:00+00:00,768.75,578.75
2017-10-11 19:00:00+00:00,761.25,594.75
2017-10-11 20:00:00+00:00,730.0,603.25
2017-10-11 21:00:00+00:00,764.0,598.25
2017-10-11 22:00:00+00:00,757.75,622.0
2017-10-11 23:00:00+00:00,755.0,626.75
2017-10-12 00:00:00+00:00,755.0,627.5
2017-10-12 01:00:00+00:00,764.75,579.5
2017-10-12 02:00:00+00:00,766.5,523.0
2017-10-12 03:00:00+00:00,762.25,525.5
2017-10-12 04:00:00+00:00,743.5,558.75
2017-10-12 05:00:00+00:00,764.5,550.25
2017-10-12 06:00:00+00:00,756.0,506.0
2017-10-12 07:00:00+00:00,744.25,469.5
2017-10-12 08:00:00+00:00,740.5,342.75
2017-10-12 09:00:00+00:00,744.0,395.5
2017-10-12 10:00:00+00:00,741.25,441.25
2017-10-12 11:00:00+00:00,732.5,480.0
2017-10-12 12:00:00+00:00,717.25,426.0
2017-10-12 13:00:00+00:00,715.25,468.5
2017-10-12 14:00:00+00:00,722.25,426.75
2017-10-12 15:00:00+00:00,721.75,333.0
2017-10-12 16:00:00+00:00,698.25,205.25
2017-10-12 17:00:00+00:00,675.5,192.25
2017-10-12 18:00:00+00:00,630.5,172.0
2017-10-12 19:00:00+00:00,552.75,160.0
2017-10-12 20:00:00+00:00,473.0,181.25
2017-10-12 21:00:00+00:00,406.25,220.0
2017-10-12 22:00:00+00:00,391.0,247.5
2017-10-12 23:00:00+00:00,356.25,300.25
2017-10-13 00:00:00+00:00,282.5,290.25
2017-10-13 01:00:00+00:00,339.75,277.25
2017-10-13 02:00:00+00:00,421.25,260.75
2017-10-13 03:00:00+00:00,420.75,219.25
2017-10-13 04:00:00+00:00,426.5,235.75
2017-10-13 05:00:00+00:00,568.25,268.0
2017-10-13 06:00:00+00:00,594.0,289.5
2017-10-13 07:00:00+00:00,601.75,265.25
2017-10-13 08:00:00+00:00,657.0,272.25
2017-10-13 09:00:00+00:00,714.5,296.0
2017-10-13 10:00:00+00:00,731.75,314.75
2017-10-13 11:00:00+00:00,735.75,393.5
2017-10-13 12:00:00+00:00,740.5,435.5
2017-10-13 13:00:00+00:00,743.5,429.75
2017-10-13 14:00:00+00:00,746.25,451.5
2017-10-13 15:00:00+00:00,750.0,431.5
2017-10-13 16:00:00+00:00,754.25,436.0
2017-10-13 17:00:00+00:00,758.5,372.25
2017-10-13 18:00:00+00:00,760.5,385.0
2017-10-13 19:00:00+00:00,773.0,444.75
2017-10-13 20:00:00+00:00,759.5,450.75
2017-10-13 21:00:00+00:00,760.0,448.75
2017-10-13 22:00:00+00:00,747.5,452.75
2017-10-13 23:00:00+00:00,745.25,445.75
2017-10-14 00:00:00+00:00,737.75,455.75
2017-10-14 01:00:00+00:00,734.0,414.75
2017-10-14 02:00:00+00:00,721.5,381.25
2017-10-14 03:00:00+00:00,733.0,312.5
2017-10-14 04:00:00+00:00,723.75,291.25
2017-10-14 05:00:00+00:00,683.75,278.0
2017-10-14 06:00:00+00:00,674.0,249.5
2017-10-14 07:00:00+00:00,691.0,268.25
2017-10-14 08:00:00+00:00,690.25,272.25
2017-10-14 09:00:00+00:00,704.5,262.75
2017-10-14 10:00:00+00:00,702.0,239.0
2017-10-14 11:00:00+00:00,699.75,263.0
2017-10-14 12:00:00+00:00,674.5,249.5
2017-10-14 13:00:00+00:00,667.5,243.25
2017-10-14 14:00:00+00:00,634.0,174.0
2017-10-14 15:00:00+00:00,636.75,154.25
2017-10-14 16:00:00+00:00,593.0,192.5
2017-10-14 17:00:00+00:00,537.75,191.25
2017-10-14 18:00:00+00:00,491.25,158.75
2017-10-14 19:00:00+00:00,369.5,121.5
2017-10-14 20:00:00+00:00,308.5,90.0
2017-10-14 21:00:00+00:00,237.75,66.75
2017-10-14 22:00:00+00:00,214.75,50.25
2017-10-14 23:00:00+00:00,238.25,54.25
2017-10-15 00:00:00+00:00,182.25,59.25
2017-10-15 01:00:00+00:00,178.25,56.0
2017-10-15 02:00:00+00:00,188.0,75.5
2017-10-15 03:00:00+00:00,275.0,128.25
2017-10-15 04:00:00+00:00,267.5,155.5
2017-10-15 05:00:00+00:00,392.0,147.0
2017-10-15 06:00:00+00:00,476.75,157.0
2017-10-15 07:00:00+00:00,554.5,173.5
2017-10-15 08:00:00+00:00,560.5,151.0
2017-10-15 09:00:00+00:00,506.0,106.75
2017-10-15 10:00:00+00:00,535.0,90.5
2017-10-15 11:00:00+00:00,539.25,93.5
2017-10-15 12:00:00+00:00,481.0,114.0
2017-10-15 13:00:00+00:00,517.25,124.5
2017-10-15 14:00:00+00:00,563.0,160.25
2017-10-15 15:00:00+00:00,671.5,189.5
2017-10-15 16:00:00+00:00,711.75,287.75
2017-10-15 17:00:00+00:00,724.5,387.25
2017-10-15 18:00:00+00:00,709.75,434.5
2017-10-15 19:00:00+00:00,650.5,503.25
2017-10-15 20:00:00+00:00,505.5,483.0
2017-10-15 21:00:00+00:00,422.75,472.75
2017-10-15 22:00:00+00:00,383.75,463.25
2017-10-15 23:00:00+00:00,271.0,404.25
2017-10-16 00:00:00+00:00,193.25,353.5
2017-10-16 01:00:00+00:00,239.0,303.5
2017-10-16 02:00:00+00:00,262.5,247.25
2017-10-16 03:00:00+00:00,227.5,245.5
2017-10-16 04:00:00+00:00,255.25,237.5
2017-10-16 05:00:00+00:00,295.0,220.75
2017-10-16 06:00:00+00:00,359.75,227.0
2017-10-16 07:00:00+00:00,322.0,225.75
2017-10-16 08:00:00+00:00,308.25,215.75
2017-10-16 09:00:00+00:00,306.5,168.0
2017-10-16 10:00:00+00:00,240.75,97.75
2017-10-16 11:00:00+00:00,214.25,50.25
2017-10-16 12:00:00+00:00,240.25,47.0
2017-10-16 13:00:00+00:00,363.0,106.75
2017-10-16 14:00:00+00:00,460.25,132.75
2017-10-16 15:00:00+00:00,624.5,208.5
2017-10-16 16:00:00+00:00,710.5,342.75
2017-10-16 17:00:00+00:00,744.5,442.75
2017-10-16 18:00:00+00:00,738.5,451.25
2017-10-16 19:00:00+00:00,741.75,497.75
2017-10-16 20:00:00+00:00,745.0,498.5
2017-10-16 21:00:00+00:00,762.25,484.75
2017-10-16 22:00:00+00:00,747.75,432.25
2017-10-16 23:00:00+00:00,739.75,450.5
2017-10-17 00:00:00+00:00,747.25,426.25
2017-10-17 01:00:00+00:00,762.5,431.0
2017-10-17 02:00:00+00:00,761.25,401.25
2017-10-17 03:00:00+00:00,758.25,387.75
2017-10-17 04:00:00+00:00,759.5,336.25
2017-10-17 05:00:00+00:00,765.75,309.25
2017-10-17 06:00:00+00:00,764.75,311.0
2017-10-17 07:00:00+00:00,757.25,320.5
2017-10-17 08:00:00+00:00,763.25,302.5
2017-10-17 09:00:00+00:00,735.75,284.0
2017-10-17 10:00:00+00:00,724.5,253.0
2017-10-17 11:00:00+00:00,708.25,246.0
2017-10-17 12:00:00+00:00,714.25,246.0
2017-10-17 13:00:00+00:00,718.25,224.75
2017-10-17 14:00:00+00:00,704.25,230.5
2017-10-17 15:00:00+00:00,693.0,191.0
2017-10-17 16:00:00+00:00,679.0,138.25
2017-10-17 17:00:00+00:00,640.25,152.0
2017-10-17 18:00:00+00:00,626.0,141.5
2017-10-17 19:00:00+00:00,586.25,162.5
2017-10-17 20:00:00+00:00,490.5,128.0
2017-10-17 21:00:00+00:00,399.25,103.75
2017-10-17 22:00:00+00:00,315.5,63.75
2017-10-17 23:00:00+00:00,242.5,37.5
2017-10-18 00:00:00+00:00,190.0,13.75
2017-10-18 01:00:00+00:00,138.25,7.75
2017-10-18 02:00:00+00:00,87.75,8.0
2017-10-18 03:00:00+00:00,71.5,10.75
2017-10-18 04:00:00+00:00,41.0,20.25
2017-10-18 05:00:00+00:00,26.25,19.0
2017-10-18 06:00:00+00:00,17.75,20.25
2017-10-18 07:00:00+00:00,18.75,30.25
2017-10-18 08:00:00+00:00,14.5,32.0
2017-10-18 09:00:00+00:00,24.0,16.0
2017-10-18 10:00:00+00:00,28.75,14.75
2017-10-18 11:00:00+00:00,40.0,17.25
2017-10-18 12:00:00+00:00,37.75,13.25
2017-10-18 13:00:00+00:00,33.25,16.0
2017-10-18 14:00:00+00:00,50.5,15.25
2017-10-18 15:00:00+00:00,49.25,26.0
2017-10-18 16:00:00+00:00,72.5,54.75
2017-10-18 17:00:00+00:00,70.75,79.25
2017-10-18 18:00:00+00:00,113.25,61.5
2017-10-18 19:00:00+00:00,92.25,33.5
2017-10-18 20:00:00+00:00,131.25,43.5
2017-10-18 21:00:00+00:00,112.0,62.75
2017-10-18 22:00:00+00:00,115.5,70.0
2017-10-18 23:00:00+00:00,100.75,67.0
2017-10-19 00:00:00+00:00,85.5,54.0
2017-10-19 01:00:00+00:00,76.5,36.0
2017-10-19 02:00:00+00:00,53.0,25.75
2017-10-19 03:00:00+00:00,63.25,24.5
2017-10-19 04:00:00+00:00,55.5,9.25
2017-10-19 05:00:00+00:00,65.0,9.75
2017-10-19 06:00:00+00:00,80.25,21.0
2017-10-19 07:00:00+00:00,135.0,63.0
2017-10-19 08:00:00+00:00,170.5,119.0
2017-10-19 09:00:00+00:00,151.25,104.25
2017-10-19 10:00:00+00:00,109.75,95.75
2017-10-19 11:00:00+00:00,147.25,89.25
2017-10-19 12:00:00+00:00,167.0,82.0
2017-10-19 13:00:00+00:00,213.25,94.0
2017-10-19 14:00:00+00:00,270.0,111.75
2017-10-19 15:00:00+00:00,350.75,140.25
2017-10-19 16:00:00+00:00,491.75,235.5
2017-10-19 17:00:00+00:00,645.75,289.5
2017-10-19 18:00:00+00:00,723.0,308.5
2017-10-19 19:00:00+00:00,698.0,323.75
2017-10-19 20:00:00+00:00,641.0,306.25
2017-10-19 21:00:00+00:00,628.25,324.25
2017-10-19 22:00:00+00:00,609.5,335.25
2017-10-19 23:00:00+00:00,691.75,302.0
2017-10-20 00:00:00+00:00,723.25,250.75
2017-10-20 01:00:00+00:00,657.5,364.0
2017-10-20 02:00:00+00:00,615.25,432.25
2017-10-20 03:00:00+00:00,716.5,450.5
2017-10-20 04:00:00+00:00,732.0,435.25
2017-10-20 05:00:00+00:00,731.5,385.5
2017-10-20 06:00:00+00:00,729.0,333.5
2017-10-20 07:00:00+00:00,698.75,379.0
2017-10-20 08:00:00+00:00,711.75,364.75
2017-10-20 09:00:00+00:00,692.25,401.5
2017-10-20 10:00:00+00:00,575.75,462.0
2017-10-20 11:00:00+00:00,716.25,510.75
2017-10-20 12:00:00+00:00,744.5,570.25
2017-10-20 13:00:00+00:00,746.75,587.25
2017-10-20 14:00:00+00:00,750.75,569.75
2017-10-20 15:00:00+00:00,754.75,555.5
2017-10-20 16:00:00+00:00,731.5,589.25
2017-10-20 17:00:00+00:00,566.5,526.25
2017-10-20 18:00:00+00:00,459.25,581.0
2017-10-20 19:00:00+00:00,344.5,576.75
2017-10-20 20:00:00+00:00,307.75,545.5
2017-10-20 21:00:00+00:00,320.5,451.75
2017-10-20 22:00:00+00:00,275.5,431.25
2017-10-20 23:00:00+00:00,246.0,315.0
2017-10-21 00:00:00+00:00,348.5,249.25
2017-10-21 01:00:00+00:00,475.75,179.5
2017-10-21 02:00:00+00:00,383.75,211.75
2017-10-21 03:00:00+00:00,381.5,235.5
2017-10-21 04:00:00+00:00,504.25,298.75
2017-10-21 05:00:00+00:00,599.5,344.25
2017-10-21 06:00:00+00:00,539.0,326.0
2017-10-21 07:00:00+00:00,678.5,325.25
2017-10-21 08:00:00+00:00,713.0,341.0
2017-10-21 09:00:00+00:00,740.75,362.75
2017-10-21 10:00:00+00:00,745.0,378.25
2017-10-21 11:00:00+00:00,741.75,387.75
2017-10-21 12:00:00+00:00,712.0,389.0
2017-10-21 13:00:00+00:00,738.25,378.5
2017-10-21 14:00:00+00:00,755.75,401.75
2017-10-21 15:00:00+00:00,754.5,382.0
2017-10-21 16:00:00+00:00,757.25,365.5
2017-10-21 17:00:00+00:00,768.25,367.5
2017-10-21 18:00:00+00:00,768.75,370.75
2017-10-21 19:00:00+00:00,759.0,502.5
2017-10-21 20:00:00+00:00,758.0,508.75
2017-10-21 21:00:00+00:00,758.25,550.75
2017-10-21 22:00:00+00:00,767.25,600.0
2017-10-21 23:00:00+00:00,763.5,609.5
2017-10-22 00:00:00+00:00,761.5,612.0
2017-10-22 01:00:00+00:00,758.75,617.75
2017-10-22 02:00:00+00:00,751.25,628.25
2017-10-22 03:00:00+00:00,760.5,590.5
2017-10-22 04:00:00+00:00,768.5,516.75
2017-10-22 05:00:00+00:00,769.0,488.0
2017-10-22 06:00:00+00:00,753.75,419.25
2017-10-22 07:00:00+00:00,667.5,334.75
2017-10-22 08:00:00+00:00,687.75,288.5
2017-10-22 09:00:00+00:00,676.0,316.75
2017-10-22 10:00:00+00:00,665.75,360.0
2017-10-22 11:00:00+00:00,641.25,385.5
2017-10-22 12:00:00+00:00,666.5,441.5
2017-10-22 13:00:00+00:00,664.25,400.5
2017-10-22 14:00:00+00:00,670.5,387.75
2017-10-22 15:00:00+00:00,674.5,413.5
2017-10-22 16:00:00+00:00,626.0,440.25
2017-10-22 17:00:00+00:00,458.0,508.0
2017-10-22 18:00:00+00:00,439.25,496.0
2017-10-22 19:00:00+00:00,456.0,445.0
2017-10-22 20:00:00+00:00,509.5,370.25
2017-10-22 21:00:00+00:00,644.0,358.0
2017-10-22 22:00:00+00:00,736.75,393.5
2017-10-22 23:00:00+00:00,753.5,393.0
2017-10-23 00:00:00+00:00,750.5,344.0
2017-10-23 01:00:00+00:00,746.75,380.0
2017-10-23 02:00:00+00:00,746.5,437.5
2017-10-23 03:00:00+00:00,743.25,497.5
2017-10-23 04:00:00+00:00,752.5,519.75
2017-10-23 05:00:00+00:00,731.0,528.0
2017-10-23 06:00:00+00:00,750.5,545.0
2017-10-23 07:00:00+00:00,666.75,529.75
2017-10-23 08:00:00+00:00,492.0,511.0
2017-10-23 09:00:00+00:00,375.25,518.75
2017-10-23 10:00:00+00:00,328.75,490.75
2017-10-23 11:00:00+00:00,183.25,436.0
2017-10-23 12:00:00+00:00,126.25,359.5
2017-10-23 13:00:00+00:00,66.5,287.75
2017-10-23 14:00:00+00:00,24.0,202.25
2017-10-23 15:00:00+00:00,24.0,94.25
2017-10-23 16:00:00+00:00,28.25,30.25
2017-10-23 17:00:00+00:00,40.0,9.75
2017-10-23 18:00:00+00:00,84.25,13.25
2017-10-23 19:00:00+00:00,122.25,35.25
2017-10-23 20:00:00+00:00,135.0,65.75
2017-10-23 21:00:00+00:00,134.0,77.25
2017-10-23 22:00:00+00:00,190.75,118.0
2017-10-23 23:00:00+00:00,232.75,153.0
2017-10-24 00:00:00+00:00,351.75,150.75
2017-10-24 01:00:00+00:00,372.75,131.0
2017-10-24 02:00:00+00:00,444.0,133.25
2017-10-24 03:00:00+00:00,509.25,134.5
2017-10-24 04:00:00+00:00,457.25,162.25
2017-10-24 05:00:00+00:00,572.25,218.5
2017-10-24 06:00:00+00:00,617.0,223.25
2017-10-24 07:00:00+00:00,599.25,238.25
2017-10-24 08:00:00+00:00,575.25,236.75
2017-10-24 09:00:00+00:00,519.0,252.25
2017-10-24 10:00:00+00:00,528.0,266.75
2017-10-24 11:00:00+00:00,563.25,273.75
2017-10-24 12:00:00+00:00,699.25,342.0
2017-10-24 13:00:00+00:00,733.75,315.5
2017-10-24 14:00:00+00:00,752.0,399.0
2017-10-24 15:00:00+00:00,756.5,530.0
2017-10-24 16:00:00+00:00,756.25,584.75
2017-10-24 17:00:00+00:00,758.0,592.0
2017-10-24 18:00:00+00:00,761.5,609.75
2017-10-24 19:00:00+00:00,765.75,582.5
2017-10-24 20:00:00+00:00,759.75,565.25
2017-10-24 21:00:00+00:00,761.75,549.75
2017-10-24 22:00:00+00:00,757.25,545.0
2017-10-24 23:00:00+00:00,766.0,539.25
2017-10-25 00:00:00+00:00,755.75,523.75
2017-10-25 01:00:00+00:00,760.25,522.25
2017-10-25 02:00:00+00:00,768.0,530.25
2017-10-25 03:00:00+00:00,769.75,545.75
2017-10-25 04:00:00+00:00,761.5,578.25
2017-10-25 05:00:00+00:00,756.75,566.75
2017-10-25 06:00:00+00:00,760.25,582.25
2017-10-25 07:00:00+00:00,760.5,566.25
2017-10-25 08:00:00+00:00,760.75,582.75
2017-10-25 09:00:00+00:00,757.0,556.25
2017-10-25 10:00:00+00:00,687.5,478.5
2017-10-25 11:00:00+00:00,663.5,382.25
2017-10-25 12:00:00+00:00,592.25,226.75
2017-10-25 13:00:00+00:00,543.25,148.25
2017-10-25 14:00:00+00:00,481.25,105.5
2017-10-25 15:00:00+00:00,302.25,131.75
2017-10-25 16:00:00+00:00,290.5,120.5
2017-10-25 17:00:00+00:00,337.5,94.75
2017-10-25 18:00:00+00:00,330.25,100.75
2017-10-25 19:00:00+00:00,439.75,104.0
2017-10-25 20:00:00+00:00,394.0,128.0
2017-10-25 21:00:00+00:00,416.75,117.5
2017-10-25 22:00:00+00:00,494.0,88.25
2017-10-25 23:00:00+00:00,534.75,75.75
2017-10-26 00:00:00+00:00,530.5,127.5
2017-10-26 01:00:00+00:00,437.5,145.75
2017-10-26 02:00:00+00:00,398.0,184.25
2017-10-26 03:00:00+00:00,308.0,198.75
2017-10-26 04:00:00+00:00,390.5,185.25
2017-10-26 05:00:00+00:00,359.0,166.25
2017-10-26 06:00:00+00:00,406.25,134.0
2017-10-26 07:00:00+00:00,428.25,136.0
2017-10-26 08:00:00+00:00,486.0,124.0
2017-10-26 09:00:00+00:00,504.75,129.75
2017-10-26 10:00:00+00:00,484.75,131.5
2017-10-26 11:00:00+00:00,492.5,129.75
2017-10-26 12:00:00+00:00,542.0,170.0
2017-10-26 13:00:00+00:00,540.5,163.5
2017-10-26 14:00:00+00:00,528.75,150.75
2017-10-26 15:00:00+00:00,527.5,96.25
2017-10-26 16:00:00+00:00,498.75,98.75
2017-10-26 17:00:00+00:00,475.25,74.5
2017-10-26 18:00:00+00:00,451.75,88.75
2017-10-26 19:00:00+00:00,531.0,149.75
2017-10-26 20:00:00+00:00,539.75,160.0
2017-10-26 21:00:00+00:00,636.75,178.75
2017-10-26 22:00:00+00:00,673.5,247.75
2017-10-26 23:00:00+00:00,724.0,294.5
2017-10-27 00:00:00+00:00,731.5,328.25
2017-10-27 01:00:00+00:00,754.75,326.25
2017-10-27 02:00:00+00:00,763.25,342.25
2017-10-27 03:00:00+00:00,765.0,454.5
2017-10-27 04:00:00+00:00,754.75,462.25
2017-10-27 05:00:00+00:00,773.0,436.75
2017-10-27 06:00:00+00:00,778.75,404.25
2017-10-27 07:00:00+00:00,764.0,414.75
2017-10-27 08:00:00+00:00,773.75,346.25
2017-10-27 09:00:00+00:00,765.0,341.5
2017-10-27 10:00:00+00:00,762.0,388.5
2017-10-27 11:00:00+00:00,725.0,395.75
2017-10-27 12:00:00+00:00,697.25,362.5
2017-10-27 13:00:00+00:00,726.75,341.5
2017-10-27 14:00:00+00:00,706.0,340.75
2017-10-27 15:00:00+00:00,677.5,207.5
2017-10-27 16:00:00+00:00,666.5,289.25
2017-10-27 17:00:00+00:00,688.25,238.0
2017-10-27 18:00:00+00:00,671.75,332.75
2017-10-27 19:00:00+00:00,674.0,288.75
2017-10-27 20:00:00+00:00,691.75,287.75
2017-10-27 21:00:00+00:00,725.0,338.75
2017-10-27 22:00:00+00:00,744.25,362.75
2017-10-27 23:00:00+00:00,766.0,352.75
2017-10-28 00:00:00+00:00,774.75,360.25
2017-10-28 01:00:00+00:00,779.0,411.5
2017-10-28 02:00:00+00:00,773.25,491.0
2017-10-28 03:00:00+00:00,774.0,533.0
2017-10-28 04:00:00+00:00,768.25,518.5
2017-10-28 05:00:00+00:00,776.25,525.75
2017-10-28 06:00:00+00:00,776.25,548.75
2017-10-28 07:00:00+00:00,773.0,486.75
2017-10-28 08:00:00+00:00,767.25,521.5
2017-10-28 09:00:00+00:00,766.75,557.75
2017-10-28 10:00:00+00:00,764.5,585.0
2017-10-28 11:00:00+00:00,765.25,596.0
2017-10-28 12:00:00+00:00,773.75,587.5
2017-10-28 13:00:00+00:00,774.5,576.25
2017-10-28 14:00:00+00:00,775.25,593.0
2017-10-28 15:00:00+00:00,773.5,591.0
2017-10-28 16:00:00+00:00,776.5,603.5
2017-10-28 17:00:00+00:00,772.75,638.0
2017-10-28 18:00:00+00:00,767.25,657.25
2017-10-28 19:00:00+00:00,768.5,659.5
2017-10-28 20:00:00+00:00,772.0,661.5
2017-10-28 21:00:00+00:00,776.5,662.25
2017-10-28 22:00:00+00:00,772.5,660.5
2017-10-28 23:00:00+00:00,660.75,657.0
2017-10-29 00:00:00+00:00,572.75,646.25
2017-10-29 01:00:00+00:00,484.0,589.0
2017-10-29 02:00:00+00:00,412.75,481.5
2017-10-29 03:00:00+00:00,387.0,521.5
2017-10-29 04:00:00+00:00,537.0,559.5
2017-10-29 05:00:00+00:00,561.5,586.25
2017-10-29 06:00:00+00:00,660.75,575.5
2017-10-29 07:00:00+00:00,716.75,582.0
2017-10-29 08:00:00+00:00,759.5,593.25
2017-10-29 09:00:00+00:00,751.0,583.75
2017-10-29 10:00:00+00:00,712.25,573.75
2017-10-29 11:00:00+00:00,761.5,576.25
2017-10-29 12:00:00+00:00,745.75,590.25
2017-10-29 13:00:00+00:00,757.25,565.0
2017-10-29 14:00:00+00:00,752.25,499.25
2017-10-29 15:00:00+00:00,741.0,447.25
2017-10-29 16:00:00+00:00,747.5,456.25
2017-10-29 17:00:00+00:00,750.5,459.5
2017-10-29 18:00:00+00:00,756.75,405.75
2017-10-29 19:00:00+00:00,750.75,384.0
2017-10-29 20:00:00+00:00,746.25,408.25
2017-10-29 21:00:00+00:00,744.0,355.75
2017-10-29 22:00:00+00:00,738.0,419.25
2017-10-29 23:00:00+00:00,744.75,370.25
2017-10-30 00:00:00+00:00,740.25,365.0
2017-10-30 01:00:00+00:00,731.0,353.0
2017-10-30 02:00:00+00:00,731.75,370.25
2017-10-30 03:00:00+00:00,718.25,320.25
2017-10-30 04:00:00+00:00,716.0,299.0
2017-10-30 05:00:00+00:00,705.75,239.75
2017-10-30 06:00:00+00:00,691.75,217.5
2017-10-30 07:00:00+00:00,677.5,187.25
2017-10-30 08:00:00+00:00,634.75,178.25
2017-10-30 09:00:00+00:00,503.5,144.5
2017-10-30 10:00:00+00:00,489.75,157.5
2017-10-30 11:00:00+00:00,423.25,151.25
2017-10-30 12:00:00+00:00,426.25,176.75
2017-10-30 13:00:00+00:00,440.25,198.75
2017-10-30 14:00:00+00:00,496.25,152.75
2017-10-30 15:00:00+00:00,410.5,128.25
2017-10-30 16:00:00+00:00,312.75,126.25
2017-10-30 17:00:00+00:00,328.5,64.25
2017-10-30 18:00:00+00:00,322.75,74.0
2017-10-30 19:00:00+00:00,321.75,78.25
2017-10-30 20:00:00+00:00,255.25,36.0
2017-10-30 21:00:00+00:00,266.0,84.0
2017-10-30 22:00:00+00:00,173.75,82.5
2017-10-30 23:00:00+00:00,295.0,74.25
2017-10-31 00:00:00+00:00,188.5,44.25
2017-10-31 01:00:00+00:00,184.25,32.5
2017-10-31 02:00:00+00:00,281.25,87.0
2017-10-31 03:00:00+00:00,379.0,107.0
2017-10-31 04:00:00+00:00,400.75,136.0
2017-10-31 05:00:00+00:00,376.5,107.0
2017-10-31 06:00:00+00:00,493.5,113.5
2017-10-31 07:00:00+00:00,533.5,152.0
2017-10-31 08:00:00+00:00,555.5,176.75
2017-10-31 09:00:00+00:00,511.0,224.75
2017-10-31 10:00:00+00:00,520.0,306.0
2017-10-31 11:00:00+00:00,597.0,305.75
2017-10-31 12:00:00+00:00,583.75,287.0
2017-10-31 13:00:00+00:00,509.75,232.0
2017-10-31 14:00:00+00:00,484.5,232.5
2017-10-31 15:00:00+00:00,503.0,275.5
2017-10-31 16:00:00+00:00,446.0,351.75
2017-10-31 17:00:00+00:00,476.75,343.75
2017-10-31 18:00:00+00:00,427.5,332.25
2017-10-31 19:00:00+00:00,479.0,337.25
2017-10-31 20:00:00+00:00,490.25,317.5
2017-10-31 21:00:00+00:00,440.75,274.0
2017-10-31 22:00:00+00:00,435.75,256.0
2017-10-31 23:00:00+00:00,528.0,245.5
2017-11-01 00:00:00+00:00,489.0,237.75
2017-11-01 01:00:00+00:00,493.25,251.5
2017-11-01 02:00:00+00:00,500.75,236.0
2017-11-01 03:00:00+00:00,529.75,273.0
2017-11-01 04:00:00+00:00,449.0,236.5
2017-11-01 05:00:00+00:00,365.75,251.25
2017-11-01 06:00:00+00:00,385.5,251.25
2017-11-01 07:00:00+00:00,413.25,208.5
2017-11-01 08:00:00+00:00,453.5,245.5
2017-11-01 09:00:00+00:00,471.0,293.75
2017-11-01 10:00:00+00:00,561.25,315.75
2017-11-01 11:00:00+00:00,567.25,355.25
2017-11-01 12:00:00+00:00,544.75,355.25
2017-11-01 13:00:00+00:00,549.25,373.75
2017-11-01 14:00:00+00:00,634.75,370.5
2017-11-01 15:00:00+00:00,660.75,359.5
2017-11-01 16:00:00+00:00,694.25,315.5
2017-11-01 17:00:00+00:00,675.0,328.5
2017-11-01 18:00:00+00:00,665.5,320.5
2017-11-01 19:00:00+00:00,631.5,340.0
2017-11-01 20:00:00+00:00,625.0,295.75
2017-11-01 21:00:00+00:00,674.0,340.5
2017-11-01 22:00:00+00:00,621.0,356.75
2017-11-01 23:00:00+00:00,523.5,378.25
2017-11-02 00:00:00+00:00,534.5,380.5
2017-11-02 01:00:00+00:00,568.5,361.75
2017-11-02 02:00:00+00:00,518.25,259.5
2017-11-02 03:00:00+00:00,391.75,162.25
2017-11-02 04:00:00+00:00,346.25,103.25
2017-11-02 05:00:00+00:00,293.5,106.0
2017-11-02 06:00:00+00:00,188.75,83.75
2017-11-02 07:00:00+00:00,139.25,90.0
2017-11-02 08:00:00+00:00,117.75,98.0
2017-11-02 09:00:00+00:00,164.25,77.0
2017-11-02 10:00:00+00:00,200.5,95.75
2017-11-02 11:00:00+00:00,119.75,100.5
2017-11-02 12:00:00+00:00,112.75,129.0
2017-11-02 13:00:00+00:00,131.5,131.5
2017-11-02 14:00:00+00:00,112.0,55.75
2017-11-02 15:00:00+00:00,114.75,86.0
2017-11-02 16:00:00+00:00,136.0,69.5
2017-11-02 17:00:00+00:00,123.25,68.0
2017-11-02 18:00:00+00:00,82.75,54.0
2017-11-02 19:00:00+00:00,41.75,41.75
2017-11-02 20:00:00+00:00,15.0,33.0
2017-11-02 21:00:00+00:00,15.0,36.75
2017-11-02 22:00:00+00:00,8.25,27.75
2017-11-02 23:00:00+00:00,11.25,6.75
2017-11-03 00:00:00+00:00,0.25,10.75
2017-11-03 01:00:00+00:00,0.0,8.75
2017-11-03 02:00:00+00:00,0.0,4.0
2017-11-03 03:00:00+00:00,0.0,3.25
2017-11-03 04:00:00+00:00,6.5,11.25
2017-11-03 05:00:00+00:00,34.5,7.5
2017-11-03 06:00:00+00:00,39.5,9.75
2017-11-03 07:00:00+00:00,35.0,26.0
2017-11-03 08:00:00+00:00,20.5,31.5
2017-11-03 09:00:00+00:00,60.25,36.0
2017-11-03 10:00:00+00:00,120.5,22.75
2017-11-03 11:00:00+00:00,176.25,34.25
2017-11-03 12:00:00+00:00,256.25,57.5
2017-11-03 13:00:00+00:00,271.0,93.5
2017-11-03 14:00:00+00:00,266.25,56.25
2017-11-03 15:00:00+00:00,355.25,54.0
2017-11-03 16:00:00+00:00,400.75,87.5
2017-11-03 17:00:00+00:00,355.75,137.75
2017-11-03 18:00:00+00:00,256.5,154.5
2017-11-03 19:00:00+00:00,187.75,148.5
2017-11-03 20:00:00+00:00,307.5,177.5
2017-11-03 21:00:00+00:00,518.5,184.75
2017-11-03 22:00:00+00:00,564.75,189.5
2017-11-03 23:00:00+00:00,600.0,182.0
2017-11-04 00:00:00+00:00,495.75,183.5
2017-11-04 01:00:00+00:00,539.25,157.75
2017-11-04 02:00:00+00:00,477.0,115.25
2017-11-04 03:00:00+00:00,415.75,117.5
2017-11-04 04:00:00+00:00,430.0,160.5
2017-11-04 05:00:00+00:00,479.75,195.25
2017-11-04 06:00:00+00:00,482.75,138.75
2017-11-04 07:00:00+00:00,416.5,123.25
2017-11-04 08:00:00+00:00,396.0,107.0
2017-11-04 09:00:00+00:00,406.75,96.5
2017-11-04 10:00:00+00:00,488.25,98.0
2017-11-04 11:00:00+00:00,570.0,115.25
2017-11-04 12:00:00+00:00,574.75,158.5
2017-11-04 13:00:00+00:00,539.5,204.5
2017-11-04 14:00:00+00:00,567.5,221.75
2017-11-04 15:00:00+00:00,713.0,262.0
2017-11-04 16:00:00+00:00,731.25,293.75
2017-11-04 17:00:00+00:00,692.5,368.75
2017-11-04 18:00:00+00:00,742.5,391.0
2017-11-04 19:00:00+00:00,675.5,403.5
2017-11-04 20:00:00+00:00,660.25,256.25
2017-11-04 21:00:00+00:00,572.25,172.75
2017-11-04 22:00:00+00:00,505.75,171.75
2017-11-04 23:00:00+00:00,484.25,116.75
2017-11-05 00:00:00+00:00,391.75,144.75
2017-11-05 01:00:00+00:00,408.0,73.5
2017-11-05 02:00:00+00:00,390.5,141.0
2017-11-05 03:00:00+00:00,546.5,117.25
2017-11-05 04:00:00+00:00,355.5,92.5
2017-11-05 05:00:00+00:00,275.0,96.5
2017-11-05 06:00:00+00:00,313.25,212.5
2017-11-05 07:00:00+00:00,476.75,180.0
2017-11-05 08:00:00+00:00,403.75,182.25
2017-11-05 09:00:00+00:00,162.0,198.75
2017-11-05 10:00:00+00:00,384.75,277.25
2017-11-05 11:00:00+00:00,305.75,306.0
2017-11-05 12:00:00+00:00,344.5,123.75
2017-11-05 13:00:00+00:00,396.75,263.75
2017-11-05 14:00:00+00:00,378.0,129.5
2017-11-05 15:00:00+00:00,369.5,184.25
2017-11-05 16:00:00+00:00,435.75,154.75
2017-11-05 17:00:00+00:00,285.75,162.5
2017-11-05 18:00:00+00:00,236.5,211.0
2017-11-05 19:00:00+00:00,425.5,121.5
2017-11-05 20:00:00+00:00,302.25,57.75
2017-11-05 21:00:00+00:00,448.25,59.0
2017-11-05 22:00:00+00:00,518.0,108.0
2017-11-05 23:00:00+00:00,628.75,155.25
2017-11-06 00:00:00+00:00,623.0,179.25
2017-11-06 01:00:00+00:00,605.0,142.0
2017-11-06 02:00:00+00:00,509.25,175.5
2017-11-06 03:00:00+00:00,391.25,128.0
2017-11-06 04:00:00+00:00,240.0,73.25
2017-11-06 05:00:00+00:00,285.5,86.25
2017-11-06 06:00:00+00:00,358.5,78.5
2017-11-06 07:00:00+00:00,256.0,81.5
2017-11-06 08:00:00+00:00,184.25,44.0
2017-11-06 09:00:00+00:00,102.0,38.0
2017-11-06 10:00:00+00:00,113.75,18.5
2017-11-06 11:00:00+00:00,66.0,11.0
2017-11-06 12:00:00+00:00,36.5,9.25
2017-11-06 13:00:00+00:00,17.75,3.5
2017-11-06 14:00:00+00:00,36.5,9.5
2017-11-06 15:00:00+00:00,29.0,2.25
2017-11-06 16:00:00+00:00,10.75,1.25
2017-11-06 17:00:00+00:00,0.0,0.0
2017-11-06 18:00:00+00:00,0.0,0.5
2017-11-06 19:00:00+00:00,5.75,2.0
2017-11-06 20:00:00+00:00,70.0,1.0
2017-11-06 21:00:00+00:00,147.75,2.0
2017-11-06 22:00:00+00:00,258.75,11.0
2017-11-06 23:00:00+00:00,242.25,17.75
2017-11-07 00:00:00+00:00,278.5,37.75
2017-11-07 01:00:00+00:00,320.25,41.75
2017-11-07 02:00:00+00:00,342.0,47.0
2017-11-07 03:00:00+00:00,381.75,38.5
2017-11-07 04:00:00+00:00,419.5,32.25
2017-11-07 05:00:00+00:00,433.5,32.75
2017-11-07 06:00:00+00:00,448.0,40.0
2017-11-07 07:00:00+00:00,410.25,48.25
2017-11-07 08:00:00+00:00,424.5,58.75
2017-11-07 09:00:00+00:00,427.5,46.5
2017-11-07 10:00:00+00:00,367.0,23.75
2017-11-07 11:00:00+00:00,343.0,14.5
2017-11-07 12:00:00+00:00,244.5,10.75
2017-11-07 13:00:00+00:00,171.0,18.0
2017-11-07 14:00:00+00:00,169.75,31.5
2017-11-07 15:00:00+00:00,156.75,76.5
2017-11-07 16:00:00+00:00,174.5,91.0
2017-11-07 17:00:00+00:00,171.75,81.25
2017-11-07 18:00:00+00:00,166.5,81.5
2017-11-07 19:00:00+00:00,162.75,76.75
2017-11-07 20:00:00+00:00,132.75,49.75
2017-11-07 21:00:00+00:00,106.0,38.0
2017-11-07 22:00:00+00:00,47.5,16.0
2017-11-07 23:00:00+00:00,8.25,2.75
2017-11-08 00:00:00+00:00,5.5,10.5
2017-11-08 01:00:00+00:00,11.5,7.25
2017-11-08 02:00:00+00:00,14.25,13.75
2017-11-08 03:00:00+00:00,3.5,22.0
2017-11-08 04:00:00+00:00,15.75,18.25
2017-11-08 05:00:00+00:00,14.25,2.5
2017-11-08 06:00:00+00:00,0.75,8.75
2017-11-08 07:00:00+00:00,14.5,12.25
2017-11-08 08:00:00+00:00,13.25,9.5
2017-11-08 09:00:00+00:00,22.25,6.5
2017-11-08 10:00:00+00:00,22.75,16.75
2017-11-08 11:00:00+00:00,15.75,14.0
2017-11-08 12:00:00+00:00,5.75,11.0
2017-11-08 13:00:00+00:00,12.0,9.0
2017-11-08 14:00:00+00:00,26.25,14.5
2017-11-08 15:00:00+00:00,40.75,12.0
2017-11-08 16:00:00+00:00,22.75,13.5
2017-11-08 17:00:00+00:00,4.5,14.5
2017-11-08 18:00:00+00:00,7.0,19.5
2017-11-08 19:00:00+00:00,8.25,18.5
2017-11-08 20:00:00+00:00,6.5,6.5
2017-11-08 21:00:00+00:00,6.25,0.75
2017-11-08 22:00:00+00:00,3.25,0.0
2017-11-08 23:00:00+00:00,23.75,0.0
2017-11-09 00:00:00+00:00,46.75,0.5
2017-11-09 01:00:00+00:00,113.75,0.5
2017-11-09 02:00:00+00:00,163.75,4.0
2017-11-09 03:00:00+00:00,201.5,14.0
2017-11-09 04:00:00+00:00,281.0,38.25
2017-11-09 05:00:00+00:00,330.75,66.5
2017-11-09 06:00:00+00:00,400.5,84.75
2017-11-09 07:00:00+00:00,512.5,93.25
2017-11-09 08:00:00+00:00,600.0,126.5
2017-11-09 09:00:00+00:00,648.5,150.0
2017-11-09 10:00:00+00:00,685.25,184.5
2017-11-09 11:00:00+00:00,692.5,200.25
2017-11-09 12:00:00+00:00,714.25,252.75
2017-11-09 13:00:00+00:00,657.0,286.0
2017-11-09 14:00:00+00:00,571.0,354.25
2017-11-09 15:00:00+00:00,458.0,437.0
2017-11-09 16:00:00+00:00,404.75,472.5
2017-11-09 17:00:00+00:00,172.5,449.0
2017-11-09 18:00:00+00:00,168.0,318.5
2017-11-09 19:00:00+00:00,149.75,161.5
2017-11-09 20:00:00+00:00,129.25,142.0
2017-11-09 21:00:00+00:00,217.5,116.25
2017-11-09 22:00:00+00:00,201.0,79.25
2017-11-09 23:00:00+00:00,374.5,83.0
2017-11-10 00:00:00+00:00,450.5,150.75
2017-11-10 01:00:00+00:00,570.5,259.75
2017-11-10 02:00:00+00:00,678.75,275.5
2017-11-10 03:00:00+00:00,692.75,324.25
2017-11-10 04:00:00+00:00,765.0,374.25
2017-11-10 05:00:00+00:00,773.75,322.75
2017-11-10 06:00:00+00:00,780.25,452.5
2017-11-10 07:00:00+00:00,778.5,472.75
2017-11-10 08:00:00+00:00,763.5,473.75
2017-11-10 09:00:00+00:00,768.5,491.0
2017-11-10 10:00:00+00:00,772.25,487.0
2017-11-10 11:00:00+00:00,777.75,502.5
2017-11-10 12:00:00+00:00,783.25,576.25
2017-11-10 13:00:00+00:00,778.5,591.75
2017-11-10 14:00:00+00:00,780.5,576.25
2017-11-10 15:00:00+00:00,778.0,607.25
2017-11-10 16:00:00+00:00,778.75,588.5
2017-11-10 17:00:00+00:00,772.0,580.5
2017-11-10 18:00:00+00:00,771.0,591.75
2017-11-10 19:00:00+00:00,767.75,585.0
2017-11-10 20:00:00+00:00,767.25,534.0
2017-11-10 21:00:00+00:00,760.5,572.25
2017-11-10 22:00:00+00:00,775.0,502.25
2017-11-10 23:00:00+00:00,778.25,429.5
2017-11-11 00:00:00+00:00,769.25,459.25
2017-11-11 01:00:00+00:00,741.25,463.0
2017-11-11 02:00:00+00:00,629.0,479.0
2017-11-11 03:00:00+00:00,696.25,498.5
2017-11-11 04:00:00+00:00,696.5,385.5
2017-11-11 05:00:00+00:00,730.0,338.75
2017-11-11 06:00:00+00:00,685.5,395.5
2017-11-11 07:00:00+00:00,608.75,380.75
2017-11-11 08:00:00+00:00,665.5,413.25
2017-11-11 09:00:00+00:00,706.25,333.75
2017-11-11 10:00:00+00:00,647.75,311.25
2017-11-11 11:00:00+00:00,657.0,227.5
2017-11-11 12:00:00+00:00,646.25,239.25
2017-11-11 13:00:00+00:00,677.5,240.0
2017-11-11 14:00:00+00:00,679.75,231.75
2017-11-11 15:00:00+00:00,660.0,293.75
2017-11-11 16:00:00+00:00,649.25,273.0
2017-11-11 17:00:00+00:00,649.5,237.0
2017-11-11 18:00:00+00:00,574.5,138.75
2017-11-11 19:00:00+00:00,544.25,187.75
2017-11-11 20:00:00+00:00,599.25,146.25
2017-11-11 21:00:00+00:00,581.0,170.75
2017-11-11 22:00:00+00:00,597.25,128.75
2017-11-11 23:00:00+00:00,567.75,116.25
2017-11-12 00:00:00+00:00,568.5,115.25
2017-11-12 01:00:00+00:00,551.25,81.0
2017-11-12 02:00:00+00:00,484.5,114.5
2017-11-12 03:00:00+00:00,443.5,95.0
2017-11-12 04:00:00+00:00,437.25,144.5
2017-11-12 05:00:00+00:00,438.25,213.75
2017-11-12 06:00:00+00:00,428.25,92.75
2017-11-12 07:00:00+00:00,479.25,106.5
2017-11-12 08:00:00+00:00,371.25,182.5
2017-11-12 09:00:00+00:00,380.25,144.5
2017-11-12 10:00:00+00:00,286.0,43.75
2017-11-12 11:00:00+00:00,439.75,44.25
2017-11-12 12:00:00+00:00,357.75,51.75
2017-11-12 13:00:00+00:00,516.0,69.25
2017-11-12 14:00:00+00:00,726.75,98.75
2017-11-12 15:00:00+00:00,689.5,96.0
2017-11-12 16:00:00+00:00,714.25,176.25
2017-11-12 17:00:00+00:00,709.75,183.0
2017-11-12 18:00:00+00:00,747.0,170.5
2017-11-12 19:00:00+00:00,736.75,244.75
2017-11-12 20:00:00+00:00,750.75,194.25
2017-11-12 21:00:00+00:00,759.5,242.5
2017-11-12 22:00:00+00:00,758.0,188.5
2017-11-12 23:00:00+00:00,752.25,372.75
2017-11-13 00:00:00+00:00,755.0,281.75
2017-11-13 01:00:00+00:00,751.5,561.5
2017-11-13 02:00:00+00:00,760.0,518.0
2017-11-13 03:00:00+00:00,759.0,459.75
2017-11-13 04:00:00+00:00,738.5,431.25
2017-11-13 05:00:00+00:00,667.25,451.0
2017-11-13 06:00:00+00:00,690.0,419.75
2017-11-13 07:00:00+00:00,751.25,321.5
2017-11-13 08:00:00+00:00,699.25,329.25
2017-11-13 09:00:00+00:00,739.0,313.0
2017-11-13 10:00:00+00:00,727.75,260.5
2017-11-13 11:00:00+00:00,706.5,230.25
2017-11-13 12:00:00+00:00,676.0,201.25
2017-11-13 13:00:00+00:00,618.75,176.0
2017-11-13 14:00:00+00:00,649.0,259.0
2017-11-13 15:00:00+00:00,644.0,291.75
2017-11-13 16:00:00+00:00,613.5,228.5
2017-11-13 17:00:00+00:00,450.5,161.75
2017-11-13 18:00:00+00:00,382.5,147.0
2017-11-13 19:00:00+00:00,276.0,114.5
2017-11-13 20:00:00+00:00,224.25,71.5
2017-11-13 21:00:00+00:00,154.5,28.75
2017-11-13 22:00:00+00:00,140.0,29.0
2017-11-13 23:00:00+00:00,151.25,81.0
2017-11-14 00:00:00+00:00,297.25,83.0
2017-11-14 01:00:00+00:00,466.5,141.75
2017-11-14 02:00:00+00:00,633.75,172.25
2017-11-14 03:00:00+00:00,719.0,255.25
2017-11-14 04:00:00+00:00,736.75,306.5
2017-11-14 05:00:00+00:00,741.0,357.75
2017-11-14 06:00:00+00:00,750.75,416.25
2017-11-14 07:00:00+00:00,750.25,454.0
2017-11-14 08:00:00+00:00,750.5,439.75
2017-11-14 09:00:00+00:00,740.5,470.75
2017-11-14 10:00:00+00:00,719.25,517.75
2017-11-14 11:00:00+00:00,626.0,523.0
2017-11-14 12:00:00+00:00,441.75,466.0
2017-11-14 13:00:00+00:00,236.75,423.0
2017-11-14 14:00:00+00:00,139.75,269.0
2017-11-14 15:00:00+00:00,96.5,181.25
2017-11-14 16:00:00+00:00,85.5,144.25
2017-11-14 17:00:00+00:00,57.0,102.0
2017-11-14 18:00:00+00:00,46.5,96.5
2017-11-14 19:00:00+00:00,44.75,119.75
2017-11-14 20:00:00+00:00,56.0,185.75
2017-11-14 21:00:00+00:00,88.75,208.75
2017-11-14 22:00:00+00:00,311.5,266.5
2017-11-14 23:00:00+00:00,473.5,309.0
2017-11-15 00:00:00+00:00,338.5,284.25
2017-11-15 01:00:00+00:00,355.5,328.0
2017-11-15 02:00:00+00:00,406.75,359.75
2017-11-15 03:00:00+00:00,332.75,372.5
2017-11-15 04:00:00+00:00,181.5,308.75
2017-11-15 05:00:00+00:00,147.5,243.25
2017-11-15 06:00:00+00:00,35.0,201.5
2017-11-15 07:00:00+00:00,35.5,149.75
2017-11-15 08:00:00+00:00,13.25,120.5
2017-11-15 09:00:00+00:00,20.5,96.25
2017-11-15 10:00:00+00:00,29.75,83.75
2017-11-15 11:00:00+00:00,29.75,68.0
2017-11-15 12:00:00+00:00,18.25,40.25
2017-11-15 13:00:00+00:00,9.0,33.0
2017-11-15 14:00:00+00:00,5.75,23.75
2017-11-15 15:00:00+00:00,7.0,25.5
2017-11-15 16:00:00+00:00,3.5,23.25
2017-11-15 17:00:00+00:00,6.5,32.25
2017-11-15 18:00:00+00:00,56.0,40.5
2017-11-15 19:00:00+00:00,103.5,60.0
2017-11-15 20:00:00+00:00,147.25,79.0
2017-11-15 21:00:00+00:00,200.5,82.25
2017-11-15 22:00:00+00:00,201.75,79.0
2017-11-15 23:00:00+00:00,229.25,69.25
2017-11-16 00:00:00+00:00,275.5,82.5
2017-11-16 01:00:00+00:00,296.75,82.0
2017-11-16 02:00:00+00:00,315.75,80.25
2017-11-16 03:00:00+00:00,262.75,82.25
2017-11-16 04:00:00+00:00,420.25,107.0
2017-11-16 05:00:00+00:00,386.75,91.5
2017-11-16 06:00:00+00:00,250.5,105.0
2017-11-16 07:00:00+00:00,319.75,115.75
2017-11-16 08:00:00+00:00,377.5,114.75
2017-11-16 09:00:00+00:00,487.5,136.0
2017-11-16 10:00:00+00:00,576.5,141.0
2017-11-16 11:00:00+00:00,617.75,146.5
2017-11-16 12:00:00+00:00,670.0,152.25
2017-11-16 13:00:00+00:00,644.5,170.75
2017-11-16 14:00:00+00:00,624.5,192.75
2017-11-16 15:00:00+00:00,632.75,273.0
2017-11-16 16:00:00+00:00,665.25,310.75
2017-11-16 17:00:00+00:00,675.0,287.0
2017-11-16 18:00:00+00:00,617.0,237.0
2017-11-16 19:00:00+00:00,649.75,160.25
2017-11-16 20:00:00+00:00,698.25,78.5
2017-11-16 21:00:00+00:00,656.0,120.5
2017-11-16 22:00:00+00:00,514.75,193.25
2017-11-16 23:00:00+00:00,391.5,152.0
2017-11-17 00:00:00+00:00,291.25,117.75
2017-11-17 01:00:00+00:00,263.5,92.25
2017-11-17 02:00:00+00:00,219.75,58.75
2017-11-17 03:00:00+00:00,211.75,41.75
2017-11-17 04:00:00+00:00,219.75,34.0
2017-11-17 05:00:00+00:00,205.0,40.75
2017-11-17 06:00:00+00:00,186.5,22.0
2017-11-17 07:00:00+00:00,279.25,21.75
2017-11-17 08:00:00+00:00,223.75,47.0
2017-11-17 09:00:00+00:00,208.5,37.75
2017-11-17 10:00:00+00:00,213.75,27.25
2017-11-17 11:00:00+00:00,315.25,33.0
2017-11-17 12:00:00+00:00,462.0,64.5
2017-11-17 13:00:00+00:00,359.75,112.0
2017-11-17 14:00:00+00:00,476.5,88.75
2017-11-17 15:00:00+00:00,550.25,124.75
2017-11-17 16:00:00+00:00,460.25,143.75
2017-11-17 17:00:00+00:00,485.25,177.25
2017-11-17 18:00:00+00:00,498.0,221.5
2017-11-17 19:00:00+00:00,627.5,239.25
2017-11-17 20:00:00+00:00,676.25,264.75
2017-11-17 21:00:00+00:00,667.75,267.75
2017-11-17 22:00:00+00:00,692.25,344.0
2017-11-17 23:00:00+00:00,722.5,393.75
2017-11-18 00:00:00+00:00,743.5,417.25
2017-11-18 01:00:00+00:00,754.75,431.25
2017-11-18 02:00:00+00:00,763.25,386.5
2017-11-18 03:00:00+00:00,767.5,443.0
2017-11-18 04:00:00+00:00,767.75,481.25
2017-11-18 05:00:00+00:00,769.75,529.5
2017-11-18 06:00:00+00:00,773.0,549.25
2017-11-18 07:00:00+00:00,771.75,571.5
2017-11-18 08:00:00+00:00,768.75,594.25
2017-11-18 09:00:00+00:00,766.75,600.0
2017-11-18 10:00:00+00:00,762.25,609.75
2017-11-18 11:00:00+00:00,767.0,618.0
2017-11-18 12:00:00+00:00,764.0,521.25
2017-11-18 13:00:00+00:00,760.25,405.25
2017-11-18 14:00:00+00:00,757.25,347.75
2017-11-18 15:00:00+00:00,729.0,246.75
2017-11-18 16:00:00+00:00,743.75,349.5
2017-11-18 17:00:00+00:00,723.25,297.0
2017-11-18 18:00:00+00:00,741.0,241.75
2017-11-18 19:00:00+00:00,740.5,334.25
2017-11-18 20:00:00+00:00,728.0,337.75
2017-11-18 21:00:00+00:00,732.5,367.25
2017-11-18 22:00:00+00:00,739.5,443.0
2017-11-18 23:00:00+00:00,759.5,386.0
2017-11-19 00:00:00+00:00,751.75,485.75
2017-11-19 01:00:00+00:00,764.25,496.75
2017-11-19 02:00:00+00:00,773.25,479.75
2017-11-19 03:00:00+00:00,770.0,505.5
2017-11-19 04:00:00+00:00,772.25,522.5
2017-11-19 05:00:00+00:00,766.5,527.0
2017-11-19 06:00:00+00:00,768.25,545.75
2017-11-19 07:00:00+00:00,768.75,575.75
2017-11-19 08:00:00+00:00,769.5,574.0
2017-11-19 09:00:00+00:00,761.75,578.5
2017-11-19 10:00:00+00:00,759.0,558.5
2017-11-19 11:00:00+00:00,740.25,566.0
2017-11-19 12:00:00+00:00,740.25,562.0
2017-11-19 13:00:00+00:00,757.0,530.25
2017-11-19 14:00:00+00:00,748.75,479.0
2017-11-19 15:00:00+00:00,737.25,523.0
2017-11-19 16:00:00+00:00,746.25,530.0
2017-11-19 17:00:00+00:00,753.0,492.75
2017-11-19 18:00:00+00:00,744.75,398.25
2017-11-19 19:00:00+00:00,745.5,413.0
2017-11-19 20:00:00+00:00,696.0,438.25
2017-11-19 21:00:00+00:00,655.5,302.25
2017-11-19 22:00:00+00:00,588.0,357.0
2017-11-19 23:00:00+00:00,486.0,268.0
2017-11-20 00:00:00+00:00,527.75,230.75
2017-11-20 01:00:00+00:00,485.0,214.75
2017-11-20 02:00:00+00:00,469.25,253.25
2017-11-20 03:00:00+00:00,607.5,193.25
2017-11-20 04:00:00+00:00,531.25,280.75
2017-11-20 05:00:00+00:00,545.5,312.25
2017-11-20 06:00:00+00:00,494.0,239.0
2017-11-20 07:00:00+00:00,349.25,174.25
2017-11-20 08:00:00+00:00,410.75,124.75
2017-11-20 09:00:00+00:00,400.5,229.75
2017-11-20 10:00:00+00:00,450.5,252.5
2017-11-20 11:00:00+00:00,380.5,249.25
2017-11-20 12:00:00+00:00,459.5,322.5
2017-11-20 13:00:00+00:00,538.25,336.75
2017-11-20 14:00:00+00:00,565.75,378.25
2017-11-20 15:00:00+00:00,516.75,420.25
2017-11-20 16:00:00+00:00,450.5,408.25
2017-11-20 17:00:00+00:00,335.5,386.0
2017-11-20 18:00:00+00:00,324.75,494.0
2017-11-20 19:00:00+00:00,283.0,481.5
2017-11-20 20:00:00+00:00,233.5,434.0
2017-11-20 21:00:00+00:00,200.5,432.75
2017-11-20 22:00:00+00:00,200.25,364.25
2017-11-20 23:00:00+00:00,195.75,318.75
2017-11-21 00:00:00+00:00,151.25,287.75
2017-11-21 01:00:00+00:00,121.75,244.5
2017-11-21 02:00:00+00:00,124.25,216.75
2017-11-21 03:00:00+00:00,108.5,199.5
2017-11-21 04:00:00+00:00,96.25,189.75
2017-11-21 05:00:00+00:00,107.25,156.0
2017-11-21 06:00:00+00:00,112.5,173.5
2017-11-21 07:00:00+00:00,78.5,193.75
2017-11-21 08:00:00+00:00,153.25,153.25
2017-11-21 09:00:00+00:00,190.5,182.75
2017-11-21 10:00:00+00:00,188.75,126.0
2017-11-21 11:00:00+00:00,207.25,251.5
2017-11-21 12:00:00+00:00,213.25,421.5
2017-11-21 13:00:00+00:00,216.25,485.75
2017-11-21 14:00:00+00:00,215.0,500.0
2017-11-21 15:00:00+00:00,214.0,528.5
2017-11-21 16:00:00+00:00,243.0,556.0
2017-11-21 17:00:00+00:00,317.5,547.0
2017-11-21 18:00:00+00:00,595.0,561.25
2017-11-21 19:00:00+00:00,735.25,551.5
2017-11-21 20:00:00+00:00,758.75,552.25
2017-11-21 21:00:00+00:00,756.75,551.25
2017-11-21 22:00:00+00:00,765.0,588.0
2017-11-21 23:00:00+00:00,757.0,595.25
2017-11-22 00:00:00+00:00,766.75,618.0
2017-11-22 01:00:00+00:00,764.5,620.0
2017-11-22 02:00:00+00:00,763.0,629.5
2017-11-22 03:00:00+00:00,763.5,625.75
2017-11-22 04:00:00+00:00,765.75,627.25
2017-11-22 05:00:00+00:00,764.0,609.0
2017-11-22 06:00:00+00:00,773.5,629.5
2017-11-22 07:00:00+00:00,767.75,624.75
2017-11-22 08:00:00+00:00,770.25,612.75
2017-11-22 09:00:00+00:00,769.75,615.5
2017-11-22 10:00:00+00:00,771.75,608.25
2017-11-22 11:00:00+00:00,753.5,578.25
2017-11-22 12:00:00+00:00,768.25,562.75
2017-11-22 13:00:00+00:00,771.75,499.75
2017-11-22 14:00:00+00:00,771.5,484.25
2017-11-22 15:00:00+00:00,771.0,509.5
2017-11-22 16:00:00+00:00,772.25,572.5
2017-11-22 17:00:00+00:00,775.5,646.25
2017-11-22 18:00:00+00:00,763.75,641.75
2017-11-22 19:00:00+00:00,762.0,636.5
2017-11-22 20:00:00+00:00,768.5,636.25
2017-11-22 21:00:00+00:00,762.5,632.25
2017-11-22 22:00:00+00:00,775.25,641.25
2017-11-22 23:00:00+00:00,778.0,651.25
2017-11-23 00:00:00+00:00,777.0,655.5
2017-11-23 01:00:00+00:00,773.0,641.25
2017-11-23 02:00:00+00:00,768.25,624.5
2017-11-23 03:00:00+00:00,764.5,643.5
2017-11-23 04:00:00+00:00,763.25,640.0
2017-11-23 05:00:00+00:00,776.25,651.0
2017-11-23 06:00:00+00:00,771.0,637.5
2017-11-23 07:00:00+00:00,767.25,648.5
2017-11-23 08:00:00+00:00,762.0,662.5
2017-11-23 09:00:00+00:00,767.5,658.0
2017-11-23 10:00:00+00:00,773.25,656.5
2017-11-23 11:00:00+00:00,745.5,642.5
2017-11-23 12:00:00+00:00,751.25,618.0
2017-11-23 13:00:00+00:00,771.25,446.5
2017-11-23 14:00:00+00:00,773.0,494.75
2017-11-23 15:00:00+00:00,766.75,487.75
2017-11-23 16:00:00+00:00,772.0,493.75
2017-11-23 17:00:00+00:00,773.0,537.25
2017-11-23 18:00:00+00:00,773.25,568.0
2017-11-23 19:00:00+00:00,772.0,535.75
2017-11-23 20:00:00+00:00,759.5,486.25
2017-11-23 21:00:00+00:00,763.5,474.75
2017-11-23 22:00:00+00:00,733.5,438.0
2017-11-23 23:00:00+00:00,715.75,354.5
2017-11-24 00:00:00+00:00,609.25,271.5
2017-11-24 01:00:00+00:00,558.25,232.5
2017-11-24 02:00:00+00:00,458.75,244.0
2017-11-24 03:00:00+00:00,405.75,148.25
2017-11-24 04:00:00+00:00,287.75,126.25
2017-11-24 05:00:00+00:00,241.25,61.75
2017-11-24 06:00:00+00:00,215.5,28.0
2017-11-24 07:00:00+00:00,246.75,47.75
2017-11-24 08:00:00+00:00,239.5,79.25
2017-11-24 09:00:00+00:00,276.5,26.25
2017-11-24 10:00:00+00:00,289.75,94.75
2017-11-24 11:00:00+00:00,356.75,110.0
2017-11-24 12:00:00+00:00,414.0,115.5
2017-11-24 13:00:00+00:00,331.5,132.25
2017-11-24 14:00:00+00:00,278.75,157.0
2017-11-24 15:00:00+00:00,315.75,122.0
2017-11-24 16:00:00+00:00,384.5,87.5
2017-11-24 17:00:00+00:00,374.5,85.0
2017-11-24 18:00:00+00:00,458.5,80.0
2017-11-24 19:00:00+00:00,290.5,59.5
2017-11-24 20:00:00+00:00,246.0,37.75
2017-11-24 21:00:00+00:00,151.75,24.75
2017-11-24 22:00:00+00:00,94.0,26.25
2017-11-24 23:00:00+00:00,104.0,29.75
2017-11-25 00:00:00+00:00,136.25,22.5
2017-11-25 01:00:00+00:00,131.5,19.5
2017-11-25 02:00:00+00:00,236.25,14.75
2017-11-25 03:00:00+00:00,321.25,17.25
2017-11-25 04:00:00+00:00,320.25,26.5
2017-11-25 05:00:00+00:00,486.5,41.75
2017-11-25 06:00:00+00:00,482.0,74.25
2017-11-25 07:00:00+00:00,264.25,86.25
2017-11-25 08:00:00+00:00,291.25,85.5
2017-11-25 09:00:00+00:00,275.0,108.5
2017-11-25 10:00:00+00:00,378.75,105.0
2017-11-25 11:00:00+00:00,406.0,120.5
2017-11-25 12:00:00+00:00,434.0,88.0
2017-11-25 13:00:00+00:00,516.5,81.75
2017-11-25 14:00:00+00:00,550.25,127.75
2017-11-25 15:00:00+00:00,594.25,164.25
2017-11-25 16:00:00+00:00,702.25,207.25
2017-11-25 17:00:00+00:00,686.25,277.25
2017-11-25 18:00:00+00:00,470.5,240.75
2017-11-25 19:00:00+00:00,638.75,274.75
2017-11-25 20:00:00+00:00,615.5,251.25
2017-11-25 21:00:00+00:00,714.0,251.25
2017-11-25 22:00:00+00:00,699.25,405.75
2017-11-25 23:00:00+00:00,755.5,328.25
2017-11-26 00:00:00+00:00,695.25,426.5
2017-11-26 01:00:00+00:00,704.5,370.25
2017-11-26 02:00:00+00:00,735.75,517.5
2017-11-26 03:00:00+00:00,752.0,479.25
2017-11-26 04:00:00+00:00,768.5,384.25
2017-11-26 05:00:00+00:00,764.25,386.0
2017-11-26 06:00:00+00:00,773.0,259.75
2017-11-26 07:00:00+00:00,769.75,270.25
2017-11-26 08:00:00+00:00,700.25,439.25
2017-11-26 09:00:00+00:00,671.75,339.25
2017-11-26 10:00:00+00:00,768.75,364.5
2017-11-26 11:00:00+00:00,767.0,297.5
2017-11-26 12:00:00+00:00,769.5,297.25
2017-11-26 13:00:00+00:00,774.75,365.0
2017-11-26 14:00:00+00:00,762.0,463.75
2017-11-26 15:00:00+00:00,768.5,363.0
2017-11-26 16:00:00+00:00,763.5,350.0
2017-11-26 17:00:00+00:00,765.75,276.75
2017-11-26 18:00:00+00:00,747.5,392.75
2017-11-26 19:00:00+00:00,742.25,449.0
2017-11-26 20:00:00+00:00,727.0,383.25
2017-11-26 21:00:00+00:00,691.5,356.5
2017-11-26 22:00:00+00:00,697.0,405.0
2017-11-26 23:00:00+00:00,691.5,446.0
2017-11-27 00:00:00+00:00,693.75,400.25
2017-11-27 01:00:00+00:00,642.75,304.25
2017-11-27 02:00:00+00:00,689.75,362.0
2017-11-27 03:00:00+00:00,713.5,457.75
2017-11-27 04:00:00+00:00,773.5,533.75
2017-11-27 05:00:00+00:00,768.5,596.0
2017-11-27 06:00:00+00:00,770.75,621.25
2017-11-27 07:00:00+00:00,769.75,622.0
2017-11-27 08:00:00+00:00,771.75,638.25
2017-11-27 09:00:00+00:00,765.25,628.25
2017-11-27 10:00:00+00:00,767.5,577.5
2017-11-27 11:00:00+00:00,770.0,563.75
2017-11-27 12:00:00+00:00,768.5,505.0
2017-11-27 13:00:00+00:00,764.75,492.75
2017-11-27 14:00:00+00:00,765.25,502.75
2017-11-27 15:00:00+00:00,761.5,454.5
2017-11-27 16:00:00+00:00,735.75,438.25
2017-11-27 17:00:00+00:00,720.25,463.5
2017-11-27 18:00:00+00:00,751.25,468.75
2017-11-27 19:00:00+00:00,765.0,532.5
2017-11-27 20:00:00+00:00,771.25,472.0
2017-11-27 21:00:00+00:00,777.75,555.5
2017-11-27 22:00:00+00:00,769.75,570.5
2017-11-27 23:00:00+00:00,779.25,571.75
2017-11-28 00:00:00+00:00,779.25,556.5
2017-11-28 01:00:00+00:00,779.0,566.5
2017-11-28 02:00:00+00:00,779.0,580.5
2017-11-28 03:00:00+00:00,777.25,575.25
2017-11-28 04:00:00+00:00,772.75,533.5
2017-11-28 05:00:00+00:00,771.25,548.25
2017-11-28 06:00:00+00:00,731.75,516.75
2017-11-28 07:00:00+00:00,742.5,546.0
2017-11-28 08:00:00+00:00,645.75,440.75
2017-11-28 09:00:00+00:00,710.75,383.75
2017-11-28 10:00:00+00:00,736.0,376.0
2017-11-28 11:00:00+00:00,745.0,366.25
2017-11-28 12:00:00+00:00,721.5,394.25
2017-11-28 13:00:00+00:00,663.25,365.25
2017-11-28 14:00:00+00:00,679.25,340.75
2017-11-28 15:00:00+00:00,567.75,261.25
2017-11-28 16:00:00+00:00,474.5,298.25
2017-11-28 17:00:00+00:00,360.75,245.0
2017-11-28 18:00:00+00:00,336.5,301.5
2017-11-28 19:00:00+00:00,296.25,288.75
2017-11-28 20:00:00+00:00,243.0,241.25
2017-11-28 21:00:00+00:00,290.75,145.5
2017-11-28 22:00:00+00:00,231.25,147.25
2017-11-28 23:00:00+00:00,174.75,173.75
2017-11-29 00:00:00+00:00,149.5,109.75
2017-11-29 01:00:00+00:00,114.25,104.75
2017-11-29 02:00:00+00:00,125.0,94.0
2017-11-29 03:00:00+00:00,77.75,56.75
2017-11-29 04:00:00+00:00,102.5,46.5
2017-11-29 05:00:00+00:00,95.25,43.25
2017-11-29 06:00:00+00:00,154.75,32.0
2017-11-29 07:00:00+00:00,129.5,24.75
2017-11-29 08:00:00+00:00,176.75,13.25
2017-11-29 09:00:00+00:00,103.5,7.75
2017-11-29 10:00:00+00:00,87.0,4.0
2017-11-29 11:00:00+00:00,95.75,3.75
2017-11-29 12:00:00+00:00,136.5,4.5
2017-11-29 13:00:00+00:00,125.0,2.75
2017-11-29 14:00:00+00:00,125.75,4.5
2017-11-29 15:00:00+00:00,150.75,6.5
2017-11-29 16:00:00+00:00,144.5,7.75
2017-11-29 17:00:00+00:00,208.5,12.5
2017-11-29 18:00:00+00:00,82.25,11.5
2017-11-29 19:00:00+00:00,89.75,15.5
2017-11-29 20:00:00+00:00,67.75,10.0
2017-11-29 21:00:00+00:00,49.75,10.0
2017-11-29 22:00:00+00:00,40.25,15.25
2017-11-29 23:00:00+00:00,135.0,11.25
2017-11-30 00:00:00+00:00,196.75,13.25
2017-11-30 01:00:00+00:00,110.25,45.75
2017-11-30 02:00:00+00:00,148.75,77.5
2017-11-30 03:00:00+00:00,203.0,122.0
2017-11-30 04:00:00+00:00,188.5,75.5
2017-11-30 05:00:00+00:00,265.75,62.5
2017-11-30 06:00:00+00:00,204.5,77.5
2017-11-30 07:00:00+00:00,211.5,71.5
2017-11-30 08:00:00+00:00,132.0,78.5
2017-11-30 09:00:00+00:00,136.25,68.5
2017-11-30 10:00:00+00:00,126.25,41.0
2017-11-30 11:00:00+00:00,107.0,49.5
2017-11-30 12:00:00+00:00,69.0,91.75
2017-11-30 13:00:00+00:00,128.25,73.0
2017-11-30 14:00:00+00:00,59.25,50.0
2017-11-30 15:00:00+00:00,93.5,41.75
2017-11-30 16:00:00+00:00,70.25,28.0
2017-11-30 17:00:00+00:00,116.5,23.75
2017-11-30 18:00:00+00:00,43.75,12.25
2017-11-30 19:00:00+00:00,12.25,4.0
2017-11-30 20:00:00+00:00,59.75,2.0
2017-11-30 21:00:00+00:00,81.0,3.0
2017-11-30 22:00:00+00:00,96.75,12.25
2017-11-30 23:00:00+00:00,249.5,7.0
2017-12-01 00:00:00+00:00,196.0,18.5
2017-12-01 01:00:00+00:00,278.25,19.0
2017-12-01 02:00:00+00:00,366.25,20.25
2017-12-01 03:00:00+00:00,346.75,45.75
2017-12-01 04:00:00+00:00,366.0,86.5
2017-12-01 05:00:00+00:00,339.25,88.75
2017-12-01 06:00:00+00:00,319.5,49.75
2017-12-01 07:00:00+00:00,302.0,29.75
2017-12-01 08:00:00+00:00,208.0,10.5
2017-12-01 09:00:00+00:00,233.25,3.0
2017-12-01 10:00:00+00:00,188.0,3.0
2017-12-01 11:00:00+00:00,148.25,3.0
2017-12-01 12:00:00+00:00,148.75,10.75
2017-12-01 13:00:00+00:00,124.25,8.75
2017-12-01 14:00:00+00:00,269.0,6.0
2017-12-01 15:00:00+00:00,169.0,1.5
2017-12-01 16:00:00+00:00,133.0,0.5
2017-12-01 17:00:00+00:00,92.75,5.75
2017-12-01 18:00:00+00:00,109.25,8.5
2017-12-01 19:00:00+00:00,43.0,11.5
2017-12-01 20:00:00+00:00,63.25,12.25
2017-12-01 21:00:00+00:00,37.25,10.5
2017-12-01 22:00:00+00:00,1.75,4.0
2017-12-01 23:00:00+00:00,18.5,1.5
2017-12-02 00:00:00+00:00,0.0,1.0
2017-12-02 01:00:00+00:00,0.0,2.5
2017-12-02 02:00:00+00:00,0.0,3.25
2017-12-02 03:00:00+00:00,0.0,4.75
2017-12-02 04:00:00+00:00,2.0,4.75
2017-12-02 05:00:00+00:00,9.5,7.0
2017-12-02 06:00:00+00:00,53.75,7.75
2017-12-02 07:00:00+00:00,110.75,9.75
2017-12-02 08:00:00+00:00,204.25,12.25
2017-12-02 09:00:00+00:00,336.25,17.0
2017-12-02 10:00:00+00:00,378.75,30.5
2017-12-02 11:00:00+00:00,490.75,33.25
2017-12-02 12:00:00+00:00,513.75,53.0
2017-12-02 13:00:00+00:00,556.5,60.75
2017-12-02 14:00:00+00:00,591.0,64.0
2017-12-02 15:00:00+00:00,636.25,74.25
2017-12-02 16:00:00+00:00,574.75,82.25
2017-12-02 17:00:00+00:00,506.0,119.25
2017-12-02 18:00:00+00:00,550.75,165.0
2017-12-02 19:00:00+00:00,529.25,203.25
2017-12-02 20:00:00+00:00,472.0,206.75
2017-12-02 21:00:00+00:00,446.75,267.0
2017-12-02 22:00:00+00:00,541.75,278.0
2017-12-02 23:00:00+00:00,534.25,270.5
2017-12-03 00:00:00+00:00,491.25,294.5
2017-12-03 01:00:00+00:00,539.5,297.25
2017-12-03 02:00:00+00:00,534.25,294.25
2017-12-03 03:00:00+00:00,531.75,266.0
2017-12-03 04:00:00+00:00,509.25,237.5
2017-12-03 05:00:00+00:00,556.5,225.5
2017-12-03 06:00:00+00:00,514.25,244.0
2017-12-03 07:00:00+00:00,165.5,238.5
2017-12-03 08:00:00+00:00,395.75,201.0
2017-12-03 09:00:00+00:00,510.5,215.75
2017-12-03 10:00:00+00:00,531.5,178.25
2017-12-03 11:00:00+00:00,469.0,162.25
2017-12-03 12:00:00+00:00,449.5,171.0
2017-12-03 13:00:00+00:00,536.0,208.0
2017-12-03 14:00:00+00:00,512.0,252.75
2017-12-03 15:00:00+00:00,601.5,251.75
2017-12-03 16:00:00+00:00,620.0,271.25
2017-12-03 17:00:00+00:00,661.5,222.0
2017-12-03 18:00:00+00:00,619.5,214.0
2017-12-03 19:00:00+00:00,660.75,220.0
2017-12-03 20:00:00+00:00,666.5,262.75
2017-12-03 21:00:00+00:00,642.75,234.75
2017-12-03 22:00:00+00:00,694.25,238.0
2017-12-03 23:00:00+00:00,684.5,167.75
2017-12-04 00:00:00+00:00,656.0,256.25
2017-12-04 01:00:00+00:00,665.75,214.0
2017-12-04 02:00:00+00:00,672.5,239.25
2017-12-04 03:00:00+00:00,675.75,220.25
2017-12-04 04:00:00+00:00,655.5,242.25
2017-12-04 05:00:00+00:00,667.5,253.5
2017-12-04 06:00:00+00:00,639.25,270.5
2017-12-04 07:00:00+00:00,651.75,288.25
2017-12-04 08:00:00+00:00,453.75,299.5
2017-12-04 09:00:00+00:00,421.0,304.5
2017-12-04 10:00:00+00:00,501.0,228.0
2017-12-04 11:00:00+00:00,471.5,239.0
2017-12-04 12:00:00+00:00,510.0,272.25
2017-12-04 13:00:00+00:00,562.25,315.5
2017-12-04 14:00:00+00:00,484.75,332.75
2017-12-04 15:00:00+00:00,399.5,304.0
2017-12-04 16:00:00+00:00,335.75,257.25
2017-12-04 17:00:00+00:00,387.5,323.25
2017-12-04 18:00:00+00:00,450.75,337.75
2017-12-04 19:00:00+00:00,517.0,346.75
2017-12-04 20:00:00+00:00,584.0,303.5
2017-12-04 21:00:00+00:00,594.0,341.25
2017-12-04 22:00:00+00:00,615.0,327.5
2017-12-04 23:00:00+00:00,602.25,332.0
2017-12-05 00:00:00+00:00,581.75,215.0
2017-12-05 01:00:00+00:00,542.75,184.5
2017-12-05 02:00:00+00:00,582.75,233.75
2017-12-05 03:00:00+00:00,571.25,291.75
2017-12-05 04:00:00+00:00,562.0,325.5
2017-12-05 05:00:00+00:00,584.25,319.25
2017-12-05 06:00:00+00:00,591.25,292.5
2017-12-05 07:00:00+00:00,606.5,293.5
2017-12-05 08:00:00+00:00,636.75,332.75
2017-12-05 09:00:00+00:00,639.25,321.25
2017-12-05 10:00:00+00:00,686.5,306.5
2017-12-05 11:00:00+00:00,692.0,347.0
2017-12-05 12:00:00+00:00,700.25,362.75
2017-12-05 13:00:00+00:00,708.25,362.75
2017-12-05 14:00:00+00:00,714.0,350.25
2017-12-05 15:00:00+00:00,714.0,376.5
2017-12-05 16:00:00+00:00,730.5,373.0
2017-12-05 17:00:00+00:00,733.25,377.25
2017-12-05 18:00:00+00:00,732.75,388.75
2017-12-05 19:00:00+00:00,744.25,408.5
2017-12-05 20:00:00+00:00,725.25,475.0
2017-12-05 21:00:00+00:00,749.0,468.0
2017-12-05 22:00:00+00:00,746.0,467.25
2017-12-05 23:00:00+00:00,747.25,458.75
2017-12-06 00:00:00+00:00,747.0,450.5
2017-12-06 01:00:00+00:00,746.75,444.0
2017-12-06 02:00:00+00:00,747.0,443.75
2017-12-06 03:00:00+00:00,746.25,483.25
2017-12-06 04:00:00+00:00,746.5,504.75
2017-12-06 05:00:00+00:00,746.25,502.5
2017-12-06 06:00:00+00:00,751.0,493.0
2017-12-06 07:00:00+00:00,737.5,494.0
2017-12-06 08:00:00+00:00,743.0,488.75
2017-12-06 09:00:00+00:00,748.0,464.25
2017-12-06 10:00:00+00:00,749.5,491.25
2017-12-06 11:00:00+00:00,757.0,493.0
2017-12-06 12:00:00+00:00,753.75,515.75
2017-12-06 13:00:00+00:00,696.5,517.75
2017-12-06 14:00:00+00:00,714.25,466.25
2017-12-06 15:00:00+00:00,735.25,438.5
2017-12-06 16:00:00+00:00,759.5,541.5
2017-12-06 17:00:00+00:00,763.0,557.5
2017-12-06 18:00:00+00:00,763.25,554.25
2017-12-06 19:00:00+00:00,763.5,555.75
2017-12-06 20:00:00+00:00,763.25,584.5
2017-12-06 21:00:00+00:00,763.5,568.25
2017-12-06 22:00:00+00:00,762.25,576.75
2017-12-06 23:00:00+00:00,752.75,573.0
2017-12-07 00:00:00+00:00,759.5,606.25
2017-12-07 01:00:00+00:00,760.0,643.0
2017-12-07 02:00:00+00:00,760.0,645.75
2017-12-07 03:00:00+00:00,750.0,626.25
2017-12-07 04:00:00+00:00,754.75,647.75
2017-12-07 05:00:00+00:00,753.0,656.5
2017-12-07 06:00:00+00:00,756.0,664.5
2017-12-07 07:00:00+00:00,746.75,665.75
2017-12-07 08:00:00+00:00,714.75,647.5
2017-12-07 09:00:00+00:00,673.25,655.25
2017-12-07 10:00:00+00:00,453.0,653.75
2017-12-07 11:00:00+00:00,392.25,652.5
2017-12-07 12:00:00+00:00,445.75,649.0
2017-12-07 13:00:00+00:00,463.75,650.0
2017-12-07 14:00:00+00:00,483.5,645.25
2017-12-07 15:00:00+00:00,443.25,656.0
2017-12-07 16:00:00+00:00,450.5,664.75
2017-12-07 17:00:00+00:00,482.0,549.0
2017-12-07 18:00:00+00:00,482.25,380.5
2017-12-07 19:00:00+00:00,483.75,412.25
2017-12-07 20:00:00+00:00,480.25,426.0
2017-12-07 21:00:00+00:00,484.0,484.75
2017-12-07 22:00:00+00:00,482.0,536.75
2017-12-07 23:00:00+00:00,483.75,545.25
2017-12-08 00:00:00+00:00,483.75,479.5
2017-12-08 01:00:00+00:00,484.0,468.5
2017-12-08 02:00:00+00:00,484.0,482.0
2017-12-08 03:00:00+00:00,483.75,553.0
2017-12-08 04:00:00+00:00,482.0,584.0
2017-12-08 05:00:00+00:00,479.5,520.5
2017-12-08 06:00:00+00:00,452.75,535.25
2017-12-08 07:00:00+00:00,461.75,413.25
2017-12-08 08:00:00+00:00,455.25,245.5
2017-12-08 09:00:00+00:00,401.25,384.0
2017-12-08 10:00:00+00:00,479.25,409.25
2017-12-08 11:00:00+00:00,471.75,387.75
2017-12-08 12:00:00+00:00,480.5,264.5
2017-12-08 13:00:00+00:00,515.0,314.75
2017-12-08 14:00:00+00:00,721.5,307.25
2017-12-08 15:00:00+00:00,505.75,504.0
2017-12-08 16:00:00+00:00,563.75,394.5
2017-12-08 17:00:00+00:00,715.75,354.25
2017-12-08 18:00:00+00:00,721.5,269.5
2017-12-08 19:00:00+00:00,725.25,320.25
2017-12-08 20:00:00+00:00,726.75,447.0
2017-12-08 21:00:00+00:00,724.5,446.75
2017-12-08 22:00:00+00:00,727.25,482.25
2017-12-08 23:00:00+00:00,727.0,499.25
2017-12-09 00:00:00+00:00,720.25,569.25
2017-12-09 01:00:00+00:00,718.75,572.5
2017-12-09 02:00:00+00:00,641.75,573.5
2017-12-09 03:00:00+00:00,724.25,571.5
2017-12-09 04:00:00+00:00,722.25,452.25
2017-12-09 05:00:00+00:00,720.0,378.75
2017-12-09 06:00:00+00:00,718.0,161.75
2017-12-09 07:00:00+00:00,706.25,242.5
2017-12-09 08:00:00+00:00,695.5,281.0
2017-12-09 09:00:00+00:00,690.25,289.5
2017-12-09 10:00:00+00:00,648.5,353.75
2017-12-09 11:00:00+00:00,680.25,238.75
2017-12-09 12:00:00+00:00,662.5,313.5
2017-12-09 13:00:00+00:00,716.75,338.0
2017-12-09 14:00:00+00:00,723.0,302.0
2017-12-09 15:00:00+00:00,717.75,230.5
2017-12-09 16:00:00+00:00,724.5,216.75
2017-12-09 17:00:00+00:00,724.75,355.75
2017-12-09 18:00:00+00:00,713.0,453.0
2017-12-09 19:00:00+00:00,708.25,482.25
2017-12-09 20:00:00+00:00,721.75,391.25
2017-12-09 21:00:00+00:00,667.75,238.75
2017-12-09 22:00:00+00:00,691.75,321.75
2017-12-09 23:00:00+00:00,653.5,367.5
2017-12-10 00:00:00+00:00,671.5,355.5
2017-12-10 01:00:00+00:00,488.25,456.5
2017-12-10 02:00:00+00:00,526.0,453.25
2017-12-10 03:00:00+00:00,583.5,393.75
2017-12-10 04:00:00+00:00,584.25,268.5
2017-12-10 05:00:00+00:00,611.0,202.25
2017-12-10 06:00:00+00:00,389.0,192.75
2017-12-10 07:00:00+00:00,374.75,165.75
2017-12-10 08:00:00+00:00,532.5,183.5
2017-12-10 09:00:00+00:00,621.75,212.25
2017-12-10 10:00:00+00:00,607.25,188.5
2017-12-10 11:00:00+00:00,460.25,231.5
2017-12-10 12:00:00+00:00,401.25,301.5
2017-12-10 13:00:00+00:00,410.75,388.0
2017-12-10 14:00:00+00:00,564.25,377.5
2017-12-10 15:00:00+00:00,567.5,363.0
2017-12-10 16:00:00+00:00,586.5,324.0
2017-12-10 17:00:00+00:00,694.5,333.0
2017-12-10 18:00:00+00:00,657.25,410.75
2017-12-10 19:00:00+00:00,555.75,341.5
2017-12-10 20:00:00+00:00,408.0,371.25
2017-12-10 21:00:00+00:00,297.5,305.75
2017-12-10 22:00:00+00:00,248.25,208.5
2017-12-10 23:00:00+00:00,160.25,86.5
2017-12-11 00:00:00+00:00,128.75,45.5
2017-12-11 01:00:00+00:00,55.25,20.75
2017-12-11 02:00:00+00:00,36.75,11.0
2017-12-11 03:00:00+00:00,23.5,8.25
2017-12-11 04:00:00+00:00,43.5,30.25
2017-12-11 05:00:00+00:00,123.0,83.25
2017-12-11 06:00:00+00:00,238.0,192.75
2017-12-11 07:00:00+00:00,320.0,264.5
2017-12-11 08:00:00+00:00,294.25,262.25
2017-12-11 09:00:00+00:00,372.5,234.5
2017-12-11 10:00:00+00:00,501.25,218.0
2017-12-11 11:00:00+00:00,599.25,233.25
2017-12-11 12:00:00+00:00,655.0,329.5
2017-12-11 13:00:00+00:00,716.25,336.0
2017-12-11 14:00:00+00:00,697.0,430.25
2017-12-11 15:00:00+00:00,737.0,496.25
2017-12-11 16:00:00+00:00,741.75,495.5
2017-12-11 17:00:00+00:00,742.0,494.25
2017-12-11 18:00:00+00:00,738.0,541.5
2017-12-11 19:00:00+00:00,747.5,557.25
2017-12-11 20:00:00+00:00,745.25,567.0
2017-12-11 21:00:00+00:00,742.0,559.25
2017-12-11 22:00:00+00:00,733.5,484.25
2017-12-11 23:00:00+00:00,676.5,328.25
2017-12-12 00:00:00+00:00,661.5,246.5
2017-12-12 01:00:00+00:00,639.5,239.0
2017-12-12 02:00:00+00:00,599.25,276.0
2017-12-12 03:00:00+00:00,670.0,310.75
2017-12-12 04:00:00+00:00,682.0,358.5
2017-12-12 05:00:00+00:00,667.5,227.75
2017-12-12 06:00:00+00:00,693.75,274.5
2017-12-12 07:00:00+00:00,649.75,299.0
2017-12-12 08:00:00+00:00,512.75,112.0
2017-12-12 09:00:00+00:00,570.75,89.0
2017-12-12 10:00:00+00:00,425.75,86.25
2017-12-12 11:00:00+00:00,192.25,94.75
2017-12-12 12:00:00+00:00,248.0,120.0
2017-12-12 13:00:00+00:00,140.25,131.75
2017-12-12 14:00:00+00:00,223.5,212.0
2017-12-12 15:00:00+00:00,312.5,350.5
2017-12-12 16:00:00+00:00,355.75,462.5
2017-12-12 17:00:00+00:00,449.75,420.25
2017-12-12 18:00:00+00:00,599.25,298.75
2017-12-12 19:00:00+00:00,646.5,303.5
2017-12-12 20:00:00+00:00,742.75,408.5
2017-12-12 21:00:00+00:00,749.0,456.25
2017-12-12 22:00:00+00:00,751.0,491.5
2017-12-12 23:00:00+00:00,751.0,511.75
2017-12-13 00:00:00+00:00,751.75,541.75
2017-12-13 01:00:00+00:00,751.25,602.25
2017-12-13 02:00:00+00:00,751.25,627.25
2017-12-13 03:00:00+00:00,745.25,634.5
2017-12-13 04:00:00+00:00,751.5,631.0
2017-12-13 05:00:00+00:00,750.25,623.25
2017-12-13 06:00:00+00:00,754.75,642.0
2017-12-13 07:00:00+00:00,755.0,616.0
2017-12-13 08:00:00+00:00,753.0,623.5
2017-12-13 09:00:00+00:00,754.75,622.5
2017-12-13 10:00:00+00:00,754.5,608.0
2017-12-13 11:00:00+00:00,673.0,589.5
2017-12-13 12:00:00+00:00,664.75,537.75
2017-12-13 13:00:00+00:00,699.75,536.0
2017-12-13 14:00:00+00:00,615.5,526.5
2017-12-13 15:00:00+00:00,678.0,528.75
2017-12-13 16:00:00+00:00,720.75,547.0
2017-12-13 17:00:00+00:00,742.75,563.25
2017-12-13 18:00:00+00:00,746.0,536.75
2017-12-13 19:00:00+00:00,731.0,613.25
2017-12-13 20:00:00+00:00,739.5,607.75
2017-12-13 21:00:00+00:00,736.0,596.75
2017-12-13 22:00:00+00:00,702.0,576.5
2017-12-13 23:00:00+00:00,739.5,535.25
2017-12-14 00:00:00+00:00,723.75,509.0
2017-12-14 01:00:00+00:00,704.5,399.75
2017-12-14 02:00:00+00:00,626.75,308.25
2017-12-14 03:00:00+00:00,666.25,414.0
2017-12-14 04:00:00+00:00,716.75,363.75
2017-12-14 05:00:00+00:00,678.0,345.75
2017-12-14 06:00:00+00:00,679.25,454.75
2017-12-14 07:00:00+00:00,605.5,421.5
2017-12-14 08:00:00+00:00,706.0,352.0
2017-12-14 09:00:00+00:00,732.75,311.25
2017-12-14 10:00:00+00:00,729.5,233.5
2017-12-14 11:00:00+00:00,704.75,241.5
2017-12-14 12:00:00+00:00,672.0,264.5
2017-12-14 13:00:00+00:00,662.5,369.5
2017-12-14 14:00:00+00:00,653.0,213.75
2017-12-14 15:00:00+00:00,604.75,305.5
2017-12-14 16:00:00+00:00,530.25,389.0
2017-12-14 17:00:00+00:00,555.75,352.25
2017-12-14 18:00:00+00:00,564.5,362.25
2017-12-14 19:00:00+00:00,526.25,347.0
2017-12-14 20:00:00+00:00,551.5,321.75
2017-12-14 21:00:00+00:00,413.0,308.25
2017-12-14 22:00:00+00:00,427.25,273.75
2017-12-14 23:00:00+00:00,418.5,229.0
2017-12-15 00:00:00+00:00,328.0,251.0
2017-12-15 01:00:00+00:00,314.5,166.5
2017-12-15 02:00:00+00:00,293.5,185.25
2017-12-15 03:00:00+00:00,196.25,196.0
2017-12-15 04:00:00+00:00,275.5,165.25
2017-12-15 05:00:00+00:00,308.25,151.25
2017-12-15 06:00:00+00:00,191.75,116.75
2017-12-15 07:00:00+00:00,239.25,97.5
2017-12-15 08:00:00+00:00,189.5,73.0
2017-12-15 09:00:00+00:00,97.75,61.5
2017-12-15 10:00:00+00:00,95.75,51.5
2017-12-15 11:00:00+00:00,91.5,52.5
2017-12-15 12:00:00+00:00,48.5,35.5
2017-12-15 13:00:00+00:00,21.5,13.0
2017-12-15 14:00:00+00:00,17.0,4.75
2017-12-15 15:00:00+00:00,2.5,3.25
2017-12-15 16:00:00+00:00,23.0,4.0
2017-12-15 17:00:00+00:00,40.0,2.75
2017-12-15 18:00:00+00:00,9.25,2.25
2017-12-15 19:00:00+00:00,0.0,7.5
2017-12-15 20:00:00+00:00,51.0,9.25
2017-12-15 21:00:00+00:00,160.25,8.75
2017-12-15 22:00:00+00:00,380.0,25.25
2017-12-15 23:00:00+00:00,380.75,53.0
2017-12-16 00:00:00+00:00,424.5,68.75
2017-12-16 01:00:00+00:00,539.25,88.25
2017-12-16 02:00:00+00:00,548.75,155.75
2017-12-16 03:00:00+00:00,490.0,132.75
2017-12-16 04:00:00+00:00,553.0,185.5
2017-12-16 05:00:00+00:00,605.0,233.5
2017-12-16 06:00:00+00:00,648.5,286.5
2017-12-16 07:00:00+00:00,558.0,281.25
2017-12-16 08:00:00+00:00,623.5,249.5
2017-12-16 09:00:00+00:00,591.0,289.0
2017-12-16 10:00:00+00:00,587.5,234.25
2017-12-16 11:00:00+00:00,577.5,227.75
2017-12-16 12:00:00+00:00,502.75,282.25
2017-12-16 13:00:00+00:00,373.75,247.25
2017-12-16 14:00:00+00:00,414.5,212.75
2017-12-16 15:00:00+00:00,652.75,279.75
2017-12-16 16:00:00+00:00,624.75,291.25
2017-12-16 17:00:00+00:00,575.5,214.5
2017-12-16 18:00:00+00:00,359.75,190.25
2017-12-16 19:00:00+00:00,468.0,243.0
2017-12-16 20:00:00+00:00,503.25,272.25
2017-12-16 21:00:00+00:00,506.0,119.0
2017-12-16 22:00:00+00:00,420.5,104.75
2017-12-16 23:00:00+00:00,397.75,156.25
2017-12-17 00:00:00+00:00,421.25,250.75
2017-12-17 01:00:00+00:00,476.75,187.5
2017-12-17 02:00:00+00:00,434.75,132.0
2017-12-17 03:00:00+00:00,312.0,112.25
2017-12-17 04:00:00+00:00,344.5,112.25
2017-12-17 05:00:00+00:00,168.75,127.5
2017-12-17 06:00:00+00:00,103.0,93.25
2017-12-17 07:00:00+00:00,62.0,91.5
2017-12-17 08:00:00+00:00,10.5,64.25
2017-12-17 09:00:00+00:00,5.0,53.75
2017-12-17 10:00:00+00:00,29.0,51.25
2017-12-17 11:00:00+00:00,59.5,55.25
2017-12-17 12:00:00+00:00,104.5,86.5
2017-12-17 13:00:00+00:00,254.0,145.75
2017-12-17 14:00:00+00:00,374.5,174.0
2017-12-17 15:00:00+00:00,558.25,268.25
2017-12-17 16:00:00+00:00,663.5,356.75
2017-12-17 17:00:00+00:00,744.5,445.75
2017-12-17 18:00:00+00:00,754.75,442.5
2017-12-17 19:00:00+00:00,757.0,455.25
2017-12-17 20:00:00+00:00,757.0,516.75
2017-12-17 21:00:00+00:00,756.75,537.75
2017-12-17 22:00:00+00:00,720.5,553.25
2017-12-17 23:00:00+00:00,737.0,481.5
2017-12-18 00:00:00+00:00,634.25,336.25
2017-12-18 01:00:00+00:00,450.0,154.75
2017-12-18 02:00:00+00:00,521.75,250.75
2017-12-18 03:00:00+00:00,732.25,412.75
2017-12-18 04:00:00+00:00,745.5,459.0
2017-12-18 05:00:00+00:00,725.5,447.25
2017-12-18 06:00:00+00:00,659.75,387.25
2017-12-18 07:00:00+00:00,475.0,309.75
2017-12-18 08:00:00+00:00,416.0,395.75
2017-12-18 09:00:00+00:00,280.25,393.5
2017-12-18 10:00:00+00:00,190.25,254.0
2017-12-18 11:00:00+00:00,161.0,137.0
2017-12-18 12:00:00+00:00,161.5,70.25
2017-12-18 13:00:00+00:00,225.0,57.75
2017-12-18 14:00:00+00:00,292.75,44.75
2017-12-18 15:00:00+00:00,326.25,20.0
2017-12-18 16:00:00+00:00,184.25,10.25
2017-12-18 17:00:00+00:00,171.25,5.5
2017-12-18 18:00:00+00:00,119.0,6.5
2017-12-18 19:00:00+00:00,62.25,7.5
2017-12-18 20:00:00+00:00,58.0,10.75
2017-12-18 21:00:00+00:00,47.0,24.0
2017-12-18 22:00:00+00:00,96.5,35.0
2017-12-18 23:00:00+00:00,141.0,82.0
2017-12-19 00:00:00+00:00,112.25,130.25
2017-12-19 01:00:00+00:00,116.75,100.0
2017-12-19 02:00:00+00:00,75.25,56.0
2017-12-19 03:00:00+00:00,61.25,55.5
2017-12-19 04:00:00+00:00,53.5,59.0
2017-12-19 05:00:00+00:00,57.0,49.25
2017-12-19 06:00:00+00:00,134.75,49.5
2017-12-19 07:00:00+00:00,273.5,76.5
2017-12-19 08:00:00+00:00,279.25,150.75
2017-12-19 09:00:00+00:00,153.75,180.25
2017-12-19 10:00:00+00:00,165.5,231.0
2017-12-19 11:00:00+00:00,187.5,167.5
2017-12-19 12:00:00+00:00,148.5,97.25
2017-12-19 13:00:00+00:00,147.0,50.75
2017-12-19 14:00:00+00:00,126.5,61.75
2017-12-19 15:00:00+00:00,133.0,111.5
2017-12-19 16:00:00+00:00,120.5,116.25
2017-12-19 17:00:00+00:00,36.75,114.75
2017-12-19 18:00:00+00:00,42.75,64.5
2017-12-19 19:00:00+00:00,89.25,86.5
2017-12-19 20:00:00+00:00,93.5,161.5
2017-12-19 21:00:00+00:00,104.25,134.0
2017-12-19 22:00:00+00:00,122.75,102.5
2017-12-19 23:00:00+00:00,107.75,134.0
2017-12-20 00:00:00+00:00,52.5,106.25
2017-12-20 01:00:00+00:00,63.25,52.25
2017-12-20 02:00:00+00:00,75.0,72.5
2017-12-20 03:00:00+00:00,35.25,83.5
2017-12-20 04:00:00+00:00,9.25,59.25
2017-12-20 05:00:00+00:00,15.5,31.25
2017-12-20 06:00:00+00:00,31.0,8.5
2017-12-20 07:00:00+00:00,73.75,6.25
2017-12-20 08:00:00+00:00,76.5,42.0
2017-12-20 09:00:00+00:00,107.0,64.0
2017-12-20 10:00:00+00:00,75.75,43.25
2017-12-20 11:00:00+00:00,83.75,30.75
2017-12-20 12:00:00+00:00,139.25,35.75
2017-12-20 13:00:00+00:00,148.25,44.25
2017-12-20 14:00:00+00:00,128.25,46.75
2017-12-20 15:00:00+00:00,135.0,78.25
2017-12-20 16:00:00+00:00,199.75,118.75
2017-12-20 17:00:00+00:00,182.75,157.75
2017-12-20 18:00:00+00:00,142.0,167.25
2017-12-20 19:00:00+00:00,199.75,145.5
2017-12-20 20:00:00+00:00,224.25,139.75
2017-12-20 21:00:00+00:00,277.75,178.25
2017-12-20 22:00:00+00:00,213.0,156.75
2017-12-20 23:00:00+00:00,172.25,197.75
2017-12-21 00:00:00+00:00,161.5,185.75
2017-12-21 01:00:00+00:00,162.0,158.25
2017-12-21 02:00:00+00:00,111.75,124.5
2017-12-21 03:00:00+00:00,49.0,129.75
2017-12-21 04:00:00+00:00,40.0,95.75
2017-12-21 05:00:00+00:00,20.5,60.25
2017-12-21 06:00:00+00:00,28.25,56.75
2017-12-21 07:00:00+00:00,65.5,49.0
2017-12-21 08:00:00+00:00,62.75,60.75
2017-12-21 09:00:00+00:00,61.25,59.0
2017-12-21 10:00:00+00:00,73.25,34.25
2017-12-21 11:00:00+00:00,64.75,42.75
2017-12-21 12:00:00+00:00,50.25,46.75
2017-12-21 13:00:00+00:00,60.0,47.75
2017-12-21 14:00:00+00:00,102.5,40.25
2017-12-21 15:00:00+00:00,122.5,22.0
2017-12-21 16:00:00+00:00,122.0,29.25
2017-12-21 17:00:00+00:00,83.0,27.25
2017-12-21 18:00:00+00:00,101.25,19.25
2017-12-21 19:00:00+00:00,124.25,13.25
2017-12-21 20:00:00+00:00,106.0,17.25
2017-12-21 21:00:00+00:00,138.5,39.5
2017-12-21 22:00:00+00:00,113.0,47.5
2017-12-21 23:00:00+00:00,70.75,42.5
2017-12-22 00:00:00+00:00,35.75,24.0
2017-12-22 01:00:00+00:00,28.75,16.5
2017-12-22 02:00:00+00:00,31.75,15.75
2017-12-22 03:00:00+00:00,21.25,15.0
2017-12-22 04:00:00+00:00,16.5,11.25
2017-12-22 05:00:00+00:00,11.25,9.0
2017-12-22 06:00:00+00:00,4.25,8.5
2017-12-22 07:00:00+00:00,1.25,6.5
2017-12-22 08:00:00+00:00,6.0,3.25
2017-12-22 09:00:00+00:00,21.0,3.25
2017-12-22 10:00:00+00:00,9.5,2.5
2017-12-22 11:00:00+00:00,24.25,2.0
2017-12-22 12:00:00+00:00,24.75,2.0
2017-12-22 13:00:00+00:00,35.25,2.0
2017-12-22 14:00:00+00:00,43.5,2.25
2017-12-22 15:00:00+00:00,39.75,3.75
2017-12-22 16:00:00+00:00,83.5,10.0
2017-12-22 17:00:00+00:00,108.75,18.75
2017-12-22 18:00:00+00:00,120.5,29.5
2017-12-22 19:00:00+00:00,217.25,82.25
2017-12-22 20:00:00+00:00,355.25,79.25
2017-12-22 21:00:00+00:00,481.75,71.75
2017-12-22 22:00:00+00:00,538.75,107.0
2017-12-22 23:00:00+00:00,614.25,235.5
2017-12-23 00:00:00+00:00,629.25,348.25
2017-12-23 01:00:00+00:00,620.75,398.0
2017-12-23 02:00:00+00:00,683.0,427.25
2017-12-23 03:00:00+00:00,732.75,503.5
2017-12-23 04:00:00+00:00,738.25,562.5
2017-12-23 05:00:00+00:00,758.75,594.5
2017-12-23 06:00:00+00:00,746.75,582.5
2017-12-23 07:00:00+00:00,748.25,606.5
2017-12-23 08:00:00+00:00,756.75,611.75
2017-12-23 09:00:00+00:00,755.25,598.5
2017-12-23 10:00:00+00:00,757.25,603.25
2017-12-23 11:00:00+00:00,745.25,598.5
2017-12-23 12:00:00+00:00,744.75,619.0
2017-12-23 13:00:00+00:00,755.25,621.25
2017-12-23 14:00:00+00:00,749.75,585.0
2017-12-23 15:00:00+00:00,729.25,571.75
2017-12-23 16:00:00+00:00,715.5,571.0
2017-12-23 17:00:00+00:00,730.75,555.75
2017-12-23 18:00:00+00:00,750.75,593.5
2017-12-23 19:00:00+00:00,759.25,631.0
2017-12-23 20:00:00+00:00,745.0,633.75
2017-12-23 21:00:00+00:00,746.0,644.0
2017-12-23 22:00:00+00:00,748.75,624.25
2017-12-23 23:00:00+00:00,747.0,617.5
2017-12-24 00:00:00+00:00,752.25,615.25
2017-12-24 01:00:00+00:00,741.0,628.0
2017-12-24 02:00:00+00:00,746.0,638.75
2017-12-24 03:00:00+00:00,752.25,616.25
2017-12-24 04:00:00+00:00,757.25,609.5
2017-12-24 05:00:00+00:00,750.75,624.5
2017-12-24 06:00:00+00:00,748.25,598.25
2017-12-24 07:00:00+00:00,751.5,619.5
2017-12-24 08:00:00+00:00,754.75,630.75
2017-12-24 09:00:00+00:00,762.75,655.0
2017-12-24 10:00:00+00:00,762.75,649.25
2017-12-24 11:00:00+00:00,761.25,661.0
2017-12-24 12:00:00+00:00,761.25,646.25
2017-12-24 13:00:00+00:00,762.5,639.5
2017-12-24 14:00:00+00:00,770.0,650.5
2017-12-24 15:00:00+00:00,766.25,661.0
2017-12-24 16:00:00+00:00,768.25,680.0
2017-12-24 17:00:00+00:00,768.5,679.0
2017-12-24 18:00:00+00:00,768.75,667.5
2017-12-24 19:00:00+00:00,767.25,659.25
2017-12-24 20:00:00+00:00,761.75,640.75
2017-12-24 21:00:00+00:00,765.75,646.5
2017-12-24 22:00:00+00:00,763.25,649.0
2017-12-24 23:00:00+00:00,764.25,630.5
2017-12-25 00:00:00+00:00,755.0,636.75
2017-12-25 01:00:00+00:00,752.75,619.75
2017-12-25 02:00:00+00:00,759.0,627.0
2017-12-25 03:00:00+00:00,764.0,637.5
2017-12-25 04:00:00+00:00,765.0,647.25
2017-12-25 05:00:00+00:00,762.75,635.5
2017-12-25 06:00:00+00:00,763.0,633.5
2017-12-25 07:00:00+00:00,763.25,631.25
2017-12-25 08:00:00+00:00,764.5,642.5
2017-12-25 09:00:00+00:00,763.75,641.0
2017-12-25 10:00:00+00:00,764.0,645.25
2017-12-25 11:00:00+00:00,763.5,650.25
2017-12-25 12:00:00+00:00,762.75,629.5
2017-12-25 13:00:00+00:00,764.25,602.0
2017-12-25 14:00:00+00:00,762.0,562.5
2017-12-25 15:00:00+00:00,762.5,536.75
2017-12-25 16:00:00+00:00,764.5,533.5
2017-12-25 17:00:00+00:00,764.75,560.75
2017-12-25 18:00:00+00:00,767.0,611.5
2017-12-25 19:00:00+00:00,768.0,626.0
2017-12-25 20:00:00+00:00,767.75,561.25
2017-12-25 21:00:00+00:00,768.0,566.0
2017-12-25 22:00:00+00:00,768.0,600.0
2017-12-25 23:00:00+00:00,762.25,629.5
2017-12-26 00:00:00+00:00,761.0,650.5
2017-12-26 01:00:00+00:00,764.5,653.5
2017-12-26 02:00:00+00:00,760.5,642.75
2017-12-26 03:00:00+00:00,759.25,647.75
2017-12-26 04:00:00+00:00,748.25,680.75
2017-12-26 05:00:00+00:00,747.25,671.75
2017-12-26 06:00:00+00:00,742.25,674.25
2017-12-26 07:00:00+00:00,759.5,662.75
2017-12-26 08:00:00+00:00,761.25,649.0
2017-12-26 09:00:00+00:00,755.0,629.0
2017-12-26 10:00:00+00:00,759.0,624.5
2017-12-26 11:00:00+00:00,759.0,636.75
2017-12-26 12:00:00+00:00,758.75,662.5
2017-12-26 13:00:00+00:00,756.5,648.0
2017-12-26 14:00:00+00:00,759.0,610.0
2017-12-26 15:00:00+00:00,758.5,620.75
2017-12-26 16:00:00+00:00,753.5,565.5
2017-12-26 17:00:00+00:00,758.25,535.5
2017-12-26 18:00:00+00:00,756.0,525.75
2017-12-26 19:00:00+00:00,753.75,473.0
2017-12-26 20:00:00+00:00,689.0,418.0
2017-12-26 21:00:00+00:00,664.75,371.0
2017-12-26 22:00:00+00:00,721.5,326.0
2017-12-26 23:00:00+00:00,727.75,351.0
2017-12-27 00:00:00+00:00,652.25,385.25
2017-12-27 01:00:00+00:00,440.5,465.0
2017-12-27 02:00:00+00:00,407.0,537.5
2017-12-27 03:00:00+00:00,525.5,545.75
2017-12-27 04:00:00+00:00,618.75,513.5
2017-12-27 05:00:00+00:00,705.75,463.5
2017-12-27 06:00:00+00:00,741.0,401.0
2017-12-27 07:00:00+00:00,707.5,351.0
2017-12-27 08:00:00+00:00,665.5,302.25
2017-12-27 09:00:00+00:00,641.25,228.0
2017-12-27 10:00:00+00:00,569.25,207.5
2017-12-27 11:00:00+00:00,360.75,187.0
2017-12-27 12:00:00+00:00,251.25,186.5
2017-12-27 13:00:00+00:00,213.25,175.25
2017-12-27 14:00:00+00:00,169.75,163.25
2017-12-27 15:00:00+00:00,84.5,156.75
2017-12-27 16:00:00+00:00,196.5,230.25
2017-12-27 17:00:00+00:00,253.25,290.75
2017-12-27 18:00:00+00:00,579.0,320.25
2017-12-27 19:00:00+00:00,717.75,451.0
2017-12-27 20:00:00+00:00,724.5,474.5
2017-12-27 21:00:00+00:00,654.5,346.0
2017-12-27 22:00:00+00:00,621.75,298.5
2017-12-27 23:00:00+00:00,696.5,418.75
2017-12-28 00:00:00+00:00,684.5,485.0
2017-12-28 01:00:00+00:00,658.75,456.0
2017-12-28 02:00:00+00:00,714.5,474.25
2017-12-28 03:00:00+00:00,734.0,409.25
2017-12-28 04:00:00+00:00,741.25,393.25
2017-12-28 05:00:00+00:00,741.0,369.5
2017-12-28 06:00:00+00:00,732.25,374.25
2017-12-28 07:00:00+00:00,726.25,479.75
2017-12-28 08:00:00+00:00,741.25,461.0
2017-12-28 09:00:00+00:00,739.5,431.5
2017-12-28 10:00:00+00:00,736.5,525.0
2017-12-28 11:00:00+00:00,725.0,574.25
2017-12-28 12:00:00+00:00,675.5,566.5
2017-12-28 13:00:00+00:00,707.75,576.25
2017-12-28 14:00:00+00:00,724.0,538.25
2017-12-28 15:00:00+00:00,737.5,532.25
2017-12-28 16:00:00+00:00,740.0,480.5
2017-12-28 17:00:00+00:00,735.0,479.5
2017-12-28 18:00:00+00:00,726.0,478.75
2017-12-28 19:00:00+00:00,730.25,476.75
2017-12-28 20:00:00+00:00,716.0,479.5
2017-12-28 21:00:00+00:00,717.75,450.0
2017-12-28 22:00:00+00:00,732.25,490.0
2017-12-28 23:00:00+00:00,725.5,477.5
2017-12-29 00:00:00+00:00,718.5,465.5
2017-12-29 01:00:00+00:00,699.5,376.0
2017-12-29 02:00:00+00:00,678.25,395.5
2017-12-29 03:00:00+00:00,627.75,322.25
2017-12-29 04:00:00+00:00,628.75,313.0
2017-12-29 05:00:00+00:00,636.75,300.0
2017-12-29 06:00:00+00:00,556.75,344.25
2017-12-29 07:00:00+00:00,550.5,379.75
2017-12-29 08:00:00+00:00,597.75,324.75
2017-12-29 09:00:00+00:00,626.75,271.0
2017-12-29 10:00:00+00:00,653.25,339.0
2017-12-29 11:00:00+00:00,715.5,385.75
2017-12-29 12:00:00+00:00,720.75,475.0
2017-12-29 13:00:00+00:00,736.75,546.75
2017-12-29 14:00:00+00:00,731.0,579.25
2017-12-29 15:00:00+00:00,735.75,593.0
2017-12-29 16:00:00+00:00,731.75,528.25
2017-12-29 17:00:00+00:00,742.5,530.25
2017-12-29 18:00:00+00:00,741.75,538.75
2017-12-29 19:00:00+00:00,731.5,560.0
2017-12-29 20:00:00+00:00,673.25,585.25
2017-12-29 21:00:00+00:00,439.25,642.25
2017-12-29 22:00:00+00:00,256.75,627.5
2017-12-29 23:00:00+00:00,262.75,618.5
2017-12-30 00:00:00+00:00,374.25,577.75
2017-12-30 01:00:00+00:00,554.75,535.0
2017-12-30 02:00:00+00:00,402.0,496.0
2017-12-30 03:00:00+00:00,412.5,420.75
2017-12-30 04:00:00+00:00,648.25,447.75
2017-12-30 05:00:00+00:00,571.5,471.75
2017-12-30 06:00:00+00:00,644.5,290.5
2017-12-30 07:00:00+00:00,741.5,406.75
2017-12-30 08:00:00+00:00,703.25,475.5
2017-12-30 09:00:00+00:00,617.0,522.75
2017-12-30 10:00:00+00:00,645.25,631.5
2017-12-30 11:00:00+00:00,711.75,638.5
2017-12-30 12:00:00+00:00,573.0,648.5
2017-12-30 13:00:00+00:00,506.75,691.0
2017-12-30 14:00:00+00:00,744.75,686.25
2017-12-30 15:00:00+00:00,742.75,675.75
2017-12-30 16:00:00+00:00,745.75,687.25
2017-12-30 17:00:00+00:00,743.25,689.0
2017-12-30 18:00:00+00:00,749.75,689.75
2017-12-30 19:00:00+00:00,738.0,653.25
2017-12-30 20:00:00+00:00,731.75,628.0
2017-12-30 21:00:00+00:00,716.25,592.5
2017-12-30 22:00:00+00:00,731.0,485.75
2017-12-30 23:00:00+00:00,737.5,469.75
2017-12-31 00:00:00+00:00,719.75,419.5
2017-12-31 01:00:00+00:00,711.0,304.25
2017-12-31 02:00:00+00:00,500.5,392.0
2017-12-31 03:00:00+00:00,300.25,307.25
2017-12-31 04:00:00+00:00,661.0,247.0
2017-12-31 05:00:00+00:00,752.75,465.75
2017-12-31 06:00:00+00:00,720.75,602.25
2017-12-31 07:00:00+00:00,748.5,658.0
2017-12-31 08:00:00+00:00,751.0,662.5
2017-12-31 09:00:00+00:00,750.25,678.25
2017-12-31 10:00:00+00:00,753.0,682.5
2017-12-31 11:00:00+00:00,753.5,676.75
2017-12-31 12:00:00+00:00,753.0,673.75
2017-12-31 13:00:00+00:00,758.0,676.75
2017-12-31 14:00:00+00:00,757.25,644.25
2017-12-31 15:00:00+00:00,754.75,601.25
2017-12-31 16:00:00+00:00,755.75,545.75
2017-12-31 17:00:00+00:00,731.25,485.75
2017-12-31 18:00:00+00:00,743.25,439.5
2017-12-31 19:00:00+00:00,731.5,358.75
2017-12-31 20:00:00+00:00,695.25,544.75
2017-12-31 21:00:00+00:00,759.5,565.25
2017-12-31 22:00:00+00:00,755.0,621.75
