Timestamp (UTC),Wind_Offshore_MW,Wind_Onshore_MW
2023-12-31 23:00:00+00:00,2979.5,2426.5
2024-01-01 00:00:00+00:00,2995.5,2362.5
2024-01-01 01:00:00+00:00,3018.25,2166.5
2024-01-01 02:00:00+00:00,3029.5,2058.5
2024-01-01 03:00:00+00:00,3032.5,2063.75
2024-01-01 04:00:00+00:00,3040.25,2040.75
2024-01-01 05:00:00+00:00,2752.25,2128.25
2024-01-01 06:00:00+00:00,2672.0,2118.25
2024-01-01 07:00:00+00:00,2841.0,2114.75
2024-01-01 08:00:00+00:00,2949.5,2165.75
2024-01-01 09:00:00+00:00,3046.5,2194.25
2024-01-01 10:00:00+00:00,3066.5,2167.75
2024-01-01 11:00:00+00:00,3016.25,2206.75
2024-01-01 12:00:00+00:00,3014.75,2246.75
2024-01-01 13:00:00+00:00,3015.5,2248.75
2024-01-01 14:00:00+00:00,2850.75,2160.75
2024-01-01 15:00:00+00:00,2501.0,1937.75
2024-01-01 16:00:00+00:00,2418.75,1723.5
2024-01-01 17:00:00+00:00,2859.5,1536.25
2024-01-01 18:00:00+00:00,2724.25,1443.25
2024-01-01 19:00:00+00:00,2225.0,1453.75
2024-01-01 20:00:00+00:00,2887.75,1353.0
2024-01-01 21:00:00+00:00,2930.0,1391.25
2024-01-01 22:00:00+00:00,2891.75,1543.25
2024-01-01 23:00:00+00:00,2478.25,1344.25
2024-01-02 00:00:00+00:00,2231.75,1483.75
2024-01-02 01:00:00+00:00,2271.5,1781.25
2024-01-02 02:00:00+00:00,2401.0,1912.0
2024-01-02 03:00:00+00:00,2463.25,2016.0
2024-01-02 04:00:00+00:00,2722.75,2046.5
2024-01-02 05:00:00+00:00,2306.75,1816.75
2024-01-02 06:00:00+00:00,3073.5,2003.25
2024-01-02 07:00:00+00:00,3173.5,2161.0
2024-01-02 08:00:00+00:00,3153.75,1937.75
2024-01-02 09:00:00+00:00,2523.0,1684.25
2024-01-02 10:00:00+00:00,2269.75,1535.0
2024-01-02 11:00:00+00:00,2583.5,1203.75
2024-01-02 12:00:00+00:00,2579.75,1170.25
2024-01-02 13:00:00+00:00,2557.0,1285.25
2024-01-02 14:00:00+00:00,2622.0,1496.0
2024-01-02 15:00:00+00:00,2756.0,1832.5
2024-01-02 16:00:00+00:00,2297.25,2061.75
2024-01-02 17:00:00+00:00,2083.25,2256.5
2024-01-02 18:00:00+00:00,1724.75,2295.5
2024-01-02 19:00:00+00:00,1360.5,2250.25
2024-01-02 20:00:00+00:00,1390.0,2186.0
2024-01-02 21:00:00+00:00,1361.5,1883.75
2024-01-02 22:00:00+00:00,1608.75,1709.0
2024-01-02 23:00:00+00:00,1121.5,1780.5
2024-01-03 00:00:00+00:00,1100.25,1937.0
2024-01-03 01:00:00+00:00,1377.75,1937.0
2024-01-03 02:00:00+00:00,2152.0,1879.5
2024-01-03 03:00:00+00:00,2101.5,1989.75
2024-01-03 04:00:00+00:00,2195.0,1971.0
2024-01-03 05:00:00+00:00,2737.5,2304.25
2024-01-03 06:00:00+00:00,2939.5,2325.0
2024-01-03 07:00:00+00:00,3003.5,2264.0
2024-01-03 08:00:00+00:00,3072.25,2217.75
2024-01-03 09:00:00+00:00,3074.5,2203.5
2024-01-03 10:00:00+00:00,3045.0,2253.75
2024-01-03 11:00:00+00:00,3137.5,2264.75
2024-01-03 12:00:00+00:00,3112.0,2218.0
2024-01-03 13:00:00+00:00,2974.75,2061.5
2024-01-03 14:00:00+00:00,2641.25,1806.25
2024-01-03 15:00:00+00:00,2506.5,1362.0
2024-01-03 16:00:00+00:00,2174.5,1183.25
2024-01-03 17:00:00+00:00,2033.0,953.25
2024-01-03 18:00:00+00:00,2027.0,908.5
2024-01-03 19:00:00+00:00,2062.75,817.75
2024-01-03 20:00:00+00:00,2125.0,900.25
2024-01-03 21:00:00+00:00,2167.25,986.5
2024-01-03 22:00:00+00:00,2076.75,1167.5
2024-01-03 23:00:00+00:00,1866.0,1332.75
2024-01-04 00:00:00+00:00,1854.0,1468.25
2024-01-04 01:00:00+00:00,1847.0,1312.25
2024-01-04 02:00:00+00:00,1959.75,1244.0
2024-01-04 03:00:00+00:00,1773.5,1070.0
2024-01-04 04:00:00+00:00,1485.25,920.25
2024-01-04 05:00:00+00:00,1366.5,709.75
2024-01-04 06:00:00+00:00,1666.25,481.5
2024-01-04 07:00:00+00:00,1664.0,381.75
2024-01-04 08:00:00+00:00,1456.25,281.75
2024-01-04 09:00:00+00:00,1337.25,297.0
2024-01-04 10:00:00+00:00,1134.75,258.5
2024-01-04 11:00:00+00:00,663.0,283.25
2024-01-04 12:00:00+00:00,515.75,301.75
2024-01-04 13:00:00+00:00,501.0,249.75
2024-01-04 14:00:00+00:00,346.0,202.5
2024-01-04 15:00:00+00:00,256.25,213.75
2024-01-04 16:00:00+00:00,329.25,297.25
2024-01-04 17:00:00+00:00,525.25,373.0
2024-01-04 18:00:00+00:00,920.25,415.0
2024-01-04 19:00:00+00:00,1525.75,446.75
2024-01-04 20:00:00+00:00,2020.75,544.25
2024-01-04 21:00:00+00:00,2248.5,683.75
2024-01-04 22:00:00+00:00,2595.0,825.5
2024-01-04 23:00:00+00:00,2751.25,1009.0
2024-01-05 00:00:00+00:00,2950.5,1291.75
2024-01-05 01:00:00+00:00,2910.0,1382.25
2024-01-05 02:00:00+00:00,2921.0,1437.75
2024-01-05 03:00:00+00:00,2969.0,1417.0
2024-01-05 04:00:00+00:00,2908.25,1473.0
2024-01-05 05:00:00+00:00,2630.75,1457.0
2024-01-05 06:00:00+00:00,2397.25,1491.5
2024-01-05 07:00:00+00:00,2222.0,1341.25
2024-01-05 08:00:00+00:00,1478.75,1216.5
2024-01-05 09:00:00+00:00,1106.5,1016.75
2024-01-05 10:00:00+00:00,918.5,845.75
2024-01-05 11:00:00+00:00,918.75,641.75
2024-01-05 12:00:00+00:00,1152.5,466.75
2024-01-05 13:00:00+00:00,1647.75,348.0
2024-01-05 14:00:00+00:00,1535.0,264.5
2024-01-05 15:00:00+00:00,2219.0,252.25
2024-01-05 16:00:00+00:00,2542.0,314.5
2024-01-05 17:00:00+00:00,2489.75,350.5
2024-01-05 18:00:00+00:00,2461.25,369.0
2024-01-05 19:00:00+00:00,2424.25,504.25
2024-01-05 20:00:00+00:00,2453.0,481.0
2024-01-05 21:00:00+00:00,2547.25,453.75
2024-01-05 22:00:00+00:00,2586.5,500.5
2024-01-05 23:00:00+00:00,2563.75,570.0
2024-01-06 00:00:00+00:00,2485.25,604.5
2024-01-06 01:00:00+00:00,2434.25,593.25
2024-01-06 02:00:00+00:00,2478.25,719.25
2024-01-06 03:00:00+00:00,2383.75,851.75
2024-01-06 04:00:00+00:00,2335.75,730.0
2024-01-06 05:00:00+00:00,2460.75,708.5
2024-01-06 06:00:00+00:00,2571.0,695.0
2024-01-06 07:00:00+00:00,2441.0,778.75
2024-01-06 08:00:00+00:00,2313.0,813.75
2024-01-06 09:00:00+00:00,2213.25,751.0
2024-01-06 10:00:00+00:00,2135.25,734.25
2024-01-06 11:00:00+00:00,2169.25,829.75
2024-01-06 12:00:00+00:00,2368.0,826.5
2024-01-06 13:00:00+00:00,2542.25,781.25
2024-01-06 14:00:00+00:00,2646.25,680.25
2024-01-06 15:00:00+00:00,2683.25,642.0
2024-01-06 16:00:00+00:00,2586.5,683.25
2024-01-06 17:00:00+00:00,2604.75,681.25
2024-01-06 18:00:00+00:00,2559.0,710.75
2024-01-06 19:00:00+00:00,2471.25,710.75
2024-01-06 20:00:00+00:00,2529.5,842.25
2024-01-06 21:00:00+00:00,2561.0,873.0
2024-01-06 22:00:00+00:00,2692.5,926.5
2024-01-06 23:00:00+00:00,2519.0,1025.0
2024-01-07 00:00:00+00:00,2740.75,911.0
2024-01-07 01:00:00+00:00,2997.0,979.75
2024-01-07 02:00:00+00:00,3003.0,1076.0
2024-01-07 03:00:00+00:00,3040.5,1154.75
2024-01-07 04:00:00+00:00,3053.5,1141.25
2024-01-07 05:00:00+00:00,3073.25,1254.25
2024-01-07 06:00:00+00:00,3066.0,1362.25
2024-01-07 07:00:00+00:00,3057.0,1400.25
2024-01-07 08:00:00+00:00,2932.25,1398.25
2024-01-07 09:00:00+00:00,2895.25,1475.0
2024-01-07 10:00:00+00:00,2898.75,1506.5
2024-01-07 11:00:00+00:00,2790.5,1435.25
2024-01-07 12:00:00+00:00,2613.5,1259.0
2024-01-07 13:00:00+00:00,2469.75,1221.75
2024-01-07 14:00:00+00:00,2619.75,1140.25
2024-01-07 15:00:00+00:00,2672.25,1036.5
2024-01-07 16:00:00+00:00,2710.25,965.25
2024-01-07 17:00:00+00:00,2837.25,937.5
2024-01-07 18:00:00+00:00,2849.0,979.75
2024-01-07 19:00:00+00:00,2825.0,942.25
2024-01-07 20:00:00+00:00,2806.25,841.25
2024-01-07 21:00:00+00:00,2752.0,872.0
2024-01-07 22:00:00+00:00,2942.0,812.25
2024-01-07 23:00:00+00:00,3093.75,899.25
2024-01-08 00:00:00+00:00,3028.25,828.75
2024-01-08 01:00:00+00:00,2982.75,802.25
2024-01-08 02:00:00+00:00,3023.25,903.5
2024-01-08 03:00:00+00:00,3080.5,1073.75
2024-01-08 04:00:00+00:00,3112.75,917.0
2024-01-08 05:00:00+00:00,2900.0,838.25
2024-01-08 06:00:00+00:00,2730.25,1055.25
2024-01-08 07:00:00+00:00,2872.25,1350.5
2024-01-08 08:00:00+00:00,3067.0,1338.0
2024-01-08 09:00:00+00:00,3063.25,1494.75
2024-01-08 10:00:00+00:00,3091.0,1738.0
2024-01-08 11:00:00+00:00,3178.5,1852.0
2024-01-08 12:00:00+00:00,3169.25,1904.25
2024-01-08 13:00:00+00:00,3179.5,1944.25
2024-01-08 14:00:00+00:00,3173.0,1946.75
2024-01-08 15:00:00+00:00,3185.25,1950.75
2024-01-08 16:00:00+00:00,3212.5,2014.5
2024-01-08 17:00:00+00:00,3213.5,1981.0
2024-01-08 18:00:00+00:00,3208.25,1957.75
2024-01-08 19:00:00+00:00,3188.75,1921.25
2024-01-08 20:00:00+00:00,3140.5,1900.5
2024-01-08 21:00:00+00:00,3049.0,1946.5
2024-01-08 22:00:00+00:00,2987.25,1932.75
2024-01-08 23:00:00+00:00,2929.5,1898.0
2024-01-09 00:00:00+00:00,2882.25,1768.25
2024-01-09 01:00:00+00:00,2822.0,1628.25
2024-01-09 02:00:00+00:00,2787.0,1609.5
2024-01-09 03:00:00+00:00,2750.75,1576.75
2024-01-09 04:00:00+00:00,2752.5,1541.75
2024-01-09 05:00:00+00:00,2721.5,1597.0
2024-01-09 06:00:00+00:00,2627.25,1511.5
2024-01-09 07:00:00+00:00,2592.75,1506.25
2024-01-09 08:00:00+00:00,2600.0,1426.75
2024-01-09 09:00:00+00:00,2600.0,1259.5
2024-01-09 10:00:00+00:00,2450.0,1146.0
2024-01-09 11:00:00+00:00,2308.0,1117.5
2024-01-09 12:00:00+00:00,2298.0,1147.25
2024-01-09 13:00:00+00:00,2418.5,1291.5
2024-01-09 14:00:00+00:00,2624.75,1466.25
2024-01-09 15:00:00+00:00,2689.75,1574.75
2024-01-09 16:00:00+00:00,2752.5,1709.75
2024-01-09 17:00:00+00:00,2740.25,1787.5
2024-01-09 18:00:00+00:00,2726.5,1771.0
2024-01-09 19:00:00+00:00,2720.75,1701.0
2024-01-09 20:00:00+00:00,2725.25,1537.0
2024-01-09 21:00:00+00:00,2645.5,1494.5
2024-01-09 22:00:00+00:00,2487.25,1433.25
2024-01-09 23:00:00+00:00,2286.75,1281.75
2024-01-10 00:00:00+00:00,2031.5,1144.25
2024-01-10 01:00:00+00:00,1946.0,1102.75
2024-01-10 02:00:00+00:00,1861.75,1160.75
2024-01-10 03:00:00+00:00,1827.25,1173.25
2024-01-10 04:00:00+00:00,1842.75,1244.5
2024-01-10 05:00:00+00:00,1862.75,1327.75
2024-01-10 06:00:00+00:00,1856.0,1333.5
2024-01-10 07:00:00+00:00,1920.0,1292.0
2024-01-10 08:00:00+00:00,1955.5,1147.0
2024-01-10 09:00:00+00:00,2155.0,958.75
2024-01-10 10:00:00+00:00,1772.0,781.5
2024-01-10 11:00:00+00:00,1447.75,688.5
2024-01-10 12:00:00+00:00,1268.75,640.5
2024-01-10 13:00:00+00:00,1273.5,663.5
2024-01-10 14:00:00+00:00,1481.5,714.75
2024-01-10 15:00:00+00:00,1731.5,837.0
2024-01-10 16:00:00+00:00,1974.0,969.0
2024-01-10 17:00:00+00:00,1954.75,994.75
2024-01-10 18:00:00+00:00,1777.25,885.75
2024-01-10 19:00:00+00:00,1374.75,728.0
2024-01-10 20:00:00+00:00,1193.0,646.0
2024-01-10 21:00:00+00:00,930.0,562.5
2024-01-10 22:00:00+00:00,657.25,482.0
2024-01-10 23:00:00+00:00,541.75,445.0
2024-01-11 00:00:00+00:00,420.5,386.0
2024-01-11 01:00:00+00:00,320.0,351.25
2024-01-11 02:00:00+00:00,362.5,302.75
2024-01-11 03:00:00+00:00,449.5,325.75
2024-01-11 04:00:00+00:00,745.5,351.0
2024-01-11 05:00:00+00:00,849.25,372.25
2024-01-11 06:00:00+00:00,1021.0,533.5
2024-01-11 07:00:00+00:00,970.5,394.0
2024-01-11 08:00:00+00:00,1024.0,369.0
2024-01-11 09:00:00+00:00,911.75,277.75
2024-01-11 10:00:00+00:00,978.0,242.0
2024-01-11 11:00:00+00:00,946.25,215.25
2024-01-11 12:00:00+00:00,1132.5,274.25
2024-01-11 13:00:00+00:00,1393.25,291.5
2024-01-11 14:00:00+00:00,1527.75,397.5
2024-01-11 15:00:00+00:00,1746.5,533.25
2024-01-11 16:00:00+00:00,1942.0,593.25
2024-01-11 17:00:00+00:00,1882.75,695.0
2024-01-11 18:00:00+00:00,1891.5,593.0
2024-01-11 19:00:00+00:00,1827.75,434.75
2024-01-11 20:00:00+00:00,1734.75,356.5
2024-01-11 21:00:00+00:00,1509.0,237.5
2024-01-11 22:00:00+00:00,1348.75,187.25
2024-01-11 23:00:00+00:00,1343.75,179.25
2024-01-12 00:00:00+00:00,1480.75,221.25
2024-01-12 01:00:00+00:00,1559.5,228.25
2024-01-12 02:00:00+00:00,1528.25,184.25
2024-01-12 03:00:00+00:00,1460.5,148.75
2024-01-12 04:00:00+00:00,1417.75,133.0
2024-01-12 05:00:00+00:00,1468.25,206.75
2024-01-12 06:00:00+00:00,1654.5,281.25
2024-01-12 07:00:00+00:00,1632.0,364.25
2024-01-12 08:00:00+00:00,1556.5,405.0
2024-01-12 09:00:00+00:00,1394.0,344.75
2024-01-12 10:00:00+00:00,1197.5,353.75
2024-01-12 11:00:00+00:00,1156.5,291.25
2024-01-12 12:00:00+00:00,1091.25,342.0
2024-01-12 13:00:00+00:00,914.25,316.75
2024-01-12 14:00:00+00:00,924.0,367.75
2024-01-12 15:00:00+00:00,855.5,409.75
2024-01-12 16:00:00+00:00,837.75,378.5
2024-01-12 17:00:00+00:00,790.0,376.25
2024-01-12 18:00:00+00:00,638.5,323.5
2024-01-12 19:00:00+00:00,535.5,318.0
2024-01-12 20:00:00+00:00,478.25,253.25
2024-01-12 21:00:00+00:00,430.25,252.0
2024-01-12 22:00:00+00:00,475.0,260.25
2024-01-12 23:00:00+00:00,525.75,348.5
2024-01-13 00:00:00+00:00,690.25,486.0
2024-01-13 01:00:00+00:00,859.25,473.25
2024-01-13 02:00:00+00:00,1177.5,569.0
2024-01-13 03:00:00+00:00,1537.25,723.0
2024-01-13 04:00:00+00:00,1881.0,832.0
2024-01-13 05:00:00+00:00,2211.25,919.5
2024-01-13 06:00:00+00:00,2212.25,1124.5
2024-01-13 07:00:00+00:00,2376.0,1383.5
2024-01-13 08:00:00+00:00,2249.0,1501.5
2024-01-13 09:00:00+00:00,1847.0,1406.25
2024-01-13 10:00:00+00:00,1617.25,1350.5
2024-01-13 11:00:00+00:00,1543.75,1261.5
2024-01-13 12:00:00+00:00,1562.5,1277.0
2024-01-13 13:00:00+00:00,1588.75,1378.75
2024-01-13 14:00:00+00:00,1700.75,1367.0
2024-01-13 15:00:00+00:00,1735.5,1331.5
2024-01-13 16:00:00+00:00,1778.25,1491.0
2024-01-13 17:00:00+00:00,1908.0,1508.0
2024-01-13 18:00:00+00:00,1888.25,1629.25
2024-01-13 19:00:00+00:00,1964.25,1717.0
2024-01-13 20:00:00+00:00,1886.5,1760.5
2024-01-13 21:00:00+00:00,1963.75,1729.5
2024-01-13 22:00:00+00:00,2020.5,1687.75
2024-01-13 23:00:00+00:00,2071.75,1759.0
2024-01-14 00:00:00+00:00,2008.25,1710.25
2024-01-14 01:00:00+00:00,1878.5,1670.25
2024-01-14 02:00:00+00:00,1922.75,1527.75
2024-01-14 03:00:00+00:00,1955.5,1351.75
2024-01-14 04:00:00+00:00,1840.25,1105.25
2024-01-14 05:00:00+00:00,1613.0,1024.0
2024-01-14 06:00:00+00:00,1613.25,925.25
2024-01-14 07:00:00+00:00,1698.0,925.75
2024-01-14 08:00:00+00:00,1715.0,1021.25
2024-01-14 09:00:00+00:00,2048.75,1043.25
2024-01-14 10:00:00+00:00,2064.75,1100.5
2024-01-14 11:00:00+00:00,2222.75,1132.75
2024-01-14 12:00:00+00:00,1953.0,1129.75
2024-01-14 13:00:00+00:00,1769.75,1318.25
2024-01-14 14:00:00+00:00,2079.25,1238.75
2024-01-14 15:00:00+00:00,2389.0,1292.75
2024-01-14 16:00:00+00:00,2814.0,1379.25
2024-01-14 17:00:00+00:00,3046.25,1552.5
2024-01-14 18:00:00+00:00,3138.0,1665.25
2024-01-14 19:00:00+00:00,3192.75,1857.25
2024-01-14 20:00:00+00:00,3232.5,1882.0
2024-01-14 21:00:00+00:00,3212.25,1917.5
2024-01-14 22:00:00+00:00,3279.5,1779.5
2024-01-14 23:00:00+00:00,3221.25,1851.25
2024-01-15 00:00:00+00:00,3205.75,1946.75
2024-01-15 01:00:00+00:00,3124.5,2034.75
2024-01-15 02:00:00+00:00,3114.25,1945.75
2024-01-15 03:00:00+00:00,3003.5,1790.75
2024-01-15 04:00:00+00:00,3019.25,1562.75
2024-01-15 05:00:00+00:00,3159.75,1694.0
2024-01-15 06:00:00+00:00,3158.0,1614.5
2024-01-15 07:00:00+00:00,3189.0,1572.0
2024-01-15 08:00:00+00:00,3257.75,1594.75
2024-01-15 09:00:00+00:00,3254.25,1594.5
2024-01-15 10:00:00+00:00,3276.75,1812.25
2024-01-15 11:00:00+00:00,3192.5,1840.5
2024-01-15 12:00:00+00:00,3148.5,1819.0
2024-01-15 13:00:00+00:00,3258.0,1719.75
2024-01-15 14:00:00+00:00,3198.25,1871.5
2024-01-15 15:00:00+00:00,3212.25,2024.25
2024-01-15 16:00:00+00:00,3284.75,1942.5
2024-01-15 17:00:00+00:00,3269.25,1804.25
2024-01-15 18:00:00+00:00,3159.25,1669.25
2024-01-15 19:00:00+00:00,2994.0,1358.75
2024-01-15 20:00:00+00:00,2803.75,1433.25
2024-01-15 21:00:00+00:00,2633.5,1239.5
2024-01-15 22:00:00+00:00,2715.5,1072.5
2024-01-15 23:00:00+00:00,2299.25,1062.25
2024-01-16 00:00:00+00:00,2007.0,974.75
2024-01-16 01:00:00+00:00,1606.25,1043.25
2024-01-16 02:00:00+00:00,1545.0,1040.25
2024-01-16 03:00:00+00:00,1503.5,874.75
2024-01-16 04:00:00+00:00,1695.25,1002.5
2024-01-16 05:00:00+00:00,1742.0,704.0
2024-01-16 06:00:00+00:00,1637.0,944.75
2024-01-16 07:00:00+00:00,1757.5,874.25
2024-01-16 08:00:00+00:00,1785.0,887.75
2024-01-16 09:00:00+00:00,1551.75,1074.75
2024-01-16 10:00:00+00:00,1649.75,640.25
2024-01-16 11:00:00+00:00,1726.5,754.0
2024-01-16 12:00:00+00:00,1499.5,863.5
2024-01-16 13:00:00+00:00,1563.75,835.75
2024-01-16 14:00:00+00:00,1417.5,900.75
2024-01-16 15:00:00+00:00,1511.75,921.75
2024-01-16 16:00:00+00:00,1916.5,1126.0
2024-01-16 17:00:00+00:00,2189.0,1351.5
2024-01-16 18:00:00+00:00,2376.5,1514.75
2024-01-16 19:00:00+00:00,2704.0,1687.0
2024-01-16 20:00:00+00:00,2874.5,1955.5
2024-01-16 21:00:00+00:00,2678.5,1899.25
2024-01-16 22:00:00+00:00,2773.5,1808.25
2024-01-16 23:00:00+00:00,2750.0,1651.75
2024-01-17 00:00:00+00:00,2451.25,1699.5
2024-01-17 01:00:00+00:00,2406.0,1664.25
2024-01-17 02:00:00+00:00,2235.5,1489.0
2024-01-17 03:00:00+00:00,2032.0,1331.5
2024-01-17 04:00:00+00:00,1792.75,1174.25
2024-01-17 05:00:00+00:00,1544.25,982.5
2024-01-17 06:00:00+00:00,1196.5,884.5
2024-01-17 07:00:00+00:00,916.25,701.5
2024-01-17 08:00:00+00:00,650.5,604.75
2024-01-17 09:00:00+00:00,470.75,422.5
2024-01-17 10:00:00+00:00,330.75,296.0
2024-01-17 11:00:00+00:00,187.25,178.0
2024-01-17 12:00:00+00:00,172.0,100.25
2024-01-17 13:00:00+00:00,195.5,56.25
2024-01-17 14:00:00+00:00,217.75,42.75
2024-01-17 15:00:00+00:00,235.75,36.75
2024-01-17 16:00:00+00:00,443.0,38.25
2024-01-17 17:00:00+00:00,652.0,62.0
2024-01-17 18:00:00+00:00,1333.25,129.75
2024-01-17 19:00:00+00:00,1396.25,214.75
2024-01-17 20:00:00+00:00,1226.5,313.75
2024-01-17 21:00:00+00:00,1205.5,344.75
2024-01-17 22:00:00+00:00,1155.25,335.5
2024-01-17 23:00:00+00:00,1087.25,319.75
2024-01-18 00:00:00+00:00,878.0,259.25
2024-01-18 01:00:00+00:00,948.5,228.25
2024-01-18 02:00:00+00:00,1171.0,188.5
2024-01-18 03:00:00+00:00,750.0,220.5
2024-01-18 04:00:00+00:00,988.0,244.25
2024-01-18 05:00:00+00:00,1045.0,262.5
2024-01-18 06:00:00+00:00,1076.75,220.75
2024-01-18 07:00:00+00:00,1273.75,200.75
2024-01-18 08:00:00+00:00,1642.0,217.5
2024-01-18 09:00:00+00:00,1531.25,241.5
2024-01-18 10:00:00+00:00,1504.5,244.5
2024-01-18 11:00:00+00:00,1259.0,350.25
2024-01-18 12:00:00+00:00,1157.5,381.75
2024-01-18 13:00:00+00:00,1026.5,308.25
2024-01-18 14:00:00+00:00,1008.25,258.75
2024-01-18 15:00:00+00:00,690.5,194.75
2024-01-18 16:00:00+00:00,722.5,210.0
2024-01-18 17:00:00+00:00,764.25,285.5
2024-01-18 18:00:00+00:00,1105.25,438.25
2024-01-18 19:00:00+00:00,1608.5,604.5
2024-01-18 20:00:00+00:00,1763.25,753.75
2024-01-18 21:00:00+00:00,1734.25,979.5
2024-01-18 22:00:00+00:00,2329.5,1185.75
2024-01-18 23:00:00+00:00,2310.0,1163.75
2024-01-19 00:00:00+00:00,2207.75,1377.25
2024-01-19 01:00:00+00:00,2348.25,1286.75
2024-01-19 02:00:00+00:00,2254.75,1101.75
2024-01-19 03:00:00+00:00,2051.5,1128.0
2024-01-19 04:00:00+00:00,1936.5,790.75
2024-01-19 05:00:00+00:00,1629.25,522.75
2024-01-19 06:00:00+00:00,1297.75,572.0
2024-01-19 07:00:00+00:00,1277.5,661.0
2024-01-19 08:00:00+00:00,1179.75,666.0
2024-01-19 09:00:00+00:00,1253.25,880.0
2024-01-19 10:00:00+00:00,1591.75,1196.5
2024-01-19 11:00:00+00:00,1775.0,1272.0
2024-01-19 12:00:00+00:00,1877.0,1528.0
2024-01-19 13:00:00+00:00,2023.5,1684.5
2024-01-19 14:00:00+00:00,2063.0,1616.0
2024-01-19 15:00:00+00:00,2049.25,1595.5
2024-01-19 16:00:00+00:00,2111.5,1786.75
2024-01-19 17:00:00+00:00,2219.0,1894.25
2024-01-19 18:00:00+00:00,2245.75,1971.75
2024-01-19 19:00:00+00:00,2332.25,1997.25
2024-01-19 20:00:00+00:00,2284.75,1971.25
2024-01-19 21:00:00+00:00,2461.5,1967.0
2024-01-19 22:00:00+00:00,2539.0,1940.0
2024-01-19 23:00:00+00:00,2697.75,1938.0
2024-01-20 00:00:00+00:00,2865.5,1921.75
2024-01-20 01:00:00+00:00,2630.5,1912.0
2024-01-20 02:00:00+00:00,2421.5,1931.25
2024-01-20 03:00:00+00:00,2334.5,1913.25
2024-01-20 04:00:00+00:00,2306.5,1880.75
2024-01-20 05:00:00+00:00,2397.0,1933.0
2024-01-20 06:00:00+00:00,2582.75,1961.5
2024-01-20 07:00:00+00:00,2842.5,1869.25
2024-01-20 08:00:00+00:00,2929.0,1859.75
2024-01-20 09:00:00+00:00,2915.25,1940.75
2024-01-20 10:00:00+00:00,2867.0,1886.0
2024-01-20 11:00:00+00:00,2792.0,1800.25
2024-01-20 12:00:00+00:00,2677.5,1694.75
2024-01-20 13:00:00+00:00,2710.25,1655.75
2024-01-20 14:00:00+00:00,2643.75,1516.5
2024-01-20 15:00:00+00:00,2651.5,1494.0
2024-01-20 16:00:00+00:00,2757.5,1722.5
2024-01-20 17:00:00+00:00,2924.5,1843.5
2024-01-20 18:00:00+00:00,3074.25,1933.75
2024-01-20 19:00:00+00:00,3132.0,2002.75
2024-01-20 20:00:00+00:00,3202.25,2001.5
2024-01-20 21:00:00+00:00,3213.75,1846.0
2024-01-20 22:00:00+00:00,3207.0,1861.5
2024-01-20 23:00:00+00:00,3252.5,1883.25
2024-01-21 00:00:00+00:00,3252.5,1975.75
2024-01-21 01:00:00+00:00,3256.25,2094.0
2024-01-21 02:00:00+00:00,3257.75,2149.25
2024-01-21 03:00:00+00:00,3252.0,2330.5
2024-01-21 04:00:00+00:00,3251.0,2356.0
2024-01-21 05:00:00+00:00,3248.0,2358.25
2024-01-21 06:00:00+00:00,3246.5,2393.75
2024-01-21 07:00:00+00:00,3249.5,2396.75
2024-01-21 08:00:00+00:00,3230.75,2098.25
2024-01-21 09:00:00+00:00,3228.0,2102.5
2024-01-21 10:00:00+00:00,3245.75,2401.25
2024-01-21 11:00:00+00:00,3246.75,2391.25
2024-01-21 12:00:00+00:00,3247.75,2383.25
2024-01-21 13:00:00+00:00,3249.75,2399.5
2024-01-21 14:00:00+00:00,3245.75,2399.5
2024-01-21 15:00:00+00:00,3238.0,2313.0
2024-01-21 16:00:00+00:00,3245.5,2373.25
2024-01-21 17:00:00+00:00,3244.0,2430.5
2024-01-21 18:00:00+00:00,3228.5,2453.25
2024-01-21 19:00:00+00:00,3218.25,2417.0
2024-01-21 20:00:00+00:00,2989.25,2454.75
2024-01-21 21:00:00+00:00,2393.75,2464.5
2024-01-21 22:00:00+00:00,1504.0,2384.25
2024-01-21 23:00:00+00:00,1152.75,1433.5
2024-01-22 00:00:00+00:00,1233.5,1857.75
2024-01-22 01:00:00+00:00,1151.0,2200.5
2024-01-22 02:00:00+00:00,1200.5,2149.5
2024-01-22 03:00:00+00:00,979.25,2103.25
2024-01-22 04:00:00+00:00,802.5,1997.25
2024-01-22 05:00:00+00:00,1116.75,1814.5
2024-01-22 06:00:00+00:00,1747.25,1988.25
2024-01-22 07:00:00+00:00,2338.25,2102.5
2024-01-22 08:00:00+00:00,2893.5,2327.0
2024-01-22 09:00:00+00:00,2933.25,2378.0
2024-01-22 10:00:00+00:00,2942.75,2351.5
2024-01-22 11:00:00+00:00,2916.25,2192.75
2024-01-22 12:00:00+00:00,2906.0,2290.75
2024-01-22 13:00:00+00:00,2950.0,2446.75
2024-01-22 14:00:00+00:00,2962.0,2431.75
2024-01-22 15:00:00+00:00,2967.75,2406.0
2024-01-22 16:00:00+00:00,2968.75,2444.75
2024-01-22 17:00:00+00:00,2968.25,2454.75
2024-01-22 18:00:00+00:00,2975.0,2443.25
2024-01-22 19:00:00+00:00,2974.0,2484.25
2024-01-22 20:00:00+00:00,2949.0,2499.25
2024-01-22 21:00:00+00:00,2945.5,2474.75
2024-01-22 22:00:00+00:00,2751.5,2456.5
2024-01-22 23:00:00+00:00,2749.25,2443.75
2024-01-23 00:00:00+00:00,2650.75,2422.75
2024-01-23 01:00:00+00:00,2773.0,2475.25
2024-01-23 02:00:00+00:00,2813.75,2422.0
2024-01-23 03:00:00+00:00,2575.75,2348.25
2024-01-23 04:00:00+00:00,2883.75,2357.75
2024-01-23 05:00:00+00:00,2932.0,2297.75
2024-01-23 06:00:00+00:00,2543.25,2145.75
2024-01-23 07:00:00+00:00,2198.75,2001.5
2024-01-23 08:00:00+00:00,2151.5,1783.75
2024-01-23 09:00:00+00:00,2048.0,1696.5
2024-01-23 10:00:00+00:00,2453.25,1712.25
2024-01-23 11:00:00+00:00,2788.5,1856.75
2024-01-23 12:00:00+00:00,2944.75,1757.0
2024-01-23 13:00:00+00:00,2959.75,1936.75
2024-01-23 14:00:00+00:00,2962.5,2160.25
2024-01-23 15:00:00+00:00,2957.5,2333.5
2024-01-23 16:00:00+00:00,2959.25,2461.5
2024-01-23 17:00:00+00:00,2958.0,2511.5
2024-01-23 18:00:00+00:00,2956.25,2511.0
2024-01-23 19:00:00+00:00,2949.25,2516.25
2024-01-23 20:00:00+00:00,2870.75,2482.25
2024-01-23 21:00:00+00:00,2404.5,2409.75
2024-01-23 22:00:00+00:00,1878.75,2336.0
2024-01-23 23:00:00+00:00,1753.75,2105.5
2024-01-24 00:00:00+00:00,1457.0,1955.5
2024-01-24 01:00:00+00:00,1441.75,1745.5
2024-01-24 02:00:00+00:00,1699.0,1658.0
2024-01-24 03:00:00+00:00,1303.25,1766.25
2024-01-24 04:00:00+00:00,2041.5,1871.75
2024-01-24 05:00:00+00:00,2082.75,2039.25
2024-01-24 06:00:00+00:00,2035.25,2044.0
2024-01-24 07:00:00+00:00,1956.75,2099.0
2024-01-24 08:00:00+00:00,1955.5,2109.0
2024-01-24 09:00:00+00:00,1985.25,2010.0
2024-01-24 10:00:00+00:00,1983.75,2211.25
2024-01-24 11:00:00+00:00,2157.75,2371.25
2024-01-24 12:00:00+00:00,2371.75,2449.0
2024-01-24 13:00:00+00:00,2801.25,2406.25
2024-01-24 14:00:00+00:00,2869.75,2465.75
2024-01-24 15:00:00+00:00,2809.25,2288.5
2024-01-24 16:00:00+00:00,2668.25,2278.75
2024-01-24 17:00:00+00:00,2197.75,2145.5
2024-01-24 18:00:00+00:00,2435.5,2042.25
2024-01-24 19:00:00+00:00,2530.0,1969.0
2024-01-24 20:00:00+00:00,2469.25,2023.0
2024-01-24 21:00:00+00:00,2569.25,1957.5
2024-01-24 22:00:00+00:00,2558.5,1981.25
2024-01-24 23:00:00+00:00,2366.25,1999.75
2024-01-25 00:00:00+00:00,2099.75,1863.25
2024-01-25 01:00:00+00:00,1902.0,1726.75
2024-01-25 02:00:00+00:00,1601.75,1511.25
2024-01-25 03:00:00+00:00,1230.25,1137.5
2024-01-25 04:00:00+00:00,907.25,943.75
2024-01-25 05:00:00+00:00,771.5,759.0
2024-01-25 06:00:00+00:00,508.25,620.5
2024-01-25 07:00:00+00:00,395.75,530.5
2024-01-25 08:00:00+00:00,409.25,419.5
2024-01-25 09:00:00+00:00,524.5,415.0
2024-01-25 10:00:00+00:00,737.0,431.25
2024-01-25 11:00:00+00:00,1102.75,463.75
2024-01-25 12:00:00+00:00,1367.75,456.75
2024-01-25 13:00:00+00:00,1416.5,469.0
2024-01-25 14:00:00+00:00,1802.5,563.5
2024-01-25 15:00:00+00:00,1972.25,830.75
2024-01-25 16:00:00+00:00,2388.0,1083.0
2024-01-25 17:00:00+00:00,2510.25,1329.5
2024-01-25 18:00:00+00:00,2560.0,1266.0
2024-01-25 19:00:00+00:00,2665.75,1336.75
2024-01-25 20:00:00+00:00,2681.0,1277.5
2024-01-25 21:00:00+00:00,2960.5,1354.25
2024-01-25 22:00:00+00:00,3064.5,1566.25
2024-01-25 23:00:00+00:00,3123.5,1689.25
2024-01-26 00:00:00+00:00,3156.75,1811.25
2024-01-26 01:00:00+00:00,3178.0,1839.25
2024-01-26 02:00:00+00:00,3179.25,1926.25
2024-01-26 03:00:00+00:00,3161.5,2134.5
2024-01-26 04:00:00+00:00,3180.75,2276.0
2024-01-26 05:00:00+00:00,3178.75,2386.75
2024-01-26 06:00:00+00:00,3173.0,2407.75
2024-01-26 07:00:00+00:00,3174.75,2423.25
2024-01-26 08:00:00+00:00,3149.25,2403.75
2024-01-26 09:00:00+00:00,3172.0,2391.25
2024-01-26 10:00:00+00:00,3176.5,2340.0
2024-01-26 11:00:00+00:00,3085.0,2461.5
2024-01-26 12:00:00+00:00,3177.5,2450.0
2024-01-26 13:00:00+00:00,3102.75,2384.25
2024-01-26 14:00:00+00:00,2833.0,2254.5
2024-01-26 15:00:00+00:00,2529.25,2027.75
2024-01-26 16:00:00+00:00,2278.25,1913.0
2024-01-26 17:00:00+00:00,2291.5,1812.25
2024-01-26 18:00:00+00:00,2309.5,1758.5
2024-01-26 19:00:00+00:00,2140.25,1562.0
2024-01-26 20:00:00+00:00,1840.5,1420.25
2024-01-26 21:00:00+00:00,1727.25,1332.25
2024-01-26 22:00:00+00:00,1743.75,1278.0
2024-01-26 23:00:00+00:00,1652.25,1318.5
2024-01-27 00:00:00+00:00,1520.75,1267.5
2024-01-27 01:00:00+00:00,1294.25,1205.75
2024-01-27 02:00:00+00:00,1053.25,1067.0
2024-01-27 03:00:00+00:00,1115.5,1030.25
2024-01-27 04:00:00+00:00,1188.0,1037.25
2024-01-27 05:00:00+00:00,1199.0,1345.25
2024-01-27 06:00:00+00:00,1142.25,1445.75
2024-01-27 07:00:00+00:00,1236.0,1317.25
2024-01-27 08:00:00+00:00,1189.0,1248.25
2024-01-27 09:00:00+00:00,1267.75,1058.25
2024-01-27 10:00:00+00:00,1287.75,909.25
2024-01-27 11:00:00+00:00,1329.25,821.0
2024-01-27 12:00:00+00:00,1314.5,798.25
2024-01-27 13:00:00+00:00,1114.25,676.0
2024-01-27 14:00:00+00:00,967.5,534.25
2024-01-27 15:00:00+00:00,966.5,439.25
2024-01-27 16:00:00+00:00,1065.0,498.0
2024-01-27 17:00:00+00:00,1227.75,571.0
2024-01-27 18:00:00+00:00,1166.75,656.0
2024-01-27 19:00:00+00:00,1237.5,710.25
2024-01-27 20:00:00+00:00,1375.5,776.0
2024-01-27 21:00:00+00:00,1496.25,812.25
2024-01-27 22:00:00+00:00,1427.75,917.75
2024-01-27 23:00:00+00:00,1335.5,1019.25
2024-01-28 00:00:00+00:00,1293.25,881.0
2024-01-28 01:00:00+00:00,1406.75,828.75
2024-01-28 02:00:00+00:00,1648.25,903.0
2024-01-28 03:00:00+00:00,1645.5,1001.25
2024-01-28 04:00:00+00:00,1722.5,1114.0
2024-01-28 05:00:00+00:00,1625.25,1153.0
2024-01-28 06:00:00+00:00,1694.75,1049.75
2024-01-28 07:00:00+00:00,1867.5,1038.0
2024-01-28 08:00:00+00:00,1905.25,1065.5
2024-01-28 09:00:00+00:00,1838.0,1017.5
2024-01-28 10:00:00+00:00,1677.5,847.75
2024-01-28 11:00:00+00:00,1560.25,714.75
2024-01-28 12:00:00+00:00,1686.0,704.5
2024-01-28 13:00:00+00:00,1848.0,856.25
2024-01-28 14:00:00+00:00,1995.75,995.5
2024-01-28 15:00:00+00:00,2114.5,1179.75
2024-01-28 16:00:00+00:00,2384.5,1404.75
2024-01-28 17:00:00+00:00,2510.75,1763.75
2024-01-28 18:00:00+00:00,2594.75,1899.0
2024-01-28 19:00:00+00:00,2607.0,1944.0
2024-01-28 20:00:00+00:00,2545.5,2004.0
2024-01-28 21:00:00+00:00,2390.0,1983.75
2024-01-28 22:00:00+00:00,2316.0,1828.5
2024-01-28 23:00:00+00:00,2169.5,1805.0
2024-01-29 00:00:00+00:00,1968.5,1717.5
2024-01-29 01:00:00+00:00,1723.0,1405.75
2024-01-29 02:00:00+00:00,1623.0,1247.5
2024-01-29 03:00:00+00:00,1368.5,1165.25
2024-01-29 04:00:00+00:00,1314.5,1158.75
2024-01-29 05:00:00+00:00,1322.75,1077.0
2024-01-29 06:00:00+00:00,1295.5,1064.0
2024-01-29 07:00:00+00:00,1261.0,953.75
2024-01-29 08:00:00+00:00,1146.5,892.25
2024-01-29 09:00:00+00:00,1154.5,802.0
2024-01-29 10:00:00+00:00,1094.75,587.0
2024-01-29 11:00:00+00:00,987.75,418.5
2024-01-29 12:00:00+00:00,855.25,339.75
2024-01-29 13:00:00+00:00,775.75,281.5
2024-01-29 14:00:00+00:00,765.25,266.5
2024-01-29 15:00:00+00:00,891.25,307.75
2024-01-29 16:00:00+00:00,1114.0,498.75
2024-01-29 17:00:00+00:00,1411.5,726.5
2024-01-29 18:00:00+00:00,1715.75,852.0
2024-01-29 19:00:00+00:00,1952.25,964.75
2024-01-29 20:00:00+00:00,2187.0,1097.75
2024-01-29 21:00:00+00:00,2329.75,1124.75
2024-01-29 22:00:00+00:00,2528.25,1125.75
2024-01-29 23:00:00+00:00,2673.75,1201.25
2024-01-30 00:00:00+00:00,2356.25,1219.75
2024-01-30 01:00:00+00:00,2308.0,1257.25
2024-01-30 02:00:00+00:00,2444.5,1202.5
2024-01-30 03:00:00+00:00,2905.25,1402.25
2024-01-30 04:00:00+00:00,3153.25,1460.0
2024-01-30 05:00:00+00:00,3272.5,1494.0
2024-01-30 06:00:00+00:00,3306.0,1592.75
2024-01-30 07:00:00+00:00,3308.25,1796.25
2024-01-30 08:00:00+00:00,3313.0,1869.75
2024-01-30 09:00:00+00:00,3315.75,1948.5
2024-01-30 10:00:00+00:00,3303.0,2072.0
2024-01-30 11:00:00+00:00,3179.0,2193.5
2024-01-30 12:00:00+00:00,3145.5,2198.0
2024-01-30 13:00:00+00:00,2855.5,2119.25
2024-01-30 14:00:00+00:00,2621.5,2063.5
2024-01-30 15:00:00+00:00,2334.0,1929.0
2024-01-30 16:00:00+00:00,1960.75,1668.0
2024-01-30 17:00:00+00:00,1810.25,1447.75
2024-01-30 18:00:00+00:00,1596.0,1284.25
2024-01-30 19:00:00+00:00,1401.75,1178.25
2024-01-30 20:00:00+00:00,1127.25,925.25
2024-01-30 21:00:00+00:00,889.25,696.75
2024-01-30 22:00:00+00:00,688.75,536.5
2024-01-30 23:00:00+00:00,711.0,379.5
2024-01-31 00:00:00+00:00,770.5,465.0
2024-01-31 01:00:00+00:00,667.5,292.0
2024-01-31 02:00:00+00:00,475.5,231.75
2024-01-31 03:00:00+00:00,567.75,258.75
2024-01-31 04:00:00+00:00,741.0,372.5
2024-01-31 05:00:00+00:00,967.75,473.0
2024-01-31 06:00:00+00:00,1319.25,751.25
2024-01-31 07:00:00+00:00,1432.25,739.5
2024-01-31 08:00:00+00:00,1796.0,662.0
2024-01-31 09:00:00+00:00,2100.0,705.5
2024-01-31 10:00:00+00:00,2337.25,881.75
2024-01-31 11:00:00+00:00,2445.0,1118.5
2024-01-31 12:00:00+00:00,2915.5,1466.25
2024-01-31 13:00:00+00:00,3119.25,1906.75
2024-01-31 14:00:00+00:00,3265.0,1971.0
2024-01-31 15:00:00+00:00,3343.0,2003.0
2024-01-31 16:00:00+00:00,3353.5,2278.75
2024-01-31 17:00:00+00:00,3389.5,2366.75
2024-01-31 18:00:00+00:00,3388.75,2438.25
2024-01-31 19:00:00+00:00,3363.25,2469.0
2024-01-31 20:00:00+00:00,3358.0,2492.5
2024-01-31 21:00:00+00:00,3354.0,2487.0
2024-01-31 22:00:00+00:00,3291.0,2423.0
2024-01-31 23:00:00+00:00,3326.0,2307.0
2024-02-01 00:00:00+00:00,3307.25,2263.5
2024-02-01 01:00:00+00:00,3157.25,2147.0
2024-02-01 02:00:00+00:00,2823.75,1835.5
2024-02-01 03:00:00+00:00,2564.75,1598.75
2024-02-01 04:00:00+00:00,2435.25,1445.25
2024-02-01 05:00:00+00:00,2358.0,1341.0
2024-02-01 06:00:00+00:00,2344.25,1332.0
2024-02-01 07:00:00+00:00,2295.25,1287.25
2024-02-01 08:00:00+00:00,2171.25,1198.75
2024-02-01 09:00:00+00:00,1978.25,1195.25
2024-02-01 10:00:00+00:00,1703.75,1195.0
2024-02-01 11:00:00+00:00,1493.5,1196.25
2024-02-01 12:00:00+00:00,1291.25,1002.5
2024-02-01 13:00:00+00:00,1145.0,801.25
2024-02-01 14:00:00+00:00,1217.0,630.5
2024-02-01 15:00:00+00:00,1107.0,592.25
2024-02-01 16:00:00+00:00,809.0,574.5
2024-02-01 17:00:00+00:00,808.5,611.5
2024-02-01 18:00:00+00:00,761.75,701.5
2024-02-01 19:00:00+00:00,1103.25,932.0
2024-02-01 20:00:00+00:00,1124.25,1050.0
2024-02-01 21:00:00+00:00,1560.0,1154.0
2024-02-01 22:00:00+00:00,2098.75,1435.5
2024-02-01 23:00:00+00:00,2594.25,1598.0
2024-02-02 00:00:00+00:00,3006.5,1783.25
2024-02-02 01:00:00+00:00,3233.75,1887.25
2024-02-02 02:00:00+00:00,3326.0,1959.75
2024-02-02 03:00:00+00:00,3336.75,2032.75
2024-02-02 04:00:00+00:00,3240.25,2057.25
2024-02-02 05:00:00+00:00,3210.75,2076.25
2024-02-02 06:00:00+00:00,3203.0,2017.25
2024-02-02 07:00:00+00:00,3244.75,2043.0
2024-02-02 08:00:00+00:00,3159.0,2071.5
2024-02-02 09:00:00+00:00,3264.25,2113.25
2024-02-02 10:00:00+00:00,3304.25,2024.0
2024-02-02 11:00:00+00:00,3365.0,2156.5
2024-02-02 12:00:00+00:00,3343.25,2202.0
2024-02-02 13:00:00+00:00,3318.25,2249.25
2024-02-02 14:00:00+00:00,3340.5,2250.0
2024-02-02 15:00:00+00:00,3339.75,2210.25
2024-02-02 16:00:00+00:00,3363.5,2136.0
2024-02-02 17:00:00+00:00,3374.75,2141.25
2024-02-02 18:00:00+00:00,3378.25,2166.5
2024-02-02 19:00:00+00:00,3369.75,2222.75
2024-02-02 20:00:00+00:00,3237.0,2335.25
2024-02-02 21:00:00+00:00,3020.5,2356.25
2024-02-02 22:00:00+00:00,3024.0,2259.5
2024-02-02 23:00:00+00:00,3241.75,2182.25
2024-02-03 00:00:00+00:00,3317.75,2231.0
2024-02-03 01:00:00+00:00,3332.75,2257.25
2024-02-03 02:00:00+00:00,3268.25,2178.75
2024-02-03 03:00:00+00:00,3257.5,2109.25
2024-02-03 04:00:00+00:00,3235.25,2063.25
2024-02-03 05:00:00+00:00,3266.0,2096.5
2024-02-03 06:00:00+00:00,3277.0,2056.5
2024-02-03 07:00:00+00:00,3176.0,2081.0
2024-02-03 08:00:00+00:00,2994.75,2136.75
2024-02-03 09:00:00+00:00,2870.5,2182.5
2024-02-03 10:00:00+00:00,2977.5,2128.0
2024-02-03 11:00:00+00:00,3139.0,2151.75
2024-02-03 12:00:00+00:00,3269.5,2193.25
2024-02-03 13:00:00+00:00,3146.5,2224.0
2024-02-03 14:00:00+00:00,3131.0,2064.5
2024-02-03 15:00:00+00:00,2906.0,2023.25
2024-02-03 16:00:00+00:00,2874.0,1912.0
2024-02-03 17:00:00+00:00,2866.0,1717.5
2024-02-03 18:00:00+00:00,2941.5,1680.25
2024-02-03 19:00:00+00:00,2791.5,1627.75
2024-02-03 20:00:00+00:00,3161.25,1547.75
2024-02-03 21:00:00+00:00,3269.25,1715.0
2024-02-03 22:00:00+00:00,3209.75,1802.25
2024-02-03 23:00:00+00:00,3167.5,1713.75
2024-02-04 00:00:00+00:00,2959.5,1867.25
2024-02-04 01:00:00+00:00,2939.75,1805.0
2024-02-04 02:00:00+00:00,2963.75,1728.5
2024-02-04 03:00:00+00:00,2672.75,1804.75
2024-02-04 04:00:00+00:00,2628.25,1802.75
2024-02-04 05:00:00+00:00,2708.0,1836.75
2024-02-04 06:00:00+00:00,3187.0,1846.5
2024-02-04 07:00:00+00:00,3204.0,2074.0
2024-02-04 08:00:00+00:00,3234.5,2203.0
2024-02-04 09:00:00+00:00,3272.0,2224.0
2024-02-04 10:00:00+00:00,3253.5,2360.75
2024-02-04 11:00:00+00:00,3279.25,2397.0
2024-02-04 12:00:00+00:00,3261.25,2325.75
2024-02-04 13:00:00+00:00,3288.25,2290.5
2024-02-04 14:00:00+00:00,3272.5,2300.0
2024-02-04 15:00:00+00:00,3275.5,2294.5
2024-02-04 16:00:00+00:00,3287.5,2423.75
2024-02-04 17:00:00+00:00,3294.0,2466.5
2024-02-04 18:00:00+00:00,3318.5,2526.25
2024-02-04 19:00:00+00:00,3297.75,2522.5
2024-02-04 20:00:00+00:00,3299.0,2538.25
2024-02-04 21:00:00+00:00,3295.5,2533.25
2024-02-04 22:00:00+00:00,3297.5,2508.25
2024-02-04 23:00:00+00:00,3264.75,2400.75
2024-02-05 00:00:00+00:00,3032.0,2439.0
2024-02-05 01:00:00+00:00,3108.25,2444.25
2024-02-05 02:00:00+00:00,3274.75,2374.0
2024-02-05 03:00:00+00:00,2943.25,2359.25
2024-02-05 04:00:00+00:00,3237.75,2437.5
2024-02-05 05:00:00+00:00,3325.75,2443.25
2024-02-05 06:00:00+00:00,3325.0,2444.5
2024-02-05 07:00:00+00:00,3337.5,2451.5
2024-02-05 08:00:00+00:00,3356.75,2448.75
2024-02-05 09:00:00+00:00,3355.0,2438.0
2024-02-05 10:00:00+00:00,3345.0,2462.75
2024-02-05 11:00:00+00:00,3349.5,2461.25
2024-02-05 12:00:00+00:00,3360.5,2490.75
2024-02-05 13:00:00+00:00,3366.25,2507.5
2024-02-05 14:00:00+00:00,3358.0,2512.25
2024-02-05 15:00:00+00:00,3347.75,2455.5
2024-02-05 16:00:00+00:00,3358.25,2524.5
2024-02-05 17:00:00+00:00,3369.75,2518.75
2024-02-05 18:00:00+00:00,3370.25,2476.75
2024-02-05 19:00:00+00:00,3367.75,2469.25
2024-02-05 20:00:00+00:00,3364.5,2457.75
2024-02-05 21:00:00+00:00,3361.75,2461.75
2024-02-05 22:00:00+00:00,3366.25,2444.5
2024-02-05 23:00:00+00:00,3352.0,2404.0
2024-02-06 00:00:00+00:00,3363.0,2479.5
2024-02-06 01:00:00+00:00,3308.5,2474.25
2024-02-06 02:00:00+00:00,3245.75,2484.25
2024-02-06 03:00:00+00:00,3249.25,2469.5
2024-02-06 04:00:00+00:00,3359.5,2479.25
2024-02-06 05:00:00+00:00,3364.0,2497.25
2024-02-06 06:00:00+00:00,3358.25,2474.0
2024-02-06 07:00:00+00:00,3354.5,2475.25
2024-02-06 08:00:00+00:00,3343.25,2489.75
2024-02-06 09:00:00+00:00,3328.5,2469.0
2024-02-06 10:00:00+00:00,3311.25,2350.5
2024-02-06 11:00:00+00:00,3306.5,2473.0
2024-02-06 12:00:00+00:00,3304.25,2500.25
2024-02-06 13:00:00+00:00,3304.0,2498.75
2024-02-06 14:00:00+00:00,3309.5,2500.5
2024-02-06 15:00:00+00:00,3307.25,2488.5
2024-02-06 16:00:00+00:00,3301.75,2484.25
2024-02-06 17:00:00+00:00,3299.75,2485.0
2024-02-06 18:00:00+00:00,3274.75,2413.0
2024-02-06 19:00:00+00:00,2923.5,2292.75
2024-02-06 20:00:00+00:00,2782.75,2232.25
2024-02-06 21:00:00+00:00,2789.25,1948.5
2024-02-06 22:00:00+00:00,2533.5,1678.75
2024-02-06 23:00:00+00:00,2059.0,1395.75
2024-02-07 00:00:00+00:00,1519.25,1247.0
2024-02-07 01:00:00+00:00,1414.0,1121.75
2024-02-07 02:00:00+00:00,1554.0,980.25
2024-02-07 03:00:00+00:00,1467.75,902.0
2024-02-07 04:00:00+00:00,1302.75,697.75
2024-02-07 05:00:00+00:00,1125.0,619.0
2024-02-07 06:00:00+00:00,867.5,485.25
2024-02-07 07:00:00+00:00,575.25,431.75
2024-02-07 08:00:00+00:00,441.0,333.25
2024-02-07 09:00:00+00:00,245.25,209.0
2024-02-07 10:00:00+00:00,230.0,123.0
2024-02-07 11:00:00+00:00,171.5,115.5
2024-02-07 12:00:00+00:00,93.75,121.75
2024-02-07 13:00:00+00:00,83.0,116.25
2024-02-07 14:00:00+00:00,109.5,109.25
2024-02-07 15:00:00+00:00,172.0,98.25
2024-02-07 16:00:00+00:00,140.75,93.25
2024-02-07 17:00:00+00:00,208.25,87.5
2024-02-07 18:00:00+00:00,257.0,87.25
2024-02-07 19:00:00+00:00,300.0,86.0
2024-02-07 20:00:00+00:00,326.75,88.75
2024-02-07 21:00:00+00:00,332.75,101.25
2024-02-07 22:00:00+00:00,368.75,95.5
2024-02-07 23:00:00+00:00,172.5,97.0
2024-02-08 00:00:00+00:00,121.25,91.5
2024-02-08 01:00:00+00:00,52.0,96.5
2024-02-08 02:00:00+00:00,72.0,93.25
2024-02-08 03:00:00+00:00,151.25,94.25
2024-02-08 04:00:00+00:00,235.25,109.75
2024-02-08 05:00:00+00:00,281.25,118.25
2024-02-08 06:00:00+00:00,594.5,156.25
2024-02-08 07:00:00+00:00,1066.75,257.5
2024-02-08 08:00:00+00:00,1339.5,327.5
2024-02-08 09:00:00+00:00,1346.25,417.0
2024-02-08 10:00:00+00:00,1655.75,438.5
2024-02-08 11:00:00+00:00,1797.75,577.25
2024-02-08 12:00:00+00:00,2152.25,686.75
2024-02-08 13:00:00+00:00,2108.25,859.5
2024-02-08 14:00:00+00:00,1924.25,1177.75
2024-02-08 15:00:00+00:00,2355.75,1567.5
2024-02-08 16:00:00+00:00,3151.5,1635.5
2024-02-08 17:00:00+00:00,3117.75,1605.75
2024-02-08 18:00:00+00:00,3184.75,1724.25
2024-02-08 19:00:00+00:00,3200.5,1611.25
2024-02-08 20:00:00+00:00,3018.0,1579.5
2024-02-08 21:00:00+00:00,2921.75,1499.5
2024-02-08 22:00:00+00:00,2704.25,1335.75
2024-02-08 23:00:00+00:00,2518.5,1203.25
2024-02-09 00:00:00+00:00,2550.0,1176.5
2024-02-09 01:00:00+00:00,2747.5,1129.0
2024-02-09 02:00:00+00:00,2903.25,1131.0
2024-02-09 03:00:00+00:00,3032.25,1202.5
2024-02-09 04:00:00+00:00,3158.0,1248.5
2024-02-09 05:00:00+00:00,3229.25,1374.0
2024-02-09 06:00:00+00:00,3282.5,1481.75
2024-02-09 07:00:00+00:00,3276.25,1698.75
2024-02-09 08:00:00+00:00,3291.0,1922.75
2024-02-09 09:00:00+00:00,3255.75,1967.25
2024-02-09 10:00:00+00:00,3275.75,1878.25
2024-02-09 11:00:00+00:00,3243.5,1671.0
2024-02-09 12:00:00+00:00,3079.75,1663.0
2024-02-09 13:00:00+00:00,2861.75,1549.0
2024-02-09 14:00:00+00:00,2742.25,1274.75
2024-02-09 15:00:00+00:00,2772.0,1037.75
2024-02-09 16:00:00+00:00,2668.5,994.75
2024-02-09 17:00:00+00:00,2664.75,1228.0
2024-02-09 18:00:00+00:00,2757.75,1253.5
2024-02-09 19:00:00+00:00,2847.5,1275.5
2024-02-09 20:00:00+00:00,3013.5,1340.75
2024-02-09 21:00:00+00:00,2932.75,1303.25
2024-02-09 22:00:00+00:00,2712.0,1260.5
2024-02-09 23:00:00+00:00,2763.0,1139.5
2024-02-10 00:00:00+00:00,2537.75,1149.0
2024-02-10 01:00:00+00:00,2500.25,1048.75
2024-02-10 02:00:00+00:00,2360.75,976.75
2024-02-10 03:00:00+00:00,2095.0,917.25
2024-02-10 04:00:00+00:00,1831.5,826.75
2024-02-10 05:00:00+00:00,1596.25,824.0
2024-02-10 06:00:00+00:00,1263.75,688.5
2024-02-10 07:00:00+00:00,1244.25,599.0
2024-02-10 08:00:00+00:00,917.0,492.25
2024-02-10 09:00:00+00:00,662.0,337.5
2024-02-10 10:00:00+00:00,510.5,249.5
2024-02-10 11:00:00+00:00,193.5,162.5
2024-02-10 12:00:00+00:00,111.5,86.0
2024-02-10 13:00:00+00:00,127.25,69.75
2024-02-10 14:00:00+00:00,198.25,115.75
2024-02-10 15:00:00+00:00,332.75,184.25
2024-02-10 16:00:00+00:00,522.5,218.5
2024-02-10 17:00:00+00:00,660.0,362.75
2024-02-10 18:00:00+00:00,869.0,543.75
2024-02-10 19:00:00+00:00,1164.25,664.0
2024-02-10 20:00:00+00:00,1301.75,687.5
2024-02-10 21:00:00+00:00,1345.75,706.0
2024-02-10 22:00:00+00:00,1300.5,664.5
2024-02-10 23:00:00+00:00,1617.0,563.25
2024-02-11 00:00:00+00:00,1472.75,468.75
2024-02-11 01:00:00+00:00,1312.25,556.5
2024-02-11 02:00:00+00:00,1758.5,593.75
2024-02-11 03:00:00+00:00,1379.5,624.5
2024-02-11 04:00:00+00:00,1280.5,626.75
2024-02-11 05:00:00+00:00,1107.5,622.25
2024-02-11 06:00:00+00:00,1190.5,547.75
2024-02-11 07:00:00+00:00,1323.5,597.25
2024-02-11 08:00:00+00:00,1320.5,686.5
2024-02-11 09:00:00+00:00,1138.5,712.25
2024-02-11 10:00:00+00:00,1128.0,655.75
2024-02-11 11:00:00+00:00,1060.75,597.25
2024-02-11 12:00:00+00:00,930.75,568.75
2024-02-11 13:00:00+00:00,772.25,435.5
2024-02-11 14:00:00+00:00,520.0,291.75
2024-02-11 15:00:00+00:00,569.5,250.5
2024-02-11 16:00:00+00:00,587.5,235.0
2024-02-11 17:00:00+00:00,566.25,226.25
2024-02-11 18:00:00+00:00,801.0,266.75
2024-02-11 19:00:00+00:00,814.0,366.5
2024-02-11 20:00:00+00:00,806.0,442.75
2024-02-11 21:00:00+00:00,665.5,441.75
2024-02-11 22:00:00+00:00,665.75,484.25
2024-02-11 23:00:00+00:00,614.5,438.5
2024-02-12 00:00:00+00:00,944.75,425.0
2024-02-12 01:00:00+00:00,733.5,453.75
2024-02-12 02:00:00+00:00,682.75,624.0
2024-02-12 03:00:00+00:00,592.5,556.5
2024-02-12 04:00:00+00:00,549.75,524.5
2024-02-12 05:00:00+00:00,530.75,580.0
2024-02-12 06:00:00+00:00,462.75,592.0
2024-02-12 07:00:00+00:00,433.75,535.0
2024-02-12 08:00:00+00:00,572.5,502.75
2024-02-12 09:00:00+00:00,591.5,440.5
2024-02-12 10:00:00+00:00,575.0,478.0
2024-02-12 11:00:00+00:00,792.5,530.25
2024-02-12 12:00:00+00:00,773.75,681.0
2024-02-12 13:00:00+00:00,925.0,841.0
2024-02-12 14:00:00+00:00,1135.25,935.25
2024-02-12 15:00:00+00:00,1102.5,997.0
2024-02-12 16:00:00+00:00,1038.5,939.75
2024-02-12 17:00:00+00:00,1046.75,901.0
2024-02-12 18:00:00+00:00,1311.5,811.5
2024-02-12 19:00:00+00:00,1361.5,831.5
2024-02-12 20:00:00+00:00,1443.75,846.5
2024-02-12 21:00:00+00:00,1406.5,865.0
2024-02-12 22:00:00+00:00,1540.0,953.75
2024-02-12 23:00:00+00:00,1611.0,1114.5
2024-02-13 00:00:00+00:00,2190.0,1299.0
2024-02-13 01:00:00+00:00,2383.25,1441.0
2024-02-13 02:00:00+00:00,2465.25,1452.0
2024-02-13 03:00:00+00:00,2853.5,1514.75
2024-02-13 04:00:00+00:00,2875.5,1685.75
2024-02-13 05:00:00+00:00,2738.0,1815.25
2024-02-13 06:00:00+00:00,2741.75,1781.75
2024-02-13 07:00:00+00:00,2879.0,1773.25
2024-02-13 08:00:00+00:00,2719.5,1636.5
2024-02-13 09:00:00+00:00,2812.0,1405.0
2024-02-13 10:00:00+00:00,2839.5,1362.75
2024-02-13 11:00:00+00:00,2523.75,1459.25
2024-02-13 12:00:00+00:00,2322.0,1500.0
2024-02-13 13:00:00+00:00,2302.5,1322.75
2024-02-13 14:00:00+00:00,2137.0,1189.0
2024-02-13 15:00:00+00:00,2368.25,1061.25
2024-02-13 16:00:00+00:00,2438.75,1062.5
2024-02-13 17:00:00+00:00,2848.5,1212.0
2024-02-13 18:00:00+00:00,3032.25,1190.5
2024-02-13 19:00:00+00:00,3166.0,1409.25
2024-02-13 20:00:00+00:00,3321.5,1539.25
2024-02-13 21:00:00+00:00,3333.0,1612.5
2024-02-13 22:00:00+00:00,3331.75,1889.75
2024-02-13 23:00:00+00:00,3272.75,2131.5
2024-02-14 00:00:00+00:00,3284.0,2219.5
2024-02-14 01:00:00+00:00,3369.0,2227.0
2024-02-14 02:00:00+00:00,3389.25,2271.5
2024-02-14 03:00:00+00:00,3134.75,2241.75
2024-02-14 04:00:00+00:00,2919.0,2158.75
2024-02-14 05:00:00+00:00,2922.25,2067.25
2024-02-14 06:00:00+00:00,2950.5,1944.0
2024-02-14 07:00:00+00:00,2989.0,1882.25
2024-02-14 08:00:00+00:00,2992.0,1857.25
2024-02-14 09:00:00+00:00,2961.25,1875.5
2024-02-14 10:00:00+00:00,2986.75,1905.25
2024-02-14 11:00:00+00:00,3123.0,1762.5
2024-02-14 12:00:00+00:00,3228.25,1752.75
2024-02-14 13:00:00+00:00,3333.5,1746.5
2024-02-14 14:00:00+00:00,3383.5,1711.0
2024-02-14 15:00:00+00:00,3342.0,1661.0
2024-02-14 16:00:00+00:00,3273.0,1786.75
2024-02-14 17:00:00+00:00,3201.5,1972.5
2024-02-14 18:00:00+00:00,3127.0,2020.25
2024-02-14 19:00:00+00:00,3174.0,1932.25
2024-02-14 20:00:00+00:00,3208.0,1920.25
2024-02-14 21:00:00+00:00,3096.0,1904.25
2024-02-14 22:00:00+00:00,2872.25,1739.0
2024-02-14 23:00:00+00:00,2611.25,1605.5
2024-02-15 00:00:00+00:00,2588.75,1518.0
2024-02-15 01:00:00+00:00,2663.0,1531.0
2024-02-15 02:00:00+00:00,2542.25,1369.5
2024-02-15 03:00:00+00:00,2496.0,1226.25
2024-02-15 04:00:00+00:00,2482.25,1228.75
2024-02-15 05:00:00+00:00,2462.5,1267.25
2024-02-15 06:00:00+00:00,2606.75,1168.5
2024-02-15 07:00:00+00:00,2587.0,1189.5
2024-02-15 08:00:00+00:00,2548.5,1145.75
2024-02-15 09:00:00+00:00,2625.5,1057.75
2024-02-15 10:00:00+00:00,2310.5,1068.5
2024-02-15 11:00:00+00:00,2150.75,922.5
2024-02-15 12:00:00+00:00,2155.75,716.0
2024-02-15 13:00:00+00:00,2020.5,692.75
2024-02-15 14:00:00+00:00,2067.75,723.75
2024-02-15 15:00:00+00:00,2090.0,807.0
2024-02-15 16:00:00+00:00,2172.25,919.75
2024-02-15 17:00:00+00:00,2550.25,1118.75
2024-02-15 18:00:00+00:00,2927.0,1351.75
2024-02-15 19:00:00+00:00,3117.0,1558.0
2024-02-15 20:00:00+00:00,3125.0,1649.25
2024-02-15 21:00:00+00:00,3065.0,1627.5
2024-02-15 22:00:00+00:00,3095.25,1628.0
2024-02-15 23:00:00+00:00,2882.5,1527.75
2024-02-16 00:00:00+00:00,2470.5,1406.25
2024-02-16 01:00:00+00:00,2371.0,1285.0
2024-02-16 02:00:00+00:00,2310.0,1228.0
2024-02-16 03:00:00+00:00,2490.25,1339.75
2024-02-16 04:00:00+00:00,2657.75,1422.25
2024-02-16 05:00:00+00:00,2892.5,1433.25
2024-02-16 06:00:00+00:00,2536.5,1630.75
2024-02-16 07:00:00+00:00,2425.75,1690.75
2024-02-16 08:00:00+00:00,1994.0,1711.25
2024-02-16 09:00:00+00:00,1681.75,1633.25
2024-02-16 10:00:00+00:00,1451.75,1324.0
2024-02-16 11:00:00+00:00,1719.0,1018.75
2024-02-16 12:00:00+00:00,1786.5,959.5
2024-02-16 13:00:00+00:00,1647.0,1041.75
2024-02-16 14:00:00+00:00,1669.5,971.25
2024-02-16 15:00:00+00:00,1613.5,866.0
2024-02-16 16:00:00+00:00,1568.5,933.25
2024-02-16 17:00:00+00:00,1432.25,928.25
2024-02-16 18:00:00+00:00,1065.0,950.75
2024-02-16 19:00:00+00:00,1104.75,1063.0
2024-02-16 20:00:00+00:00,1491.75,900.25
2024-02-16 21:00:00+00:00,1607.75,911.75
2024-02-16 22:00:00+00:00,1715.0,893.0
2024-02-16 23:00:00+00:00,1564.75,743.5
2024-02-17 00:00:00+00:00,1321.0,650.0
2024-02-17 01:00:00+00:00,1212.25,563.5
2024-02-17 02:00:00+00:00,954.5,522.0
2024-02-17 03:00:00+00:00,701.25,445.0
2024-02-17 04:00:00+00:00,612.75,352.5
2024-02-17 05:00:00+00:00,370.0,198.25
2024-02-17 06:00:00+00:00,255.25,116.75
2024-02-17 07:00:00+00:00,138.0,94.75
2024-02-17 08:00:00+00:00,89.0,69.75
2024-02-17 09:00:00+00:00,112.5,66.0
2024-02-17 10:00:00+00:00,162.0,63.5
2024-02-17 11:00:00+00:00,258.75,81.25
2024-02-17 12:00:00+00:00,526.75,92.25
2024-02-17 13:00:00+00:00,604.75,111.5
2024-02-17 14:00:00+00:00,848.5,112.5
2024-02-17 15:00:00+00:00,1124.5,165.5
2024-02-17 16:00:00+00:00,1249.25,286.0
2024-02-17 17:00:00+00:00,1554.0,382.25
2024-02-17 18:00:00+00:00,1919.0,438.5
2024-02-17 19:00:00+00:00,2249.75,487.25
2024-02-17 20:00:00+00:00,2263.5,698.25
2024-02-17 21:00:00+00:00,2551.5,824.75
2024-02-17 22:00:00+00:00,2902.75,1083.0
2024-02-17 23:00:00+00:00,3191.0,1335.75
2024-02-18 00:00:00+00:00,3243.5,1544.75
2024-02-18 01:00:00+00:00,3387.25,1745.0
2024-02-18 02:00:00+00:00,3454.5,1920.75
2024-02-18 03:00:00+00:00,3458.25,2006.25
2024-02-18 04:00:00+00:00,3441.25,2143.75
2024-02-18 05:00:00+00:00,3437.75,2236.0
2024-02-18 06:00:00+00:00,3433.0,2168.0
2024-02-18 07:00:00+00:00,3438.75,2116.25
2024-02-18 08:00:00+00:00,3434.0,2149.5
2024-02-18 09:00:00+00:00,3389.0,2155.5
2024-02-18 10:00:00+00:00,3396.75,2110.75
2024-02-18 11:00:00+00:00,3408.5,2157.5
2024-02-18 12:00:00+00:00,3269.75,2052.0
2024-02-18 13:00:00+00:00,3034.5,1888.0
2024-02-18 14:00:00+00:00,3014.0,1609.25
2024-02-18 15:00:00+00:00,2390.25,1619.5
2024-02-18 16:00:00+00:00,2286.25,2052.75
2024-02-18 17:00:00+00:00,2466.0,2083.25
2024-02-18 18:00:00+00:00,2305.25,2046.0
2024-02-18 19:00:00+00:00,2562.25,2022.75
2024-02-18 20:00:00+00:00,2418.75,2032.0
2024-02-18 21:00:00+00:00,2333.0,2005.0
2024-02-18 22:00:00+00:00,2027.0,1627.25
2024-02-18 23:00:00+00:00,1583.25,1549.75
2024-02-19 00:00:00+00:00,1452.75,1165.5
2024-02-19 01:00:00+00:00,1676.75,857.25
2024-02-19 02:00:00+00:00,1726.5,852.0
2024-02-19 03:00:00+00:00,1669.0,941.0
2024-02-19 04:00:00+00:00,1575.75,927.25
2024-02-19 05:00:00+00:00,1420.75,1013.0
2024-02-19 06:00:00+00:00,1289.75,874.0
2024-02-19 07:00:00+00:00,1680.25,716.25
2024-02-19 08:00:00+00:00,2056.0,1008.5
2024-02-19 09:00:00+00:00,2189.75,1258.5
2024-02-19 10:00:00+00:00,2195.75,1302.75
2024-02-19 11:00:00+00:00,2485.75,1267.5
2024-02-19 12:00:00+00:00,2596.0,1618.0
2024-02-19 13:00:00+00:00,2455.75,1751.75
2024-02-19 14:00:00+00:00,2544.25,1466.25
2024-02-19 15:00:00+00:00,2373.25,1350.5
2024-02-19 16:00:00+00:00,2471.5,1630.5
2024-02-19 17:00:00+00:00,2514.0,1754.25
2024-02-19 18:00:00+00:00,2434.75,1653.75
2024-02-19 19:00:00+00:00,2293.5,1491.25
2024-02-19 20:00:00+00:00,2035.0,1225.75
2024-02-19 21:00:00+00:00,1754.5,895.0
2024-02-19 22:00:00+00:00,1500.5,730.75
2024-02-19 23:00:00+00:00,1524.5,847.75
2024-02-20 00:00:00+00:00,1566.75,880.25
2024-02-20 01:00:00+00:00,1289.5,819.25
2024-02-20 02:00:00+00:00,1097.0,811.75
2024-02-20 03:00:00+00:00,918.0,691.75
2024-02-20 04:00:00+00:00,872.0,578.0
2024-02-20 05:00:00+00:00,913.75,527.25
2024-02-20 06:00:00+00:00,769.5,646.25
2024-02-20 07:00:00+00:00,879.5,761.0
2024-02-20 08:00:00+00:00,1249.5,816.0
2024-02-20 09:00:00+00:00,2055.5,864.0
2024-02-20 10:00:00+00:00,2668.5,1090.5
2024-02-20 11:00:00+00:00,3052.75,1357.25
2024-02-20 12:00:00+00:00,3108.25,1577.0
2024-02-20 13:00:00+00:00,3205.75,1734.5
2024-02-20 14:00:00+00:00,3433.0,1865.0
2024-02-20 15:00:00+00:00,3511.75,1808.25
2024-02-20 16:00:00+00:00,3532.75,1908.25
2024-02-20 17:00:00+00:00,3535.25,2006.0
2024-02-20 18:00:00+00:00,3543.5,2090.75
2024-02-20 19:00:00+00:00,3547.25,2197.25
2024-02-20 20:00:00+00:00,3532.0,2224.0
2024-02-20 21:00:00+00:00,3513.0,2300.0
2024-02-20 22:00:00+00:00,3513.0,2286.25
2024-02-20 23:00:00+00:00,3470.75,2077.5
2024-02-21 00:00:00+00:00,3469.0,1990.0
2024-02-21 01:00:00+00:00,3370.0,1953.75
2024-02-21 02:00:00+00:00,3116.0,1842.75
2024-02-21 03:00:00+00:00,2527.0,1632.0
2024-02-21 04:00:00+00:00,2327.25,1309.25
2024-02-21 05:00:00+00:00,2305.75,1162.75
2024-02-21 06:00:00+00:00,2486.0,1211.75
2024-02-21 07:00:00+00:00,2646.5,1309.25
2024-02-21 08:00:00+00:00,3007.0,1397.5
2024-02-21 09:00:00+00:00,3339.5,1545.5
2024-02-21 10:00:00+00:00,3465.5,1710.25
2024-02-21 11:00:00+00:00,3511.0,1774.0
2024-02-21 12:00:00+00:00,3507.0,1767.25
2024-02-21 13:00:00+00:00,3527.5,1991.0
2024-02-21 14:00:00+00:00,3534.75,2084.75
2024-02-21 15:00:00+00:00,3529.5,2140.25
2024-02-21 16:00:00+00:00,3531.75,2273.5
2024-02-21 17:00:00+00:00,3520.0,2377.0
2024-02-21 18:00:00+00:00,3514.25,2399.5
2024-02-21 19:00:00+00:00,3504.25,2398.0
2024-02-21 20:00:00+00:00,3508.25,2364.0
2024-02-21 21:00:00+00:00,3504.25,2211.0
2024-02-21 22:00:00+00:00,3403.25,2002.0
2024-02-21 23:00:00+00:00,3247.5,2003.0
2024-02-22 00:00:00+00:00,2974.75,1773.0
2024-02-22 01:00:00+00:00,2773.0,1403.75
2024-02-22 02:00:00+00:00,2701.0,1278.0
2024-02-22 03:00:00+00:00,2421.0,1208.5
2024-02-22 04:00:00+00:00,2567.25,1117.5
2024-02-22 05:00:00+00:00,2367.5,1164.5
2024-02-22 06:00:00+00:00,2313.75,1112.0
2024-02-22 07:00:00+00:00,2244.25,965.0
2024-02-22 08:00:00+00:00,2470.5,1061.0
2024-02-22 09:00:00+00:00,2750.0,1066.25
2024-02-22 10:00:00+00:00,2987.5,1326.25
2024-02-22 11:00:00+00:00,3177.0,1558.25
2024-02-22 12:00:00+00:00,3191.75,1571.0
2024-02-22 13:00:00+00:00,3260.5,1699.75
2024-02-22 14:00:00+00:00,3246.25,1873.5
2024-02-22 15:00:00+00:00,3386.5,2055.0
2024-02-22 16:00:00+00:00,3134.5,2289.0
2024-02-22 17:00:00+00:00,3464.25,2387.75
2024-02-22 18:00:00+00:00,3503.5,2288.5
2024-02-22 19:00:00+00:00,3503.5,2372.75
2024-02-22 20:00:00+00:00,3517.25,2294.25
2024-02-22 21:00:00+00:00,3518.75,2397.5
2024-02-22 22:00:00+00:00,3339.75,2397.0
2024-02-22 23:00:00+00:00,3306.25,2312.0
2024-02-23 00:00:00+00:00,3320.0,2359.75
2024-02-23 01:00:00+00:00,3379.0,2366.5
2024-02-23 02:00:00+00:00,3269.0,2329.75
2024-02-23 03:00:00+00:00,3374.5,2270.5
2024-02-23 04:00:00+00:00,3400.5,2284.25
2024-02-23 05:00:00+00:00,3506.25,2224.75
2024-02-23 06:00:00+00:00,3491.75,2228.75
2024-02-23 07:00:00+00:00,3508.0,2375.5
2024-02-23 08:00:00+00:00,3500.0,2398.5
2024-02-23 09:00:00+00:00,3491.25,2414.75
2024-02-23 10:00:00+00:00,3468.5,2465.0
2024-02-23 11:00:00+00:00,3426.25,2452.75
2024-02-23 12:00:00+00:00,3501.25,2390.25
2024-02-23 13:00:00+00:00,3427.75,2285.25
2024-02-23 14:00:00+00:00,3359.0,1990.25
2024-02-23 15:00:00+00:00,3059.75,1730.0
2024-02-23 16:00:00+00:00,2355.75,1364.5
2024-02-23 17:00:00+00:00,2393.5,1047.25
2024-02-23 18:00:00+00:00,2380.5,1073.75
2024-02-23 19:00:00+00:00,2362.25,975.5
2024-02-23 20:00:00+00:00,2081.0,948.25
2024-02-23 21:00:00+00:00,2439.75,1092.5
2024-02-23 22:00:00+00:00,2242.25,1095.5
2024-02-23 23:00:00+00:00,2142.25,1098.25
2024-02-24 00:00:00+00:00,2008.0,1130.0
2024-02-24 01:00:00+00:00,2284.0,1118.25
2024-02-24 02:00:00+00:00,2060.0,1044.5
2024-02-24 03:00:00+00:00,1871.75,976.5
2024-02-24 04:00:00+00:00,1933.0,772.0
2024-02-24 05:00:00+00:00,1624.25,763.25
2024-02-24 06:00:00+00:00,1496.5,706.25
2024-02-24 07:00:00+00:00,1658.25,737.75
2024-02-24 08:00:00+00:00,1887.25,811.75
2024-02-24 09:00:00+00:00,1988.0,792.25
2024-02-24 10:00:00+00:00,2102.0,956.5
2024-02-24 11:00:00+00:00,1495.0,1140.0
2024-02-24 12:00:00+00:00,1856.25,1316.75
2024-02-24 13:00:00+00:00,1875.5,1433.5
2024-02-24 14:00:00+00:00,2168.5,1220.25
2024-02-24 15:00:00+00:00,2153.5,883.0
2024-02-24 16:00:00+00:00,1805.0,824.25
2024-02-24 17:00:00+00:00,1617.5,893.5
2024-02-24 18:00:00+00:00,1252.5,1062.25
2024-02-24 19:00:00+00:00,1384.5,1062.0
2024-02-24 20:00:00+00:00,1105.5,1051.75
2024-02-24 21:00:00+00:00,1567.5,1143.25
2024-02-24 22:00:00+00:00,1353.75,1176.5
2024-02-24 23:00:00+00:00,959.75,881.75
2024-02-25 00:00:00+00:00,800.5,758.25
2024-02-25 01:00:00+00:00,642.75,749.75
2024-02-25 02:00:00+00:00,515.75,711.25
2024-02-25 03:00:00+00:00,332.5,745.75
2024-02-25 04:00:00+00:00,126.0,683.75
2024-02-25 05:00:00+00:00,45.0,611.25
2024-02-25 06:00:00+00:00,49.25,536.75
2024-02-25 07:00:00+00:00,45.0,497.0
2024-02-25 08:00:00+00:00,54.25,444.0
2024-02-25 09:00:00+00:00,70.0,425.25
2024-02-25 10:00:00+00:00,111.25,410.0
2024-02-25 11:00:00+00:00,142.5,359.25
2024-02-25 12:00:00+00:00,224.0,273.5
2024-02-25 13:00:00+00:00,232.75,204.5
2024-02-25 14:00:00+00:00,116.75,138.5
2024-02-25 15:00:00+00:00,96.0,134.0
2024-02-25 16:00:00+00:00,399.75,160.0
2024-02-25 17:00:00+00:00,1060.5,288.0
2024-02-25 18:00:00+00:00,1905.5,476.5
2024-02-25 19:00:00+00:00,2191.5,716.25
2024-02-25 20:00:00+00:00,2470.0,871.25
2024-02-25 21:00:00+00:00,2695.25,1037.5
2024-02-25 22:00:00+00:00,2711.5,1191.5
2024-02-25 23:00:00+00:00,2886.0,1471.0
2024-02-26 00:00:00+00:00,2994.25,1693.5
2024-02-26 01:00:00+00:00,3103.25,1860.25
2024-02-26 02:00:00+00:00,3146.0,1908.0
2024-02-26 03:00:00+00:00,3243.25,1978.5
2024-02-26 04:00:00+00:00,3345.0,2003.0
2024-02-26 05:00:00+00:00,3324.25,2122.75
2024-02-26 06:00:00+00:00,3332.0,2198.25
2024-02-26 07:00:00+00:00,3418.25,2206.5
2024-02-26 08:00:00+00:00,3389.75,2218.75
2024-02-26 09:00:00+00:00,3360.5,2179.5
2024-02-26 10:00:00+00:00,3294.75,2226.0
2024-02-26 11:00:00+00:00,3262.0,2225.25
2024-02-26 12:00:00+00:00,3250.5,2126.25
2024-02-26 13:00:00+00:00,3209.25,2117.75
2024-02-26 14:00:00+00:00,3424.75,2095.25
2024-02-26 15:00:00+00:00,3516.25,2086.75
2024-02-26 16:00:00+00:00,3507.5,2063.5
2024-02-26 17:00:00+00:00,3491.25,2099.75
2024-02-26 18:00:00+00:00,3473.75,2093.75
2024-02-26 19:00:00+00:00,3427.5,2094.75
2024-02-26 20:00:00+00:00,3365.5,1961.25
2024-02-26 21:00:00+00:00,3272.25,1739.0
2024-02-26 22:00:00+00:00,3112.25,1545.25
2024-02-26 23:00:00+00:00,2868.0,1471.75
2024-02-27 00:00:00+00:00,2621.25,1357.5
2024-02-27 01:00:00+00:00,2396.75,1300.75
2024-02-27 02:00:00+00:00,2022.25,1217.0
2024-02-27 03:00:00+00:00,1736.5,1095.75
2024-02-27 04:00:00+00:00,1461.0,987.25
2024-02-27 05:00:00+00:00,1169.0,897.25
2024-02-27 06:00:00+00:00,847.5,829.5
2024-02-27 07:00:00+00:00,647.25,650.0
2024-02-27 08:00:00+00:00,359.0,429.0
2024-02-27 09:00:00+00:00,180.25,331.75
2024-02-27 10:00:00+00:00,44.5,252.0
2024-02-27 11:00:00+00:00,0.0,188.25
2024-02-27 12:00:00+00:00,5.0,151.25
2024-02-27 13:00:00+00:00,7.25,160.0
2024-02-27 14:00:00+00:00,36.75,157.0
2024-02-27 15:00:00+00:00,79.25,114.5
2024-02-27 16:00:00+00:00,41.25,107.75
2024-02-27 17:00:00+00:00,46.75,89.75
2024-02-27 18:00:00+00:00,81.5,75.25
2024-02-27 19:00:00+00:00,305.25,79.75
2024-02-27 20:00:00+00:00,494.75,117.0
2024-02-27 21:00:00+00:00,743.25,208.25
2024-02-27 22:00:00+00:00,1054.25,307.0
2024-02-27 23:00:00+00:00,1269.0,356.0
2024-02-28 00:00:00+00:00,1308.75,390.25
2024-02-28 01:00:00+00:00,1257.0,449.75
2024-02-28 02:00:00+00:00,1120.75,500.25
2024-02-28 03:00:00+00:00,705.0,536.25
2024-02-28 04:00:00+00:00,516.25,467.75
2024-02-28 05:00:00+00:00,276.0,448.25
2024-02-28 06:00:00+00:00,179.75,396.0
2024-02-28 07:00:00+00:00,161.5,377.5
2024-02-28 08:00:00+00:00,226.25,396.0
2024-02-28 09:00:00+00:00,414.0,393.0
2024-02-28 10:00:00+00:00,806.0,450.5
2024-02-28 11:00:00+00:00,1014.75,492.0
2024-02-28 12:00:00+00:00,1279.25,535.25
2024-02-28 13:00:00+00:00,1551.75,529.75
2024-02-28 14:00:00+00:00,2085.75,610.75
2024-02-28 15:00:00+00:00,2582.25,815.5
2024-02-28 16:00:00+00:00,2876.75,1025.25
2024-02-28 17:00:00+00:00,3282.75,1202.75
2024-02-28 18:00:00+00:00,3409.5,1449.25
2024-02-28 19:00:00+00:00,3469.5,1667.25
2024-02-28 20:00:00+00:00,3582.5,1697.5
2024-02-28 21:00:00+00:00,3611.0,1717.25
2024-02-28 22:00:00+00:00,3615.75,1821.0
2024-02-28 23:00:00+00:00,3612.5,1905.0
2024-02-29 00:00:00+00:00,3605.25,1984.5
2024-02-29 01:00:00+00:00,3601.5,2061.5
2024-02-29 02:00:00+00:00,3599.5,2041.25
2024-02-29 03:00:00+00:00,3597.0,1997.5
2024-02-29 04:00:00+00:00,3604.5,2021.0
2024-02-29 05:00:00+00:00,3599.75,2051.0
2024-02-29 06:00:00+00:00,3610.75,2077.75
2024-02-29 07:00:00+00:00,3588.0,1998.25
2024-02-29 08:00:00+00:00,3409.25,1897.0
2024-02-29 09:00:00+00:00,3030.5,1677.25
2024-02-29 10:00:00+00:00,3108.0,1540.0
2024-02-29 11:00:00+00:00,3098.25,1473.0
2024-02-29 12:00:00+00:00,3245.25,1477.5
2024-02-29 13:00:00+00:00,3259.25,1381.0
2024-02-29 14:00:00+00:00,3097.75,1355.0
2024-02-29 15:00:00+00:00,3204.75,1314.75
2024-02-29 16:00:00+00:00,3183.0,1390.0
2024-02-29 17:00:00+00:00,3027.5,1407.0
2024-02-29 18:00:00+00:00,3129.25,1428.5
2024-02-29 19:00:00+00:00,3336.0,1549.75
2024-02-29 20:00:00+00:00,3238.25,1559.75
2024-02-29 21:00:00+00:00,3152.75,1574.75
2024-02-29 22:00:00+00:00,2709.0,1657.25
2024-02-29 23:00:00+00:00,3126.25,1737.0
2024-03-01 00:00:00+00:00,2883.75,1716.25
2024-03-01 01:00:00+00:00,2433.25,1707.25
2024-03-01 02:00:00+00:00,2088.0,1623.5
2024-03-01 03:00:00+00:00,1551.75,1474.25
2024-03-01 04:00:00+00:00,1296.0,1213.5
2024-03-01 05:00:00+00:00,1514.75,995.25
2024-03-01 06:00:00+00:00,1831.0,928.25
2024-03-01 07:00:00+00:00,2419.5,856.75
2024-03-01 08:00:00+00:00,2922.25,993.5
2024-03-01 09:00:00+00:00,3038.5,1086.0
2024-03-01 10:00:00+00:00,3008.25,1294.5
2024-03-01 11:00:00+00:00,2928.0,1476.75
2024-03-01 12:00:00+00:00,3038.25,2012.75
2024-03-01 13:00:00+00:00,3248.0,2191.0
2024-03-01 14:00:00+00:00,3394.0,2201.25
2024-03-01 15:00:00+00:00,3284.5,2022.75
2024-03-01 16:00:00+00:00,2748.75,1733.0
2024-03-01 17:00:00+00:00,1992.75,1463.25
2024-03-01 18:00:00+00:00,1849.25,1302.75
2024-03-01 19:00:00+00:00,1921.25,1181.5
2024-03-01 20:00:00+00:00,2298.75,1333.75
2024-03-01 21:00:00+00:00,2746.75,1765.0
2024-03-01 22:00:00+00:00,2565.75,2125.75
2024-03-01 23:00:00+00:00,3297.75,2084.0
2024-03-02 00:00:00+00:00,3298.0,2135.0
2024-03-02 01:00:00+00:00,3266.0,1902.0
2024-03-02 02:00:00+00:00,3400.0,1630.75
2024-03-02 03:00:00+00:00,3317.25,1590.0
2024-03-02 04:00:00+00:00,3294.75,1493.5
2024-03-02 05:00:00+00:00,3310.25,1437.25
2024-03-02 06:00:00+00:00,3230.0,1428.5
2024-03-02 07:00:00+00:00,3180.25,1294.25
2024-03-02 08:00:00+00:00,2963.0,1215.5
2024-03-02 09:00:00+00:00,2869.75,1199.5
2024-03-02 10:00:00+00:00,2710.25,1130.5
2024-03-02 11:00:00+00:00,2501.5,1071.75
2024-03-02 12:00:00+00:00,2497.75,950.5
2024-03-02 13:00:00+00:00,2466.5,1037.25
2024-03-02 14:00:00+00:00,2066.25,1242.75
2024-03-02 15:00:00+00:00,1695.5,1397.25
2024-03-02 16:00:00+00:00,1590.0,1295.5
2024-03-02 17:00:00+00:00,1585.75,1372.25
2024-03-02 18:00:00+00:00,1709.0,1614.25
2024-03-02 19:00:00+00:00,1922.0,1722.75
2024-03-02 20:00:00+00:00,1764.5,1775.0
2024-03-02 21:00:00+00:00,1849.0,1785.75
2024-03-02 22:00:00+00:00,1819.75,1546.75
2024-03-02 23:00:00+00:00,1479.5,1328.75
2024-03-03 00:00:00+00:00,1086.75,1355.0
2024-03-03 01:00:00+00:00,806.25,1212.75
2024-03-03 02:00:00+00:00,692.75,946.75
2024-03-03 03:00:00+00:00,604.25,878.5
2024-03-03 04:00:00+00:00,647.5,891.0
2024-03-03 05:00:00+00:00,641.0,841.0
2024-03-03 06:00:00+00:00,642.5,877.5
2024-03-03 07:00:00+00:00,506.25,789.25
2024-03-03 08:00:00+00:00,432.75,530.75
2024-03-03 09:00:00+00:00,331.75,296.5
2024-03-03 10:00:00+00:00,157.5,195.25
2024-03-03 11:00:00+00:00,122.75,169.75
2024-03-03 12:00:00+00:00,163.25,149.75
2024-03-03 13:00:00+00:00,362.5,164.0
2024-03-03 14:00:00+00:00,548.75,204.0
2024-03-03 15:00:00+00:00,830.75,284.25
2024-03-03 16:00:00+00:00,973.0,338.75
2024-03-03 17:00:00+00:00,1063.0,384.75
2024-03-03 18:00:00+00:00,916.25,360.0
2024-03-03 19:00:00+00:00,847.5,371.0
2024-03-03 20:00:00+00:00,713.0,447.0
2024-03-03 21:00:00+00:00,758.75,425.5
2024-03-03 22:00:00+00:00,927.5,458.5
2024-03-03 23:00:00+00:00,1086.25,598.75
2024-03-04 00:00:00+00:00,1185.0,773.25
2024-03-04 01:00:00+00:00,1020.75,854.25
2024-03-04 02:00:00+00:00,621.5,678.0
2024-03-04 03:00:00+00:00,342.5,593.5
2024-03-04 04:00:00+00:00,145.5,527.0
2024-03-04 05:00:00+00:00,130.5,477.75
2024-03-04 06:00:00+00:00,76.25,294.0
2024-03-04 07:00:00+00:00,41.75,232.5
2024-03-04 08:00:00+00:00,3.25,191.25
2024-03-04 09:00:00+00:00,0.25,232.0
2024-03-04 10:00:00+00:00,11.75,214.0
2024-03-04 11:00:00+00:00,32.0,200.25
2024-03-04 12:00:00+00:00,27.0,192.25
2024-03-04 13:00:00+00:00,5.5,144.75
2024-03-04 14:00:00+00:00,5.25,140.5
2024-03-04 15:00:00+00:00,2.25,106.5
2024-03-04 16:00:00+00:00,22.25,94.5
2024-03-04 17:00:00+00:00,65.75,88.25
2024-03-04 18:00:00+00:00,185.0,91.0
2024-03-04 19:00:00+00:00,284.75,118.75
2024-03-04 20:00:00+00:00,411.5,145.25
2024-03-04 21:00:00+00:00,555.0,163.0
2024-03-04 22:00:00+00:00,647.0,166.5
2024-03-04 23:00:00+00:00,446.0,160.5
2024-03-05 00:00:00+00:00,563.25,142.5
2024-03-05 01:00:00+00:00,639.75,127.75
2024-03-05 02:00:00+00:00,531.0,127.0
2024-03-05 03:00:00+00:00,415.0,107.0
2024-03-05 04:00:00+00:00,282.5,111.5
2024-03-05 05:00:00+00:00,223.25,147.25
2024-03-05 06:00:00+00:00,351.25,163.75
2024-03-05 07:00:00+00:00,471.0,141.5
2024-03-05 08:00:00+00:00,514.0,137.0
2024-03-05 09:00:00+00:00,478.25,155.25
2024-03-05 10:00:00+00:00,475.0,148.0
2024-03-05 11:00:00+00:00,506.0,149.0
2024-03-05 12:00:00+00:00,496.75,129.5
2024-03-05 13:00:00+00:00,514.25,129.25
2024-03-05 14:00:00+00:00,508.0,142.25
2024-03-05 15:00:00+00:00,549.5,193.5
2024-03-05 16:00:00+00:00,568.5,231.75
2024-03-05 17:00:00+00:00,539.75,230.5
2024-03-05 18:00:00+00:00,577.0,225.25
2024-03-05 19:00:00+00:00,576.75,246.5
2024-03-05 20:00:00+00:00,577.75,288.0
2024-03-05 21:00:00+00:00,573.25,288.25
2024-03-05 22:00:00+00:00,567.25,282.25
2024-03-05 23:00:00+00:00,521.75,282.0
2024-03-06 00:00:00+00:00,423.5,269.75
2024-03-06 01:00:00+00:00,356.5,236.0
2024-03-06 02:00:00+00:00,312.5,215.5
2024-03-06 03:00:00+00:00,314.25,193.25
2024-03-06 04:00:00+00:00,327.75,170.0
2024-03-06 05:00:00+00:00,279.75,174.25
2024-03-06 06:00:00+00:00,319.25,186.75
2024-03-06 07:00:00+00:00,306.5,210.75
2024-03-06 08:00:00+00:00,291.0,182.25
2024-03-06 09:00:00+00:00,302.5,155.25
2024-03-06 10:00:00+00:00,273.25,156.25
2024-03-06 11:00:00+00:00,218.0,160.0
2024-03-06 12:00:00+00:00,183.75,157.75
2024-03-06 13:00:00+00:00,132.75,130.5
2024-03-06 14:00:00+00:00,118.0,159.5
2024-03-06 15:00:00+00:00,122.25,154.5
2024-03-06 16:00:00+00:00,185.75,161.5
2024-03-06 17:00:00+00:00,290.5,241.5
2024-03-06 18:00:00+00:00,413.25,322.75
2024-03-06 19:00:00+00:00,639.0,406.0
2024-03-06 20:00:00+00:00,792.75,518.0
2024-03-06 21:00:00+00:00,726.75,620.5
2024-03-06 22:00:00+00:00,620.0,489.75
2024-03-06 23:00:00+00:00,668.75,462.75
2024-03-07 00:00:00+00:00,723.75,520.25
2024-03-07 01:00:00+00:00,608.75,573.25
2024-03-07 02:00:00+00:00,634.75,602.0
2024-03-07 03:00:00+00:00,690.0,535.0
2024-03-07 04:00:00+00:00,826.25,539.5
2024-03-07 05:00:00+00:00,955.25,563.0
2024-03-07 06:00:00+00:00,1091.25,671.25
2024-03-07 07:00:00+00:00,1147.75,639.0
2024-03-07 08:00:00+00:00,1237.0,612.25
2024-03-07 09:00:00+00:00,1373.75,558.0
2024-03-07 10:00:00+00:00,1538.5,725.5
2024-03-07 11:00:00+00:00,1605.5,797.0
2024-03-07 12:00:00+00:00,1509.0,830.25
2024-03-07 13:00:00+00:00,1353.5,1007.75
2024-03-07 14:00:00+00:00,1728.75,1161.75
2024-03-07 15:00:00+00:00,2364.25,1220.75
2024-03-07 16:00:00+00:00,2578.0,1293.75
2024-03-07 17:00:00+00:00,2826.0,1239.5
2024-03-07 18:00:00+00:00,3210.25,1271.75
2024-03-07 19:00:00+00:00,3379.0,1591.5
2024-03-07 20:00:00+00:00,3500.25,1654.25
2024-03-07 21:00:00+00:00,3522.75,1641.5
2024-03-07 22:00:00+00:00,3371.5,1645.25
2024-03-07 23:00:00+00:00,3224.0,1469.5
2024-03-08 00:00:00+00:00,3107.25,1419.0
2024-03-08 01:00:00+00:00,3007.5,1516.75
2024-03-08 02:00:00+00:00,2906.5,1499.0
2024-03-08 03:00:00+00:00,2884.75,1439.25
2024-03-08 04:00:00+00:00,2955.75,1468.0
2024-03-08 05:00:00+00:00,3051.5,1498.0
2024-03-08 06:00:00+00:00,3058.0,1544.75
2024-03-08 07:00:00+00:00,3097.75,1528.75
2024-03-08 08:00:00+00:00,3045.75,1420.75
2024-03-08 09:00:00+00:00,3034.5,1384.25
2024-03-08 10:00:00+00:00,2765.75,1252.5
2024-03-08 11:00:00+00:00,2485.25,1225.0
2024-03-08 12:00:00+00:00,1707.5,1402.0
2024-03-08 13:00:00+00:00,2323.25,1653.25
2024-03-08 14:00:00+00:00,3187.25,2016.25
2024-03-08 15:00:00+00:00,3366.75,2063.25
2024-03-08 16:00:00+00:00,3439.75,1884.0
2024-03-08 17:00:00+00:00,3498.0,1872.25
2024-03-08 18:00:00+00:00,3630.0,1838.5
2024-03-08 19:00:00+00:00,3705.0,1936.5
2024-03-08 20:00:00+00:00,3696.5,1921.75
2024-03-08 21:00:00+00:00,3672.75,1845.5
2024-03-08 22:00:00+00:00,3599.5,1817.75
2024-03-08 23:00:00+00:00,3491.5,1760.75
2024-03-09 00:00:00+00:00,3389.0,1690.25
2024-03-09 01:00:00+00:00,3346.75,1713.75
2024-03-09 02:00:00+00:00,3176.5,1580.5
2024-03-09 03:00:00+00:00,2980.75,1465.5
2024-03-09 04:00:00+00:00,2687.75,1298.75
2024-03-09 05:00:00+00:00,2279.0,1244.25
2024-03-09 06:00:00+00:00,2179.5,1185.0
2024-03-09 07:00:00+00:00,2171.75,1063.5
2024-03-09 08:00:00+00:00,1935.25,851.5
2024-03-09 09:00:00+00:00,1899.5,706.75
2024-03-09 10:00:00+00:00,1432.5,670.25
2024-03-09 11:00:00+00:00,1357.0,707.25
2024-03-09 12:00:00+00:00,1758.0,762.25
2024-03-09 13:00:00+00:00,1661.0,986.0
2024-03-09 14:00:00+00:00,2920.0,1156.75
2024-03-09 15:00:00+00:00,3219.75,1224.25
2024-03-09 16:00:00+00:00,3306.75,1282.25
2024-03-09 17:00:00+00:00,3438.25,1386.75
2024-03-09 18:00:00+00:00,3618.0,1627.25
2024-03-09 19:00:00+00:00,3560.0,1743.5
2024-03-09 20:00:00+00:00,3540.5,1738.25
2024-03-09 21:00:00+00:00,3420.75,1553.0
2024-03-09 22:00:00+00:00,3206.75,1344.0
2024-03-09 23:00:00+00:00,2779.5,1136.25
2024-03-10 00:00:00+00:00,2435.5,1187.25
2024-03-10 01:00:00+00:00,2324.25,1281.5
2024-03-10 02:00:00+00:00,2572.75,1420.5
2024-03-10 03:00:00+00:00,2627.5,1460.75
2024-03-10 04:00:00+00:00,2746.0,1624.5
2024-03-10 05:00:00+00:00,2600.5,1760.0
2024-03-10 06:00:00+00:00,2569.25,1813.75
2024-03-10 07:00:00+00:00,2636.25,1811.25
2024-03-10 08:00:00+00:00,2571.0,1758.0
2024-03-10 09:00:00+00:00,2308.25,1597.5
2024-03-10 10:00:00+00:00,1709.0,1361.0
2024-03-10 11:00:00+00:00,1321.25,1392.25
2024-03-10 12:00:00+00:00,973.5,1301.25
2024-03-10 13:00:00+00:00,1096.75,1316.5
2024-03-10 14:00:00+00:00,1630.25,1390.25
2024-03-10 15:00:00+00:00,1884.25,1423.25
2024-03-10 16:00:00+00:00,2069.5,1438.75
2024-03-10 17:00:00+00:00,1953.75,1326.5
2024-03-10 18:00:00+00:00,1691.25,1221.25
2024-03-10 19:00:00+00:00,1617.75,1114.75
2024-03-10 20:00:00+00:00,1524.0,972.75
2024-03-10 21:00:00+00:00,1330.25,956.0
2024-03-10 22:00:00+00:00,1171.25,904.0
2024-03-10 23:00:00+00:00,1205.5,909.5
2024-03-11 00:00:00+00:00,1242.0,863.0
2024-03-11 01:00:00+00:00,1054.75,834.5
2024-03-11 02:00:00+00:00,1028.75,763.25
2024-03-11 03:00:00+00:00,1111.0,619.75
2024-03-11 04:00:00+00:00,907.5,560.5
2024-03-11 05:00:00+00:00,873.75,564.5
2024-03-11 06:00:00+00:00,955.5,489.0
2024-03-11 07:00:00+00:00,826.25,403.5
2024-03-11 08:00:00+00:00,890.25,282.5
2024-03-11 09:00:00+00:00,993.25,235.75
2024-03-11 10:00:00+00:00,953.25,202.75
2024-03-11 11:00:00+00:00,780.25,168.0
2024-03-11 12:00:00+00:00,806.75,151.25
2024-03-11 13:00:00+00:00,822.75,144.5
2024-03-11 14:00:00+00:00,691.75,125.75
2024-03-11 15:00:00+00:00,587.75,105.75
2024-03-11 16:00:00+00:00,685.5,130.0
2024-03-11 17:00:00+00:00,915.0,158.5
2024-03-11 18:00:00+00:00,1018.5,169.0
2024-03-11 19:00:00+00:00,1152.0,196.5
2024-03-11 20:00:00+00:00,1039.0,241.0
2024-03-11 21:00:00+00:00,1074.75,223.0
2024-03-11 22:00:00+00:00,995.0,232.75
2024-03-11 23:00:00+00:00,947.5,266.0
2024-03-12 00:00:00+00:00,1069.0,290.75
2024-03-12 01:00:00+00:00,1125.0,338.0
2024-03-12 02:00:00+00:00,1064.75,321.5
2024-03-12 03:00:00+00:00,867.5,381.25
2024-03-12 04:00:00+00:00,717.25,423.0
2024-03-12 05:00:00+00:00,549.25,422.0
2024-03-12 06:00:00+00:00,481.25,501.5
2024-03-12 07:00:00+00:00,410.5,504.25
2024-03-12 08:00:00+00:00,417.5,469.75
2024-03-12 09:00:00+00:00,439.75,479.5
2024-03-12 10:00:00+00:00,687.0,486.5
2024-03-12 11:00:00+00:00,890.0,501.25
2024-03-12 12:00:00+00:00,1171.0,477.75
2024-03-12 13:00:00+00:00,1580.25,473.0
2024-03-12 14:00:00+00:00,1809.0,521.0
2024-03-12 15:00:00+00:00,1532.5,494.5
2024-03-12 16:00:00+00:00,1753.75,587.25
2024-03-12 17:00:00+00:00,2050.25,665.75
2024-03-12 18:00:00+00:00,2274.75,676.0
2024-03-12 19:00:00+00:00,2147.5,776.0
2024-03-12 20:00:00+00:00,1913.0,900.5
2024-03-12 21:00:00+00:00,1750.0,946.25
2024-03-12 22:00:00+00:00,1820.75,982.25
2024-03-12 23:00:00+00:00,2052.5,937.25
2024-03-13 00:00:00+00:00,2037.75,871.25
2024-03-13 01:00:00+00:00,2355.0,886.75
2024-03-13 02:00:00+00:00,2882.25,808.25
2024-03-13 03:00:00+00:00,2859.0,799.0
2024-03-13 04:00:00+00:00,2415.75,856.5
2024-03-13 05:00:00+00:00,2410.75,822.0
2024-03-13 06:00:00+00:00,2518.25,892.75
2024-03-13 07:00:00+00:00,2804.5,944.5
2024-03-13 08:00:00+00:00,3036.0,1060.75
2024-03-13 09:00:00+00:00,3157.0,1228.25
2024-03-13 10:00:00+00:00,3297.0,1407.75
2024-03-13 11:00:00+00:00,3441.75,1285.0
2024-03-13 12:00:00+00:00,3630.0,1460.5
2024-03-13 13:00:00+00:00,3839.0,1547.5
2024-03-13 14:00:00+00:00,3902.0,1588.0
2024-03-13 15:00:00+00:00,3932.5,1600.25
2024-03-13 16:00:00+00:00,3920.25,1686.5
2024-03-13 17:00:00+00:00,3903.75,1653.5
2024-03-13 18:00:00+00:00,3899.0,1682.75
2024-03-13 19:00:00+00:00,3894.0,1640.25
2024-03-13 20:00:00+00:00,3894.0,1654.5
2024-03-13 21:00:00+00:00,3475.25,1678.25
2024-03-13 22:00:00+00:00,3255.25,1648.25
2024-03-13 23:00:00+00:00,3011.0,1622.25
2024-03-14 00:00:00+00:00,3357.75,1637.75
2024-03-14 01:00:00+00:00,3482.25,1511.0
2024-03-14 02:00:00+00:00,3291.5,1537.25
2024-03-14 03:00:00+00:00,3147.25,1535.75
2024-03-14 04:00:00+00:00,2930.5,1478.25
2024-03-14 05:00:00+00:00,2949.5,1553.25
2024-03-14 06:00:00+00:00,2989.5,1541.25
2024-03-14 07:00:00+00:00,3013.5,1385.5
2024-03-14 08:00:00+00:00,2859.0,1182.75
2024-03-14 09:00:00+00:00,2566.25,1011.25
2024-03-14 10:00:00+00:00,2544.5,940.0
2024-03-14 11:00:00+00:00,2378.0,827.75
2024-03-14 12:00:00+00:00,2565.5,909.0
2024-03-14 13:00:00+00:00,2364.5,873.5
2024-03-14 14:00:00+00:00,2248.75,817.75
2024-03-14 15:00:00+00:00,2317.5,721.75
2024-03-14 16:00:00+00:00,2491.75,719.25
2024-03-14 17:00:00+00:00,2753.0,723.0
2024-03-14 18:00:00+00:00,3134.0,885.0
2024-03-14 19:00:00+00:00,3196.0,1214.5
2024-03-14 20:00:00+00:00,3217.0,1401.75
2024-03-14 21:00:00+00:00,3361.0,1450.25
2024-03-14 22:00:00+00:00,3572.75,1618.5
2024-03-14 23:00:00+00:00,3607.5,1523.75
2024-03-15 00:00:00+00:00,3742.5,1594.5
2024-03-15 01:00:00+00:00,3810.75,1699.5
2024-03-15 02:00:00+00:00,3824.25,1646.5
2024-03-15 03:00:00+00:00,3821.5,1677.25
2024-03-15 04:00:00+00:00,3827.25,1717.25
2024-03-15 05:00:00+00:00,3839.5,1689.75
2024-03-15 06:00:00+00:00,3819.5,1786.75
2024-03-15 07:00:00+00:00,3842.25,1876.0
2024-03-15 08:00:00+00:00,3786.5,1990.5
2024-03-15 09:00:00+00:00,3785.75,2126.75
2024-03-15 10:00:00+00:00,3837.5,2094.75
2024-03-15 11:00:00+00:00,3850.0,2072.25
2024-03-15 12:00:00+00:00,3831.25,2030.0
2024-03-15 13:00:00+00:00,3806.0,2070.25
2024-03-15 14:00:00+00:00,3825.5,2236.5
2024-03-15 15:00:00+00:00,3847.0,2227.75
2024-03-15 16:00:00+00:00,3842.0,2095.5
2024-03-15 17:00:00+00:00,3858.0,2083.25
2024-03-15 18:00:00+00:00,3842.75,2039.75
2024-03-15 19:00:00+00:00,3845.0,2050.75
2024-03-15 20:00:00+00:00,3820.25,2054.75
2024-03-15 21:00:00+00:00,3754.5,2055.0
2024-03-15 22:00:00+00:00,3373.5,1989.75
2024-03-15 23:00:00+00:00,2778.25,1798.75
2024-03-16 00:00:00+00:00,2592.0,1455.5
2024-03-16 01:00:00+00:00,2778.5,1275.0
2024-03-16 02:00:00+00:00,2543.0,1340.5
2024-03-16 03:00:00+00:00,2536.0,1272.0
2024-03-16 04:00:00+00:00,2403.25,1256.0
2024-03-16 05:00:00+00:00,2119.5,1105.0
2024-03-16 06:00:00+00:00,1741.5,1055.0
2024-03-16 07:00:00+00:00,1440.5,1109.0
2024-03-16 08:00:00+00:00,1020.25,868.5
2024-03-16 09:00:00+00:00,936.75,824.25
2024-03-16 10:00:00+00:00,808.75,804.0
2024-03-16 11:00:00+00:00,508.0,636.0
2024-03-16 12:00:00+00:00,411.75,454.5
2024-03-16 13:00:00+00:00,320.25,449.75
2024-03-16 14:00:00+00:00,257.5,431.75
2024-03-16 15:00:00+00:00,208.75,372.0
2024-03-16 16:00:00+00:00,151.5,343.5
2024-03-16 17:00:00+00:00,145.75,306.75
2024-03-16 18:00:00+00:00,116.25,211.5
2024-03-16 19:00:00+00:00,131.0,135.75
2024-03-16 20:00:00+00:00,141.0,110.75
2024-03-16 21:00:00+00:00,210.5,137.0
2024-03-16 22:00:00+00:00,278.5,180.25
2024-03-16 23:00:00+00:00,766.0,209.5
2024-03-17 00:00:00+00:00,930.5,285.5
2024-03-17 01:00:00+00:00,1000.75,399.0
2024-03-17 02:00:00+00:00,1026.5,481.75
2024-03-17 03:00:00+00:00,1292.75,570.75
2024-03-17 04:00:00+00:00,1319.25,625.75
2024-03-17 05:00:00+00:00,1282.0,676.5
2024-03-17 06:00:00+00:00,1299.0,656.0
2024-03-17 07:00:00+00:00,1501.0,665.75
2024-03-17 08:00:00+00:00,1744.75,688.75
2024-03-17 09:00:00+00:00,1761.5,614.25
2024-03-17 10:00:00+00:00,1944.75,692.5
2024-03-17 11:00:00+00:00,2167.75,844.0
2024-03-17 12:00:00+00:00,2209.5,974.25
2024-03-17 13:00:00+00:00,2132.5,974.0
2024-03-17 14:00:00+00:00,2368.25,1012.75
2024-03-17 15:00:00+00:00,2831.75,1033.25
2024-03-17 16:00:00+00:00,3124.25,1019.5
2024-03-17 17:00:00+00:00,2908.75,1151.75
2024-03-17 18:00:00+00:00,2828.75,1303.75
2024-03-17 19:00:00+00:00,2967.5,1583.25
2024-03-17 20:00:00+00:00,2778.75,1552.0
2024-03-17 21:00:00+00:00,2156.0,1403.75
2024-03-17 22:00:00+00:00,1719.75,1239.0
2024-03-17 23:00:00+00:00,1688.5,1112.25
2024-03-18 00:00:00+00:00,1536.0,912.5
2024-03-18 01:00:00+00:00,1221.0,628.0
2024-03-18 02:00:00+00:00,1170.0,477.25
2024-03-18 03:00:00+00:00,1207.25,413.25
2024-03-18 04:00:00+00:00,956.75,375.0
2024-03-18 05:00:00+00:00,686.25,340.25
2024-03-18 06:00:00+00:00,631.75,271.75
2024-03-18 07:00:00+00:00,722.75,254.25
2024-03-18 08:00:00+00:00,684.75,241.5
2024-03-18 09:00:00+00:00,522.75,282.25
2024-03-18 10:00:00+00:00,347.0,343.0
2024-03-18 11:00:00+00:00,295.0,305.75
2024-03-18 12:00:00+00:00,277.0,310.5
2024-03-18 13:00:00+00:00,300.0,301.5
2024-03-18 14:00:00+00:00,282.5,311.75
2024-03-18 15:00:00+00:00,272.0,245.0
2024-03-18 16:00:00+00:00,547.0,190.0
2024-03-18 17:00:00+00:00,959.0,131.0
2024-03-18 18:00:00+00:00,1057.25,137.0
2024-03-18 19:00:00+00:00,1153.75,172.5
2024-03-18 20:00:00+00:00,1104.0,210.75
2024-03-18 21:00:00+00:00,1218.25,245.75
2024-03-18 22:00:00+00:00,1356.25,280.0
2024-03-18 23:00:00+00:00,1667.25,358.0
2024-03-19 00:00:00+00:00,1609.0,478.25
2024-03-19 01:00:00+00:00,1639.0,659.25
2024-03-19 02:00:00+00:00,1853.25,726.75
2024-03-19 03:00:00+00:00,1875.0,765.25
2024-03-19 04:00:00+00:00,1735.25,748.5
2024-03-19 05:00:00+00:00,1847.5,747.25
2024-03-19 06:00:00+00:00,2063.5,697.5
2024-03-19 07:00:00+00:00,2106.25,656.0
2024-03-19 08:00:00+00:00,2125.5,655.0
2024-03-19 09:00:00+00:00,2196.75,533.0
2024-03-19 10:00:00+00:00,2379.25,482.0
2024-03-19 11:00:00+00:00,2316.0,551.0
2024-03-19 12:00:00+00:00,2394.25,634.75
2024-03-19 13:00:00+00:00,2380.0,799.75
2024-03-19 14:00:00+00:00,2551.0,736.5
2024-03-19 15:00:00+00:00,2559.75,794.75
2024-03-19 16:00:00+00:00,2282.5,647.5
2024-03-19 17:00:00+00:00,1807.25,437.5
2024-03-19 18:00:00+00:00,1615.75,261.5
2024-03-19 19:00:00+00:00,1173.75,180.75
2024-03-19 20:00:00+00:00,817.75,147.75
2024-03-19 21:00:00+00:00,517.25,128.25
2024-03-19 22:00:00+00:00,363.25,119.0
2024-03-19 23:00:00+00:00,260.5,107.25
2024-03-20 00:00:00+00:00,190.75,134.5
2024-03-20 01:00:00+00:00,217.25,148.75
2024-03-20 02:00:00+00:00,219.5,136.75
2024-03-20 03:00:00+00:00,182.75,107.75
2024-03-20 04:00:00+00:00,192.25,109.75
2024-03-20 05:00:00+00:00,282.75,135.5
2024-03-20 06:00:00+00:00,315.75,152.5
2024-03-20 07:00:00+00:00,246.0,179.5
2024-03-20 08:00:00+00:00,237.75,165.75
2024-03-20 09:00:00+00:00,201.25,172.0
2024-03-20 10:00:00+00:00,202.5,172.0
2024-03-20 11:00:00+00:00,163.5,155.25
2024-03-20 12:00:00+00:00,182.5,168.5
2024-03-20 13:00:00+00:00,146.5,156.25
2024-03-20 14:00:00+00:00,127.5,130.75
2024-03-20 15:00:00+00:00,132.75,123.25
2024-03-20 16:00:00+00:00,138.5,121.5
2024-03-20 17:00:00+00:00,151.25,104.0
2024-03-20 18:00:00+00:00,204.25,93.75
2024-03-20 19:00:00+00:00,273.0,129.25
2024-03-20 20:00:00+00:00,446.0,162.75
2024-03-20 21:00:00+00:00,577.75,253.5
2024-03-20 22:00:00+00:00,468.5,240.5
2024-03-20 23:00:00+00:00,871.0,300.0
2024-03-21 00:00:00+00:00,1567.5,462.25
2024-03-21 01:00:00+00:00,1642.0,807.75
2024-03-21 02:00:00+00:00,1761.25,829.5
2024-03-21 03:00:00+00:00,1807.5,1030.75
2024-03-21 04:00:00+00:00,1515.25,941.25
2024-03-21 05:00:00+00:00,941.0,735.0
2024-03-21 06:00:00+00:00,402.75,431.0
2024-03-21 07:00:00+00:00,66.5,186.75
2024-03-21 08:00:00+00:00,34.5,120.5
2024-03-21 09:00:00+00:00,53.25,184.5
2024-03-21 10:00:00+00:00,140.5,191.75
2024-03-21 11:00:00+00:00,225.5,290.25
2024-03-21 12:00:00+00:00,335.0,295.5
2024-03-21 13:00:00+00:00,730.75,320.25
2024-03-21 14:00:00+00:00,1121.75,464.5
2024-03-21 15:00:00+00:00,1680.75,501.5
2024-03-21 16:00:00+00:00,1837.0,606.5
2024-03-21 17:00:00+00:00,1816.25,547.75
2024-03-21 18:00:00+00:00,2148.5,624.75
2024-03-21 19:00:00+00:00,2568.25,817.25
2024-03-21 20:00:00+00:00,2818.5,976.0
2024-03-21 21:00:00+00:00,3070.0,1130.0
2024-03-21 22:00:00+00:00,3428.75,1240.5
2024-03-21 23:00:00+00:00,3617.25,1408.0
2024-03-22 00:00:00+00:00,3703.5,1491.25
2024-03-22 01:00:00+00:00,3605.25,1593.5
2024-03-22 02:00:00+00:00,3398.5,1535.5
2024-03-22 03:00:00+00:00,3470.0,1522.25
2024-03-22 04:00:00+00:00,3488.25,1568.5
2024-03-22 05:00:00+00:00,3521.25,1674.5
2024-03-22 06:00:00+00:00,3384.75,1737.0
2024-03-22 07:00:00+00:00,3216.75,1751.25
2024-03-22 08:00:00+00:00,2779.5,1734.25
2024-03-22 09:00:00+00:00,2425.75,1457.5
2024-03-22 10:00:00+00:00,2198.5,1216.0
2024-03-22 11:00:00+00:00,1780.25,940.75
2024-03-22 12:00:00+00:00,1504.75,914.5
2024-03-22 13:00:00+00:00,1294.5,824.25
2024-03-22 14:00:00+00:00,1056.25,719.5
2024-03-22 15:00:00+00:00,1001.75,749.75
2024-03-22 16:00:00+00:00,965.75,653.25
2024-03-22 17:00:00+00:00,546.75,400.25
2024-03-22 18:00:00+00:00,379.0,295.0
2024-03-22 19:00:00+00:00,289.0,212.5
2024-03-22 20:00:00+00:00,309.0,197.75
2024-03-22 21:00:00+00:00,724.5,193.0
2024-03-22 22:00:00+00:00,1248.25,231.5
2024-03-22 23:00:00+00:00,1499.75,425.25
2024-03-23 00:00:00+00:00,1770.0,657.0
2024-03-23 01:00:00+00:00,2077.25,761.25
2024-03-23 02:00:00+00:00,2449.5,928.25
2024-03-23 03:00:00+00:00,3058.75,966.75
2024-03-23 04:00:00+00:00,3431.0,1112.75
2024-03-23 05:00:00+00:00,3572.0,1418.25
2024-03-23 06:00:00+00:00,3652.25,1460.75
2024-03-23 07:00:00+00:00,3511.25,1571.25
2024-03-23 08:00:00+00:00,3670.5,1775.75
2024-03-23 09:00:00+00:00,3559.25,1875.5
2024-03-23 10:00:00+00:00,2979.0,1759.0
2024-03-23 11:00:00+00:00,3053.5,1918.0
2024-03-23 12:00:00+00:00,3054.0,1925.5
2024-03-23 13:00:00+00:00,2959.5,1760.25
2024-03-23 14:00:00+00:00,2937.75,1754.5
2024-03-23 15:00:00+00:00,2677.25,1624.5
2024-03-23 16:00:00+00:00,2959.75,1969.0
2024-03-23 17:00:00+00:00,2952.25,1671.0
2024-03-23 18:00:00+00:00,3211.5,1476.5
2024-03-23 19:00:00+00:00,3206.0,1432.25
2024-03-23 20:00:00+00:00,3478.5,1556.25
2024-03-23 21:00:00+00:00,3685.5,1661.75
2024-03-23 22:00:00+00:00,3735.0,1944.0
2024-03-23 23:00:00+00:00,3509.5,2038.25
2024-03-24 00:00:00+00:00,3647.5,2009.25
2024-03-24 01:00:00+00:00,3650.25,1921.25
2024-03-24 02:00:00+00:00,3653.75,1827.75
2024-03-24 03:00:00+00:00,3460.75,1947.0
2024-03-24 04:00:00+00:00,3720.5,1773.75
2024-03-24 05:00:00+00:00,3721.25,1799.0
2024-03-24 06:00:00+00:00,3657.25,1932.5
2024-03-24 07:00:00+00:00,3585.75,1903.0
2024-03-24 08:00:00+00:00,3596.75,2001.25
2024-03-24 09:00:00+00:00,3676.75,2120.5
2024-03-24 10:00:00+00:00,3610.75,2160.5
2024-03-24 11:00:00+00:00,3410.75,2106.5
2024-03-24 12:00:00+00:00,3260.75,2151.25
2024-03-24 13:00:00+00:00,3238.25,2192.75
2024-03-24 14:00:00+00:00,3161.5,2254.5
2024-03-24 15:00:00+00:00,3068.25,2432.5
2024-03-24 16:00:00+00:00,3069.75,2331.75
2024-03-24 17:00:00+00:00,3264.75,2192.5
2024-03-24 18:00:00+00:00,2965.25,2110.0
2024-03-24 19:00:00+00:00,2736.5,1979.75
2024-03-24 20:00:00+00:00,2417.25,1791.0
2024-03-24 21:00:00+00:00,2090.0,1543.0
2024-03-24 22:00:00+00:00,1643.25,1275.75
2024-03-24 23:00:00+00:00,1089.5,1108.0
2024-03-25 00:00:00+00:00,739.0,814.75
2024-03-25 01:00:00+00:00,615.25,686.75
2024-03-25 02:00:00+00:00,503.25,560.75
2024-03-25 03:00:00+00:00,380.5,508.5
2024-03-25 04:00:00+00:00,301.5,388.25
2024-03-25 05:00:00+00:00,213.75,336.75
2024-03-25 06:00:00+00:00,171.25,275.0
2024-03-25 07:00:00+00:00,196.5,234.0
2024-03-25 08:00:00+00:00,254.75,233.75
2024-03-25 09:00:00+00:00,282.5,236.0
2024-03-25 10:00:00+00:00,443.5,220.0
2024-03-25 11:00:00+00:00,404.0,208.25
2024-03-25 12:00:00+00:00,306.25,207.75
2024-03-25 13:00:00+00:00,185.5,221.25
2024-03-25 14:00:00+00:00,81.25,223.25
2024-03-25 15:00:00+00:00,146.75,228.75
2024-03-25 16:00:00+00:00,449.0,305.5
2024-03-25 17:00:00+00:00,1109.0,382.5
2024-03-25 18:00:00+00:00,1584.0,688.75
2024-03-25 19:00:00+00:00,1981.0,818.0
2024-03-25 20:00:00+00:00,2208.5,995.0
2024-03-25 21:00:00+00:00,2755.25,1207.75
2024-03-25 22:00:00+00:00,2924.75,1211.75
2024-03-25 23:00:00+00:00,2814.0,1483.0
2024-03-26 00:00:00+00:00,2726.5,1378.25
2024-03-26 01:00:00+00:00,2491.5,1396.0
2024-03-26 02:00:00+00:00,2185.25,1362.25
2024-03-26 03:00:00+00:00,1834.75,1246.5
2024-03-26 04:00:00+00:00,1762.25,1147.0
2024-03-26 05:00:00+00:00,1531.0,1079.75
2024-03-26 06:00:00+00:00,1405.0,948.5
2024-03-26 07:00:00+00:00,1297.75,761.0
2024-03-26 08:00:00+00:00,1001.25,697.5
2024-03-26 09:00:00+00:00,782.0,602.5
2024-03-26 10:00:00+00:00,703.75,499.75
2024-03-26 11:00:00+00:00,479.5,478.0
2024-03-26 12:00:00+00:00,372.5,481.25
2024-03-26 13:00:00+00:00,310.75,429.75
2024-03-26 14:00:00+00:00,298.5,366.25
2024-03-26 15:00:00+00:00,375.0,327.0
2024-03-26 16:00:00+00:00,577.0,348.5
2024-03-26 17:00:00+00:00,612.0,367.0
2024-03-26 18:00:00+00:00,806.5,457.5
2024-03-26 19:00:00+00:00,1194.75,653.5
2024-03-26 20:00:00+00:00,1812.25,848.75
2024-03-26 21:00:00+00:00,2373.0,886.5
2024-03-26 22:00:00+00:00,2153.25,989.25
2024-03-26 23:00:00+00:00,2302.5,1146.25
2024-03-27 00:00:00+00:00,2207.75,1173.5
2024-03-27 01:00:00+00:00,2635.0,1161.5
2024-03-27 02:00:00+00:00,2879.0,1113.0
2024-03-27 03:00:00+00:00,2617.75,1172.0
2024-03-27 04:00:00+00:00,2438.0,1171.25
2024-03-27 05:00:00+00:00,2308.0,1044.75
2024-03-27 06:00:00+00:00,1970.75,981.5
2024-03-27 07:00:00+00:00,2035.75,707.0
2024-03-27 08:00:00+00:00,2321.25,717.0
2024-03-27 09:00:00+00:00,2352.25,692.75
2024-03-27 10:00:00+00:00,2212.25,645.5
2024-03-27 11:00:00+00:00,2014.75,688.5
2024-03-27 12:00:00+00:00,1656.25,549.25
2024-03-27 13:00:00+00:00,1600.0,605.5
2024-03-27 14:00:00+00:00,1596.5,657.5
2024-03-27 15:00:00+00:00,1855.25,632.75
2024-03-27 16:00:00+00:00,1863.75,724.25
2024-03-27 17:00:00+00:00,2331.0,674.25
2024-03-27 18:00:00+00:00,2648.5,743.0
2024-03-27 19:00:00+00:00,2573.25,817.0
2024-03-27 20:00:00+00:00,2173.75,937.0
2024-03-27 21:00:00+00:00,2051.5,841.0
2024-03-27 22:00:00+00:00,2079.5,734.25
2024-03-27 23:00:00+00:00,2215.25,626.25
2024-03-28 00:00:00+00:00,2217.5,653.75
2024-03-28 01:00:00+00:00,2432.25,648.0
2024-03-28 02:00:00+00:00,2698.25,679.5
2024-03-28 03:00:00+00:00,3127.75,873.25
2024-03-28 04:00:00+00:00,3307.5,1050.75
2024-03-28 05:00:00+00:00,3435.0,1295.0
2024-03-28 06:00:00+00:00,3345.0,1240.25
2024-03-28 07:00:00+00:00,2962.0,984.75
2024-03-28 08:00:00+00:00,2536.25,992.5
2024-03-28 09:00:00+00:00,2648.25,1223.75
2024-03-28 10:00:00+00:00,3049.5,1224.75
2024-03-28 11:00:00+00:00,3029.0,1307.5
2024-03-28 12:00:00+00:00,3008.0,1782.5
2024-03-28 13:00:00+00:00,3342.25,1861.0
2024-03-28 14:00:00+00:00,3268.75,2112.25
2024-03-28 15:00:00+00:00,3707.75,2082.5
2024-03-28 16:00:00+00:00,3481.5,1769.0
2024-03-28 17:00:00+00:00,3734.75,1483.25
2024-03-28 18:00:00+00:00,3856.5,1727.5
2024-03-28 19:00:00+00:00,3825.25,1999.75
2024-03-28 20:00:00+00:00,3889.5,2262.75
2024-03-28 21:00:00+00:00,3924.75,2423.25
2024-03-28 22:00:00+00:00,3936.5,2386.25
2024-03-28 23:00:00+00:00,3920.75,2326.75
2024-03-29 00:00:00+00:00,3919.25,2190.75
2024-03-29 01:00:00+00:00,3938.25,2156.5
2024-03-29 02:00:00+00:00,3901.5,2075.75
2024-03-29 03:00:00+00:00,3852.25,2054.75
2024-03-29 04:00:00+00:00,3849.5,2002.75
2024-03-29 05:00:00+00:00,3758.0,1811.75
2024-03-29 06:00:00+00:00,3505.75,1762.0
2024-03-29 07:00:00+00:00,3277.5,1475.25
2024-03-29 08:00:00+00:00,2914.25,1297.75
2024-03-29 09:00:00+00:00,2737.75,1221.5
2024-03-29 10:00:00+00:00,2198.5,1097.5
2024-03-29 11:00:00+00:00,2591.5,1229.5
2024-03-29 12:00:00+00:00,2548.25,1060.0
2024-03-29 13:00:00+00:00,2566.5,1093.75
2024-03-29 14:00:00+00:00,2465.75,1180.25
2024-03-29 15:00:00+00:00,2054.75,982.25
2024-03-29 16:00:00+00:00,1878.0,693.75
2024-03-29 17:00:00+00:00,1916.0,516.75
2024-03-29 18:00:00+00:00,1827.75,428.25
2024-03-29 19:00:00+00:00,1720.5,556.75
2024-03-29 20:00:00+00:00,1467.25,711.25
2024-03-29 21:00:00+00:00,1179.25,738.25
2024-03-29 22:00:00+00:00,1359.25,1000.75
2024-03-29 23:00:00+00:00,1827.25,1034.0
2024-03-30 00:00:00+00:00,2211.5,836.5
2024-03-30 01:00:00+00:00,2008.75,529.25
2024-03-30 02:00:00+00:00,1307.75,301.75
2024-03-30 03:00:00+00:00,1194.75,183.25
2024-03-30 04:00:00+00:00,657.5,161.75
2024-03-30 05:00:00+00:00,236.25,156.25
2024-03-30 06:00:00+00:00,83.5,144.75
2024-03-30 07:00:00+00:00,63.5,141.75
2024-03-30 08:00:00+00:00,33.75,169.25
2024-03-30 09:00:00+00:00,17.0,184.5
2024-03-30 10:00:00+00:00,61.75,204.75
2024-03-30 11:00:00+00:00,144.0,259.5
2024-03-30 12:00:00+00:00,188.0,269.0
2024-03-30 13:00:00+00:00,408.0,399.25
2024-03-30 14:00:00+00:00,301.5,595.25
2024-03-30 15:00:00+00:00,93.0,623.25
2024-03-30 16:00:00+00:00,378.25,490.75
2024-03-30 17:00:00+00:00,471.75,258.25
2024-03-30 18:00:00+00:00,211.0,274.75
2024-03-30 19:00:00+00:00,55.0,131.75
2024-03-30 20:00:00+00:00,176.5,100.75
2024-03-30 21:00:00+00:00,225.75,141.0
2024-03-30 22:00:00+00:00,403.25,134.5
2024-03-30 23:00:00+00:00,372.75,122.75
2024-03-31 00:00:00+00:00,213.5,152.75
2024-03-31 01:00:00+00:00,265.0,225.75
2024-03-31 02:00:00+00:00,656.5,286.25
2024-03-31 03:00:00+00:00,985.25,385.25
2024-03-31 04:00:00+00:00,1637.25,592.5
2024-03-31 05:00:00+00:00,1821.0,799.75
2024-03-31 06:00:00+00:00,1929.75,859.5
2024-03-31 07:00:00+00:00,2553.75,867.5
2024-03-31 08:00:00+00:00,2445.0,764.25
2024-03-31 09:00:00+00:00,1659.75,599.25
2024-03-31 10:00:00+00:00,988.25,447.75
2024-03-31 11:00:00+00:00,934.75,471.5
2024-03-31 12:00:00+00:00,977.0,651.25
2024-03-31 13:00:00+00:00,1247.75,825.0
2024-03-31 14:00:00+00:00,1963.0,635.0
2024-03-31 15:00:00+00:00,1284.25,623.25
2024-03-31 16:00:00+00:00,667.75,790.75
2024-03-31 17:00:00+00:00,634.0,928.5
2024-03-31 18:00:00+00:00,1100.25,528.0
2024-03-31 19:00:00+00:00,1257.0,648.0
2024-03-31 20:00:00+00:00,1296.25,730.75
2024-03-31 21:00:00+00:00,767.5,650.75
2024-03-31 22:00:00+00:00,998.25,702.0
2024-03-31 23:00:00+00:00,1096.5,727.5
2024-04-01 00:00:00+00:00,920.5,641.0
2024-04-01 01:00:00+00:00,855.25,548.75
2024-04-01 02:00:00+00:00,757.0,549.0
2024-04-01 03:00:00+00:00,891.25,432.5
2024-04-01 04:00:00+00:00,1315.25,274.0
2024-04-01 05:00:00+00:00,1271.75,272.25
2024-04-01 06:00:00+00:00,1347.25,299.0
2024-04-01 07:00:00+00:00,1506.5,372.0
2024-04-01 08:00:00+00:00,1685.0,378.25
2024-04-01 09:00:00+00:00,1652.25,399.5
2024-04-01 10:00:00+00:00,1698.5,489.5
2024-04-01 11:00:00+00:00,1966.25,623.5
2024-04-01 12:00:00+00:00,2274.25,908.0
2024-04-01 13:00:00+00:00,2127.75,1263.5
2024-04-01 14:00:00+00:00,1817.75,1448.75
2024-04-01 15:00:00+00:00,1706.75,1308.5
2024-04-01 16:00:00+00:00,1732.5,987.75
2024-04-01 17:00:00+00:00,2211.5,864.0
2024-04-01 18:00:00+00:00,2447.25,879.75
2024-04-01 19:00:00+00:00,2236.25,954.75
2024-04-01 20:00:00+00:00,2180.0,805.25
2024-04-01 21:00:00+00:00,2358.75,1009.0
2024-04-01 22:00:00+00:00,2448.25,1113.75
2024-04-01 23:00:00+00:00,2449.25,1196.5
2024-04-02 00:00:00+00:00,2611.75,1257.25
2024-04-02 01:00:00+00:00,2552.75,1310.75
2024-04-02 02:00:00+00:00,2740.75,1300.75
2024-04-02 03:00:00+00:00,2780.0,1432.25
2024-04-02 04:00:00+00:00,2779.5,1457.25
2024-04-02 05:00:00+00:00,2900.0,1503.75
2024-04-02 06:00:00+00:00,3089.25,1458.75
2024-04-02 07:00:00+00:00,3265.0,1382.0
2024-04-02 08:00:00+00:00,3412.0,1343.75
2024-04-02 09:00:00+00:00,3527.25,1346.5
2024-04-02 10:00:00+00:00,3356.0,1304.25
2024-04-02 11:00:00+00:00,3532.25,1363.0
2024-04-02 12:00:00+00:00,3213.5,1343.75
2024-04-02 13:00:00+00:00,3077.0,1417.25
2024-04-02 14:00:00+00:00,3133.5,1356.5
2024-04-02 15:00:00+00:00,2920.5,1379.75
2024-04-02 16:00:00+00:00,2873.25,1440.75
2024-04-02 17:00:00+00:00,2800.75,1268.0
2024-04-02 18:00:00+00:00,2401.5,1053.5
2024-04-02 19:00:00+00:00,2243.5,926.5
2024-04-02 20:00:00+00:00,1919.25,786.25
2024-04-02 21:00:00+00:00,1857.5,656.75
2024-04-02 22:00:00+00:00,2011.5,575.0
2024-04-02 23:00:00+00:00,1760.25,625.0
2024-04-03 00:00:00+00:00,1662.0,635.5
2024-04-03 01:00:00+00:00,2159.25,660.25
2024-04-03 02:00:00+00:00,2610.75,597.25
2024-04-03 03:00:00+00:00,2648.75,638.5
2024-04-03 04:00:00+00:00,2652.0,658.75
2024-04-03 05:00:00+00:00,2539.25,688.5
2024-04-03 06:00:00+00:00,2486.25,691.5
2024-04-03 07:00:00+00:00,2432.0,712.0
2024-04-03 08:00:00+00:00,2532.75,753.5
2024-04-03 09:00:00+00:00,2463.75,739.75
2024-04-03 10:00:00+00:00,2474.5,700.0
2024-04-03 11:00:00+00:00,2639.75,700.75
2024-04-03 12:00:00+00:00,2918.0,694.5
2024-04-03 13:00:00+00:00,3092.5,892.0
2024-04-03 14:00:00+00:00,3488.5,1013.75
2024-04-03 15:00:00+00:00,3556.0,1258.75
2024-04-03 16:00:00+00:00,3663.25,1701.75
2024-04-03 17:00:00+00:00,3754.0,2163.25
2024-04-03 18:00:00+00:00,3894.5,2277.0
2024-04-03 19:00:00+00:00,3981.5,2258.75
2024-04-03 20:00:00+00:00,4001.5,2245.75
2024-04-03 21:00:00+00:00,3992.0,2206.5
2024-04-03 22:00:00+00:00,3949.25,2128.0
2024-04-03 23:00:00+00:00,3472.5,1901.75
2024-04-04 00:00:00+00:00,3034.75,1682.5
2024-04-04 01:00:00+00:00,2998.75,1349.5
2024-04-04 02:00:00+00:00,2896.75,1291.5
2024-04-04 03:00:00+00:00,2824.75,1195.75
2024-04-04 04:00:00+00:00,3252.5,1106.0
2024-04-04 05:00:00+00:00,3479.75,1271.25
2024-04-04 06:00:00+00:00,3875.5,1436.25
2024-04-04 07:00:00+00:00,3876.75,1549.75
2024-04-04 08:00:00+00:00,3727.25,1672.25
2024-04-04 09:00:00+00:00,3217.25,1921.5
2024-04-04 10:00:00+00:00,2552.5,1959.75
2024-04-04 11:00:00+00:00,1849.75,2035.5
2024-04-04 12:00:00+00:00,1706.5,1942.75
2024-04-04 13:00:00+00:00,1771.5,1754.75
2024-04-04 14:00:00+00:00,2113.25,2171.0
2024-04-04 15:00:00+00:00,3061.5,2172.0
2024-04-04 16:00:00+00:00,3216.25,2004.5
2024-04-04 17:00:00+00:00,3151.75,1694.5
2024-04-04 18:00:00+00:00,3244.25,1425.5
2024-04-04 19:00:00+00:00,3391.0,1282.75
2024-04-04 20:00:00+00:00,3471.0,1337.5
2024-04-04 21:00:00+00:00,3442.75,1340.5
2024-04-04 22:00:00+00:00,3100.25,1507.5
2024-04-04 23:00:00+00:00,2753.5,1558.0
2024-04-05 00:00:00+00:00,3024.0,1513.75
2024-04-05 01:00:00+00:00,3130.5,1447.0
2024-04-05 02:00:00+00:00,3236.5,1466.25
2024-04-05 03:00:00+00:00,3044.0,1490.5
2024-04-05 04:00:00+00:00,3043.75,1387.0
2024-04-05 05:00:00+00:00,3189.25,1182.25
2024-04-05 06:00:00+00:00,3503.75,1326.5
2024-04-05 07:00:00+00:00,3866.75,1480.0
2024-04-05 08:00:00+00:00,3927.0,1789.75
2024-04-05 09:00:00+00:00,3938.0,2010.25
2024-04-05 10:00:00+00:00,3904.5,2206.75
2024-04-05 11:00:00+00:00,3925.0,2291.0
2024-04-05 12:00:00+00:00,3769.25,2275.75
2024-04-05 13:00:00+00:00,2309.75,2038.75
2024-04-05 14:00:00+00:00,2205.25,1997.5
2024-04-05 15:00:00+00:00,3178.5,2291.25
2024-04-05 16:00:00+00:00,3947.25,2148.75
2024-04-05 17:00:00+00:00,3944.75,1956.75
2024-04-05 18:00:00+00:00,3514.75,1789.0
2024-04-05 19:00:00+00:00,3170.5,1676.75
2024-04-05 20:00:00+00:00,3005.25,1419.75
2024-04-05 21:00:00+00:00,2866.5,1134.75
2024-04-05 22:00:00+00:00,2569.25,1147.5
2024-04-05 23:00:00+00:00,2520.25,1008.75
2024-04-06 00:00:00+00:00,2070.5,820.5
2024-04-06 01:00:00+00:00,1479.0,710.5
2024-04-06 02:00:00+00:00,1820.0,624.75
2024-04-06 03:00:00+00:00,2114.0,879.25
2024-04-06 04:00:00+00:00,2573.0,1107.5
2024-04-06 05:00:00+00:00,3035.5,1256.75
2024-04-06 06:00:00+00:00,3350.25,1415.0
2024-04-06 07:00:00+00:00,3151.5,1485.25
2024-04-06 08:00:00+00:00,2684.5,1076.75
2024-04-06 09:00:00+00:00,2827.25,1132.75
2024-04-06 10:00:00+00:00,2618.25,1192.75
2024-04-06 11:00:00+00:00,2154.25,1334.25
2024-04-06 12:00:00+00:00,2193.0,1461.5
2024-04-06 13:00:00+00:00,2572.75,1584.0
2024-04-06 14:00:00+00:00,2455.25,1605.75
2024-04-06 15:00:00+00:00,3264.25,1823.25
2024-04-06 16:00:00+00:00,3717.75,1782.75
2024-04-06 17:00:00+00:00,3705.0,1429.5
2024-04-06 18:00:00+00:00,3498.5,1318.5
2024-04-06 19:00:00+00:00,3607.5,1259.0
2024-04-06 20:00:00+00:00,3497.75,1332.75
2024-04-06 21:00:00+00:00,3692.75,1203.75
2024-04-06 22:00:00+00:00,3478.5,1205.0
2024-04-06 23:00:00+00:00,3675.75,1286.75
2024-04-07 00:00:00+00:00,3631.75,1570.75
2024-04-07 01:00:00+00:00,3753.0,1766.25
2024-04-07 02:00:00+00:00,3568.5,1935.25
2024-04-07 03:00:00+00:00,3691.5,1992.25
2024-04-07 04:00:00+00:00,3719.0,1836.75
2024-04-07 05:00:00+00:00,3677.25,1844.25
2024-04-07 06:00:00+00:00,3561.75,1781.5
2024-04-07 07:00:00+00:00,2827.25,1388.5
2024-04-07 08:00:00+00:00,2196.0,1519.75
2024-04-07 09:00:00+00:00,1762.25,1607.25
2024-04-07 10:00:00+00:00,1072.0,1176.75
2024-04-07 11:00:00+00:00,833.75,891.0
2024-04-07 12:00:00+00:00,1009.0,863.25
2024-04-07 13:00:00+00:00,1337.5,1233.0
2024-04-07 14:00:00+00:00,2611.75,1354.5
2024-04-07 15:00:00+00:00,2897.5,1340.75
2024-04-07 16:00:00+00:00,2919.5,830.5
2024-04-07 17:00:00+00:00,2635.75,548.75
2024-04-07 18:00:00+00:00,2302.5,395.75
2024-04-07 19:00:00+00:00,2167.0,381.25
2024-04-07 20:00:00+00:00,2175.0,395.5
2024-04-07 21:00:00+00:00,1909.25,386.25
2024-04-07 22:00:00+00:00,1694.75,317.0
2024-04-07 23:00:00+00:00,1704.5,229.25
2024-04-08 00:00:00+00:00,1576.25,202.25
2024-04-08 01:00:00+00:00,1134.0,224.25
2024-04-08 02:00:00+00:00,879.5,237.5
2024-04-08 03:00:00+00:00,706.0,269.5
2024-04-08 04:00:00+00:00,634.75,256.0
2024-04-08 05:00:00+00:00,577.0,244.0
2024-04-08 06:00:00+00:00,498.5,220.25
2024-04-08 07:00:00+00:00,320.75,124.5
2024-04-08 08:00:00+00:00,134.5,109.75
2024-04-08 09:00:00+00:00,66.0,126.25
2024-04-08 10:00:00+00:00,23.75,145.25
2024-04-08 11:00:00+00:00,92.5,169.75
2024-04-08 12:00:00+00:00,259.0,166.25
2024-04-08 13:00:00+00:00,391.75,170.0
2024-04-08 14:00:00+00:00,507.5,228.5
2024-04-08 15:00:00+00:00,479.5,265.75
2024-04-08 16:00:00+00:00,770.0,281.0
2024-04-08 17:00:00+00:00,1099.5,326.25
2024-04-08 18:00:00+00:00,1325.75,538.0
2024-04-08 19:00:00+00:00,1462.0,745.25
2024-04-08 20:00:00+00:00,1885.0,841.75
2024-04-08 21:00:00+00:00,1991.5,1016.5
2024-04-08 22:00:00+00:00,2198.0,950.0
2024-04-08 23:00:00+00:00,2108.0,911.5
2024-04-09 00:00:00+00:00,3182.5,896.75
2024-04-09 01:00:00+00:00,3692.0,1168.25
2024-04-09 02:00:00+00:00,3831.5,1503.25
2024-04-09 03:00:00+00:00,3770.75,1479.75
2024-04-09 04:00:00+00:00,3795.0,1432.75
2024-04-09 05:00:00+00:00,3853.25,1656.5
2024-04-09 06:00:00+00:00,3919.75,1599.5
2024-04-09 07:00:00+00:00,3782.75,1641.0
2024-04-09 08:00:00+00:00,3592.75,2030.0
2024-04-09 09:00:00+00:00,3657.0,2192.25
2024-04-09 10:00:00+00:00,3749.5,2300.25
2024-04-09 11:00:00+00:00,3925.5,2489.25
2024-04-09 12:00:00+00:00,3944.5,2505.0
2024-04-09 13:00:00+00:00,3813.0,2457.5
2024-04-09 14:00:00+00:00,3887.0,2519.5
2024-04-09 15:00:00+00:00,3980.75,2511.0
2024-04-09 16:00:00+00:00,3859.0,2335.75
2024-04-09 17:00:00+00:00,3911.0,2342.0
2024-04-09 18:00:00+00:00,3982.5,2406.0
2024-04-09 19:00:00+00:00,3976.75,2390.25
2024-04-09 20:00:00+00:00,3980.25,2377.0
2024-04-09 21:00:00+00:00,3914.25,2265.5
2024-04-09 22:00:00+00:00,3792.75,2175.25
2024-04-09 23:00:00+00:00,3751.25,1916.75
2024-04-10 00:00:00+00:00,3816.0,1703.75
2024-04-10 01:00:00+00:00,3592.25,1569.25
2024-04-10 02:00:00+00:00,3341.0,1349.5
2024-04-10 03:00:00+00:00,2775.25,1132.5
2024-04-10 04:00:00+00:00,2133.0,923.75
2024-04-10 05:00:00+00:00,1627.25,597.75
2024-04-10 06:00:00+00:00,1127.75,459.0
2024-04-10 07:00:00+00:00,789.5,413.0
2024-04-10 08:00:00+00:00,477.25,490.0
2024-04-10 09:00:00+00:00,649.75,572.0
2024-04-10 10:00:00+00:00,934.5,670.5
2024-04-10 11:00:00+00:00,1079.0,845.75
2024-04-10 12:00:00+00:00,1345.75,975.5
2024-04-10 13:00:00+00:00,1526.25,843.5
2024-04-10 14:00:00+00:00,2105.25,801.25
2024-04-10 15:00:00+00:00,2612.25,868.25
2024-04-10 16:00:00+00:00,3005.25,963.0
2024-04-10 17:00:00+00:00,3179.0,786.5
2024-04-10 18:00:00+00:00,3349.0,884.5
2024-04-10 19:00:00+00:00,3631.5,1093.25
2024-04-10 20:00:00+00:00,3772.5,1508.75
2024-04-10 21:00:00+00:00,3892.5,1888.0
2024-04-10 22:00:00+00:00,3933.0,1997.0
2024-04-10 23:00:00+00:00,3949.25,2061.0
2024-04-11 00:00:00+00:00,3941.0,2047.0
2024-04-11 01:00:00+00:00,3883.5,2082.5
2024-04-11 02:00:00+00:00,3785.0,2130.5
2024-04-11 03:00:00+00:00,3960.0,2111.75
2024-04-11 04:00:00+00:00,3950.5,1973.5
2024-04-11 05:00:00+00:00,3946.75,1825.25
2024-04-11 06:00:00+00:00,3880.75,1660.5
2024-04-11 07:00:00+00:00,3807.75,1433.25
2024-04-11 08:00:00+00:00,3354.5,1294.25
2024-04-11 09:00:00+00:00,2915.75,1259.5
2024-04-11 10:00:00+00:00,2303.0,1122.5
2024-04-11 11:00:00+00:00,1808.75,974.75
2024-04-11 12:00:00+00:00,1706.5,703.0
2024-04-11 13:00:00+00:00,1975.0,645.25
2024-04-11 14:00:00+00:00,1665.75,682.25
2024-04-11 15:00:00+00:00,1505.0,573.75
2024-04-11 16:00:00+00:00,1426.0,541.75
2024-04-11 17:00:00+00:00,1543.25,521.25
2024-04-11 18:00:00+00:00,1878.0,459.25
2024-04-11 19:00:00+00:00,2542.5,529.25
2024-04-11 20:00:00+00:00,3157.75,615.75
2024-04-11 21:00:00+00:00,3434.0,750.75
2024-04-11 22:00:00+00:00,3576.25,820.5
2024-04-11 23:00:00+00:00,3447.5,1046.5
2024-04-12 00:00:00+00:00,3227.0,1264.0
2024-04-12 01:00:00+00:00,3328.75,1333.75
2024-04-12 02:00:00+00:00,3471.5,1411.5
2024-04-12 03:00:00+00:00,3620.0,1380.25
2024-04-12 04:00:00+00:00,3774.75,1370.5
2024-04-12 05:00:00+00:00,3975.75,1395.25
2024-04-12 06:00:00+00:00,3944.5,1521.0
2024-04-12 07:00:00+00:00,3698.5,1630.0
2024-04-12 08:00:00+00:00,3517.5,1675.5
2024-04-12 09:00:00+00:00,3497.75,1764.5
2024-04-12 10:00:00+00:00,2692.0,1937.25
2024-04-12 11:00:00+00:00,2734.25,1877.0
2024-04-12 12:00:00+00:00,2728.25,1879.75
2024-04-12 13:00:00+00:00,3359.0,1716.25
2024-04-12 14:00:00+00:00,3492.0,1709.75
2024-04-12 15:00:00+00:00,3567.0,1599.25
2024-04-12 16:00:00+00:00,3537.75,1443.0
2024-04-12 17:00:00+00:00,3668.5,1310.5
2024-04-12 18:00:00+00:00,3638.0,1306.25
2024-04-12 19:00:00+00:00,3680.25,1421.75
2024-04-12 20:00:00+00:00,3646.0,1585.25
2024-04-12 21:00:00+00:00,3613.0,1696.0
2024-04-12 22:00:00+00:00,3653.5,1752.0
2024-04-12 23:00:00+00:00,3423.5,1844.5
2024-04-13 00:00:00+00:00,3145.75,1825.0
2024-04-13 01:00:00+00:00,3098.75,1721.75
2024-04-13 02:00:00+00:00,2951.0,1576.5
2024-04-13 03:00:00+00:00,2885.75,1475.75
2024-04-13 04:00:00+00:00,2604.0,1320.0
2024-04-13 05:00:00+00:00,2289.75,1124.25
2024-04-13 06:00:00+00:00,2142.5,856.75
2024-04-13 07:00:00+00:00,2155.25,690.75
2024-04-13 08:00:00+00:00,2032.0,565.25
2024-04-13 09:00:00+00:00,1862.0,619.25
2024-04-13 10:00:00+00:00,1605.25,749.5
2024-04-13 11:00:00+00:00,1446.75,911.75
2024-04-13 12:00:00+00:00,1290.75,1133.25
2024-04-13 13:00:00+00:00,1422.0,1293.75
2024-04-13 14:00:00+00:00,2061.75,1448.0
2024-04-13 15:00:00+00:00,2718.0,1469.25
2024-04-13 16:00:00+00:00,3543.5,1852.0
2024-04-13 17:00:00+00:00,3816.0,1826.0
2024-04-13 18:00:00+00:00,3817.0,2065.75
2024-04-13 19:00:00+00:00,3767.5,2253.25
2024-04-13 20:00:00+00:00,3806.75,2161.0
2024-04-13 21:00:00+00:00,3726.0,1893.5
2024-04-13 22:00:00+00:00,3495.25,1626.0
2024-04-13 23:00:00+00:00,3180.75,1642.5
2024-04-14 00:00:00+00:00,2702.75,1436.5
2024-04-14 01:00:00+00:00,2217.5,1141.75
2024-04-14 02:00:00+00:00,1744.25,911.75
2024-04-14 03:00:00+00:00,1515.25,850.75
2024-04-14 04:00:00+00:00,1301.0,665.5
2024-04-14 05:00:00+00:00,1338.0,449.5
2024-04-14 06:00:00+00:00,1301.25,457.0
2024-04-14 07:00:00+00:00,1132.0,464.25
2024-04-14 08:00:00+00:00,1119.25,556.25
2024-04-14 09:00:00+00:00,1151.5,638.0
2024-04-14 10:00:00+00:00,1038.5,706.25
2024-04-14 11:00:00+00:00,764.25,655.25
2024-04-14 12:00:00+00:00,573.25,712.5
2024-04-14 13:00:00+00:00,609.75,632.25
2024-04-14 14:00:00+00:00,440.0,533.75
2024-04-14 15:00:00+00:00,349.5,387.5
2024-04-14 16:00:00+00:00,335.5,296.25
2024-04-14 17:00:00+00:00,304.75,194.5
2024-04-14 18:00:00+00:00,300.25,112.75
2024-04-14 19:00:00+00:00,394.25,88.25
2024-04-14 20:00:00+00:00,480.75,110.75
2024-04-14 21:00:00+00:00,601.25,175.5
2024-04-14 22:00:00+00:00,957.25,317.75
2024-04-14 23:00:00+00:00,1384.0,424.0
2024-04-15 00:00:00+00:00,1627.5,527.0
2024-04-15 01:00:00+00:00,2425.25,776.5
2024-04-15 02:00:00+00:00,2614.5,1028.25
2024-04-15 03:00:00+00:00,2748.0,1122.5
2024-04-15 04:00:00+00:00,3225.5,1037.75
2024-04-15 05:00:00+00:00,3716.75,1276.5
2024-04-15 06:00:00+00:00,3679.75,1510.0
2024-04-15 07:00:00+00:00,3798.25,1934.25
2024-04-15 08:00:00+00:00,3868.75,2072.5
2024-04-15 09:00:00+00:00,3855.75,2089.25
2024-04-15 10:00:00+00:00,3960.0,2249.0
2024-04-15 11:00:00+00:00,3760.5,2421.5
2024-04-15 12:00:00+00:00,3728.0,2266.5
2024-04-15 13:00:00+00:00,3743.75,2086.5
2024-04-15 14:00:00+00:00,3715.0,2092.75
2024-04-15 15:00:00+00:00,3901.75,2310.5
2024-04-15 16:00:00+00:00,3922.75,2346.5
2024-04-15 17:00:00+00:00,3927.75,2255.75
2024-04-15 18:00:00+00:00,3935.0,2290.5
2024-04-15 19:00:00+00:00,3728.0,2335.0
2024-04-15 20:00:00+00:00,3843.25,2267.5
2024-04-15 21:00:00+00:00,3892.0,1945.75
2024-04-15 22:00:00+00:00,3848.25,1995.0
2024-04-15 23:00:00+00:00,3747.25,1728.0
2024-04-16 00:00:00+00:00,3689.75,2020.5
2024-04-16 01:00:00+00:00,3725.5,2052.0
2024-04-16 02:00:00+00:00,3688.25,1978.25
2024-04-16 03:00:00+00:00,3365.25,2147.5
2024-04-16 04:00:00+00:00,3422.5,2270.25
2024-04-16 05:00:00+00:00,3654.0,2276.0
2024-04-16 06:00:00+00:00,3740.0,2303.25
2024-04-16 07:00:00+00:00,3572.0,2169.0
2024-04-16 08:00:00+00:00,3664.5,2094.75
2024-04-16 09:00:00+00:00,3759.5,1968.75
2024-04-16 10:00:00+00:00,3928.25,1879.0
2024-04-16 11:00:00+00:00,3926.0,1781.0
2024-04-16 12:00:00+00:00,3768.25,1744.25
2024-04-16 13:00:00+00:00,3420.25,1912.75
2024-04-16 14:00:00+00:00,3613.0,1817.5
2024-04-16 15:00:00+00:00,3631.25,1723.75
2024-04-16 16:00:00+00:00,3582.5,1712.75
2024-04-16 17:00:00+00:00,3294.75,1700.75
2024-04-16 18:00:00+00:00,3176.25,1579.0
2024-04-16 19:00:00+00:00,2857.25,1330.25
2024-04-16 20:00:00+00:00,2497.5,1168.75
2024-04-16 21:00:00+00:00,1628.75,929.0
2024-04-16 22:00:00+00:00,1270.0,620.25
2024-04-16 23:00:00+00:00,1380.25,526.25
2024-04-17 00:00:00+00:00,1863.5,583.75
2024-04-17 01:00:00+00:00,2195.25,724.5
2024-04-17 02:00:00+00:00,2283.5,794.0
2024-04-17 03:00:00+00:00,2441.25,880.75
2024-04-17 04:00:00+00:00,2327.0,1028.0
2024-04-17 05:00:00+00:00,1936.75,965.75
2024-04-17 06:00:00+00:00,1105.0,737.25
2024-04-17 07:00:00+00:00,692.0,570.0
2024-04-17 08:00:00+00:00,766.25,678.0
2024-04-17 09:00:00+00:00,1475.25,320.75
2024-04-17 10:00:00+00:00,1333.5,279.5
2024-04-17 11:00:00+00:00,913.75,677.0
2024-04-17 12:00:00+00:00,1384.0,561.25
2024-04-17 13:00:00+00:00,1541.5,486.0
2024-04-17 14:00:00+00:00,1711.0,426.5
2024-04-17 15:00:00+00:00,1315.5,414.25
2024-04-17 16:00:00+00:00,868.5,392.0
2024-04-17 17:00:00+00:00,857.0,296.25
2024-04-17 18:00:00+00:00,568.0,303.25
2024-04-17 19:00:00+00:00,539.25,395.25
2024-04-17 20:00:00+00:00,522.25,237.25
2024-04-17 21:00:00+00:00,626.5,162.0
2024-04-17 22:00:00+00:00,574.5,198.25
2024-04-17 23:00:00+00:00,460.25,255.0
2024-04-18 00:00:00+00:00,454.25,269.25
2024-04-18 01:00:00+00:00,391.5,206.25
2024-04-18 02:00:00+00:00,423.25,184.0
2024-04-18 03:00:00+00:00,543.25,232.0
2024-04-18 04:00:00+00:00,461.75,244.5
2024-04-18 05:00:00+00:00,490.75,264.75
2024-04-18 06:00:00+00:00,622.5,250.0
2024-04-18 07:00:00+00:00,612.0,261.25
2024-04-18 08:00:00+00:00,659.5,327.25
2024-04-18 09:00:00+00:00,601.0,365.25
2024-04-18 10:00:00+00:00,586.0,373.25
2024-04-18 11:00:00+00:00,547.5,477.5
2024-04-18 12:00:00+00:00,578.75,559.0
2024-04-18 13:00:00+00:00,654.25,675.25
2024-04-18 14:00:00+00:00,764.5,817.25
2024-04-18 15:00:00+00:00,900.0,911.75
2024-04-18 16:00:00+00:00,1231.5,918.75
2024-04-18 17:00:00+00:00,1752.75,865.5
2024-04-18 18:00:00+00:00,2751.75,1041.25
2024-04-18 19:00:00+00:00,3441.5,1194.25
2024-04-18 20:00:00+00:00,3929.25,1377.75
2024-04-18 21:00:00+00:00,3979.25,1717.0
2024-04-18 22:00:00+00:00,4007.0,1940.5
2024-04-18 23:00:00+00:00,4006.25,1958.5
2024-04-19 00:00:00+00:00,4030.25,2143.25
2024-04-19 01:00:00+00:00,4022.75,2188.25
2024-04-19 02:00:00+00:00,4022.75,2170.25
2024-04-19 03:00:00+00:00,4016.0,2015.0
2024-04-19 04:00:00+00:00,4001.75,1891.0
2024-04-19 05:00:00+00:00,3938.25,1822.25
2024-04-19 06:00:00+00:00,3719.25,1738.0
2024-04-19 07:00:00+00:00,3733.5,1632.25
2024-04-19 08:00:00+00:00,3932.5,1471.25
2024-04-19 09:00:00+00:00,3997.25,1589.0
2024-04-19 10:00:00+00:00,3999.0,2203.25
2024-04-19 11:00:00+00:00,3967.75,2244.25
2024-04-19 12:00:00+00:00,3774.75,2204.5
2024-04-19 13:00:00+00:00,3720.75,2386.5
2024-04-19 14:00:00+00:00,3823.5,2514.25
2024-04-19 15:00:00+00:00,3953.75,2490.5
2024-04-19 16:00:00+00:00,4009.0,2485.0
2024-04-19 17:00:00+00:00,3994.25,2362.25
2024-04-19 18:00:00+00:00,4017.0,2326.75
2024-04-19 19:00:00+00:00,3956.75,2327.75
2024-04-19 20:00:00+00:00,3913.5,2216.25
2024-04-19 21:00:00+00:00,3855.5,1982.75
2024-04-19 22:00:00+00:00,3838.0,1925.25
2024-04-19 23:00:00+00:00,3843.75,1793.75
2024-04-20 00:00:00+00:00,3848.5,1724.75
2024-04-20 01:00:00+00:00,3916.0,1698.25
2024-04-20 02:00:00+00:00,3900.0,1755.5
2024-04-20 03:00:00+00:00,3868.5,1641.25
2024-04-20 04:00:00+00:00,3905.5,1533.5
2024-04-20 05:00:00+00:00,3865.25,1482.5
2024-04-20 06:00:00+00:00,3687.5,1650.0
2024-04-20 07:00:00+00:00,3490.0,1501.75
2024-04-20 08:00:00+00:00,3119.75,1543.25
2024-04-20 09:00:00+00:00,3079.75,1514.5
2024-04-20 10:00:00+00:00,2923.75,1549.25
2024-04-20 11:00:00+00:00,3064.5,1518.25
2024-04-20 12:00:00+00:00,3046.25,1610.25
2024-04-20 13:00:00+00:00,3608.25,1685.0
2024-04-20 14:00:00+00:00,3988.5,2000.5
2024-04-20 15:00:00+00:00,4000.75,2158.75
2024-04-20 16:00:00+00:00,3968.75,2307.25
2024-04-20 17:00:00+00:00,3918.0,2180.25
2024-04-20 18:00:00+00:00,3903.75,2070.75
2024-04-20 19:00:00+00:00,3785.0,1811.5
2024-04-20 20:00:00+00:00,3697.25,1707.5
2024-04-20 21:00:00+00:00,3668.25,1582.25
2024-04-20 22:00:00+00:00,3533.0,1626.5
2024-04-20 23:00:00+00:00,3552.75,1544.0
2024-04-21 00:00:00+00:00,3702.25,1628.25
2024-04-21 01:00:00+00:00,3716.75,1697.5
2024-04-21 02:00:00+00:00,3866.0,1741.0
2024-04-21 03:00:00+00:00,3842.0,1885.75
2024-04-21 04:00:00+00:00,3823.0,1827.0
2024-04-21 05:00:00+00:00,3691.0,1445.25
2024-04-21 06:00:00+00:00,3562.75,1161.5
2024-04-21 07:00:00+00:00,3247.0,1010.0
2024-04-21 08:00:00+00:00,2977.5,1017.75
2024-04-21 09:00:00+00:00,1634.25,782.5
2024-04-21 10:00:00+00:00,1518.25,639.75
2024-04-21 11:00:00+00:00,2289.5,574.75
2024-04-21 12:00:00+00:00,2028.25,645.25
2024-04-21 13:00:00+00:00,2068.25,720.75
2024-04-21 14:00:00+00:00,2470.25,1061.25
2024-04-21 15:00:00+00:00,2706.5,961.0
2024-04-21 16:00:00+00:00,2822.75,987.0
2024-04-21 17:00:00+00:00,2947.5,1064.5
2024-04-21 18:00:00+00:00,3222.75,854.25
2024-04-21 19:00:00+00:00,3039.75,662.0
2024-04-21 20:00:00+00:00,2798.0,689.75
2024-04-21 21:00:00+00:00,2494.75,622.75
2024-04-21 22:00:00+00:00,2324.0,562.0
2024-04-21 23:00:00+00:00,1948.0,428.5
2024-04-22 00:00:00+00:00,1811.5,298.75
2024-04-22 01:00:00+00:00,1723.0,211.75
2024-04-22 02:00:00+00:00,1337.25,158.75
2024-04-22 03:00:00+00:00,1516.75,164.0
2024-04-22 04:00:00+00:00,1469.25,186.75
2024-04-22 05:00:00+00:00,1588.25,354.25
2024-04-22 06:00:00+00:00,1647.25,460.5
2024-04-22 07:00:00+00:00,1998.25,350.5
2024-04-22 08:00:00+00:00,1862.0,418.5
2024-04-22 09:00:00+00:00,1517.75,596.0
2024-04-22 10:00:00+00:00,1170.0,665.0
2024-04-22 11:00:00+00:00,963.5,768.75
2024-04-22 12:00:00+00:00,1013.75,854.25
2024-04-22 13:00:00+00:00,1243.5,805.0
2024-04-22 14:00:00+00:00,1280.25,953.0
2024-04-22 15:00:00+00:00,1376.25,1064.25
2024-04-22 16:00:00+00:00,1545.75,1084.75
2024-04-22 17:00:00+00:00,1550.25,1053.0
2024-04-22 18:00:00+00:00,1504.5,948.75
2024-04-22 19:00:00+00:00,1501.25,823.25
2024-04-22 20:00:00+00:00,1232.75,666.25
2024-04-22 21:00:00+00:00,1029.0,507.25
2024-04-22 22:00:00+00:00,856.5,405.5
2024-04-22 23:00:00+00:00,635.5,312.5
2024-04-23 00:00:00+00:00,454.25,242.75
2024-04-23 01:00:00+00:00,304.75,141.0
2024-04-23 02:00:00+00:00,194.75,95.5
2024-04-23 03:00:00+00:00,112.5,65.0
2024-04-23 04:00:00+00:00,84.5,40.5
2024-04-23 05:00:00+00:00,56.25,42.0
2024-04-23 06:00:00+00:00,74.5,51.5
2024-04-23 07:00:00+00:00,112.25,66.75
2024-04-23 08:00:00+00:00,170.25,83.5
2024-04-23 09:00:00+00:00,283.25,94.5
2024-04-23 10:00:00+00:00,493.5,99.25
2024-04-23 11:00:00+00:00,712.75,166.0
2024-04-23 12:00:00+00:00,1033.5,342.25
2024-04-23 13:00:00+00:00,1228.25,611.5
2024-04-23 14:00:00+00:00,1464.75,1019.0
2024-04-23 15:00:00+00:00,2107.5,1199.5
2024-04-23 16:00:00+00:00,2097.75,1193.5
2024-04-23 17:00:00+00:00,2827.25,1113.0
2024-04-23 18:00:00+00:00,3441.0,1309.25
2024-04-23 19:00:00+00:00,3362.75,1258.0
2024-04-23 20:00:00+00:00,3168.0,1091.75
2024-04-23 21:00:00+00:00,3240.5,966.25
2024-04-23 22:00:00+00:00,3300.75,1026.0
2024-04-23 23:00:00+00:00,3402.0,1043.0
2024-04-24 00:00:00+00:00,3556.75,1264.75
2024-04-24 01:00:00+00:00,3492.75,1255.0
2024-04-24 02:00:00+00:00,3578.5,1420.25
2024-04-24 03:00:00+00:00,3680.0,1314.25
2024-04-24 04:00:00+00:00,3686.75,1422.5
2024-04-24 05:00:00+00:00,3624.5,1425.75
2024-04-24 06:00:00+00:00,3634.5,1307.25
2024-04-24 07:00:00+00:00,3914.75,1240.75
2024-04-24 08:00:00+00:00,3721.5,1342.25
2024-04-24 09:00:00+00:00,3557.0,1593.75
2024-04-24 10:00:00+00:00,3629.75,1735.5
2024-04-24 11:00:00+00:00,3591.25,1647.5
2024-04-24 12:00:00+00:00,3595.75,1782.25
2024-04-24 13:00:00+00:00,3367.25,1808.25
2024-04-24 14:00:00+00:00,3401.5,1813.0
2024-04-24 15:00:00+00:00,3277.25,1712.75
2024-04-24 16:00:00+00:00,3156.25,1527.25
2024-04-24 17:00:00+00:00,3110.0,1251.0
2024-04-24 18:00:00+00:00,2330.25,1182.25
2024-04-24 19:00:00+00:00,2565.5,961.25
2024-04-24 20:00:00+00:00,2471.5,792.5
2024-04-24 21:00:00+00:00,2230.75,948.75
2024-04-24 22:00:00+00:00,1911.75,736.5
2024-04-24 23:00:00+00:00,1105.5,552.75
2024-04-25 00:00:00+00:00,1044.75,490.0
2024-04-25 01:00:00+00:00,719.25,450.25
2024-04-25 02:00:00+00:00,769.75,383.75
2024-04-25 03:00:00+00:00,710.75,330.75
2024-04-25 04:00:00+00:00,650.25,297.5
2024-04-25 05:00:00+00:00,836.75,279.0
2024-04-25 06:00:00+00:00,654.5,300.75
2024-04-25 07:00:00+00:00,836.5,327.5
2024-04-25 08:00:00+00:00,993.5,347.0
2024-04-25 09:00:00+00:00,933.25,675.0
2024-04-25 10:00:00+00:00,1103.0,610.5
2024-04-25 11:00:00+00:00,1657.25,551.75
2024-04-25 12:00:00+00:00,2345.0,741.5
2024-04-25 13:00:00+00:00,2387.25,1010.0
2024-04-25 14:00:00+00:00,2965.75,1497.5
2024-04-25 15:00:00+00:00,2957.0,1236.0
2024-04-25 16:00:00+00:00,1864.0,1256.5
2024-04-25 17:00:00+00:00,1016.5,1050.75
2024-04-25 18:00:00+00:00,581.75,777.75
2024-04-25 19:00:00+00:00,429.75,396.0
2024-04-25 20:00:00+00:00,366.0,296.5
2024-04-25 21:00:00+00:00,320.75,313.5
2024-04-25 22:00:00+00:00,393.5,293.25
2024-04-25 23:00:00+00:00,468.25,307.0
2024-04-26 00:00:00+00:00,559.75,299.5
2024-04-26 01:00:00+00:00,765.25,356.25
2024-04-26 02:00:00+00:00,977.5,400.0
2024-04-26 03:00:00+00:00,925.0,463.5
2024-04-26 04:00:00+00:00,712.0,522.0
2024-04-26 05:00:00+00:00,651.0,481.5
2024-04-26 06:00:00+00:00,443.5,452.5
2024-04-26 07:00:00+00:00,296.0,441.75
2024-04-26 08:00:00+00:00,180.25,317.5
2024-04-26 09:00:00+00:00,71.5,278.25
2024-04-26 10:00:00+00:00,29.25,242.5
2024-04-26 11:00:00+00:00,14.75,207.25
2024-04-26 12:00:00+00:00,12.5,126.0
2024-04-26 13:00:00+00:00,28.25,164.75
2024-04-26 14:00:00+00:00,16.5,157.5
2024-04-26 15:00:00+00:00,13.5,108.0
2024-04-26 16:00:00+00:00,5.75,85.25
2024-04-26 17:00:00+00:00,2.25,44.0
2024-04-26 18:00:00+00:00,0.25,38.5
2024-04-26 19:00:00+00:00,0.25,31.5
2024-04-26 20:00:00+00:00,32.25,27.0
2024-04-26 21:00:00+00:00,117.0,40.5
2024-04-26 22:00:00+00:00,191.75,59.75
2024-04-26 23:00:00+00:00,289.0,106.0
2024-04-27 00:00:00+00:00,510.0,148.5
2024-04-27 01:00:00+00:00,647.5,192.25
2024-04-27 02:00:00+00:00,848.5,283.0
2024-04-27 03:00:00+00:00,946.0,320.5
2024-04-27 04:00:00+00:00,1194.5,342.0
2024-04-27 05:00:00+00:00,1209.25,416.75
2024-04-27 06:00:00+00:00,703.0,406.5
2024-04-27 07:00:00+00:00,466.25,373.0
2024-04-27 08:00:00+00:00,472.75,351.25
2024-04-27 09:00:00+00:00,543.25,299.5
2024-04-27 10:00:00+00:00,468.0,344.0
2024-04-27 11:00:00+00:00,377.5,382.0
2024-04-27 12:00:00+00:00,250.5,348.25
2024-04-27 13:00:00+00:00,197.0,221.0
2024-04-27 14:00:00+00:00,103.25,135.0
2024-04-27 15:00:00+00:00,119.75,114.0
2024-04-27 16:00:00+00:00,220.5,80.25
2024-04-27 17:00:00+00:00,287.5,80.5
2024-04-27 18:00:00+00:00,283.5,216.5
2024-04-27 19:00:00+00:00,360.75,397.75
2024-04-27 20:00:00+00:00,887.25,774.25
2024-04-27 21:00:00+00:00,1623.75,1159.5
2024-04-27 22:00:00+00:00,1931.75,1489.25
2024-04-27 23:00:00+00:00,2150.5,1602.75
2024-04-28 00:00:00+00:00,3036.75,1808.5
2024-04-28 01:00:00+00:00,3272.0,1746.25
2024-04-28 02:00:00+00:00,3241.5,1376.75
2024-04-28 03:00:00+00:00,3435.75,1497.5
2024-04-28 04:00:00+00:00,3440.75,1601.25
2024-04-28 05:00:00+00:00,3448.25,1547.0
2024-04-28 06:00:00+00:00,2952.25,1347.75
2024-04-28 07:00:00+00:00,2901.75,1402.25
2024-04-28 08:00:00+00:00,2619.0,1591.25
2024-04-28 09:00:00+00:00,2371.75,1530.75
2024-04-28 10:00:00+00:00,2142.75,1542.5
2024-04-28 11:00:00+00:00,2052.5,1736.0
2024-04-28 12:00:00+00:00,2212.0,1737.0
2024-04-28 13:00:00+00:00,2761.75,1741.25
2024-04-28 14:00:00+00:00,2871.0,1963.25
2024-04-28 15:00:00+00:00,3132.25,2189.25
2024-04-28 16:00:00+00:00,3678.75,2326.0
2024-04-28 17:00:00+00:00,3640.25,2015.0
2024-04-28 18:00:00+00:00,3622.25,1765.5
2024-04-28 19:00:00+00:00,3181.5,1536.0
2024-04-28 20:00:00+00:00,2866.25,980.75
2024-04-28 21:00:00+00:00,2676.5,725.0
2024-04-28 22:00:00+00:00,2486.0,551.0
2024-04-28 23:00:00+00:00,1871.5,600.0
2024-04-29 00:00:00+00:00,1566.25,660.0
2024-04-29 01:00:00+00:00,1362.75,540.25
2024-04-29 02:00:00+00:00,1155.5,557.75
2024-04-29 03:00:00+00:00,1008.5,565.25
2024-04-29 04:00:00+00:00,934.0,560.0
2024-04-29 05:00:00+00:00,906.75,547.25
2024-04-29 06:00:00+00:00,869.75,445.25
2024-04-29 07:00:00+00:00,975.0,371.75
2024-04-29 08:00:00+00:00,961.0,347.5
2024-04-29 09:00:00+00:00,767.0,382.5
2024-04-29 10:00:00+00:00,528.25,458.5
2024-04-29 11:00:00+00:00,391.75,468.75
2024-04-29 12:00:00+00:00,307.25,539.25
2024-04-29 13:00:00+00:00,218.0,601.5
2024-04-29 14:00:00+00:00,176.0,525.0
2024-04-29 15:00:00+00:00,222.0,396.5
2024-04-29 16:00:00+00:00,169.5,327.5
2024-04-29 17:00:00+00:00,171.75,346.5
2024-04-29 18:00:00+00:00,139.75,326.75
2024-04-29 19:00:00+00:00,131.0,337.75
2024-04-29 20:00:00+00:00,155.25,352.5
2024-04-29 21:00:00+00:00,209.75,400.0
2024-04-29 22:00:00+00:00,224.0,385.75
2024-04-29 23:00:00+00:00,236.25,321.5
2024-04-30 00:00:00+00:00,224.25,241.0
2024-04-30 01:00:00+00:00,271.0,267.25
2024-04-30 02:00:00+00:00,292.0,297.25
2024-04-30 03:00:00+00:00,303.25,421.0
2024-04-30 04:00:00+00:00,536.75,327.75
2024-04-30 05:00:00+00:00,655.25,269.75
2024-04-30 06:00:00+00:00,546.75,246.25
2024-04-30 07:00:00+00:00,428.5,197.5
2024-04-30 08:00:00+00:00,478.75,186.0
2024-04-30 09:00:00+00:00,346.25,221.75
2024-04-30 10:00:00+00:00,309.75,260.75
2024-04-30 11:00:00+00:00,355.5,230.75
2024-04-30 12:00:00+00:00,319.25,188.0
2024-04-30 13:00:00+00:00,231.0,182.5
2024-04-30 14:00:00+00:00,167.25,158.75
2024-04-30 15:00:00+00:00,135.75,124.25
2024-04-30 16:00:00+00:00,188.5,154.0
2024-04-30 17:00:00+00:00,384.25,99.5
2024-04-30 18:00:00+00:00,429.0,227.0
2024-04-30 19:00:00+00:00,454.5,280.25
2024-04-30 20:00:00+00:00,514.25,418.75
2024-04-30 21:00:00+00:00,800.75,445.5
2024-04-30 22:00:00+00:00,704.25,319.5
2024-04-30 23:00:00+00:00,472.0,235.25
2024-05-01 00:00:00+00:00,344.75,323.25
2024-05-01 01:00:00+00:00,733.25,442.0
2024-05-01 02:00:00+00:00,681.25,380.5
2024-05-01 03:00:00+00:00,447.0,335.0
2024-05-01 04:00:00+00:00,337.75,298.75
2024-05-01 05:00:00+00:00,326.5,326.75
2024-05-01 06:00:00+00:00,371.5,391.5
2024-05-01 07:00:00+00:00,388.25,273.25
2024-05-01 08:00:00+00:00,657.0,203.75
2024-05-01 09:00:00+00:00,1224.5,226.5
2024-05-01 10:00:00+00:00,1520.25,228.5
2024-05-01 11:00:00+00:00,1563.25,286.5
2024-05-01 12:00:00+00:00,1683.25,339.0
2024-05-01 13:00:00+00:00,1801.5,344.75
2024-05-01 14:00:00+00:00,1916.25,358.0
2024-05-01 15:00:00+00:00,2021.75,472.25
2024-05-01 16:00:00+00:00,1760.25,511.0
2024-05-01 17:00:00+00:00,2024.0,640.75
2024-05-01 18:00:00+00:00,2384.25,825.5
2024-05-01 19:00:00+00:00,2455.5,1032.25
2024-05-01 20:00:00+00:00,2499.5,1188.5
2024-05-01 21:00:00+00:00,2556.25,1319.25
2024-05-01 22:00:00+00:00,2468.75,1377.0
2024-05-01 23:00:00+00:00,2498.5,1379.0
2024-05-02 00:00:00+00:00,2531.5,1382.75
2024-05-02 01:00:00+00:00,2695.0,1412.25
2024-05-02 02:00:00+00:00,2402.75,1389.25
2024-05-02 03:00:00+00:00,2256.25,1373.25
2024-05-02 04:00:00+00:00,2246.0,1321.75
2024-05-02 05:00:00+00:00,2261.25,1218.25
2024-05-02 06:00:00+00:00,1725.75,911.75
2024-05-02 07:00:00+00:00,1352.75,636.75
2024-05-02 08:00:00+00:00,1040.0,499.5
2024-05-02 09:00:00+00:00,985.75,454.25
2024-05-02 10:00:00+00:00,1024.5,467.75
2024-05-02 11:00:00+00:00,948.0,436.75
2024-05-02 12:00:00+00:00,847.75,413.75
2024-05-02 13:00:00+00:00,846.5,370.5
2024-05-02 14:00:00+00:00,1083.75,386.5
2024-05-02 15:00:00+00:00,1076.75,454.0
2024-05-02 16:00:00+00:00,1146.75,574.5
2024-05-02 17:00:00+00:00,1258.0,575.25
2024-05-02 18:00:00+00:00,1451.0,772.75
2024-05-02 19:00:00+00:00,1963.75,773.5
2024-05-02 20:00:00+00:00,2429.25,893.25
2024-05-02 21:00:00+00:00,2101.75,1294.5
2024-05-02 22:00:00+00:00,1718.5,1360.25
2024-05-02 23:00:00+00:00,2240.75,1054.25
2024-05-03 00:00:00+00:00,2808.25,917.25
2024-05-03 01:00:00+00:00,2525.5,719.25
2024-05-03 02:00:00+00:00,1774.5,592.0
2024-05-03 03:00:00+00:00,1796.5,478.5
2024-05-03 04:00:00+00:00,1715.0,492.25
2024-05-03 05:00:00+00:00,1619.75,647.0
2024-05-03 06:00:00+00:00,1464.0,737.5
2024-05-03 07:00:00+00:00,1786.75,881.5
2024-05-03 08:00:00+00:00,2042.0,987.75
2024-05-03 09:00:00+00:00,2419.25,1328.25
2024-05-03 10:00:00+00:00,2739.0,1540.75
2024-05-03 11:00:00+00:00,3053.5,1650.0
2024-05-03 12:00:00+00:00,3223.5,1722.0
2024-05-03 13:00:00+00:00,3532.25,1700.25
2024-05-03 14:00:00+00:00,3494.25,1728.5
2024-05-03 15:00:00+00:00,3473.25,1704.25
2024-05-03 16:00:00+00:00,3531.0,1632.75
2024-05-03 17:00:00+00:00,3393.5,1524.0
2024-05-03 18:00:00+00:00,3044.75,1256.0
2024-05-03 19:00:00+00:00,2745.75,965.5
2024-05-03 20:00:00+00:00,2501.25,706.75
2024-05-03 21:00:00+00:00,2239.0,593.75
2024-05-03 22:00:00+00:00,1931.75,617.25
2024-05-03 23:00:00+00:00,1659.5,553.75
2024-05-04 00:00:00+00:00,1479.5,589.0
2024-05-04 01:00:00+00:00,1260.75,429.5
2024-05-04 02:00:00+00:00,1117.0,387.0
2024-05-04 03:00:00+00:00,815.5,347.0
2024-05-04 04:00:00+00:00,640.25,270.5
2024-05-04 05:00:00+00:00,537.0,222.0
2024-05-04 06:00:00+00:00,484.25,192.75
2024-05-04 07:00:00+00:00,331.75,175.5
2024-05-04 08:00:00+00:00,215.25,193.25
2024-05-04 09:00:00+00:00,110.5,265.25
2024-05-04 10:00:00+00:00,68.0,359.75
2024-05-04 11:00:00+00:00,27.25,393.0
2024-05-04 12:00:00+00:00,21.0,289.75
2024-05-04 13:00:00+00:00,32.75,227.75
2024-05-04 14:00:00+00:00,78.5,336.75
2024-05-04 15:00:00+00:00,333.0,321.25
2024-05-04 16:00:00+00:00,660.5,354.5
2024-05-04 17:00:00+00:00,522.25,332.0
2024-05-04 18:00:00+00:00,410.5,195.75
2024-05-04 19:00:00+00:00,235.25,123.5
2024-05-04 20:00:00+00:00,219.75,117.75
2024-05-04 21:00:00+00:00,243.75,105.0
2024-05-04 22:00:00+00:00,136.5,95.5
2024-05-04 23:00:00+00:00,73.75,95.0
2024-05-05 00:00:00+00:00,75.25,145.25
2024-05-05 01:00:00+00:00,124.25,189.25
2024-05-05 02:00:00+00:00,143.0,272.0
2024-05-05 03:00:00+00:00,209.25,302.5
2024-05-05 04:00:00+00:00,301.0,498.75
2024-05-05 05:00:00+00:00,509.0,682.75
2024-05-05 06:00:00+00:00,606.5,604.75
2024-05-05 07:00:00+00:00,649.5,628.25
2024-05-05 08:00:00+00:00,490.25,570.5
2024-05-05 09:00:00+00:00,289.5,581.25
2024-05-05 10:00:00+00:00,131.25,540.25
2024-05-05 11:00:00+00:00,80.5,396.5
2024-05-05 12:00:00+00:00,23.5,262.75
2024-05-05 13:00:00+00:00,39.0,264.5
2024-05-05 14:00:00+00:00,48.25,221.0
2024-05-05 15:00:00+00:00,24.25,172.5
2024-05-05 16:00:00+00:00,12.25,155.0
2024-05-05 17:00:00+00:00,40.0,105.75
2024-05-05 18:00:00+00:00,129.25,88.25
2024-05-05 19:00:00+00:00,149.75,93.75
2024-05-05 20:00:00+00:00,205.5,139.0
2024-05-05 21:00:00+00:00,295.0,166.25
2024-05-05 22:00:00+00:00,410.75,198.25
2024-05-05 23:00:00+00:00,414.5,203.5
2024-05-06 00:00:00+00:00,362.25,210.5
2024-05-06 01:00:00+00:00,325.25,198.0
2024-05-06 02:00:00+00:00,336.5,158.75
2024-05-06 03:00:00+00:00,278.75,158.5
2024-05-06 04:00:00+00:00,242.5,208.25
2024-05-06 05:00:00+00:00,274.75,270.75
2024-05-06 06:00:00+00:00,398.0,259.25
2024-05-06 07:00:00+00:00,502.25,222.5
2024-05-06 08:00:00+00:00,482.5,277.5
2024-05-06 09:00:00+00:00,462.25,362.0
2024-05-06 10:00:00+00:00,529.75,370.5
2024-05-06 11:00:00+00:00,468.5,347.0
2024-05-06 12:00:00+00:00,492.0,315.25
2024-05-06 13:00:00+00:00,603.75,309.25
2024-05-06 14:00:00+00:00,603.5,294.75
2024-05-06 15:00:00+00:00,588.5,314.0
2024-05-06 16:00:00+00:00,793.25,348.25
2024-05-06 17:00:00+00:00,940.75,413.75
2024-05-06 18:00:00+00:00,993.0,477.25
2024-05-06 19:00:00+00:00,876.5,514.5
2024-05-06 20:00:00+00:00,878.0,497.25
2024-05-06 21:00:00+00:00,801.0,418.25
2024-05-06 22:00:00+00:00,728.75,376.0
2024-05-06 23:00:00+00:00,560.0,361.5
2024-05-07 00:00:00+00:00,415.25,338.25
2024-05-07 01:00:00+00:00,389.5,316.0
2024-05-07 02:00:00+00:00,399.25,284.75
2024-05-07 03:00:00+00:00,382.25,231.0
2024-05-07 04:00:00+00:00,451.75,210.75
2024-05-07 05:00:00+00:00,468.0,193.75
2024-05-07 06:00:00+00:00,404.75,145.25
2024-05-07 07:00:00+00:00,347.75,154.0
2024-05-07 08:00:00+00:00,398.25,180.5
2024-05-07 09:00:00+00:00,477.25,246.25
2024-05-07 10:00:00+00:00,505.0,285.0
2024-05-07 11:00:00+00:00,481.0,366.0
2024-05-07 12:00:00+00:00,398.5,487.75
2024-05-07 13:00:00+00:00,460.5,544.0
2024-05-07 14:00:00+00:00,597.5,620.75
2024-05-07 15:00:00+00:00,551.5,757.0
2024-05-07 16:00:00+00:00,671.25,775.5
2024-05-07 17:00:00+00:00,864.0,647.0
2024-05-07 18:00:00+00:00,1210.75,564.25
2024-05-07 19:00:00+00:00,1498.0,547.75
2024-05-07 20:00:00+00:00,1550.0,476.5
2024-05-07 21:00:00+00:00,1367.25,360.0
2024-05-07 22:00:00+00:00,874.0,271.0
2024-05-07 23:00:00+00:00,618.5,170.0
2024-05-08 00:00:00+00:00,464.5,115.25
2024-05-08 01:00:00+00:00,615.0,111.0
2024-05-08 02:00:00+00:00,847.75,170.0
2024-05-08 03:00:00+00:00,829.25,155.5
2024-05-08 04:00:00+00:00,740.5,116.0
2024-05-08 05:00:00+00:00,628.75,86.75
2024-05-08 06:00:00+00:00,708.0,101.5
2024-05-08 07:00:00+00:00,944.5,101.0
2024-05-08 08:00:00+00:00,1052.75,116.25
2024-05-08 09:00:00+00:00,1018.25,161.0
2024-05-08 10:00:00+00:00,885.75,188.0
2024-05-08 11:00:00+00:00,849.75,195.75
2024-05-08 12:00:00+00:00,855.5,180.25
2024-05-08 13:00:00+00:00,908.75,208.25
2024-05-08 14:00:00+00:00,737.75,237.25
2024-05-08 15:00:00+00:00,524.0,225.5
2024-05-08 16:00:00+00:00,421.5,223.5
2024-05-08 17:00:00+00:00,311.75,231.75
2024-05-08 18:00:00+00:00,185.75,227.0
2024-05-08 19:00:00+00:00,118.5,241.5
2024-05-08 20:00:00+00:00,59.75,231.75
2024-05-08 21:00:00+00:00,25.0,179.75
2024-05-08 22:00:00+00:00,9.75,147.5
2024-05-08 23:00:00+00:00,6.75,100.5
2024-05-09 00:00:00+00:00,7.25,68.25
2024-05-09 01:00:00+00:00,1.25,57.5
2024-05-09 02:00:00+00:00,0.75,53.0
2024-05-09 03:00:00+00:00,0.5,43.75
2024-05-09 04:00:00+00:00,8.75,43.0
2024-05-09 05:00:00+00:00,6.0,51.5
2024-05-09 06:00:00+00:00,7.0,67.0
2024-05-09 07:00:00+00:00,2.75,96.5
2024-05-09 08:00:00+00:00,7.0,121.5
2024-05-09 09:00:00+00:00,8.5,132.0
2024-05-09 10:00:00+00:00,24.5,141.25
2024-05-09 11:00:00+00:00,55.25,139.25
2024-05-09 12:00:00+00:00,77.0,122.0
2024-05-09 13:00:00+00:00,28.75,165.0
2024-05-09 14:00:00+00:00,19.5,149.25
2024-05-09 15:00:00+00:00,25.5,124.0
2024-05-09 16:00:00+00:00,21.5,110.0
2024-05-09 17:00:00+00:00,18.0,75.5
2024-05-09 18:00:00+00:00,24.0,51.75
2024-05-09 19:00:00+00:00,10.25,49.25
2024-05-09 20:00:00+00:00,2.25,50.5
2024-05-09 21:00:00+00:00,0.0,48.5
2024-05-09 22:00:00+00:00,8.75,44.5
2024-05-09 23:00:00+00:00,4.0,44.25
2024-05-10 00:00:00+00:00,2.75,43.0
2024-05-10 01:00:00+00:00,5.0,43.25
2024-05-10 02:00:00+00:00,2.0,42.0
2024-05-10 03:00:00+00:00,0.25,43.0
2024-05-10 04:00:00+00:00,0.25,46.25
2024-05-10 05:00:00+00:00,5.5,57.75
2024-05-10 06:00:00+00:00,3.5,73.0
2024-05-10 07:00:00+00:00,0.5,91.5
2024-05-10 08:00:00+00:00,0.75,111.5
2024-05-10 09:00:00+00:00,14.75,142.5
2024-05-10 10:00:00+00:00,61.5,177.5
2024-05-10 11:00:00+00:00,131.75,215.25
2024-05-10 12:00:00+00:00,171.75,231.0
2024-05-10 13:00:00+00:00,178.25,259.75
2024-05-10 14:00:00+00:00,259.5,278.0
2024-05-10 15:00:00+00:00,409.75,273.75
2024-05-10 16:00:00+00:00,504.75,313.5
2024-05-10 17:00:00+00:00,692.25,410.0
2024-05-10 18:00:00+00:00,828.75,406.25
2024-05-10 19:00:00+00:00,1061.5,448.5
2024-05-10 20:00:00+00:00,1132.25,503.5
2024-05-10 21:00:00+00:00,1046.25,519.5
2024-05-10 22:00:00+00:00,1143.75,536.25
2024-05-10 23:00:00+00:00,1327.0,574.25
2024-05-11 00:00:00+00:00,1353.25,539.25
2024-05-11 01:00:00+00:00,1176.25,462.5
2024-05-11 02:00:00+00:00,960.0,422.0
2024-05-11 03:00:00+00:00,856.5,402.5
2024-05-11 04:00:00+00:00,924.0,409.5
2024-05-11 05:00:00+00:00,912.25,334.75
2024-05-11 06:00:00+00:00,685.0,295.25
2024-05-11 07:00:00+00:00,598.75,293.5
2024-05-11 08:00:00+00:00,617.0,285.75
2024-05-11 09:00:00+00:00,466.25,274.75
2024-05-11 10:00:00+00:00,497.5,284.0
2024-05-11 11:00:00+00:00,416.75,285.5
2024-05-11 12:00:00+00:00,489.25,314.0
2024-05-11 13:00:00+00:00,667.5,351.25
2024-05-11 14:00:00+00:00,828.5,401.5
2024-05-11 15:00:00+00:00,1310.75,459.75
2024-05-11 16:00:00+00:00,1485.5,580.75
2024-05-11 17:00:00+00:00,1685.5,647.25
2024-05-11 18:00:00+00:00,1810.75,678.75
2024-05-11 19:00:00+00:00,2160.75,934.5
2024-05-11 20:00:00+00:00,2547.75,1189.0
2024-05-11 21:00:00+00:00,2808.25,1379.75
2024-05-11 22:00:00+00:00,2907.0,1401.75
2024-05-11 23:00:00+00:00,2976.75,1362.75
2024-05-12 00:00:00+00:00,3021.5,1344.0
2024-05-12 01:00:00+00:00,2984.0,1349.25
2024-05-12 02:00:00+00:00,3032.75,1189.5
2024-05-12 03:00:00+00:00,3033.75,1066.5
2024-05-12 04:00:00+00:00,2903.75,1025.0
2024-05-12 05:00:00+00:00,2508.25,843.0
2024-05-12 06:00:00+00:00,1973.25,593.25
2024-05-12 07:00:00+00:00,1387.25,429.5
2024-05-12 08:00:00+00:00,1061.75,465.25
2024-05-12 09:00:00+00:00,774.75,431.25
2024-05-12 10:00:00+00:00,692.5,435.5
2024-05-12 11:00:00+00:00,648.75,441.25
2024-05-12 12:00:00+00:00,534.75,420.0
2024-05-12 13:00:00+00:00,860.25,579.5
2024-05-12 14:00:00+00:00,1202.0,628.0
2024-05-12 15:00:00+00:00,1432.5,608.0
2024-05-12 16:00:00+00:00,1551.75,686.0
2024-05-12 17:00:00+00:00,1652.0,682.25
2024-05-12 18:00:00+00:00,1764.25,832.25
2024-05-12 19:00:00+00:00,2240.75,1209.5
2024-05-12 20:00:00+00:00,2994.25,1361.5
2024-05-12 21:00:00+00:00,2430.25,1543.75
2024-05-12 22:00:00+00:00,2203.5,1383.25
2024-05-12 23:00:00+00:00,1892.75,1241.5
2024-05-13 00:00:00+00:00,1791.0,1075.75
2024-05-13 01:00:00+00:00,1700.25,912.75
2024-05-13 02:00:00+00:00,1542.75,807.25
2024-05-13 03:00:00+00:00,1471.5,621.0
2024-05-13 04:00:00+00:00,1242.0,506.75
2024-05-13 05:00:00+00:00,1135.25,446.75
2024-05-13 06:00:00+00:00,1146.75,350.75
2024-05-13 07:00:00+00:00,859.25,264.0
2024-05-13 08:00:00+00:00,699.0,279.25
2024-05-13 09:00:00+00:00,662.25,294.75
2024-05-13 10:00:00+00:00,689.25,343.75
2024-05-13 11:00:00+00:00,597.75,333.75
2024-05-13 12:00:00+00:00,359.5,330.5
2024-05-13 13:00:00+00:00,129.75,288.0
2024-05-13 14:00:00+00:00,45.25,262.75
2024-05-13 15:00:00+00:00,39.75,334.75
2024-05-13 16:00:00+00:00,76.75,274.75
2024-05-13 17:00:00+00:00,323.75,195.25
2024-05-13 18:00:00+00:00,327.25,165.0
2024-05-13 19:00:00+00:00,627.0,126.5
2024-05-13 20:00:00+00:00,901.75,211.0
2024-05-13 21:00:00+00:00,1114.75,345.0
2024-05-13 22:00:00+00:00,1076.75,453.5
2024-05-13 23:00:00+00:00,1089.75,648.0
2024-05-14 00:00:00+00:00,1358.0,824.75
2024-05-14 01:00:00+00:00,1306.5,964.0
2024-05-14 02:00:00+00:00,1803.25,1024.75
2024-05-14 03:00:00+00:00,2228.5,1064.25
2024-05-14 04:00:00+00:00,2814.75,1055.5
2024-05-14 05:00:00+00:00,3214.75,986.0
2024-05-14 06:00:00+00:00,2737.25,791.25
2024-05-14 07:00:00+00:00,1889.75,759.0
2024-05-14 08:00:00+00:00,1290.25,787.25
2024-05-14 09:00:00+00:00,1321.5,860.75
2024-05-14 10:00:00+00:00,1256.0,1011.0
2024-05-14 11:00:00+00:00,1351.0,1045.0
2024-05-14 12:00:00+00:00,1170.0,991.0
2024-05-14 13:00:00+00:00,912.25,1125.0
2024-05-14 14:00:00+00:00,485.25,1107.5
2024-05-14 15:00:00+00:00,445.0,1022.25
2024-05-14 16:00:00+00:00,291.75,1124.0
2024-05-14 17:00:00+00:00,463.0,986.25
2024-05-14 18:00:00+00:00,531.25,788.25
2024-05-14 19:00:00+00:00,475.75,573.5
2024-05-14 20:00:00+00:00,368.5,520.25
2024-05-14 21:00:00+00:00,293.25,399.25
2024-05-14 22:00:00+00:00,303.75,336.75
2024-05-14 23:00:00+00:00,338.75,334.5
2024-05-15 00:00:00+00:00,362.75,283.0
2024-05-15 01:00:00+00:00,306.75,241.75
2024-05-15 02:00:00+00:00,291.25,221.0
2024-05-15 03:00:00+00:00,269.25,348.25
2024-05-15 04:00:00+00:00,270.0,416.75
2024-05-15 05:00:00+00:00,287.5,457.25
2024-05-15 06:00:00+00:00,285.5,430.5
2024-05-15 07:00:00+00:00,314.25,390.75
2024-05-15 08:00:00+00:00,169.25,382.75
2024-05-15 09:00:00+00:00,91.0,380.25
2024-05-15 10:00:00+00:00,132.0,318.25
2024-05-15 11:00:00+00:00,124.25,235.75
2024-05-15 12:00:00+00:00,124.75,290.0
2024-05-15 13:00:00+00:00,132.25,293.25
2024-05-15 14:00:00+00:00,142.25,326.75
2024-05-15 15:00:00+00:00,156.0,357.0
2024-05-15 16:00:00+00:00,521.75,360.75
2024-05-15 17:00:00+00:00,570.25,393.0
2024-05-15 18:00:00+00:00,600.0,283.75
2024-05-15 19:00:00+00:00,624.0,239.5
2024-05-15 20:00:00+00:00,598.75,245.5
2024-05-15 21:00:00+00:00,591.75,258.75
2024-05-15 22:00:00+00:00,595.75,295.75
2024-05-15 23:00:00+00:00,589.5,299.0
2024-05-16 00:00:00+00:00,591.75,347.75
2024-05-16 01:00:00+00:00,584.25,440.0
2024-05-16 02:00:00+00:00,661.25,455.5
2024-05-16 03:00:00+00:00,701.5,455.5
2024-05-16 04:00:00+00:00,696.25,427.25
2024-05-16 05:00:00+00:00,772.5,565.0
2024-05-16 06:00:00+00:00,781.5,498.0
2024-05-16 07:00:00+00:00,579.75,498.0
2024-05-16 08:00:00+00:00,416.0,650.25
2024-05-16 09:00:00+00:00,228.0,582.25
2024-05-16 10:00:00+00:00,109.0,410.5
2024-05-16 11:00:00+00:00,171.0,329.0
2024-05-16 12:00:00+00:00,106.0,402.0
2024-05-16 13:00:00+00:00,131.0,424.25
2024-05-16 14:00:00+00:00,549.75,366.25
2024-05-16 15:00:00+00:00,238.75,328.25
2024-05-16 16:00:00+00:00,284.0,235.25
2024-05-16 17:00:00+00:00,292.0,252.5
2024-05-16 18:00:00+00:00,187.5,302.25
2024-05-16 19:00:00+00:00,119.0,118.25
2024-05-16 20:00:00+00:00,4.0,41.25
2024-05-16 21:00:00+00:00,0.25,45.75
2024-05-16 22:00:00+00:00,3.0,44.25
2024-05-16 23:00:00+00:00,50.75,51.0
2024-05-17 00:00:00+00:00,164.75,54.0
2024-05-17 01:00:00+00:00,226.5,65.25
2024-05-17 02:00:00+00:00,215.25,97.25
2024-05-17 03:00:00+00:00,254.25,101.0
2024-05-17 04:00:00+00:00,245.5,142.0
2024-05-17 05:00:00+00:00,267.25,170.25
2024-05-17 06:00:00+00:00,242.5,162.25
2024-05-17 07:00:00+00:00,221.0,159.75
2024-05-17 08:00:00+00:00,285.0,219.0
2024-05-17 09:00:00+00:00,370.5,261.5
2024-05-17 10:00:00+00:00,533.75,313.25
2024-05-17 11:00:00+00:00,612.25,333.75
2024-05-17 12:00:00+00:00,598.75,267.5
2024-05-17 13:00:00+00:00,624.5,271.0
2024-05-17 14:00:00+00:00,837.0,346.75
2024-05-17 15:00:00+00:00,1210.5,384.0
2024-05-17 16:00:00+00:00,1371.25,410.75
2024-05-17 17:00:00+00:00,1361.0,383.75
2024-05-17 18:00:00+00:00,1193.5,413.0
2024-05-17 19:00:00+00:00,1345.0,423.75
2024-05-17 20:00:00+00:00,1289.0,326.0
2024-05-17 21:00:00+00:00,1178.0,317.25
2024-05-17 22:00:00+00:00,979.25,325.5
2024-05-17 23:00:00+00:00,889.5,314.75
2024-05-18 00:00:00+00:00,806.25,296.0
2024-05-18 01:00:00+00:00,842.75,260.75
2024-05-18 02:00:00+00:00,816.75,187.5
2024-05-18 03:00:00+00:00,744.75,167.0
2024-05-18 04:00:00+00:00,571.75,239.75
2024-05-18 05:00:00+00:00,493.25,307.25
2024-05-18 06:00:00+00:00,208.0,260.25
2024-05-18 07:00:00+00:00,134.0,129.75
2024-05-18 08:00:00+00:00,82.5,117.25
2024-05-18 09:00:00+00:00,143.75,113.75
2024-05-18 10:00:00+00:00,289.25,131.25
2024-05-18 11:00:00+00:00,489.5,143.25
2024-05-18 12:00:00+00:00,477.0,162.75
2024-05-18 13:00:00+00:00,501.0,173.25
2024-05-18 14:00:00+00:00,426.5,272.75
2024-05-18 15:00:00+00:00,279.75,460.5
2024-05-18 16:00:00+00:00,297.25,571.75
2024-05-18 17:00:00+00:00,390.5,443.5
2024-05-18 18:00:00+00:00,359.75,279.0
2024-05-18 19:00:00+00:00,308.5,318.75
2024-05-18 20:00:00+00:00,331.5,262.75
2024-05-18 21:00:00+00:00,263.5,247.0
2024-05-18 22:00:00+00:00,198.5,314.0
2024-05-18 23:00:00+00:00,191.5,390.0
2024-05-19 00:00:00+00:00,191.5,404.25
2024-05-19 01:00:00+00:00,257.5,355.75
2024-05-19 02:00:00+00:00,321.0,329.25
2024-05-19 03:00:00+00:00,297.5,339.0
2024-05-19 04:00:00+00:00,302.5,336.25
2024-05-19 05:00:00+00:00,324.75,311.5
2024-05-19 06:00:00+00:00,297.25,221.75
2024-05-19 07:00:00+00:00,269.0,222.25
2024-05-19 08:00:00+00:00,370.0,212.0
2024-05-19 09:00:00+00:00,619.25,276.75
2024-05-19 10:00:00+00:00,763.0,289.0
2024-05-19 11:00:00+00:00,929.0,395.5
2024-05-19 12:00:00+00:00,1036.0,611.5
2024-05-19 13:00:00+00:00,1290.75,905.0
2024-05-19 14:00:00+00:00,1654.25,1128.75
2024-05-19 15:00:00+00:00,1593.75,1150.0
2024-05-19 16:00:00+00:00,1785.5,1300.0
2024-05-19 17:00:00+00:00,2042.0,1069.25
2024-05-19 18:00:00+00:00,2069.25,914.25
2024-05-19 19:00:00+00:00,1998.75,823.25
2024-05-19 20:00:00+00:00,2032.5,736.5
2024-05-19 21:00:00+00:00,1876.25,631.75
2024-05-19 22:00:00+00:00,1728.5,476.0
2024-05-19 23:00:00+00:00,1446.0,475.5
2024-05-20 00:00:00+00:00,1357.75,426.0
2024-05-20 01:00:00+00:00,1313.0,456.75
2024-05-20 02:00:00+00:00,1388.75,512.0
2024-05-20 03:00:00+00:00,1617.0,486.75
2024-05-20 04:00:00+00:00,1797.75,400.75
2024-05-20 05:00:00+00:00,1866.5,367.75
2024-05-20 06:00:00+00:00,1665.25,356.0
2024-05-20 07:00:00+00:00,1462.25,307.25
2024-05-20 08:00:00+00:00,1129.5,282.0
2024-05-20 09:00:00+00:00,911.0,244.25
2024-05-20 10:00:00+00:00,849.5,326.75
2024-05-20 11:00:00+00:00,906.25,311.25
2024-05-20 12:00:00+00:00,953.75,394.25
2024-05-20 13:00:00+00:00,1249.25,464.25
2024-05-20 14:00:00+00:00,1463.5,532.25
2024-05-20 15:00:00+00:00,1156.5,478.25
2024-05-20 16:00:00+00:00,1012.25,348.5
2024-05-20 17:00:00+00:00,1213.0,451.75
2024-05-20 18:00:00+00:00,1406.5,495.0
2024-05-20 19:00:00+00:00,1090.5,537.25
2024-05-20 20:00:00+00:00,637.5,479.5
2024-05-20 21:00:00+00:00,337.75,385.25
2024-05-20 22:00:00+00:00,281.0,414.25
2024-05-20 23:00:00+00:00,387.25,417.25
2024-05-21 00:00:00+00:00,436.5,367.0
2024-05-21 01:00:00+00:00,335.25,347.75
2024-05-21 02:00:00+00:00,281.25,367.0
2024-05-21 03:00:00+00:00,328.75,445.0
2024-05-21 04:00:00+00:00,408.5,463.5
2024-05-21 05:00:00+00:00,426.75,404.25
2024-05-21 06:00:00+00:00,439.25,289.5
2024-05-21 07:00:00+00:00,485.25,287.5
2024-05-21 08:00:00+00:00,511.0,378.25
2024-05-21 09:00:00+00:00,647.0,535.0
2024-05-21 10:00:00+00:00,762.0,585.5
2024-05-21 11:00:00+00:00,725.25,518.5
2024-05-21 12:00:00+00:00,638.0,481.75
2024-05-21 13:00:00+00:00,442.0,555.25
2024-05-21 14:00:00+00:00,648.25,524.75
2024-05-21 15:00:00+00:00,1054.0,789.25
2024-05-21 16:00:00+00:00,1177.5,704.5
2024-05-21 17:00:00+00:00,1307.5,789.5
2024-05-21 18:00:00+00:00,1166.5,714.75
2024-05-21 19:00:00+00:00,970.25,533.5
2024-05-21 20:00:00+00:00,806.5,609.75
2024-05-21 21:00:00+00:00,679.75,728.0
2024-05-21 22:00:00+00:00,611.75,658.25
2024-05-21 23:00:00+00:00,742.0,808.0
2024-05-22 00:00:00+00:00,899.25,580.0
2024-05-22 01:00:00+00:00,901.25,739.0
2024-05-22 02:00:00+00:00,967.75,859.25
2024-05-22 03:00:00+00:00,1423.25,941.25
2024-05-22 04:00:00+00:00,1979.5,1040.0
2024-05-22 05:00:00+00:00,2820.25,1192.25
2024-05-22 06:00:00+00:00,3467.0,1195.25
2024-05-22 07:00:00+00:00,3752.75,1236.0
2024-05-22 08:00:00+00:00,3506.0,1201.0
2024-05-22 09:00:00+00:00,3318.0,1200.75
2024-05-22 10:00:00+00:00,2869.25,1219.75
2024-05-22 11:00:00+00:00,3174.75,1302.5
2024-05-22 12:00:00+00:00,3430.75,1204.0
2024-05-22 13:00:00+00:00,3375.0,1057.5
2024-05-22 14:00:00+00:00,3469.0,997.0
2024-05-22 15:00:00+00:00,3293.25,920.5
2024-05-22 16:00:00+00:00,3342.25,816.0
2024-05-22 17:00:00+00:00,3444.25,810.75
2024-05-22 18:00:00+00:00,3243.0,947.5
2024-05-22 19:00:00+00:00,3025.75,786.25
2024-05-22 20:00:00+00:00,2802.5,796.0
2024-05-22 21:00:00+00:00,2770.75,913.0
2024-05-22 22:00:00+00:00,2976.25,1111.0
2024-05-22 23:00:00+00:00,3166.25,1147.75
2024-05-23 00:00:00+00:00,3244.75,1138.0
2024-05-23 01:00:00+00:00,3296.5,1058.5
2024-05-23 02:00:00+00:00,3179.75,1055.75
2024-05-23 03:00:00+00:00,2882.25,966.0
2024-05-23 04:00:00+00:00,2606.75,850.0
2024-05-23 05:00:00+00:00,2238.25,776.25
2024-05-23 06:00:00+00:00,1803.75,734.5
2024-05-23 07:00:00+00:00,1591.0,723.5
2024-05-23 08:00:00+00:00,1692.5,705.5
2024-05-23 09:00:00+00:00,1611.25,779.0
2024-05-23 10:00:00+00:00,1516.25,852.25
2024-05-23 11:00:00+00:00,1569.5,842.0
2024-05-23 12:00:00+00:00,1670.0,800.5
2024-05-23 13:00:00+00:00,1482.25,632.25
2024-05-23 14:00:00+00:00,1264.25,590.75
2024-05-23 15:00:00+00:00,1180.0,623.5
2024-05-23 16:00:00+00:00,1145.75,409.5
2024-05-23 17:00:00+00:00,948.5,238.0
2024-05-23 18:00:00+00:00,719.5,163.75
2024-05-23 19:00:00+00:00,499.75,117.5
2024-05-23 20:00:00+00:00,473.25,103.5
2024-05-23 21:00:00+00:00,370.75,118.0
2024-05-23 22:00:00+00:00,380.5,98.25
2024-05-23 23:00:00+00:00,354.5,90.5
2024-05-24 00:00:00+00:00,287.75,87.25
2024-05-24 01:00:00+00:00,207.25,79.75
2024-05-24 02:00:00+00:00,138.5,85.25
2024-05-24 03:00:00+00:00,70.0,90.5
2024-05-24 04:00:00+00:00,48.75,121.5
2024-05-24 05:00:00+00:00,22.75,175.0
2024-05-24 06:00:00+00:00,33.0,145.0
2024-05-24 07:00:00+00:00,5.5,103.25
2024-05-24 08:00:00+00:00,4.25,100.0
2024-05-24 09:00:00+00:00,9.25,96.75
2024-05-24 10:00:00+00:00,10.75,103.0
2024-05-24 11:00:00+00:00,8.0,124.0
2024-05-24 12:00:00+00:00,18.0,140.25
2024-05-24 13:00:00+00:00,39.0,193.25
2024-05-24 14:00:00+00:00,82.0,260.0
2024-05-24 15:00:00+00:00,219.5,485.75
2024-05-24 16:00:00+00:00,401.0,639.0
2024-05-24 17:00:00+00:00,456.0,686.75
2024-05-24 18:00:00+00:00,620.5,751.75
2024-05-24 19:00:00+00:00,805.25,905.75
2024-05-24 20:00:00+00:00,970.5,549.75
2024-05-24 21:00:00+00:00,1143.75,373.75
2024-05-24 22:00:00+00:00,1362.0,412.5
2024-05-24 23:00:00+00:00,1416.25,350.75
2024-05-25 00:00:00+00:00,1235.5,316.25
2024-05-25 01:00:00+00:00,1238.25,298.75
2024-05-25 02:00:00+00:00,1555.5,340.25
2024-05-25 03:00:00+00:00,1557.75,359.75
2024-05-25 04:00:00+00:00,1278.75,444.75
2024-05-25 05:00:00+00:00,977.75,421.5
2024-05-25 06:00:00+00:00,799.25,302.25
2024-05-25 07:00:00+00:00,679.0,272.25
2024-05-25 08:00:00+00:00,607.0,234.25
2024-05-25 09:00:00+00:00,483.75,254.75
2024-05-25 10:00:00+00:00,470.25,279.75
2024-05-25 11:00:00+00:00,614.75,366.25
2024-05-25 12:00:00+00:00,610.75,403.0
2024-05-25 13:00:00+00:00,1023.5,435.75
2024-05-25 14:00:00+00:00,1182.5,374.5
2024-05-25 15:00:00+00:00,1202.25,417.0
2024-05-25 16:00:00+00:00,1053.75,414.75
2024-05-25 17:00:00+00:00,673.25,331.0
2024-05-25 18:00:00+00:00,366.75,255.5
2024-05-25 19:00:00+00:00,284.75,179.0
2024-05-25 20:00:00+00:00,326.75,127.5
2024-05-25 21:00:00+00:00,418.0,143.5
2024-05-25 22:00:00+00:00,550.5,201.0
2024-05-25 23:00:00+00:00,772.5,282.75
2024-05-26 00:00:00+00:00,885.25,397.0
2024-05-26 01:00:00+00:00,1352.5,509.0
2024-05-26 02:00:00+00:00,1900.5,543.75
2024-05-26 03:00:00+00:00,2263.25,530.75
2024-05-26 04:00:00+00:00,2322.0,512.75
2024-05-26 05:00:00+00:00,1321.25,520.25
2024-05-26 06:00:00+00:00,1077.5,542.75
2024-05-26 07:00:00+00:00,890.25,460.0
2024-05-26 08:00:00+00:00,883.0,399.25
2024-05-26 09:00:00+00:00,630.75,453.0
2024-05-26 10:00:00+00:00,633.75,419.5
2024-05-26 11:00:00+00:00,743.25,385.25
2024-05-26 12:00:00+00:00,624.0,622.0
2024-05-26 13:00:00+00:00,877.5,531.25
2024-05-26 14:00:00+00:00,586.0,337.0
2024-05-26 15:00:00+00:00,807.75,487.25
2024-05-26 16:00:00+00:00,1487.75,349.0
2024-05-26 17:00:00+00:00,1697.5,541.0
2024-05-26 18:00:00+00:00,2291.0,458.75
2024-05-26 19:00:00+00:00,2393.75,336.25
2024-05-26 20:00:00+00:00,2861.25,546.25
2024-05-26 21:00:00+00:00,2941.0,665.75
2024-05-26 22:00:00+00:00,2863.0,794.5
2024-05-26 23:00:00+00:00,2926.25,869.25
2024-05-27 00:00:00+00:00,2977.75,946.75
2024-05-27 01:00:00+00:00,2850.75,999.5
2024-05-27 02:00:00+00:00,2778.25,963.25
2024-05-27 03:00:00+00:00,2768.5,956.5
2024-05-27 04:00:00+00:00,2613.5,874.25
2024-05-27 05:00:00+00:00,2273.75,835.5
2024-05-27 06:00:00+00:00,2102.0,705.25
2024-05-27 07:00:00+00:00,1915.5,671.5
2024-05-27 08:00:00+00:00,1544.5,634.0
2024-05-27 09:00:00+00:00,1340.75,570.0
2024-05-27 10:00:00+00:00,1445.0,583.5
2024-05-27 11:00:00+00:00,1278.25,602.5
2024-05-27 12:00:00+00:00,1067.25,538.75
2024-05-27 13:00:00+00:00,1036.25,348.0
2024-05-27 14:00:00+00:00,857.0,271.0
2024-05-27 15:00:00+00:00,818.75,275.5
2024-05-27 16:00:00+00:00,901.5,249.0
2024-05-27 17:00:00+00:00,1235.25,211.5
2024-05-27 18:00:00+00:00,1441.5,214.5
2024-05-27 19:00:00+00:00,1426.25,197.25
2024-05-27 20:00:00+00:00,1261.25,207.0
2024-05-27 21:00:00+00:00,1121.75,193.25
2024-05-27 22:00:00+00:00,1105.0,259.25
2024-05-27 23:00:00+00:00,1116.25,289.5
2024-05-28 00:00:00+00:00,1211.5,370.0
2024-05-28 01:00:00+00:00,1300.5,453.25
2024-05-28 02:00:00+00:00,1434.25,520.5
2024-05-28 03:00:00+00:00,1412.75,581.5
2024-05-28 04:00:00+00:00,1344.0,637.5
2024-05-28 05:00:00+00:00,1176.25,589.5
2024-05-28 06:00:00+00:00,997.5,456.5
2024-05-28 07:00:00+00:00,837.75,433.25
2024-05-28 08:00:00+00:00,807.0,483.5
2024-05-28 09:00:00+00:00,924.25,502.75
2024-05-28 10:00:00+00:00,791.0,527.75
2024-05-28 11:00:00+00:00,873.25,591.75
2024-05-28 12:00:00+00:00,963.75,682.25
2024-05-28 13:00:00+00:00,1530.75,716.75
2024-05-28 14:00:00+00:00,2271.5,719.75
2024-05-28 15:00:00+00:00,2759.75,823.75
2024-05-28 16:00:00+00:00,3018.5,1132.25
2024-05-28 17:00:00+00:00,3399.0,1144.75
2024-05-28 18:00:00+00:00,3874.75,1287.25
2024-05-28 19:00:00+00:00,4075.25,1371.75
2024-05-28 20:00:00+00:00,4098.25,1397.5
2024-05-28 21:00:00+00:00,4235.75,1677.75
2024-05-28 22:00:00+00:00,4312.75,1728.25
2024-05-28 23:00:00+00:00,4336.0,1684.5
2024-05-29 00:00:00+00:00,4287.0,1684.5
2024-05-29 01:00:00+00:00,4317.5,1448.5
2024-05-29 02:00:00+00:00,4343.0,1394.0
2024-05-29 03:00:00+00:00,4136.0,1513.0
2024-05-29 04:00:00+00:00,3699.25,1667.0
2024-05-29 05:00:00+00:00,3329.5,1853.0
2024-05-29 06:00:00+00:00,3469.0,1709.25
2024-05-29 07:00:00+00:00,3081.25,1642.75
2024-05-29 08:00:00+00:00,2495.25,1562.5
2024-05-29 09:00:00+00:00,2290.0,1241.5
2024-05-29 10:00:00+00:00,2409.5,1102.0
2024-05-29 11:00:00+00:00,2059.0,1035.0
2024-05-29 12:00:00+00:00,2058.5,983.5
2024-05-29 13:00:00+00:00,2130.0,1179.75
2024-05-29 14:00:00+00:00,2102.0,1088.5
2024-05-29 15:00:00+00:00,1743.0,972.25
2024-05-29 16:00:00+00:00,1511.25,835.75
2024-05-29 17:00:00+00:00,1300.25,658.25
2024-05-29 18:00:00+00:00,1107.0,429.0
2024-05-29 19:00:00+00:00,901.5,298.5
2024-05-29 20:00:00+00:00,943.5,248.0
2024-05-29 21:00:00+00:00,461.0,246.75
2024-05-29 22:00:00+00:00,489.25,178.75
2024-05-29 23:00:00+00:00,549.0,154.75
2024-05-30 00:00:00+00:00,584.0,156.0
2024-05-30 01:00:00+00:00,616.75,174.25
2024-05-30 02:00:00+00:00,613.25,179.0
2024-05-30 03:00:00+00:00,616.75,203.0
2024-05-30 04:00:00+00:00,621.25,192.25
2024-05-30 05:00:00+00:00,617.5,164.25
2024-05-30 06:00:00+00:00,470.0,158.5
2024-05-30 07:00:00+00:00,532.5,168.5
2024-05-30 08:00:00+00:00,622.75,257.0
2024-05-30 09:00:00+00:00,686.75,360.5
2024-05-30 10:00:00+00:00,791.5,418.75
2024-05-30 11:00:00+00:00,751.75,444.5
2024-05-30 12:00:00+00:00,728.0,483.25
2024-05-30 13:00:00+00:00,779.25,523.75
2024-05-30 14:00:00+00:00,820.0,734.0
2024-05-30 15:00:00+00:00,1115.5,778.0
2024-05-30 16:00:00+00:00,1043.5,611.0
2024-05-30 17:00:00+00:00,1246.0,473.5
2024-05-30 18:00:00+00:00,1058.0,478.0
2024-05-30 19:00:00+00:00,1364.5,434.5
2024-05-30 20:00:00+00:00,2195.25,347.25
2024-05-30 21:00:00+00:00,2288.25,353.75
2024-05-30 22:00:00+00:00,2394.0,407.0
2024-05-30 23:00:00+00:00,2685.25,410.75
2024-05-31 00:00:00+00:00,2892.75,448.75
2024-05-31 01:00:00+00:00,2576.5,484.75
2024-05-31 02:00:00+00:00,2328.25,460.0
2024-05-31 03:00:00+00:00,2022.0,328.75
2024-05-31 04:00:00+00:00,1612.5,245.0
2024-05-31 05:00:00+00:00,1430.5,223.25
2024-05-31 06:00:00+00:00,1558.75,182.5
2024-05-31 07:00:00+00:00,1471.75,133.75
2024-05-31 08:00:00+00:00,1095.5,122.0
2024-05-31 09:00:00+00:00,1375.0,220.25
2024-05-31 10:00:00+00:00,1986.5,306.0
2024-05-31 11:00:00+00:00,2546.75,448.5
2024-05-31 12:00:00+00:00,3183.25,650.0
2024-05-31 13:00:00+00:00,3483.75,821.75
2024-05-31 14:00:00+00:00,3850.25,992.75
2024-05-31 15:00:00+00:00,4007.25,1151.75
2024-05-31 16:00:00+00:00,4167.25,1262.25
2024-05-31 17:00:00+00:00,4198.25,1365.75
2024-05-31 18:00:00+00:00,4167.25,1309.75
2024-05-31 19:00:00+00:00,4154.25,1237.25
2024-05-31 20:00:00+00:00,4154.0,1225.5
2024-05-31 21:00:00+00:00,4132.25,1010.25
2024-05-31 22:00:00+00:00,4138.25,921.5
2024-05-31 23:00:00+00:00,4218.75,954.25
2024-06-01 00:00:00+00:00,4159.0,1058.25
2024-06-01 01:00:00+00:00,4189.0,1161.0
2024-06-01 02:00:00+00:00,4205.25,1171.25
2024-06-01 03:00:00+00:00,4182.0,1192.0
2024-06-01 04:00:00+00:00,4134.5,1170.5
2024-06-01 05:00:00+00:00,4193.25,1219.75
2024-06-01 06:00:00+00:00,4199.25,1144.25
2024-06-01 07:00:00+00:00,4161.75,1048.75
2024-06-01 08:00:00+00:00,4078.75,979.5
2024-06-01 09:00:00+00:00,4044.75,981.25
2024-06-01 10:00:00+00:00,4030.25,983.0
2024-06-01 11:00:00+00:00,4101.5,1017.25
2024-06-01 12:00:00+00:00,4175.5,1135.25
2024-06-01 13:00:00+00:00,4181.0,1198.75
2024-06-01 14:00:00+00:00,4251.5,1190.75
2024-06-01 15:00:00+00:00,4274.0,1212.75
2024-06-01 16:00:00+00:00,4196.25,1328.75
2024-06-01 17:00:00+00:00,4153.75,1430.25
2024-06-01 18:00:00+00:00,4204.0,1411.0
2024-06-01 19:00:00+00:00,4138.5,1371.0
2024-06-01 20:00:00+00:00,4263.25,1417.75
2024-06-01 21:00:00+00:00,4182.75,1307.75
2024-06-01 22:00:00+00:00,4030.5,1322.5
2024-06-01 23:00:00+00:00,3872.0,1272.75
2024-06-02 00:00:00+00:00,3766.0,1161.75
2024-06-02 01:00:00+00:00,3529.75,1061.0
2024-06-02 02:00:00+00:00,3448.25,1011.5
2024-06-02 03:00:00+00:00,3404.25,994.75
2024-06-02 04:00:00+00:00,3441.0,871.0
2024-06-02 05:00:00+00:00,3556.5,864.0
2024-06-02 06:00:00+00:00,3316.25,847.25
2024-06-02 07:00:00+00:00,2207.5,678.25
2024-06-02 08:00:00+00:00,1807.5,555.5
2024-06-02 09:00:00+00:00,1506.5,556.25
2024-06-02 10:00:00+00:00,1398.75,572.5
2024-06-02 11:00:00+00:00,1467.75,602.25
2024-06-02 12:00:00+00:00,1485.25,624.0
2024-06-02 13:00:00+00:00,1382.75,618.75
2024-06-02 14:00:00+00:00,1320.25,636.0
2024-06-02 15:00:00+00:00,1256.75,747.75
2024-06-02 16:00:00+00:00,1642.5,756.75
2024-06-02 17:00:00+00:00,1736.75,706.75
2024-06-02 18:00:00+00:00,1366.25,601.75
2024-06-02 19:00:00+00:00,993.5,518.0
2024-06-02 20:00:00+00:00,602.0,327.0
2024-06-02 21:00:00+00:00,280.75,235.0
2024-06-02 22:00:00+00:00,173.0,166.25
2024-06-02 23:00:00+00:00,256.5,161.75
2024-06-03 00:00:00+00:00,360.25,203.75
2024-06-03 01:00:00+00:00,490.25,228.0
2024-06-03 02:00:00+00:00,463.5,262.75
2024-06-03 03:00:00+00:00,315.75,257.75
2024-06-03 04:00:00+00:00,308.5,228.0
2024-06-03 05:00:00+00:00,211.75,196.5
2024-06-03 06:00:00+00:00,138.75,178.5
2024-06-03 07:00:00+00:00,112.25,172.75
2024-06-03 08:00:00+00:00,98.0,196.75
2024-06-03 09:00:00+00:00,157.25,222.75
2024-06-03 10:00:00+00:00,249.75,234.25
2024-06-03 11:00:00+00:00,280.5,271.75
2024-06-03 12:00:00+00:00,350.5,294.0
2024-06-03 13:00:00+00:00,283.75,280.0
2024-06-03 14:00:00+00:00,154.75,284.75
2024-06-03 15:00:00+00:00,91.25,262.75
2024-06-03 16:00:00+00:00,111.25,249.25
2024-06-03 17:00:00+00:00,46.0,196.25
2024-06-03 18:00:00+00:00,29.0,173.25
2024-06-03 19:00:00+00:00,38.25,134.75
2024-06-03 20:00:00+00:00,67.75,89.25
2024-06-03 21:00:00+00:00,50.25,83.75
2024-06-03 22:00:00+00:00,29.25,88.5
2024-06-03 23:00:00+00:00,28.75,96.25
2024-06-04 00:00:00+00:00,74.0,87.5
2024-06-04 01:00:00+00:00,144.5,93.5
2024-06-04 02:00:00+00:00,220.75,89.25
2024-06-04 03:00:00+00:00,266.5,99.5
2024-06-04 04:00:00+00:00,340.75,120.0
2024-06-04 05:00:00+00:00,440.0,150.0
2024-06-04 06:00:00+00:00,567.25,186.25
2024-06-04 07:00:00+00:00,709.5,251.25
2024-06-04 08:00:00+00:00,918.5,307.0
2024-06-04 09:00:00+00:00,1083.75,375.0
2024-06-04 10:00:00+00:00,1108.25,410.75
2024-06-04 11:00:00+00:00,1262.25,454.5
2024-06-04 12:00:00+00:00,1660.5,502.5
2024-06-04 13:00:00+00:00,1956.0,577.25
2024-06-04 14:00:00+00:00,2281.5,717.5
2024-06-04 15:00:00+00:00,2922.0,785.75
2024-06-04 16:00:00+00:00,3316.5,708.25
2024-06-04 17:00:00+00:00,3537.0,801.5
2024-06-04 18:00:00+00:00,3638.25,1031.5
2024-06-04 19:00:00+00:00,3640.25,1177.75
2024-06-04 20:00:00+00:00,3407.75,1294.75
2024-06-04 21:00:00+00:00,3296.25,1447.0
2024-06-04 22:00:00+00:00,3431.75,1326.25
2024-06-04 23:00:00+00:00,3256.0,1508.5
2024-06-05 00:00:00+00:00,1580.0,1475.0
2024-06-05 01:00:00+00:00,1725.0,871.5
2024-06-05 02:00:00+00:00,2217.75,596.75
2024-06-05 03:00:00+00:00,2057.25,608.25
2024-06-05 04:00:00+00:00,1492.25,631.75
2024-06-05 05:00:00+00:00,1252.0,598.25
2024-06-05 06:00:00+00:00,957.0,657.0
2024-06-05 07:00:00+00:00,774.5,628.25
2024-06-05 08:00:00+00:00,736.5,631.5
2024-06-05 09:00:00+00:00,766.0,598.0
2024-06-05 10:00:00+00:00,684.25,595.5
2024-06-05 11:00:00+00:00,928.25,737.5
2024-06-05 12:00:00+00:00,724.75,935.0
2024-06-05 13:00:00+00:00,621.0,855.75
2024-06-05 14:00:00+00:00,838.0,773.75
2024-06-05 15:00:00+00:00,851.25,719.0
2024-06-05 16:00:00+00:00,861.5,672.0
2024-06-05 17:00:00+00:00,1071.0,604.0
2024-06-05 18:00:00+00:00,1068.75,467.0
2024-06-05 19:00:00+00:00,941.5,453.0
2024-06-05 20:00:00+00:00,665.5,421.5
2024-06-05 21:00:00+00:00,529.75,365.5
2024-06-05 22:00:00+00:00,624.0,357.25
2024-06-05 23:00:00+00:00,743.75,429.0
2024-06-06 00:00:00+00:00,861.75,492.0
2024-06-06 01:00:00+00:00,880.0,534.25
2024-06-06 02:00:00+00:00,873.75,522.5
2024-06-06 03:00:00+00:00,750.0,538.75
2024-06-06 04:00:00+00:00,564.5,505.75
2024-06-06 05:00:00+00:00,530.75,445.75
2024-06-06 06:00:00+00:00,484.25,383.25
2024-06-06 07:00:00+00:00,404.5,339.25
2024-06-06 08:00:00+00:00,331.0,449.5
2024-06-06 09:00:00+00:00,439.25,447.25
2024-06-06 10:00:00+00:00,505.75,582.25
2024-06-06 11:00:00+00:00,485.0,520.25
2024-06-06 12:00:00+00:00,565.5,427.75
2024-06-06 13:00:00+00:00,474.25,434.0
2024-06-06 14:00:00+00:00,245.0,400.0
2024-06-06 15:00:00+00:00,258.25,316.75
2024-06-06 16:00:00+00:00,346.75,286.75
2024-06-06 17:00:00+00:00,204.75,277.5
2024-06-06 18:00:00+00:00,136.0,204.25
2024-06-06 19:00:00+00:00,133.75,131.75
2024-06-06 20:00:00+00:00,107.0,88.5
2024-06-06 21:00:00+00:00,113.0,74.75
2024-06-06 22:00:00+00:00,159.5,84.5
2024-06-06 23:00:00+00:00,224.75,88.5
2024-06-07 00:00:00+00:00,477.0,117.0
2024-06-07 01:00:00+00:00,761.0,164.75
2024-06-07 02:00:00+00:00,954.75,299.5
2024-06-07 03:00:00+00:00,1046.0,448.75
2024-06-07 04:00:00+00:00,835.75,631.0
2024-06-07 05:00:00+00:00,557.5,581.25
2024-06-07 06:00:00+00:00,566.25,451.5
2024-06-07 07:00:00+00:00,506.5,398.75
2024-06-07 08:00:00+00:00,321.75,449.75
2024-06-07 09:00:00+00:00,254.0,496.0
2024-06-07 10:00:00+00:00,248.0,488.5
2024-06-07 11:00:00+00:00,398.75,467.25
2024-06-07 12:00:00+00:00,629.0,577.25
2024-06-07 13:00:00+00:00,879.25,726.75
2024-06-07 14:00:00+00:00,842.75,671.75
2024-06-07 15:00:00+00:00,978.0,623.0
2024-06-07 16:00:00+00:00,1077.25,625.0
2024-06-07 17:00:00+00:00,1287.0,544.75
2024-06-07 18:00:00+00:00,1316.25,377.5
2024-06-07 19:00:00+00:00,1591.0,306.5
2024-06-07 20:00:00+00:00,1922.25,327.75
2024-06-07 21:00:00+00:00,2110.75,478.0
2024-06-07 22:00:00+00:00,2306.0,602.75
2024-06-07 23:00:00+00:00,2278.75,680.0
2024-06-08 00:00:00+00:00,2254.5,724.25
2024-06-08 01:00:00+00:00,2022.75,791.25
2024-06-08 02:00:00+00:00,1705.0,838.25
2024-06-08 03:00:00+00:00,1381.75,816.0
2024-06-08 04:00:00+00:00,1271.0,739.25
2024-06-08 05:00:00+00:00,1286.0,632.75
2024-06-08 06:00:00+00:00,1306.5,606.5
2024-06-08 07:00:00+00:00,1238.0,681.5
2024-06-08 08:00:00+00:00,1347.0,759.0
2024-06-08 09:00:00+00:00,1099.25,664.5
2024-06-08 10:00:00+00:00,1835.5,811.75
2024-06-08 11:00:00+00:00,1218.75,875.5
2024-06-08 12:00:00+00:00,980.5,922.5
2024-06-08 13:00:00+00:00,946.25,915.75
2024-06-08 14:00:00+00:00,1211.5,920.0
2024-06-08 15:00:00+00:00,1519.5,1006.75
2024-06-08 16:00:00+00:00,1111.5,974.0
2024-06-08 17:00:00+00:00,895.75,837.75
2024-06-08 18:00:00+00:00,614.0,606.0
2024-06-08 19:00:00+00:00,370.75,491.0
2024-06-08 20:00:00+00:00,306.75,394.0
2024-06-08 21:00:00+00:00,350.5,349.5
2024-06-08 22:00:00+00:00,437.25,388.75
2024-06-08 23:00:00+00:00,717.75,431.0
2024-06-09 00:00:00+00:00,861.5,559.75
2024-06-09 01:00:00+00:00,958.25,747.25
2024-06-09 02:00:00+00:00,1264.0,848.75
2024-06-09 03:00:00+00:00,1473.0,1006.0
2024-06-09 04:00:00+00:00,1222.5,913.75
2024-06-09 05:00:00+00:00,1125.0,833.75
2024-06-09 06:00:00+00:00,1003.0,849.5
2024-06-09 07:00:00+00:00,1210.0,690.5
2024-06-09 08:00:00+00:00,1450.25,698.25
2024-06-09 09:00:00+00:00,1280.25,748.0
2024-06-09 10:00:00+00:00,1149.25,857.0
2024-06-09 11:00:00+00:00,1081.0,955.5
2024-06-09 12:00:00+00:00,1254.25,997.25
2024-06-09 13:00:00+00:00,1258.25,996.75
2024-06-09 14:00:00+00:00,1244.75,1043.5
2024-06-09 15:00:00+00:00,1192.5,1031.25
2024-06-09 16:00:00+00:00,1174.0,885.25
2024-06-09 17:00:00+00:00,1237.5,807.5
2024-06-09 18:00:00+00:00,1155.0,778.0
2024-06-09 19:00:00+00:00,1011.5,692.25
2024-06-09 20:00:00+00:00,988.75,533.5
2024-06-09 21:00:00+00:00,985.75,582.75
2024-06-09 22:00:00+00:00,797.5,492.75
2024-06-09 23:00:00+00:00,714.25,374.25
2024-06-10 00:00:00+00:00,596.5,354.75
2024-06-10 01:00:00+00:00,661.25,250.0
2024-06-10 02:00:00+00:00,565.0,173.5
2024-06-10 03:00:00+00:00,284.5,138.0
2024-06-10 04:00:00+00:00,326.75,144.0
2024-06-10 05:00:00+00:00,677.25,179.25
2024-06-10 06:00:00+00:00,1065.25,327.0
2024-06-10 07:00:00+00:00,1083.25,492.0
2024-06-10 08:00:00+00:00,1273.25,650.75
2024-06-10 09:00:00+00:00,1339.5,717.0
2024-06-10 10:00:00+00:00,1603.0,825.25
2024-06-10 11:00:00+00:00,1214.5,761.75
2024-06-10 12:00:00+00:00,1956.25,1024.75
2024-06-10 13:00:00+00:00,2961.75,1125.0
2024-06-10 14:00:00+00:00,3058.0,1393.5
2024-06-10 15:00:00+00:00,3347.5,1709.5
2024-06-10 16:00:00+00:00,3491.75,1993.25
2024-06-10 17:00:00+00:00,3566.0,1902.0
2024-06-10 18:00:00+00:00,3785.0,1745.5
2024-06-10 19:00:00+00:00,3500.0,1617.25
2024-06-10 20:00:00+00:00,3564.5,1491.75
2024-06-10 21:00:00+00:00,2684.25,1587.0
2024-06-10 22:00:00+00:00,2778.75,1559.5
2024-06-10 23:00:00+00:00,2789.25,1428.75
2024-06-11 00:00:00+00:00,2597.25,1374.25
2024-06-11 01:00:00+00:00,2366.0,1328.0
2024-06-11 02:00:00+00:00,2412.5,1299.75
2024-06-11 03:00:00+00:00,2507.5,1193.25
2024-06-11 04:00:00+00:00,2470.75,1143.75
2024-06-11 05:00:00+00:00,2596.0,1211.0
2024-06-11 06:00:00+00:00,2310.75,1274.25
2024-06-11 07:00:00+00:00,1870.0,1271.5
2024-06-11 08:00:00+00:00,1611.5,1197.5
2024-06-11 09:00:00+00:00,1354.75,1141.5
2024-06-11 10:00:00+00:00,1383.75,1120.25
2024-06-11 11:00:00+00:00,1308.75,1040.5
2024-06-11 12:00:00+00:00,1250.75,881.75
2024-06-11 13:00:00+00:00,1144.0,976.0
2024-06-11 14:00:00+00:00,1730.75,899.5
2024-06-11 15:00:00+00:00,1679.75,1005.75
2024-06-11 16:00:00+00:00,1796.75,973.5
2024-06-11 17:00:00+00:00,1634.75,788.75
2024-06-11 18:00:00+00:00,1779.75,597.0
2024-06-11 19:00:00+00:00,1872.75,627.5
2024-06-11 20:00:00+00:00,1873.0,588.75
2024-06-11 21:00:00+00:00,1681.75,528.75
2024-06-11 22:00:00+00:00,1584.25,604.25
2024-06-11 23:00:00+00:00,1688.0,480.0
2024-06-12 00:00:00+00:00,1632.5,496.0
2024-06-12 01:00:00+00:00,1701.5,460.5
2024-06-12 02:00:00+00:00,1737.5,439.5
2024-06-12 03:00:00+00:00,1606.5,536.25
2024-06-12 04:00:00+00:00,1596.0,569.75
2024-06-12 05:00:00+00:00,2107.0,597.5
2024-06-12 06:00:00+00:00,1733.0,586.0
2024-06-12 07:00:00+00:00,1648.75,646.25
2024-06-12 08:00:00+00:00,1493.5,758.5
2024-06-12 09:00:00+00:00,1562.0,756.75
2024-06-12 10:00:00+00:00,1527.75,809.25
2024-06-12 11:00:00+00:00,1109.25,797.5
2024-06-12 12:00:00+00:00,1065.25,853.5
2024-06-12 13:00:00+00:00,1013.0,832.25
2024-06-12 14:00:00+00:00,1010.5,794.75
2024-06-12 15:00:00+00:00,969.25,796.0
2024-06-12 16:00:00+00:00,860.25,746.0
2024-06-12 17:00:00+00:00,689.75,575.5
2024-06-12 18:00:00+00:00,608.0,314.5
2024-06-12 19:00:00+00:00,498.25,266.5
2024-06-12 20:00:00+00:00,561.0,282.75
2024-06-12 21:00:00+00:00,388.5,299.0
2024-06-12 22:00:00+00:00,440.5,266.25
2024-06-12 23:00:00+00:00,461.5,283.75
2024-06-13 00:00:00+00:00,737.5,228.75
2024-06-13 01:00:00+00:00,1040.25,248.75
2024-06-13 02:00:00+00:00,1446.0,262.25
2024-06-13 03:00:00+00:00,1427.5,264.5
2024-06-13 04:00:00+00:00,1673.0,302.0
2024-06-13 05:00:00+00:00,1655.75,401.5
2024-06-13 06:00:00+00:00,1370.0,473.0
2024-06-13 07:00:00+00:00,1311.75,473.25
2024-06-13 08:00:00+00:00,1285.0,508.5
2024-06-13 09:00:00+00:00,1196.75,616.5
2024-06-13 10:00:00+00:00,1138.5,572.25
2024-06-13 11:00:00+00:00,1073.5,549.5
2024-06-13 12:00:00+00:00,800.25,529.25
2024-06-13 13:00:00+00:00,786.0,369.5
2024-06-13 14:00:00+00:00,730.5,282.0
2024-06-13 15:00:00+00:00,448.5,236.25
2024-06-13 16:00:00+00:00,296.25,183.0
2024-06-13 17:00:00+00:00,260.0,119.25
2024-06-13 18:00:00+00:00,276.0,56.25
2024-06-13 19:00:00+00:00,277.75,33.25
2024-06-13 20:00:00+00:00,230.25,33.0
2024-06-13 21:00:00+00:00,314.25,55.25
2024-06-13 22:00:00+00:00,815.5,97.0
2024-06-13 23:00:00+00:00,1234.25,211.75
2024-06-14 00:00:00+00:00,1922.0,324.25
2024-06-14 01:00:00+00:00,2268.75,385.75
2024-06-14 02:00:00+00:00,2591.0,390.5
2024-06-14 03:00:00+00:00,3083.5,560.75
2024-06-14 04:00:00+00:00,3326.25,710.25
2024-06-14 05:00:00+00:00,3202.5,1043.75
2024-06-14 06:00:00+00:00,3101.25,1084.75
2024-06-14 07:00:00+00:00,3124.0,1193.75
2024-06-14 08:00:00+00:00,3011.25,1293.5
2024-06-14 09:00:00+00:00,3077.5,1238.5
2024-06-14 10:00:00+00:00,3093.25,1189.75
2024-06-14 11:00:00+00:00,2620.0,1226.5
2024-06-14 12:00:00+00:00,2584.25,1085.5
2024-06-14 13:00:00+00:00,2305.0,842.0
2024-06-14 14:00:00+00:00,1881.0,742.0
2024-06-14 15:00:00+00:00,1327.25,693.25
2024-06-14 16:00:00+00:00,1080.75,605.75
2024-06-14 17:00:00+00:00,1012.25,423.75
2024-06-14 18:00:00+00:00,1067.75,347.25
2024-06-14 19:00:00+00:00,982.25,420.75
2024-06-14 20:00:00+00:00,869.5,374.75
2024-06-14 21:00:00+00:00,885.0,345.5
2024-06-14 22:00:00+00:00,687.0,301.25
2024-06-14 23:00:00+00:00,593.5,212.25
2024-06-15 00:00:00+00:00,611.0,215.0
2024-06-15 01:00:00+00:00,815.0,292.25
2024-06-15 02:00:00+00:00,1317.75,447.5
2024-06-15 03:00:00+00:00,1742.0,664.5
2024-06-15 04:00:00+00:00,2127.0,990.5
2024-06-15 05:00:00+00:00,2590.5,1441.5
2024-06-15 06:00:00+00:00,2575.75,1666.0
2024-06-15 07:00:00+00:00,2249.75,1532.25
2024-06-15 08:00:00+00:00,1549.5,1725.75
2024-06-15 09:00:00+00:00,1267.5,1629.0
2024-06-15 10:00:00+00:00,1023.5,1425.25
2024-06-15 11:00:00+00:00,918.75,1273.75
2024-06-15 12:00:00+00:00,1045.25,1342.0
2024-06-15 13:00:00+00:00,1171.25,1335.75
2024-06-15 14:00:00+00:00,1295.25,1559.25
2024-06-15 15:00:00+00:00,2447.75,1657.75
2024-06-15 16:00:00+00:00,2884.25,1712.25
2024-06-15 17:00:00+00:00,3560.75,1982.5
2024-06-15 18:00:00+00:00,3561.75,1938.75
2024-06-15 19:00:00+00:00,3609.25,1952.75
2024-06-15 20:00:00+00:00,3643.25,1882.25
2024-06-15 21:00:00+00:00,3614.0,1818.25
2024-06-15 22:00:00+00:00,3522.0,1787.25
2024-06-15 23:00:00+00:00,3500.25,1728.0
2024-06-16 00:00:00+00:00,3419.25,1654.5
2024-06-16 01:00:00+00:00,3352.75,1529.0
2024-06-16 02:00:00+00:00,3297.0,1437.0
2024-06-16 03:00:00+00:00,3253.5,1386.0
2024-06-16 04:00:00+00:00,3214.25,1354.75
2024-06-16 05:00:00+00:00,3056.75,1444.25
2024-06-16 06:00:00+00:00,2619.75,1160.25
2024-06-16 07:00:00+00:00,2597.25,1271.75
2024-06-16 08:00:00+00:00,2469.25,1257.75
2024-06-16 09:00:00+00:00,1515.75,1070.75
2024-06-16 10:00:00+00:00,1372.75,1133.25
2024-06-16 11:00:00+00:00,1373.5,981.25
2024-06-16 12:00:00+00:00,1931.75,863.75
2024-06-16 13:00:00+00:00,2466.75,919.5
2024-06-16 14:00:00+00:00,2311.5,835.0
2024-06-16 15:00:00+00:00,2167.75,805.75
2024-06-16 16:00:00+00:00,2711.25,818.5
2024-06-16 17:00:00+00:00,2569.0,756.5
2024-06-16 18:00:00+00:00,2613.25,613.0
2024-06-16 19:00:00+00:00,2148.25,418.75
2024-06-16 20:00:00+00:00,1975.25,381.75
2024-06-16 21:00:00+00:00,1946.25,381.0
2024-06-16 22:00:00+00:00,2109.75,378.0
2024-06-16 23:00:00+00:00,2265.5,422.5
2024-06-17 00:00:00+00:00,2435.5,605.25
2024-06-17 01:00:00+00:00,2358.5,647.75
2024-06-17 02:00:00+00:00,2102.5,640.5
2024-06-17 03:00:00+00:00,1862.25,637.25
2024-06-17 04:00:00+00:00,1759.5,644.25
2024-06-17 05:00:00+00:00,1561.0,567.25
2024-06-17 06:00:00+00:00,1384.75,511.25
2024-06-17 07:00:00+00:00,1162.25,511.25
2024-06-17 08:00:00+00:00,1028.5,536.5
2024-06-17 09:00:00+00:00,698.5,530.75
2024-06-17 10:00:00+00:00,487.5,525.25
2024-06-17 11:00:00+00:00,619.75,526.5
2024-06-17 12:00:00+00:00,618.75,488.5
2024-06-17 13:00:00+00:00,748.0,565.0
2024-06-17 14:00:00+00:00,573.75,621.5
2024-06-17 15:00:00+00:00,586.0,491.25
2024-06-17 16:00:00+00:00,633.25,466.5
2024-06-17 17:00:00+00:00,490.25,321.0
2024-06-17 18:00:00+00:00,429.0,212.25
2024-06-17 19:00:00+00:00,377.75,152.75
2024-06-17 20:00:00+00:00,248.5,100.0
2024-06-17 21:00:00+00:00,231.0,92.5
2024-06-17 22:00:00+00:00,250.75,96.25
2024-06-17 23:00:00+00:00,180.0,96.5
2024-06-18 00:00:00+00:00,147.75,112.25
2024-06-18 01:00:00+00:00,115.25,107.75
2024-06-18 02:00:00+00:00,42.5,87.25
2024-06-18 03:00:00+00:00,30.75,89.0
2024-06-18 04:00:00+00:00,8.0,92.5
2024-06-18 05:00:00+00:00,5.75,103.5
2024-06-18 06:00:00+00:00,0.25,115.75
2024-06-18 07:00:00+00:00,9.75,99.5
2024-06-18 08:00:00+00:00,12.5,105.75
2024-06-18 09:00:00+00:00,26.5,104.75
2024-06-18 10:00:00+00:00,55.75,114.25
2024-06-18 11:00:00+00:00,60.5,124.5
2024-06-18 12:00:00+00:00,40.75,120.5
2024-06-18 13:00:00+00:00,62.75,111.25
2024-06-18 14:00:00+00:00,86.0,116.0
2024-06-18 15:00:00+00:00,170.5,133.75
2024-06-18 16:00:00+00:00,273.0,187.5
2024-06-18 17:00:00+00:00,378.5,180.75
2024-06-18 18:00:00+00:00,518.0,155.25
2024-06-18 19:00:00+00:00,587.5,159.25
2024-06-18 20:00:00+00:00,615.0,173.25
2024-06-18 21:00:00+00:00,624.25,246.5
2024-06-18 22:00:00+00:00,684.75,318.25
2024-06-18 23:00:00+00:00,772.5,412.75
2024-06-19 00:00:00+00:00,794.0,435.25
2024-06-19 01:00:00+00:00,799.75,428.5
2024-06-19 02:00:00+00:00,768.75,402.25
2024-06-19 03:00:00+00:00,858.5,354.75
2024-06-19 04:00:00+00:00,1249.5,417.5
2024-06-19 05:00:00+00:00,1372.0,385.0
2024-06-19 06:00:00+00:00,1254.75,384.0
2024-06-19 07:00:00+00:00,1365.75,448.0
2024-06-19 08:00:00+00:00,1448.25,424.0
2024-06-19 09:00:00+00:00,1356.75,392.0
2024-06-19 10:00:00+00:00,1153.0,389.25
2024-06-19 11:00:00+00:00,1071.75,447.75
2024-06-19 12:00:00+00:00,1175.5,586.75
2024-06-19 13:00:00+00:00,1111.0,671.0
2024-06-19 14:00:00+00:00,958.25,708.5
2024-06-19 15:00:00+00:00,1124.5,609.5
2024-06-19 16:00:00+00:00,1033.75,548.0
2024-06-19 17:00:00+00:00,975.5,475.75
2024-06-19 18:00:00+00:00,1135.5,437.25
2024-06-19 19:00:00+00:00,811.0,357.25
2024-06-19 20:00:00+00:00,613.25,329.0
2024-06-19 21:00:00+00:00,426.0,265.5
2024-06-19 22:00:00+00:00,389.25,303.25
2024-06-19 23:00:00+00:00,309.5,264.0
2024-06-20 00:00:00+00:00,217.25,230.25
2024-06-20 01:00:00+00:00,262.75,211.5
2024-06-20 02:00:00+00:00,238.0,240.5
2024-06-20 03:00:00+00:00,289.75,275.0
2024-06-20 04:00:00+00:00,402.0,307.5
2024-06-20 05:00:00+00:00,305.5,322.25
2024-06-20 06:00:00+00:00,290.0,183.0
2024-06-20 07:00:00+00:00,371.5,170.5
2024-06-20 08:00:00+00:00,447.75,224.0
2024-06-20 09:00:00+00:00,450.75,245.75
2024-06-20 10:00:00+00:00,368.5,228.5
2024-06-20 11:00:00+00:00,319.75,215.25
2024-06-20 12:00:00+00:00,596.25,223.25
2024-06-20 13:00:00+00:00,717.0,300.75
2024-06-20 14:00:00+00:00,877.5,385.75
2024-06-20 15:00:00+00:00,1007.75,396.0
2024-06-20 16:00:00+00:00,790.5,361.25
2024-06-20 17:00:00+00:00,655.0,331.25
2024-06-20 18:00:00+00:00,833.5,247.0
2024-06-20 19:00:00+00:00,782.0,295.25
2024-06-20 20:00:00+00:00,640.5,366.75
2024-06-20 21:00:00+00:00,654.75,373.25
2024-06-20 22:00:00+00:00,508.25,395.25
2024-06-20 23:00:00+00:00,268.25,274.5
2024-06-21 00:00:00+00:00,135.25,288.5
2024-06-21 01:00:00+00:00,76.5,275.75
2024-06-21 02:00:00+00:00,49.75,279.75
2024-06-21 03:00:00+00:00,78.0,316.0
2024-06-21 04:00:00+00:00,88.5,271.25
2024-06-21 05:00:00+00:00,76.75,206.75
2024-06-21 06:00:00+00:00,91.25,159.0
2024-06-21 07:00:00+00:00,107.5,174.75
2024-06-21 08:00:00+00:00,121.25,176.25
2024-06-21 09:00:00+00:00,172.25,174.75
2024-06-21 10:00:00+00:00,264.75,242.0
2024-06-21 11:00:00+00:00,273.75,272.5
2024-06-21 12:00:00+00:00,214.0,238.0
2024-06-21 13:00:00+00:00,209.25,255.75
2024-06-21 14:00:00+00:00,150.5,231.75
2024-06-21 15:00:00+00:00,153.25,260.0
2024-06-21 16:00:00+00:00,229.75,311.75
2024-06-21 17:00:00+00:00,246.25,299.25
2024-06-21 18:00:00+00:00,743.5,291.75
2024-06-21 19:00:00+00:00,1076.0,276.5
2024-06-21 20:00:00+00:00,984.75,396.75
2024-06-21 21:00:00+00:00,966.5,581.75
2024-06-21 22:00:00+00:00,1344.0,583.0
2024-06-21 23:00:00+00:00,1712.0,581.5
2024-06-22 00:00:00+00:00,2275.0,643.0
2024-06-22 01:00:00+00:00,2492.25,724.25
2024-06-22 02:00:00+00:00,2684.25,742.75
2024-06-22 03:00:00+00:00,2595.5,793.0
2024-06-22 04:00:00+00:00,2138.75,799.75
2024-06-22 05:00:00+00:00,1767.5,778.0
2024-06-22 06:00:00+00:00,1337.0,829.0
2024-06-22 07:00:00+00:00,1219.0,839.0
2024-06-22 08:00:00+00:00,757.25,783.75
2024-06-22 09:00:00+00:00,403.0,744.75
2024-06-22 10:00:00+00:00,372.5,647.0
2024-06-22 11:00:00+00:00,310.25,624.0
2024-06-22 12:00:00+00:00,283.75,572.25
2024-06-22 13:00:00+00:00,295.5,648.0
2024-06-22 14:00:00+00:00,288.0,494.0
2024-06-22 15:00:00+00:00,366.75,414.75
2024-06-22 16:00:00+00:00,399.75,390.0
2024-06-22 17:00:00+00:00,423.5,369.75
2024-06-22 18:00:00+00:00,449.75,270.25
2024-06-22 19:00:00+00:00,427.5,197.75
2024-06-22 20:00:00+00:00,384.25,184.5
2024-06-22 21:00:00+00:00,298.0,152.25
2024-06-22 22:00:00+00:00,364.75,175.75
2024-06-22 23:00:00+00:00,386.5,189.0
2024-06-23 00:00:00+00:00,334.25,230.25
2024-06-23 01:00:00+00:00,234.0,222.0
2024-06-23 02:00:00+00:00,199.25,173.0
2024-06-23 03:00:00+00:00,141.25,183.0
2024-06-23 04:00:00+00:00,98.0,193.0
2024-06-23 05:00:00+00:00,96.5,173.5
2024-06-23 06:00:00+00:00,101.75,144.5
2024-06-23 07:00:00+00:00,75.0,147.5
2024-06-23 08:00:00+00:00,85.5,159.25
2024-06-23 09:00:00+00:00,95.0,164.25
2024-06-23 10:00:00+00:00,131.75,170.0
2024-06-23 11:00:00+00:00,194.25,160.25
2024-06-23 12:00:00+00:00,170.0,226.0
2024-06-23 13:00:00+00:00,111.0,297.0
2024-06-23 14:00:00+00:00,115.25,355.5
2024-06-23 15:00:00+00:00,81.0,394.0
2024-06-23 16:00:00+00:00,55.75,370.5
2024-06-23 17:00:00+00:00,34.5,277.75
2024-06-23 18:00:00+00:00,0.0,181.75
2024-06-23 19:00:00+00:00,5.5,125.0
2024-06-23 20:00:00+00:00,3.75,89.5
2024-06-23 21:00:00+00:00,0.0,78.75
2024-06-23 22:00:00+00:00,0.0,78.0
2024-06-23 23:00:00+00:00,0.0,79.0
2024-06-24 00:00:00+00:00,0.0,78.5
2024-06-24 01:00:00+00:00,0.0,77.25
2024-06-24 02:00:00+00:00,0.0,74.75
2024-06-24 03:00:00+00:00,0.0,76.0
2024-06-24 04:00:00+00:00,0.0,83.0
2024-06-24 05:00:00+00:00,0.0,99.25
2024-06-24 06:00:00+00:00,0.0,115.75
2024-06-24 07:00:00+00:00,0.0,121.25
2024-06-24 08:00:00+00:00,0.0,143.25
2024-06-24 09:00:00+00:00,0.0,141.25
2024-06-24 10:00:00+00:00,0.0,130.5
2024-06-24 11:00:00+00:00,0.0,144.75
2024-06-24 12:00:00+00:00,3.5,150.0
2024-06-24 13:00:00+00:00,28.25,159.75
2024-06-24 14:00:00+00:00,66.75,174.75
2024-06-24 15:00:00+00:00,100.25,202.75
2024-06-24 16:00:00+00:00,127.0,241.75
2024-06-24 17:00:00+00:00,163.25,259.75
2024-06-24 18:00:00+00:00,270.0,258.0
2024-06-24 19:00:00+00:00,368.75,342.25
2024-06-24 20:00:00+00:00,420.5,431.75
2024-06-24 21:00:00+00:00,587.75,490.25
2024-06-24 22:00:00+00:00,684.25,552.0
2024-06-24 23:00:00+00:00,686.5,559.5
2024-06-25 00:00:00+00:00,731.0,526.0
2024-06-25 01:00:00+00:00,660.0,453.5
2024-06-25 02:00:00+00:00,537.0,434.5
2024-06-25 03:00:00+00:00,555.0,371.25
2024-06-25 04:00:00+00:00,414.0,325.75
2024-06-25 05:00:00+00:00,369.0,245.0
2024-06-25 06:00:00+00:00,232.25,147.25
2024-06-25 07:00:00+00:00,89.75,129.25
2024-06-25 08:00:00+00:00,58.5,147.0
2024-06-25 09:00:00+00:00,84.0,189.5
2024-06-25 10:00:00+00:00,188.5,217.25
2024-06-25 11:00:00+00:00,326.75,271.0
2024-06-25 12:00:00+00:00,598.5,299.0
2024-06-25 13:00:00+00:00,975.25,483.25
2024-06-25 14:00:00+00:00,1346.0,497.75
2024-06-25 15:00:00+00:00,1884.5,484.0
2024-06-25 16:00:00+00:00,2084.0,462.5
2024-06-25 17:00:00+00:00,1915.25,462.0
2024-06-25 18:00:00+00:00,1800.0,469.0
2024-06-25 19:00:00+00:00,1846.0,510.5
2024-06-25 20:00:00+00:00,1727.25,769.0
2024-06-25 21:00:00+00:00,1631.0,993.75
2024-06-25 22:00:00+00:00,1352.5,938.25
2024-06-25 23:00:00+00:00,1166.25,722.5
2024-06-26 00:00:00+00:00,1006.5,553.5
2024-06-26 01:00:00+00:00,909.25,498.5
2024-06-26 02:00:00+00:00,674.25,492.25
2024-06-26 03:00:00+00:00,566.5,432.25
2024-06-26 04:00:00+00:00,489.5,409.5
2024-06-26 05:00:00+00:00,323.5,267.0
2024-06-26 06:00:00+00:00,206.0,113.75
2024-06-26 07:00:00+00:00,149.0,101.75
2024-06-26 08:00:00+00:00,106.25,148.75
2024-06-26 09:00:00+00:00,141.75,231.5
2024-06-26 10:00:00+00:00,220.0,263.5
2024-06-26 11:00:00+00:00,270.5,220.0
2024-06-26 12:00:00+00:00,227.5,222.0
2024-06-26 13:00:00+00:00,215.0,207.5
2024-06-26 14:00:00+00:00,270.5,225.25
2024-06-26 15:00:00+00:00,338.0,227.75
2024-06-26 16:00:00+00:00,415.0,262.0
2024-06-26 17:00:00+00:00,413.5,291.75
2024-06-26 18:00:00+00:00,323.0,275.25
2024-06-26 19:00:00+00:00,241.5,355.75
2024-06-26 20:00:00+00:00,166.75,395.75
2024-06-26 21:00:00+00:00,107.0,385.5
2024-06-26 22:00:00+00:00,92.0,380.25
2024-06-26 23:00:00+00:00,127.5,324.0
2024-06-27 00:00:00+00:00,160.0,242.5
2024-06-27 01:00:00+00:00,242.0,200.5
2024-06-27 02:00:00+00:00,373.75,191.5
2024-06-27 03:00:00+00:00,576.25,198.25
2024-06-27 04:00:00+00:00,469.5,304.25
2024-06-27 05:00:00+00:00,664.25,249.25
2024-06-27 06:00:00+00:00,425.25,120.75
2024-06-27 07:00:00+00:00,367.75,103.25
2024-06-27 08:00:00+00:00,635.25,101.0
2024-06-27 09:00:00+00:00,680.0,126.0
2024-06-27 10:00:00+00:00,870.5,296.75
2024-06-27 11:00:00+00:00,1083.5,588.5
2024-06-27 12:00:00+00:00,1454.25,562.25
2024-06-27 13:00:00+00:00,2131.5,435.5
2024-06-27 14:00:00+00:00,2634.5,297.0
2024-06-27 15:00:00+00:00,3096.5,306.5
2024-06-27 16:00:00+00:00,3060.25,466.0
2024-06-27 17:00:00+00:00,3071.25,811.25
2024-06-27 18:00:00+00:00,3268.75,776.75
2024-06-27 19:00:00+00:00,3250.25,873.5
2024-06-27 20:00:00+00:00,3006.0,857.25
2024-06-27 21:00:00+00:00,2907.25,735.75
2024-06-27 22:00:00+00:00,2421.5,809.25
2024-06-27 23:00:00+00:00,1643.5,968.25
2024-06-28 00:00:00+00:00,1786.5,1150.0
2024-06-28 01:00:00+00:00,2190.25,1132.75
2024-06-28 02:00:00+00:00,2044.75,1009.25
2024-06-28 03:00:00+00:00,2152.75,872.75
2024-06-28 04:00:00+00:00,2376.0,900.0
2024-06-28 05:00:00+00:00,2250.5,1000.25
2024-06-28 06:00:00+00:00,1973.25,1075.0
2024-06-28 07:00:00+00:00,2052.5,1075.5
2024-06-28 08:00:00+00:00,1728.75,1001.75
2024-06-28 09:00:00+00:00,1549.0,827.0
2024-06-28 10:00:00+00:00,1746.75,1017.25
2024-06-28 11:00:00+00:00,1522.5,903.25
2024-06-28 12:00:00+00:00,1150.25,818.25
2024-06-28 13:00:00+00:00,1570.5,741.5
2024-06-28 14:00:00+00:00,1713.5,867.75
2024-06-28 15:00:00+00:00,1584.75,1087.0
2024-06-28 16:00:00+00:00,1343.25,955.5
2024-06-28 17:00:00+00:00,1234.25,657.5
2024-06-28 18:00:00+00:00,1047.5,358.75
2024-06-28 19:00:00+00:00,1104.75,193.0
2024-06-28 20:00:00+00:00,947.75,160.5
2024-06-28 21:00:00+00:00,833.5,160.75
2024-06-28 22:00:00+00:00,702.75,123.75
2024-06-28 23:00:00+00:00,502.0,112.0
2024-06-29 00:00:00+00:00,243.0,91.5
2024-06-29 01:00:00+00:00,70.25,59.75
2024-06-29 02:00:00+00:00,31.0,46.25
2024-06-29 03:00:00+00:00,52.0,54.5
2024-06-29 04:00:00+00:00,151.75,79.75
2024-06-29 05:00:00+00:00,147.0,100.5
2024-06-29 06:00:00+00:00,100.0,90.5
2024-06-29 07:00:00+00:00,128.25,105.75
2024-06-29 08:00:00+00:00,82.5,126.5
2024-06-29 09:00:00+00:00,35.0,122.75
2024-06-29 10:00:00+00:00,18.25,128.5
2024-06-29 11:00:00+00:00,1.75,137.0
2024-06-29 12:00:00+00:00,1.0,165.0
2024-06-29 13:00:00+00:00,7.0,204.75
2024-06-29 14:00:00+00:00,26.75,235.25
2024-06-29 15:00:00+00:00,84.75,314.25
2024-06-29 16:00:00+00:00,138.5,363.25
2024-06-29 17:00:00+00:00,161.25,360.25
2024-06-29 18:00:00+00:00,449.5,434.0
2024-06-29 19:00:00+00:00,687.0,496.0
2024-06-29 20:00:00+00:00,605.0,715.25
2024-06-29 21:00:00+00:00,620.0,589.5
2024-06-29 22:00:00+00:00,466.0,390.75
2024-06-29 23:00:00+00:00,372.75,272.0
2024-06-30 00:00:00+00:00,481.75,289.75
2024-06-30 01:00:00+00:00,691.25,322.0
2024-06-30 02:00:00+00:00,1214.25,360.25
2024-06-30 03:00:00+00:00,1328.75,468.0
2024-06-30 04:00:00+00:00,1208.75,539.0
2024-06-30 05:00:00+00:00,961.0,521.75
2024-06-30 06:00:00+00:00,697.5,508.25
2024-06-30 07:00:00+00:00,544.5,515.0
2024-06-30 08:00:00+00:00,372.0,454.75
2024-06-30 09:00:00+00:00,262.0,518.25
2024-06-30 10:00:00+00:00,323.0,513.5
2024-06-30 11:00:00+00:00,262.0,523.75
2024-06-30 12:00:00+00:00,228.5,483.0
2024-06-30 13:00:00+00:00,199.75,603.25
2024-06-30 14:00:00+00:00,233.25,608.25
2024-06-30 15:00:00+00:00,613.5,387.25
2024-06-30 16:00:00+00:00,628.0,268.5
2024-06-30 17:00:00+00:00,606.75,304.0
2024-06-30 18:00:00+00:00,788.75,318.0
2024-06-30 19:00:00+00:00,1005.5,326.0
2024-06-30 20:00:00+00:00,1201.75,398.0
2024-06-30 21:00:00+00:00,1402.0,509.25
2024-06-30 22:00:00+00:00,1260.25,569.0
2024-06-30 23:00:00+00:00,1133.5,584.5
2024-07-01 00:00:00+00:00,1160.5,604.25
2024-07-01 01:00:00+00:00,1454.75,681.5
2024-07-01 02:00:00+00:00,1461.75,734.5
2024-07-01 03:00:00+00:00,1196.25,683.25
2024-07-01 04:00:00+00:00,855.75,550.5
2024-07-01 05:00:00+00:00,900.75,439.75
2024-07-01 06:00:00+00:00,925.5,650.75
2024-07-01 07:00:00+00:00,803.25,842.75
2024-07-01 08:00:00+00:00,892.75,833.25
2024-07-01 09:00:00+00:00,775.75,951.5
2024-07-01 10:00:00+00:00,593.75,765.0
2024-07-01 11:00:00+00:00,507.75,760.75
2024-07-01 12:00:00+00:00,721.5,769.25
2024-07-01 13:00:00+00:00,841.0,770.0
2024-07-01 14:00:00+00:00,720.5,742.25
2024-07-01 15:00:00+00:00,903.0,797.0
2024-07-01 16:00:00+00:00,1216.75,915.5
2024-07-01 17:00:00+00:00,1437.75,973.75
2024-07-01 18:00:00+00:00,1614.25,1004.5
2024-07-01 19:00:00+00:00,1627.25,799.0
2024-07-01 20:00:00+00:00,1741.75,751.5
2024-07-01 21:00:00+00:00,1365.25,826.5
2024-07-01 22:00:00+00:00,1103.0,923.5
2024-07-01 23:00:00+00:00,1194.0,848.25
2024-07-02 00:00:00+00:00,1195.5,800.5
2024-07-02 01:00:00+00:00,1366.75,818.75
2024-07-02 02:00:00+00:00,1172.5,595.75
2024-07-02 03:00:00+00:00,1511.75,423.75
2024-07-02 04:00:00+00:00,1641.25,373.75
2024-07-02 05:00:00+00:00,1591.5,563.0
2024-07-02 06:00:00+00:00,1535.0,589.0
2024-07-02 07:00:00+00:00,1836.5,644.0
2024-07-02 08:00:00+00:00,1802.25,701.25
2024-07-02 09:00:00+00:00,1841.75,749.25
2024-07-02 10:00:00+00:00,2055.75,948.25
2024-07-02 11:00:00+00:00,1872.0,925.0
2024-07-02 12:00:00+00:00,1503.25,912.0
2024-07-02 13:00:00+00:00,1167.75,810.25
2024-07-02 14:00:00+00:00,1096.5,845.0
2024-07-02 15:00:00+00:00,1343.25,887.0
2024-07-02 16:00:00+00:00,1238.25,795.75
2024-07-02 17:00:00+00:00,1090.75,756.5
2024-07-02 18:00:00+00:00,905.75,705.75
2024-07-02 19:00:00+00:00,691.0,479.0
2024-07-02 20:00:00+00:00,664.75,381.25
2024-07-02 21:00:00+00:00,706.5,383.25
2024-07-02 22:00:00+00:00,658.0,377.25
2024-07-02 23:00:00+00:00,651.5,463.25
2024-07-03 00:00:00+00:00,802.75,397.5
2024-07-03 01:00:00+00:00,978.5,397.75
2024-07-03 02:00:00+00:00,1208.75,402.75
2024-07-03 03:00:00+00:00,1525.0,368.75
2024-07-03 04:00:00+00:00,1637.0,411.25
2024-07-03 05:00:00+00:00,1843.5,512.75
2024-07-03 06:00:00+00:00,1790.0,608.25
2024-07-03 07:00:00+00:00,1319.5,759.25
2024-07-03 08:00:00+00:00,1032.25,848.5
2024-07-03 09:00:00+00:00,943.5,745.25
2024-07-03 10:00:00+00:00,669.0,700.75
2024-07-03 11:00:00+00:00,427.0,504.5
2024-07-03 12:00:00+00:00,434.25,375.0
2024-07-03 13:00:00+00:00,575.0,342.0
2024-07-03 14:00:00+00:00,926.25,443.25
2024-07-03 15:00:00+00:00,2027.75,477.75
2024-07-03 16:00:00+00:00,2290.25,473.0
2024-07-03 17:00:00+00:00,2748.25,453.25
2024-07-03 18:00:00+00:00,3182.25,466.5
2024-07-03 19:00:00+00:00,3377.75,776.5
2024-07-03 20:00:00+00:00,3425.5,1215.5
2024-07-03 21:00:00+00:00,3458.0,1378.25
2024-07-03 22:00:00+00:00,3498.5,1457.0
2024-07-03 23:00:00+00:00,3769.0,1438.5
2024-07-04 00:00:00+00:00,3739.0,1560.5
2024-07-04 01:00:00+00:00,3659.25,1681.25
2024-07-04 02:00:00+00:00,3273.75,1745.5
2024-07-04 03:00:00+00:00,3288.5,1768.75
2024-07-04 04:00:00+00:00,3674.0,1692.0
2024-07-04 05:00:00+00:00,3140.25,1747.25
2024-07-04 06:00:00+00:00,3104.75,1665.75
2024-07-04 07:00:00+00:00,2594.25,1655.25
2024-07-04 08:00:00+00:00,2126.75,1221.0
2024-07-04 09:00:00+00:00,1661.0,1123.25
2024-07-04 10:00:00+00:00,1500.0,1138.75
2024-07-04 11:00:00+00:00,1269.75,959.75
2024-07-04 12:00:00+00:00,1132.25,877.75
2024-07-04 13:00:00+00:00,934.75,976.0
2024-07-04 14:00:00+00:00,1244.75,1142.75
2024-07-04 15:00:00+00:00,1664.75,1234.0
2024-07-04 16:00:00+00:00,2460.75,1148.25
2024-07-04 17:00:00+00:00,3279.25,1400.75
2024-07-04 18:00:00+00:00,3350.5,1365.5
2024-07-04 19:00:00+00:00,3538.0,1394.75
2024-07-04 20:00:00+00:00,3326.5,1450.5
2024-07-04 21:00:00+00:00,3073.5,1475.75
2024-07-04 22:00:00+00:00,2789.0,1498.0
2024-07-04 23:00:00+00:00,2714.25,1599.75
2024-07-05 00:00:00+00:00,2929.5,1569.25
2024-07-05 01:00:00+00:00,3171.0,1574.0
2024-07-05 02:00:00+00:00,3264.25,1510.5
2024-07-05 03:00:00+00:00,3237.5,1391.75
2024-07-05 04:00:00+00:00,3016.0,1300.75
2024-07-05 05:00:00+00:00,2763.5,1190.75
2024-07-05 06:00:00+00:00,2629.75,1192.75
2024-07-05 07:00:00+00:00,2885.0,1262.75
2024-07-05 08:00:00+00:00,2735.25,1257.25
2024-07-05 09:00:00+00:00,2871.0,1314.25
2024-07-05 10:00:00+00:00,2921.25,1455.25
2024-07-05 11:00:00+00:00,2830.75,1376.25
2024-07-05 12:00:00+00:00,2711.0,1199.25
2024-07-05 13:00:00+00:00,3149.5,1133.0
2024-07-05 14:00:00+00:00,3215.5,1160.75
2024-07-05 15:00:00+00:00,3297.75,1182.5
2024-07-05 16:00:00+00:00,3095.25,1164.75
2024-07-05 17:00:00+00:00,3010.5,1080.25
2024-07-05 18:00:00+00:00,3034.0,987.25
2024-07-05 19:00:00+00:00,3039.5,817.25
2024-07-05 20:00:00+00:00,2807.75,841.75
2024-07-05 21:00:00+00:00,2484.0,850.25
2024-07-05 22:00:00+00:00,2345.25,901.0
2024-07-05 23:00:00+00:00,2468.0,931.5
2024-07-06 00:00:00+00:00,2567.25,1005.25
2024-07-06 01:00:00+00:00,3002.0,974.25
2024-07-06 02:00:00+00:00,3431.25,916.0
2024-07-06 03:00:00+00:00,3430.5,874.5
2024-07-06 04:00:00+00:00,3101.0,1017.5
2024-07-06 05:00:00+00:00,3075.0,1106.75
2024-07-06 06:00:00+00:00,3162.25,1145.75
2024-07-06 07:00:00+00:00,3499.25,1211.75
2024-07-06 08:00:00+00:00,3010.5,1267.0
2024-07-06 09:00:00+00:00,2801.5,1471.25
2024-07-06 10:00:00+00:00,2205.75,1565.75
2024-07-06 11:00:00+00:00,1555.5,1418.25
2024-07-06 12:00:00+00:00,1401.0,1261.25
2024-07-06 13:00:00+00:00,1325.5,1162.75
2024-07-06 14:00:00+00:00,1748.5,1166.75
2024-07-06 15:00:00+00:00,2509.25,1607.25
2024-07-06 16:00:00+00:00,2897.75,1790.25
2024-07-06 17:00:00+00:00,2929.75,1774.75
2024-07-06 18:00:00+00:00,3562.25,1891.5
2024-07-06 19:00:00+00:00,3182.0,1739.0
2024-07-06 20:00:00+00:00,2756.75,1518.75
2024-07-06 21:00:00+00:00,2697.5,1440.25
2024-07-06 22:00:00+00:00,2914.5,1472.5
2024-07-06 23:00:00+00:00,2724.25,1490.5
2024-07-07 00:00:00+00:00,2666.5,1331.75
2024-07-07 01:00:00+00:00,2572.25,1310.5
2024-07-07 02:00:00+00:00,2252.0,1321.75
2024-07-07 03:00:00+00:00,2154.0,1149.5
2024-07-07 04:00:00+00:00,2124.75,985.5
2024-07-07 05:00:00+00:00,1742.25,834.5
2024-07-07 06:00:00+00:00,1416.75,708.5
2024-07-07 07:00:00+00:00,1332.5,647.75
2024-07-07 08:00:00+00:00,1085.75,740.0
2024-07-07 09:00:00+00:00,1146.0,824.75
2024-07-07 10:00:00+00:00,1304.0,872.75
2024-07-07 11:00:00+00:00,1463.0,828.75
2024-07-07 12:00:00+00:00,1478.75,820.75
2024-07-07 13:00:00+00:00,1558.75,646.75
2024-07-07 14:00:00+00:00,2332.25,670.25
2024-07-07 15:00:00+00:00,2230.25,653.25
2024-07-07 16:00:00+00:00,2965.0,745.5
2024-07-07 17:00:00+00:00,3263.5,527.75
2024-07-07 18:00:00+00:00,3389.5,500.25
2024-07-07 19:00:00+00:00,3391.0,400.25
2024-07-07 20:00:00+00:00,3370.5,748.5
2024-07-07 21:00:00+00:00,3355.25,796.0
2024-07-07 22:00:00+00:00,3150.25,953.0
2024-07-07 23:00:00+00:00,2771.75,1053.25
2024-07-08 00:00:00+00:00,2211.5,982.75
2024-07-08 01:00:00+00:00,1805.25,812.5
2024-07-08 02:00:00+00:00,1408.5,682.25
2024-07-08 03:00:00+00:00,1057.75,513.5
2024-07-08 04:00:00+00:00,908.25,368.75
2024-07-08 05:00:00+00:00,584.0,333.75
2024-07-08 06:00:00+00:00,383.5,301.5
2024-07-08 07:00:00+00:00,307.5,291.25
2024-07-08 08:00:00+00:00,313.5,304.75
2024-07-08 09:00:00+00:00,259.75,278.5
2024-07-08 10:00:00+00:00,257.0,269.75
2024-07-08 11:00:00+00:00,246.25,232.25
2024-07-08 12:00:00+00:00,200.75,235.0
2024-07-08 13:00:00+00:00,89.75,171.75
2024-07-08 14:00:00+00:00,29.75,132.25
2024-07-08 15:00:00+00:00,2.25,87.25
2024-07-08 16:00:00+00:00,0.0,77.0
2024-07-08 17:00:00+00:00,18.0,64.75
2024-07-08 18:00:00+00:00,60.75,69.0
2024-07-08 19:00:00+00:00,174.5,99.5
2024-07-08 20:00:00+00:00,345.25,197.75
2024-07-08 21:00:00+00:00,635.5,306.75
2024-07-08 22:00:00+00:00,960.0,387.0
2024-07-08 23:00:00+00:00,1126.75,437.25
2024-07-09 00:00:00+00:00,928.75,455.25
2024-07-09 01:00:00+00:00,788.5,477.5
2024-07-09 02:00:00+00:00,1006.5,477.25
2024-07-09 03:00:00+00:00,1479.5,541.5
2024-07-09 04:00:00+00:00,1820.5,568.25
2024-07-09 05:00:00+00:00,1882.75,555.75
2024-07-09 06:00:00+00:00,1602.25,437.5
2024-07-09 07:00:00+00:00,1146.5,336.5
2024-07-09 08:00:00+00:00,954.25,255.0
2024-07-09 09:00:00+00:00,737.0,227.5
2024-07-09 10:00:00+00:00,433.0,279.0
2024-07-09 11:00:00+00:00,383.75,304.75
2024-07-09 12:00:00+00:00,382.25,271.25
2024-07-09 13:00:00+00:00,304.75,313.25
2024-07-09 14:00:00+00:00,493.5,327.75
2024-07-09 15:00:00+00:00,385.75,360.25
2024-07-09 16:00:00+00:00,711.75,410.75
2024-07-09 17:00:00+00:00,277.5,237.25
2024-07-09 18:00:00+00:00,193.5,786.75
2024-07-09 19:00:00+00:00,126.75,714.25
2024-07-09 20:00:00+00:00,187.0,345.5
2024-07-09 21:00:00+00:00,558.0,381.25
2024-07-09 22:00:00+00:00,841.5,309.25
2024-07-09 23:00:00+00:00,1070.75,547.25
2024-07-10 00:00:00+00:00,1271.25,459.25
2024-07-10 01:00:00+00:00,1508.25,537.25
2024-07-10 02:00:00+00:00,1471.0,513.5
2024-07-10 03:00:00+00:00,1743.25,509.5
2024-07-10 04:00:00+00:00,1720.75,555.75
2024-07-10 05:00:00+00:00,1595.0,615.5
2024-07-10 06:00:00+00:00,1597.25,554.75
2024-07-10 07:00:00+00:00,1964.25,509.75
2024-07-10 08:00:00+00:00,1937.25,581.75
2024-07-10 09:00:00+00:00,2189.25,681.75
2024-07-10 10:00:00+00:00,2113.5,684.25
2024-07-10 11:00:00+00:00,2364.5,737.5
2024-07-10 12:00:00+00:00,2814.75,852.25
2024-07-10 13:00:00+00:00,2750.0,1047.75
2024-07-10 14:00:00+00:00,3080.0,1153.5
2024-07-10 15:00:00+00:00,3551.0,1078.0
2024-07-10 16:00:00+00:00,3784.75,955.75
2024-07-10 17:00:00+00:00,3833.25,1063.0
2024-07-10 18:00:00+00:00,3663.25,942.25
2024-07-10 19:00:00+00:00,3531.0,643.75
2024-07-10 20:00:00+00:00,3145.25,626.75
2024-07-10 21:00:00+00:00,2847.75,649.5
2024-07-10 22:00:00+00:00,2614.0,634.25
2024-07-10 23:00:00+00:00,2389.0,767.0
2024-07-11 00:00:00+00:00,2042.75,895.75
2024-07-11 01:00:00+00:00,1748.25,893.75
2024-07-11 02:00:00+00:00,1327.75,788.25
2024-07-11 03:00:00+00:00,1032.5,700.25
2024-07-11 04:00:00+00:00,816.0,629.0
2024-07-11 05:00:00+00:00,939.25,595.0
2024-07-11 06:00:00+00:00,920.5,536.5
2024-07-11 07:00:00+00:00,729.25,526.0
2024-07-11 08:00:00+00:00,645.25,496.0
2024-07-11 09:00:00+00:00,479.0,491.0
2024-07-11 10:00:00+00:00,474.0,548.0
2024-07-11 11:00:00+00:00,454.0,541.5
2024-07-11 12:00:00+00:00,444.25,497.75
2024-07-11 13:00:00+00:00,311.75,475.5
2024-07-11 14:00:00+00:00,202.5,415.75
2024-07-11 15:00:00+00:00,91.5,319.75
2024-07-11 16:00:00+00:00,75.25,251.25
2024-07-11 17:00:00+00:00,94.0,198.0
2024-07-11 18:00:00+00:00,138.75,134.0
2024-07-11 19:00:00+00:00,176.75,119.75
2024-07-11 20:00:00+00:00,234.5,97.25
2024-07-11 21:00:00+00:00,271.75,105.5
2024-07-11 22:00:00+00:00,514.25,135.75
2024-07-11 23:00:00+00:00,740.5,150.75
2024-07-12 00:00:00+00:00,787.75,190.25
2024-07-12 01:00:00+00:00,995.0,230.5
2024-07-12 02:00:00+00:00,1129.75,244.75
2024-07-12 03:00:00+00:00,1266.25,314.0
2024-07-12 04:00:00+00:00,1483.75,378.5
2024-07-12 05:00:00+00:00,1704.25,390.75
2024-07-12 06:00:00+00:00,1879.0,433.0
2024-07-12 07:00:00+00:00,1943.0,565.0
2024-07-12 08:00:00+00:00,1834.5,643.25
2024-07-12 09:00:00+00:00,1961.0,593.0
2024-07-12 10:00:00+00:00,1964.5,704.75
2024-07-12 11:00:00+00:00,1772.25,939.5
2024-07-12 12:00:00+00:00,1810.5,912.25
2024-07-12 13:00:00+00:00,1811.75,876.75
2024-07-12 14:00:00+00:00,1696.25,903.5
2024-07-12 15:00:00+00:00,1965.75,881.25
2024-07-12 16:00:00+00:00,2251.75,807.5
2024-07-12 17:00:00+00:00,2327.0,706.25
2024-07-12 18:00:00+00:00,2075.25,732.75
2024-07-12 19:00:00+00:00,1879.5,758.25
2024-07-12 20:00:00+00:00,1697.25,760.5
2024-07-12 21:00:00+00:00,1876.0,676.75
2024-07-12 22:00:00+00:00,1694.5,755.0
2024-07-12 23:00:00+00:00,1392.75,692.25
2024-07-13 00:00:00+00:00,1319.5,742.0
2024-07-13 01:00:00+00:00,1621.25,668.25
2024-07-13 02:00:00+00:00,1757.75,654.25
2024-07-13 03:00:00+00:00,1973.5,710.25
2024-07-13 04:00:00+00:00,2048.25,830.0
2024-07-13 05:00:00+00:00,2515.75,811.5
2024-07-13 06:00:00+00:00,2421.25,823.5
2024-07-13 07:00:00+00:00,2488.5,794.75
2024-07-13 08:00:00+00:00,2435.25,939.0
2024-07-13 09:00:00+00:00,2155.25,1157.75
2024-07-13 10:00:00+00:00,2038.25,1277.0
2024-07-13 11:00:00+00:00,2013.25,1370.75
2024-07-13 12:00:00+00:00,1790.75,1457.0
2024-07-13 13:00:00+00:00,1931.75,1624.5
2024-07-13 14:00:00+00:00,2443.25,1587.5
2024-07-13 15:00:00+00:00,2442.25,1684.5
2024-07-13 16:00:00+00:00,2126.0,1542.5
2024-07-13 17:00:00+00:00,2057.0,1386.5
2024-07-13 18:00:00+00:00,2084.75,1251.75
2024-07-13 19:00:00+00:00,2172.0,1073.75
2024-07-13 20:00:00+00:00,2094.5,942.75
2024-07-13 21:00:00+00:00,1935.75,985.25
2024-07-13 22:00:00+00:00,2018.25,1002.25
2024-07-13 23:00:00+00:00,2164.5,913.75
2024-07-14 00:00:00+00:00,2029.75,993.5
2024-07-14 01:00:00+00:00,1910.5,1051.75
2024-07-14 02:00:00+00:00,1791.75,1066.0
2024-07-14 03:00:00+00:00,1945.5,1009.75
2024-07-14 04:00:00+00:00,2217.5,1003.0
2024-07-14 05:00:00+00:00,2320.0,990.75
2024-07-14 06:00:00+00:00,1983.5,953.75
2024-07-14 07:00:00+00:00,1801.5,782.25
2024-07-14 08:00:00+00:00,1106.25,835.25
2024-07-14 09:00:00+00:00,912.0,758.5
2024-07-14 10:00:00+00:00,710.75,741.0
2024-07-14 11:00:00+00:00,666.75,774.25
2024-07-14 12:00:00+00:00,735.0,814.25
2024-07-14 13:00:00+00:00,984.25,937.0
2024-07-14 14:00:00+00:00,1508.25,1111.5
2024-07-14 15:00:00+00:00,1726.75,1150.75
2024-07-14 16:00:00+00:00,1858.25,1169.75
2024-07-14 17:00:00+00:00,1719.25,958.5
2024-07-14 18:00:00+00:00,1498.75,829.5
2024-07-14 19:00:00+00:00,1234.0,677.0
2024-07-14 20:00:00+00:00,1035.75,643.5
2024-07-14 21:00:00+00:00,924.75,656.5
2024-07-14 22:00:00+00:00,814.75,631.25
2024-07-14 23:00:00+00:00,665.5,599.25
2024-07-15 00:00:00+00:00,522.5,509.5
2024-07-15 01:00:00+00:00,423.25,484.75
2024-07-15 02:00:00+00:00,416.0,454.75
2024-07-15 03:00:00+00:00,405.25,406.75
2024-07-15 04:00:00+00:00,378.0,342.5
2024-07-15 05:00:00+00:00,360.5,271.0
2024-07-15 06:00:00+00:00,280.75,204.25
2024-07-15 07:00:00+00:00,186.0,178.25
2024-07-15 08:00:00+00:00,140.75,173.75
2024-07-15 09:00:00+00:00,160.25,175.75
2024-07-15 10:00:00+00:00,132.25,171.75
2024-07-15 11:00:00+00:00,40.0,173.5
2024-07-15 12:00:00+00:00,41.0,169.0
2024-07-15 13:00:00+00:00,117.25,183.25
2024-07-15 14:00:00+00:00,138.0,178.0
2024-07-15 15:00:00+00:00,280.5,190.25
2024-07-15 16:00:00+00:00,185.25,198.0
2024-07-15 17:00:00+00:00,295.5,230.75
2024-07-15 18:00:00+00:00,436.25,345.5
2024-07-15 19:00:00+00:00,657.5,567.25
2024-07-15 20:00:00+00:00,1086.25,546.0
2024-07-15 21:00:00+00:00,1383.0,462.75
2024-07-15 22:00:00+00:00,1651.75,558.0
2024-07-15 23:00:00+00:00,1771.0,807.25
2024-07-16 00:00:00+00:00,2039.5,874.0
2024-07-16 01:00:00+00:00,2538.0,1008.0
2024-07-16 02:00:00+00:00,3234.25,1200.5
2024-07-16 03:00:00+00:00,3901.0,1394.25
2024-07-16 04:00:00+00:00,3995.0,1572.25
2024-07-16 05:00:00+00:00,3810.25,1444.5
2024-07-16 06:00:00+00:00,3444.75,1402.25
2024-07-16 07:00:00+00:00,3166.5,1376.25
2024-07-16 08:00:00+00:00,2581.5,1346.0
2024-07-16 09:00:00+00:00,2704.0,1134.0
2024-07-16 10:00:00+00:00,2767.25,972.0
2024-07-16 11:00:00+00:00,2832.5,1033.0
2024-07-16 12:00:00+00:00,2209.25,1052.25
2024-07-16 13:00:00+00:00,2523.25,1042.5
2024-07-16 14:00:00+00:00,2791.25,1019.0
2024-07-16 15:00:00+00:00,3322.5,1070.5
2024-07-16 16:00:00+00:00,3148.25,1098.25
2024-07-16 17:00:00+00:00,3182.0,1106.25
2024-07-16 18:00:00+00:00,2789.0,1076.5
2024-07-16 19:00:00+00:00,2647.75,1144.75
2024-07-16 20:00:00+00:00,2605.5,1407.25
2024-07-16 21:00:00+00:00,2223.25,1546.0
2024-07-16 22:00:00+00:00,1851.75,1463.25
2024-07-16 23:00:00+00:00,1765.5,1172.25
2024-07-17 00:00:00+00:00,1502.5,889.75
2024-07-17 01:00:00+00:00,1313.5,824.25
2024-07-17 02:00:00+00:00,1100.25,829.0
2024-07-17 03:00:00+00:00,949.0,789.0
2024-07-17 04:00:00+00:00,837.5,699.5
2024-07-17 05:00:00+00:00,639.0,569.0
2024-07-17 06:00:00+00:00,479.5,478.0
2024-07-17 07:00:00+00:00,389.5,429.0
2024-07-17 08:00:00+00:00,369.75,434.5
2024-07-17 09:00:00+00:00,413.75,405.5
2024-07-17 10:00:00+00:00,503.0,398.75
2024-07-17 11:00:00+00:00,447.5,389.75
2024-07-17 12:00:00+00:00,422.0,438.25
2024-07-17 13:00:00+00:00,466.0,552.75
2024-07-17 14:00:00+00:00,336.25,527.25
2024-07-17 15:00:00+00:00,250.5,444.25
2024-07-17 16:00:00+00:00,79.75,356.5
2024-07-17 17:00:00+00:00,12.75,220.0
2024-07-17 18:00:00+00:00,2.0,117.25
2024-07-17 19:00:00+00:00,0.0,86.25
2024-07-17 20:00:00+00:00,4.25,77.25
2024-07-17 21:00:00+00:00,5.5,77.75
2024-07-17 22:00:00+00:00,5.25,77.75
2024-07-17 23:00:00+00:00,6.25,80.0
2024-07-18 00:00:00+00:00,19.0,80.25
2024-07-18 01:00:00+00:00,30.5,79.0
2024-07-18 02:00:00+00:00,50.0,78.5
2024-07-18 03:00:00+00:00,43.0,79.0
2024-07-18 04:00:00+00:00,9.0,84.25
2024-07-18 05:00:00+00:00,23.0,103.25
2024-07-18 06:00:00+00:00,54.5,114.5
2024-07-18 07:00:00+00:00,17.0,125.75
2024-07-18 08:00:00+00:00,17.0,139.0
2024-07-18 09:00:00+00:00,5.5,151.5
2024-07-18 10:00:00+00:00,1.5,158.0
2024-07-18 11:00:00+00:00,0.0,163.5
2024-07-18 12:00:00+00:00,0.0,166.0
2024-07-18 13:00:00+00:00,0.25,172.0
2024-07-18 14:00:00+00:00,4.25,173.0
2024-07-18 15:00:00+00:00,14.25,177.0
2024-07-18 16:00:00+00:00,30.75,188.25
2024-07-18 17:00:00+00:00,62.75,181.25
2024-07-18 18:00:00+00:00,97.25,183.75
2024-07-18 19:00:00+00:00,194.25,226.0
2024-07-18 20:00:00+00:00,433.25,261.75
2024-07-18 21:00:00+00:00,592.0,361.0
2024-07-18 22:00:00+00:00,787.5,429.5
2024-07-18 23:00:00+00:00,1023.25,479.75
2024-07-19 00:00:00+00:00,1025.75,542.75
2024-07-19 01:00:00+00:00,834.5,508.0
2024-07-19 02:00:00+00:00,622.0,455.25
2024-07-19 03:00:00+00:00,481.75,415.0
2024-07-19 04:00:00+00:00,392.25,370.5
2024-07-19 05:00:00+00:00,268.0,296.75
2024-07-19 06:00:00+00:00,192.0,210.0
2024-07-19 07:00:00+00:00,167.75,176.25
2024-07-19 08:00:00+00:00,136.0,186.0
2024-07-19 09:00:00+00:00,115.75,189.25
2024-07-19 10:00:00+00:00,88.75,200.5
2024-07-19 11:00:00+00:00,72.75,137.5
2024-07-19 12:00:00+00:00,95.0,241.0
2024-07-19 13:00:00+00:00,169.0,261.5
2024-07-19 14:00:00+00:00,192.75,245.75
2024-07-19 15:00:00+00:00,179.75,208.25
2024-07-19 16:00:00+00:00,150.25,197.75
2024-07-19 17:00:00+00:00,179.25,202.75
2024-07-19 18:00:00+00:00,249.0,167.5
2024-07-19 19:00:00+00:00,475.75,210.0
2024-07-19 20:00:00+00:00,851.75,329.75
2024-07-19 21:00:00+00:00,1287.75,424.75
2024-07-19 22:00:00+00:00,1561.5,562.0
2024-07-19 23:00:00+00:00,1815.0,663.0
2024-07-20 00:00:00+00:00,2072.25,577.0
2024-07-20 01:00:00+00:00,1834.25,470.25
2024-07-20 02:00:00+00:00,1497.5,418.0
2024-07-20 03:00:00+00:00,1349.75,389.25
2024-07-20 04:00:00+00:00,1195.25,323.5
2024-07-20 05:00:00+00:00,1034.5,283.0
2024-07-20 06:00:00+00:00,712.5,216.5
2024-07-20 07:00:00+00:00,583.25,165.5
2024-07-20 08:00:00+00:00,396.75,141.5
2024-07-20 09:00:00+00:00,290.25,180.25
2024-07-20 10:00:00+00:00,235.5,185.25
2024-07-20 11:00:00+00:00,190.25,187.5
2024-07-20 12:00:00+00:00,174.5,180.75
2024-07-20 13:00:00+00:00,177.5,198.25
2024-07-20 14:00:00+00:00,356.75,199.25
2024-07-20 15:00:00+00:00,293.75,170.75
2024-07-20 16:00:00+00:00,228.5,141.0
2024-07-20 17:00:00+00:00,235.75,124.5
2024-07-20 18:00:00+00:00,150.25,185.0
2024-07-20 19:00:00+00:00,68.5,377.5
2024-07-20 20:00:00+00:00,41.0,253.5
2024-07-20 21:00:00+00:00,71.5,192.0
2024-07-20 22:00:00+00:00,139.75,142.5
2024-07-20 23:00:00+00:00,184.25,85.5
2024-07-21 00:00:00+00:00,185.75,72.5
2024-07-21 01:00:00+00:00,64.25,50.0
2024-07-21 02:00:00+00:00,113.25,41.5
2024-07-21 03:00:00+00:00,119.0,64.75
2024-07-21 04:00:00+00:00,207.25,141.0
2024-07-21 05:00:00+00:00,468.5,163.5
2024-07-21 06:00:00+00:00,600.75,159.0
2024-07-21 07:00:00+00:00,1010.75,229.5
2024-07-21 08:00:00+00:00,277.25,263.5
2024-07-21 09:00:00+00:00,336.75,368.75
2024-07-21 10:00:00+00:00,154.0,315.5
2024-07-21 11:00:00+00:00,242.75,253.25
2024-07-21 12:00:00+00:00,163.0,217.25
2024-07-21 13:00:00+00:00,280.0,179.0
2024-07-21 14:00:00+00:00,552.5,331.5
2024-07-21 15:00:00+00:00,448.5,696.25
2024-07-21 16:00:00+00:00,335.75,593.5
2024-07-21 17:00:00+00:00,314.0,624.25
2024-07-21 18:00:00+00:00,348.5,507.5
2024-07-21 19:00:00+00:00,496.5,546.0
2024-07-21 20:00:00+00:00,529.75,506.0
2024-07-21 21:00:00+00:00,521.5,594.75
2024-07-21 22:00:00+00:00,490.0,546.25
2024-07-21 23:00:00+00:00,384.0,523.25
2024-07-22 00:00:00+00:00,298.0,460.25
2024-07-22 01:00:00+00:00,243.75,485.0
2024-07-22 02:00:00+00:00,220.0,454.5
2024-07-22 03:00:00+00:00,247.25,374.75
2024-07-22 04:00:00+00:00,204.0,317.5
2024-07-22 05:00:00+00:00,307.5,302.5
2024-07-22 06:00:00+00:00,612.25,231.0
2024-07-22 07:00:00+00:00,562.25,238.75
2024-07-22 08:00:00+00:00,689.25,304.0
2024-07-22 09:00:00+00:00,1050.75,382.75
2024-07-22 10:00:00+00:00,1306.5,393.75
2024-07-22 11:00:00+00:00,1375.25,378.75
2024-07-22 12:00:00+00:00,1813.25,461.25
2024-07-22 13:00:00+00:00,1590.0,664.75
2024-07-22 14:00:00+00:00,2340.75,843.25
2024-07-22 15:00:00+00:00,3024.5,797.0
2024-07-22 16:00:00+00:00,3471.0,676.5
2024-07-22 17:00:00+00:00,3785.5,544.0
2024-07-22 18:00:00+00:00,3932.0,486.5
2024-07-22 19:00:00+00:00,4103.25,641.0
2024-07-22 20:00:00+00:00,4099.75,697.25
2024-07-22 21:00:00+00:00,4063.75,709.5
2024-07-22 22:00:00+00:00,4023.5,833.25
2024-07-22 23:00:00+00:00,3820.25,872.5
2024-07-23 00:00:00+00:00,3194.75,965.25
2024-07-23 01:00:00+00:00,2572.5,1038.5
2024-07-23 02:00:00+00:00,2248.75,897.25
2024-07-23 03:00:00+00:00,1838.75,741.0
2024-07-23 04:00:00+00:00,1533.0,642.0
2024-07-23 05:00:00+00:00,1334.25,489.25
2024-07-23 06:00:00+00:00,1066.75,458.5
2024-07-23 07:00:00+00:00,895.25,429.25
2024-07-23 08:00:00+00:00,619.0,441.25
2024-07-23 09:00:00+00:00,388.75,405.25
2024-07-23 10:00:00+00:00,271.0,419.25
2024-07-23 11:00:00+00:00,415.25,471.25
2024-07-23 12:00:00+00:00,666.0,635.5
2024-07-23 13:00:00+00:00,1071.5,718.75
2024-07-23 14:00:00+00:00,1449.75,872.0
2024-07-23 15:00:00+00:00,1338.25,986.0
2024-07-23 16:00:00+00:00,1461.25,1037.0
2024-07-23 17:00:00+00:00,1817.25,1070.25
2024-07-23 18:00:00+00:00,1731.75,781.25
2024-07-23 19:00:00+00:00,1661.5,798.5
2024-07-23 20:00:00+00:00,1513.75,638.0
2024-07-23 21:00:00+00:00,1620.25,537.25
2024-07-23 22:00:00+00:00,1523.0,636.5
2024-07-23 23:00:00+00:00,1335.5,646.25
2024-07-24 00:00:00+00:00,1289.25,597.5
2024-07-24 01:00:00+00:00,1055.5,579.75
2024-07-24 02:00:00+00:00,920.25,575.75
2024-07-24 03:00:00+00:00,733.75,551.25
2024-07-24 04:00:00+00:00,532.5,434.0
2024-07-24 05:00:00+00:00,389.5,365.5
2024-07-24 06:00:00+00:00,256.25,302.25
2024-07-24 07:00:00+00:00,157.0,297.0
2024-07-24 08:00:00+00:00,75.75,283.25
2024-07-24 09:00:00+00:00,82.25,271.75
2024-07-24 10:00:00+00:00,84.0,272.0
2024-07-24 11:00:00+00:00,70.5,285.25
2024-07-24 12:00:00+00:00,50.5,277.5
2024-07-24 13:00:00+00:00,43.0,260.5
2024-07-24 14:00:00+00:00,31.25,236.5
2024-07-24 15:00:00+00:00,29.5,230.0
2024-07-24 16:00:00+00:00,29.5,184.0
2024-07-24 17:00:00+00:00,23.25,105.0
2024-07-24 18:00:00+00:00,14.5,61.75
2024-07-24 19:00:00+00:00,28.5,47.0
2024-07-24 20:00:00+00:00,69.5,42.75
2024-07-24 21:00:00+00:00,186.0,53.5
2024-07-24 22:00:00+00:00,430.75,74.0
2024-07-24 23:00:00+00:00,616.25,106.5
2024-07-25 00:00:00+00:00,607.5,180.5
2024-07-25 01:00:00+00:00,827.5,278.25
2024-07-25 02:00:00+00:00,1040.75,373.25
2024-07-25 03:00:00+00:00,1452.0,533.75
2024-07-25 04:00:00+00:00,1615.25,642.5
2024-07-25 05:00:00+00:00,1533.0,667.0
2024-07-25 06:00:00+00:00,1616.5,629.0
2024-07-25 07:00:00+00:00,1710.75,665.75
2024-07-25 08:00:00+00:00,1847.5,593.5
2024-07-25 09:00:00+00:00,1593.0,618.0
2024-07-25 10:00:00+00:00,1027.5,656.25
2024-07-25 11:00:00+00:00,1284.5,768.75
2024-07-25 12:00:00+00:00,1636.5,806.0
2024-07-25 13:00:00+00:00,1570.0,870.5
2024-07-25 14:00:00+00:00,2344.25,652.5
2024-07-25 15:00:00+00:00,2092.5,509.25
2024-07-25 16:00:00+00:00,1939.5,605.75
2024-07-25 17:00:00+00:00,2086.5,642.0
2024-07-25 18:00:00+00:00,2143.0,342.75
2024-07-25 19:00:00+00:00,2238.0,330.25
2024-07-25 20:00:00+00:00,2281.25,588.0
2024-07-25 21:00:00+00:00,2208.5,641.0
2024-07-25 22:00:00+00:00,2188.75,549.5
2024-07-25 23:00:00+00:00,2530.0,602.0
2024-07-26 00:00:00+00:00,3015.75,597.75
2024-07-26 01:00:00+00:00,2695.75,777.0
2024-07-26 02:00:00+00:00,2358.5,918.5
2024-07-26 03:00:00+00:00,1980.5,851.75
2024-07-26 04:00:00+00:00,1760.0,722.25
2024-07-26 05:00:00+00:00,1572.5,620.25
2024-07-26 06:00:00+00:00,1100.0,626.5
2024-07-26 07:00:00+00:00,730.5,567.0
2024-07-26 08:00:00+00:00,544.25,529.0
2024-07-26 09:00:00+00:00,574.0,508.5
2024-07-26 10:00:00+00:00,423.0,507.75
2024-07-26 11:00:00+00:00,493.5,498.75
2024-07-26 12:00:00+00:00,537.25,532.25
2024-07-26 13:00:00+00:00,408.25,547.75
2024-07-26 14:00:00+00:00,311.75,510.0
2024-07-26 15:00:00+00:00,390.5,382.75
2024-07-26 16:00:00+00:00,452.5,300.5
2024-07-26 17:00:00+00:00,418.25,203.75
2024-07-26 18:00:00+00:00,375.5,106.0
2024-07-26 19:00:00+00:00,360.5,64.0
2024-07-26 20:00:00+00:00,276.5,56.0
2024-07-26 21:00:00+00:00,219.0,56.0
2024-07-26 22:00:00+00:00,177.0,49.5
2024-07-26 23:00:00+00:00,123.5,47.0
2024-07-27 00:00:00+00:00,98.25,47.0
2024-07-27 01:00:00+00:00,180.25,49.5
2024-07-27 02:00:00+00:00,241.75,63.75
2024-07-27 03:00:00+00:00,269.5,67.0
2024-07-27 04:00:00+00:00,287.25,84.5
2024-07-27 05:00:00+00:00,274.25,105.5
2024-07-27 06:00:00+00:00,238.25,111.75
2024-07-27 07:00:00+00:00,180.75,110.5
2024-07-27 08:00:00+00:00,151.5,115.25
2024-07-27 09:00:00+00:00,90.75,124.75
2024-07-27 10:00:00+00:00,61.5,125.5
2024-07-27 11:00:00+00:00,38.0,131.5
2024-07-27 12:00:00+00:00,53.5,116.5
2024-07-27 13:00:00+00:00,66.0,126.0
2024-07-27 14:00:00+00:00,33.0,130.5
2024-07-27 15:00:00+00:00,56.0,159.25
2024-07-27 16:00:00+00:00,136.25,215.75
2024-07-27 17:00:00+00:00,245.0,300.5
2024-07-27 18:00:00+00:00,261.5,346.25
2024-07-27 19:00:00+00:00,229.5,370.75
2024-07-27 20:00:00+00:00,242.0,311.75
2024-07-27 21:00:00+00:00,113.5,221.0
2024-07-27 22:00:00+00:00,284.0,248.25
2024-07-27 23:00:00+00:00,524.75,238.75
2024-07-28 00:00:00+00:00,606.0,305.0
2024-07-28 01:00:00+00:00,570.5,385.5
2024-07-28 02:00:00+00:00,670.75,354.25
2024-07-28 03:00:00+00:00,731.75,376.75
2024-07-28 04:00:00+00:00,660.75,350.0
2024-07-28 05:00:00+00:00,399.25,271.75
2024-07-28 06:00:00+00:00,257.75,233.5
2024-07-28 07:00:00+00:00,147.0,280.0
2024-07-28 08:00:00+00:00,49.75,294.5
2024-07-28 09:00:00+00:00,55.0,252.25
2024-07-28 10:00:00+00:00,49.0,217.0
2024-07-28 11:00:00+00:00,26.0,243.75
2024-07-28 12:00:00+00:00,13.75,235.25
2024-07-28 13:00:00+00:00,68.5,227.0
2024-07-28 14:00:00+00:00,28.5,228.0
2024-07-28 15:00:00+00:00,27.25,215.25
2024-07-28 16:00:00+00:00,20.5,200.75
2024-07-28 17:00:00+00:00,21.5,168.0
2024-07-28 18:00:00+00:00,36.25,151.25
2024-07-28 19:00:00+00:00,49.25,163.0
2024-07-28 20:00:00+00:00,119.75,160.5
2024-07-28 21:00:00+00:00,159.75,199.75
2024-07-28 22:00:00+00:00,236.5,247.75
2024-07-28 23:00:00+00:00,390.75,286.25
2024-07-29 00:00:00+00:00,561.5,354.0
2024-07-29 01:00:00+00:00,660.0,363.5
2024-07-29 02:00:00+00:00,614.25,345.0
2024-07-29 03:00:00+00:00,559.25,290.5
2024-07-29 04:00:00+00:00,542.5,264.0
2024-07-29 05:00:00+00:00,518.0,255.25
2024-07-29 06:00:00+00:00,365.0,178.75
2024-07-29 07:00:00+00:00,243.25,143.75
2024-07-29 08:00:00+00:00,182.25,150.5
2024-07-29 09:00:00+00:00,86.0,177.25
2024-07-29 10:00:00+00:00,29.5,194.25
2024-07-29 11:00:00+00:00,36.5,199.25
2024-07-29 12:00:00+00:00,107.0,189.75
2024-07-29 13:00:00+00:00,168.75,196.0
2024-07-29 14:00:00+00:00,282.75,197.5
2024-07-29 15:00:00+00:00,437.5,209.25
2024-07-29 16:00:00+00:00,534.0,233.0
2024-07-29 17:00:00+00:00,643.75,211.0
2024-07-29 18:00:00+00:00,754.0,177.5
2024-07-29 19:00:00+00:00,732.75,259.5
2024-07-29 20:00:00+00:00,663.25,330.0
2024-07-29 21:00:00+00:00,529.5,384.25
2024-07-29 22:00:00+00:00,596.0,430.25
2024-07-29 23:00:00+00:00,623.75,458.75
2024-07-30 00:00:00+00:00,459.75,371.25
2024-07-30 01:00:00+00:00,310.75,250.75
2024-07-30 02:00:00+00:00,183.0,189.0
2024-07-30 03:00:00+00:00,124.25,138.5
2024-07-30 04:00:00+00:00,59.5,114.5
2024-07-30 05:00:00+00:00,24.0,96.25
2024-07-30 06:00:00+00:00,11.75,103.75
2024-07-30 07:00:00+00:00,7.5,122.0
2024-07-30 08:00:00+00:00,6.5,134.75
2024-07-30 09:00:00+00:00,76.0,150.0
2024-07-30 10:00:00+00:00,178.0,158.5
2024-07-30 11:00:00+00:00,297.0,167.0
2024-07-30 12:00:00+00:00,482.75,210.75
2024-07-30 13:00:00+00:00,455.25,261.5
2024-07-30 14:00:00+00:00,368.25,286.75
2024-07-30 15:00:00+00:00,265.75,263.25
2024-07-30 16:00:00+00:00,228.25,238.75
2024-07-30 17:00:00+00:00,324.75,253.5
2024-07-30 18:00:00+00:00,408.75,310.75
2024-07-30 19:00:00+00:00,585.25,414.0
2024-07-30 20:00:00+00:00,725.25,522.0
2024-07-30 21:00:00+00:00,957.0,522.5
2024-07-30 22:00:00+00:00,1149.25,599.5
2024-07-30 23:00:00+00:00,982.5,609.5
2024-07-31 00:00:00+00:00,935.75,559.75
2024-07-31 01:00:00+00:00,932.0,413.0
2024-07-31 02:00:00+00:00,774.0,398.75
2024-07-31 03:00:00+00:00,828.25,363.25
2024-07-31 04:00:00+00:00,1273.25,404.0
2024-07-31 05:00:00+00:00,1446.75,437.75
2024-07-31 06:00:00+00:00,1368.5,326.75
2024-07-31 07:00:00+00:00,1185.0,272.5
2024-07-31 08:00:00+00:00,983.25,268.75
2024-07-31 09:00:00+00:00,848.0,235.5
2024-07-31 10:00:00+00:00,868.25,232.5
2024-07-31 11:00:00+00:00,1198.5,251.5
2024-07-31 12:00:00+00:00,1470.75,250.75
2024-07-31 13:00:00+00:00,1557.0,271.25
2024-07-31 14:00:00+00:00,1737.75,273.25
2024-07-31 15:00:00+00:00,1896.75,330.0
2024-07-31 16:00:00+00:00,1891.5,363.0
2024-07-31 17:00:00+00:00,2007.5,417.75
2024-07-31 18:00:00+00:00,1842.5,423.25
2024-07-31 19:00:00+00:00,1774.75,515.75
2024-07-31 20:00:00+00:00,1502.0,615.0
2024-07-31 21:00:00+00:00,1487.0,626.5
2024-07-31 22:00:00+00:00,1706.0,656.5
2024-07-31 23:00:00+00:00,1633.0,691.5
2024-08-01 00:00:00+00:00,1589.25,638.75
2024-08-01 01:00:00+00:00,1405.75,674.75
2024-08-01 02:00:00+00:00,1192.75,651.5
2024-08-01 03:00:00+00:00,1217.5,615.0
2024-08-01 04:00:00+00:00,1281.25,624.5
2024-08-01 05:00:00+00:00,1407.0,539.25
2024-08-01 06:00:00+00:00,1087.5,429.0
2024-08-01 07:00:00+00:00,876.25,324.25
2024-08-01 08:00:00+00:00,643.0,318.5
2024-08-01 09:00:00+00:00,448.5,302.5
2024-08-01 10:00:00+00:00,316.0,292.75
2024-08-01 11:00:00+00:00,376.0,227.75
2024-08-01 12:00:00+00:00,265.25,198.0
2024-08-01 13:00:00+00:00,252.25,227.0
2024-08-01 14:00:00+00:00,373.75,239.75
2024-08-01 15:00:00+00:00,558.0,250.0
2024-08-01 16:00:00+00:00,800.25,304.25
2024-08-01 17:00:00+00:00,1076.5,348.75
2024-08-01 18:00:00+00:00,1101.5,377.25
2024-08-01 19:00:00+00:00,801.0,360.75
2024-08-01 20:00:00+00:00,537.75,280.0
2024-08-01 21:00:00+00:00,399.75,283.5
2024-08-01 22:00:00+00:00,380.25,322.5
2024-08-01 23:00:00+00:00,411.5,276.25
2024-08-02 00:00:00+00:00,340.5,223.25
2024-08-02 01:00:00+00:00,275.25,164.5
2024-08-02 02:00:00+00:00,208.5,151.0
2024-08-02 03:00:00+00:00,179.5,140.75
2024-08-02 04:00:00+00:00,165.5,150.25
2024-08-02 05:00:00+00:00,153.0,156.0
2024-08-02 06:00:00+00:00,189.25,145.25
2024-08-02 07:00:00+00:00,134.5,136.5
2024-08-02 08:00:00+00:00,74.75,155.0
2024-08-02 09:00:00+00:00,34.25,166.5
2024-08-02 10:00:00+00:00,8.75,163.5
2024-08-02 11:00:00+00:00,6.5,162.75
2024-08-02 12:00:00+00:00,8.25,169.25
2024-08-02 13:00:00+00:00,9.25,143.75
2024-08-02 14:00:00+00:00,8.5,143.5
2024-08-02 15:00:00+00:00,5.5,134.75
2024-08-02 16:00:00+00:00,5.0,126.5
2024-08-02 17:00:00+00:00,22.0,106.0
2024-08-02 18:00:00+00:00,45.75,105.25
2024-08-02 19:00:00+00:00,138.25,103.25
2024-08-02 20:00:00+00:00,240.75,114.5
2024-08-02 21:00:00+00:00,453.25,134.5
2024-08-02 22:00:00+00:00,647.5,172.5
2024-08-02 23:00:00+00:00,869.25,210.0
2024-08-03 00:00:00+00:00,754.75,291.25
2024-08-03 01:00:00+00:00,667.75,301.75
2024-08-03 02:00:00+00:00,633.25,281.0
2024-08-03 03:00:00+00:00,615.25,234.5
2024-08-03 04:00:00+00:00,722.0,250.75
2024-08-03 05:00:00+00:00,713.75,293.0
2024-08-03 06:00:00+00:00,689.25,342.0
2024-08-03 07:00:00+00:00,599.75,325.5
2024-08-03 08:00:00+00:00,689.0,363.25
2024-08-03 09:00:00+00:00,893.5,380.75
2024-08-03 10:00:00+00:00,1027.5,480.5
2024-08-03 11:00:00+00:00,1474.5,517.75
2024-08-03 12:00:00+00:00,1580.25,584.0
2024-08-03 13:00:00+00:00,1848.75,695.5
2024-08-03 14:00:00+00:00,2084.75,947.25
2024-08-03 15:00:00+00:00,2852.25,1003.0
2024-08-03 16:00:00+00:00,3184.5,979.25
2024-08-03 17:00:00+00:00,2883.5,904.0
2024-08-03 18:00:00+00:00,3038.0,954.0
2024-08-03 19:00:00+00:00,2147.0,1069.25
2024-08-03 20:00:00+00:00,1124.25,975.25
2024-08-03 21:00:00+00:00,688.75,796.25
2024-08-03 22:00:00+00:00,462.75,601.25
2024-08-03 23:00:00+00:00,527.75,470.75
2024-08-04 00:00:00+00:00,627.5,574.5
2024-08-04 01:00:00+00:00,540.75,613.0
2024-08-04 02:00:00+00:00,442.0,704.25
2024-08-04 03:00:00+00:00,439.25,672.25
2024-08-04 04:00:00+00:00,463.5,500.25
2024-08-04 05:00:00+00:00,482.75,364.0
2024-08-04 06:00:00+00:00,362.75,336.25
2024-08-04 07:00:00+00:00,272.5,338.5
2024-08-04 08:00:00+00:00,135.75,296.5
2024-08-04 09:00:00+00:00,67.0,283.75
2024-08-04 10:00:00+00:00,139.75,272.25
2024-08-04 11:00:00+00:00,146.0,253.75
2024-08-04 12:00:00+00:00,81.5,225.75
2024-08-04 13:00:00+00:00,40.0,249.75
2024-08-04 14:00:00+00:00,35.0,298.75
2024-08-04 15:00:00+00:00,60.0,234.25
2024-08-04 16:00:00+00:00,30.75,224.5
2024-08-04 17:00:00+00:00,89.5,207.0
2024-08-04 18:00:00+00:00,72.0,141.0
2024-08-04 19:00:00+00:00,64.75,97.5
2024-08-04 20:00:00+00:00,73.75,83.75
2024-08-04 21:00:00+00:00,130.75,80.5
2024-08-04 22:00:00+00:00,215.75,87.25
2024-08-04 23:00:00+00:00,312.0,98.0
2024-08-05 00:00:00+00:00,333.0,104.0
2024-08-05 01:00:00+00:00,410.5,122.25
2024-08-05 02:00:00+00:00,464.5,174.0
2024-08-05 03:00:00+00:00,475.0,192.25
2024-08-05 04:00:00+00:00,455.75,228.0
2024-08-05 05:00:00+00:00,469.5,239.25
2024-08-05 06:00:00+00:00,471.5,222.25
2024-08-05 07:00:00+00:00,579.5,192.0
2024-08-05 08:00:00+00:00,518.5,196.75
2024-08-05 09:00:00+00:00,448.0,259.0
2024-08-05 10:00:00+00:00,418.25,269.0
2024-08-05 11:00:00+00:00,380.25,278.25
2024-08-05 12:00:00+00:00,342.75,290.25
2024-08-05 13:00:00+00:00,397.25,287.0
2024-08-05 14:00:00+00:00,408.75,296.75
2024-08-05 15:00:00+00:00,384.0,291.0
2024-08-05 16:00:00+00:00,373.5,202.75
2024-08-05 17:00:00+00:00,292.5,115.75
2024-08-05 18:00:00+00:00,219.0,92.25
2024-08-05 19:00:00+00:00,226.0,102.75
2024-08-05 20:00:00+00:00,229.25,82.5
2024-08-05 21:00:00+00:00,218.5,86.25
2024-08-05 22:00:00+00:00,180.5,110.75
2024-08-05 23:00:00+00:00,218.75,161.0
2024-08-06 00:00:00+00:00,459.0,271.5
2024-08-06 01:00:00+00:00,812.5,408.0
2024-08-06 02:00:00+00:00,990.25,475.0
2024-08-06 03:00:00+00:00,915.75,462.25
2024-08-06 04:00:00+00:00,851.25,442.0
2024-08-06 05:00:00+00:00,752.25,380.0
2024-08-06 06:00:00+00:00,551.0,315.5
2024-08-06 07:00:00+00:00,278.75,253.0
2024-08-06 08:00:00+00:00,129.25,235.75
2024-08-06 09:00:00+00:00,102.0,263.5
2024-08-06 10:00:00+00:00,118.25,304.0
2024-08-06 11:00:00+00:00,98.25,302.75
2024-08-06 12:00:00+00:00,191.5,295.5
2024-08-06 13:00:00+00:00,305.0,316.25
2024-08-06 14:00:00+00:00,339.75,272.0
2024-08-06 15:00:00+00:00,468.75,261.25
2024-08-06 16:00:00+00:00,695.0,301.5
2024-08-06 17:00:00+00:00,938.25,283.75
2024-08-06 18:00:00+00:00,1464.5,190.5
2024-08-06 19:00:00+00:00,1358.75,152.25
2024-08-06 20:00:00+00:00,1207.25,127.0
2024-08-06 21:00:00+00:00,873.25,138.75
2024-08-06 22:00:00+00:00,718.25,184.25
2024-08-06 23:00:00+00:00,372.5,208.5
2024-08-07 00:00:00+00:00,340.0,246.25
2024-08-07 01:00:00+00:00,488.5,220.0
2024-08-07 02:00:00+00:00,180.25,273.5
2024-08-07 03:00:00+00:00,232.0,259.0
2024-08-07 04:00:00+00:00,344.5,171.75
2024-08-07 05:00:00+00:00,529.0,159.75
2024-08-07 06:00:00+00:00,527.5,168.5
2024-08-07 07:00:00+00:00,474.75,233.5
2024-08-07 08:00:00+00:00,420.0,223.75
2024-08-07 09:00:00+00:00,375.25,259.5
2024-08-07 10:00:00+00:00,415.25,373.25
2024-08-07 11:00:00+00:00,596.0,531.5
2024-08-07 12:00:00+00:00,770.0,631.25
2024-08-07 13:00:00+00:00,954.75,740.5
2024-08-07 14:00:00+00:00,1370.25,832.75
2024-08-07 15:00:00+00:00,1987.75,821.0
2024-08-07 16:00:00+00:00,2229.25,743.25
2024-08-07 17:00:00+00:00,2470.5,616.5
2024-08-07 18:00:00+00:00,2241.25,478.5
2024-08-07 19:00:00+00:00,2086.0,461.5
2024-08-07 20:00:00+00:00,1888.0,493.0
2024-08-07 21:00:00+00:00,1628.5,429.5
2024-08-07 22:00:00+00:00,1343.5,433.75
2024-08-07 23:00:00+00:00,1058.0,501.25
2024-08-08 00:00:00+00:00,841.75,517.25
2024-08-08 01:00:00+00:00,1001.0,581.5
2024-08-08 02:00:00+00:00,1164.25,597.75
2024-08-08 03:00:00+00:00,975.0,584.75
2024-08-08 04:00:00+00:00,865.0,507.75
2024-08-08 05:00:00+00:00,596.75,438.75
2024-08-08 06:00:00+00:00,400.75,359.0
2024-08-08 07:00:00+00:00,287.75,284.5
2024-08-08 08:00:00+00:00,412.0,359.25
2024-08-08 09:00:00+00:00,694.75,430.5
2024-08-08 10:00:00+00:00,749.75,424.0
2024-08-08 11:00:00+00:00,792.75,489.25
2024-08-08 12:00:00+00:00,906.75,454.25
2024-08-08 13:00:00+00:00,1155.75,415.75
2024-08-08 14:00:00+00:00,1126.75,509.5
2024-08-08 15:00:00+00:00,1062.5,514.75
2024-08-08 16:00:00+00:00,1434.25,553.25
2024-08-08 17:00:00+00:00,2259.75,423.0
2024-08-08 18:00:00+00:00,2696.5,431.5
2024-08-08 19:00:00+00:00,3273.75,637.25
2024-08-08 20:00:00+00:00,3933.25,863.0
2024-08-08 21:00:00+00:00,4057.5,1208.75
2024-08-08 22:00:00+00:00,3969.75,1293.75
2024-08-08 23:00:00+00:00,4121.25,1630.5
2024-08-09 00:00:00+00:00,4175.25,1682.25
2024-08-09 01:00:00+00:00,4128.0,1764.0
2024-08-09 02:00:00+00:00,4117.5,1780.5
2024-08-09 03:00:00+00:00,4137.5,1882.5
2024-08-09 04:00:00+00:00,4052.5,1961.75
2024-08-09 05:00:00+00:00,4169.75,1901.0
2024-08-09 06:00:00+00:00,4014.0,1853.75
2024-08-09 07:00:00+00:00,3968.25,1829.0
2024-08-09 08:00:00+00:00,4048.25,1811.25
2024-08-09 09:00:00+00:00,3835.0,1725.75
2024-08-09 10:00:00+00:00,2952.75,1584.25
2024-08-09 11:00:00+00:00,2329.25,1553.75
2024-08-09 12:00:00+00:00,1986.25,1507.25
2024-08-09 13:00:00+00:00,1406.75,1431.75
2024-08-09 14:00:00+00:00,857.5,1239.5
2024-08-09 15:00:00+00:00,881.25,1027.25
2024-08-09 16:00:00+00:00,1257.25,760.25
2024-08-09 17:00:00+00:00,1121.5,520.0
2024-08-09 18:00:00+00:00,1025.75,317.0
2024-08-09 19:00:00+00:00,959.0,263.5
2024-08-09 20:00:00+00:00,801.75,285.25
2024-08-09 21:00:00+00:00,987.0,339.5
2024-08-09 22:00:00+00:00,1143.25,418.75
2024-08-09 23:00:00+00:00,1209.25,488.25
2024-08-10 00:00:00+00:00,1073.5,478.0
2024-08-10 01:00:00+00:00,1312.25,490.5
2024-08-10 02:00:00+00:00,1648.75,495.75
2024-08-10 03:00:00+00:00,1418.5,529.5
2024-08-10 04:00:00+00:00,1041.0,563.25
2024-08-10 05:00:00+00:00,723.25,472.5
2024-08-10 06:00:00+00:00,738.25,414.5
2024-08-10 07:00:00+00:00,660.75,437.5
2024-08-10 08:00:00+00:00,527.25,461.5
2024-08-10 09:00:00+00:00,654.25,548.75
2024-08-10 10:00:00+00:00,703.75,566.25
2024-08-10 11:00:00+00:00,630.75,558.5
2024-08-10 12:00:00+00:00,559.25,521.75
2024-08-10 13:00:00+00:00,935.0,620.25
2024-08-10 14:00:00+00:00,1509.0,750.75
2024-08-10 15:00:00+00:00,1506.25,867.0
2024-08-10 16:00:00+00:00,1866.5,705.25
2024-08-10 17:00:00+00:00,1555.0,547.5
2024-08-10 18:00:00+00:00,1279.0,472.75
2024-08-10 19:00:00+00:00,871.25,357.75
2024-08-10 20:00:00+00:00,696.75,195.25
2024-08-10 21:00:00+00:00,488.75,149.25
2024-08-10 22:00:00+00:00,358.75,147.5
2024-08-10 23:00:00+00:00,258.25,120.5
2024-08-11 00:00:00+00:00,194.75,97.5
2024-08-11 01:00:00+00:00,98.25,84.5
2024-08-11 02:00:00+00:00,33.0,66.5
2024-08-11 03:00:00+00:00,9.25,47.75
2024-08-11 04:00:00+00:00,5.5,40.25
2024-08-11 05:00:00+00:00,0.75,47.25
2024-08-11 06:00:00+00:00,6.75,62.75
2024-08-11 07:00:00+00:00,9.25,82.5
2024-08-11 08:00:00+00:00,5.5,101.0
2024-08-11 09:00:00+00:00,6.0,112.75
2024-08-11 10:00:00+00:00,2.0,116.75
2024-08-11 11:00:00+00:00,0.0,122.0
2024-08-11 12:00:00+00:00,3.5,119.0
2024-08-11 13:00:00+00:00,48.0,133.0
2024-08-11 14:00:00+00:00,149.0,154.25
2024-08-11 15:00:00+00:00,335.25,201.75
2024-08-11 16:00:00+00:00,1034.0,278.0
2024-08-11 17:00:00+00:00,1461.75,330.0
2024-08-11 18:00:00+00:00,1750.0,472.75
2024-08-11 19:00:00+00:00,1883.5,710.25
2024-08-11 20:00:00+00:00,2062.25,854.25
2024-08-11 21:00:00+00:00,2276.75,932.25
2024-08-11 22:00:00+00:00,2220.75,957.5
2024-08-11 23:00:00+00:00,2036.5,929.5
2024-08-12 00:00:00+00:00,2004.75,884.25
2024-08-12 01:00:00+00:00,2012.75,881.75
2024-08-12 02:00:00+00:00,2131.5,868.75
2024-08-12 03:00:00+00:00,2288.25,861.75
2024-08-12 04:00:00+00:00,2311.0,858.0
2024-08-12 05:00:00+00:00,2310.5,797.75
2024-08-12 06:00:00+00:00,1767.5,636.75
2024-08-12 07:00:00+00:00,1332.0,427.0
2024-08-12 08:00:00+00:00,1372.0,394.0
2024-08-12 09:00:00+00:00,1309.75,471.0
2024-08-12 10:00:00+00:00,1204.5,593.5
2024-08-12 11:00:00+00:00,1084.25,558.75
2024-08-12 12:00:00+00:00,1048.25,535.0
2024-08-12 13:00:00+00:00,1059.5,596.25
2024-08-12 14:00:00+00:00,1008.0,546.75
2024-08-12 15:00:00+00:00,858.25,491.75
2024-08-12 16:00:00+00:00,1020.0,434.25
2024-08-12 17:00:00+00:00,1214.25,401.75
2024-08-12 18:00:00+00:00,1258.5,449.75
2024-08-12 19:00:00+00:00,1355.25,652.25
2024-08-12 20:00:00+00:00,1315.5,786.5
2024-08-12 21:00:00+00:00,1206.5,841.5
2024-08-12 22:00:00+00:00,1088.25,878.25
2024-08-12 23:00:00+00:00,1172.75,852.25
2024-08-13 00:00:00+00:00,1172.25,651.5
2024-08-13 01:00:00+00:00,940.25,456.25
2024-08-13 02:00:00+00:00,860.25,353.75
2024-08-13 03:00:00+00:00,695.5,233.5
2024-08-13 04:00:00+00:00,702.5,170.75
2024-08-13 05:00:00+00:00,887.0,165.5
2024-08-13 06:00:00+00:00,752.25,209.0
2024-08-13 07:00:00+00:00,483.75,223.75
2024-08-13 08:00:00+00:00,276.5,248.25
2024-08-13 09:00:00+00:00,127.25,190.75
2024-08-13 10:00:00+00:00,138.5,162.25
2024-08-13 11:00:00+00:00,144.5,165.75
2024-08-13 12:00:00+00:00,265.0,198.0
2024-08-13 13:00:00+00:00,366.75,197.75
2024-08-13 14:00:00+00:00,290.25,422.0
2024-08-13 15:00:00+00:00,295.75,211.25
2024-08-13 16:00:00+00:00,252.75,307.5
2024-08-13 17:00:00+00:00,359.5,259.75
2024-08-13 18:00:00+00:00,383.5,201.0
2024-08-13 19:00:00+00:00,334.75,229.0
2024-08-13 20:00:00+00:00,409.75,262.25
2024-08-13 21:00:00+00:00,620.0,218.75
2024-08-13 22:00:00+00:00,588.5,246.25
2024-08-13 23:00:00+00:00,365.5,214.5
2024-08-14 00:00:00+00:00,215.0,99.5
2024-08-14 01:00:00+00:00,75.75,80.75
2024-08-14 02:00:00+00:00,89.75,82.0
2024-08-14 03:00:00+00:00,73.75,95.0
2024-08-14 04:00:00+00:00,224.5,106.0
2024-08-14 05:00:00+00:00,270.5,117.25
2024-08-14 06:00:00+00:00,284.25,119.75
2024-08-14 07:00:00+00:00,252.25,187.75
2024-08-14 08:00:00+00:00,132.0,251.5
2024-08-14 09:00:00+00:00,74.0,187.5
2024-08-14 10:00:00+00:00,71.5,168.75
2024-08-14 11:00:00+00:00,140.5,146.75
2024-08-14 12:00:00+00:00,183.0,121.75
2024-08-14 13:00:00+00:00,218.25,142.5
2024-08-14 14:00:00+00:00,179.0,158.25
2024-08-14 15:00:00+00:00,116.5,150.25
2024-08-14 16:00:00+00:00,102.75,150.75
2024-08-14 17:00:00+00:00,64.0,153.0
2024-08-14 18:00:00+00:00,86.75,147.25
2024-08-14 19:00:00+00:00,53.25,105.25
2024-08-14 20:00:00+00:00,35.5,106.75
2024-08-14 21:00:00+00:00,17.25,110.75
2024-08-14 22:00:00+00:00,27.75,126.25
2024-08-14 23:00:00+00:00,19.25,101.75
2024-08-15 00:00:00+00:00,7.75,113.25
2024-08-15 01:00:00+00:00,11.5,164.0
2024-08-15 02:00:00+00:00,67.75,110.75
2024-08-15 03:00:00+00:00,153.25,100.75
2024-08-15 04:00:00+00:00,134.25,115.25
2024-08-15 05:00:00+00:00,518.0,192.0
2024-08-15 06:00:00+00:00,607.75,214.0
2024-08-15 07:00:00+00:00,1014.5,295.5
2024-08-15 08:00:00+00:00,1394.5,374.0
2024-08-15 09:00:00+00:00,1872.5,411.75
2024-08-15 10:00:00+00:00,2006.5,561.5
2024-08-15 11:00:00+00:00,2164.25,780.75
2024-08-15 12:00:00+00:00,2900.0,1094.25
2024-08-15 13:00:00+00:00,2940.5,1231.5
2024-08-15 14:00:00+00:00,2357.5,1173.75
2024-08-15 15:00:00+00:00,3419.0,1334.75
2024-08-15 16:00:00+00:00,3800.25,1293.75
2024-08-15 17:00:00+00:00,3916.25,1209.0
2024-08-15 18:00:00+00:00,4079.0,1046.0
2024-08-15 19:00:00+00:00,4087.5,1278.25
2024-08-15 20:00:00+00:00,4094.0,1369.5
2024-08-15 21:00:00+00:00,4095.5,1376.0
2024-08-15 22:00:00+00:00,4042.0,1346.0
2024-08-15 23:00:00+00:00,3931.75,1232.25
2024-08-16 00:00:00+00:00,3765.75,1110.0
2024-08-16 01:00:00+00:00,3464.75,995.75
2024-08-16 02:00:00+00:00,3464.0,1008.0
2024-08-16 03:00:00+00:00,3039.0,1000.0
2024-08-16 04:00:00+00:00,1677.5,1045.75
2024-08-16 05:00:00+00:00,882.5,867.75
2024-08-16 06:00:00+00:00,582.5,615.25
2024-08-16 07:00:00+00:00,410.5,558.75
2024-08-16 08:00:00+00:00,283.0,407.5
2024-08-16 09:00:00+00:00,327.5,286.75
2024-08-16 10:00:00+00:00,454.5,278.5
2024-08-16 11:00:00+00:00,653.5,260.75
2024-08-16 12:00:00+00:00,461.25,271.75
2024-08-16 13:00:00+00:00,205.75,226.0
2024-08-16 14:00:00+00:00,123.0,132.5
2024-08-16 15:00:00+00:00,134.0,122.0
2024-08-16 16:00:00+00:00,56.75,189.0
2024-08-16 17:00:00+00:00,31.25,161.75
2024-08-16 18:00:00+00:00,22.5,129.5
2024-08-16 19:00:00+00:00,3.5,100.0
2024-08-16 20:00:00+00:00,1.5,87.0
2024-08-16 21:00:00+00:00,2.0,79.5
2024-08-16 22:00:00+00:00,7.0,82.75
2024-08-16 23:00:00+00:00,8.25,83.75
2024-08-17 00:00:00+00:00,12.25,84.75
2024-08-17 01:00:00+00:00,19.0,90.0
2024-08-17 02:00:00+00:00,24.5,89.25
2024-08-17 03:00:00+00:00,15.5,97.5
2024-08-17 04:00:00+00:00,12.75,110.5
2024-08-17 05:00:00+00:00,2.5,111.5
2024-08-17 06:00:00+00:00,0.5,117.75
2024-08-17 07:00:00+00:00,6.75,128.0
2024-08-17 08:00:00+00:00,23.25,157.5
2024-08-17 09:00:00+00:00,29.0,165.75
2024-08-17 10:00:00+00:00,35.0,158.75
2024-08-17 11:00:00+00:00,32.25,154.25
2024-08-17 12:00:00+00:00,24.0,156.25
2024-08-17 13:00:00+00:00,19.75,146.25
2024-08-17 14:00:00+00:00,19.25,145.75
2024-08-17 15:00:00+00:00,15.0,136.75
2024-08-17 16:00:00+00:00,19.0,111.0
2024-08-17 17:00:00+00:00,18.75,108.5
2024-08-17 18:00:00+00:00,25.0,105.0
2024-08-17 19:00:00+00:00,38.0,113.5
2024-08-17 20:00:00+00:00,75.25,141.0
2024-08-17 21:00:00+00:00,120.25,182.0
2024-08-17 22:00:00+00:00,121.75,200.75
2024-08-17 23:00:00+00:00,121.25,224.0
2024-08-18 00:00:00+00:00,172.75,208.25
2024-08-18 01:00:00+00:00,176.25,183.75
2024-08-18 02:00:00+00:00,118.75,115.0
2024-08-18 03:00:00+00:00,56.5,82.0
2024-08-18 04:00:00+00:00,28.0,78.75
2024-08-18 05:00:00+00:00,3.5,84.0
2024-08-18 06:00:00+00:00,0.75,96.0
2024-08-18 07:00:00+00:00,27.75,112.25
2024-08-18 08:00:00+00:00,81.0,111.25
2024-08-18 09:00:00+00:00,189.75,136.25
2024-08-18 10:00:00+00:00,315.25,172.0
2024-08-18 11:00:00+00:00,463.75,236.75
2024-08-18 12:00:00+00:00,535.5,302.75
2024-08-18 13:00:00+00:00,624.75,367.75
2024-08-18 14:00:00+00:00,610.0,458.75
2024-08-18 15:00:00+00:00,550.75,520.5
2024-08-18 16:00:00+00:00,490.5,460.0
2024-08-18 17:00:00+00:00,381.25,386.5
2024-08-18 18:00:00+00:00,293.5,292.25
2024-08-18 19:00:00+00:00,313.25,208.75
2024-08-18 20:00:00+00:00,350.5,212.25
2024-08-18 21:00:00+00:00,376.0,198.75
2024-08-18 22:00:00+00:00,335.75,162.0
2024-08-18 23:00:00+00:00,242.25,160.0
2024-08-19 00:00:00+00:00,216.75,192.25
2024-08-19 01:00:00+00:00,150.75,203.25
2024-08-19 02:00:00+00:00,89.5,155.0
2024-08-19 03:00:00+00:00,165.25,128.75
2024-08-19 04:00:00+00:00,261.75,173.5
2024-08-19 05:00:00+00:00,343.25,207.25
2024-08-19 06:00:00+00:00,510.75,221.5
2024-08-19 07:00:00+00:00,773.75,233.25
2024-08-19 08:00:00+00:00,896.0,263.5
2024-08-19 09:00:00+00:00,1281.5,303.25
2024-08-19 10:00:00+00:00,1301.5,306.75
2024-08-19 11:00:00+00:00,1048.25,279.5
2024-08-19 12:00:00+00:00,993.0,261.5
2024-08-19 13:00:00+00:00,802.75,240.0
2024-08-19 14:00:00+00:00,877.0,230.25
2024-08-19 15:00:00+00:00,638.0,228.5
2024-08-19 16:00:00+00:00,466.5,228.75
2024-08-19 17:00:00+00:00,569.5,259.25
2024-08-19 18:00:00+00:00,764.75,368.5
2024-08-19 19:00:00+00:00,1031.75,580.75
2024-08-19 20:00:00+00:00,1304.25,649.25
2024-08-19 21:00:00+00:00,1538.75,689.5
2024-08-19 22:00:00+00:00,1786.75,757.25
2024-08-19 23:00:00+00:00,1683.25,767.25
2024-08-20 00:00:00+00:00,1271.25,779.25
2024-08-20 01:00:00+00:00,1495.75,759.25
2024-08-20 02:00:00+00:00,1725.25,733.75
2024-08-20 03:00:00+00:00,1964.0,717.75
2024-08-20 04:00:00+00:00,2246.0,744.25
2024-08-20 05:00:00+00:00,2209.25,695.5
2024-08-20 06:00:00+00:00,2222.0,616.75
2024-08-20 07:00:00+00:00,2125.5,539.25
2024-08-20 08:00:00+00:00,2047.25,501.0
2024-08-20 09:00:00+00:00,2021.5,585.5
2024-08-20 10:00:00+00:00,1950.25,643.75
2024-08-20 11:00:00+00:00,2177.5,715.0
2024-08-20 12:00:00+00:00,2353.25,675.0
2024-08-20 13:00:00+00:00,2443.25,719.5
2024-08-20 14:00:00+00:00,2673.25,603.5
2024-08-20 15:00:00+00:00,2676.5,570.0
2024-08-20 16:00:00+00:00,2721.75,468.75
2024-08-20 17:00:00+00:00,2869.0,496.5
2024-08-20 18:00:00+00:00,2936.5,534.25
2024-08-20 19:00:00+00:00,2713.75,587.0
2024-08-20 20:00:00+00:00,1779.5,777.25
2024-08-20 21:00:00+00:00,1326.25,897.5
2024-08-20 22:00:00+00:00,2039.25,950.5
2024-08-20 23:00:00+00:00,2751.0,640.75
2024-08-21 00:00:00+00:00,3400.5,798.0
2024-08-21 01:00:00+00:00,3474.5,936.75
2024-08-21 02:00:00+00:00,3679.5,1020.25
2024-08-21 03:00:00+00:00,3616.75,1038.25
2024-08-21 04:00:00+00:00,3634.0,1179.25
2024-08-21 05:00:00+00:00,3464.5,1143.25
2024-08-21 06:00:00+00:00,3155.75,1076.25
2024-08-21 07:00:00+00:00,2619.75,1172.0
2024-08-21 08:00:00+00:00,2467.75,1290.25
2024-08-21 09:00:00+00:00,1824.5,1307.75
2024-08-21 10:00:00+00:00,1644.5,1354.5
2024-08-21 11:00:00+00:00,1610.0,1267.0
2024-08-21 12:00:00+00:00,1272.75,1147.75
2024-08-21 13:00:00+00:00,1300.5,1151.75
2024-08-21 14:00:00+00:00,1329.5,1167.5
2024-08-21 15:00:00+00:00,2089.0,1172.5
2024-08-21 16:00:00+00:00,2633.5,1208.25
2024-08-21 17:00:00+00:00,3417.75,1009.5
2024-08-21 18:00:00+00:00,4016.75,824.5
2024-08-21 19:00:00+00:00,3995.75,862.5
2024-08-21 20:00:00+00:00,3966.5,1105.0
2024-08-21 21:00:00+00:00,3842.25,1252.5
2024-08-21 22:00:00+00:00,3748.75,1341.25
2024-08-21 23:00:00+00:00,3675.5,1331.5
2024-08-22 00:00:00+00:00,3620.75,1281.0
2024-08-22 01:00:00+00:00,3686.25,1265.5
2024-08-22 02:00:00+00:00,3800.25,1324.5
2024-08-22 03:00:00+00:00,3855.25,1337.25
2024-08-22 04:00:00+00:00,4048.75,1407.0
2024-08-22 05:00:00+00:00,4074.5,1505.75
2024-08-22 06:00:00+00:00,3767.25,1625.75
2024-08-22 07:00:00+00:00,3227.0,1667.25
2024-08-22 08:00:00+00:00,1996.25,1434.0
2024-08-22 09:00:00+00:00,1648.25,1557.0
2024-08-22 10:00:00+00:00,2207.25,1655.25
2024-08-22 11:00:00+00:00,1843.0,1475.25
2024-08-22 12:00:00+00:00,1701.75,1316.0
2024-08-22 13:00:00+00:00,1816.25,1476.75
2024-08-22 14:00:00+00:00,2669.0,1704.75
2024-08-22 15:00:00+00:00,3855.75,1943.0
2024-08-22 16:00:00+00:00,4017.0,1763.5
2024-08-22 17:00:00+00:00,3968.0,1575.5
2024-08-22 18:00:00+00:00,3946.5,1339.5
2024-08-22 19:00:00+00:00,3971.0,1436.75
2024-08-22 20:00:00+00:00,4042.5,1416.0
2024-08-22 21:00:00+00:00,3779.0,1394.0
2024-08-22 22:00:00+00:00,3810.75,1327.5
2024-08-22 23:00:00+00:00,3804.5,1418.0
2024-08-23 00:00:00+00:00,3739.75,1538.0
2024-08-23 01:00:00+00:00,3720.75,1560.25
2024-08-23 02:00:00+00:00,3435.75,1744.0
2024-08-23 03:00:00+00:00,3433.75,1838.25
2024-08-23 04:00:00+00:00,3702.25,1965.5
2024-08-23 05:00:00+00:00,3898.5,2014.75
2024-08-23 06:00:00+00:00,3842.5,2129.25
2024-08-23 07:00:00+00:00,3295.0,2029.25
2024-08-23 08:00:00+00:00,3150.0,1835.0
2024-08-23 09:00:00+00:00,3229.75,1928.5
2024-08-23 10:00:00+00:00,3333.75,2080.25
2024-08-23 11:00:00+00:00,2798.25,1840.75
2024-08-23 12:00:00+00:00,2734.25,1678.75
2024-08-23 13:00:00+00:00,1741.0,1684.25
2024-08-23 14:00:00+00:00,1917.75,1449.5
2024-08-23 15:00:00+00:00,1573.25,1269.0
2024-08-23 16:00:00+00:00,1693.75,1040.75
2024-08-23 17:00:00+00:00,1612.75,526.5
2024-08-23 18:00:00+00:00,1761.5,282.25
2024-08-23 19:00:00+00:00,1994.0,221.25
2024-08-23 20:00:00+00:00,2110.75,249.25
2024-08-23 21:00:00+00:00,2596.0,441.75
2024-08-23 22:00:00+00:00,2738.25,519.25
2024-08-23 23:00:00+00:00,2479.0,618.75
2024-08-24 00:00:00+00:00,2446.5,887.0
2024-08-24 01:00:00+00:00,2521.75,929.75
2024-08-24 02:00:00+00:00,2122.5,875.25
2024-08-24 03:00:00+00:00,1627.0,862.0
2024-08-24 04:00:00+00:00,1434.75,888.0
2024-08-24 05:00:00+00:00,1015.0,766.75
2024-08-24 06:00:00+00:00,611.0,664.0
2024-08-24 07:00:00+00:00,420.75,596.75
2024-08-24 08:00:00+00:00,332.75,779.25
2024-08-24 09:00:00+00:00,277.5,916.0
2024-08-24 10:00:00+00:00,249.25,1143.25
2024-08-24 11:00:00+00:00,239.75,1117.75
2024-08-24 12:00:00+00:00,441.25,984.0
2024-08-24 13:00:00+00:00,997.75,1190.25
2024-08-24 14:00:00+00:00,1277.75,1330.5
2024-08-24 15:00:00+00:00,1119.0,1091.25
2024-08-24 16:00:00+00:00,867.25,1271.0
2024-08-24 17:00:00+00:00,1774.75,419.25
2024-08-24 18:00:00+00:00,2471.5,470.5
2024-08-24 19:00:00+00:00,2902.0,714.25
2024-08-24 20:00:00+00:00,2975.0,1034.0
2024-08-24 21:00:00+00:00,2792.25,1277.75
2024-08-24 22:00:00+00:00,3136.75,1142.75
2024-08-24 23:00:00+00:00,3311.5,1141.25
2024-08-25 00:00:00+00:00,3374.75,1149.25
2024-08-25 01:00:00+00:00,3365.75,1146.75
2024-08-25 02:00:00+00:00,2918.5,1183.5
2024-08-25 03:00:00+00:00,2713.25,1097.5
2024-08-25 04:00:00+00:00,2640.25,1109.25
2024-08-25 05:00:00+00:00,2679.0,1030.0
2024-08-25 06:00:00+00:00,2470.25,1082.75
2024-08-25 07:00:00+00:00,1913.25,929.5
2024-08-25 08:00:00+00:00,1813.25,1051.75
2024-08-25 09:00:00+00:00,1170.75,1123.25
2024-08-25 10:00:00+00:00,1165.5,1108.25
2024-08-25 11:00:00+00:00,1119.25,983.75
2024-08-25 12:00:00+00:00,1277.25,938.5
2024-08-25 13:00:00+00:00,1726.75,911.5
2024-08-25 14:00:00+00:00,2241.0,897.0
2024-08-25 15:00:00+00:00,2399.25,945.5
2024-08-25 16:00:00+00:00,3233.5,1070.75
2024-08-25 17:00:00+00:00,3924.5,967.5
2024-08-25 18:00:00+00:00,4029.0,946.0
2024-08-25 19:00:00+00:00,4009.75,986.5
2024-08-25 20:00:00+00:00,4010.5,1056.75
2024-08-25 21:00:00+00:00,3997.5,1188.75
2024-08-25 22:00:00+00:00,3951.0,1256.75
2024-08-25 23:00:00+00:00,3781.0,1429.5
2024-08-26 00:00:00+00:00,3828.25,1466.0
2024-08-26 01:00:00+00:00,3692.5,1524.5
2024-08-26 02:00:00+00:00,3652.5,1488.25
2024-08-26 03:00:00+00:00,3697.75,1372.0
2024-08-26 04:00:00+00:00,3566.0,1292.25
2024-08-26 05:00:00+00:00,3493.75,1203.25
2024-08-26 06:00:00+00:00,3119.25,1102.25
2024-08-26 07:00:00+00:00,2754.75,1076.5
2024-08-26 08:00:00+00:00,2147.0,1165.5
2024-08-26 09:00:00+00:00,2222.75,1112.25
2024-08-26 10:00:00+00:00,2314.5,1005.25
2024-08-26 11:00:00+00:00,2435.25,987.25
2024-08-26 12:00:00+00:00,2443.5,980.0
2024-08-26 13:00:00+00:00,2215.0,947.5
2024-08-26 14:00:00+00:00,2044.5,850.75
2024-08-26 15:00:00+00:00,1954.75,747.5
2024-08-26 16:00:00+00:00,1847.0,544.75
2024-08-26 17:00:00+00:00,1788.5,246.25
2024-08-26 18:00:00+00:00,1691.0,175.25
2024-08-26 19:00:00+00:00,1519.5,150.0
2024-08-26 20:00:00+00:00,1506.25,208.25
2024-08-26 21:00:00+00:00,1461.0,231.25
2024-08-26 22:00:00+00:00,1489.0,291.75
2024-08-26 23:00:00+00:00,1572.25,436.25
2024-08-27 00:00:00+00:00,1427.75,522.75
2024-08-27 01:00:00+00:00,1263.0,465.5
2024-08-27 02:00:00+00:00,1303.0,412.5
2024-08-27 03:00:00+00:00,1358.5,417.75
2024-08-27 04:00:00+00:00,1382.0,475.75
2024-08-27 05:00:00+00:00,1239.0,406.75
2024-08-27 06:00:00+00:00,1037.5,321.25
2024-08-27 07:00:00+00:00,891.0,251.0
2024-08-27 08:00:00+00:00,748.75,202.75
2024-08-27 09:00:00+00:00,634.75,234.0
2024-08-27 10:00:00+00:00,524.25,266.75
2024-08-27 11:00:00+00:00,404.25,264.5
2024-08-27 12:00:00+00:00,242.75,271.25
2024-08-27 13:00:00+00:00,102.75,233.0
2024-08-27 14:00:00+00:00,43.75,215.0
2024-08-27 15:00:00+00:00,17.75,202.75
2024-08-27 16:00:00+00:00,15.0,184.0
2024-08-27 17:00:00+00:00,17.25,157.75
2024-08-27 18:00:00+00:00,49.75,193.75
2024-08-27 19:00:00+00:00,61.75,241.0
2024-08-27 20:00:00+00:00,119.5,262.75
2024-08-27 21:00:00+00:00,207.25,273.75
2024-08-27 22:00:00+00:00,229.0,290.5
2024-08-27 23:00:00+00:00,309.0,247.5
2024-08-28 00:00:00+00:00,355.75,171.0
2024-08-28 01:00:00+00:00,292.25,135.5
2024-08-28 02:00:00+00:00,143.0,125.75
2024-08-28 03:00:00+00:00,117.5,128.0
2024-08-28 04:00:00+00:00,105.0,155.5
2024-08-28 05:00:00+00:00,142.0,145.0
2024-08-28 06:00:00+00:00,153.25,157.25
2024-08-28 07:00:00+00:00,152.75,170.0
2024-08-28 08:00:00+00:00,108.25,165.5
2024-08-28 09:00:00+00:00,85.0,158.5
2024-08-28 10:00:00+00:00,63.75,196.25
2024-08-28 11:00:00+00:00,66.5,266.25
2024-08-28 12:00:00+00:00,71.0,336.0
2024-08-28 13:00:00+00:00,94.75,403.0
2024-08-28 14:00:00+00:00,119.25,379.75
2024-08-28 15:00:00+00:00,130.5,357.25
2024-08-28 16:00:00+00:00,156.75,294.0
2024-08-28 17:00:00+00:00,211.75,213.5
2024-08-28 18:00:00+00:00,217.5,163.25
2024-08-28 19:00:00+00:00,175.5,155.75
2024-08-28 20:00:00+00:00,174.5,223.5
2024-08-28 21:00:00+00:00,196.0,238.5
2024-08-28 22:00:00+00:00,261.75,239.5
2024-08-28 23:00:00+00:00,440.5,225.0
2024-08-29 00:00:00+00:00,581.5,210.5
2024-08-29 01:00:00+00:00,789.0,269.0
2024-08-29 02:00:00+00:00,743.25,346.0
2024-08-29 03:00:00+00:00,823.5,375.75
2024-08-29 04:00:00+00:00,731.25,358.0
2024-08-29 05:00:00+00:00,449.5,296.5
2024-08-29 06:00:00+00:00,390.5,237.0
2024-08-29 07:00:00+00:00,525.5,195.25
2024-08-29 08:00:00+00:00,658.25,228.25
2024-08-29 09:00:00+00:00,576.25,274.5
2024-08-29 10:00:00+00:00,360.75,340.5
2024-08-29 11:00:00+00:00,357.25,379.75
2024-08-29 12:00:00+00:00,395.75,344.0
2024-08-29 13:00:00+00:00,239.0,364.25
2024-08-29 14:00:00+00:00,103.0,348.0
2024-08-29 15:00:00+00:00,141.75,309.75
2024-08-29 16:00:00+00:00,124.5,256.75
2024-08-29 17:00:00+00:00,77.75,231.25
2024-08-29 18:00:00+00:00,63.75,257.75
2024-08-29 19:00:00+00:00,17.5,237.75
2024-08-29 20:00:00+00:00,8.75,156.5
2024-08-29 21:00:00+00:00,0.5,86.75
2024-08-29 22:00:00+00:00,0.0,72.5
2024-08-29 23:00:00+00:00,0.0,68.5
2024-08-30 00:00:00+00:00,5.25,65.5
2024-08-30 01:00:00+00:00,10.75,66.5
2024-08-30 02:00:00+00:00,12.25,70.0
2024-08-30 03:00:00+00:00,5.0,75.5
2024-08-30 04:00:00+00:00,7.0,76.5
2024-08-30 05:00:00+00:00,7.0,94.5
2024-08-30 06:00:00+00:00,4.75,88.25
2024-08-30 07:00:00+00:00,7.0,88.0
2024-08-30 08:00:00+00:00,6.75,97.0
2024-08-30 09:00:00+00:00,3.0,140.75
2024-08-30 10:00:00+00:00,7.25,169.0
2024-08-30 11:00:00+00:00,10.75,180.25
2024-08-30 12:00:00+00:00,84.75,215.0
2024-08-30 13:00:00+00:00,303.75,260.75
2024-08-30 14:00:00+00:00,762.25,361.75
2024-08-30 15:00:00+00:00,1210.5,452.5
2024-08-30 16:00:00+00:00,1602.0,500.75
2024-08-30 17:00:00+00:00,2181.0,650.5
2024-08-30 18:00:00+00:00,2416.25,694.25
2024-08-30 19:00:00+00:00,2649.0,824.75
2024-08-30 20:00:00+00:00,2741.5,946.25
2024-08-30 21:00:00+00:00,2701.25,864.0
2024-08-30 22:00:00+00:00,2591.5,928.0
2024-08-30 23:00:00+00:00,2603.75,911.25
2024-08-31 00:00:00+00:00,2601.5,935.5
2024-08-31 01:00:00+00:00,2540.75,973.25
2024-08-31 02:00:00+00:00,2707.0,999.75
2024-08-31 03:00:00+00:00,2781.25,1048.0
2024-08-31 04:00:00+00:00,2941.75,1097.0
2024-08-31 05:00:00+00:00,3015.25,1080.75
2024-08-31 06:00:00+00:00,3204.25,1010.0
2024-08-31 07:00:00+00:00,3083.25,1023.25
2024-08-31 08:00:00+00:00,2797.75,1293.25
2024-08-31 09:00:00+00:00,2338.25,1382.25
2024-08-31 10:00:00+00:00,1664.75,1225.0
2024-08-31 11:00:00+00:00,1898.25,1193.75
2024-08-31 12:00:00+00:00,1285.25,1186.0
2024-08-31 13:00:00+00:00,995.0,1133.5
2024-08-31 14:00:00+00:00,2653.0,1335.25
2024-08-31 15:00:00+00:00,3209.75,1266.5
2024-08-31 16:00:00+00:00,2846.5,1211.5
2024-08-31 17:00:00+00:00,2436.75,1054.25
2024-08-31 18:00:00+00:00,2855.0,1193.75
2024-08-31 19:00:00+00:00,2894.0,1334.25
2024-08-31 20:00:00+00:00,3283.75,1335.5
2024-08-31 21:00:00+00:00,3361.5,1362.25
2024-08-31 22:00:00+00:00,3134.75,1346.25
2024-08-31 23:00:00+00:00,2943.25,1368.0
2024-09-01 00:00:00+00:00,2718.25,1399.5
2024-09-01 01:00:00+00:00,2482.5,1236.0
2024-09-01 02:00:00+00:00,2070.0,1083.25
2024-09-01 03:00:00+00:00,1913.5,1052.5
2024-09-01 04:00:00+00:00,1821.0,1151.25
2024-09-01 05:00:00+00:00,1758.25,1189.75
2024-09-01 06:00:00+00:00,1946.5,912.25
2024-09-01 07:00:00+00:00,1652.5,676.25
2024-09-01 08:00:00+00:00,1125.0,624.75
2024-09-01 09:00:00+00:00,1002.25,613.0
2024-09-01 10:00:00+00:00,880.75,558.75
2024-09-01 11:00:00+00:00,832.0,648.5
2024-09-01 12:00:00+00:00,905.5,745.25
2024-09-01 13:00:00+00:00,1331.75,693.0
2024-09-01 14:00:00+00:00,1692.0,709.0
2024-09-01 15:00:00+00:00,2099.25,761.5
2024-09-01 16:00:00+00:00,2104.5,741.75
2024-09-01 17:00:00+00:00,2144.5,735.25
2024-09-01 18:00:00+00:00,2269.25,946.0
2024-09-01 19:00:00+00:00,2771.0,1084.25
2024-09-01 20:00:00+00:00,2447.75,1124.75
2024-09-01 21:00:00+00:00,2123.25,1072.75
2024-09-01 22:00:00+00:00,1984.25,963.25
2024-09-01 23:00:00+00:00,1691.75,928.5
2024-09-02 00:00:00+00:00,1465.25,869.5
2024-09-02 01:00:00+00:00,1022.25,793.75
2024-09-02 02:00:00+00:00,833.5,710.25
2024-09-02 03:00:00+00:00,731.0,558.25
2024-09-02 04:00:00+00:00,576.25,417.75
2024-09-02 05:00:00+00:00,544.25,332.5
2024-09-02 06:00:00+00:00,515.25,224.25
2024-09-02 07:00:00+00:00,442.5,179.25
2024-09-02 08:00:00+00:00,469.0,145.25
2024-09-02 09:00:00+00:00,454.25,149.75
2024-09-02 10:00:00+00:00,467.5,171.25
2024-09-02 11:00:00+00:00,585.5,198.0
2024-09-02 12:00:00+00:00,590.25,200.0
2024-09-02 13:00:00+00:00,688.0,202.75
2024-09-02 14:00:00+00:00,742.75,176.5
2024-09-02 15:00:00+00:00,688.5,153.5
2024-09-02 16:00:00+00:00,770.0,237.5
2024-09-02 17:00:00+00:00,733.5,204.5
2024-09-02 18:00:00+00:00,374.25,176.75
2024-09-02 19:00:00+00:00,203.0,211.0
2024-09-02 20:00:00+00:00,94.5,218.75
2024-09-02 21:00:00+00:00,86.75,55.0
2024-09-02 22:00:00+00:00,117.75,32.5
2024-09-02 23:00:00+00:00,227.75,47.5
2024-09-03 00:00:00+00:00,260.5,46.5
2024-09-03 01:00:00+00:00,284.5,47.25
2024-09-03 02:00:00+00:00,300.5,43.75
2024-09-03 03:00:00+00:00,261.5,41.25
2024-09-03 04:00:00+00:00,191.25,52.75
2024-09-03 05:00:00+00:00,253.5,56.5
2024-09-03 06:00:00+00:00,267.0,93.75
2024-09-03 07:00:00+00:00,219.0,107.5
2024-09-03 08:00:00+00:00,241.25,101.25
2024-09-03 09:00:00+00:00,322.5,121.0
2024-09-03 10:00:00+00:00,511.25,158.75
2024-09-03 11:00:00+00:00,694.5,252.0
2024-09-03 12:00:00+00:00,701.0,259.5
2024-09-03 13:00:00+00:00,685.5,260.25
2024-09-03 14:00:00+00:00,594.25,284.25
2024-09-03 15:00:00+00:00,639.5,193.5
2024-09-03 16:00:00+00:00,635.0,76.25
2024-09-03 17:00:00+00:00,548.0,56.75
2024-09-03 18:00:00+00:00,500.0,50.25
2024-09-03 19:00:00+00:00,576.0,48.5
2024-09-03 20:00:00+00:00,552.0,74.75
2024-09-03 21:00:00+00:00,652.5,92.0
2024-09-03 22:00:00+00:00,547.5,125.75
2024-09-03 23:00:00+00:00,537.25,119.5
2024-09-04 00:00:00+00:00,609.25,97.5
2024-09-04 01:00:00+00:00,538.75,110.5
2024-09-04 02:00:00+00:00,551.75,105.25
2024-09-04 03:00:00+00:00,526.0,96.5
2024-09-04 04:00:00+00:00,512.75,101.75
2024-09-04 05:00:00+00:00,539.0,102.25
2024-09-04 06:00:00+00:00,415.5,96.25
2024-09-04 07:00:00+00:00,239.75,84.5
2024-09-04 08:00:00+00:00,142.25,78.0
2024-09-04 09:00:00+00:00,78.0,76.25
2024-09-04 10:00:00+00:00,76.75,82.5
2024-09-04 11:00:00+00:00,128.75,99.5
2024-09-04 12:00:00+00:00,138.75,102.75
2024-09-04 13:00:00+00:00,142.25,117.75
2024-09-04 14:00:00+00:00,160.25,119.25
2024-09-04 15:00:00+00:00,138.25,92.0
2024-09-04 16:00:00+00:00,146.0,58.5
2024-09-04 17:00:00+00:00,235.0,53.0
2024-09-04 18:00:00+00:00,254.0,54.5
2024-09-04 19:00:00+00:00,286.0,66.0
2024-09-04 20:00:00+00:00,287.0,85.0
2024-09-04 21:00:00+00:00,312.75,88.0
2024-09-04 22:00:00+00:00,330.75,127.5
2024-09-04 23:00:00+00:00,343.25,164.0
2024-09-05 00:00:00+00:00,415.75,241.25
2024-09-05 01:00:00+00:00,507.5,400.25
2024-09-05 02:00:00+00:00,811.75,450.75
2024-09-05 03:00:00+00:00,1041.25,464.0
2024-09-05 04:00:00+00:00,1377.75,535.25
2024-09-05 05:00:00+00:00,1875.0,749.5
2024-09-05 06:00:00+00:00,2730.0,897.75
2024-09-05 07:00:00+00:00,3750.75,972.0
2024-09-05 08:00:00+00:00,3932.25,872.75
2024-09-05 09:00:00+00:00,3503.75,864.75
2024-09-05 10:00:00+00:00,3276.5,874.5
2024-09-05 11:00:00+00:00,2339.75,841.25
2024-09-05 12:00:00+00:00,1533.5,825.0
2024-09-05 13:00:00+00:00,2190.75,1030.5
2024-09-05 14:00:00+00:00,2671.75,1182.5
2024-09-05 15:00:00+00:00,2631.0,1406.75
2024-09-05 16:00:00+00:00,2586.0,1390.5
2024-09-05 17:00:00+00:00,2610.75,1258.0
2024-09-05 18:00:00+00:00,2110.25,1425.5
2024-09-05 19:00:00+00:00,1863.0,1568.25
2024-09-05 20:00:00+00:00,2105.25,1624.5
2024-09-05 21:00:00+00:00,2399.0,1575.25
2024-09-05 22:00:00+00:00,2474.25,1567.25
2024-09-05 23:00:00+00:00,2385.0,1572.25
2024-09-06 00:00:00+00:00,2428.0,1546.75
2024-09-06 01:00:00+00:00,2483.75,1490.75
2024-09-06 02:00:00+00:00,2423.75,1402.0
2024-09-06 03:00:00+00:00,2243.75,1343.5
2024-09-06 04:00:00+00:00,2004.0,1303.25
2024-09-06 05:00:00+00:00,1858.75,1245.75
2024-09-06 06:00:00+00:00,1683.5,1109.0
2024-09-06 07:00:00+00:00,1543.0,1006.25
2024-09-06 08:00:00+00:00,1536.0,878.5
2024-09-06 09:00:00+00:00,1435.5,823.0
2024-09-06 10:00:00+00:00,1305.0,715.75
2024-09-06 11:00:00+00:00,975.25,622.75
2024-09-06 12:00:00+00:00,712.5,620.75
2024-09-06 13:00:00+00:00,993.5,672.0
2024-09-06 14:00:00+00:00,1251.5,586.0
2024-09-06 15:00:00+00:00,948.25,634.75
2024-09-06 16:00:00+00:00,408.0,551.5
2024-09-06 17:00:00+00:00,407.25,600.5
2024-09-06 18:00:00+00:00,552.0,548.0
2024-09-06 19:00:00+00:00,274.5,354.25
2024-09-06 20:00:00+00:00,212.75,413.5
2024-09-06 21:00:00+00:00,181.0,325.0
2024-09-06 22:00:00+00:00,130.25,202.25
2024-09-06 23:00:00+00:00,124.75,91.0
2024-09-07 00:00:00+00:00,118.0,81.5
2024-09-07 01:00:00+00:00,208.25,82.0
2024-09-07 02:00:00+00:00,206.25,65.75
2024-09-07 03:00:00+00:00,256.25,66.75
2024-09-07 04:00:00+00:00,319.25,63.25
2024-09-07 05:00:00+00:00,311.75,74.75
2024-09-07 06:00:00+00:00,286.5,71.5
2024-09-07 07:00:00+00:00,171.25,67.0
2024-09-07 08:00:00+00:00,81.75,88.25
2024-09-07 09:00:00+00:00,32.75,127.75
2024-09-07 10:00:00+00:00,5.5,150.25
2024-09-07 11:00:00+00:00,10.25,164.75
2024-09-07 12:00:00+00:00,43.25,149.5
2024-09-07 13:00:00+00:00,141.5,143.75
2024-09-07 14:00:00+00:00,230.25,162.25
2024-09-07 15:00:00+00:00,300.25,227.25
2024-09-07 16:00:00+00:00,429.0,229.5
2024-09-07 17:00:00+00:00,458.25,255.0
2024-09-07 18:00:00+00:00,512.25,323.25
2024-09-07 19:00:00+00:00,723.25,553.75
2024-09-07 20:00:00+00:00,1347.0,719.0
2024-09-07 21:00:00+00:00,1712.5,870.0
2024-09-07 22:00:00+00:00,1711.75,1033.25
2024-09-07 23:00:00+00:00,1388.5,783.25
2024-09-08 00:00:00+00:00,914.25,521.5
2024-09-08 01:00:00+00:00,839.75,437.0
2024-09-08 02:00:00+00:00,1039.0,514.25
2024-09-08 03:00:00+00:00,1741.5,435.5
2024-09-08 04:00:00+00:00,1564.0,565.5
2024-09-08 05:00:00+00:00,1739.25,594.75
2024-09-08 06:00:00+00:00,1989.75,538.75
2024-09-08 07:00:00+00:00,2258.5,606.0
2024-09-08 08:00:00+00:00,2517.75,698.25
2024-09-08 09:00:00+00:00,2729.75,770.75
2024-09-08 10:00:00+00:00,2704.75,806.5
2024-09-08 11:00:00+00:00,2405.0,784.5
2024-09-08 12:00:00+00:00,1896.75,919.0
2024-09-08 13:00:00+00:00,1831.75,959.5
2024-09-08 14:00:00+00:00,1641.5,846.75
2024-09-08 15:00:00+00:00,1716.0,753.5
2024-09-08 16:00:00+00:00,1687.75,586.0
2024-09-08 17:00:00+00:00,1228.0,440.0
2024-09-08 18:00:00+00:00,959.0,334.25
2024-09-08 19:00:00+00:00,739.75,274.0
2024-09-08 20:00:00+00:00,626.0,241.75
2024-09-08 21:00:00+00:00,422.75,337.75
2024-09-08 22:00:00+00:00,248.0,331.0
2024-09-08 23:00:00+00:00,199.5,231.25
2024-09-09 00:00:00+00:00,74.75,194.0
2024-09-09 01:00:00+00:00,27.75,150.75
2024-09-09 02:00:00+00:00,26.75,125.5
2024-09-09 03:00:00+00:00,144.0,97.5
2024-09-09 04:00:00+00:00,195.0,90.75
2024-09-09 05:00:00+00:00,261.75,104.75
2024-09-09 06:00:00+00:00,358.5,112.5
2024-09-09 07:00:00+00:00,439.25,129.0
2024-09-09 08:00:00+00:00,597.0,161.75
2024-09-09 09:00:00+00:00,692.25,254.5
2024-09-09 10:00:00+00:00,1009.0,342.0
2024-09-09 11:00:00+00:00,1776.75,490.0
2024-09-09 12:00:00+00:00,2741.75,642.0
2024-09-09 13:00:00+00:00,3137.5,723.0
2024-09-09 14:00:00+00:00,3949.5,967.0
2024-09-09 15:00:00+00:00,4190.5,1706.5
2024-09-09 16:00:00+00:00,4156.0,1884.25
2024-09-09 17:00:00+00:00,3685.75,1931.75
2024-09-09 18:00:00+00:00,3288.25,1970.75
2024-09-09 19:00:00+00:00,2795.0,1807.5
2024-09-09 20:00:00+00:00,2591.0,1649.25
2024-09-09 21:00:00+00:00,2534.0,1478.75
2024-09-09 22:00:00+00:00,2037.25,1359.75
2024-09-09 23:00:00+00:00,2045.5,1042.0
2024-09-10 00:00:00+00:00,2312.5,749.5
2024-09-10 01:00:00+00:00,2554.75,724.25
2024-09-10 02:00:00+00:00,2704.25,702.25
2024-09-10 03:00:00+00:00,2633.75,914.75
2024-09-10 04:00:00+00:00,3073.5,1126.0
2024-09-10 05:00:00+00:00,3590.5,1395.5
2024-09-10 06:00:00+00:00,3826.5,1435.0
2024-09-10 07:00:00+00:00,3792.0,1486.5
2024-09-10 08:00:00+00:00,3756.5,1775.5
2024-09-10 09:00:00+00:00,4015.25,2052.5
2024-09-10 10:00:00+00:00,4076.75,2189.25
2024-09-10 11:00:00+00:00,4044.25,2242.0
2024-09-10 12:00:00+00:00,3924.5,2238.0
2024-09-10 13:00:00+00:00,4034.75,2244.5
2024-09-10 14:00:00+00:00,3918.75,2189.5
2024-09-10 15:00:00+00:00,4216.25,2140.25
2024-09-10 16:00:00+00:00,4288.5,2021.5
2024-09-10 17:00:00+00:00,3987.75,1759.75
2024-09-10 18:00:00+00:00,3657.75,1725.75
2024-09-10 19:00:00+00:00,3360.5,1484.5
2024-09-10 20:00:00+00:00,3041.75,989.0
2024-09-10 21:00:00+00:00,2637.5,836.75
2024-09-10 22:00:00+00:00,1251.25,1009.25
2024-09-10 23:00:00+00:00,1046.5,471.75
2024-09-11 00:00:00+00:00,2117.0,190.25
2024-09-11 01:00:00+00:00,2851.5,225.25
2024-09-11 02:00:00+00:00,3007.25,603.25
2024-09-11 03:00:00+00:00,3348.5,829.5
2024-09-11 04:00:00+00:00,3280.75,1206.75
2024-09-11 05:00:00+00:00,3389.25,1272.25
2024-09-11 06:00:00+00:00,3631.75,1450.5
2024-09-11 07:00:00+00:00,3742.25,1365.0
2024-09-11 08:00:00+00:00,3645.5,1393.0
2024-09-11 09:00:00+00:00,3586.75,1603.25
2024-09-11 10:00:00+00:00,3199.75,1893.0
2024-09-11 11:00:00+00:00,3064.75,1406.5
2024-09-11 12:00:00+00:00,3142.25,1575.5
2024-09-11 13:00:00+00:00,2843.5,1610.25
2024-09-11 14:00:00+00:00,3049.25,1165.5
2024-09-11 15:00:00+00:00,2738.0,917.75
2024-09-11 16:00:00+00:00,2640.75,614.0
2024-09-11 17:00:00+00:00,2040.75,627.0
2024-09-11 18:00:00+00:00,2082.5,656.75
2024-09-11 19:00:00+00:00,2035.5,617.75
2024-09-11 20:00:00+00:00,1513.75,731.5
2024-09-11 21:00:00+00:00,1405.5,553.0
2024-09-11 22:00:00+00:00,1430.75,394.5
2024-09-11 23:00:00+00:00,1473.25,435.25
2024-09-12 00:00:00+00:00,1034.5,452.5
2024-09-12 01:00:00+00:00,1105.0,525.5
2024-09-12 02:00:00+00:00,1072.5,562.5
2024-09-12 03:00:00+00:00,630.25,452.0
2024-09-12 04:00:00+00:00,917.25,474.0
2024-09-12 05:00:00+00:00,1311.25,425.5
2024-09-12 06:00:00+00:00,1401.5,374.5
2024-09-12 07:00:00+00:00,1086.75,380.5
2024-09-12 08:00:00+00:00,787.25,409.0
2024-09-12 09:00:00+00:00,830.5,370.75
2024-09-12 10:00:00+00:00,649.0,306.75
2024-09-12 11:00:00+00:00,525.25,379.25
2024-09-12 12:00:00+00:00,831.75,428.5
2024-09-12 13:00:00+00:00,932.5,292.75
2024-09-12 14:00:00+00:00,823.0,335.0
2024-09-12 15:00:00+00:00,696.5,393.0
2024-09-12 16:00:00+00:00,1793.0,318.25
2024-09-12 17:00:00+00:00,2425.5,260.75
2024-09-12 18:00:00+00:00,2141.0,215.5
2024-09-12 19:00:00+00:00,2082.5,222.5
2024-09-12 20:00:00+00:00,2162.25,158.75
2024-09-12 21:00:00+00:00,2075.75,114.75
2024-09-12 22:00:00+00:00,2029.75,93.75
2024-09-12 23:00:00+00:00,1675.75,124.0
2024-09-13 00:00:00+00:00,1614.75,202.0
2024-09-13 01:00:00+00:00,1290.0,242.25
2024-09-13 02:00:00+00:00,1378.75,308.75
2024-09-13 03:00:00+00:00,1222.0,356.0
2024-09-13 04:00:00+00:00,1156.25,502.75
2024-09-13 05:00:00+00:00,1236.75,568.75
2024-09-13 06:00:00+00:00,1637.75,448.5
2024-09-13 07:00:00+00:00,1740.0,564.5
2024-09-13 08:00:00+00:00,1818.75,631.0
2024-09-13 09:00:00+00:00,1813.75,743.75
2024-09-13 10:00:00+00:00,1894.0,855.5
2024-09-13 11:00:00+00:00,1610.25,881.0
2024-09-13 12:00:00+00:00,1440.75,893.0
2024-09-13 13:00:00+00:00,1322.5,907.25
2024-09-13 14:00:00+00:00,1181.25,924.0
2024-09-13 15:00:00+00:00,1197.25,924.75
2024-09-13 16:00:00+00:00,1199.5,827.0
2024-09-13 17:00:00+00:00,1134.75,645.25
2024-09-13 18:00:00+00:00,924.0,567.25
2024-09-13 19:00:00+00:00,785.5,544.0
2024-09-13 20:00:00+00:00,676.25,535.25
2024-09-13 21:00:00+00:00,672.25,463.75
2024-09-13 22:00:00+00:00,620.5,391.5
2024-09-13 23:00:00+00:00,330.5,273.0
2024-09-14 00:00:00+00:00,196.75,211.5
2024-09-14 01:00:00+00:00,272.0,212.0
2024-09-14 02:00:00+00:00,278.5,207.75
2024-09-14 03:00:00+00:00,225.75,141.0
2024-09-14 04:00:00+00:00,96.0,136.5
2024-09-14 05:00:00+00:00,84.25,118.0
2024-09-14 06:00:00+00:00,55.0,128.75
2024-09-14 07:00:00+00:00,46.0,140.25
2024-09-14 08:00:00+00:00,35.0,151.0
2024-09-14 09:00:00+00:00,94.25,169.0
2024-09-14 10:00:00+00:00,334.0,187.25
2024-09-14 11:00:00+00:00,279.25,182.75
2024-09-14 12:00:00+00:00,305.0,196.75
2024-09-14 13:00:00+00:00,352.75,232.25
2024-09-14 14:00:00+00:00,313.25,179.25
2024-09-14 15:00:00+00:00,347.75,152.5
2024-09-14 16:00:00+00:00,425.5,145.0
2024-09-14 17:00:00+00:00,467.0,152.25
2024-09-14 18:00:00+00:00,461.5,163.0
2024-09-14 19:00:00+00:00,537.25,180.75
2024-09-14 20:00:00+00:00,645.25,181.25
2024-09-14 21:00:00+00:00,764.75,188.0
2024-09-14 22:00:00+00:00,821.5,208.75
2024-09-14 23:00:00+00:00,801.5,225.0
2024-09-15 00:00:00+00:00,691.5,252.5
2024-09-15 01:00:00+00:00,518.5,294.0
2024-09-15 02:00:00+00:00,359.0,335.0
2024-09-15 03:00:00+00:00,327.0,378.0
2024-09-15 04:00:00+00:00,240.25,354.25
2024-09-15 05:00:00+00:00,211.75,317.75
2024-09-15 06:00:00+00:00,231.75,287.5
2024-09-15 07:00:00+00:00,216.0,224.75
2024-09-15 08:00:00+00:00,265.75,169.5
2024-09-15 09:00:00+00:00,368.0,185.0
2024-09-15 10:00:00+00:00,480.0,191.25
2024-09-15 11:00:00+00:00,689.0,152.75
2024-09-15 12:00:00+00:00,754.5,172.25
2024-09-15 13:00:00+00:00,769.75,215.0
2024-09-15 14:00:00+00:00,759.25,290.5
2024-09-15 15:00:00+00:00,904.25,287.75
2024-09-15 16:00:00+00:00,1058.75,278.25
2024-09-15 17:00:00+00:00,1197.25,347.75
2024-09-15 18:00:00+00:00,1239.0,407.5
2024-09-15 19:00:00+00:00,1214.0,284.0
2024-09-15 20:00:00+00:00,753.5,164.0
2024-09-15 21:00:00+00:00,674.75,120.5
2024-09-15 22:00:00+00:00,683.25,111.25
2024-09-15 23:00:00+00:00,578.0,130.5
2024-09-16 00:00:00+00:00,402.0,130.5
2024-09-16 01:00:00+00:00,502.0,126.5
2024-09-16 02:00:00+00:00,460.5,129.25
2024-09-16 03:00:00+00:00,416.25,105.5
2024-09-16 04:00:00+00:00,458.5,95.0
2024-09-16 05:00:00+00:00,836.0,102.25
2024-09-16 06:00:00+00:00,1798.25,128.75
2024-09-16 07:00:00+00:00,1998.25,209.75
2024-09-16 08:00:00+00:00,2144.25,339.75
2024-09-16 09:00:00+00:00,2003.5,456.5
2024-09-16 10:00:00+00:00,1846.75,683.75
2024-09-16 11:00:00+00:00,1583.25,816.25
2024-09-16 12:00:00+00:00,1507.5,848.5
2024-09-16 13:00:00+00:00,1681.5,897.0
2024-09-16 14:00:00+00:00,1802.25,976.0
2024-09-16 15:00:00+00:00,2098.75,1011.0
2024-09-16 16:00:00+00:00,2708.0,1113.25
2024-09-16 17:00:00+00:00,2918.0,992.75
2024-09-16 18:00:00+00:00,2952.75,706.75
2024-09-16 19:00:00+00:00,2945.75,743.0
2024-09-16 20:00:00+00:00,2528.75,891.75
2024-09-16 21:00:00+00:00,2419.5,900.5
2024-09-16 22:00:00+00:00,2376.0,899.75
2024-09-16 23:00:00+00:00,2352.75,1000.5
2024-09-17 00:00:00+00:00,2560.0,897.0
2024-09-17 01:00:00+00:00,2458.0,881.5
2024-09-17 02:00:00+00:00,2434.0,955.5
2024-09-17 03:00:00+00:00,2057.25,913.5
2024-09-17 04:00:00+00:00,2199.25,932.5
2024-09-17 05:00:00+00:00,2590.25,860.5
2024-09-17 06:00:00+00:00,2680.75,784.0
2024-09-17 07:00:00+00:00,2952.0,836.5
2024-09-17 08:00:00+00:00,3017.75,895.25
2024-09-17 09:00:00+00:00,2862.75,964.75
2024-09-17 10:00:00+00:00,2749.5,976.0
2024-09-17 11:00:00+00:00,2756.75,1006.75
2024-09-17 12:00:00+00:00,2976.25,1022.5
2024-09-17 13:00:00+00:00,3163.75,977.25
2024-09-17 14:00:00+00:00,3261.0,1014.0
2024-09-17 15:00:00+00:00,3495.75,1124.5
2024-09-17 16:00:00+00:00,3782.5,1079.0
2024-09-17 17:00:00+00:00,3915.0,1065.25
2024-09-17 18:00:00+00:00,3919.0,1084.25
2024-09-17 19:00:00+00:00,3954.75,1083.25
2024-09-17 20:00:00+00:00,3864.5,1100.5
2024-09-17 21:00:00+00:00,3620.75,976.75
2024-09-17 22:00:00+00:00,3135.25,877.0
2024-09-17 23:00:00+00:00,2611.75,735.75
2024-09-18 00:00:00+00:00,2246.5,751.25
2024-09-18 01:00:00+00:00,2201.25,822.5
2024-09-18 02:00:00+00:00,2115.5,843.25
2024-09-18 03:00:00+00:00,1969.75,806.75
2024-09-18 04:00:00+00:00,2015.75,761.25
2024-09-18 05:00:00+00:00,2165.5,724.25
2024-09-18 06:00:00+00:00,2276.75,591.0
2024-09-18 07:00:00+00:00,2472.25,546.5
2024-09-18 08:00:00+00:00,2544.0,459.25
2024-09-18 09:00:00+00:00,2485.75,459.75
2024-09-18 10:00:00+00:00,2177.25,467.25
2024-09-18 11:00:00+00:00,1802.25,457.5
2024-09-18 12:00:00+00:00,1817.5,523.0
2024-09-18 13:00:00+00:00,1951.25,557.25
2024-09-18 14:00:00+00:00,2256.25,687.0
2024-09-18 15:00:00+00:00,2633.75,752.5
2024-09-18 16:00:00+00:00,3152.25,817.25
2024-09-18 17:00:00+00:00,3630.75,1119.25
2024-09-18 18:00:00+00:00,3662.5,1295.0
2024-09-18 19:00:00+00:00,3551.25,1375.25
2024-09-18 20:00:00+00:00,3539.25,1395.0
2024-09-18 21:00:00+00:00,3419.75,1323.5
2024-09-18 22:00:00+00:00,3300.0,1129.0
2024-09-18 23:00:00+00:00,2855.5,924.0
2024-09-19 00:00:00+00:00,2274.25,794.25
2024-09-19 01:00:00+00:00,1823.5,747.25
2024-09-19 02:00:00+00:00,1586.0,699.75
2024-09-19 03:00:00+00:00,1552.5,661.0
2024-09-19 04:00:00+00:00,1436.25,575.0
2024-09-19 05:00:00+00:00,1433.75,496.25
2024-09-19 06:00:00+00:00,1457.0,430.75
2024-09-19 07:00:00+00:00,1474.25,384.0
2024-09-19 08:00:00+00:00,1498.0,335.5
2024-09-19 09:00:00+00:00,1544.25,342.5
2024-09-19 10:00:00+00:00,1338.25,364.0
2024-09-19 11:00:00+00:00,1370.0,397.5
2024-09-19 12:00:00+00:00,1641.75,419.25
2024-09-19 13:00:00+00:00,1806.5,472.0
2024-09-19 14:00:00+00:00,2069.0,529.25
2024-09-19 15:00:00+00:00,2375.75,592.0
2024-09-19 16:00:00+00:00,2551.0,677.5
2024-09-19 17:00:00+00:00,2819.0,897.75
2024-09-19 18:00:00+00:00,2936.5,1054.0
2024-09-19 19:00:00+00:00,3157.25,1217.5
2024-09-19 20:00:00+00:00,3367.5,1165.25
2024-09-19 21:00:00+00:00,2972.25,1154.0
2024-09-19 22:00:00+00:00,2355.25,1160.5
2024-09-19 23:00:00+00:00,1909.0,1124.5
2024-09-20 00:00:00+00:00,1790.75,1054.5
2024-09-20 01:00:00+00:00,1808.0,975.75
2024-09-20 02:00:00+00:00,1781.5,1030.25
2024-09-20 03:00:00+00:00,1889.5,1083.5
2024-09-20 04:00:00+00:00,1920.5,1208.25
2024-09-20 05:00:00+00:00,1936.5,1251.25
2024-09-20 06:00:00+00:00,2144.75,1079.0
2024-09-20 07:00:00+00:00,1949.0,938.0
2024-09-20 08:00:00+00:00,1754.25,868.0
2024-09-20 09:00:00+00:00,1602.5,822.75
2024-09-20 10:00:00+00:00,1397.25,931.5
2024-09-20 11:00:00+00:00,1551.0,960.25
2024-09-20 12:00:00+00:00,1643.5,1095.75
2024-09-20 13:00:00+00:00,1801.0,1101.75
2024-09-20 14:00:00+00:00,1983.0,1083.75
2024-09-20 15:00:00+00:00,2184.5,1082.25
2024-09-20 16:00:00+00:00,2351.0,927.0
2024-09-20 17:00:00+00:00,2386.25,863.0
2024-09-20 18:00:00+00:00,2421.0,992.75
2024-09-20 19:00:00+00:00,2353.75,1183.25
2024-09-20 20:00:00+00:00,2423.5,1256.25
2024-09-20 21:00:00+00:00,2351.0,1245.25
2024-09-20 22:00:00+00:00,2078.5,1154.5
2024-09-20 23:00:00+00:00,1641.0,906.25
2024-09-21 00:00:00+00:00,1144.75,718.5
2024-09-21 01:00:00+00:00,815.0,697.5
2024-09-21 02:00:00+00:00,631.25,688.0
2024-09-21 03:00:00+00:00,544.5,599.75
2024-09-21 04:00:00+00:00,447.25,550.75
2024-09-21 05:00:00+00:00,402.25,533.0
2024-09-21 06:00:00+00:00,330.25,461.25
2024-09-21 07:00:00+00:00,236.75,319.75
2024-09-21 08:00:00+00:00,244.25,197.5
2024-09-21 09:00:00+00:00,208.75,152.0
2024-09-21 10:00:00+00:00,174.5,158.75
2024-09-21 11:00:00+00:00,200.25,184.0
2024-09-21 12:00:00+00:00,195.25,173.0
2024-09-21 13:00:00+00:00,185.75,162.25
2024-09-21 14:00:00+00:00,209.5,132.75
2024-09-21 15:00:00+00:00,231.5,115.0
2024-09-21 16:00:00+00:00,324.75,115.0
2024-09-21 17:00:00+00:00,383.5,167.5
2024-09-21 18:00:00+00:00,529.0,261.75
2024-09-21 19:00:00+00:00,687.5,387.0
2024-09-21 20:00:00+00:00,810.0,466.75
2024-09-21 21:00:00+00:00,861.5,432.5
2024-09-21 22:00:00+00:00,935.0,416.5
2024-09-21 23:00:00+00:00,849.75,345.25
2024-09-22 00:00:00+00:00,695.25,269.75
2024-09-22 01:00:00+00:00,591.5,212.75
2024-09-22 02:00:00+00:00,479.0,168.0
2024-09-22 03:00:00+00:00,303.75,123.75
2024-09-22 04:00:00+00:00,304.0,111.25
2024-09-22 05:00:00+00:00,342.0,121.5
2024-09-22 06:00:00+00:00,408.75,140.25
2024-09-22 07:00:00+00:00,420.25,159.5
2024-09-22 08:00:00+00:00,437.0,176.75
2024-09-22 09:00:00+00:00,424.75,169.0
2024-09-22 10:00:00+00:00,273.75,154.25
2024-09-22 11:00:00+00:00,271.5,147.0
2024-09-22 12:00:00+00:00,255.0,142.75
2024-09-22 13:00:00+00:00,244.75,164.25
2024-09-22 14:00:00+00:00,320.0,162.0
2024-09-22 15:00:00+00:00,644.0,159.25
2024-09-22 16:00:00+00:00,931.0,140.5
2024-09-22 17:00:00+00:00,1028.0,138.5
2024-09-22 18:00:00+00:00,802.5,151.25
2024-09-22 19:00:00+00:00,700.0,205.0
2024-09-22 20:00:00+00:00,810.0,218.75
2024-09-22 21:00:00+00:00,870.5,260.25
2024-09-22 22:00:00+00:00,1320.5,258.25
2024-09-22 23:00:00+00:00,1444.5,213.25
2024-09-23 00:00:00+00:00,710.0,284.5
2024-09-23 01:00:00+00:00,772.0,356.25
2024-09-23 02:00:00+00:00,1133.0,400.75
2024-09-23 03:00:00+00:00,1240.0,393.5
2024-09-23 04:00:00+00:00,1088.0,409.25
2024-09-23 05:00:00+00:00,1206.0,454.25
2024-09-23 06:00:00+00:00,1317.5,539.5
2024-09-23 07:00:00+00:00,1539.25,574.0
2024-09-23 08:00:00+00:00,1866.5,596.5
2024-09-23 09:00:00+00:00,1827.5,632.75
2024-09-23 10:00:00+00:00,1617.5,599.0
2024-09-23 11:00:00+00:00,1642.75,514.75
2024-09-23 12:00:00+00:00,1604.5,486.75
2024-09-23 13:00:00+00:00,1229.75,469.5
2024-09-23 14:00:00+00:00,1083.0,372.0
2024-09-23 15:00:00+00:00,1038.0,303.0
2024-09-23 16:00:00+00:00,977.25,335.25
2024-09-23 17:00:00+00:00,670.25,322.0
2024-09-23 18:00:00+00:00,678.25,248.0
2024-09-23 19:00:00+00:00,1094.0,207.75
2024-09-23 20:00:00+00:00,814.0,290.5
2024-09-23 21:00:00+00:00,696.25,395.0
2024-09-23 22:00:00+00:00,823.0,418.75
2024-09-23 23:00:00+00:00,858.5,458.25
2024-09-24 00:00:00+00:00,842.25,511.0
2024-09-24 01:00:00+00:00,861.5,566.25
2024-09-24 02:00:00+00:00,895.5,578.5
2024-09-24 03:00:00+00:00,966.5,552.25
2024-09-24 04:00:00+00:00,991.5,573.5
2024-09-24 05:00:00+00:00,1132.25,649.5
2024-09-24 06:00:00+00:00,1445.75,649.0
2024-09-24 07:00:00+00:00,1559.0,639.75
2024-09-24 08:00:00+00:00,1684.5,786.5
2024-09-24 09:00:00+00:00,1740.0,866.5
2024-09-24 10:00:00+00:00,2067.25,761.5
2024-09-24 11:00:00+00:00,2094.75,732.25
2024-09-24 12:00:00+00:00,1924.5,682.0
2024-09-24 13:00:00+00:00,2012.5,732.25
2024-09-24 14:00:00+00:00,2438.25,705.5
2024-09-24 15:00:00+00:00,3084.25,734.5
2024-09-24 16:00:00+00:00,3027.5,697.5
2024-09-24 17:00:00+00:00,2605.75,1013.75
2024-09-24 18:00:00+00:00,2341.25,1279.25
2024-09-24 19:00:00+00:00,1861.0,1075.0
2024-09-24 20:00:00+00:00,2406.0,796.75
2024-09-24 21:00:00+00:00,2383.0,700.25
2024-09-24 22:00:00+00:00,2630.0,846.0
2024-09-24 23:00:00+00:00,2414.25,1133.25
2024-09-25 00:00:00+00:00,2449.0,1237.0
2024-09-25 01:00:00+00:00,2390.5,1048.75
2024-09-25 02:00:00+00:00,1985.75,1081.0
2024-09-25 03:00:00+00:00,1743.75,1021.75
2024-09-25 04:00:00+00:00,1595.25,928.0
2024-09-25 05:00:00+00:00,2065.5,923.25
2024-09-25 06:00:00+00:00,2061.5,840.25
2024-09-25 07:00:00+00:00,2032.5,819.75
2024-09-25 08:00:00+00:00,1495.25,733.75
2024-09-25 09:00:00+00:00,1137.25,653.75
2024-09-25 10:00:00+00:00,980.25,540.5
2024-09-25 11:00:00+00:00,1072.75,520.0
2024-09-25 12:00:00+00:00,683.0,518.75
2024-09-25 13:00:00+00:00,1054.25,411.75
2024-09-25 14:00:00+00:00,1176.5,370.0
2024-09-25 15:00:00+00:00,1209.5,333.0
2024-09-25 16:00:00+00:00,971.0,325.75
2024-09-25 17:00:00+00:00,650.75,386.75
2024-09-25 18:00:00+00:00,593.25,572.75
2024-09-25 19:00:00+00:00,1144.0,696.0
2024-09-25 20:00:00+00:00,1742.25,712.75
2024-09-25 21:00:00+00:00,1978.25,700.25
2024-09-25 22:00:00+00:00,2127.0,601.5
2024-09-25 23:00:00+00:00,1751.0,561.0
2024-09-26 00:00:00+00:00,1540.0,521.5
2024-09-26 01:00:00+00:00,1430.0,636.25
2024-09-26 02:00:00+00:00,1766.0,748.75
2024-09-26 03:00:00+00:00,1422.25,889.0
2024-09-26 04:00:00+00:00,1610.5,1048.5
2024-09-26 05:00:00+00:00,2288.5,1221.5
2024-09-26 06:00:00+00:00,2723.5,1584.0
2024-09-26 07:00:00+00:00,3229.0,1835.5
2024-09-26 08:00:00+00:00,3054.75,1906.5
2024-09-26 09:00:00+00:00,3280.25,2055.75
2024-09-26 10:00:00+00:00,3684.25,2126.5
2024-09-26 11:00:00+00:00,3477.75,1829.25
2024-09-26 12:00:00+00:00,3181.0,1873.0
2024-09-26 13:00:00+00:00,3517.0,1584.75
2024-09-26 14:00:00+00:00,2983.75,1390.5
2024-09-26 15:00:00+00:00,2723.0,1047.5
2024-09-26 16:00:00+00:00,2984.25,695.25
2024-09-26 17:00:00+00:00,3083.5,849.0
2024-09-26 18:00:00+00:00,3635.25,1114.5
2024-09-26 19:00:00+00:00,3620.0,1649.0
2024-09-26 20:00:00+00:00,3684.5,2004.75
2024-09-26 21:00:00+00:00,3693.0,2124.75
2024-09-26 22:00:00+00:00,3980.75,2192.75
2024-09-26 23:00:00+00:00,3640.25,2026.0
2024-09-27 00:00:00+00:00,3533.75,2108.25
2024-09-27 01:00:00+00:00,3476.0,2109.25
2024-09-27 02:00:00+00:00,3510.0,2054.75
2024-09-27 03:00:00+00:00,3475.25,2123.0
2024-09-27 04:00:00+00:00,3930.25,2254.0
2024-09-27 05:00:00+00:00,3953.75,2424.5
2024-09-27 06:00:00+00:00,3868.0,2373.0
2024-09-27 07:00:00+00:00,3639.25,2132.25
2024-09-27 08:00:00+00:00,3804.0,2100.25
2024-09-27 09:00:00+00:00,3719.5,2104.75
2024-09-27 10:00:00+00:00,3675.5,2280.75
2024-09-27 11:00:00+00:00,3041.0,2253.75
2024-09-27 12:00:00+00:00,3243.75,2190.25
2024-09-27 13:00:00+00:00,3543.0,2089.5
2024-09-27 14:00:00+00:00,3850.0,1694.25
2024-09-27 15:00:00+00:00,4074.5,1759.0
2024-09-27 16:00:00+00:00,4213.5,1828.75
2024-09-27 17:00:00+00:00,4294.25,1925.5
2024-09-27 18:00:00+00:00,4281.75,1915.0
2024-09-27 19:00:00+00:00,4172.25,1971.0
2024-09-27 20:00:00+00:00,4167.25,2020.0
2024-09-27 21:00:00+00:00,4280.75,1698.75
2024-09-27 22:00:00+00:00,4055.0,1759.75
2024-09-27 23:00:00+00:00,3987.0,1513.75
2024-09-28 00:00:00+00:00,3806.0,1574.0
2024-09-28 01:00:00+00:00,3907.0,1490.25
2024-09-28 02:00:00+00:00,3745.0,1392.75
2024-09-28 03:00:00+00:00,3912.25,1195.0
2024-09-28 04:00:00+00:00,3814.25,1093.75
2024-09-28 05:00:00+00:00,3583.0,1094.0
2024-09-28 06:00:00+00:00,3539.25,1046.75
2024-09-28 07:00:00+00:00,3209.75,1017.75
2024-09-28 08:00:00+00:00,2747.0,997.75
2024-09-28 09:00:00+00:00,2428.75,883.25
2024-09-28 10:00:00+00:00,2319.75,993.25
2024-09-28 11:00:00+00:00,1831.25,896.5
2024-09-28 12:00:00+00:00,1434.75,898.25
2024-09-28 13:00:00+00:00,1471.75,1089.75
2024-09-28 14:00:00+00:00,1398.25,1169.0
2024-09-28 15:00:00+00:00,1801.5,1059.25
2024-09-28 16:00:00+00:00,1744.75,743.0
2024-09-28 17:00:00+00:00,1294.75,614.0
2024-09-28 18:00:00+00:00,1065.0,426.5
2024-09-28 19:00:00+00:00,937.25,338.0
2024-09-28 20:00:00+00:00,807.5,235.5
2024-09-28 21:00:00+00:00,680.75,215.25
2024-09-28 22:00:00+00:00,579.0,210.75
2024-09-28 23:00:00+00:00,413.5,228.5
2024-09-29 00:00:00+00:00,310.0,252.75
2024-09-29 01:00:00+00:00,250.5,223.0
2024-09-29 02:00:00+00:00,264.25,234.5
2024-09-29 03:00:00+00:00,344.75,198.25
2024-09-29 04:00:00+00:00,460.25,191.75
2024-09-29 05:00:00+00:00,674.75,241.75
2024-09-29 06:00:00+00:00,902.25,287.25
2024-09-29 07:00:00+00:00,943.0,310.0
2024-09-29 08:00:00+00:00,1011.0,291.0
2024-09-29 09:00:00+00:00,1283.0,338.0
2024-09-29 10:00:00+00:00,1383.0,381.25
2024-09-29 11:00:00+00:00,1386.25,405.75
2024-09-29 12:00:00+00:00,1177.0,408.0
2024-09-29 13:00:00+00:00,1328.25,420.75
2024-09-29 14:00:00+00:00,1550.5,427.75
2024-09-29 15:00:00+00:00,1869.5,477.25
2024-09-29 16:00:00+00:00,2687.75,544.5
2024-09-29 17:00:00+00:00,3334.25,745.25
2024-09-29 18:00:00+00:00,3661.0,1023.5
2024-09-29 19:00:00+00:00,3939.5,1198.75
2024-09-29 20:00:00+00:00,4119.0,1353.75
2024-09-29 21:00:00+00:00,4017.75,1407.5
2024-09-29 22:00:00+00:00,3910.0,1449.0
2024-09-29 23:00:00+00:00,3880.25,1531.0
2024-09-30 00:00:00+00:00,3875.0,1588.5
2024-09-30 01:00:00+00:00,3846.0,1676.25
2024-09-30 02:00:00+00:00,3836.0,1730.0
2024-09-30 03:00:00+00:00,3957.75,1748.75
2024-09-30 04:00:00+00:00,3996.0,1725.0
2024-09-30 05:00:00+00:00,4106.25,1747.75
2024-09-30 06:00:00+00:00,4230.75,1677.5
2024-09-30 07:00:00+00:00,4002.25,1658.0
2024-09-30 08:00:00+00:00,4018.25,1628.0
2024-09-30 09:00:00+00:00,4030.25,1669.0
2024-09-30 10:00:00+00:00,4147.5,1664.75
2024-09-30 11:00:00+00:00,4074.5,1613.25
2024-09-30 12:00:00+00:00,4103.5,1751.25
2024-09-30 13:00:00+00:00,4103.5,1935.75
2024-09-30 14:00:00+00:00,4240.25,2040.0
2024-09-30 15:00:00+00:00,4317.75,2136.25
2024-09-30 16:00:00+00:00,4260.0,2142.25
2024-09-30 17:00:00+00:00,4258.25,2242.0
2024-09-30 18:00:00+00:00,4140.75,2224.75
2024-09-30 19:00:00+00:00,4043.0,2056.0
2024-09-30 20:00:00+00:00,3918.25,1916.0
2024-09-30 21:00:00+00:00,3917.0,1794.0
2024-09-30 22:00:00+00:00,3967.0,1632.0
2024-09-30 23:00:00+00:00,3958.75,1585.75
2024-10-01 00:00:00+00:00,3866.5,1566.5
2024-10-01 01:00:00+00:00,3821.25,1493.75
2024-10-01 02:00:00+00:00,3557.25,1522.75
2024-10-01 03:00:00+00:00,3219.0,1538.0
2024-10-01 04:00:00+00:00,3490.0,1507.25
2024-10-01 05:00:00+00:00,3651.75,1392.0
2024-10-01 06:00:00+00:00,3683.5,1264.5
2024-10-01 07:00:00+00:00,3630.25,1042.25
2024-10-01 08:00:00+00:00,3747.25,1028.75
2024-10-01 09:00:00+00:00,3728.25,1051.5
2024-10-01 10:00:00+00:00,3729.75,1155.25
2024-10-01 11:00:00+00:00,3797.5,1182.0
2024-10-01 12:00:00+00:00,3772.5,1175.5
2024-10-01 13:00:00+00:00,3724.5,1071.0
2024-10-01 14:00:00+00:00,3743.75,880.25
2024-10-01 15:00:00+00:00,3347.5,702.25
2024-10-01 16:00:00+00:00,2771.5,478.5
2024-10-01 17:00:00+00:00,1950.75,338.5
2024-10-01 18:00:00+00:00,1222.5,186.25
2024-10-01 19:00:00+00:00,1000.5,135.25
2024-10-01 20:00:00+00:00,673.75,130.0
2024-10-01 21:00:00+00:00,514.75,116.0
2024-10-01 22:00:00+00:00,499.0,99.25
2024-10-01 23:00:00+00:00,532.5,225.25
2024-10-02 00:00:00+00:00,564.75,288.5
2024-10-02 01:00:00+00:00,595.5,353.75
2024-10-02 02:00:00+00:00,802.75,506.25
2024-10-02 03:00:00+00:00,1117.0,696.75
2024-10-02 04:00:00+00:00,1324.0,766.75
2024-10-02 05:00:00+00:00,1925.0,664.75
2024-10-02 06:00:00+00:00,2409.75,590.75
2024-10-02 07:00:00+00:00,2396.0,675.5
2024-10-02 08:00:00+00:00,2340.0,807.5
2024-10-02 09:00:00+00:00,3050.0,799.75
2024-10-02 10:00:00+00:00,2796.0,837.25
2024-10-02 11:00:00+00:00,2433.0,899.5
2024-10-02 12:00:00+00:00,2410.5,948.5
2024-10-02 13:00:00+00:00,2811.5,1059.5
2024-10-02 14:00:00+00:00,3063.25,1110.0
2024-10-02 15:00:00+00:00,3084.5,957.0
2024-10-02 16:00:00+00:00,3386.5,920.5
2024-10-02 17:00:00+00:00,3352.25,872.5
2024-10-02 18:00:00+00:00,3559.5,901.5
2024-10-02 19:00:00+00:00,3741.25,1045.5
2024-10-02 20:00:00+00:00,3811.5,1095.75
2024-10-02 21:00:00+00:00,3575.5,1127.25
2024-10-02 22:00:00+00:00,3166.25,1022.5
2024-10-02 23:00:00+00:00,2596.25,992.5
2024-10-03 00:00:00+00:00,2393.25,1003.25
2024-10-03 01:00:00+00:00,2099.0,960.75
2024-10-03 02:00:00+00:00,2023.5,848.25
2024-10-03 03:00:00+00:00,1890.75,696.25
2024-10-03 04:00:00+00:00,1620.5,603.5
2024-10-03 05:00:00+00:00,1400.25,542.75
2024-10-03 06:00:00+00:00,1159.5,549.25
2024-10-03 07:00:00+00:00,1191.25,478.0
2024-10-03 08:00:00+00:00,1363.75,409.0
2024-10-03 09:00:00+00:00,1286.0,530.5
2024-10-03 10:00:00+00:00,1526.5,829.5
2024-10-03 11:00:00+00:00,1272.25,820.5
2024-10-03 12:00:00+00:00,832.25,689.75
2024-10-03 13:00:00+00:00,1016.5,623.0
2024-10-03 14:00:00+00:00,1391.0,724.75
2024-10-03 15:00:00+00:00,1524.0,674.0
2024-10-03 16:00:00+00:00,1656.5,538.25
2024-10-03 17:00:00+00:00,1771.0,549.5
2024-10-03 18:00:00+00:00,1671.0,699.5
2024-10-03 19:00:00+00:00,1674.75,794.5
2024-10-03 20:00:00+00:00,1573.25,666.75
2024-10-03 21:00:00+00:00,1423.25,515.0
2024-10-03 22:00:00+00:00,978.75,434.0
2024-10-03 23:00:00+00:00,619.5,387.25
2024-10-04 00:00:00+00:00,318.5,286.0
2024-10-04 01:00:00+00:00,100.0,223.5
2024-10-04 02:00:00+00:00,56.5,199.0
2024-10-04 03:00:00+00:00,57.75,184.25
2024-10-04 04:00:00+00:00,63.75,167.5
2024-10-04 05:00:00+00:00,87.25,150.25
2024-10-04 06:00:00+00:00,178.5,148.0
2024-10-04 07:00:00+00:00,136.0,130.0
2024-10-04 08:00:00+00:00,103.75,112.75
2024-10-04 09:00:00+00:00,40.0,108.25
2024-10-04 10:00:00+00:00,19.0,120.0
2024-10-04 11:00:00+00:00,17.75,122.75
2024-10-04 12:00:00+00:00,5.75,112.75
2024-10-04 13:00:00+00:00,0.75,104.5
2024-10-04 14:00:00+00:00,1.0,97.0
2024-10-04 15:00:00+00:00,6.25,86.5
2024-10-04 16:00:00+00:00,23.5,80.5
2024-10-04 17:00:00+00:00,14.25,79.0
2024-10-04 18:00:00+00:00,11.75,93.0
2024-10-04 19:00:00+00:00,45.25,130.5
2024-10-04 20:00:00+00:00,162.0,155.25
2024-10-04 21:00:00+00:00,210.0,179.5
2024-10-04 22:00:00+00:00,329.75,187.25
2024-10-04 23:00:00+00:00,331.25,198.5
2024-10-05 00:00:00+00:00,318.75,171.75
2024-10-05 01:00:00+00:00,314.0,139.5
2024-10-05 02:00:00+00:00,209.5,111.25
2024-10-05 03:00:00+00:00,203.25,85.75
2024-10-05 04:00:00+00:00,171.5,73.0
2024-10-05 05:00:00+00:00,174.5,51.75
2024-10-05 06:00:00+00:00,226.25,43.5
2024-10-05 07:00:00+00:00,270.75,78.0
2024-10-05 08:00:00+00:00,359.75,91.75
2024-10-05 09:00:00+00:00,399.0,96.5
2024-10-05 10:00:00+00:00,428.75,115.25
2024-10-05 11:00:00+00:00,399.0,155.75
2024-10-05 12:00:00+00:00,419.75,158.5
2024-10-05 13:00:00+00:00,377.5,160.0
2024-10-05 14:00:00+00:00,345.5,191.5
2024-10-05 15:00:00+00:00,415.75,176.5
2024-10-05 16:00:00+00:00,763.75,211.5
2024-10-05 17:00:00+00:00,1382.0,397.25
2024-10-05 18:00:00+00:00,1910.25,544.0
2024-10-05 19:00:00+00:00,2145.0,782.0
2024-10-05 20:00:00+00:00,2067.0,1209.0
2024-10-05 21:00:00+00:00,2323.75,938.75
2024-10-05 22:00:00+00:00,2354.75,835.5
2024-10-05 23:00:00+00:00,2343.25,883.25
2024-10-06 00:00:00+00:00,1980.0,814.25
2024-10-06 01:00:00+00:00,1683.5,848.25
2024-10-06 02:00:00+00:00,1772.0,831.75
2024-10-06 03:00:00+00:00,2193.25,794.75
2024-10-06 04:00:00+00:00,2538.0,814.25
2024-10-06 05:00:00+00:00,2452.5,897.75
2024-10-06 06:00:00+00:00,2525.5,793.75
2024-10-06 07:00:00+00:00,2400.0,664.25
2024-10-06 08:00:00+00:00,2574.0,561.75
2024-10-06 09:00:00+00:00,2474.0,553.75
2024-10-06 10:00:00+00:00,2721.0,692.5
2024-10-06 11:00:00+00:00,2407.75,845.0
2024-10-06 12:00:00+00:00,1836.75,1002.0
2024-10-06 13:00:00+00:00,1612.0,1205.75
2024-10-06 14:00:00+00:00,2266.5,1265.75
2024-10-06 15:00:00+00:00,2826.5,1173.75
2024-10-06 16:00:00+00:00,3268.0,1012.75
2024-10-06 17:00:00+00:00,3443.25,1056.75
2024-10-06 18:00:00+00:00,3420.75,1291.25
2024-10-06 19:00:00+00:00,3247.25,1355.5
2024-10-06 20:00:00+00:00,3034.25,1279.75
2024-10-06 21:00:00+00:00,3045.5,1041.5
2024-10-06 22:00:00+00:00,2971.0,981.5
2024-10-06 23:00:00+00:00,3070.0,1057.0
2024-10-07 00:00:00+00:00,3438.0,1086.25
2024-10-07 01:00:00+00:00,3647.75,1146.25
2024-10-07 02:00:00+00:00,3865.0,1284.25
2024-10-07 03:00:00+00:00,4002.25,1413.25
2024-10-07 04:00:00+00:00,3980.75,1615.0
2024-10-07 05:00:00+00:00,3761.75,1672.25
2024-10-07 06:00:00+00:00,3268.25,1664.5
2024-10-07 07:00:00+00:00,3060.0,1377.25
2024-10-07 08:00:00+00:00,2830.0,1103.5
2024-10-07 09:00:00+00:00,2645.75,1283.75
2024-10-07 10:00:00+00:00,2735.0,1242.75
2024-10-07 11:00:00+00:00,2353.5,957.75
2024-10-07 12:00:00+00:00,2137.25,750.5
2024-10-07 13:00:00+00:00,1468.5,578.75
2024-10-07 14:00:00+00:00,1136.0,453.25
2024-10-07 15:00:00+00:00,903.0,271.5
2024-10-07 16:00:00+00:00,1125.75,339.25
2024-10-07 17:00:00+00:00,1274.5,451.5
2024-10-07 18:00:00+00:00,1225.5,381.75
2024-10-07 19:00:00+00:00,1222.0,394.75
2024-10-07 20:00:00+00:00,1142.25,512.0
2024-10-07 21:00:00+00:00,1123.75,626.75
2024-10-07 22:00:00+00:00,992.5,729.0
2024-10-07 23:00:00+00:00,1327.75,826.75
2024-10-08 00:00:00+00:00,1559.75,984.5
2024-10-08 01:00:00+00:00,1618.5,949.5
2024-10-08 02:00:00+00:00,1834.0,1056.75
2024-10-08 03:00:00+00:00,2236.75,1027.75
2024-10-08 04:00:00+00:00,2668.75,1194.5
2024-10-08 05:00:00+00:00,2912.75,1159.5
2024-10-08 06:00:00+00:00,3306.75,1247.5
2024-10-08 07:00:00+00:00,3144.75,1307.25
2024-10-08 08:00:00+00:00,2968.75,1189.0
2024-10-08 09:00:00+00:00,2521.25,996.0
2024-10-08 10:00:00+00:00,2394.0,1125.75
2024-10-08 11:00:00+00:00,2438.25,993.5
2024-10-08 12:00:00+00:00,2435.75,919.25
2024-10-08 13:00:00+00:00,2399.25,959.5
2024-10-08 14:00:00+00:00,2164.25,833.5
2024-10-08 15:00:00+00:00,1727.75,652.5
2024-10-08 16:00:00+00:00,1526.25,611.0
2024-10-08 17:00:00+00:00,1508.25,745.25
2024-10-08 18:00:00+00:00,2080.0,971.5
2024-10-08 19:00:00+00:00,2823.75,1196.5
2024-10-08 20:00:00+00:00,3181.75,1414.25
2024-10-08 21:00:00+00:00,3341.5,1391.0
2024-10-08 22:00:00+00:00,3488.0,1343.5
2024-10-08 23:00:00+00:00,3580.75,1419.25
2024-10-09 00:00:00+00:00,3707.75,1445.0
2024-10-09 01:00:00+00:00,3713.25,1376.5
2024-10-09 02:00:00+00:00,3854.25,1502.75
2024-10-09 03:00:00+00:00,4092.0,1582.0
2024-10-09 04:00:00+00:00,4133.0,1523.5
2024-10-09 05:00:00+00:00,4210.75,1539.5
2024-10-09 06:00:00+00:00,4204.0,1451.25
2024-10-09 07:00:00+00:00,4083.75,1386.5
2024-10-09 08:00:00+00:00,3805.0,1396.75
2024-10-09 09:00:00+00:00,3842.25,1402.5
2024-10-09 10:00:00+00:00,3614.5,1387.25
2024-10-09 11:00:00+00:00,2947.75,1152.0
2024-10-09 12:00:00+00:00,2306.25,902.0
2024-10-09 13:00:00+00:00,1868.0,700.25
2024-10-09 14:00:00+00:00,1302.0,536.5
2024-10-09 15:00:00+00:00,914.75,383.75
2024-10-09 16:00:00+00:00,606.25,265.25
2024-10-09 17:00:00+00:00,366.75,185.75
2024-10-09 18:00:00+00:00,279.25,107.5
2024-10-09 19:00:00+00:00,211.5,68.5
2024-10-09 20:00:00+00:00,243.5,49.75
2024-10-09 21:00:00+00:00,721.75,57.5
2024-10-09 22:00:00+00:00,1161.0,75.5
2024-10-09 23:00:00+00:00,1485.0,147.5
2024-10-10 00:00:00+00:00,1780.5,268.0
2024-10-10 01:00:00+00:00,2502.5,448.25
2024-10-10 02:00:00+00:00,3325.0,710.0
2024-10-10 03:00:00+00:00,3721.5,1294.0
2024-10-10 04:00:00+00:00,3945.5,1891.25
2024-10-10 05:00:00+00:00,3952.25,1957.25
2024-10-10 06:00:00+00:00,3980.5,1948.75
2024-10-10 07:00:00+00:00,3846.25,1866.25
2024-10-10 08:00:00+00:00,3558.5,1714.75
2024-10-10 09:00:00+00:00,3146.25,1596.5
2024-10-10 10:00:00+00:00,3052.5,1607.0
2024-10-10 11:00:00+00:00,2881.75,1508.5
2024-10-10 12:00:00+00:00,2723.5,1488.5
2024-10-10 13:00:00+00:00,2595.75,1299.25
2024-10-10 14:00:00+00:00,2549.25,1106.5
2024-10-10 15:00:00+00:00,2307.5,835.75
2024-10-10 16:00:00+00:00,1901.25,756.0
2024-10-10 17:00:00+00:00,2217.25,710.25
2024-10-10 18:00:00+00:00,2294.5,671.5
2024-10-10 19:00:00+00:00,2142.0,662.5
2024-10-10 20:00:00+00:00,2114.5,644.0
2024-10-10 21:00:00+00:00,2134.75,563.0
2024-10-10 22:00:00+00:00,2221.0,443.0
2024-10-10 23:00:00+00:00,2094.25,559.25
2024-10-11 00:00:00+00:00,1831.75,515.25
2024-10-11 01:00:00+00:00,1457.5,465.5
2024-10-11 02:00:00+00:00,1228.0,311.25
2024-10-11 03:00:00+00:00,1349.75,360.0
2024-10-11 04:00:00+00:00,1344.0,272.25
2024-10-11 05:00:00+00:00,1211.5,233.5
2024-10-11 06:00:00+00:00,1196.5,270.25
2024-10-11 07:00:00+00:00,1165.5,320.0
2024-10-11 08:00:00+00:00,1007.0,274.5
2024-10-11 09:00:00+00:00,893.75,399.25
2024-10-11 10:00:00+00:00,893.75,411.0
2024-10-11 11:00:00+00:00,869.75,503.5
2024-10-11 12:00:00+00:00,863.5,495.25
2024-10-11 13:00:00+00:00,702.75,462.5
2024-10-11 14:00:00+00:00,708.75,423.0
2024-10-11 15:00:00+00:00,677.5,409.25
2024-10-11 16:00:00+00:00,586.25,322.75
2024-10-11 17:00:00+00:00,481.5,222.0
2024-10-11 18:00:00+00:00,460.5,167.0
2024-10-11 19:00:00+00:00,492.25,142.75
2024-10-11 20:00:00+00:00,579.5,159.25
2024-10-11 21:00:00+00:00,789.25,225.25
2024-10-11 22:00:00+00:00,1002.25,267.25
2024-10-11 23:00:00+00:00,1054.5,289.0
2024-10-12 00:00:00+00:00,984.25,308.0
2024-10-12 01:00:00+00:00,1254.75,302.5
2024-10-12 02:00:00+00:00,1317.25,337.25
2024-10-12 03:00:00+00:00,1425.0,460.25
2024-10-12 04:00:00+00:00,1176.75,572.5
2024-10-12 05:00:00+00:00,1110.75,631.25
2024-10-12 06:00:00+00:00,1136.25,540.75
2024-10-12 07:00:00+00:00,1121.0,478.75
2024-10-12 08:00:00+00:00,1047.25,414.5
2024-10-12 09:00:00+00:00,1314.0,426.75
2024-10-12 10:00:00+00:00,1420.0,479.75
2024-10-12 11:00:00+00:00,1443.0,524.75
2024-10-12 12:00:00+00:00,1501.5,465.5
2024-10-12 13:00:00+00:00,1758.5,504.25
2024-10-12 14:00:00+00:00,2171.75,642.0
2024-10-12 15:00:00+00:00,2764.25,735.25
2024-10-12 16:00:00+00:00,3555.75,644.25
2024-10-12 17:00:00+00:00,3686.5,1448.75
2024-10-12 18:00:00+00:00,4065.0,1764.75
2024-10-12 19:00:00+00:00,3785.75,2049.25
2024-10-12 20:00:00+00:00,3915.25,1943.25
2024-10-12 21:00:00+00:00,3899.5,1680.75
2024-10-12 22:00:00+00:00,3676.25,1552.0
2024-10-12 23:00:00+00:00,3405.25,1324.5
2024-10-13 00:00:00+00:00,3196.25,1538.0
2024-10-13 01:00:00+00:00,3058.0,1631.5
2024-10-13 02:00:00+00:00,3078.5,1742.5
2024-10-13 03:00:00+00:00,3134.25,1705.5
2024-10-13 04:00:00+00:00,3253.25,1680.25
2024-10-13 05:00:00+00:00,3986.25,2055.0
2024-10-13 06:00:00+00:00,3932.25,2136.0
2024-10-13 07:00:00+00:00,3593.5,1949.0
2024-10-13 08:00:00+00:00,3287.5,1962.25
2024-10-13 09:00:00+00:00,2928.25,1857.25
2024-10-13 10:00:00+00:00,1833.25,1762.25
2024-10-13 11:00:00+00:00,1766.75,1853.75
2024-10-13 12:00:00+00:00,2400.0,1799.75
2024-10-13 13:00:00+00:00,2164.25,1625.75
2024-10-13 14:00:00+00:00,1489.25,1365.25
2024-10-13 15:00:00+00:00,1329.75,1026.75
2024-10-13 16:00:00+00:00,1095.25,717.0
2024-10-13 17:00:00+00:00,979.25,591.25
2024-10-13 18:00:00+00:00,874.5,515.5
2024-10-13 19:00:00+00:00,617.5,416.0
2024-10-13 20:00:00+00:00,563.0,322.25
2024-10-13 21:00:00+00:00,466.0,243.5
2024-10-13 22:00:00+00:00,414.0,160.5
2024-10-13 23:00:00+00:00,268.75,85.75
2024-10-14 00:00:00+00:00,207.25,68.0
2024-10-14 01:00:00+00:00,148.75,76.75
2024-10-14 02:00:00+00:00,260.5,55.0
2024-10-14 03:00:00+00:00,410.75,92.75
2024-10-14 04:00:00+00:00,639.5,116.0
2024-10-14 05:00:00+00:00,651.25,108.25
2024-10-14 06:00:00+00:00,538.5,99.75
2024-10-14 07:00:00+00:00,484.0,111.0
2024-10-14 08:00:00+00:00,429.25,108.75
2024-10-14 09:00:00+00:00,497.25,76.25
2024-10-14 10:00:00+00:00,619.0,66.25
2024-10-14 11:00:00+00:00,521.75,99.0
2024-10-14 12:00:00+00:00,315.75,109.5
2024-10-14 13:00:00+00:00,191.5,96.25
2024-10-14 14:00:00+00:00,117.75,102.5
2024-10-14 15:00:00+00:00,155.5,111.75
2024-10-14 16:00:00+00:00,333.5,118.25
2024-10-14 17:00:00+00:00,534.25,188.75
2024-10-14 18:00:00+00:00,726.0,191.75
2024-10-14 19:00:00+00:00,825.25,247.0
2024-10-14 20:00:00+00:00,680.0,244.0
2024-10-14 21:00:00+00:00,624.25,213.0
2024-10-14 22:00:00+00:00,790.0,265.75
2024-10-14 23:00:00+00:00,1023.75,402.0
2024-10-15 00:00:00+00:00,1488.5,532.25
2024-10-15 01:00:00+00:00,1602.0,602.25
2024-10-15 02:00:00+00:00,1777.25,693.0
2024-10-15 03:00:00+00:00,1940.0,760.5
2024-10-15 04:00:00+00:00,1939.75,804.25
2024-10-15 05:00:00+00:00,2045.5,878.5
2024-10-15 06:00:00+00:00,2128.25,939.25
2024-10-15 07:00:00+00:00,2143.75,1015.5
2024-10-15 08:00:00+00:00,2023.5,942.25
2024-10-15 09:00:00+00:00,1605.5,810.5
2024-10-15 10:00:00+00:00,1579.5,856.75
2024-10-15 11:00:00+00:00,1678.0,836.0
2024-10-15 12:00:00+00:00,1618.0,837.75
2024-10-15 13:00:00+00:00,1637.75,861.5
2024-10-15 14:00:00+00:00,1847.0,896.5
2024-10-15 15:00:00+00:00,2318.0,959.0
2024-10-15 16:00:00+00:00,3038.75,1194.5
2024-10-15 17:00:00+00:00,3492.25,1508.25
2024-10-15 18:00:00+00:00,3874.0,1571.5
2024-10-15 19:00:00+00:00,3938.5,1712.75
2024-10-15 20:00:00+00:00,3888.5,1733.75
2024-10-15 21:00:00+00:00,3791.0,1722.0
2024-10-15 22:00:00+00:00,3604.75,1726.75
2024-10-15 23:00:00+00:00,3501.75,1729.5
2024-10-16 00:00:00+00:00,3584.5,1650.5
2024-10-16 01:00:00+00:00,3750.25,1557.5
2024-10-16 02:00:00+00:00,3883.75,1549.25
2024-10-16 03:00:00+00:00,4038.25,1647.5
2024-10-16 04:00:00+00:00,4015.0,1684.0
2024-10-16 05:00:00+00:00,3930.25,1669.25
2024-10-16 06:00:00+00:00,3748.5,1666.0
2024-10-16 07:00:00+00:00,3604.75,1508.75
2024-10-16 08:00:00+00:00,3384.5,1354.5
2024-10-16 09:00:00+00:00,3203.0,1195.75
2024-10-16 10:00:00+00:00,3081.5,1201.25
2024-10-16 11:00:00+00:00,3056.25,1220.25
2024-10-16 12:00:00+00:00,2966.5,1046.25
2024-10-16 13:00:00+00:00,2787.0,975.25
2024-10-16 14:00:00+00:00,2856.25,1259.25
2024-10-16 15:00:00+00:00,3092.25,1529.0
2024-10-16 16:00:00+00:00,3357.5,1670.5
2024-10-16 17:00:00+00:00,3681.0,1731.25
2024-10-16 18:00:00+00:00,3974.5,1778.5
2024-10-16 19:00:00+00:00,3932.5,1768.0
2024-10-16 20:00:00+00:00,3914.75,1775.25
2024-10-16 21:00:00+00:00,3865.75,1715.25
2024-10-16 22:00:00+00:00,3813.5,1593.0
2024-10-16 23:00:00+00:00,3444.5,1582.75
2024-10-17 00:00:00+00:00,3080.5,1487.75
2024-10-17 01:00:00+00:00,2883.75,1364.25
2024-10-17 02:00:00+00:00,2764.5,1424.25
2024-10-17 03:00:00+00:00,2773.0,1412.5
2024-10-17 04:00:00+00:00,2449.25,1423.5
2024-10-17 05:00:00+00:00,2524.25,1498.0
2024-10-17 06:00:00+00:00,2589.25,1458.25
2024-10-17 07:00:00+00:00,1912.25,1445.75
2024-10-17 08:00:00+00:00,2088.0,1300.75
2024-10-17 09:00:00+00:00,2343.25,1265.0
2024-10-17 10:00:00+00:00,2282.5,1251.5
2024-10-17 11:00:00+00:00,1776.75,1222.5
2024-10-17 12:00:00+00:00,1126.5,820.5
2024-10-17 13:00:00+00:00,853.0,474.5
2024-10-17 14:00:00+00:00,621.0,224.25
2024-10-17 15:00:00+00:00,525.5,125.25
2024-10-17 16:00:00+00:00,452.5,103.0
2024-10-17 17:00:00+00:00,242.25,83.5
2024-10-17 18:00:00+00:00,114.25,48.5
2024-10-17 19:00:00+00:00,39.25,48.0
2024-10-17 20:00:00+00:00,29.25,34.25
2024-10-17 21:00:00+00:00,27.75,31.0
2024-10-17 22:00:00+00:00,25.25,43.5
2024-10-17 23:00:00+00:00,16.0,50.5
2024-10-18 00:00:00+00:00,2.25,51.75
2024-10-18 01:00:00+00:00,0.0,40.25
2024-10-18 02:00:00+00:00,0.0,35.75
2024-10-18 03:00:00+00:00,4.75,55.0
2024-10-18 04:00:00+00:00,48.75,68.0
2024-10-18 05:00:00+00:00,99.0,57.25
2024-10-18 06:00:00+00:00,133.5,108.75
2024-10-18 07:00:00+00:00,185.25,101.25
2024-10-18 08:00:00+00:00,91.75,63.75
2024-10-18 09:00:00+00:00,27.5,47.5
2024-10-18 10:00:00+00:00,28.5,49.75
2024-10-18 11:00:00+00:00,20.75,38.5
2024-10-18 12:00:00+00:00,105.25,41.25
2024-10-18 13:00:00+00:00,148.25,47.75
2024-10-18 14:00:00+00:00,18.25,63.0
2024-10-18 15:00:00+00:00,4.0,40.75
2024-10-18 16:00:00+00:00,1.0,29.25
2024-10-18 17:00:00+00:00,1.25,33.75
2024-10-18 18:00:00+00:00,26.0,32.25
2024-10-18 19:00:00+00:00,48.75,40.0
2024-10-18 20:00:00+00:00,83.0,47.25
2024-10-18 21:00:00+00:00,216.0,60.5
2024-10-18 22:00:00+00:00,209.0,120.5
2024-10-18 23:00:00+00:00,246.25,91.5
2024-10-19 00:00:00+00:00,374.25,75.0
2024-10-19 01:00:00+00:00,392.0,74.5
2024-10-19 02:00:00+00:00,302.0,66.5
2024-10-19 03:00:00+00:00,263.5,77.5
2024-10-19 04:00:00+00:00,411.0,61.0
2024-10-19 05:00:00+00:00,536.75,84.0
2024-10-19 06:00:00+00:00,803.0,124.25
2024-10-19 07:00:00+00:00,1071.0,180.0
2024-10-19 08:00:00+00:00,1083.75,259.75
2024-10-19 09:00:00+00:00,1226.0,486.25
2024-10-19 10:00:00+00:00,1430.0,451.25
2024-10-19 11:00:00+00:00,1525.5,530.0
2024-10-19 12:00:00+00:00,1759.75,576.25
2024-10-19 13:00:00+00:00,1979.75,656.25
2024-10-19 14:00:00+00:00,2093.75,615.0
2024-10-19 15:00:00+00:00,2569.0,687.75
2024-10-19 16:00:00+00:00,3057.75,889.25
2024-10-19 17:00:00+00:00,3092.25,1039.5
2024-10-19 18:00:00+00:00,2787.25,1176.0
2024-10-19 19:00:00+00:00,2456.75,1221.0
2024-10-19 20:00:00+00:00,2028.25,1135.75
2024-10-19 21:00:00+00:00,1423.75,948.0
2024-10-19 22:00:00+00:00,1125.0,732.0
2024-10-19 23:00:00+00:00,1008.5,629.75
2024-10-20 00:00:00+00:00,723.5,566.0
2024-10-20 01:00:00+00:00,453.5,456.0
2024-10-20 02:00:00+00:00,378.0,474.75
2024-10-20 03:00:00+00:00,699.0,552.75
2024-10-20 04:00:00+00:00,899.5,745.5
2024-10-20 05:00:00+00:00,1255.75,778.75
2024-10-20 06:00:00+00:00,1778.25,834.0
2024-10-20 07:00:00+00:00,2696.0,921.0
2024-10-20 08:00:00+00:00,3431.25,1148.5
2024-10-20 09:00:00+00:00,3808.25,1310.75
2024-10-20 10:00:00+00:00,3433.5,1443.75
2024-10-20 11:00:00+00:00,3231.0,1387.25
2024-10-20 12:00:00+00:00,3367.0,1605.25
2024-10-20 13:00:00+00:00,3542.25,1874.25
2024-10-20 14:00:00+00:00,4157.5,2163.75
2024-10-20 15:00:00+00:00,4297.25,2257.5
2024-10-20 16:00:00+00:00,4227.0,2310.75
2024-10-20 17:00:00+00:00,4314.5,2321.0
2024-10-20 18:00:00+00:00,4293.0,2328.5
2024-10-20 19:00:00+00:00,3436.25,2337.75
2024-10-20 20:00:00+00:00,3583.5,2260.5
2024-10-20 21:00:00+00:00,3772.0,1950.0
2024-10-20 22:00:00+00:00,3382.0,1906.5
2024-10-20 23:00:00+00:00,3313.0,1835.25
2024-10-21 00:00:00+00:00,3390.25,1814.75
2024-10-21 01:00:00+00:00,3388.5,1769.0
2024-10-21 02:00:00+00:00,3809.0,1802.0
2024-10-21 03:00:00+00:00,3752.25,1672.25
2024-10-21 04:00:00+00:00,3671.75,1586.0
2024-10-21 05:00:00+00:00,3636.75,1443.25
2024-10-21 06:00:00+00:00,3381.0,1323.5
2024-10-21 07:00:00+00:00,3142.0,1218.0
2024-10-21 08:00:00+00:00,2855.75,1158.5
2024-10-21 09:00:00+00:00,2398.25,1092.75
2024-10-21 10:00:00+00:00,2116.75,901.25
2024-10-21 11:00:00+00:00,1719.5,620.0
2024-10-21 12:00:00+00:00,1562.25,501.5
2024-10-21 13:00:00+00:00,1240.0,521.25
2024-10-21 14:00:00+00:00,1185.25,316.0
2024-10-21 15:00:00+00:00,848.75,226.5
2024-10-21 16:00:00+00:00,482.25,133.25
2024-10-21 17:00:00+00:00,327.75,124.75
2024-10-21 18:00:00+00:00,218.75,92.25
2024-10-21 19:00:00+00:00,189.0,93.75
2024-10-21 20:00:00+00:00,294.75,124.5
2024-10-21 21:00:00+00:00,612.25,176.25
2024-10-21 22:00:00+00:00,825.0,237.0
2024-10-21 23:00:00+00:00,386.75,376.5
2024-10-22 00:00:00+00:00,393.25,315.0
2024-10-22 01:00:00+00:00,506.5,176.5
2024-10-22 02:00:00+00:00,1000.5,82.25
2024-10-22 03:00:00+00:00,1192.75,181.5
2024-10-22 04:00:00+00:00,1440.25,395.25
2024-10-22 05:00:00+00:00,1529.0,664.5
2024-10-22 06:00:00+00:00,1769.0,862.25
2024-10-22 07:00:00+00:00,2028.5,902.0
2024-10-22 08:00:00+00:00,2135.5,836.0
2024-10-22 09:00:00+00:00,2298.0,769.25
2024-10-22 10:00:00+00:00,2332.5,1008.25
2024-10-22 11:00:00+00:00,1900.25,1144.25
2024-10-22 12:00:00+00:00,2056.25,1117.5
2024-10-22 13:00:00+00:00,2019.75,1232.75
2024-10-22 14:00:00+00:00,2277.75,1058.0
2024-10-22 15:00:00+00:00,2317.5,861.25
2024-10-22 16:00:00+00:00,2021.25,785.75
2024-10-22 17:00:00+00:00,1911.5,798.25
2024-10-22 18:00:00+00:00,1558.75,732.75
2024-10-22 19:00:00+00:00,1087.75,773.25
2024-10-22 20:00:00+00:00,774.25,694.25
2024-10-22 21:00:00+00:00,469.25,621.5
2024-10-22 22:00:00+00:00,205.75,367.5
2024-10-22 23:00:00+00:00,109.25,209.5
2024-10-23 00:00:00+00:00,117.5,111.25
2024-10-23 01:00:00+00:00,79.75,91.0
2024-10-23 02:00:00+00:00,67.0,67.25
2024-10-23 03:00:00+00:00,111.0,72.5
2024-10-23 04:00:00+00:00,207.5,73.5
2024-10-23 05:00:00+00:00,344.5,107.75
2024-10-23 06:00:00+00:00,629.5,123.25
2024-10-23 07:00:00+00:00,762.75,126.75
2024-10-23 08:00:00+00:00,780.75,114.75
2024-10-23 09:00:00+00:00,627.5,103.75
2024-10-23 10:00:00+00:00,578.75,128.5
2024-10-23 11:00:00+00:00,622.25,162.0
2024-10-23 12:00:00+00:00,610.0,172.25
2024-10-23 13:00:00+00:00,545.5,168.75
2024-10-23 14:00:00+00:00,498.0,116.75
2024-10-23 15:00:00+00:00,465.5,114.5
2024-10-23 16:00:00+00:00,305.25,146.25
2024-10-23 17:00:00+00:00,304.5,190.75
2024-10-23 18:00:00+00:00,276.25,222.5
2024-10-23 19:00:00+00:00,334.25,264.25
2024-10-23 20:00:00+00:00,539.5,295.25
2024-10-23 21:00:00+00:00,940.0,319.75
2024-10-23 22:00:00+00:00,1315.75,325.75
2024-10-23 23:00:00+00:00,1361.25,368.25
2024-10-24 00:00:00+00:00,1489.25,444.5
2024-10-24 01:00:00+00:00,1530.75,436.25
2024-10-24 02:00:00+00:00,1232.5,324.5
2024-10-24 03:00:00+00:00,958.25,286.25
2024-10-24 04:00:00+00:00,958.25,321.75
2024-10-24 05:00:00+00:00,869.25,312.75
2024-10-24 06:00:00+00:00,943.75,320.25
2024-10-24 07:00:00+00:00,1119.0,381.0
2024-10-24 08:00:00+00:00,1260.5,359.25
2024-10-24 09:00:00+00:00,1120.75,339.75
2024-10-24 10:00:00+00:00,846.25,372.0
2024-10-24 11:00:00+00:00,695.0,449.5
2024-10-24 12:00:00+00:00,602.75,471.5
2024-10-24 13:00:00+00:00,653.25,458.75
2024-10-24 14:00:00+00:00,1088.0,411.5
2024-10-24 15:00:00+00:00,1379.75,451.0
2024-10-24 16:00:00+00:00,1812.0,585.0
2024-10-24 17:00:00+00:00,2042.0,716.5
2024-10-24 18:00:00+00:00,1999.25,752.5
2024-10-24 19:00:00+00:00,1763.5,674.75
2024-10-24 20:00:00+00:00,1332.75,536.5
2024-10-24 21:00:00+00:00,1135.0,450.75
2024-10-24 22:00:00+00:00,664.5,415.25
2024-10-24 23:00:00+00:00,465.25,480.75
2024-10-25 00:00:00+00:00,706.75,505.75
2024-10-25 01:00:00+00:00,750.5,437.25
2024-10-25 02:00:00+00:00,484.75,356.25
2024-10-25 03:00:00+00:00,404.75,408.75
2024-10-25 04:00:00+00:00,441.25,464.0
2024-10-25 05:00:00+00:00,501.5,467.75
2024-10-25 06:00:00+00:00,544.25,446.0
2024-10-25 07:00:00+00:00,538.75,433.0
2024-10-25 08:00:00+00:00,491.75,378.0
2024-10-25 09:00:00+00:00,529.25,265.75
2024-10-25 10:00:00+00:00,450.5,218.0
2024-10-25 11:00:00+00:00,357.25,183.75
2024-10-25 12:00:00+00:00,368.0,141.75
2024-10-25 13:00:00+00:00,381.75,134.75
2024-10-25 14:00:00+00:00,445.0,98.25
2024-10-25 15:00:00+00:00,490.0,73.25
2024-10-25 16:00:00+00:00,513.5,132.5
2024-10-25 17:00:00+00:00,552.0,235.75
2024-10-25 18:00:00+00:00,151.5,273.5
2024-10-25 19:00:00+00:00,101.25,206.5
2024-10-25 20:00:00+00:00,68.0,185.25
2024-10-25 21:00:00+00:00,389.5,167.0
2024-10-25 22:00:00+00:00,267.0,102.5
2024-10-25 23:00:00+00:00,97.0,100.0
2024-10-26 00:00:00+00:00,77.0,121.25
2024-10-26 01:00:00+00:00,105.0,77.25
2024-10-26 02:00:00+00:00,86.5,71.25
2024-10-26 03:00:00+00:00,100.0,85.25
2024-10-26 04:00:00+00:00,132.0,118.0
2024-10-26 05:00:00+00:00,130.75,222.75
2024-10-26 06:00:00+00:00,145.0,207.5
2024-10-26 07:00:00+00:00,195.75,193.5
2024-10-26 08:00:00+00:00,211.5,206.25
2024-10-26 09:00:00+00:00,146.0,167.5
2024-10-26 10:00:00+00:00,122.0,128.5
2024-10-26 11:00:00+00:00,73.0,115.75
2024-10-26 12:00:00+00:00,73.75,132.25
2024-10-26 13:00:00+00:00,129.75,164.75
2024-10-26 14:00:00+00:00,122.75,192.5
2024-10-26 15:00:00+00:00,164.75,216.75
2024-10-26 16:00:00+00:00,308.0,299.5
2024-10-26 17:00:00+00:00,343.0,401.5
2024-10-26 18:00:00+00:00,547.25,442.75
2024-10-26 19:00:00+00:00,660.0,533.25
2024-10-26 20:00:00+00:00,714.75,528.25
2024-10-26 21:00:00+00:00,826.5,463.75
2024-10-26 22:00:00+00:00,888.25,393.0
2024-10-26 23:00:00+00:00,787.5,374.25
2024-10-27 00:00:00+00:00,446.75,192.75
2024-10-27 01:00:00+00:00,681.75,314.75
2024-10-27 02:00:00+00:00,831.25,433.75
2024-10-27 03:00:00+00:00,812.25,546.75
2024-10-27 04:00:00+00:00,886.25,277.75
2024-10-27 05:00:00+00:00,555.0,145.75
2024-10-27 06:00:00+00:00,603.75,152.75
2024-10-27 07:00:00+00:00,774.75,250.0
2024-10-27 08:00:00+00:00,751.5,388.0
2024-10-27 09:00:00+00:00,691.25,340.5
2024-10-27 10:00:00+00:00,628.25,386.25
2024-10-27 11:00:00+00:00,456.5,368.75
2024-10-27 12:00:00+00:00,350.25,322.25
2024-10-27 13:00:00+00:00,217.75,263.0
2024-10-27 14:00:00+00:00,176.25,180.25
2024-10-27 15:00:00+00:00,146.5,158.0
2024-10-27 16:00:00+00:00,138.25,137.75
2024-10-27 17:00:00+00:00,67.0,119.25
2024-10-27 18:00:00+00:00,103.5,87.0
2024-10-27 19:00:00+00:00,368.5,69.75
2024-10-27 20:00:00+00:00,772.5,167.25
2024-10-27 21:00:00+00:00,1064.75,376.5
2024-10-27 22:00:00+00:00,1260.0,509.0
2024-10-27 23:00:00+00:00,1634.75,598.5
2024-10-28 00:00:00+00:00,2110.25,752.25
2024-10-28 01:00:00+00:00,2543.25,998.25
2024-10-28 02:00:00+00:00,3311.5,1210.5
2024-10-28 03:00:00+00:00,3563.5,1381.0
2024-10-28 04:00:00+00:00,3658.0,1520.5
2024-10-28 05:00:00+00:00,3805.0,1614.5
2024-10-28 06:00:00+00:00,4019.0,1618.75
2024-10-28 07:00:00+00:00,4100.0,1497.0
2024-10-28 08:00:00+00:00,4093.25,1631.0
2024-10-28 09:00:00+00:00,4113.0,1726.0
2024-10-28 10:00:00+00:00,4079.5,1737.75
2024-10-28 11:00:00+00:00,4241.25,1714.0
2024-10-28 12:00:00+00:00,4291.0,1676.75
2024-10-28 13:00:00+00:00,4295.5,1655.25
2024-10-28 14:00:00+00:00,4230.5,1559.0
2024-10-28 15:00:00+00:00,4109.25,1441.5
2024-10-28 16:00:00+00:00,3863.25,1357.0
2024-10-28 17:00:00+00:00,3669.0,1293.75
2024-10-28 18:00:00+00:00,3336.5,1184.0
2024-10-28 19:00:00+00:00,2941.0,1133.5
2024-10-28 20:00:00+00:00,2618.25,1172.25
2024-10-28 21:00:00+00:00,2173.5,1090.5
2024-10-28 22:00:00+00:00,1944.75,1023.25
2024-10-28 23:00:00+00:00,1765.25,963.25
2024-10-29 00:00:00+00:00,1502.0,875.25
2024-10-29 01:00:00+00:00,1398.5,816.0
2024-10-29 02:00:00+00:00,1467.75,698.25
2024-10-29 03:00:00+00:00,1234.25,681.25
2024-10-29 04:00:00+00:00,949.75,701.25
2024-10-29 05:00:00+00:00,883.25,681.75
2024-10-29 06:00:00+00:00,867.25,678.5
2024-10-29 07:00:00+00:00,778.5,572.5
2024-10-29 08:00:00+00:00,684.25,569.0
2024-10-29 09:00:00+00:00,610.75,641.75
2024-10-29 10:00:00+00:00,647.75,666.25
2024-10-29 11:00:00+00:00,519.25,665.25
2024-10-29 12:00:00+00:00,454.0,624.0
2024-10-29 13:00:00+00:00,381.5,551.75
2024-10-29 14:00:00+00:00,420.75,419.75
2024-10-29 15:00:00+00:00,279.0,289.5
2024-10-29 16:00:00+00:00,269.25,248.75
2024-10-29 17:00:00+00:00,272.75,211.75
2024-10-29 18:00:00+00:00,118.75,204.5
2024-10-29 19:00:00+00:00,115.5,135.5
2024-10-29 20:00:00+00:00,133.75,101.5
2024-10-29 21:00:00+00:00,117.25,103.75
2024-10-29 22:00:00+00:00,127.25,117.5
2024-10-29 23:00:00+00:00,141.0,116.25
2024-10-30 00:00:00+00:00,339.5,114.25
2024-10-30 01:00:00+00:00,266.75,73.25
2024-10-30 02:00:00+00:00,196.25,71.75
2024-10-30 03:00:00+00:00,147.5,74.75
2024-10-30 04:00:00+00:00,159.75,75.25
2024-10-30 05:00:00+00:00,148.0,52.75
2024-10-30 06:00:00+00:00,76.75,41.75
2024-10-30 07:00:00+00:00,51.75,35.0
2024-10-30 08:00:00+00:00,22.5,41.0
2024-10-30 09:00:00+00:00,6.5,50.25
2024-10-30 10:00:00+00:00,1.75,50.5
2024-10-30 11:00:00+00:00,8.0,32.5
2024-10-30 12:00:00+00:00,17.0,28.75
2024-10-30 13:00:00+00:00,20.25,39.5
2024-10-30 14:00:00+00:00,28.25,28.5
2024-10-30 15:00:00+00:00,65.25,28.25
2024-10-30 16:00:00+00:00,56.5,22.75
2024-10-30 17:00:00+00:00,24.0,25.0
2024-10-30 18:00:00+00:00,0.25,20.75
2024-10-30 19:00:00+00:00,6.0,15.25
2024-10-30 20:00:00+00:00,6.75,20.5
2024-10-30 21:00:00+00:00,30.75,21.5
2024-10-30 22:00:00+00:00,34.0,42.0
2024-10-30 23:00:00+00:00,86.25,104.0
2024-10-31 00:00:00+00:00,193.0,94.0
2024-10-31 01:00:00+00:00,201.75,90.25
2024-10-31 02:00:00+00:00,231.25,93.5
2024-10-31 03:00:00+00:00,371.5,96.75
2024-10-31 04:00:00+00:00,488.75,93.0
2024-10-31 05:00:00+00:00,604.75,103.5
2024-10-31 06:00:00+00:00,639.75,123.75
2024-10-31 07:00:00+00:00,698.0,144.0
2024-10-31 08:00:00+00:00,723.75,208.75
2024-10-31 09:00:00+00:00,782.75,255.5
2024-10-31 10:00:00+00:00,929.0,294.75
2024-10-31 11:00:00+00:00,1075.25,348.0
2024-10-31 12:00:00+00:00,1124.0,426.0
2024-10-31 13:00:00+00:00,1150.0,493.5
2024-10-31 14:00:00+00:00,1108.5,452.0
2024-10-31 15:00:00+00:00,1022.75,449.5
2024-10-31 16:00:00+00:00,1043.75,530.5
2024-10-31 17:00:00+00:00,1137.5,606.5
2024-10-31 18:00:00+00:00,1155.5,604.75
2024-10-31 19:00:00+00:00,1186.75,553.75
2024-10-31 20:00:00+00:00,1101.75,559.5
2024-10-31 21:00:00+00:00,1084.75,571.5
2024-10-31 22:00:00+00:00,1165.25,639.0
2024-10-31 23:00:00+00:00,1273.5,655.25
2024-11-01 00:00:00+00:00,1400.25,627.0
2024-11-01 01:00:00+00:00,1469.0,628.0
2024-11-01 02:00:00+00:00,1512.75,719.75
2024-11-01 03:00:00+00:00,1607.25,715.75
2024-11-01 04:00:00+00:00,1723.75,696.75
2024-11-01 05:00:00+00:00,1941.25,699.0
2024-11-01 06:00:00+00:00,1931.75,718.25
2024-11-01 07:00:00+00:00,1808.0,763.75
2024-11-01 08:00:00+00:00,1875.75,730.5
2024-11-01 09:00:00+00:00,1895.25,662.75
2024-11-01 10:00:00+00:00,1853.25,737.0
2024-11-01 11:00:00+00:00,1656.75,800.5
2024-11-01 12:00:00+00:00,1750.25,825.25
2024-11-01 13:00:00+00:00,1536.5,649.25
2024-11-01 14:00:00+00:00,1169.5,531.0
2024-11-01 15:00:00+00:00,956.5,407.75
2024-11-01 16:00:00+00:00,670.0,314.5
2024-11-01 17:00:00+00:00,434.25,255.25
2024-11-01 18:00:00+00:00,429.75,197.25
2024-11-01 19:00:00+00:00,398.75,149.75
2024-11-01 20:00:00+00:00,548.25,112.5
2024-11-01 21:00:00+00:00,522.0,93.5
2024-11-01 22:00:00+00:00,543.5,193.0
2024-11-01 23:00:00+00:00,557.5,290.0
2024-11-02 00:00:00+00:00,653.0,429.5
2024-11-02 01:00:00+00:00,848.75,428.25
2024-11-02 02:00:00+00:00,1238.75,416.0
2024-11-02 03:00:00+00:00,1193.0,377.0
2024-11-02 04:00:00+00:00,1035.0,368.5
2024-11-02 05:00:00+00:00,968.25,340.75
2024-11-02 06:00:00+00:00,911.75,405.75
2024-11-02 07:00:00+00:00,1129.75,400.75
2024-11-02 08:00:00+00:00,1009.0,320.0
2024-11-02 09:00:00+00:00,767.0,242.75
2024-11-02 10:00:00+00:00,591.0,197.5
2024-11-02 11:00:00+00:00,373.75,156.5
2024-11-02 12:00:00+00:00,304.75,115.25
2024-11-02 13:00:00+00:00,290.75,122.5
2024-11-02 14:00:00+00:00,319.25,120.5
2024-11-02 15:00:00+00:00,320.25,107.5
2024-11-02 16:00:00+00:00,364.75,179.75
2024-11-02 17:00:00+00:00,458.25,244.0
2024-11-02 18:00:00+00:00,586.75,294.25
2024-11-02 19:00:00+00:00,642.0,311.5
2024-11-02 20:00:00+00:00,557.75,315.5
2024-11-02 21:00:00+00:00,390.5,288.25
2024-11-02 22:00:00+00:00,337.25,308.5
2024-11-02 23:00:00+00:00,407.5,295.0
2024-11-03 00:00:00+00:00,431.75,245.5
2024-11-03 01:00:00+00:00,323.5,207.0
2024-11-03 02:00:00+00:00,217.25,149.75
2024-11-03 03:00:00+00:00,137.75,156.75
2024-11-03 04:00:00+00:00,139.5,167.5
2024-11-03 05:00:00+00:00,170.5,141.75
2024-11-03 06:00:00+00:00,142.25,108.75
2024-11-03 07:00:00+00:00,163.0,88.25
2024-11-03 08:00:00+00:00,212.0,89.75
2024-11-03 09:00:00+00:00,177.0,107.0
2024-11-03 10:00:00+00:00,123.0,117.0
2024-11-03 11:00:00+00:00,38.0,117.0
2024-11-03 12:00:00+00:00,31.0,116.0
2024-11-03 13:00:00+00:00,64.0,108.75
2024-11-03 14:00:00+00:00,74.5,66.5
2024-11-03 15:00:00+00:00,128.75,49.0
2024-11-03 16:00:00+00:00,168.0,77.25
2024-11-03 17:00:00+00:00,158.25,112.5
2024-11-03 18:00:00+00:00,275.0,128.5
2024-11-03 19:00:00+00:00,425.25,142.75
2024-11-03 20:00:00+00:00,431.75,171.25
2024-11-03 21:00:00+00:00,401.25,205.0
2024-11-03 22:00:00+00:00,435.25,234.5
2024-11-03 23:00:00+00:00,421.75,234.0
2024-11-04 00:00:00+00:00,464.5,226.75
2024-11-04 01:00:00+00:00,338.75,234.25
2024-11-04 02:00:00+00:00,250.5,311.75
2024-11-04 03:00:00+00:00,201.75,330.5
2024-11-04 04:00:00+00:00,293.0,426.0
2024-11-04 05:00:00+00:00,417.0,600.0
2024-11-04 06:00:00+00:00,552.0,658.5
2024-11-04 07:00:00+00:00,794.0,568.25
2024-11-04 08:00:00+00:00,821.75,392.75
2024-11-04 09:00:00+00:00,721.25,294.25
2024-11-04 10:00:00+00:00,582.75,308.25
2024-11-04 11:00:00+00:00,338.75,330.75
2024-11-04 12:00:00+00:00,353.0,325.75
2024-11-04 13:00:00+00:00,423.25,375.25
2024-11-04 14:00:00+00:00,560.5,390.0
2024-11-04 15:00:00+00:00,717.5,463.75
2024-11-04 16:00:00+00:00,784.75,722.25
2024-11-04 17:00:00+00:00,812.0,807.5
2024-11-04 18:00:00+00:00,1038.0,836.75
2024-11-04 19:00:00+00:00,1132.0,723.0
2024-11-04 20:00:00+00:00,1105.75,756.25
2024-11-04 21:00:00+00:00,975.25,711.75
2024-11-04 22:00:00+00:00,798.25,687.0
2024-11-04 23:00:00+00:00,776.0,663.5
2024-11-05 00:00:00+00:00,795.5,583.25
2024-11-05 01:00:00+00:00,724.75,487.5
2024-11-05 02:00:00+00:00,515.75,413.5
2024-11-05 03:00:00+00:00,342.75,414.0
2024-11-05 04:00:00+00:00,278.5,443.75
2024-11-05 05:00:00+00:00,293.25,495.0
2024-11-05 06:00:00+00:00,319.0,457.0
2024-11-05 07:00:00+00:00,266.75,346.25
2024-11-05 08:00:00+00:00,231.5,287.0
2024-11-05 09:00:00+00:00,165.0,197.25
2024-11-05 10:00:00+00:00,96.75,144.0
2024-11-05 11:00:00+00:00,46.25,104.25
2024-11-05 12:00:00+00:00,24.75,84.25
2024-11-05 13:00:00+00:00,22.5,72.25
2024-11-05 14:00:00+00:00,17.75,55.25
2024-11-05 15:00:00+00:00,40.25,43.5
2024-11-05 16:00:00+00:00,40.75,49.5
2024-11-05 17:00:00+00:00,43.5,51.0
2024-11-05 18:00:00+00:00,25.25,52.5
2024-11-05 19:00:00+00:00,17.0,50.75
2024-11-05 20:00:00+00:00,21.25,46.5
2024-11-05 21:00:00+00:00,15.5,46.5
2024-11-05 22:00:00+00:00,9.75,50.5
2024-11-05 23:00:00+00:00,6.5,47.5
2024-11-06 00:00:00+00:00,1.5,46.5
2024-11-06 01:00:00+00:00,3.25,42.0
2024-11-06 02:00:00+00:00,13.25,39.0
2024-11-06 03:00:00+00:00,42.0,38.75
2024-11-06 04:00:00+00:00,64.75,39.25
2024-11-06 05:00:00+00:00,66.25,38.5
2024-11-06 06:00:00+00:00,75.75,43.0
2024-11-06 07:00:00+00:00,33.25,56.5
2024-11-06 08:00:00+00:00,29.5,60.25
2024-11-06 09:00:00+00:00,17.25,61.25
2024-11-06 10:00:00+00:00,19.25,56.0
2024-11-06 11:00:00+00:00,48.5,54.0
2024-11-06 12:00:00+00:00,34.25,50.25
2024-11-06 13:00:00+00:00,20.25,47.25
2024-11-06 14:00:00+00:00,7.75,45.5
2024-11-06 15:00:00+00:00,2.25,40.0
2024-11-06 16:00:00+00:00,0.25,42.25
2024-11-06 17:00:00+00:00,0.0,41.0
2024-11-06 18:00:00+00:00,3.5,42.0
2024-11-06 19:00:00+00:00,11.25,41.25
2024-11-06 20:00:00+00:00,18.25,38.75
2024-11-06 21:00:00+00:00,41.5,42.75
2024-11-06 22:00:00+00:00,40.5,44.25
2024-11-06 23:00:00+00:00,33.0,47.25
2024-11-07 00:00:00+00:00,59.0,47.25
2024-11-07 01:00:00+00:00,52.25,46.0
2024-11-07 02:00:00+00:00,43.75,45.25
2024-11-07 03:00:00+00:00,46.5,47.0
2024-11-07 04:00:00+00:00,58.75,59.75
2024-11-07 05:00:00+00:00,223.5,99.5
2024-11-07 06:00:00+00:00,450.5,130.25
2024-11-07 07:00:00+00:00,660.5,189.25
2024-11-07 08:00:00+00:00,710.0,203.5
2024-11-07 09:00:00+00:00,732.5,197.75
2024-11-07 10:00:00+00:00,723.75,204.75
2024-11-07 11:00:00+00:00,516.5,203.75
2024-11-07 12:00:00+00:00,345.75,175.25
2024-11-07 13:00:00+00:00,265.25,135.5
2024-11-07 14:00:00+00:00,351.25,129.0
2024-11-07 15:00:00+00:00,441.0,154.5
2024-11-07 16:00:00+00:00,558.5,194.0
2024-11-07 17:00:00+00:00,512.5,255.75
2024-11-07 18:00:00+00:00,574.75,306.25
2024-11-07 19:00:00+00:00,725.75,330.75
2024-11-07 20:00:00+00:00,887.5,384.25
2024-11-07 21:00:00+00:00,998.0,372.75
2024-11-07 22:00:00+00:00,978.75,374.25
2024-11-07 23:00:00+00:00,971.25,368.5
2024-11-08 00:00:00+00:00,823.5,394.75
2024-11-08 01:00:00+00:00,778.5,354.25
2024-11-08 02:00:00+00:00,758.25,356.25
2024-11-08 03:00:00+00:00,821.75,334.5
2024-11-08 04:00:00+00:00,821.25,404.0
2024-11-08 05:00:00+00:00,849.5,439.75
2024-11-08 06:00:00+00:00,894.0,461.25
2024-11-08 07:00:00+00:00,829.0,397.5
2024-11-08 08:00:00+00:00,865.0,366.75
2024-11-08 09:00:00+00:00,868.25,394.75
2024-11-08 10:00:00+00:00,906.25,391.5
2024-11-08 11:00:00+00:00,768.25,345.25
2024-11-08 12:00:00+00:00,696.75,364.75
2024-11-08 13:00:00+00:00,724.0,416.25
2024-11-08 14:00:00+00:00,783.0,492.0
2024-11-08 15:00:00+00:00,965.5,522.5
2024-11-08 16:00:00+00:00,936.5,530.0
2024-11-08 17:00:00+00:00,947.25,434.0
2024-11-08 18:00:00+00:00,869.5,254.25
2024-11-08 19:00:00+00:00,708.0,197.5
2024-11-08 20:00:00+00:00,566.0,180.25
2024-11-08 21:00:00+00:00,429.0,143.75
2024-11-08 22:00:00+00:00,354.5,161.25
2024-11-08 23:00:00+00:00,272.0,169.75
2024-11-09 00:00:00+00:00,269.0,155.5
2024-11-09 01:00:00+00:00,220.0,128.5
2024-11-09 02:00:00+00:00,236.25,157.5
2024-11-09 03:00:00+00:00,247.5,150.75
2024-11-09 04:00:00+00:00,192.25,129.0
2024-11-09 05:00:00+00:00,116.5,102.5
2024-11-09 06:00:00+00:00,114.5,98.0
2024-11-09 07:00:00+00:00,119.75,105.5
2024-11-09 08:00:00+00:00,115.25,111.75
2024-11-09 09:00:00+00:00,112.5,96.75
2024-11-09 10:00:00+00:00,132.0,82.75
2024-11-09 11:00:00+00:00,144.25,61.25
2024-11-09 12:00:00+00:00,183.25,91.75
2024-11-09 13:00:00+00:00,200.25,88.0
2024-11-09 14:00:00+00:00,264.5,75.5
2024-11-09 15:00:00+00:00,364.0,68.0
2024-11-09 16:00:00+00:00,399.0,72.75
2024-11-09 17:00:00+00:00,503.5,92.75
2024-11-09 18:00:00+00:00,570.5,132.25
2024-11-09 19:00:00+00:00,581.25,162.25
2024-11-09 20:00:00+00:00,511.75,177.25
2024-11-09 21:00:00+00:00,502.5,188.5
2024-11-09 22:00:00+00:00,541.5,189.75
2024-11-09 23:00:00+00:00,750.75,208.25
2024-11-10 00:00:00+00:00,801.0,237.25
2024-11-10 01:00:00+00:00,677.5,168.0
2024-11-10 02:00:00+00:00,608.75,175.25
2024-11-10 03:00:00+00:00,608.75,192.25
2024-11-10 04:00:00+00:00,624.0,176.75
2024-11-10 05:00:00+00:00,514.0,203.0
2024-11-10 06:00:00+00:00,376.0,201.75
2024-11-10 07:00:00+00:00,436.75,197.25
2024-11-10 08:00:00+00:00,496.25,216.0
2024-11-10 09:00:00+00:00,574.75,236.0
2024-11-10 10:00:00+00:00,538.0,236.75
2024-11-10 11:00:00+00:00,521.0,221.25
2024-11-10 12:00:00+00:00,388.25,203.5
2024-11-10 13:00:00+00:00,352.25,189.75
2024-11-10 14:00:00+00:00,431.0,180.5
2024-11-10 15:00:00+00:00,385.0,169.25
2024-11-10 16:00:00+00:00,294.5,202.0
2024-11-10 17:00:00+00:00,289.5,244.25
2024-11-10 18:00:00+00:00,335.5,301.75
2024-11-10 19:00:00+00:00,404.25,325.75
2024-11-10 20:00:00+00:00,363.0,311.25
2024-11-10 21:00:00+00:00,503.25,308.0
2024-11-10 22:00:00+00:00,822.0,377.0
2024-11-10 23:00:00+00:00,1156.25,587.25
2024-11-11 00:00:00+00:00,1534.0,666.5
2024-11-11 01:00:00+00:00,1959.5,785.0
2024-11-11 02:00:00+00:00,2137.0,804.5
2024-11-11 03:00:00+00:00,3020.0,1061.25
2024-11-11 04:00:00+00:00,4046.5,1050.75
2024-11-11 05:00:00+00:00,4027.0,1082.75
2024-11-11 06:00:00+00:00,3800.75,1437.75
2024-11-11 07:00:00+00:00,3620.75,1445.25
2024-11-11 08:00:00+00:00,3707.25,1408.5
2024-11-11 09:00:00+00:00,3747.25,1575.25
2024-11-11 10:00:00+00:00,3621.5,1724.0
2024-11-11 11:00:00+00:00,3550.75,1755.25
2024-11-11 12:00:00+00:00,3473.0,1882.5
2024-11-11 13:00:00+00:00,3689.5,1970.75
2024-11-11 14:00:00+00:00,3984.5,1949.5
2024-11-11 15:00:00+00:00,4082.75,1827.0
2024-11-11 16:00:00+00:00,4081.25,2012.75
2024-11-11 17:00:00+00:00,4040.25,2109.75
2024-11-11 18:00:00+00:00,4040.75,2101.75
2024-11-11 19:00:00+00:00,4046.5,1963.75
2024-11-11 20:00:00+00:00,4008.75,2064.0
2024-11-11 21:00:00+00:00,4044.75,2061.75
2024-11-11 22:00:00+00:00,4050.5,1869.75
2024-11-11 23:00:00+00:00,4062.25,1699.25
2024-11-12 00:00:00+00:00,4014.0,1582.75
2024-11-12 01:00:00+00:00,3857.0,1666.5
2024-11-12 02:00:00+00:00,3721.75,1469.0
2024-11-12 03:00:00+00:00,3677.75,1442.75
2024-11-12 04:00:00+00:00,3572.25,1380.0
2024-11-12 05:00:00+00:00,3435.75,1116.0
2024-11-12 06:00:00+00:00,3341.5,1064.75
2024-11-12 07:00:00+00:00,3257.5,1018.25
2024-11-12 08:00:00+00:00,3094.5,791.5
2024-11-12 09:00:00+00:00,2830.0,704.5
2024-11-12 10:00:00+00:00,2418.25,508.0
2024-11-12 11:00:00+00:00,1527.75,387.5
2024-11-12 12:00:00+00:00,1309.5,428.25
2024-11-12 13:00:00+00:00,1379.75,472.0
2024-11-12 14:00:00+00:00,1626.5,443.25
2024-11-12 15:00:00+00:00,1900.75,414.0
2024-11-12 16:00:00+00:00,1964.75,413.75
2024-11-12 17:00:00+00:00,1931.0,457.0
2024-11-12 18:00:00+00:00,1741.25,464.5
2024-11-12 19:00:00+00:00,1365.5,393.25
2024-11-12 20:00:00+00:00,947.75,325.75
2024-11-12 21:00:00+00:00,675.75,284.0
2024-11-12 22:00:00+00:00,503.5,254.25
2024-11-12 23:00:00+00:00,297.75,172.25
2024-11-13 00:00:00+00:00,250.5,127.75
2024-11-13 01:00:00+00:00,127.25,112.0
2024-11-13 02:00:00+00:00,85.25,94.0
2024-11-13 03:00:00+00:00,130.0,90.0
2024-11-13 04:00:00+00:00,123.5,98.25
2024-11-13 05:00:00+00:00,207.75,103.25
2024-11-13 06:00:00+00:00,352.5,140.25
2024-11-13 07:00:00+00:00,411.5,286.0
2024-11-13 08:00:00+00:00,775.75,291.5
2024-11-13 09:00:00+00:00,690.75,179.5
2024-11-13 10:00:00+00:00,628.75,206.25
2024-11-13 11:00:00+00:00,816.0,296.75
2024-11-13 12:00:00+00:00,1032.5,338.0
2024-11-13 13:00:00+00:00,1048.5,436.5
2024-11-13 14:00:00+00:00,1034.75,451.25
2024-11-13 15:00:00+00:00,1116.0,448.25
2024-11-13 16:00:00+00:00,956.0,503.25
2024-11-13 17:00:00+00:00,869.0,565.0
2024-11-13 18:00:00+00:00,1036.0,703.25
2024-11-13 19:00:00+00:00,1142.25,682.25
2024-11-13 20:00:00+00:00,1235.5,642.5
2024-11-13 21:00:00+00:00,1192.75,604.25
2024-11-13 22:00:00+00:00,1250.0,619.5
2024-11-13 23:00:00+00:00,1275.75,515.25
2024-11-14 00:00:00+00:00,972.5,484.75
2024-11-14 01:00:00+00:00,1044.5,606.75
2024-11-14 02:00:00+00:00,1278.5,681.5
2024-11-14 03:00:00+00:00,1302.25,665.25
2024-11-14 04:00:00+00:00,1785.25,765.5
2024-11-14 05:00:00+00:00,1993.5,871.25
2024-11-14 06:00:00+00:00,2375.25,780.25
2024-11-14 07:00:00+00:00,2210.0,677.75
2024-11-14 08:00:00+00:00,2132.75,597.25
2024-11-14 09:00:00+00:00,1995.5,495.5
2024-11-14 10:00:00+00:00,1670.5,395.25
2024-11-14 11:00:00+00:00,1302.5,366.25
2024-11-14 12:00:00+00:00,1153.5,373.5
2024-11-14 13:00:00+00:00,1077.0,405.25
2024-11-14 14:00:00+00:00,1252.5,426.5
2024-11-14 15:00:00+00:00,1349.75,457.0
2024-11-14 16:00:00+00:00,1458.0,407.0
2024-11-14 17:00:00+00:00,1353.0,346.5
2024-11-14 18:00:00+00:00,1030.75,327.0
2024-11-14 19:00:00+00:00,957.75,308.0
2024-11-14 20:00:00+00:00,800.0,232.0
2024-11-14 21:00:00+00:00,607.25,224.5
2024-11-14 22:00:00+00:00,416.25,205.0
2024-11-14 23:00:00+00:00,354.5,186.25
2024-11-15 00:00:00+00:00,243.0,151.75
2024-11-15 01:00:00+00:00,169.75,173.0
2024-11-15 02:00:00+00:00,152.25,152.5
2024-11-15 03:00:00+00:00,150.25,116.0
2024-11-15 04:00:00+00:00,104.25,113.0
2024-11-15 05:00:00+00:00,110.0,115.5
2024-11-15 06:00:00+00:00,103.0,133.25
2024-11-15 07:00:00+00:00,127.5,139.0
2024-11-15 08:00:00+00:00,166.25,151.75
2024-11-15 09:00:00+00:00,216.75,153.75
2024-11-15 10:00:00+00:00,287.5,194.75
2024-11-15 11:00:00+00:00,338.25,203.0
2024-11-15 12:00:00+00:00,368.75,206.0
2024-11-15 13:00:00+00:00,390.0,207.0
2024-11-15 14:00:00+00:00,495.5,231.5
2024-11-15 15:00:00+00:00,669.75,303.25
2024-11-15 16:00:00+00:00,822.0,296.75
2024-11-15 17:00:00+00:00,1210.25,367.0
2024-11-15 18:00:00+00:00,1522.0,543.5
2024-11-15 19:00:00+00:00,1864.5,616.0
2024-11-15 20:00:00+00:00,2263.5,715.75
2024-11-15 21:00:00+00:00,2542.75,836.5
2024-11-15 22:00:00+00:00,2852.25,829.5
2024-11-15 23:00:00+00:00,2871.25,901.25
2024-11-16 00:00:00+00:00,2878.75,1169.0
2024-11-16 01:00:00+00:00,2779.75,1238.25
2024-11-16 02:00:00+00:00,2783.5,1240.0
2024-11-16 03:00:00+00:00,2909.5,1338.25
2024-11-16 04:00:00+00:00,2865.25,1242.5
2024-11-16 05:00:00+00:00,2932.5,1405.5
2024-11-16 06:00:00+00:00,2955.25,1326.0
2024-11-16 07:00:00+00:00,2886.25,1406.0
2024-11-16 08:00:00+00:00,2856.5,1436.5
2024-11-16 09:00:00+00:00,2753.75,1478.0
2024-11-16 10:00:00+00:00,2565.75,1557.0
2024-11-16 11:00:00+00:00,2587.5,1657.25
2024-11-16 12:00:00+00:00,2742.25,1682.75
2024-11-16 13:00:00+00:00,2691.0,1664.0
2024-11-16 14:00:00+00:00,2711.75,1584.5
2024-11-16 15:00:00+00:00,2829.5,1601.0
2024-11-16 16:00:00+00:00,2927.25,1688.0
2024-11-16 17:00:00+00:00,2892.5,1724.75
2024-11-16 18:00:00+00:00,3018.5,1646.75
2024-11-16 19:00:00+00:00,3021.5,1466.75
2024-11-16 20:00:00+00:00,2840.25,1014.5
2024-11-16 21:00:00+00:00,2687.5,698.5
2024-11-16 22:00:00+00:00,2598.5,646.25
2024-11-16 23:00:00+00:00,2615.75,731.0
2024-11-17 00:00:00+00:00,3221.5,884.5
2024-11-17 01:00:00+00:00,3511.75,886.0
2024-11-17 02:00:00+00:00,3620.75,1027.0
2024-11-17 03:00:00+00:00,3644.75,1286.75
2024-11-17 04:00:00+00:00,3623.75,1364.5
2024-11-17 05:00:00+00:00,3631.0,1441.75
2024-11-17 06:00:00+00:00,3743.75,1477.75
2024-11-17 07:00:00+00:00,3769.0,1518.5
2024-11-17 08:00:00+00:00,3881.0,1597.0
2024-11-17 09:00:00+00:00,3664.5,1511.75
2024-11-17 10:00:00+00:00,3123.25,1663.0
2024-11-17 11:00:00+00:00,3164.75,1749.75
2024-11-17 12:00:00+00:00,3115.5,1661.0
2024-11-17 13:00:00+00:00,3694.5,1562.25
2024-11-17 14:00:00+00:00,3698.75,1302.0
2024-11-17 15:00:00+00:00,3758.75,1343.5
2024-11-17 16:00:00+00:00,3786.25,1263.25
2024-11-17 17:00:00+00:00,3634.25,1185.25
2024-11-17 18:00:00+00:00,2867.5,1181.25
2024-11-17 19:00:00+00:00,3110.0,847.5
2024-11-17 20:00:00+00:00,3110.75,618.0
2024-11-17 21:00:00+00:00,1931.5,698.0
2024-11-17 22:00:00+00:00,2222.5,548.75
2024-11-17 23:00:00+00:00,2617.5,593.75
2024-11-18 00:00:00+00:00,2899.25,910.25
2024-11-18 01:00:00+00:00,3070.25,1051.5
2024-11-18 02:00:00+00:00,2917.0,1155.0
2024-11-18 03:00:00+00:00,2922.25,789.75
2024-11-18 04:00:00+00:00,2672.0,906.0
2024-11-18 05:00:00+00:00,2355.0,1419.5
2024-11-18 06:00:00+00:00,2225.5,1109.5
2024-11-18 07:00:00+00:00,1796.75,945.25
2024-11-18 08:00:00+00:00,2042.0,976.5
2024-11-18 09:00:00+00:00,1777.25,873.0
2024-11-18 10:00:00+00:00,1727.5,706.5
2024-11-18 11:00:00+00:00,1339.75,691.5
2024-11-18 12:00:00+00:00,1270.0,677.5
2024-11-18 13:00:00+00:00,1293.0,733.5
2024-11-18 14:00:00+00:00,1213.5,620.75
2024-11-18 15:00:00+00:00,1162.25,515.25
2024-11-18 16:00:00+00:00,856.0,370.75
2024-11-18 17:00:00+00:00,618.5,320.0
2024-11-18 18:00:00+00:00,393.5,237.75
2024-11-18 19:00:00+00:00,491.5,273.75
2024-11-18 20:00:00+00:00,238.75,303.75
2024-11-18 21:00:00+00:00,324.25,301.25
2024-11-18 22:00:00+00:00,434.5,288.75
2024-11-18 23:00:00+00:00,1070.5,286.5
2024-11-19 00:00:00+00:00,1975.5,361.75
2024-11-19 01:00:00+00:00,1765.5,440.75
2024-11-19 02:00:00+00:00,1993.0,588.75
2024-11-19 03:00:00+00:00,2575.5,748.75
2024-11-19 04:00:00+00:00,2840.25,1210.0
2024-11-19 05:00:00+00:00,3036.75,1672.5
2024-11-19 06:00:00+00:00,2716.25,1834.25
2024-11-19 07:00:00+00:00,2345.5,1675.25
2024-11-19 08:00:00+00:00,2143.75,1034.75
2024-11-19 09:00:00+00:00,1774.75,598.0
2024-11-19 10:00:00+00:00,1688.25,391.75
2024-11-19 11:00:00+00:00,1307.5,286.75
2024-11-19 12:00:00+00:00,1099.25,172.25
2024-11-19 13:00:00+00:00,1402.75,173.5
2024-11-19 14:00:00+00:00,2240.25,324.5
2024-11-19 15:00:00+00:00,2672.5,682.5
2024-11-19 16:00:00+00:00,3224.75,683.5
2024-11-19 17:00:00+00:00,3001.5,615.0
2024-11-19 18:00:00+00:00,2883.0,501.0
2024-11-19 19:00:00+00:00,3271.5,442.75
2024-11-19 20:00:00+00:00,3304.0,551.0
2024-11-19 21:00:00+00:00,3542.0,545.25
2024-11-19 22:00:00+00:00,3447.5,850.0
2024-11-19 23:00:00+00:00,3381.25,1006.5
2024-11-20 00:00:00+00:00,3264.75,1041.25
2024-11-20 01:00:00+00:00,3486.75,1196.25
2024-11-20 02:00:00+00:00,3465.75,1319.5
2024-11-20 03:00:00+00:00,3583.75,1167.25
2024-11-20 04:00:00+00:00,3602.0,1115.5
2024-11-20 05:00:00+00:00,3504.75,905.75
2024-11-20 06:00:00+00:00,3384.75,904.5
2024-11-20 07:00:00+00:00,3276.25,1332.0
2024-11-20 08:00:00+00:00,3271.5,1346.25
2024-11-20 09:00:00+00:00,3549.25,884.0
2024-11-20 10:00:00+00:00,3744.0,792.25
2024-11-20 11:00:00+00:00,3708.5,1157.5
2024-11-20 12:00:00+00:00,3746.25,1869.5
2024-11-20 13:00:00+00:00,3636.75,1932.75
2024-11-20 14:00:00+00:00,3537.25,1728.0
2024-11-20 15:00:00+00:00,3223.25,1713.0
2024-11-20 16:00:00+00:00,3152.25,1395.5
2024-11-20 17:00:00+00:00,3196.5,954.0
2024-11-20 18:00:00+00:00,3515.75,708.0
2024-11-20 19:00:00+00:00,3277.75,687.75
2024-11-20 20:00:00+00:00,3228.5,720.75
2024-11-20 21:00:00+00:00,3360.5,842.0
2024-11-20 22:00:00+00:00,3502.0,1288.25
2024-11-20 23:00:00+00:00,3683.25,1025.5
2024-11-21 00:00:00+00:00,3372.25,1295.5
2024-11-21 01:00:00+00:00,3531.75,1294.0
2024-11-21 02:00:00+00:00,3715.0,1435.25
2024-11-21 03:00:00+00:00,3509.25,1331.75
2024-11-21 04:00:00+00:00,3604.0,1290.25
2024-11-21 05:00:00+00:00,3332.25,1283.5
2024-11-21 06:00:00+00:00,3006.5,1472.0
2024-11-21 07:00:00+00:00,3120.0,1579.75
2024-11-21 08:00:00+00:00,2796.0,1604.25
2024-11-21 09:00:00+00:00,2373.75,1396.25
2024-11-21 10:00:00+00:00,2202.5,1142.75
2024-11-21 11:00:00+00:00,2058.75,1093.75
2024-11-21 12:00:00+00:00,2029.75,725.0
2024-11-21 13:00:00+00:00,1910.0,592.75
2024-11-21 14:00:00+00:00,1597.25,823.0
2024-11-21 15:00:00+00:00,1667.5,800.5
2024-11-21 16:00:00+00:00,1814.25,777.5
2024-11-21 17:00:00+00:00,2125.25,789.0
2024-11-21 18:00:00+00:00,2413.0,660.0
2024-11-21 19:00:00+00:00,2871.0,606.75
2024-11-21 20:00:00+00:00,2912.25,700.5
2024-11-21 21:00:00+00:00,3024.0,650.25
2024-11-21 22:00:00+00:00,3322.75,805.0
2024-11-21 23:00:00+00:00,3334.0,992.75
2024-11-22 00:00:00+00:00,3100.75,878.5
2024-11-22 01:00:00+00:00,3509.25,889.5
2024-11-22 02:00:00+00:00,3492.0,954.75
2024-11-22 03:00:00+00:00,3652.75,860.75
2024-11-22 04:00:00+00:00,3888.0,1107.5
2024-11-22 05:00:00+00:00,3659.5,1503.5
2024-11-22 06:00:00+00:00,3846.0,1834.75
2024-11-22 07:00:00+00:00,3823.5,1880.25
2024-11-22 08:00:00+00:00,3930.75,1921.0
2024-11-22 09:00:00+00:00,3706.25,1986.75
2024-11-22 10:00:00+00:00,3429.25,2118.5
2024-11-22 11:00:00+00:00,3251.25,2290.75
2024-11-22 12:00:00+00:00,3745.25,2200.25
2024-11-22 13:00:00+00:00,3977.5,2131.75
2024-11-22 14:00:00+00:00,3970.0,2150.75
2024-11-22 15:00:00+00:00,3919.5,1945.0
2024-11-22 16:00:00+00:00,3746.75,1441.75
2024-11-22 17:00:00+00:00,3296.25,1224.0
2024-11-22 18:00:00+00:00,2367.5,767.25
2024-11-22 19:00:00+00:00,2205.75,450.5
2024-11-22 20:00:00+00:00,2556.5,458.75
2024-11-22 21:00:00+00:00,2440.25,749.25
2024-11-22 22:00:00+00:00,1864.0,1196.75
2024-11-22 23:00:00+00:00,2107.75,1257.5
2024-11-23 00:00:00+00:00,2205.25,995.0
2024-11-23 01:00:00+00:00,2127.25,1074.0
2024-11-23 02:00:00+00:00,2077.75,1206.5
2024-11-23 03:00:00+00:00,2213.0,1243.75
2024-11-23 04:00:00+00:00,2346.25,1328.5
2024-11-23 05:00:00+00:00,2534.75,1308.75
2024-11-23 06:00:00+00:00,2872.5,1501.5
2024-11-23 07:00:00+00:00,3385.5,1627.5
2024-11-23 08:00:00+00:00,3686.25,1733.25
2024-11-23 09:00:00+00:00,3837.5,1786.75
2024-11-23 10:00:00+00:00,3923.25,1835.5
2024-11-23 11:00:00+00:00,3909.5,1955.75
2024-11-23 12:00:00+00:00,3758.75,2139.25
2024-11-23 13:00:00+00:00,3900.5,2297.75
2024-11-23 14:00:00+00:00,3912.0,2401.0
2024-11-23 15:00:00+00:00,3897.5,2440.0
2024-11-23 16:00:00+00:00,3889.75,2477.75
2024-11-23 17:00:00+00:00,3777.75,2503.0
2024-11-23 18:00:00+00:00,3647.25,2516.75
2024-11-23 19:00:00+00:00,3609.0,2530.25
2024-11-23 20:00:00+00:00,3657.5,2530.5
2024-11-23 21:00:00+00:00,3749.5,2531.75
2024-11-23 22:00:00+00:00,3735.5,2428.75
2024-11-23 23:00:00+00:00,3701.25,2409.5
2024-11-24 00:00:00+00:00,3702.0,2446.0
2024-11-24 01:00:00+00:00,3375.25,2420.5
2024-11-24 02:00:00+00:00,3132.75,2234.5
2024-11-24 03:00:00+00:00,3119.0,2211.25
2024-11-24 04:00:00+00:00,2924.75,2203.5
2024-11-24 05:00:00+00:00,2943.25,2232.75
2024-11-24 06:00:00+00:00,3093.25,2217.0
2024-11-24 07:00:00+00:00,3686.5,2381.25
2024-11-24 08:00:00+00:00,3751.25,2420.75
2024-11-24 09:00:00+00:00,3620.25,2413.5
2024-11-24 10:00:00+00:00,3655.0,2330.25
2024-11-24 11:00:00+00:00,3548.75,2334.5
2024-11-24 12:00:00+00:00,3597.5,2363.5
2024-11-24 13:00:00+00:00,3692.5,2411.0
2024-11-24 14:00:00+00:00,3644.5,2378.25
2024-11-24 15:00:00+00:00,3491.5,2413.25
2024-11-24 16:00:00+00:00,3409.0,2432.0
2024-11-24 17:00:00+00:00,3651.5,2451.75
2024-11-24 18:00:00+00:00,3588.0,2437.5
2024-11-24 19:00:00+00:00,3498.0,2469.25
2024-11-24 20:00:00+00:00,3509.0,2405.25
2024-11-24 21:00:00+00:00,3626.75,2362.25
2024-11-24 22:00:00+00:00,3525.25,2274.25
2024-11-24 23:00:00+00:00,3590.0,2315.0
2024-11-25 00:00:00+00:00,3566.25,2260.25
2024-11-25 01:00:00+00:00,2994.5,2102.5
2024-11-25 02:00:00+00:00,2954.75,2061.75
2024-11-25 03:00:00+00:00,2961.25,2116.5
2024-11-25 04:00:00+00:00,2980.75,2166.0
2024-11-25 05:00:00+00:00,3135.0,2357.75
2024-11-25 06:00:00+00:00,3132.0,2331.0
2024-11-25 07:00:00+00:00,2503.75,2153.75
2024-11-25 08:00:00+00:00,2668.5,1684.5
2024-11-25 09:00:00+00:00,3079.75,1405.5
2024-11-25 10:00:00+00:00,3038.0,1315.75
2024-11-25 11:00:00+00:00,3384.5,1152.25
2024-11-25 12:00:00+00:00,3675.25,1276.75
2024-11-25 13:00:00+00:00,3705.5,1395.0
2024-11-25 14:00:00+00:00,3418.0,1699.5
2024-11-25 15:00:00+00:00,3346.75,1992.5
2024-11-25 16:00:00+00:00,3624.75,2083.25
2024-11-25 17:00:00+00:00,3759.0,2040.25
2024-11-25 18:00:00+00:00,3866.5,1966.0
2024-11-25 19:00:00+00:00,3879.5,1879.75
2024-11-25 20:00:00+00:00,3772.75,1815.0
2024-11-25 21:00:00+00:00,3634.5,1814.5
2024-11-25 22:00:00+00:00,3406.25,1868.5
2024-11-25 23:00:00+00:00,3475.0,1856.75
2024-11-26 00:00:00+00:00,3534.5,1791.25
2024-11-26 01:00:00+00:00,3494.75,1778.0
2024-11-26 02:00:00+00:00,3293.0,1775.0
2024-11-26 03:00:00+00:00,3219.25,1821.0
2024-11-26 04:00:00+00:00,3132.5,1762.5
2024-11-26 05:00:00+00:00,2879.25,1608.25
2024-11-26 06:00:00+00:00,3326.0,1582.0
2024-11-26 07:00:00+00:00,3474.75,1589.5
2024-11-26 08:00:00+00:00,3145.25,1640.75
2024-11-26 09:00:00+00:00,3060.5,1593.0
2024-11-26 10:00:00+00:00,2509.0,1551.25
2024-11-26 11:00:00+00:00,2537.75,1550.75
2024-11-26 12:00:00+00:00,2655.5,1510.75
2024-11-26 13:00:00+00:00,2703.75,1244.5
2024-11-26 14:00:00+00:00,1937.0,961.0
2024-11-26 15:00:00+00:00,1370.25,916.75
2024-11-26 16:00:00+00:00,1149.5,678.75
2024-11-26 17:00:00+00:00,1015.75,662.0
2024-11-26 18:00:00+00:00,1007.0,676.75
2024-11-26 19:00:00+00:00,955.25,753.5
2024-11-26 20:00:00+00:00,777.75,656.25
2024-11-26 21:00:00+00:00,647.0,556.5
2024-11-26 22:00:00+00:00,405.5,427.0
2024-11-26 23:00:00+00:00,426.75,374.25
2024-11-27 00:00:00+00:00,393.75,299.75
2024-11-27 01:00:00+00:00,267.25,255.25
2024-11-27 02:00:00+00:00,523.0,279.25
2024-11-27 03:00:00+00:00,1032.75,344.0
2024-11-27 04:00:00+00:00,1724.25,471.25
2024-11-27 05:00:00+00:00,2442.5,537.25
2024-11-27 06:00:00+00:00,3055.5,856.5
2024-11-27 07:00:00+00:00,3291.0,1348.5
2024-11-27 08:00:00+00:00,3317.25,1786.75
2024-11-27 09:00:00+00:00,3504.5,1998.5
2024-11-27 10:00:00+00:00,3750.5,2179.25
2024-11-27 11:00:00+00:00,3869.0,2231.75
2024-11-27 12:00:00+00:00,3900.25,2334.5
2024-11-27 13:00:00+00:00,3904.5,2479.75
2024-11-27 14:00:00+00:00,3907.0,2479.25
2024-11-27 15:00:00+00:00,3610.0,2432.5
2024-11-27 16:00:00+00:00,2754.5,2421.5
2024-11-27 17:00:00+00:00,2586.0,2283.5
2024-11-27 18:00:00+00:00,2452.25,1874.75
2024-11-27 19:00:00+00:00,2630.5,1557.5
2024-11-27 20:00:00+00:00,3091.0,1871.5
2024-11-27 21:00:00+00:00,3498.0,2220.25
2024-11-27 22:00:00+00:00,3588.0,2265.0
2024-11-27 23:00:00+00:00,3719.0,2181.5
2024-11-28 00:00:00+00:00,3663.75,2197.25
2024-11-28 01:00:00+00:00,3612.5,2064.0
2024-11-28 02:00:00+00:00,3244.75,2045.25
2024-11-28 03:00:00+00:00,3063.25,1927.0
2024-11-28 04:00:00+00:00,3155.75,1914.0
2024-11-28 05:00:00+00:00,2939.5,1821.25
2024-11-28 06:00:00+00:00,2715.5,1823.5
2024-11-28 07:00:00+00:00,2631.5,1670.25
2024-11-28 08:00:00+00:00,2579.5,1459.0
2024-11-28 09:00:00+00:00,2226.25,1180.25
2024-11-28 10:00:00+00:00,1730.5,1088.25
2024-11-28 11:00:00+00:00,1356.5,1156.75
2024-11-28 12:00:00+00:00,1157.5,1026.0
2024-11-28 13:00:00+00:00,1017.0,797.5
2024-11-28 14:00:00+00:00,827.0,667.5
2024-11-28 15:00:00+00:00,510.0,526.5
2024-11-28 16:00:00+00:00,283.75,394.5
2024-11-28 17:00:00+00:00,178.75,286.5
2024-11-28 18:00:00+00:00,68.0,207.5
2024-11-28 19:00:00+00:00,16.25,152.0
2024-11-28 20:00:00+00:00,0.25,117.75
2024-11-28 21:00:00+00:00,1.5,96.25
2024-11-28 22:00:00+00:00,12.0,80.75
2024-11-28 23:00:00+00:00,33.25,79.75
2024-11-29 00:00:00+00:00,83.75,81.0
2024-11-29 01:00:00+00:00,167.75,87.0
2024-11-29 02:00:00+00:00,240.25,98.75
2024-11-29 03:00:00+00:00,340.75,133.75
2024-11-29 04:00:00+00:00,495.0,189.0
2024-11-29 05:00:00+00:00,559.25,246.5
2024-11-29 06:00:00+00:00,657.75,322.0
2024-11-29 07:00:00+00:00,878.5,396.0
2024-11-29 08:00:00+00:00,1089.75,428.5
2024-11-29 09:00:00+00:00,1388.0,507.25
2024-11-29 10:00:00+00:00,1586.5,508.0
2024-11-29 11:00:00+00:00,1648.25,458.25
2024-11-29 12:00:00+00:00,1768.0,516.75
2024-11-29 13:00:00+00:00,1975.0,559.75
2024-11-29 14:00:00+00:00,1740.75,540.5
2024-11-29 15:00:00+00:00,1807.75,615.75
2024-11-29 16:00:00+00:00,2018.0,717.75
2024-11-29 17:00:00+00:00,2388.5,917.0
2024-11-29 18:00:00+00:00,2770.0,1086.25
2024-11-29 19:00:00+00:00,2927.5,1042.5
2024-11-29 20:00:00+00:00,3102.0,1304.0
2024-11-29 21:00:00+00:00,3228.5,1466.5
2024-11-29 22:00:00+00:00,3253.25,1497.0
2024-11-29 23:00:00+00:00,3204.0,1413.25
2024-11-30 00:00:00+00:00,2937.5,1350.0
2024-11-30 01:00:00+00:00,2598.75,1324.5
2024-11-30 02:00:00+00:00,2531.0,1228.75
2024-11-30 03:00:00+00:00,2409.5,1239.5
2024-11-30 04:00:00+00:00,2210.75,1357.25
2024-11-30 05:00:00+00:00,1949.0,1451.5
2024-11-30 06:00:00+00:00,1821.0,1454.5
2024-11-30 07:00:00+00:00,1687.5,1413.25
2024-11-30 08:00:00+00:00,1613.5,1315.75
2024-11-30 09:00:00+00:00,1481.75,1153.75
2024-11-30 10:00:00+00:00,1372.25,959.0
2024-11-30 11:00:00+00:00,1355.0,688.0
2024-11-30 12:00:00+00:00,1178.75,475.0
2024-11-30 13:00:00+00:00,1104.25,392.5
2024-11-30 14:00:00+00:00,1128.25,366.25
2024-11-30 15:00:00+00:00,1117.5,404.5
2024-11-30 16:00:00+00:00,1112.25,505.5
2024-11-30 17:00:00+00:00,1073.0,526.0
2024-11-30 18:00:00+00:00,948.75,572.25
2024-11-30 19:00:00+00:00,868.0,608.25
2024-11-30 20:00:00+00:00,852.25,562.25
2024-11-30 21:00:00+00:00,769.0,516.25
2024-11-30 22:00:00+00:00,797.5,478.25
2024-11-30 23:00:00+00:00,848.25,455.0
2024-12-01 00:00:00+00:00,985.0,488.25
2024-12-01 01:00:00+00:00,1136.25,474.75
2024-12-01 02:00:00+00:00,1184.0,462.0
2024-12-01 03:00:00+00:00,1350.0,463.75
2024-12-01 04:00:00+00:00,1566.0,518.25
2024-12-01 05:00:00+00:00,1785.5,521.0
2024-12-01 06:00:00+00:00,1928.0,671.5
2024-12-01 07:00:00+00:00,2022.0,868.0
2024-12-01 08:00:00+00:00,1951.0,937.5
2024-12-01 09:00:00+00:00,1955.5,993.5
2024-12-01 10:00:00+00:00,2275.0,928.5
2024-12-01 11:00:00+00:00,2458.0,928.25
2024-12-01 12:00:00+00:00,2678.0,959.75
2024-12-01 13:00:00+00:00,3108.0,1043.0
2024-12-01 14:00:00+00:00,3218.75,1321.5
2024-12-01 15:00:00+00:00,3401.75,1633.25
2024-12-01 16:00:00+00:00,3365.0,1808.75
2024-12-01 17:00:00+00:00,3523.25,1883.25
2024-12-01 18:00:00+00:00,3636.75,1910.75
2024-12-01 19:00:00+00:00,3630.75,1796.75
2024-12-01 20:00:00+00:00,3636.25,1792.0
2024-12-01 21:00:00+00:00,3509.25,1803.5
2024-12-01 22:00:00+00:00,3537.75,1726.0
2024-12-01 23:00:00+00:00,3440.75,1631.25
2024-12-02 00:00:00+00:00,3652.75,1558.75
2024-12-02 01:00:00+00:00,3600.25,1589.0
2024-12-02 02:00:00+00:00,3700.5,1682.75
2024-12-02 03:00:00+00:00,3596.75,1693.75
2024-12-02 04:00:00+00:00,3650.5,1794.75
2024-12-02 05:00:00+00:00,3444.5,1746.25
2024-12-02 06:00:00+00:00,3038.5,1657.75
2024-12-02 07:00:00+00:00,2956.75,1619.75
2024-12-02 08:00:00+00:00,2959.0,1560.75
2024-12-02 09:00:00+00:00,2700.75,1386.0
2024-12-02 10:00:00+00:00,2782.5,1341.75
2024-12-02 11:00:00+00:00,2626.75,1341.25
2024-12-02 12:00:00+00:00,2351.0,1286.75
2024-12-02 13:00:00+00:00,2240.75,1280.75
2024-12-02 14:00:00+00:00,2469.25,1197.5
2024-12-02 15:00:00+00:00,2459.25,1146.5
2024-12-02 16:00:00+00:00,2338.75,1055.5
2024-12-02 17:00:00+00:00,2751.0,1073.75
2024-12-02 18:00:00+00:00,2776.25,1036.5
2024-12-02 19:00:00+00:00,2268.5,1002.75
2024-12-02 20:00:00+00:00,2230.5,914.75
2024-12-02 21:00:00+00:00,2889.5,831.75
2024-12-02 22:00:00+00:00,3137.75,841.25
2024-12-02 23:00:00+00:00,3718.75,1212.25
2024-12-03 00:00:00+00:00,3227.75,1795.75
2024-12-03 01:00:00+00:00,3321.75,1902.0
2024-12-03 02:00:00+00:00,3306.25,1796.75
2024-12-03 03:00:00+00:00,3118.75,1452.5
2024-12-03 04:00:00+00:00,3041.5,1326.0
2024-12-03 05:00:00+00:00,3053.0,1316.75
2024-12-03 06:00:00+00:00,2910.25,1349.0
2024-12-03 07:00:00+00:00,2958.0,1038.0
2024-12-03 08:00:00+00:00,2783.5,934.75
2024-12-03 09:00:00+00:00,2504.0,905.25
2024-12-03 10:00:00+00:00,2290.5,754.0
2024-12-03 11:00:00+00:00,2046.5,751.0
2024-12-03 12:00:00+00:00,1787.0,775.0
2024-12-03 13:00:00+00:00,1553.5,634.5
2024-12-03 14:00:00+00:00,1367.5,654.5
2024-12-03 15:00:00+00:00,1365.5,719.0
2024-12-03 16:00:00+00:00,1164.75,822.75
2024-12-03 17:00:00+00:00,894.5,852.75
2024-12-03 18:00:00+00:00,1074.75,746.25
2024-12-03 19:00:00+00:00,1093.5,684.0
2024-12-03 20:00:00+00:00,1173.0,588.25
2024-12-03 21:00:00+00:00,1071.75,482.75
2024-12-03 22:00:00+00:00,745.25,437.25
2024-12-03 23:00:00+00:00,366.25,324.5
2024-12-04 00:00:00+00:00,281.5,358.75
2024-12-04 01:00:00+00:00,576.25,258.0
2024-12-04 02:00:00+00:00,786.25,306.25
2024-12-04 03:00:00+00:00,524.5,422.75
2024-12-04 04:00:00+00:00,579.75,294.25
2024-12-04 05:00:00+00:00,618.0,239.25
2024-12-04 06:00:00+00:00,914.0,375.75
2024-12-04 07:00:00+00:00,1050.0,429.75
2024-12-04 08:00:00+00:00,883.75,319.0
2024-12-04 09:00:00+00:00,721.5,351.0
2024-12-04 10:00:00+00:00,511.5,219.25
2024-12-04 11:00:00+00:00,574.5,164.25
2024-12-04 12:00:00+00:00,340.75,175.0
2024-12-04 13:00:00+00:00,321.0,239.0
2024-12-04 14:00:00+00:00,201.0,244.25
2024-12-04 15:00:00+00:00,113.25,328.5
2024-12-04 16:00:00+00:00,145.0,411.5
2024-12-04 17:00:00+00:00,291.25,540.0
2024-12-04 18:00:00+00:00,580.75,627.25
2024-12-04 19:00:00+00:00,1130.0,735.25
2024-12-04 20:00:00+00:00,1586.75,805.0
2024-12-04 21:00:00+00:00,2012.25,865.0
2024-12-04 22:00:00+00:00,2442.25,981.5
2024-12-04 23:00:00+00:00,2967.75,1086.25
2024-12-05 00:00:00+00:00,3433.0,1334.75
2024-12-05 01:00:00+00:00,3743.5,1517.5
2024-12-05 02:00:00+00:00,3870.75,1634.75
2024-12-05 03:00:00+00:00,3932.0,1801.5
2024-12-05 04:00:00+00:00,3930.0,1933.0
2024-12-05 05:00:00+00:00,3915.5,2089.25
2024-12-05 06:00:00+00:00,3912.25,2221.5
2024-12-05 07:00:00+00:00,3869.5,2336.25
2024-12-05 08:00:00+00:00,3909.5,2381.75
2024-12-05 09:00:00+00:00,3921.25,2386.75
2024-12-05 10:00:00+00:00,3907.75,2323.75
2024-12-05 11:00:00+00:00,3905.75,2288.75
2024-12-05 12:00:00+00:00,3902.0,2310.25
2024-12-05 13:00:00+00:00,3846.25,2310.25
2024-12-05 14:00:00+00:00,3796.75,2307.25
2024-12-05 15:00:00+00:00,3680.0,2213.0
2024-12-05 16:00:00+00:00,3668.75,2178.25
2024-12-05 17:00:00+00:00,3720.25,2187.75
2024-12-05 18:00:00+00:00,3685.25,2266.0
2024-12-05 19:00:00+00:00,3734.5,2319.75
2024-12-05 20:00:00+00:00,3767.75,2414.5
2024-12-05 21:00:00+00:00,3800.25,2452.5
2024-12-05 22:00:00+00:00,3773.0,2388.75
2024-12-05 23:00:00+00:00,3774.75,2327.5
2024-12-06 00:00:00+00:00,3793.25,2405.25
2024-12-06 01:00:00+00:00,3777.75,2375.5
2024-12-06 02:00:00+00:00,3631.0,2384.75
2024-12-06 03:00:00+00:00,3563.75,2371.25
2024-12-06 04:00:00+00:00,3267.25,2363.75
2024-12-06 05:00:00+00:00,3074.25,2306.0
2024-12-06 06:00:00+00:00,3537.5,2196.0
2024-12-06 07:00:00+00:00,3410.5,2046.25
2024-12-06 08:00:00+00:00,3220.0,2004.5
2024-12-06 09:00:00+00:00,3315.75,2248.25
2024-12-06 10:00:00+00:00,3406.75,2419.75
2024-12-06 11:00:00+00:00,3540.75,2506.75
2024-12-06 12:00:00+00:00,3585.75,2477.25
2024-12-06 13:00:00+00:00,3158.25,2386.75
2024-12-06 14:00:00+00:00,2760.0,2208.0
2024-12-06 15:00:00+00:00,2371.75,1963.75
2024-12-06 16:00:00+00:00,1860.5,1676.25
2024-12-06 17:00:00+00:00,1338.75,1294.0
2024-12-06 18:00:00+00:00,1437.75,936.75
2024-12-06 19:00:00+00:00,1807.0,1048.5
2024-12-06 20:00:00+00:00,2266.75,1064.0
2024-12-06 21:00:00+00:00,2956.5,1187.75
2024-12-06 22:00:00+00:00,3411.25,1319.25
2024-12-06 23:00:00+00:00,3544.0,1638.5
2024-12-07 00:00:00+00:00,3727.25,1865.5
2024-12-07 01:00:00+00:00,3781.75,2058.5
2024-12-07 02:00:00+00:00,3799.0,2254.25
2024-12-07 03:00:00+00:00,3787.5,2353.5
2024-12-07 04:00:00+00:00,3788.75,2402.25
2024-12-07 05:00:00+00:00,3780.75,2443.25
2024-12-07 06:00:00+00:00,3761.5,2411.5
2024-12-07 07:00:00+00:00,3790.25,2337.0
2024-12-07 08:00:00+00:00,3762.5,2298.0
2024-12-07 09:00:00+00:00,3441.5,2325.5
2024-12-07 10:00:00+00:00,3354.5,2355.75
2024-12-07 11:00:00+00:00,3658.25,2329.75
2024-12-07 12:00:00+00:00,3512.25,2288.5
2024-12-07 13:00:00+00:00,3508.25,2159.0
2024-12-07 14:00:00+00:00,3499.0,2225.0
2024-12-07 15:00:00+00:00,3378.25,2158.75
2024-12-07 16:00:00+00:00,3268.5,2082.0
2024-12-07 17:00:00+00:00,2949.75,2069.5
2024-12-07 18:00:00+00:00,2781.75,1853.5
2024-12-07 19:00:00+00:00,2349.75,1594.0
2024-12-07 20:00:00+00:00,2265.5,1299.5
2024-12-07 21:00:00+00:00,2487.5,1017.75
2024-12-07 22:00:00+00:00,2568.0,916.75
2024-12-07 23:00:00+00:00,3061.0,906.25
2024-12-08 00:00:00+00:00,3349.0,1062.5
2024-12-08 01:00:00+00:00,3375.75,1174.25
2024-12-08 02:00:00+00:00,3386.0,1253.0
2024-12-08 03:00:00+00:00,3543.0,1325.75
2024-12-08 04:00:00+00:00,3663.75,1480.25
2024-12-08 05:00:00+00:00,3663.0,1465.5
2024-12-08 06:00:00+00:00,3706.25,1323.75
2024-12-08 07:00:00+00:00,3741.25,1310.75
2024-12-08 08:00:00+00:00,3742.25,1348.75
2024-12-08 09:00:00+00:00,3711.75,1236.5
2024-12-08 10:00:00+00:00,3698.5,1218.25
2024-12-08 11:00:00+00:00,3745.5,1188.5
2024-12-08 12:00:00+00:00,3779.0,1192.0
2024-12-08 13:00:00+00:00,3782.5,1273.75
2024-12-08 14:00:00+00:00,3818.5,1422.0
2024-12-08 15:00:00+00:00,3820.0,1624.5
2024-12-08 16:00:00+00:00,3826.25,1750.75
2024-12-08 17:00:00+00:00,3838.25,1678.75
2024-12-08 18:00:00+00:00,3840.0,1694.5
2024-12-08 19:00:00+00:00,3826.75,1775.75
2024-12-08 20:00:00+00:00,3821.0,1801.75
2024-12-08 21:00:00+00:00,3768.75,1808.75
2024-12-08 22:00:00+00:00,3734.0,1746.5
2024-12-08 23:00:00+00:00,3635.25,1785.25
2024-12-09 00:00:00+00:00,3700.75,1805.0
2024-12-09 01:00:00+00:00,3709.5,1847.0
2024-12-09 02:00:00+00:00,3757.0,1849.25
2024-12-09 03:00:00+00:00,3747.75,1851.5
2024-12-09 04:00:00+00:00,3752.75,1798.25
2024-12-09 05:00:00+00:00,3745.5,1910.5
2024-12-09 06:00:00+00:00,3707.25,2002.0
2024-12-09 07:00:00+00:00,3767.25,1854.25
2024-12-09 08:00:00+00:00,3774.0,1959.25
2024-12-09 09:00:00+00:00,3785.25,2051.25
2024-12-09 10:00:00+00:00,3770.75,2163.25
2024-12-09 11:00:00+00:00,3787.0,2262.0
2024-12-09 12:00:00+00:00,3741.25,2318.75
2024-12-09 13:00:00+00:00,3752.25,2351.0
2024-12-09 14:00:00+00:00,3751.5,2373.25
2024-12-09 15:00:00+00:00,3751.75,2350.5
2024-12-09 16:00:00+00:00,3751.25,2281.75
2024-12-09 17:00:00+00:00,3749.0,2188.5
2024-12-09 18:00:00+00:00,3641.25,2131.75
2024-12-09 19:00:00+00:00,3591.25,2103.25
2024-12-09 20:00:00+00:00,3574.75,2063.5
2024-12-09 21:00:00+00:00,3585.5,1946.25
2024-12-09 22:00:00+00:00,3576.75,1836.5
2024-12-09 23:00:00+00:00,3560.75,1802.25
2024-12-10 00:00:00+00:00,3561.0,1679.5
2024-12-10 01:00:00+00:00,3565.5,1748.0
2024-12-10 02:00:00+00:00,3561.0,1761.5
2024-12-10 03:00:00+00:00,3533.0,1758.5
2024-12-10 04:00:00+00:00,3513.5,1706.75
2024-12-10 05:00:00+00:00,3508.75,1629.75
2024-12-10 06:00:00+00:00,3498.5,1639.0
2024-12-10 07:00:00+00:00,3514.75,1588.5
2024-12-10 08:00:00+00:00,3441.75,1502.0
2024-12-10 09:00:00+00:00,3350.75,1412.5
2024-12-10 10:00:00+00:00,3305.75,1431.5
2024-12-10 11:00:00+00:00,3219.75,1477.5
2024-12-10 12:00:00+00:00,3219.25,1467.0
2024-12-10 13:00:00+00:00,3272.0,1455.75
2024-12-10 14:00:00+00:00,3318.0,1463.5
2024-12-10 15:00:00+00:00,3316.0,1425.25
2024-12-10 16:00:00+00:00,3284.25,1379.0
2024-12-10 17:00:00+00:00,3215.0,1309.5
2024-12-10 18:00:00+00:00,2970.5,1105.5
2024-12-10 19:00:00+00:00,2666.75,888.25
2024-12-10 20:00:00+00:00,2239.25,728.75
2024-12-10 21:00:00+00:00,1891.75,620.0
2024-12-10 22:00:00+00:00,1612.25,534.5
2024-12-10 23:00:00+00:00,1444.75,499.75
2024-12-11 00:00:00+00:00,1294.5,467.5
2024-12-11 01:00:00+00:00,1215.75,499.0
2024-12-11 02:00:00+00:00,1154.25,468.75
2024-12-11 03:00:00+00:00,1105.75,427.5
2024-12-11 04:00:00+00:00,1117.75,421.5
2024-12-11 05:00:00+00:00,1133.75,404.5
2024-12-11 06:00:00+00:00,1097.25,345.25
2024-12-11 07:00:00+00:00,1142.0,315.75
2024-12-11 08:00:00+00:00,1069.25,287.0
2024-12-11 09:00:00+00:00,961.25,243.0
2024-12-11 10:00:00+00:00,898.75,190.75
2024-12-11 11:00:00+00:00,690.25,171.25
2024-12-11 12:00:00+00:00,751.25,149.5
2024-12-11 13:00:00+00:00,837.0,141.5
2024-12-11 14:00:00+00:00,834.0,140.5
2024-12-11 15:00:00+00:00,850.25,155.75
2024-12-11 16:00:00+00:00,882.0,175.75
2024-12-11 17:00:00+00:00,772.75,157.25
2024-12-11 18:00:00+00:00,602.25,166.0
2024-12-11 19:00:00+00:00,533.75,158.75
2024-12-11 20:00:00+00:00,402.5,138.5
2024-12-11 21:00:00+00:00,266.5,154.5
2024-12-11 22:00:00+00:00,259.25,164.0
2024-12-11 23:00:00+00:00,281.5,160.0
2024-12-12 00:00:00+00:00,268.25,162.25
2024-12-12 01:00:00+00:00,211.75,172.25
2024-12-12 02:00:00+00:00,156.0,165.5
2024-12-12 03:00:00+00:00,156.75,188.5
2024-12-12 04:00:00+00:00,139.0,186.75
2024-12-12 05:00:00+00:00,143.5,158.0
2024-12-12 06:00:00+00:00,186.25,149.75
2024-12-12 07:00:00+00:00,301.75,139.75
2024-12-12 08:00:00+00:00,299.75,126.25
2024-12-12 09:00:00+00:00,390.0,118.75
2024-12-12 10:00:00+00:00,460.75,129.25
2024-12-12 11:00:00+00:00,383.0,123.0
2024-12-12 12:00:00+00:00,391.75,121.0
2024-12-12 13:00:00+00:00,371.75,134.25
2024-12-12 14:00:00+00:00,345.0,144.75
2024-12-12 15:00:00+00:00,338.5,143.0
2024-12-12 16:00:00+00:00,423.25,189.25
2024-12-12 17:00:00+00:00,463.0,232.5
2024-12-12 18:00:00+00:00,484.75,261.25
2024-12-12 19:00:00+00:00,534.25,252.0
2024-12-12 20:00:00+00:00,588.0,271.25
2024-12-12 21:00:00+00:00,574.25,302.75
2024-12-12 22:00:00+00:00,575.0,313.75
2024-12-12 23:00:00+00:00,533.75,308.5
2024-12-13 00:00:00+00:00,494.75,290.25
2024-12-13 01:00:00+00:00,453.25,279.75
2024-12-13 02:00:00+00:00,450.75,283.25
2024-12-13 03:00:00+00:00,498.5,325.5
2024-12-13 04:00:00+00:00,548.75,369.0
2024-12-13 05:00:00+00:00,615.0,392.75
2024-12-13 06:00:00+00:00,590.25,440.75
2024-12-13 07:00:00+00:00,571.25,411.5
2024-12-13 08:00:00+00:00,548.75,351.25
2024-12-13 09:00:00+00:00,457.25,309.25
2024-12-13 10:00:00+00:00,315.75,267.75
2024-12-13 11:00:00+00:00,227.25,220.5
2024-12-13 12:00:00+00:00,202.5,180.0
2024-12-13 13:00:00+00:00,155.25,164.25
2024-12-13 14:00:00+00:00,115.0,131.25
2024-12-13 15:00:00+00:00,119.5,112.25
2024-12-13 16:00:00+00:00,121.25,130.25
2024-12-13 17:00:00+00:00,176.0,161.25
2024-12-13 18:00:00+00:00,248.0,205.75
2024-12-13 19:00:00+00:00,354.0,259.0
2024-12-13 20:00:00+00:00,445.0,318.25
2024-12-13 21:00:00+00:00,548.0,360.75
2024-12-13 22:00:00+00:00,524.5,428.0
2024-12-13 23:00:00+00:00,653.0,419.5
2024-12-14 00:00:00+00:00,824.5,467.25
2024-12-14 01:00:00+00:00,1105.25,562.5
2024-12-14 02:00:00+00:00,1250.5,652.0
2024-12-14 03:00:00+00:00,1485.75,696.0
2024-12-14 04:00:00+00:00,1391.5,850.0
2024-12-14 05:00:00+00:00,1496.25,970.0
2024-12-14 06:00:00+00:00,1688.25,979.25
2024-12-14 07:00:00+00:00,1846.5,986.75
2024-12-14 08:00:00+00:00,1781.75,1226.25
2024-12-14 09:00:00+00:00,1923.5,1386.75
2024-12-14 10:00:00+00:00,2057.25,1470.5
2024-12-14 11:00:00+00:00,2332.75,1377.5
2024-12-14 12:00:00+00:00,2437.5,1334.0
2024-12-14 13:00:00+00:00,2719.5,1353.75
2024-12-14 14:00:00+00:00,2866.25,1205.25
2024-12-14 15:00:00+00:00,3246.75,1002.75
2024-12-14 16:00:00+00:00,2821.75,772.0
2024-12-14 17:00:00+00:00,3119.25,825.25
2024-12-14 18:00:00+00:00,3105.0,874.5
2024-12-14 19:00:00+00:00,3013.5,1050.5
2024-12-14 20:00:00+00:00,2620.0,1160.25
2024-12-14 21:00:00+00:00,2652.5,1016.75
2024-12-14 22:00:00+00:00,2678.75,1101.75
2024-12-14 23:00:00+00:00,2738.75,1158.25
2024-12-15 00:00:00+00:00,2847.5,1231.25
2024-12-15 01:00:00+00:00,2951.25,1306.0
2024-12-15 02:00:00+00:00,2829.0,1175.25
2024-12-15 03:00:00+00:00,2595.0,1339.5
2024-12-15 04:00:00+00:00,2307.0,1497.5
2024-12-15 05:00:00+00:00,2639.75,1447.5
2024-12-15 06:00:00+00:00,2767.5,1562.75
2024-12-15 07:00:00+00:00,2940.25,1756.25
2024-12-15 08:00:00+00:00,3121.75,1972.0
2024-12-15 09:00:00+00:00,3192.75,1997.5
2024-12-15 10:00:00+00:00,3322.75,2050.0
2024-12-15 11:00:00+00:00,3509.0,2121.5
2024-12-15 12:00:00+00:00,3561.25,2180.0
2024-12-15 13:00:00+00:00,3525.5,2202.25
2024-12-15 14:00:00+00:00,3615.25,2193.75
2024-12-15 15:00:00+00:00,3578.25,2177.75
2024-12-15 16:00:00+00:00,3559.25,2110.5
2024-12-15 17:00:00+00:00,3641.5,2159.0
2024-12-15 18:00:00+00:00,3661.25,2235.25
2024-12-15 19:00:00+00:00,3668.0,2267.75
2024-12-15 20:00:00+00:00,3685.75,2286.25
2024-12-15 21:00:00+00:00,3659.75,2274.75
2024-12-15 22:00:00+00:00,3630.25,2203.0
2024-12-15 23:00:00+00:00,3544.75,2203.5
2024-12-16 00:00:00+00:00,3544.0,2208.5
2024-12-16 01:00:00+00:00,3535.25,2189.75
2024-12-16 02:00:00+00:00,3217.5,2153.75
2024-12-16 03:00:00+00:00,3479.5,2211.25
2024-12-16 04:00:00+00:00,3531.25,2195.75
2024-12-16 05:00:00+00:00,3495.75,2181.0
2024-12-16 06:00:00+00:00,3689.0,2255.0
2024-12-16 07:00:00+00:00,3779.0,2229.25
2024-12-16 08:00:00+00:00,3779.75,2158.0
2024-12-16 09:00:00+00:00,3796.0,2122.0
2024-12-16 10:00:00+00:00,3764.0,2079.0
2024-12-16 11:00:00+00:00,3793.5,2064.0
2024-12-16 12:00:00+00:00,3742.5,2142.0
2024-12-16 13:00:00+00:00,3807.5,2144.75
2024-12-16 14:00:00+00:00,3713.25,2184.5
2024-12-16 15:00:00+00:00,3693.0,2212.75
2024-12-16 16:00:00+00:00,3549.0,2218.25
2024-12-16 17:00:00+00:00,3601.75,2258.25
2024-12-16 18:00:00+00:00,3600.75,2257.25
2024-12-16 19:00:00+00:00,3515.0,2219.5
2024-12-16 20:00:00+00:00,3448.5,2140.5
2024-12-16 21:00:00+00:00,3274.0,2115.75
2024-12-16 22:00:00+00:00,3059.75,1030.0
2024-12-16 23:00:00+00:00,3081.75,1996.0
2024-12-17 00:00:00+00:00,2959.0,1900.75
2024-12-17 01:00:00+00:00,2882.5,1822.0
2024-12-17 02:00:00+00:00,2605.25,1789.0
2024-12-17 03:00:00+00:00,2356.5,1608.25
2024-12-17 04:00:00+00:00,2010.75,1487.75
2024-12-17 05:00:00+00:00,1879.0,1552.5
2024-12-17 06:00:00+00:00,2186.25,1554.25
2024-12-17 07:00:00+00:00,2044.0,1605.0
2024-12-17 08:00:00+00:00,2248.0,1513.25
2024-12-17 09:00:00+00:00,2077.0,1344.75
2024-12-17 10:00:00+00:00,1931.0,1060.75
2024-12-17 11:00:00+00:00,1735.0,938.0
2024-12-17 12:00:00+00:00,1861.25,875.75
2024-12-17 13:00:00+00:00,1895.75,894.75
2024-12-17 14:00:00+00:00,2271.0,857.5
2024-12-17 15:00:00+00:00,2542.25,887.25
2024-12-17 16:00:00+00:00,2820.5,947.0
2024-12-17 17:00:00+00:00,3041.0,1027.0
2024-12-17 18:00:00+00:00,3422.25,1179.25
2024-12-17 19:00:00+00:00,3633.75,1370.0
2024-12-17 20:00:00+00:00,3678.75,1604.5
2024-12-17 21:00:00+00:00,3715.5,1729.75
2024-12-17 22:00:00+00:00,3714.75,1819.0
2024-12-17 23:00:00+00:00,3639.5,1841.25
2024-12-18 00:00:00+00:00,3766.5,1903.75
2024-12-18 01:00:00+00:00,3831.0,1957.75
2024-12-18 02:00:00+00:00,3827.25,2128.5
2024-12-18 03:00:00+00:00,3716.25,2189.75
2024-12-18 04:00:00+00:00,3732.0,2328.75
2024-12-18 05:00:00+00:00,3690.5,2372.75
2024-12-18 06:00:00+00:00,3779.0,2460.5
2024-12-18 07:00:00+00:00,3804.25,2446.0
2024-12-18 08:00:00+00:00,3867.5,2444.25
2024-12-18 09:00:00+00:00,3843.0,2458.75
2024-12-18 10:00:00+00:00,3715.0,2439.5
2024-12-18 11:00:00+00:00,3599.75,2424.0
2024-12-18 12:00:00+00:00,3483.0,2464.25
2024-12-18 13:00:00+00:00,3630.25,2511.0
2024-12-18 14:00:00+00:00,3675.75,2483.75
2024-12-18 15:00:00+00:00,3812.25,2488.0
2024-12-18 16:00:00+00:00,3864.0,2495.75
2024-12-18 17:00:00+00:00,3866.25,2440.25
2024-12-18 18:00:00+00:00,3876.0,2297.75
2024-12-18 19:00:00+00:00,3818.25,2253.0
2024-12-18 20:00:00+00:00,3608.25,2244.0
2024-12-18 21:00:00+00:00,3550.0,2238.0
2024-12-18 22:00:00+00:00,3459.5,2237.0
2024-12-18 23:00:00+00:00,3446.5,2282.0
2024-12-19 00:00:00+00:00,3432.75,2326.0
2024-12-19 01:00:00+00:00,3432.25,2349.75
2024-12-19 02:00:00+00:00,3544.0,2413.0
2024-12-19 03:00:00+00:00,3783.25,2408.75
2024-12-19 04:00:00+00:00,3706.0,2409.75
2024-12-19 05:00:00+00:00,3354.5,2377.5
2024-12-19 06:00:00+00:00,3625.5,2383.25
2024-12-19 07:00:00+00:00,3630.25,2321.75
2024-12-19 08:00:00+00:00,3678.25,2117.5
2024-12-19 09:00:00+00:00,3792.25,1851.0
2024-12-19 10:00:00+00:00,3815.0,1954.5
2024-12-19 11:00:00+00:00,3639.5,2183.0
2024-12-19 12:00:00+00:00,3668.5,2136.75
2024-12-19 13:00:00+00:00,3760.5,1898.5
2024-12-19 14:00:00+00:00,3821.5,1909.25
2024-12-19 15:00:00+00:00,3793.5,1917.5
2024-12-19 16:00:00+00:00,3758.25,2101.0
2024-12-19 17:00:00+00:00,3718.0,2242.5
2024-12-19 18:00:00+00:00,3814.5,2213.5
2024-12-19 19:00:00+00:00,3848.0,2180.25
2024-12-19 20:00:00+00:00,3842.5,1956.75
2024-12-19 21:00:00+00:00,3855.0,2133.25
2024-12-19 22:00:00+00:00,3850.5,2056.0
2024-12-19 23:00:00+00:00,3823.5,2166.75
2024-12-20 00:00:00+00:00,3705.25,2202.75
2024-12-20 01:00:00+00:00,3720.0,2010.25
2024-12-20 02:00:00+00:00,3669.25,1735.75
2024-12-20 03:00:00+00:00,3517.5,1633.5
2024-12-20 04:00:00+00:00,3280.75,1587.75
2024-12-20 05:00:00+00:00,3109.5,1519.75
2024-12-20 06:00:00+00:00,2976.5,1224.5
2024-12-20 07:00:00+00:00,2918.75,1190.25
2024-12-20 08:00:00+00:00,2577.0,1263.25
2024-12-20 09:00:00+00:00,2432.0,1096.75
2024-12-20 10:00:00+00:00,2415.25,1178.5
2024-12-20 11:00:00+00:00,2593.25,1321.0
2024-12-20 12:00:00+00:00,3010.25,1420.5
2024-12-20 13:00:00+00:00,3381.5,1373.75
2024-12-20 14:00:00+00:00,3534.75,1519.25
2024-12-20 15:00:00+00:00,3692.75,1617.75
2024-12-20 16:00:00+00:00,3624.75,1798.0
2024-12-20 17:00:00+00:00,3562.0,1921.75
2024-12-20 18:00:00+00:00,3458.25,2046.75
2024-12-20 19:00:00+00:00,3487.0,2115.75
2024-12-20 20:00:00+00:00,3503.0,2151.25
2024-12-20 21:00:00+00:00,3430.25,2125.0
2024-12-20 22:00:00+00:00,3330.25,2090.0
2024-12-20 23:00:00+00:00,3038.0,2157.0
2024-12-21 00:00:00+00:00,2776.5,2082.0
2024-12-21 01:00:00+00:00,2535.0,1997.25
2024-12-21 02:00:00+00:00,2361.75,1639.5
2024-12-21 03:00:00+00:00,2150.0,1381.5
2024-12-21 04:00:00+00:00,2339.25,1281.0
2024-12-21 05:00:00+00:00,2412.0,1375.0
2024-12-21 06:00:00+00:00,2796.0,1566.5
2024-12-21 07:00:00+00:00,3094.5,1786.75
2024-12-21 08:00:00+00:00,3511.5,2021.0
2024-12-21 09:00:00+00:00,3719.0,2169.5
2024-12-21 10:00:00+00:00,3719.0,2294.0
2024-12-21 11:00:00+00:00,3858.75,2435.5
2024-12-21 12:00:00+00:00,3864.75,2481.0
2024-12-21 13:00:00+00:00,3861.75,2519.5
2024-12-21 14:00:00+00:00,3851.25,2518.75
2024-12-21 15:00:00+00:00,3814.25,2489.75
2024-12-21 16:00:00+00:00,3802.0,2490.0
2024-12-21 17:00:00+00:00,3831.75,2420.5
2024-12-21 18:00:00+00:00,3796.5,2307.25
2024-12-21 19:00:00+00:00,3757.75,2218.0
2024-12-21 20:00:00+00:00,3703.25,2165.75
2024-12-21 21:00:00+00:00,3670.25,2144.5
2024-12-21 22:00:00+00:00,3555.0,2222.25
2024-12-21 23:00:00+00:00,3603.5,2213.75
2024-12-22 00:00:00+00:00,3639.75,2238.25
2024-12-22 01:00:00+00:00,3612.25,2256.0
2024-12-22 02:00:00+00:00,3493.25,2005.5
2024-12-22 03:00:00+00:00,3500.0,1827.75
2024-12-22 04:00:00+00:00,3497.75,1983.25
2024-12-22 05:00:00+00:00,3513.25,2019.75
2024-12-22 06:00:00+00:00,3682.5,2210.75
2024-12-22 07:00:00+00:00,3700.75,2090.75
2024-12-22 08:00:00+00:00,3659.0,2259.0
2024-12-22 09:00:00+00:00,3691.75,2358.75
2024-12-22 10:00:00+00:00,3674.75,2365.5
2024-12-22 11:00:00+00:00,3633.75,2388.5
2024-12-22 12:00:00+00:00,3713.0,2446.5
2024-12-22 13:00:00+00:00,3693.25,2360.0
2024-12-22 14:00:00+00:00,3753.75,2238.25
2024-12-22 15:00:00+00:00,3738.25,2020.75
2024-12-22 16:00:00+00:00,3741.0,1867.75
2024-12-22 17:00:00+00:00,3694.75,1718.0
2024-12-22 18:00:00+00:00,3647.0,1568.25
2024-12-22 19:00:00+00:00,3580.25,1404.0
2024-12-22 20:00:00+00:00,3022.0,1647.5
2024-12-22 21:00:00+00:00,3472.25,1866.25
2024-12-22 22:00:00+00:00,3401.75,1403.5
2024-12-22 23:00:00+00:00,3567.75,1178.75
2024-12-23 00:00:00+00:00,3644.75,1474.25
2024-12-23 01:00:00+00:00,3379.75,2041.0
2024-12-23 02:00:00+00:00,3614.5,2180.75
2024-12-23 03:00:00+00:00,3596.75,2265.0
2024-12-23 04:00:00+00:00,3573.0,2294.0
2024-12-23 05:00:00+00:00,3635.25,2336.25
2024-12-23 06:00:00+00:00,3712.25,2321.25
2024-12-23 07:00:00+00:00,3758.0,2152.5
2024-12-23 08:00:00+00:00,3763.75,2170.5
2024-12-23 09:00:00+00:00,3674.75,2071.75
2024-12-23 10:00:00+00:00,3531.0,2018.25
2024-12-23 11:00:00+00:00,3757.0,2019.25
2024-12-23 12:00:00+00:00,3733.25,1944.25
2024-12-23 13:00:00+00:00,3716.25,1952.75
2024-12-23 14:00:00+00:00,3652.25,1729.5
2024-12-23 15:00:00+00:00,3527.75,1822.25
2024-12-23 16:00:00+00:00,3363.5,1728.0
2024-12-23 17:00:00+00:00,3225.25,1504.75
2024-12-23 18:00:00+00:00,2958.0,1428.5
2024-12-23 19:00:00+00:00,2589.5,1318.25
2024-12-23 20:00:00+00:00,2220.25,1249.25
2024-12-23 21:00:00+00:00,1787.0,1029.5
2024-12-23 22:00:00+00:00,1143.0,720.0
2024-12-23 23:00:00+00:00,730.75,573.25
2024-12-24 00:00:00+00:00,391.0,433.0
2024-12-24 01:00:00+00:00,367.5,342.25
2024-12-24 02:00:00+00:00,605.0,312.5
2024-12-24 03:00:00+00:00,827.75,449.5
2024-12-24 04:00:00+00:00,1181.5,576.25
2024-12-24 05:00:00+00:00,1607.5,640.5
2024-12-24 06:00:00+00:00,2073.5,759.75
2024-12-24 07:00:00+00:00,2489.5,801.0
2024-12-24 08:00:00+00:00,2657.0,925.5
2024-12-24 09:00:00+00:00,2362.5,1077.75
2024-12-24 10:00:00+00:00,2150.75,1140.25
2024-12-24 11:00:00+00:00,2009.25,1168.25
2024-12-24 12:00:00+00:00,1954.0,1121.0
2024-12-24 13:00:00+00:00,1415.5,1016.0
2024-12-24 14:00:00+00:00,1298.75,1001.75
2024-12-24 15:00:00+00:00,1251.5,913.75
2024-12-24 16:00:00+00:00,1057.0,766.0
2024-12-24 17:00:00+00:00,990.0,660.5
2024-12-24 18:00:00+00:00,1039.5,746.25
2024-12-24 19:00:00+00:00,708.25,761.5
2024-12-24 20:00:00+00:00,737.0,715.0
2024-12-24 21:00:00+00:00,852.75,568.25
2024-12-24 22:00:00+00:00,953.75,506.75
2024-12-24 23:00:00+00:00,952.75,520.75
2024-12-25 00:00:00+00:00,858.5,491.5
2024-12-25 01:00:00+00:00,753.25,440.0
2024-12-25 02:00:00+00:00,503.25,473.75
2024-12-25 03:00:00+00:00,434.0,476.75
2024-12-25 04:00:00+00:00,491.5,495.0
2024-12-25 05:00:00+00:00,582.25,523.25
2024-12-25 06:00:00+00:00,689.75,514.75
2024-12-25 07:00:00+00:00,671.75,483.5
2024-12-25 08:00:00+00:00,666.5,434.0
2024-12-25 09:00:00+00:00,536.75,368.5
2024-12-25 10:00:00+00:00,622.75,343.25
2024-12-25 11:00:00+00:00,669.5,412.75
2024-12-25 12:00:00+00:00,765.5,439.75
2024-12-25 13:00:00+00:00,850.5,426.25
2024-12-25 14:00:00+00:00,837.5,398.75
2024-12-25 15:00:00+00:00,910.5,433.5
2024-12-25 16:00:00+00:00,1069.5,492.25
2024-12-25 17:00:00+00:00,1222.25,519.5
2024-12-25 18:00:00+00:00,1322.5,488.25
2024-12-25 19:00:00+00:00,1102.75,463.75
2024-12-25 20:00:00+00:00,830.25,421.25
2024-12-25 21:00:00+00:00,579.25,337.75
2024-12-25 22:00:00+00:00,471.5,312.75
2024-12-25 23:00:00+00:00,470.25,303.25
2024-12-26 00:00:00+00:00,464.0,247.0
2024-12-26 01:00:00+00:00,409.75,231.25
2024-12-26 02:00:00+00:00,369.0,226.75
2024-12-26 03:00:00+00:00,311.75,218.75
2024-12-26 04:00:00+00:00,288.75,200.5
2024-12-26 05:00:00+00:00,284.25,165.5
2024-12-26 06:00:00+00:00,212.75,147.5
2024-12-26 07:00:00+00:00,214.0,114.25
2024-12-26 08:00:00+00:00,192.0,94.5
2024-12-26 09:00:00+00:00,138.0,87.25
2024-12-26 10:00:00+00:00,127.25,87.75
2024-12-26 11:00:00+00:00,111.25,86.75
2024-12-26 12:00:00+00:00,93.75,83.0
2024-12-26 13:00:00+00:00,78.0,80.0
2024-12-26 14:00:00+00:00,76.5,81.25
2024-12-26 15:00:00+00:00,114.5,82.25
2024-12-26 16:00:00+00:00,102.0,92.0
2024-12-26 17:00:00+00:00,45.0,89.0
2024-12-26 18:00:00+00:00,26.5,86.5
2024-12-26 19:00:00+00:00,6.5,83.5
2024-12-26 20:00:00+00:00,4.25,87.25
2024-12-26 21:00:00+00:00,3.75,81.5
2024-12-26 22:00:00+00:00,9.5,76.5
2024-12-26 23:00:00+00:00,30.25,78.25
2024-12-27 00:00:00+00:00,90.5,80.0
2024-12-27 01:00:00+00:00,127.75,99.75
2024-12-27 02:00:00+00:00,60.75,108.5
2024-12-27 03:00:00+00:00,18.0,95.75
2024-12-27 04:00:00+00:00,8.5,75.75
2024-12-27 05:00:00+00:00,18.0,82.0
2024-12-27 06:00:00+00:00,23.5,87.0
2024-12-27 07:00:00+00:00,5.5,93.75
2024-12-27 08:00:00+00:00,8.0,110.0
2024-12-27 09:00:00+00:00,8.5,111.25
2024-12-27 10:00:00+00:00,15.5,96.5
2024-12-27 11:00:00+00:00,5.5,99.0
2024-12-27 12:00:00+00:00,3.75,98.25
2024-12-27 13:00:00+00:00,3.25,93.0
2024-12-27 14:00:00+00:00,1.25,89.25
2024-12-27 15:00:00+00:00,1.25,74.25
2024-12-27 16:00:00+00:00,0.0,68.75
2024-12-27 17:00:00+00:00,0.0,70.25
2024-12-27 18:00:00+00:00,0.25,71.5
2024-12-27 19:00:00+00:00,1.25,75.25
2024-12-27 20:00:00+00:00,0.0,77.0
2024-12-27 21:00:00+00:00,0.5,75.5
2024-12-27 22:00:00+00:00,1.25,76.25
2024-12-27 23:00:00+00:00,5.75,76.5
2024-12-28 00:00:00+00:00,10.5,77.5
2024-12-28 01:00:00+00:00,15.5,76.0
2024-12-28 02:00:00+00:00,22.0,76.0
2024-12-28 03:00:00+00:00,38.0,74.75
2024-12-28 04:00:00+00:00,41.0,76.0
2024-12-28 05:00:00+00:00,40.0,76.0
2024-12-28 06:00:00+00:00,46.25,79.25
2024-12-28 07:00:00+00:00,71.5,84.0
2024-12-28 08:00:00+00:00,124.75,87.75
2024-12-28 09:00:00+00:00,165.25,86.25
2024-12-28 10:00:00+00:00,219.0,89.25
2024-12-28 11:00:00+00:00,257.25,117.0
2024-12-28 12:00:00+00:00,341.25,113.75
2024-12-28 13:00:00+00:00,378.5,110.75
2024-12-28 14:00:00+00:00,427.5,114.0
2024-12-28 15:00:00+00:00,445.25,119.0
2024-12-28 16:00:00+00:00,532.0,129.25
2024-12-28 17:00:00+00:00,647.0,162.5
2024-12-28 18:00:00+00:00,773.5,198.25
2024-12-28 19:00:00+00:00,719.5,225.75
2024-12-28 20:00:00+00:00,705.25,230.75
2024-12-28 21:00:00+00:00,854.0,193.75
2024-12-28 22:00:00+00:00,836.25,252.25
2024-12-28 23:00:00+00:00,969.75,309.75
2024-12-29 00:00:00+00:00,892.75,330.25
2024-12-29 01:00:00+00:00,782.5,379.5
2024-12-29 02:00:00+00:00,597.75,410.5
2024-12-29 03:00:00+00:00,370.75,458.0
2024-12-29 04:00:00+00:00,435.5,511.25
2024-12-29 05:00:00+00:00,586.25,518.25
2024-12-29 06:00:00+00:00,592.25,541.0
2024-12-29 07:00:00+00:00,820.5,523.25
2024-12-29 08:00:00+00:00,934.25,632.5
2024-12-29 09:00:00+00:00,997.75,685.0
2024-12-29 10:00:00+00:00,1128.5,709.0
2024-12-29 11:00:00+00:00,1217.5,819.75
2024-12-29 12:00:00+00:00,1520.0,860.5
2024-12-29 13:00:00+00:00,1778.25,960.75
2024-12-29 14:00:00+00:00,1865.0,1123.75
2024-12-29 15:00:00+00:00,2232.75,1178.25
2024-12-29 16:00:00+00:00,2461.0,1258.25
2024-12-29 17:00:00+00:00,2676.0,1360.5
2024-12-29 18:00:00+00:00,2911.25,1475.0
2024-12-29 19:00:00+00:00,2821.5,1563.5
2024-12-29 20:00:00+00:00,2823.75,1491.75
2024-12-29 21:00:00+00:00,2783.75,1544.0
2024-12-29 22:00:00+00:00,2939.75,1628.0
2024-12-29 23:00:00+00:00,3030.0,1789.5
2024-12-30 00:00:00+00:00,3178.75,1850.5
2024-12-30 01:00:00+00:00,3131.75,1770.0
2024-12-30 02:00:00+00:00,3200.5,1748.0
2024-12-30 03:00:00+00:00,3140.0,1681.0
2024-12-30 04:00:00+00:00,3316.5,1634.0
2024-12-30 05:00:00+00:00,3184.75,1676.0
2024-12-30 06:00:00+00:00,3111.75,1609.0
2024-12-30 07:00:00+00:00,3249.75,1637.0
2024-12-30 08:00:00+00:00,3460.75,1671.5
2024-12-30 09:00:00+00:00,3692.0,1716.75
2024-12-30 10:00:00+00:00,3779.75,1854.75
2024-12-30 11:00:00+00:00,3852.25,1998.75
2024-12-30 12:00:00+00:00,3892.5,2096.0
2024-12-30 13:00:00+00:00,3903.5,2136.0
2024-12-30 14:00:00+00:00,3901.25,2159.75
2024-12-30 15:00:00+00:00,3867.5,2131.25
2024-12-30 16:00:00+00:00,3854.5,2150.75
2024-12-30 17:00:00+00:00,3828.5,2161.0
2024-12-30 18:00:00+00:00,3794.25,2207.75
2024-12-30 19:00:00+00:00,3644.5,2209.75
2024-12-30 20:00:00+00:00,3446.5,2127.25
2024-12-30 21:00:00+00:00,3453.75,2046.0
2024-12-30 22:00:00+00:00,3382.5,1972.75
2024-12-30 23:00:00+00:00,3491.25,1780.75
2024-12-31 00:00:00+00:00,3630.0,1751.0
2024-12-31 01:00:00+00:00,3553.0,1670.75
2024-12-31 02:00:00+00:00,3663.5,1736.5
2024-12-31 03:00:00+00:00,3703.75,1608.0
2024-12-31 04:00:00+00:00,3750.25,1696.0
2024-12-31 05:00:00+00:00,3726.5,1780.75
2024-12-31 06:00:00+00:00,3787.5,1893.25
2024-12-31 07:00:00+00:00,3853.0,1972.0
2024-12-31 08:00:00+00:00,3933.0,2052.75
2024-12-31 09:00:00+00:00,3956.75,2186.0
2024-12-31 10:00:00+00:00,3936.5,2233.75
2024-12-31 11:00:00+00:00,3931.75,2214.5
2024-12-31 12:00:00+00:00,3956.0,2223.5
2024-12-31 13:00:00+00:00,3945.0,2332.25
2024-12-31 14:00:00+00:00,3941.25,2409.75
2024-12-31 15:00:00+00:00,3931.25,2430.75
2024-12-31 16:00:00+00:00,3926.25,2459.5
2024-12-31 17:00:00+00:00,3906.0,2477.75
2024-12-31 18:00:00+00:00,3711.0,2476.25
2024-12-31 19:00:00+00:00,3718.0,2507.75
2024-12-31 20:00:00+00:00,3744.5,2511.5
2024-12-31 21:00:00+00:00,3686.75,2463.5
2024-12-31 22:00:00+00:00,3719.25,2443.5
